2026-10-01T06:49:53.4927741Z Current runner version: '2.337.0'
2026-10-01T06:49:53.4951424Z ##[group]Runner Image Provisioner
2026-10-01T06:49:53.4952251Z Hosted Compute Agent
2026-10-01T06:49:53.4953013Z Version: 20260828.587
2026-10-01T06:49:53.4953580Z Commit: abac92662cab4cc7352de4f9f9d2e2419aad9c29
2026-10-01T06:49:53.4954292Z Build Date: 2026-08-28T16:44:25Z
2026-10-01T06:49:53.4954909Z Worker ID: {182ac7d4-8048-4db0-82a4-f9f5081bcdf7}
2026-10-01T06:49:53.4955605Z Azure Region: westus3
2026-10-01T06:49:53.4956188Z ##[endgroup]
2026-10-01T06:49:53.4957655Z ##[group]Operating System
2026-10-01T06:49:53.4958256Z Ubuntu
2026-10-01T06:49:53.4958792Z 24.04.5
2026-10-01T06:49:53.4959243Z LTS
2026-10-01T06:49:53.4959803Z ##[endgroup]
2026-10-01T06:49:53.4960299Z ##[group]Runner Image
2026-10-01T06:49:53.4960870Z Image: ubuntu-24.04
2026-10-01T06:49:53.4961390Z Version: 20260920.314.1
2026-10-01T06:49:53.4962594Z Included Software: https://github.com/actions/runner-images/blob/ubuntu24/20260920.314/images/ubuntu/Ubuntu2404-Readme.md
2026-10-01T06:49:53.4964136Z Image Release: https://github.com/actions/runner-images/releases/tag/ubuntu24%2F20260920.314
2026-10-01T06:49:53.4965023Z ##[endgroup]
2026-10-01T06:49:53.4966106Z ##[group]GITHUB_TOKEN Permissions
2026-10-01T06:49:53.4968581Z Contents: read
2026-10-01T06:49:53.4969120Z Metadata: read
2026-10-01T06:49:53.4969619Z Packages: read
2026-10-01T06:49:53.4970153Z ##[endgroup]
2026-10-01T06:49:53.4972179Z Secret source: Actions
2026-10-01T06:49:53.4973523Z Cache mode: write
2026-10-01T06:49:53.4974181Z Prepare workflow directory
2026-10-01T06:49:53.5488242Z Prepare all required actions
2026-10-01T06:49:53.5536538Z Getting action download info
2026-10-01T06:49:53.8597831Z Download action repository 'actions/checkout@v4' (SHA:11d5960a326750d5838078e36cf38b85af677262)
2026-10-01T06:49:53.9879429Z Download action repository 'actions/setup-go@v5' (SHA:40f1582b2485089dde7abd97c1529aa768e1baff)
2026-10-01T06:49:54.7672314Z Download action repository 'actions/upload-artifact@v7' (SHA:043fb46d1a93c77aae656e7c1c64a875d1fc6a0a)
2026-10-01T06:49:54.9196715Z Complete job name: mixed
2026-10-01T06:49:55.0010545Z ##[group]Run actions/checkout@v4
2026-10-01T06:49:55.0011780Z with:
2026-10-01T06:49:55.0012478Z   repository: AntPAllen/js-wf
2026-10-01T06:49:55.0017457Z   token: ***
2026-10-01T06:49:55.0018138Z   ssh-strict: true
2026-10-01T06:49:55.0018809Z   ssh-user: git
2026-10-01T06:49:55.0019503Z   persist-credentials: true
2026-10-01T06:49:55.0020231Z   clean: true
2026-10-01T06:49:55.0020915Z   sparse-checkout-cone-mode: true
2026-10-01T06:49:55.0021679Z   fetch-depth: 1
2026-10-01T06:49:55.0022355Z   fetch-tags: false
2026-10-01T06:49:55.0023227Z   show-progress: true
2026-10-01T06:49:55.0023930Z   lfs: false
2026-10-01T06:49:55.0024595Z   submodules: false
2026-10-01T06:49:55.0025293Z   set-safe-directory: true
2026-10-01T06:49:55.0026054Z   allow-unsafe-pr-checkout: false
2026-10-01T06:49:55.0027157Z env:
2026-10-01T06:49:55.0027787Z   WF_MIXED_CHAOS: 1
2026-10-01T06:49:55.0028471Z   MIXED_SEEDS: 20
2026-10-01T06:49:55.0029176Z   MIXED_START_SEED: 1
2026-10-01T06:49:55.0029912Z ##[endgroup]
2026-10-01T06:49:55.1040666Z Syncing repository: AntPAllen/js-wf
2026-10-01T06:49:55.1044456Z ##[group]Getting Git version info
2026-10-01T06:49:55.1046053Z Working directory is '/home/runner/work/js-wf/js-wf'
2026-10-01T06:49:55.1048367Z [command]/usr/bin/git version
2026-10-01T06:49:55.1106832Z git version 2.55.0
2026-10-01T06:49:55.1127045Z ##[endgroup]
2026-10-01T06:49:55.1141963Z Temporarily overriding HOME='/home/runner/work/_temp/cea46510-3410-48a7-a70e-2380e77a3da2' before making global git config changes
2026-10-01T06:49:55.1145257Z Adding repository directory to the temporary git global config as a safe directory
2026-10-01T06:49:55.1147982Z [command]/usr/bin/git config --global --add safe.directory /home/runner/work/js-wf/js-wf
2026-10-01T06:49:55.1209117Z Deleting the contents of '/home/runner/work/js-wf/js-wf'
2026-10-01T06:49:55.1211703Z ##[group]Initializing the repository
2026-10-01T06:49:55.1213507Z [command]/usr/bin/git init /home/runner/work/js-wf/js-wf
2026-10-01T06:49:55.1289417Z hint: Using 'master' as the name for the initial branch. This default branch name
2026-10-01T06:49:55.1292494Z hint: will change to "main" in Git 3.0. To configure the initial branch name
2026-10-01T06:49:55.1299313Z hint: to use in all of your new repositories, which will suppress this warning,
2026-10-01T06:49:55.1306669Z hint: call:
2026-10-01T06:49:55.1307806Z hint:
2026-10-01T06:49:55.1309119Z hint: 	git config --global init.defaultBranch <name>
2026-10-01T06:49:55.1310599Z hint:
2026-10-01T06:49:55.1312019Z hint: Names commonly chosen instead of 'master' are 'main', 'trunk' and
2026-10-01T06:49:55.1314435Z hint: 'development'. The just-created branch can be renamed via this command:
2026-10-01T06:49:55.1316212Z hint:
2026-10-01T06:49:55.1317266Z hint: 	git branch -m <name>
2026-10-01T06:49:55.1318468Z hint:
2026-10-01T06:49:55.1320004Z hint: Disable this message with "git config set advice.defaultBranchName false"
2026-10-01T06:49:55.1322319Z Initialized empty Git repository in /home/runner/work/js-wf/js-wf/.git/
2026-10-01T06:49:55.1326215Z [command]/usr/bin/git remote add origin https://github.com/AntPAllen/js-wf
2026-10-01T06:49:55.1342764Z ##[endgroup]
2026-10-01T06:49:55.1344682Z ##[group]Disabling automatic garbage collection
2026-10-01T06:49:55.1347032Z [command]/usr/bin/git config --local gc.auto 0
2026-10-01T06:49:55.1377548Z ##[endgroup]
2026-10-01T06:49:55.1379642Z ##[group]Setting up auth
2026-10-01T06:49:55.1383879Z [command]/usr/bin/git config --local --name-only --get-regexp core\.sshCommand
2026-10-01T06:49:55.1413337Z [command]/usr/bin/git submodule foreach --recursive sh -c "git config --local --name-only --get-regexp 'core\.sshCommand' && git config --local --unset-all 'core.sshCommand' || :"
2026-10-01T06:49:55.1754745Z [command]/usr/bin/git config --local --name-only --get-regexp http\.https\:\/\/github\.com\/\.extraheader
2026-10-01T06:49:55.1788098Z [command]/usr/bin/git submodule foreach --recursive sh -c "git config --local --name-only --get-regexp 'http\.https\:\/\/github\.com\/\.extraheader' && git config --local --unset-all 'http.https://github.com/.extraheader' || :"
2026-10-01T06:49:55.2000202Z [command]/usr/bin/git config --local --name-only --get-regexp ^includeIf\.gitdir:
2026-10-01T06:49:55.2032498Z [command]/usr/bin/git submodule foreach --recursive git config --local --show-origin --name-only --get-regexp remote.origin.url
2026-10-01T06:49:55.2213262Z [command]/usr/bin/git config --local http.https://github.com/.extraheader AUTHORIZATION: basic ***
2026-10-01T06:49:55.2246530Z ##[endgroup]
2026-10-01T06:49:55.2248499Z ##[group]Fetching the repository
2026-10-01T06:49:55.2257962Z [command]/usr/bin/git -c protocol.version=2 fetch --no-tags --prune --no-recurse-submodules --depth=1 origin +a8064ac7a9a9ad4b1266afee946c3e4946f1491a:refs/remotes/origin/main
2026-10-01T06:49:57.9131980Z From https://github.com/AntPAllen/js-wf
2026-10-01T06:49:57.9133939Z  * [new ref]         a8064ac7a9a9ad4b1266afee946c3e4946f1491a -> origin/main
2026-10-01T06:49:57.9136630Z ##[endgroup]
2026-10-01T06:49:57.9137403Z ##[group]Determining the checkout info
2026-10-01T06:49:57.9138174Z ##[endgroup]
2026-10-01T06:49:57.9146184Z [command]/usr/bin/git sparse-checkout disable
2026-10-01T06:49:57.9187779Z [command]/usr/bin/git config --local --unset-all extensions.worktreeConfig
2026-10-01T06:49:57.9213660Z ##[group]Checking out the ref
2026-10-01T06:49:57.9218456Z [command]/usr/bin/git checkout --progress --force -B main refs/remotes/origin/main
2026-10-01T06:49:58.0925605Z Switched to a new branch 'main'
2026-10-01T06:49:58.0927364Z branch 'main' set up to track 'origin/main'.
2026-10-01T06:49:58.0942080Z ##[endgroup]
2026-10-01T06:49:58.0982485Z [command]/usr/bin/git log -1 --format=%H
2026-10-01T06:49:58.1004014Z a8064ac7a9a9ad4b1266afee946c3e4946f1491a
2026-10-01T06:49:58.1222471Z ##[group]Run actions/setup-go@v5
2026-10-01T06:49:58.1223079Z with:
2026-10-01T06:49:58.1223370Z   go-version-file: go.mod
2026-10-01T06:49:58.1223895Z   check-latest: false
2026-10-01T06:49:58.1226971Z   token: ***
2026-10-01T06:49:58.1227254Z   cache: true
2026-10-01T06:49:58.1227503Z env:
2026-10-01T06:49:58.1227757Z   WF_MIXED_CHAOS: 1
2026-10-01T06:49:58.1228017Z   MIXED_SEEDS: 20
2026-10-01T06:49:58.1228282Z   MIXED_START_SEED: 1
2026-10-01T06:49:58.1228544Z ##[endgroup]
2026-10-01T06:49:58.2555567Z Setup go version spec 1.27.1
2026-10-01T06:49:58.2564890Z Attempting to download 1.27.1...
2026-10-01T06:49:58.2671009Z (node:2177) [DEP0040] DeprecationWarning: The `punycode` module is deprecated. Please use a userland alternative instead.
2026-10-01T06:49:58.2672243Z (Use `node --trace-deprecation ...` to show where the warning was created)
2026-10-01T06:49:59.2019090Z matching 1.27.1...
2026-10-01T06:49:59.2041782Z Acquiring 1.27.1 from https://github.com/actions/go-versions/releases/download/1.27.1-33583469715/go-1.27.1-linux-x64.tar.gz
2026-10-01T06:49:59.7495144Z Extracting Go...
2026-10-01T06:49:59.7619517Z [command]/usr/bin/tar xz --warning=no-unknown-keyword --overwrite -C /home/runner/work/_temp/45efd29e-bd1d-4d7a-8e6b-b3e4334785f9 -f /home/runner/work/_temp/6f42e643-e56f-475a-ac92-6a3933385bd5
2026-10-01T06:50:01.2986773Z Successfully extracted go to /home/runner/work/_temp/45efd29e-bd1d-4d7a-8e6b-b3e4334785f9
2026-10-01T06:50:01.2987324Z Adding to the cache ...
2026-10-01T06:50:06.5176632Z Successfully cached go to /opt/hostedtoolcache/go/1.27.1/x64
2026-10-01T06:50:06.5178609Z Added go to the path
2026-10-01T06:50:06.5181572Z Successfully set up Go version 1.27.1
2026-10-01T06:50:06.5380052Z [command]/opt/hostedtoolcache/go/1.27.1/x64/bin/go env GOMODCACHE
2026-10-01T06:50:06.5408138Z [command]/opt/hostedtoolcache/go/1.27.1/x64/bin/go env GOCACHE
2026-10-01T06:50:06.5440849Z /home/runner/go/pkg/mod
2026-10-01T06:50:06.5473099Z /home/runner/.cache/go-build
2026-10-01T06:50:06.7561550Z Cache hit for: setup-go-Linux-x64-ubuntu24-go-1.27.1-487c2eade748c1cfcd01caf54d154b8f65df65b05311c1ecee4b42fdda97ee43
2026-10-01T06:50:06.7696669Z (node:2177) [DEP0169] DeprecationWarning: `url.parse()` behavior is not standardized and prone to errors that have security implications. Use the WHATWG URL API instead. CVEs are not issued for `url.parse()` vulnerabilities.
2026-10-01T06:50:07.9702048Z Received 37748736 of 189957878 (19.9%), 36.0 MBs/sec
2026-10-01T06:50:08.9942974Z Received 189957878 of 189957878 (100.0%), 89.8 MBs/sec
2026-10-01T06:50:08.9943990Z Cache Size: ~181 MB (189957878 B)
2026-10-01T06:50:08.9989994Z [command]/usr/bin/tar -xf /home/runner/work/_temp/193da8b6-e974-4a27-9296-ead9d8595187/cache.tzst -P -C /home/runner/work/js-wf/js-wf --use-compress-program unzstd
2026-10-01T06:50:09.6401675Z Cache restored successfully
2026-10-01T06:50:09.6471869Z Cache restored from key: setup-go-Linux-x64-ubuntu24-go-1.27.1-487c2eade748c1cfcd01caf54d154b8f65df65b05311c1ecee4b42fdda97ee43
2026-10-01T06:50:09.6496631Z go version go1.27.1 linux/amd64
2026-10-01T06:50:09.6496843Z 
2026-10-01T06:50:09.6497139Z ##[group]go env
2026-10-01T06:50:09.6604345Z AR='ar'
2026-10-01T06:50:09.6604800Z CC='gcc'
2026-10-01T06:50:09.6605100Z CGO_CFLAGS='-O2 -g'
2026-10-01T06:50:09.6605342Z CGO_CPPFLAGS=''
2026-10-01T06:50:09.6605561Z CGO_CXXFLAGS='-O2 -g'
2026-10-01T06:50:09.6605795Z CGO_ENABLED='1'
2026-10-01T06:50:09.6606000Z CGO_FFLAGS='-O2 -g'
2026-10-01T06:50:09.6606217Z CGO_LDFLAGS='-O2 -g'
2026-10-01T06:50:09.6606434Z CXX='g++'
2026-10-01T06:50:09.6606634Z GCCGO='gccgo'
2026-10-01T06:50:09.6606842Z GO111MODULE=''
2026-10-01T06:50:09.6607043Z GOAMD64='v1'
2026-10-01T06:50:09.6607250Z GOARCH='amd64'
2026-10-01T06:50:09.6607451Z GOAUTH='netrc'
2026-10-01T06:50:09.6607673Z GOBIN='/home/runner/go/bin'
2026-10-01T06:50:09.6607942Z GOCACHE='/home/runner/.cache/go-build'
2026-10-01T06:50:09.6608217Z GOCACHEPROG=''
2026-10-01T06:50:09.6608417Z GODEBUG=''
2026-10-01T06:50:09.6608920Z GOENV='/home/runner/.config/go/env'
2026-10-01T06:50:09.6609189Z GOEXE=''
2026-10-01T06:50:09.6609383Z GOEXPERIMENT=''
2026-10-01T06:50:09.6609607Z GOFIPS140='off'
2026-10-01T06:50:09.6609807Z GOFLAGS=''
2026-10-01T06:50:09.6610579Z GOGCCFLAGS='-fPIC -m64 -pthread -Wl,--no-gc-sections -fmessage-length=0 -ffile-prefix-map=/tmp/go-build506111318=/tmp/go-build -gno-record-gcc-switches'
2026-10-01T06:50:09.6611226Z GOHOSTARCH='amd64'
2026-10-01T06:50:09.6611440Z GOHOSTOS='linux'
2026-10-01T06:50:09.6611648Z GOINSECURE=''
2026-10-01T06:50:09.6611890Z GOMOD='/home/runner/work/js-wf/js-wf/go.mod'
2026-10-01T06:50:09.6612205Z GOMODCACHE='/home/runner/go/pkg/mod'
2026-10-01T06:50:09.6612466Z GONOPROXY=''
2026-10-01T06:50:09.6612858Z GONOSUMDB=''
2026-10-01T06:50:09.6613128Z GOOS='linux'
2026-10-01T06:50:09.6613340Z GOPACKAGESDRIVER=''
2026-10-01T06:50:09.6613575Z GOPATH='/home/runner/go'
2026-10-01T06:50:09.6613811Z GOPRIVATE=''
2026-10-01T06:50:09.6614083Z GOPROXY='https://proxy.golang.org,direct'
2026-10-01T06:50:09.6614425Z GOROOT='/opt/hostedtoolcache/go/1.27.1/x64'
2026-10-01T06:50:09.6614728Z GOSUMDB='sum.golang.org'
2026-10-01T06:50:09.6614966Z GOTELEMETRY='local'
2026-10-01T06:50:09.6615239Z GOTELEMETRYDIR='/home/runner/.config/go/telemetry'
2026-10-01T06:50:09.6615565Z GOTMPDIR=''
2026-10-01T06:50:09.6615771Z GOTOOLCHAIN='auto'
2026-10-01T06:50:09.6616086Z GOTOOLDIR='/opt/hostedtoolcache/go/1.27.1/x64/pkg/tool/linux_amd64'
2026-10-01T06:50:09.6616444Z GOVCS=''
2026-10-01T06:50:09.6616654Z GOVERSION='go1.27.1'
2026-10-01T06:50:09.6616870Z GOWORK=''
2026-10-01T06:50:09.6617079Z PKG_CONFIG='pkg-config'
2026-10-01T06:50:09.6617298Z 
2026-10-01T06:50:09.6617646Z ##[endgroup]
2026-10-01T06:50:09.6758058Z ##[group]Run if ! command -v strace >/dev/null 2>&1; then
2026-10-01T06:50:09.6758575Z [36;1mif ! command -v strace >/dev/null 2>&1; then[0m
2026-10-01T06:50:09.6758908Z [36;1m  sudo apt-get update -qq[0m
2026-10-01T06:50:09.6759190Z [36;1m  sudo apt-get install -y strace[0m
2026-10-01T06:50:09.6759472Z [36;1mfi[0m
2026-10-01T06:50:09.6759762Z [36;1mif test -f /proc/sys/kernel/yama/ptrace_scope; then[0m
2026-10-01T06:50:09.6760155Z [36;1m  sudo sysctl -w kernel.yama.ptrace_scope=0[0m
2026-10-01T06:50:09.6760454Z [36;1mfi[0m
2026-10-01T06:50:09.6948941Z shell: /usr/bin/bash -e {0}
2026-10-01T06:50:09.6949245Z env:
2026-10-01T06:50:09.6949454Z   WF_MIXED_CHAOS: 1
2026-10-01T06:50:09.6949665Z   MIXED_SEEDS: 20
2026-10-01T06:50:09.6949879Z   MIXED_START_SEED: 1
2026-10-01T06:50:09.6950145Z ##[endgroup]
2026-10-01T06:50:09.7087198Z kernel.yama.ptrace_scope = 0
2026-10-01T06:50:09.7124284Z ##[group]Run if ! [[ "$MIXED_START_SEED" =~ ^[1-9][0-9]*$ ]]; then
2026-10-01T06:50:09.7124727Z [36;1mif ! [[ "$MIXED_START_SEED" =~ ^[1-9][0-9]*$ ]]; then[0m
2026-10-01T06:50:09.7125106Z [36;1m  echo "start_seed must be a positive integer" >&2[0m
2026-10-01T06:50:09.7125414Z [36;1m  exit 1[0m
2026-10-01T06:50:09.7125612Z [36;1mfi[0m
2026-10-01T06:50:09.7125875Z [36;1mlast_seed=$((MIXED_START_SEED + MIXED_SEEDS - 1))[0m
2026-10-01T06:50:09.7126262Z [36;1mfor seed in $(seq "$MIXED_START_SEED" "$last_seed"); do[0m
2026-10-01T06:50:09.7126685Z [36;1m  echo "Mixed workflow seed $seed ($MIXED_START_SEED..$last_seed)"[0m
2026-10-01T06:50:09.7127530Z [36;1m  FAULT_SEED="$seed" FAULT_SCHEDULE_OUT="mixed-four-faults-${seed}.json" go test ./integration -run '^TestMixedWorkflowsRecoverFromFourServerFaults$' -count=1 -timeout=5m -v[0m
2026-10-01T06:50:09.7128225Z [36;1mdone[0m
2026-10-01T06:50:09.7168509Z shell: /usr/bin/bash -e {0}
2026-10-01T06:50:09.7168781Z env:
2026-10-01T06:50:09.7169033Z   WF_MIXED_CHAOS: 1
2026-10-01T06:50:09.7169250Z   MIXED_SEEDS: 20
2026-10-01T06:50:09.7169451Z   MIXED_START_SEED: 1
2026-10-01T06:50:09.7169664Z ##[endgroup]
2026-10-01T06:50:09.7336964Z Mixed workflow seed 1 (1..20)
2026-10-01T06:50:16.3606719Z === RUN   TestMixedWorkflowsRecoverFromFourServerFaults
2026-10-01T06:50:22.6086136Z     mixed_process_chaos_test.go:516: FAULT_SEED=1 FAULT_SCHEDULE=mixed-four-faults-1.json
2026-10-01T06:50:38.4527461Z     mixed_process_chaos_test.go:692: post-heal signal repair inspected=32 reenqueued=32
2026-10-01T06:50:39.1554467Z     mixed_process_chaos_test.go:704: mixed recovery type=mixedshort id=mixed-03-0 latency=4.375657576s
2026-10-01T06:50:39.1556157Z     mixed_process_chaos_test.go:704: mixed recovery type=mixedshort id=mixed-00-0 latency=4.375816669s
2026-10-01T06:50:39.1563452Z     mixed_process_chaos_test.go:704: mixed recovery type=mixedshort id=mixed-05-0 latency=4.376892103s
2026-10-01T06:50:39.5713525Z     mixed_process_chaos_test.go:704: mixed recovery type=mixedtimer id=mixed-04-0 latency=4.796905553s
2026-10-01T06:50:39.5714969Z     mixed_process_chaos_test.go:704: mixed recovery type=mixedtimer id=mixed-02-0 latency=4.796960905s
2026-10-01T06:50:39.5718759Z     mixed_process_chaos_test.go:704: mixed recovery type=mixedtimer id=mixed-07-0 latency=4.797546694s
2026-10-01T06:50:39.7194502Z     mixed_process_chaos_test.go:704: mixed recovery type=mixedshort id=mixed-06-0 latency=4.939963466s
2026-10-01T06:50:41.8195385Z     mixed_process_chaos_test.go:704: mixed recovery type=mixedsignal id=mixed-01-0 latency=4.421390929s
2026-10-01T06:50:41.8196809Z     mixed_process_chaos_test.go:704: mixed recovery type=mixedsignal id=mixed-08-0 latency=3.498149663s
2026-10-01T06:50:47.2196139Z     mixed_process_chaos_test.go:704: mixed recovery type=mixedfanout id=mixed-09-0 latency=12.445356656s
2026-10-01T06:50:47.2207730Z     mixed_process_chaos_test.go:709: mixed provisional result observation: p99=12.445356656s max=12.445356656s (fan-out parent still measured from quorum)
2026-10-01T06:50:47.2770429Z     mixed_process_chaos_test.go:749: restarted node WF_JRN ready in 1.300828ms after 1 attempts
2026-10-01T06:50:47.2873641Z     mixed_process_chaos_test.go:825: restarted node terminal type=mixedshort id=mixed-00-0 audit=9.995722ms
2026-10-01T06:50:47.2875092Z     mixed_process_chaos_test.go:825: restarted node terminal type=mixedsignal id=mixed-01-0 audit=7.291482ms
2026-10-01T06:50:47.2876388Z     mixed_process_chaos_test.go:825: restarted node terminal type=mixedtimer id=mixed-02-0 audit=7.836076ms
2026-10-01T06:50:47.2877674Z     mixed_process_chaos_test.go:825: restarted node terminal type=mixedshort id=mixed-03-0 audit=9.297824ms
2026-10-01T06:50:47.2878895Z     mixed_process_chaos_test.go:825: restarted node terminal type=mixedtimer id=mixed-04-0 audit=9.058237ms
2026-10-01T06:50:47.2880084Z     mixed_process_chaos_test.go:825: restarted node terminal type=mixedshort id=mixed-05-0 audit=9.099279ms
2026-10-01T06:50:47.2881590Z     mixed_process_chaos_test.go:825: restarted node terminal type=mixedshort id=mixed-06-0 audit=8.838741ms
2026-10-01T06:50:47.2882870Z     mixed_process_chaos_test.go:825: restarted node terminal type=mixedtimer id=mixed-07-0 audit=7.807388ms
2026-10-01T06:50:47.2884154Z     mixed_process_chaos_test.go:825: restarted node terminal type=mixedsignal id=mixed-08-0 audit=8.984329ms
2026-10-01T06:50:47.2885513Z     mixed_process_chaos_test.go:825: restarted node terminal type=mixedfanout id=mixed-09-0 audit=9.089929ms
2026-10-01T06:50:47.2887032Z     mixed_process_chaos_test.go:836: restarted node child id=c-2c0427b405f6e5cf41a7a5dd2529625c audit=9.071608ms
2026-10-01T06:50:47.2888546Z     mixed_process_chaos_test.go:836: restarted node child id=c-61a693bbe622d9d1cff620a5ba2cda7f audit=10.195343ms
2026-10-01T06:50:47.2890066Z     mixed_process_chaos_test.go:836: restarted node child id=c-3e3e4c70156e3fee9852004ca5949da3 audit=8.728835ms
2026-10-01T06:50:47.2891425Z     mixed_process_chaos_test.go:836: restarted node child id=c-2d7fcc22d483fcf51ba57e3b2077e464 audit=9.114592ms
2026-10-01T06:50:47.2893012Z     mixed_process_chaos_test.go:836: restarted node child id=c-1eaf330c748a119ebeda4a23d05429de audit=10.142644ms
2026-10-01T06:50:47.2894092Z     mixed_process_chaos_test.go:836: restarted node child id=c-708e303ec63ebd5c030bc9ab47ec7aac audit=9.086027ms
2026-10-01T06:50:47.2895490Z     mixed_process_chaos_test.go:843: restarted node grandchild id=c-425aa24102bf9165ef736361fbbfbb9e audit=10.11452ms
2026-10-01T06:50:47.2897742Z     mixed_process_chaos_test.go:843: restarted node grandchild id=c-81df727d0b247de4898e89bde451172f audit=9.082064ms
2026-10-01T06:50:47.2899181Z     mixed_process_chaos_test.go:843: restarted node grandchild id=c-8129cf1d1fd8e3a209b19b528165f4df audit=10.123722ms
2026-10-01T06:50:47.2900924Z     mixed_process_chaos_test.go:843: restarted node grandchild id=c-26514356ab5a5acbf20ad5ce3acc8168 audit=9.280479ms
2026-10-01T06:50:47.2902503Z     mixed_process_chaos_test.go:843: restarted node grandchild id=c-a879b3a6c93c88e46e7761b1e78637a2 audit=10.085442ms
2026-10-01T06:50:47.2904269Z     mixed_process_chaos_test.go:843: restarted node grandchild id=c-535b8aa9db45ad629d92ad1b11208e82 audit=9.299636ms
2026-10-01T06:50:47.2905785Z     mixed_process_chaos_test.go:843: restarted node grandchild id=c-ce30b309161f5923793aaf2cbc016d4e audit=6.933979ms
2026-10-01T06:50:47.2907857Z     mixed_process_chaos_test.go:843: restarted node grandchild id=c-e1b3e514a9d31e1c0ae0fcf9d9dcde03 audit=8.675054ms
2026-10-01T06:50:47.2909282Z     mixed_process_chaos_test.go:843: restarted node grandchild id=c-bb5f73df9b542dac375d03b4ea875933 audit=8.670549ms
2026-10-01T06:50:47.2911166Z     mixed_process_chaos_test.go:843: restarted node grandchild id=c-01365f6a38e7c1ac2db485fc10fda086 audit=9.072256ms
2026-10-01T06:50:47.2913265Z     mixed_process_chaos_test.go:843: restarted node grandchild id=c-a44599fc4037c49e5e71abfb8f6d759c audit=8.972782ms
2026-10-01T06:50:47.2914708Z     mixed_process_chaos_test.go:843: restarted node grandchild id=c-e14a2648bb4377e8830f7b0584cfd294 audit=9.310563ms
2026-10-01T06:50:47.2916308Z     mixed_process_chaos_test.go:871: survivor node 1 WF_SIG ready in 525.784µs after 1 attempts
2026-10-01T06:50:47.2917372Z     mixed_process_chaos_test.go:894: mixed terminal type=mixedshort id=mixed-00-0 latency=4.060536645s
2026-10-01T06:50:47.2918663Z     mixed_process_chaos_test.go:894: mixed terminal type=mixedsignal id=mixed-01-0 latency=4.351413887s
2026-10-01T06:50:47.2919924Z     mixed_process_chaos_test.go:894: mixed terminal type=mixedtimer id=mixed-02-0 latency=4.736242004s
2026-10-01T06:50:47.2921189Z     mixed_process_chaos_test.go:894: mixed terminal type=mixedshort id=mixed-03-0 latency=4.059994214s
2026-10-01T06:50:47.2922581Z     mixed_process_chaos_test.go:894: mixed terminal type=mixedtimer id=mixed-04-0 latency=4.736252103s
2026-10-01T06:50:47.2923671Z     mixed_process_chaos_test.go:894: mixed terminal type=mixedshort id=mixed-05-0 latency=4.060517377s
2026-10-01T06:50:47.2925036Z     mixed_process_chaos_test.go:894: mixed terminal type=mixedshort id=mixed-06-0 latency=4.911784742s
2026-10-01T06:50:47.2926276Z     mixed_process_chaos_test.go:894: mixed terminal type=mixedtimer id=mixed-07-0 latency=4.736259461s
2026-10-01T06:50:47.2927453Z     mixed_process_chaos_test.go:894: mixed terminal type=mixedsignal id=mixed-08-0 latency=3.48078245s
2026-10-01T06:50:47.2928620Z     mixed_process_chaos_test.go:894: mixed terminal type=mixedfanout id=mixed-09-0 latency=694.16807ms
2026-10-01T06:50:47.2929716Z     mixed_process_chaos_test.go:909: mixed terminal type=mixedchild id=c-2c0427b405f6e5cf41a7a5dd2529625c latency=369.373113ms
2026-10-01T06:50:47.2932043Z     mixed_process_chaos_test.go:909: mixed terminal type=mixedchild id=c-61a693bbe622d9d1cff620a5ba2cda7f latency=1.551974742s
2026-10-01T06:50:47.2934185Z     mixed_process_chaos_test.go:909: mixed terminal type=mixedchild id=c-3e3e4c70156e3fee9852004ca5949da3 latency=351.965153ms
2026-10-01T06:50:47.2935624Z     mixed_process_chaos_test.go:909: mixed terminal type=mixedchild id=c-2d7fcc22d483fcf51ba57e3b2077e464 latency=1.098146824s
2026-10-01T06:50:47.2937039Z     mixed_process_chaos_test.go:909: mixed terminal type=mixedchild id=c-1eaf330c748a119ebeda4a23d05429de latency=742.160733ms
2026-10-01T06:50:47.2938486Z     mixed_process_chaos_test.go:909: mixed terminal type=mixedchild id=c-708e303ec63ebd5c030bc9ab47ec7aac latency=663.938243ms
2026-10-01T06:50:47.2939797Z     mixed_process_chaos_test.go:917: mixed terminal type=mixedgrandchild id=c-425aa24102bf9165ef736361fbbfbb9e latency=7.810908986s
2026-10-01T06:50:47.2941198Z     mixed_process_chaos_test.go:917: mixed terminal type=mixedgrandchild id=c-81df727d0b247de4898e89bde451172f latency=9.31336458s
2026-10-01T06:50:47.2943118Z     mixed_process_chaos_test.go:917: mixed terminal type=mixedgrandchild id=c-8129cf1d1fd8e3a209b19b528165f4df latency=4.550350199s
2026-10-01T06:50:47.2944659Z     mixed_process_chaos_test.go:917: mixed terminal type=mixedgrandchild id=c-26514356ab5a5acbf20ad5ce3acc8168 latency=9.251808347s
2026-10-01T06:50:47.2945929Z     mixed_process_chaos_test.go:917: mixed terminal type=mixedgrandchild id=c-a879b3a6c93c88e46e7761b1e78637a2 latency=4.313306483s
2026-10-01T06:50:47.2947602Z     mixed_process_chaos_test.go:917: mixed terminal type=mixedgrandchild id=c-535b8aa9db45ad629d92ad1b11208e82 latency=11.333658401s
2026-10-01T06:50:47.2949126Z     mixed_process_chaos_test.go:917: mixed terminal type=mixedgrandchild id=c-ce30b309161f5923793aaf2cbc016d4e latency=4.119448309s
2026-10-01T06:50:47.2950642Z     mixed_process_chaos_test.go:917: mixed terminal type=mixedgrandchild id=c-e1b3e514a9d31e1c0ae0fcf9d9dcde03 latency=4.119452516s
2026-10-01T06:50:47.2952267Z     mixed_process_chaos_test.go:917: mixed terminal type=mixedgrandchild id=c-bb5f73df9b542dac375d03b4ea875933 latency=7.40189926s
2026-10-01T06:50:47.2954116Z     mixed_process_chaos_test.go:917: mixed terminal type=mixedgrandchild id=c-01365f6a38e7c1ac2db485fc10fda086 latency=9.313355227s
2026-10-01T06:50:47.2955627Z     mixed_process_chaos_test.go:917: mixed terminal type=mixedgrandchild id=c-a44599fc4037c49e5e71abfb8f6d759c latency=7.146594531s
2026-10-01T06:50:47.2957141Z     mixed_process_chaos_test.go:917: mixed terminal type=mixedgrandchild id=c-e14a2648bb4377e8830f7b0584cfd294 latency=6.67904282s
2026-10-01T06:50:47.2958575Z     mixed_process_chaos_test.go:921: mixed terminal p99 from last enabling event=11.333658401s across 28 invocations
2026-10-01T06:50:47.2964177Z     mixed_process_chaos_test.go:922: mixed workers before={LeaseAcquisitions:41 LeaseContentions:60 LeaseAcquireFailures:4 FencingEvents:4 HandoffEnqueues:4 Redeliveries:28 EnqueueToLeaseSamples:41 EnqueueToLeaseTotal:2m43.502231068s EnqueueToLeaseMaximum:22.514110568s EnqueueToLeaseBuckets:[10 13 1 15 2 0] TimersScheduled:24 TimersFired:0 TimerLateTotal:0s TimerLateMaximum:0s TimerLateBuckets:[0 0 0 0 0 0] CancelledTimerNoOps:0} after={LeaseAcquisitions:44 LeaseContentions:19 LeaseAcquireFailures:5 FencingEvents:0 HandoffEnqueues:0 Redeliveries:39 EnqueueToLeaseSamples:44 EnqueueToLeaseTotal:6m28.279504106s EnqueueToLeaseMaximum:23.291838185s EnqueueToLeaseBuckets:[1 10 3 16 14 0] TimersScheduled:0 TimersFired:24 TimerLateTotal:1m3.101460973s TimerLateMaximum:2.7585429s TimerLateBuckets:[0 0 0 24 0 0] CancelledTimerNoOps:0}
2026-10-01T06:50:50.2459738Z --- PASS: TestMixedWorkflowsRecoverFromFourServerFaults (33.89s)
2026-10-01T06:50:50.2460530Z PASS
2026-10-01T06:50:50.2471091Z ok  	js-wf/integration	33.891s
2026-10-01T06:50:50.2628993Z Mixed workflow seed 2 (1..20)
2026-10-01T06:50:50.9753304Z === RUN   TestMixedWorkflowsRecoverFromFourServerFaults
2026-10-01T06:50:56.7280340Z     mixed_process_chaos_test.go:516: FAULT_SEED=2 FAULT_SCHEDULE=mixed-four-faults-2.json
2026-10-01T06:51:19.0309268Z     mixed_process_chaos_test.go:692: post-heal signal repair inspected=45 reenqueued=6
2026-10-01T06:51:19.0310425Z     mixed_process_chaos_test.go:704: mixed recovery type=mixedshort id=mixed-08-0 latency=1.365735587s
2026-10-01T06:51:19.0311682Z     mixed_process_chaos_test.go:704: mixed recovery type=mixedshort id=mixed-07-0 latency=1.365746316s
2026-10-01T06:51:19.0313058Z     mixed_process_chaos_test.go:704: mixed recovery type=mixedshort id=mixed-05-0 latency=1.365762854s
2026-10-01T06:51:19.0314283Z     mixed_process_chaos_test.go:704: mixed recovery type=mixedtimer id=mixed-02-0 latency=4.082092472s
2026-10-01T06:51:19.0315530Z     mixed_process_chaos_test.go:704: mixed recovery type=mixedtimer id=mixed-00-0 latency=4.278267624s
2026-10-01T06:51:19.0316929Z     mixed_process_chaos_test.go:704: mixed recovery type=mixedtimer id=mixed-04-0 latency=4.983038133s
2026-10-01T06:51:19.0319491Z     mixed_process_chaos_test.go:704: mixed recovery type=mixedshort id=mixed-03-0 latency=5.80105411s
2026-10-01T06:51:19.0321779Z     mixed_process_chaos_test.go:704: mixed recovery type=mixedsignal id=mixed-01-0 latency=5.343368974s
2026-10-01T06:51:20.0296820Z     mixed_process_chaos_test.go:704: mixed recovery type=mixedsignal id=mixed-06-0 latency=4.769686231s
2026-10-01T06:51:25.1523184Z     mixed_process_chaos_test.go:704: mixed recovery type=mixedfanout id=mixed-09-0 latency=16.179428772s
2026-10-01T06:51:25.1524711Z     mixed_process_chaos_test.go:709: mixed provisional result observation: p99=16.179428772s max=16.179428772s (fan-out parent still measured from quorum)
2026-10-01T06:51:25.2081667Z     mixed_process_chaos_test.go:749: restarted node WF_JRN ready in 1.289771ms after 1 attempts
2026-10-01T06:51:25.2169230Z     mixed_process_chaos_test.go:825: restarted node terminal type=mixedtimer id=mixed-00-0 audit=8.151411ms
2026-10-01T06:51:25.2170537Z     mixed_process_chaos_test.go:825: restarted node terminal type=mixedsignal id=mixed-01-0 audit=8.081528ms
2026-10-01T06:51:25.2171764Z     mixed_process_chaos_test.go:825: restarted node terminal type=mixedtimer id=mixed-02-0 audit=7.789406ms
2026-10-01T06:51:25.2173182Z     mixed_process_chaos_test.go:825: restarted node terminal type=mixedshort id=mixed-03-0 audit=8.370899ms
2026-10-01T06:51:25.2174448Z     mixed_process_chaos_test.go:825: restarted node terminal type=mixedtimer id=mixed-04-0 audit=8.76463ms
2026-10-01T06:51:25.2175826Z     mixed_process_chaos_test.go:825: restarted node terminal type=mixedshort id=mixed-05-0 audit=8.006085ms
2026-10-01T06:51:25.2177207Z     mixed_process_chaos_test.go:825: restarted node terminal type=mixedsignal id=mixed-06-0 audit=8.024206ms
2026-10-01T06:51:25.2178577Z     mixed_process_chaos_test.go:825: restarted node terminal type=mixedshort id=mixed-07-0 audit=7.972876ms
2026-10-01T06:51:25.2179940Z     mixed_process_chaos_test.go:825: restarted node terminal type=mixedshort id=mixed-08-0 audit=8.383288ms
2026-10-01T06:51:25.2181121Z     mixed_process_chaos_test.go:825: restarted node terminal type=mixedfanout id=mixed-09-0 audit=8.727337ms
2026-10-01T06:51:25.2182480Z     mixed_process_chaos_test.go:836: restarted node child id=c-2c0427b405f6e5cf41a7a5dd2529625c audit=8.290282ms
2026-10-01T06:51:25.2184362Z     mixed_process_chaos_test.go:836: restarted node child id=c-61a693bbe622d9d1cff620a5ba2cda7f audit=8.313686ms
2026-10-01T06:51:25.2185771Z     mixed_process_chaos_test.go:836: restarted node child id=c-3e3e4c70156e3fee9852004ca5949da3 audit=8.675616ms
2026-10-01T06:51:25.2187177Z     mixed_process_chaos_test.go:836: restarted node child id=c-2d7fcc22d483fcf51ba57e3b2077e464 audit=8.03258ms
2026-10-01T06:51:25.2188578Z     mixed_process_chaos_test.go:836: restarted node child id=c-1eaf330c748a119ebeda4a23d05429de audit=8.06447ms
2026-10-01T06:51:25.2189570Z     mixed_process_chaos_test.go:836: restarted node child id=c-708e303ec63ebd5c030bc9ab47ec7aac audit=7.99534ms
2026-10-01T06:51:25.2190657Z     mixed_process_chaos_test.go:843: restarted node grandchild id=c-425aa24102bf9165ef736361fbbfbb9e audit=6.892706ms
2026-10-01T06:51:25.2191902Z     mixed_process_chaos_test.go:843: restarted node grandchild id=c-81df727d0b247de4898e89bde451172f audit=8.679106ms
2026-10-01T06:51:25.2193377Z     mixed_process_chaos_test.go:843: restarted node grandchild id=c-8129cf1d1fd8e3a209b19b528165f4df audit=8.032253ms
2026-10-01T06:51:25.2194387Z     mixed_process_chaos_test.go:843: restarted node grandchild id=c-26514356ab5a5acbf20ad5ce3acc8168 audit=8.65256ms
2026-10-01T06:51:25.2195350Z     mixed_process_chaos_test.go:843: restarted node grandchild id=c-a879b3a6c93c88e46e7761b1e78637a2 audit=8.706477ms
2026-10-01T06:51:25.2196478Z     mixed_process_chaos_test.go:843: restarted node grandchild id=c-535b8aa9db45ad629d92ad1b11208e82 audit=8.320592ms
2026-10-01T06:51:25.2197632Z     mixed_process_chaos_test.go:843: restarted node grandchild id=c-ce30b309161f5923793aaf2cbc016d4e audit=8.009241ms
2026-10-01T06:51:25.2198991Z     mixed_process_chaos_test.go:843: restarted node grandchild id=c-e1b3e514a9d31e1c0ae0fcf9d9dcde03 audit=8.347378ms
2026-10-01T06:51:25.2200460Z     mixed_process_chaos_test.go:843: restarted node grandchild id=c-bb5f73df9b542dac375d03b4ea875933 audit=7.499219ms
2026-10-01T06:51:25.2201750Z     mixed_process_chaos_test.go:843: restarted node grandchild id=c-01365f6a38e7c1ac2db485fc10fda086 audit=8.05685ms
2026-10-01T06:51:25.2203292Z     mixed_process_chaos_test.go:843: restarted node grandchild id=c-a44599fc4037c49e5e71abfb8f6d759c audit=8.074609ms
2026-10-01T06:51:25.2204280Z     mixed_process_chaos_test.go:843: restarted node grandchild id=c-e14a2648bb4377e8830f7b0584cfd294 audit=7.063755ms
2026-10-01T06:51:25.2205738Z     mixed_process_chaos_test.go:871: survivor node 1 WF_SIG ready in 632.458µs after 1 attempts
2026-10-01T06:51:25.2206710Z     mixed_process_chaos_test.go:894: mixed terminal type=mixedtimer id=mixed-00-0 latency=4.095142379s
2026-10-01T06:51:25.2207739Z     mixed_process_chaos_test.go:894: mixed terminal type=mixedsignal id=mixed-01-0 latency=5.339508182s
2026-10-01T06:51:25.2208892Z     mixed_process_chaos_test.go:894: mixed terminal type=mixedtimer id=mixed-02-0 latency=3.987310502s
2026-10-01T06:51:25.2210034Z     mixed_process_chaos_test.go:894: mixed terminal type=mixedshort id=mixed-03-0 latency=5.672851944s
2026-10-01T06:51:25.2211273Z     mixed_process_chaos_test.go:894: mixed terminal type=mixedtimer id=mixed-04-0 latency=4.885599761s
2026-10-01T06:51:25.2212442Z     mixed_process_chaos_test.go:894: mixed terminal type=mixedshort id=mixed-05-0 latency=1.262958084s
2026-10-01T06:51:25.2213747Z     mixed_process_chaos_test.go:894: mixed terminal type=mixedsignal id=mixed-06-0 latency=4.672721657s
2026-10-01T06:51:25.2214928Z     mixed_process_chaos_test.go:894: mixed terminal type=mixedshort id=mixed-07-0 latency=1.262968142s
2026-10-01T06:51:25.2216029Z     mixed_process_chaos_test.go:894: mixed terminal type=mixedshort id=mixed-08-0 latency=1.262953634s
2026-10-01T06:51:25.2217237Z     mixed_process_chaos_test.go:894: mixed terminal type=mixedfanout id=mixed-09-0 latency=980.405389ms
2026-10-01T06:51:25.2218417Z     mixed_process_chaos_test.go:909: mixed terminal type=mixedchild id=c-2c0427b405f6e5cf41a7a5dd2529625c latency=813.145799ms
2026-10-01T06:51:25.2220319Z     mixed_process_chaos_test.go:909: mixed terminal type=mixedchild id=c-61a693bbe622d9d1cff620a5ba2cda7f latency=1.306312173s
2026-10-01T06:51:25.2221708Z     mixed_process_chaos_test.go:909: mixed terminal type=mixedchild id=c-3e3e4c70156e3fee9852004ca5949da3 latency=909.247139ms
2026-10-01T06:51:25.2223182Z     mixed_process_chaos_test.go:909: mixed terminal type=mixedchild id=c-2d7fcc22d483fcf51ba57e3b2077e464 latency=1.74773447s
2026-10-01T06:51:25.2224550Z     mixed_process_chaos_test.go:909: mixed terminal type=mixedchild id=c-1eaf330c748a119ebeda4a23d05429de latency=1.093093354s
2026-10-01T06:51:25.2225653Z     mixed_process_chaos_test.go:909: mixed terminal type=mixedchild id=c-708e303ec63ebd5c030bc9ab47ec7aac latency=1.192241018s
2026-10-01T06:51:25.2226957Z     mixed_process_chaos_test.go:917: mixed terminal type=mixedgrandchild id=c-425aa24102bf9165ef736361fbbfbb9e latency=2.171240707s
2026-10-01T06:51:25.2228295Z     mixed_process_chaos_test.go:917: mixed terminal type=mixedgrandchild id=c-81df727d0b247de4898e89bde451172f latency=5.972453314s
2026-10-01T06:51:25.2229706Z     mixed_process_chaos_test.go:917: mixed terminal type=mixedgrandchild id=c-8129cf1d1fd8e3a209b19b528165f4df latency=9.154754073s
2026-10-01T06:51:25.2231074Z     mixed_process_chaos_test.go:917: mixed terminal type=mixedgrandchild id=c-26514356ab5a5acbf20ad5ce3acc8168 latency=1.262964008s
2026-10-01T06:51:25.2232769Z     mixed_process_chaos_test.go:917: mixed terminal type=mixedgrandchild id=c-a879b3a6c93c88e46e7761b1e78637a2 latency=2.181081874s
2026-10-01T06:51:25.2233888Z     mixed_process_chaos_test.go:917: mixed terminal type=mixedgrandchild id=c-535b8aa9db45ad629d92ad1b11208e82 latency=1.951838934s
2026-10-01T06:51:25.2235369Z     mixed_process_chaos_test.go:917: mixed terminal type=mixedgrandchild id=c-ce30b309161f5923793aaf2cbc016d4e latency=10.869860871s
2026-10-01T06:51:25.2237095Z     mixed_process_chaos_test.go:917: mixed terminal type=mixedgrandchild id=c-e1b3e514a9d31e1c0ae0fcf9d9dcde03 latency=11.753416027s
2026-10-01T06:51:25.2238444Z     mixed_process_chaos_test.go:917: mixed terminal type=mixedgrandchild id=c-bb5f73df9b542dac375d03b4ea875933 latency=3.287246583s
2026-10-01T06:51:25.2239922Z     mixed_process_chaos_test.go:917: mixed terminal type=mixedgrandchild id=c-01365f6a38e7c1ac2db485fc10fda086 latency=1.853370654s
2026-10-01T06:51:25.2241033Z     mixed_process_chaos_test.go:917: mixed terminal type=mixedgrandchild id=c-a44599fc4037c49e5e71abfb8f6d759c latency=6.488690259s
2026-10-01T06:51:25.2242179Z     mixed_process_chaos_test.go:917: mixed terminal type=mixedgrandchild id=c-e14a2648bb4377e8830f7b0584cfd294 latency=2.596204619s
2026-10-01T06:51:25.2243734Z     mixed_process_chaos_test.go:921: mixed terminal p99 from last enabling event=11.753416027s across 28 invocations
2026-10-01T06:51:25.2249523Z     mixed_process_chaos_test.go:922: mixed workers before={LeaseAcquisitions:49 LeaseContentions:48 LeaseAcquireFailures:0 FencingEvents:6 HandoffEnqueues:6 Redeliveries:25 EnqueueToLeaseSamples:49 EnqueueToLeaseTotal:3m2.198602654s EnqueueToLeaseMaximum:16.36720655s EnqueueToLeaseBuckets:[13 15 1 14 6 0] TimersScheduled:24 TimersFired:8 TimerLateTotal:19.687221611s TimerLateMaximum:2.490398652s TimerLateBuckets:[0 0 0 8 0 0] CancelledTimerNoOps:0} after={LeaseAcquisitions:39 LeaseContentions:35 LeaseAcquireFailures:0 FencingEvents:0 HandoffEnqueues:0 Redeliveries:32 EnqueueToLeaseSamples:39 EnqueueToLeaseTotal:5m36.921649606s EnqueueToLeaseMaximum:25.083034459s EnqueueToLeaseBuckets:[0 9 3 12 15 0] TimersScheduled:0 TimersFired:16 TimerLateTotal:39.514730159s TimerLateMaximum:2.508606257s TimerLateBuckets:[0 0 0 16 0 0] CancelledTimerNoOps:0}
2026-10-01T06:51:27.6555252Z --- PASS: TestMixedWorkflowsRecoverFromFourServerFaults (36.68s)
2026-10-01T06:51:27.6555695Z PASS
2026-10-01T06:51:27.6566531Z ok  	js-wf/integration	36.686s
2026-10-01T06:51:27.6660555Z Mixed workflow seed 3 (1..20)
2026-10-01T06:51:28.3726899Z === RUN   TestMixedWorkflowsRecoverFromFourServerFaults
2026-10-01T06:51:34.0908540Z     mixed_process_chaos_test.go:516: FAULT_SEED=3 FAULT_SCHEDULE=mixed-four-faults-3.json
2026-10-01T06:51:50.4726755Z     mixed_process_chaos_test.go:692: post-heal signal repair inspected=32 reenqueued=18
2026-10-01T06:51:50.4728826Z     mixed_process_chaos_test.go:704: mixed recovery type=mixedshort id=mixed-00-0 latency=2.311092752s
2026-10-01T06:51:50.4729863Z     mixed_process_chaos_test.go:704: mixed recovery type=mixedshort id=mixed-04-0 latency=2.311584044s
2026-10-01T06:51:50.4730975Z     mixed_process_chaos_test.go:704: mixed recovery type=mixedshort id=mixed-02-0 latency=2.61123612s
2026-10-01T06:51:50.4732189Z     mixed_process_chaos_test.go:704: mixed recovery type=mixedshort id=mixed-01-0 latency=2.61141752s
2026-10-01T06:51:51.2621801Z     mixed_process_chaos_test.go:704: mixed recovery type=mixedsignal id=mixed-06-0 latency=1.955948516s
2026-10-01T06:51:54.0614621Z     mixed_process_chaos_test.go:704: mixed recovery type=mixedtimer id=mixed-08-0 latency=7.816114032s
2026-10-01T06:51:54.1624185Z     mixed_process_chaos_test.go:704: mixed recovery type=mixedtimer id=mixed-03-0 latency=7.917007721s
2026-10-01T06:51:54.3947263Z     mixed_process_chaos_test.go:704: mixed recovery type=mixedtimer id=mixed-05-0 latency=8.148985269s
2026-10-01T06:51:55.5826213Z     mixed_process_chaos_test.go:704: mixed recovery type=mixedsignal id=mixed-07-0 latency=5.477343741s
2026-10-01T06:52:03.2625134Z     mixed_process_chaos_test.go:704: mixed recovery type=mixedfanout id=mixed-09-0 latency=17.017068618s
2026-10-01T06:52:03.2628081Z     mixed_process_chaos_test.go:709: mixed provisional result observation: p99=17.017068618s max=17.017068618s (fan-out parent still measured from quorum)
2026-10-01T06:52:03.3198704Z     mixed_process_chaos_test.go:749: restarted node WF_JRN ready in 1.191237ms after 1 attempts
2026-10-01T06:52:03.3305354Z     mixed_process_chaos_test.go:825: restarted node terminal type=mixedshort id=mixed-00-0 audit=9.86398ms
2026-10-01T06:52:03.3307539Z     mixed_process_chaos_test.go:825: restarted node terminal type=mixedshort id=mixed-01-0 audit=9.969792ms
2026-10-01T06:52:03.3309205Z     mixed_process_chaos_test.go:825: restarted node terminal type=mixedshort id=mixed-02-0 audit=10.079453ms
2026-10-01T06:52:03.3310682Z     mixed_process_chaos_test.go:825: restarted node terminal type=mixedtimer id=mixed-03-0 audit=9.930979ms
2026-10-01T06:52:03.3311958Z     mixed_process_chaos_test.go:825: restarted node terminal type=mixedshort id=mixed-04-0 audit=9.57002ms
2026-10-01T06:52:03.3313548Z     mixed_process_chaos_test.go:825: restarted node terminal type=mixedtimer id=mixed-05-0 audit=7.755441ms
2026-10-01T06:52:03.3314443Z     mixed_process_chaos_test.go:825: restarted node terminal type=mixedsignal id=mixed-06-0 audit=10.04431ms
2026-10-01T06:52:03.3315719Z     mixed_process_chaos_test.go:825: restarted node terminal type=mixedsignal id=mixed-07-0 audit=9.826089ms
2026-10-01T06:52:03.3317043Z     mixed_process_chaos_test.go:825: restarted node terminal type=mixedtimer id=mixed-08-0 audit=9.933284ms
2026-10-01T06:52:03.3318204Z     mixed_process_chaos_test.go:825: restarted node terminal type=mixedfanout id=mixed-09-0 audit=8.841875ms
2026-10-01T06:52:03.3319438Z     mixed_process_chaos_test.go:836: restarted node child id=c-2c0427b405f6e5cf41a7a5dd2529625c audit=9.887053ms
2026-10-01T06:52:03.3320784Z     mixed_process_chaos_test.go:836: restarted node child id=c-61a693bbe622d9d1cff620a5ba2cda7f audit=10.500522ms
2026-10-01T06:52:03.3322160Z     mixed_process_chaos_test.go:836: restarted node child id=c-3e3e4c70156e3fee9852004ca5949da3 audit=9.8769ms
2026-10-01T06:52:03.3323596Z     mixed_process_chaos_test.go:836: restarted node child id=c-2d7fcc22d483fcf51ba57e3b2077e464 audit=10.452694ms
2026-10-01T06:52:03.3325008Z     mixed_process_chaos_test.go:836: restarted node child id=c-1eaf330c748a119ebeda4a23d05429de audit=9.936684ms
2026-10-01T06:52:03.3326321Z     mixed_process_chaos_test.go:836: restarted node child id=c-708e303ec63ebd5c030bc9ab47ec7aac audit=9.287787ms
2026-10-01T06:52:03.3327456Z     mixed_process_chaos_test.go:843: restarted node grandchild id=c-425aa24102bf9165ef736361fbbfbb9e audit=9.165171ms
2026-10-01T06:52:03.3329333Z     mixed_process_chaos_test.go:843: restarted node grandchild id=c-81df727d0b247de4898e89bde451172f audit=9.826491ms
2026-10-01T06:52:03.3330737Z     mixed_process_chaos_test.go:843: restarted node grandchild id=c-8129cf1d1fd8e3a209b19b528165f4df audit=9.613781ms
2026-10-01T06:52:03.3332050Z     mixed_process_chaos_test.go:843: restarted node grandchild id=c-26514356ab5a5acbf20ad5ce3acc8168 audit=9.837522ms
2026-10-01T06:52:03.3333188Z     mixed_process_chaos_test.go:843: restarted node grandchild id=c-a879b3a6c93c88e46e7761b1e78637a2 audit=9.286768ms
2026-10-01T06:52:03.3334357Z     mixed_process_chaos_test.go:843: restarted node grandchild id=c-535b8aa9db45ad629d92ad1b11208e82 audit=9.279063ms
2026-10-01T06:52:03.3335362Z     mixed_process_chaos_test.go:843: restarted node grandchild id=c-ce30b309161f5923793aaf2cbc016d4e audit=9.835209ms
2026-10-01T06:52:03.3336419Z     mixed_process_chaos_test.go:843: restarted node grandchild id=c-e1b3e514a9d31e1c0ae0fcf9d9dcde03 audit=9.827945ms
2026-10-01T06:52:03.3337625Z     mixed_process_chaos_test.go:843: restarted node grandchild id=c-bb5f73df9b542dac375d03b4ea875933 audit=9.224341ms
2026-10-01T06:52:03.3338868Z     mixed_process_chaos_test.go:843: restarted node grandchild id=c-01365f6a38e7c1ac2db485fc10fda086 audit=9.837769ms
2026-10-01T06:52:03.3339895Z     mixed_process_chaos_test.go:843: restarted node grandchild id=c-a44599fc4037c49e5e71abfb8f6d759c audit=9.856868ms
2026-10-01T06:52:03.3341104Z     mixed_process_chaos_test.go:843: restarted node grandchild id=c-e14a2648bb4377e8830f7b0584cfd294 audit=9.529797ms
2026-10-01T06:52:03.3342496Z     mixed_process_chaos_test.go:871: survivor node 2 WF_SIG ready in 591.349µs after 1 attempts
2026-10-01T06:52:03.3344006Z     mixed_process_chaos_test.go:894: mixed terminal type=mixedshort id=mixed-00-0 latency=2.221571341s
2026-10-01T06:52:03.3345016Z     mixed_process_chaos_test.go:894: mixed terminal type=mixedshort id=mixed-01-0 latency=2.509844709s
2026-10-01T06:52:03.3346144Z     mixed_process_chaos_test.go:894: mixed terminal type=mixedshort id=mixed-02-0 latency=2.509517467s
2026-10-01T06:52:03.3347244Z     mixed_process_chaos_test.go:894: mixed terminal type=mixedtimer id=mixed-03-0 latency=7.8798155s
2026-10-01T06:52:03.3348270Z     mixed_process_chaos_test.go:894: mixed terminal type=mixedshort id=mixed-04-0 latency=2.221413372s
2026-10-01T06:52:03.3349097Z     mixed_process_chaos_test.go:894: mixed terminal type=mixedtimer id=mixed-05-0 latency=8.10898261s
2026-10-01T06:52:03.3350122Z     mixed_process_chaos_test.go:894: mixed terminal type=mixedsignal id=mixed-06-0 latency=1.947251713s
2026-10-01T06:52:03.3351275Z     mixed_process_chaos_test.go:894: mixed terminal type=mixedsignal id=mixed-07-0 latency=5.473815706s
2026-10-01T06:52:03.3352140Z     mixed_process_chaos_test.go:894: mixed terminal type=mixedtimer id=mixed-08-0 latency=7.719100738s
2026-10-01T06:52:03.3353200Z     mixed_process_chaos_test.go:894: mixed terminal type=mixedfanout id=mixed-09-0 latency=577.103616ms
2026-10-01T06:52:03.3354181Z     mixed_process_chaos_test.go:909: mixed terminal type=mixedchild id=c-2c0427b405f6e5cf41a7a5dd2529625c latency=356.730435ms
2026-10-01T06:52:03.3355726Z     mixed_process_chaos_test.go:909: mixed terminal type=mixedchild id=c-61a693bbe622d9d1cff620a5ba2cda7f latency=585.541356ms
2026-10-01T06:52:03.3357167Z     mixed_process_chaos_test.go:909: mixed terminal type=mixedchild id=c-3e3e4c70156e3fee9852004ca5949da3 latency=426.961057ms
2026-10-01T06:52:03.3358536Z     mixed_process_chaos_test.go:909: mixed terminal type=mixedchild id=c-2d7fcc22d483fcf51ba57e3b2077e464 latency=284.897955ms
2026-10-01T06:52:03.3359866Z     mixed_process_chaos_test.go:909: mixed terminal type=mixedchild id=c-1eaf330c748a119ebeda4a23d05429de latency=343.959643ms
2026-10-01T06:52:03.3361320Z     mixed_process_chaos_test.go:909: mixed terminal type=mixedchild id=c-708e303ec63ebd5c030bc9ab47ec7aac latency=312.384735ms
2026-10-01T06:52:03.3362880Z     mixed_process_chaos_test.go:917: mixed terminal type=mixedgrandchild id=c-425aa24102bf9165ef736361fbbfbb9e latency=15.77143489s
2026-10-01T06:52:03.3363965Z     mixed_process_chaos_test.go:917: mixed terminal type=mixedgrandchild id=c-81df727d0b247de4898e89bde451172f latency=7.430809887s
2026-10-01T06:52:03.3365220Z     mixed_process_chaos_test.go:917: mixed terminal type=mixedgrandchild id=c-8129cf1d1fd8e3a209b19b528165f4df latency=7.326865561s
2026-10-01T06:52:03.3366479Z     mixed_process_chaos_test.go:917: mixed terminal type=mixedgrandchild id=c-26514356ab5a5acbf20ad5ce3acc8168 latency=4.466854284s
2026-10-01T06:52:03.3368008Z     mixed_process_chaos_test.go:917: mixed terminal type=mixedgrandchild id=c-a879b3a6c93c88e46e7761b1e78637a2 latency=7.326844255s
2026-10-01T06:52:03.3369278Z     mixed_process_chaos_test.go:917: mixed terminal type=mixedgrandchild id=c-535b8aa9db45ad629d92ad1b11208e82 latency=7.326869691s
2026-10-01T06:52:03.3370803Z     mixed_process_chaos_test.go:917: mixed terminal type=mixedgrandchild id=c-ce30b309161f5923793aaf2cbc016d4e latency=13.83862436s
2026-10-01T06:52:03.3372131Z     mixed_process_chaos_test.go:917: mixed terminal type=mixedgrandchild id=c-e1b3e514a9d31e1c0ae0fcf9d9dcde03 latency=14.081412292s
2026-10-01T06:52:03.3373495Z     mixed_process_chaos_test.go:917: mixed terminal type=mixedgrandchild id=c-bb5f73df9b542dac375d03b4ea875933 latency=16.050879116s
2026-10-01T06:52:03.3374753Z     mixed_process_chaos_test.go:917: mixed terminal type=mixedgrandchild id=c-01365f6a38e7c1ac2db485fc10fda086 latency=15.77142268s
2026-10-01T06:52:03.3376246Z     mixed_process_chaos_test.go:917: mixed terminal type=mixedgrandchild id=c-a44599fc4037c49e5e71abfb8f6d759c latency=11.79433032s
2026-10-01T06:52:03.3377802Z     mixed_process_chaos_test.go:917: mixed terminal type=mixedgrandchild id=c-e14a2648bb4377e8830f7b0584cfd294 latency=7.430818593s
2026-10-01T06:52:03.3379282Z     mixed_process_chaos_test.go:921: mixed terminal p99 from last enabling event=16.050879116s across 28 invocations
2026-10-01T06:52:03.3385139Z     mixed_process_chaos_test.go:922: mixed workers before={LeaseAcquisitions:63 LeaseContentions:24 LeaseAcquireFailures:0 FencingEvents:5 HandoffEnqueues:5 Redeliveries:18 EnqueueToLeaseSamples:63 EnqueueToLeaseTotal:4m56.313522169s EnqueueToLeaseMaximum:16.593819657s EnqueueToLeaseBuckets:[11 15 1 22 14 0] TimersScheduled:24 TimersFired:16 TimerLateTotal:3.245395608s TimerLateMaximum:241.025748ms TimerLateBuckets:[1 15 0 0 0 0] CancelledTimerNoOps:0} after={LeaseAcquisitions:35 LeaseContentions:26 LeaseAcquireFailures:0 FencingEvents:0 HandoffEnqueues:0 Redeliveries:15 EnqueueToLeaseSamples:35 EnqueueToLeaseTotal:6m18.116661626s EnqueueToLeaseMaximum:28.139033189s EnqueueToLeaseBuckets:[1 10 1 4 19 0] TimersScheduled:0 TimersFired:8 TimerLateTotal:1.7000124s TimerLateMaximum:236.807423ms TimerLateBuckets:[0 8 0 0 0 0] CancelledTimerNoOps:0}
2026-10-01T06:52:07.9821251Z --- PASS: TestMixedWorkflowsRecoverFromFourServerFaults (39.61s)
2026-10-01T06:52:07.9822009Z PASS
2026-10-01T06:52:07.9832822Z ok  	js-wf/integration	39.615s
2026-10-01T06:52:07.9940450Z Mixed workflow seed 4 (1..20)
2026-10-01T06:52:08.7138628Z === RUN   TestMixedWorkflowsRecoverFromFourServerFaults
2026-10-01T06:52:14.4144276Z     mixed_process_chaos_test.go:516: FAULT_SEED=4 FAULT_SCHEDULE=mixed-four-faults-4.json
2026-10-01T06:52:34.4368467Z     mixed_process_chaos_test.go:692: post-heal signal repair inspected=32 reenqueued=32
2026-10-01T06:52:34.4369482Z     mixed_process_chaos_test.go:704: mixed recovery type=mixedshort id=mixed-08-0 latency=3.529483101s
2026-10-01T06:52:34.4370736Z     mixed_process_chaos_test.go:704: mixed recovery type=mixedshort id=mixed-07-0 latency=3.529491681s
2026-10-01T06:52:34.4371456Z     mixed_process_chaos_test.go:704: mixed recovery type=mixedshort id=mixed-03-0 latency=3.529491683s
2026-10-01T06:52:34.4372183Z     mixed_process_chaos_test.go:704: mixed recovery type=mixedshort id=mixed-05-0 latency=3.830063001s
2026-10-01T06:52:34.4373075Z     mixed_process_chaos_test.go:704: mixed recovery type=mixedtimer id=mixed-06-0 latency=4.849976782s
2026-10-01T06:52:34.4373986Z     mixed_process_chaos_test.go:704: mixed recovery type=mixedtimer id=mixed-01-0 latency=4.850313803s
2026-10-01T06:52:37.7563721Z     mixed_process_chaos_test.go:704: mixed recovery type=mixedtimer id=mixed-02-0 latency=11.202155781s
2026-10-01T06:52:38.0880426Z     mixed_process_chaos_test.go:704: mixed recovery type=mixedsignal id=mixed-00-0 latency=6.178468436s
2026-10-01T06:52:38.2321068Z     mixed_process_chaos_test.go:704: mixed recovery type=mixedsignal id=mixed-04-0 latency=3.863051904s
2026-10-01T06:52:46.2880902Z     mixed_process_chaos_test.go:704: mixed recovery type=mixedfanout id=mixed-09-0 latency=19.733918801s
2026-10-01T06:52:46.2882489Z     mixed_process_chaos_test.go:709: mixed provisional result observation: p99=19.733918801s max=19.733918801s (fan-out parent still measured from quorum)
2026-10-01T06:52:49.4446709Z     mixed_process_chaos_test.go:749: restarted node WF_JRN ready in 3.10238012s after 2 attempts
2026-10-01T06:52:49.4564097Z     mixed_process_chaos_test.go:825: restarted node terminal type=mixedsignal id=mixed-00-0 audit=11.395923ms
2026-10-01T06:52:49.4565543Z     mixed_process_chaos_test.go:825: restarted node terminal type=mixedtimer id=mixed-01-0 audit=9.287686ms
2026-10-01T06:52:49.4566901Z     mixed_process_chaos_test.go:825: restarted node terminal type=mixedtimer id=mixed-02-0 audit=11.454611ms
2026-10-01T06:52:49.4568213Z     mixed_process_chaos_test.go:825: restarted node terminal type=mixedshort id=mixed-03-0 audit=9.051403ms
2026-10-01T06:52:49.4569547Z     mixed_process_chaos_test.go:825: restarted node terminal type=mixedsignal id=mixed-04-0 audit=6.109911ms
2026-10-01T06:52:49.4570798Z     mixed_process_chaos_test.go:825: restarted node terminal type=mixedshort id=mixed-05-0 audit=9.808692ms
2026-10-01T06:52:49.4572418Z     mixed_process_chaos_test.go:825: restarted node terminal type=mixedtimer id=mixed-06-0 audit=9.112236ms
2026-10-01T06:52:49.4573620Z     mixed_process_chaos_test.go:825: restarted node terminal type=mixedshort id=mixed-07-0 audit=7.040108ms
2026-10-01T06:52:49.4659749Z     mixed_process_chaos_test.go:825: restarted node terminal type=mixedshort id=mixed-08-0 audit=9.877667ms
2026-10-01T06:52:49.4661191Z     mixed_process_chaos_test.go:825: restarted node terminal type=mixedfanout id=mixed-09-0 audit=11.503591ms
2026-10-01T06:52:49.4662381Z     mixed_process_chaos_test.go:836: restarted node child id=c-2c0427b405f6e5cf41a7a5dd2529625c audit=9.789254ms
2026-10-01T06:52:49.4663718Z     mixed_process_chaos_test.go:836: restarted node child id=c-61a693bbe622d9d1cff620a5ba2cda7f audit=8.858404ms
2026-10-01T06:52:49.4664964Z     mixed_process_chaos_test.go:836: restarted node child id=c-3e3e4c70156e3fee9852004ca5949da3 audit=7.097821ms
2026-10-01T06:52:49.4666142Z     mixed_process_chaos_test.go:836: restarted node child id=c-2d7fcc22d483fcf51ba57e3b2077e464 audit=9.05776ms
2026-10-01T06:52:49.4667311Z     mixed_process_chaos_test.go:836: restarted node child id=c-1eaf330c748a119ebeda4a23d05429de audit=11.414226ms
2026-10-01T06:52:49.4668603Z     mixed_process_chaos_test.go:836: restarted node child id=c-708e303ec63ebd5c030bc9ab47ec7aac audit=10.161806ms
2026-10-01T06:52:49.4670052Z     mixed_process_chaos_test.go:843: restarted node grandchild id=c-425aa24102bf9165ef736361fbbfbb9e audit=10.153477ms
2026-10-01T06:52:49.4671514Z     mixed_process_chaos_test.go:843: restarted node grandchild id=c-81df727d0b247de4898e89bde451172f audit=10.753623ms
2026-10-01T06:52:49.4673231Z     mixed_process_chaos_test.go:843: restarted node grandchild id=c-8129cf1d1fd8e3a209b19b528165f4df audit=11.350681ms
2026-10-01T06:52:49.4674810Z     mixed_process_chaos_test.go:843: restarted node grandchild id=c-26514356ab5a5acbf20ad5ce3acc8168 audit=9.81043ms
2026-10-01T06:52:49.4676407Z     mixed_process_chaos_test.go:843: restarted node grandchild id=c-a879b3a6c93c88e46e7761b1e78637a2 audit=9.781111ms
2026-10-01T06:52:49.4677918Z     mixed_process_chaos_test.go:843: restarted node grandchild id=c-535b8aa9db45ad629d92ad1b11208e82 audit=10.686202ms
2026-10-01T06:52:49.4679567Z     mixed_process_chaos_test.go:843: restarted node grandchild id=c-ce30b309161f5923793aaf2cbc016d4e audit=9.72369ms
2026-10-01T06:52:49.4681027Z     mixed_process_chaos_test.go:843: restarted node grandchild id=c-e1b3e514a9d31e1c0ae0fcf9d9dcde03 audit=10.664123ms
2026-10-01T06:52:49.4682531Z     mixed_process_chaos_test.go:843: restarted node grandchild id=c-bb5f73df9b542dac375d03b4ea875933 audit=9.716608ms
2026-10-01T06:52:49.4684143Z     mixed_process_chaos_test.go:843: restarted node grandchild id=c-01365f6a38e7c1ac2db485fc10fda086 audit=9.763272ms
2026-10-01T06:52:49.4685513Z     mixed_process_chaos_test.go:843: restarted node grandchild id=c-a44599fc4037c49e5e71abfb8f6d759c audit=11.273063ms
2026-10-01T06:52:49.4686748Z     mixed_process_chaos_test.go:843: restarted node grandchild id=c-e14a2648bb4377e8830f7b0584cfd294 audit=9.855278ms
2026-10-01T06:52:49.4688036Z     mixed_process_chaos_test.go:871: survivor node 2 WF_SIG ready in 522.916µs after 1 attempts
2026-10-01T06:52:49.4689045Z     mixed_process_chaos_test.go:894: mixed terminal type=mixedsignal id=mixed-00-0 latency=6.366992569s
2026-10-01T06:52:49.4690176Z     mixed_process_chaos_test.go:894: mixed terminal type=mixedtimer id=mixed-01-0 latency=4.775585531s
2026-10-01T06:52:49.4691191Z     mixed_process_chaos_test.go:894: mixed terminal type=mixedtimer id=mixed-02-0 latency=11.126012997s
2026-10-01T06:52:49.4692281Z     mixed_process_chaos_test.go:894: mixed terminal type=mixedshort id=mixed-03-0 latency=3.432898655s
2026-10-01T06:52:49.4694133Z     mixed_process_chaos_test.go:894: mixed terminal type=mixedsignal id=mixed-04-0 latency=3.92899593s
2026-10-01T06:52:49.4695199Z     mixed_process_chaos_test.go:894: mixed terminal type=mixedshort id=mixed-05-0 latency=3.744148769s
2026-10-01T06:52:49.4696680Z     mixed_process_chaos_test.go:894: mixed terminal type=mixedtimer id=mixed-06-0 latency=4.77519031s
2026-10-01T06:52:49.4697731Z     mixed_process_chaos_test.go:894: mixed terminal type=mixedshort id=mixed-07-0 latency=3.432890372s
2026-10-01T06:52:49.4698763Z     mixed_process_chaos_test.go:894: mixed terminal type=mixedshort id=mixed-08-0 latency=3.432904198s
2026-10-01T06:52:49.4699793Z     mixed_process_chaos_test.go:894: mixed terminal type=mixedfanout id=mixed-09-0 latency=1.095400672s
2026-10-01T06:52:49.4701108Z     mixed_process_chaos_test.go:909: mixed terminal type=mixedchild id=c-2c0427b405f6e5cf41a7a5dd2529625c latency=840.639607ms
2026-10-01T06:52:49.4702597Z     mixed_process_chaos_test.go:909: mixed terminal type=mixedchild id=c-61a693bbe622d9d1cff620a5ba2cda7f latency=1.647433052s
2026-10-01T06:52:49.4704230Z     mixed_process_chaos_test.go:909: mixed terminal type=mixedchild id=c-3e3e4c70156e3fee9852004ca5949da3 latency=762.125653ms
2026-10-01T06:52:49.4705551Z     mixed_process_chaos_test.go:909: mixed terminal type=mixedchild id=c-2d7fcc22d483fcf51ba57e3b2077e464 latency=745.413935ms
2026-10-01T06:52:49.4706720Z     mixed_process_chaos_test.go:909: mixed terminal type=mixedchild id=c-1eaf330c748a119ebeda4a23d05429de latency=766.154754ms
2026-10-01T06:52:49.4708072Z     mixed_process_chaos_test.go:909: mixed terminal type=mixedchild id=c-708e303ec63ebd5c030bc9ab47ec7aac latency=1.65691284s
2026-10-01T06:52:49.4709421Z     mixed_process_chaos_test.go:917: mixed terminal type=mixedgrandchild id=c-425aa24102bf9165ef736361fbbfbb9e latency=16.59670313s
2026-10-01T06:52:49.4710831Z     mixed_process_chaos_test.go:917: mixed terminal type=mixedgrandchild id=c-81df727d0b247de4898e89bde451172f latency=9.626758177s
2026-10-01T06:52:49.4712098Z     mixed_process_chaos_test.go:917: mixed terminal type=mixedgrandchild id=c-8129cf1d1fd8e3a209b19b528165f4df latency=9.626768119s
2026-10-01T06:52:49.4713511Z     mixed_process_chaos_test.go:917: mixed terminal type=mixedgrandchild id=c-26514356ab5a5acbf20ad5ce3acc8168 latency=9.626780501s
2026-10-01T06:52:49.4714916Z     mixed_process_chaos_test.go:917: mixed terminal type=mixedgrandchild id=c-a879b3a6c93c88e46e7761b1e78637a2 latency=14.200174123s
2026-10-01T06:52:49.4716708Z     mixed_process_chaos_test.go:917: mixed terminal type=mixedgrandchild id=c-535b8aa9db45ad629d92ad1b11208e82 latency=9.6267923s
2026-10-01T06:52:49.4718279Z     mixed_process_chaos_test.go:917: mixed terminal type=mixedgrandchild id=c-ce30b309161f5923793aaf2cbc016d4e latency=16.88790284s
2026-10-01T06:52:49.4719911Z     mixed_process_chaos_test.go:917: mixed terminal type=mixedgrandchild id=c-e1b3e514a9d31e1c0ae0fcf9d9dcde03 latency=17.876677809s
2026-10-01T06:52:49.4721311Z     mixed_process_chaos_test.go:917: mixed terminal type=mixedgrandchild id=c-bb5f73df9b542dac375d03b4ea875933 latency=17.729300049s
2026-10-01T06:52:49.4722813Z     mixed_process_chaos_test.go:917: mixed terminal type=mixedgrandchild id=c-01365f6a38e7c1ac2db485fc10fda086 latency=9.626785856s
2026-10-01T06:52:49.4724046Z     mixed_process_chaos_test.go:917: mixed terminal type=mixedgrandchild id=c-a44599fc4037c49e5e71abfb8f6d759c latency=16.961795099s
2026-10-01T06:52:49.4725202Z     mixed_process_chaos_test.go:917: mixed terminal type=mixedgrandchild id=c-e14a2648bb4377e8830f7b0584cfd294 latency=9.626798948s
2026-10-01T06:52:49.4726479Z     mixed_process_chaos_test.go:921: mixed terminal p99 from last enabling event=17.876677809s across 28 invocations
2026-10-01T06:52:49.4731741Z     mixed_process_chaos_test.go:922: mixed workers before={LeaseAcquisitions:68 LeaseContentions:16 LeaseAcquireFailures:0 FencingEvents:4 HandoffEnqueues:4 Redeliveries:23 EnqueueToLeaseSamples:68 EnqueueToLeaseTotal:6m37.793334526s EnqueueToLeaseMaximum:18.211930543s EnqueueToLeaseBuckets:[13 13 3 25 14 0] TimersScheduled:24 TimersFired:17 TimerLateTotal:3.382768019s TimerLateMaximum:238.715212ms TimerLateBuckets:[1 16 0 0 0 0] CancelledTimerNoOps:0} after={LeaseAcquisitions:28 LeaseContentions:45 LeaseAcquireFailures:0 FencingEvents:0 HandoffEnqueues:0 Redeliveries:20 EnqueueToLeaseSamples:28 EnqueueToLeaseTotal:6m56.287486997s EnqueueToLeaseMaximum:29.890092352s EnqueueToLeaseBuckets:[0 4 2 3 19 0] TimersScheduled:0 TimersFired:7 TimerLateTotal:1.527603231s TimerLateMaximum:240.918794ms TimerLateBuckets:[0 7 0 0 0 0] CancelledTimerNoOps:0}
2026-10-01T06:52:51.0793022Z --- PASS: TestMixedWorkflowsRecoverFromFourServerFaults (42.37s)
2026-10-01T06:52:51.0793480Z PASS
2026-10-01T06:52:51.0804733Z ok  	js-wf/integration	42.371s
2026-10-01T06:52:51.0908205Z Mixed workflow seed 5 (1..20)
2026-10-01T06:52:51.8171067Z === RUN   TestMixedWorkflowsRecoverFromFourServerFaults
2026-10-01T06:52:57.5721798Z     mixed_process_chaos_test.go:516: FAULT_SEED=5 FAULT_SCHEDULE=mixed-four-faults-5.json
2026-10-01T06:53:14.3445410Z     mixed_process_chaos_test.go:692: post-heal signal repair inspected=40 reenqueued=24
2026-10-01T06:53:14.3446732Z     mixed_process_chaos_test.go:704: mixed recovery type=mixedshort id=mixed-04-0 latency=3.306474042s
2026-10-01T06:53:14.3447993Z     mixed_process_chaos_test.go:704: mixed recovery type=mixedshort id=mixed-03-0 latency=3.307380201s
2026-10-01T06:53:14.3449065Z     mixed_process_chaos_test.go:704: mixed recovery type=mixedshort id=mixed-05-0 latency=3.333367812s
2026-10-01T06:53:14.3450457Z     mixed_process_chaos_test.go:704: mixed recovery type=mixedshort id=mixed-01-0 latency=3.334575119s
2026-10-01T06:53:14.3451774Z     mixed_process_chaos_test.go:704: mixed recovery type=mixedtimer id=mixed-08-0 latency=3.510975785s
2026-10-01T06:53:14.3453199Z     mixed_process_chaos_test.go:704: mixed recovery type=mixedsignal id=mixed-06-0 latency=1.770683402s
2026-10-01T06:53:15.6493088Z     mixed_process_chaos_test.go:704: mixed recovery type=mixedtimer id=mixed-02-0 latency=5.910945452s
2026-10-01T06:53:15.9488043Z     mixed_process_chaos_test.go:704: mixed recovery type=mixedtimer id=mixed-00-0 latency=6.210526457s
2026-10-01T06:53:16.3476388Z     mixed_process_chaos_test.go:704: mixed recovery type=mixedsignal id=mixed-07-0 latency=2.582957891s
2026-10-01T06:53:18.6633129Z     mixed_process_chaos_test.go:704: mixed recovery type=mixedfanout id=mixed-09-0 latency=8.924814175s
2026-10-01T06:53:18.6635633Z     mixed_process_chaos_test.go:709: mixed provisional result observation: p99=8.924814175s max=8.924814175s (fan-out parent still measured from quorum)
2026-10-01T06:53:18.7189730Z     mixed_process_chaos_test.go:749: restarted node WF_JRN ready in 1.273971ms after 1 attempts
2026-10-01T06:53:18.7303391Z     mixed_process_chaos_test.go:825: restarted node terminal type=mixedtimer id=mixed-00-0 audit=10.835974ms
2026-10-01T06:53:18.7307081Z     mixed_process_chaos_test.go:825: restarted node terminal type=mixedshort id=mixed-01-0 audit=10.13624ms
2026-10-01T06:53:18.7308489Z     mixed_process_chaos_test.go:825: restarted node terminal type=mixedtimer id=mixed-02-0 audit=10.028442ms
2026-10-01T06:53:18.7309795Z     mixed_process_chaos_test.go:825: restarted node terminal type=mixedshort id=mixed-03-0 audit=9.940757ms
2026-10-01T06:53:18.7311066Z     mixed_process_chaos_test.go:825: restarted node terminal type=mixedshort id=mixed-04-0 audit=10.014241ms
2026-10-01T06:53:18.7312338Z     mixed_process_chaos_test.go:825: restarted node terminal type=mixedshort id=mixed-05-0 audit=9.94183ms
2026-10-01T06:53:18.7313845Z     mixed_process_chaos_test.go:825: restarted node terminal type=mixedsignal id=mixed-06-0 audit=10.705984ms
2026-10-01T06:53:18.7315152Z     mixed_process_chaos_test.go:825: restarted node terminal type=mixedsignal id=mixed-07-0 audit=9.878044ms
2026-10-01T06:53:18.7316436Z     mixed_process_chaos_test.go:825: restarted node terminal type=mixedtimer id=mixed-08-0 audit=10.831924ms
2026-10-01T06:53:18.7317507Z     mixed_process_chaos_test.go:825: restarted node terminal type=mixedfanout id=mixed-09-0 audit=9.928967ms
2026-10-01T06:53:18.7318606Z     mixed_process_chaos_test.go:836: restarted node child id=c-2c0427b405f6e5cf41a7a5dd2529625c audit=11.063217ms
2026-10-01T06:53:18.7320290Z     mixed_process_chaos_test.go:836: restarted node child id=c-61a693bbe622d9d1cff620a5ba2cda7f audit=11.091736ms
2026-10-01T06:53:18.7321590Z     mixed_process_chaos_test.go:836: restarted node child id=c-3e3e4c70156e3fee9852004ca5949da3 audit=6.998648ms
2026-10-01T06:53:18.7322912Z     mixed_process_chaos_test.go:836: restarted node child id=c-2d7fcc22d483fcf51ba57e3b2077e464 audit=10.804223ms
2026-10-01T06:53:18.7324278Z     mixed_process_chaos_test.go:836: restarted node child id=c-1eaf330c748a119ebeda4a23d05429de audit=10.807072ms
2026-10-01T06:53:18.7325571Z     mixed_process_chaos_test.go:836: restarted node child id=c-708e303ec63ebd5c030bc9ab47ec7aac audit=10.775466ms
2026-10-01T06:53:18.7326814Z     mixed_process_chaos_test.go:843: restarted node grandchild id=c-425aa24102bf9165ef736361fbbfbb9e audit=9.72236ms
2026-10-01T06:53:18.7328141Z     mixed_process_chaos_test.go:843: restarted node grandchild id=c-81df727d0b247de4898e89bde451172f audit=10.016931ms
2026-10-01T06:53:18.7329526Z     mixed_process_chaos_test.go:843: restarted node grandchild id=c-8129cf1d1fd8e3a209b19b528165f4df audit=10.035353ms
2026-10-01T06:53:18.7330904Z     mixed_process_chaos_test.go:843: restarted node grandchild id=c-26514356ab5a5acbf20ad5ce3acc8168 audit=10.79496ms
2026-10-01T06:53:18.7332284Z     mixed_process_chaos_test.go:843: restarted node grandchild id=c-a879b3a6c93c88e46e7761b1e78637a2 audit=10.011455ms
2026-10-01T06:53:18.7335130Z     mixed_process_chaos_test.go:843: restarted node grandchild id=c-535b8aa9db45ad629d92ad1b11208e82 audit=10.720447ms
2026-10-01T06:53:18.7336531Z     mixed_process_chaos_test.go:843: restarted node grandchild id=c-ce30b309161f5923793aaf2cbc016d4e audit=10.614203ms
2026-10-01T06:53:18.7338015Z     mixed_process_chaos_test.go:843: restarted node grandchild id=c-e1b3e514a9d31e1c0ae0fcf9d9dcde03 audit=10.722457ms
2026-10-01T06:53:18.7339464Z     mixed_process_chaos_test.go:843: restarted node grandchild id=c-bb5f73df9b542dac375d03b4ea875933 audit=9.946741ms
2026-10-01T06:53:18.7340820Z     mixed_process_chaos_test.go:843: restarted node grandchild id=c-01365f6a38e7c1ac2db485fc10fda086 audit=9.94362ms
2026-10-01T06:53:18.7341981Z     mixed_process_chaos_test.go:843: restarted node grandchild id=c-a44599fc4037c49e5e71abfb8f6d759c audit=9.869746ms
2026-10-01T06:53:18.7343645Z     mixed_process_chaos_test.go:843: restarted node grandchild id=c-e14a2648bb4377e8830f7b0584cfd294 audit=10.047866ms
2026-10-01T06:53:18.7344872Z     mixed_process_chaos_test.go:871: survivor node 0 WF_SIG ready in 1.054139ms after 1 attempts
2026-10-01T06:53:18.7346075Z     mixed_process_chaos_test.go:894: mixed terminal type=mixedtimer id=mixed-00-0 latency=6.170456872s
2026-10-01T06:53:18.7347305Z     mixed_process_chaos_test.go:894: mixed terminal type=mixedshort id=mixed-01-0 latency=3.245607021s
2026-10-01T06:53:18.7348543Z     mixed_process_chaos_test.go:894: mixed terminal type=mixedtimer id=mixed-02-0 latency=5.850605576s
2026-10-01T06:53:18.7349711Z     mixed_process_chaos_test.go:894: mixed terminal type=mixedshort id=mixed-03-0 latency=3.245615162s
2026-10-01T06:53:18.7350893Z     mixed_process_chaos_test.go:894: mixed terminal type=mixedshort id=mixed-04-0 latency=3.245667474s
2026-10-01T06:53:18.7352215Z     mixed_process_chaos_test.go:894: mixed terminal type=mixedshort id=mixed-05-0 latency=3.245643216s
2026-10-01T06:53:18.7353616Z     mixed_process_chaos_test.go:894: mixed terminal type=mixedsignal id=mixed-06-0 latency=1.805810007s
2026-10-01T06:53:18.7354857Z     mixed_process_chaos_test.go:894: mixed terminal type=mixedsignal id=mixed-07-0 latency=2.652555935s
2026-10-01T06:53:18.7356046Z     mixed_process_chaos_test.go:894: mixed terminal type=mixedtimer id=mixed-08-0 latency=3.454226413s
2026-10-01T06:53:18.7357184Z     mixed_process_chaos_test.go:894: mixed terminal type=mixedfanout id=mixed-09-0 latency=370.709563ms
2026-10-01T06:53:18.7358554Z     mixed_process_chaos_test.go:909: mixed terminal type=mixedchild id=c-2c0427b405f6e5cf41a7a5dd2529625c latency=1.746928703s
2026-10-01T06:53:18.7360281Z     mixed_process_chaos_test.go:909: mixed terminal type=mixedchild id=c-61a693bbe622d9d1cff620a5ba2cda7f latency=4.339070295s
2026-10-01T06:53:18.7361520Z     mixed_process_chaos_test.go:909: mixed terminal type=mixedchild id=c-3e3e4c70156e3fee9852004ca5949da3 latency=230.402412ms
2026-10-01T06:53:18.7363241Z     mixed_process_chaos_test.go:909: mixed terminal type=mixedchild id=c-2d7fcc22d483fcf51ba57e3b2077e464 latency=980.677797ms
2026-10-01T06:53:18.7364727Z     mixed_process_chaos_test.go:909: mixed terminal type=mixedchild id=c-1eaf330c748a119ebeda4a23d05429de latency=2.069148747s
2026-10-01T06:53:18.7366316Z     mixed_process_chaos_test.go:909: mixed terminal type=mixedchild id=c-708e303ec63ebd5c030bc9ab47ec7aac latency=360.123019ms
2026-10-01T06:53:18.7367857Z     mixed_process_chaos_test.go:917: mixed terminal type=mixedgrandchild id=c-425aa24102bf9165ef736361fbbfbb9e latency=3.781610398s
2026-10-01T06:53:18.7369415Z     mixed_process_chaos_test.go:917: mixed terminal type=mixedgrandchild id=c-81df727d0b247de4898e89bde451172f latency=3.302745842s
2026-10-01T06:53:18.7370913Z     mixed_process_chaos_test.go:917: mixed terminal type=mixedgrandchild id=c-8129cf1d1fd8e3a209b19b528165f4df latency=3.274511837s
2026-10-01T06:53:18.7372512Z     mixed_process_chaos_test.go:917: mixed terminal type=mixedgrandchild id=c-26514356ab5a5acbf20ad5ce3acc8168 latency=3.334293504s
2026-10-01T06:53:18.7374098Z     mixed_process_chaos_test.go:917: mixed terminal type=mixedgrandchild id=c-a879b3a6c93c88e46e7761b1e78637a2 latency=8.291806506s
2026-10-01T06:53:18.7375647Z     mixed_process_chaos_test.go:917: mixed terminal type=mixedgrandchild id=c-535b8aa9db45ad629d92ad1b11208e82 latency=5.468099407s
2026-10-01T06:53:18.7377210Z     mixed_process_chaos_test.go:917: mixed terminal type=mixedgrandchild id=c-ce30b309161f5923793aaf2cbc016d4e latency=4.291969642s
2026-10-01T06:53:18.7378520Z     mixed_process_chaos_test.go:917: mixed terminal type=mixedgrandchild id=c-e1b3e514a9d31e1c0ae0fcf9d9dcde03 latency=4.517426307s
2026-10-01T06:53:18.7380080Z     mixed_process_chaos_test.go:917: mixed terminal type=mixedgrandchild id=c-bb5f73df9b542dac375d03b4ea875933 latency=3.274497163s
2026-10-01T06:53:18.7381625Z     mixed_process_chaos_test.go:917: mixed terminal type=mixedgrandchild id=c-01365f6a38e7c1ac2db485fc10fda086 latency=3.274515152s
2026-10-01T06:53:18.7383433Z     mixed_process_chaos_test.go:917: mixed terminal type=mixedgrandchild id=c-a44599fc4037c49e5e71abfb8f6d759c latency=4.717993416s
2026-10-01T06:53:18.7385001Z     mixed_process_chaos_test.go:917: mixed terminal type=mixedgrandchild id=c-e14a2648bb4377e8830f7b0584cfd294 latency=5.199467861s
2026-10-01T06:53:18.7386501Z     mixed_process_chaos_test.go:921: mixed terminal p99 from last enabling event=8.291806506s across 28 invocations
2026-10-01T06:53:18.7392154Z     mixed_process_chaos_test.go:922: mixed workers before={LeaseAcquisitions:26 LeaseContentions:22 LeaseAcquireFailures:0 FencingEvents:6 HandoffEnqueues:6 Redeliveries:2 EnqueueToLeaseSamples:26 EnqueueToLeaseTotal:37.602694886s EnqueueToLeaseMaximum:15.612959574s EnqueueToLeaseBuckets:[14 5 2 4 1 0] TimersScheduled:24 TimersFired:0 TimerLateTotal:0s TimerLateMaximum:0s TimerLateBuckets:[0 0 0 0 0 0] CancelledTimerNoOps:0} after={LeaseAcquisitions:71 LeaseContentions:7 LeaseAcquireFailures:20 FencingEvents:0 HandoffEnqueues:0 Redeliveries:30 EnqueueToLeaseSamples:71 EnqueueToLeaseTotal:8m26.061646067s EnqueueToLeaseMaximum:20.420352642s EnqueueToLeaseBuckets:[4 5 9 38 15 0] TimersScheduled:0 TimersFired:24 TimerLateTotal:4.964922828s TimerLateMaximum:250.034799ms TimerLateBuckets:[1 23 0 0 0 0] CancelledTimerNoOps:0}
2026-10-01T06:53:20.1596228Z --- PASS: TestMixedWorkflowsRecoverFromFourServerFaults (28.34s)
2026-10-01T06:53:20.1596646Z PASS
2026-10-01T06:53:20.1605919Z ok  	js-wf/integration	28.347s
2026-10-01T06:53:20.1702396Z Mixed workflow seed 6 (1..20)
2026-10-01T06:53:20.8849485Z === RUN   TestMixedWorkflowsRecoverFromFourServerFaults
2026-10-01T06:53:26.5903151Z     mixed_process_chaos_test.go:516: FAULT_SEED=6 FAULT_SCHEDULE=mixed-four-faults-6.json
2026-10-01T06:53:44.2300836Z     mixed_process_chaos_test.go:692: post-heal signal repair inspected=34 reenqueued=33
2026-10-01T06:53:44.2301610Z     mixed_process_chaos_test.go:704: mixed recovery type=mixedshort id=mixed-00-0 latency=3.456208458s
2026-10-01T06:53:44.2302355Z     mixed_process_chaos_test.go:704: mixed recovery type=mixedshort id=mixed-06-0 latency=3.561341398s
2026-10-01T06:53:44.2303341Z     mixed_process_chaos_test.go:704: mixed recovery type=mixedshort id=mixed-03-0 latency=3.826041773s
2026-10-01T06:53:44.2304048Z     mixed_process_chaos_test.go:704: mixed recovery type=mixedshort id=mixed-02-0 latency=3.912417653s
2026-10-01T06:53:48.0745173Z     mixed_process_chaos_test.go:704: mixed recovery type=mixedtimer id=mixed-01-0 latency=9.317360722s
2026-10-01T06:53:48.2742844Z     mixed_process_chaos_test.go:704: mixed recovery type=mixedtimer id=mixed-04-0 latency=9.517126831s
2026-10-01T06:53:48.8742494Z     mixed_process_chaos_test.go:704: mixed recovery type=mixedtimer id=mixed-07-0 latency=10.11714208s
2026-10-01T06:54:02.6740693Z     mixed_process_chaos_test.go:704: mixed recovery type=mixedsignal id=mixed-05-0 latency=19.461284743s
2026-10-01T06:54:02.7819509Z     mixed_process_chaos_test.go:704: mixed recovery type=mixedfanout id=mixed-09-0 latency=24.024739421s
2026-10-01T06:54:02.8746452Z     mixed_process_chaos_test.go:704: mixed recovery type=mixedsignal id=mixed-08-0 latency=18.83675034s
2026-10-01T06:54:02.8749158Z     mixed_process_chaos_test.go:709: mixed provisional result observation: p99=24.024739421s max=24.024739421s (fan-out parent still measured from quorum)
2026-10-01T06:54:02.9305245Z     mixed_process_chaos_test.go:749: restarted node WF_JRN ready in 1.308259ms after 1 attempts
2026-10-01T06:54:02.9426787Z     mixed_process_chaos_test.go:825: restarted node terminal type=mixedshort id=mixed-00-0 audit=11.951765ms
2026-10-01T06:54:02.9429613Z     mixed_process_chaos_test.go:825: restarted node terminal type=mixedtimer id=mixed-01-0 audit=11.809104ms
2026-10-01T06:54:02.9430962Z     mixed_process_chaos_test.go:825: restarted node terminal type=mixedshort id=mixed-02-0 audit=11.922077ms
2026-10-01T06:54:02.9431987Z     mixed_process_chaos_test.go:825: restarted node terminal type=mixedshort id=mixed-03-0 audit=11.896115ms
2026-10-01T06:54:02.9433388Z     mixed_process_chaos_test.go:825: restarted node terminal type=mixedtimer id=mixed-04-0 audit=11.848539ms
2026-10-01T06:54:02.9435181Z     mixed_process_chaos_test.go:825: restarted node terminal type=mixedsignal id=mixed-05-0 audit=11.737655ms
2026-10-01T06:54:02.9436474Z     mixed_process_chaos_test.go:825: restarted node terminal type=mixedshort id=mixed-06-0 audit=11.654961ms
2026-10-01T06:54:02.9437710Z     mixed_process_chaos_test.go:825: restarted node terminal type=mixedtimer id=mixed-07-0 audit=11.63889ms
2026-10-01T06:54:02.9438957Z     mixed_process_chaos_test.go:825: restarted node terminal type=mixedsignal id=mixed-08-0 audit=11.786685ms
2026-10-01T06:54:02.9439903Z     mixed_process_chaos_test.go:825: restarted node terminal type=mixedfanout id=mixed-09-0 audit=11.854594ms
2026-10-01T06:54:02.9441123Z     mixed_process_chaos_test.go:836: restarted node child id=c-2c0427b405f6e5cf41a7a5dd2529625c audit=11.690046ms
2026-10-01T06:54:02.9442476Z     mixed_process_chaos_test.go:836: restarted node child id=c-61a693bbe622d9d1cff620a5ba2cda7f audit=11.708819ms
2026-10-01T06:54:02.9443936Z     mixed_process_chaos_test.go:836: restarted node child id=c-3e3e4c70156e3fee9852004ca5949da3 audit=11.76409ms
2026-10-01T06:54:02.9445250Z     mixed_process_chaos_test.go:836: restarted node child id=c-2d7fcc22d483fcf51ba57e3b2077e464 audit=11.704283ms
2026-10-01T06:54:02.9446612Z     mixed_process_chaos_test.go:836: restarted node child id=c-1eaf330c748a119ebeda4a23d05429de audit=11.769512ms
2026-10-01T06:54:02.9448047Z     mixed_process_chaos_test.go:836: restarted node child id=c-708e303ec63ebd5c030bc9ab47ec7aac audit=11.897292ms
2026-10-01T06:54:02.9449444Z     mixed_process_chaos_test.go:843: restarted node grandchild id=c-425aa24102bf9165ef736361fbbfbb9e audit=8.183513ms
2026-10-01T06:54:02.9451173Z     mixed_process_chaos_test.go:843: restarted node grandchild id=c-81df727d0b247de4898e89bde451172f audit=11.78896ms
2026-10-01T06:54:02.9453043Z     mixed_process_chaos_test.go:843: restarted node grandchild id=c-8129cf1d1fd8e3a209b19b528165f4df audit=11.930689ms
2026-10-01T06:54:02.9454609Z     mixed_process_chaos_test.go:843: restarted node grandchild id=c-26514356ab5a5acbf20ad5ce3acc8168 audit=11.803402ms
2026-10-01T06:54:02.9456183Z     mixed_process_chaos_test.go:843: restarted node grandchild id=c-a879b3a6c93c88e46e7761b1e78637a2 audit=11.832608ms
2026-10-01T06:54:02.9457683Z     mixed_process_chaos_test.go:843: restarted node grandchild id=c-535b8aa9db45ad629d92ad1b11208e82 audit=11.765881ms
2026-10-01T06:54:02.9459075Z     mixed_process_chaos_test.go:843: restarted node grandchild id=c-ce30b309161f5923793aaf2cbc016d4e audit=11.861677ms
2026-10-01T06:54:02.9460169Z     mixed_process_chaos_test.go:843: restarted node grandchild id=c-e1b3e514a9d31e1c0ae0fcf9d9dcde03 audit=11.874621ms
2026-10-01T06:54:02.9461487Z     mixed_process_chaos_test.go:843: restarted node grandchild id=c-bb5f73df9b542dac375d03b4ea875933 audit=11.676406ms
2026-10-01T06:54:02.9462943Z     mixed_process_chaos_test.go:843: restarted node grandchild id=c-01365f6a38e7c1ac2db485fc10fda086 audit=11.706518ms
2026-10-01T06:54:02.9464331Z     mixed_process_chaos_test.go:843: restarted node grandchild id=c-a44599fc4037c49e5e71abfb8f6d759c audit=9.518113ms
2026-10-01T06:54:02.9465734Z     mixed_process_chaos_test.go:843: restarted node grandchild id=c-e14a2648bb4377e8830f7b0584cfd294 audit=11.749887ms
2026-10-01T06:54:02.9466740Z     mixed_process_chaos_test.go:871: survivor node 2 WF_SIG ready in 1.290638ms after 1 attempts
2026-10-01T06:54:02.9467698Z     mixed_process_chaos_test.go:894: mixed terminal type=mixedshort id=mixed-00-0 latency=3.399789774s
2026-10-01T06:54:02.9468676Z     mixed_process_chaos_test.go:894: mixed terminal type=mixedtimer id=mixed-01-0 latency=9.220145892s
2026-10-01T06:54:02.9469712Z     mixed_process_chaos_test.go:894: mixed terminal type=mixedshort id=mixed-02-0 latency=3.772603504s
2026-10-01T06:54:02.9470628Z     mixed_process_chaos_test.go:894: mixed terminal type=mixedshort id=mixed-03-0 latency=3.770772434s
2026-10-01T06:54:02.9471604Z     mixed_process_chaos_test.go:894: mixed terminal type=mixedtimer id=mixed-04-0 latency=9.477888889s
2026-10-01T06:54:02.9472420Z     mixed_process_chaos_test.go:894: mixed terminal type=mixedsignal id=mixed-05-0 latency=19.42063955s
2026-10-01T06:54:02.9473465Z     mixed_process_chaos_test.go:894: mixed terminal type=mixedshort id=mixed-06-0 latency=3.505813919s
2026-10-01T06:54:02.9474477Z     mixed_process_chaos_test.go:894: mixed terminal type=mixedtimer id=mixed-07-0 latency=10.075397695s
2026-10-01T06:54:02.9475469Z     mixed_process_chaos_test.go:894: mixed terminal type=mixedsignal id=mixed-08-0 latency=18.790647869s
2026-10-01T06:54:02.9476566Z     mixed_process_chaos_test.go:894: mixed terminal type=mixedfanout id=mixed-09-0 latency=3.637363094s
2026-10-01T06:54:02.9477682Z     mixed_process_chaos_test.go:909: mixed terminal type=mixedchild id=c-2c0427b405f6e5cf41a7a5dd2529625c latency=5.339228658s
2026-10-01T06:54:02.9479054Z     mixed_process_chaos_test.go:909: mixed terminal type=mixedchild id=c-61a693bbe622d9d1cff620a5ba2cda7f latency=4.374839737s
2026-10-01T06:54:02.9480529Z     mixed_process_chaos_test.go:909: mixed terminal type=mixedchild id=c-3e3e4c70156e3fee9852004ca5949da3 latency=6.718647681s
2026-10-01T06:54:02.9481767Z     mixed_process_chaos_test.go:909: mixed terminal type=mixedchild id=c-2d7fcc22d483fcf51ba57e3b2077e464 latency=8.275995546s
2026-10-01T06:54:02.9482993Z     mixed_process_chaos_test.go:909: mixed terminal type=mixedchild id=c-1eaf330c748a119ebeda4a23d05429de latency=3.114089785s
2026-10-01T06:54:02.9484278Z     mixed_process_chaos_test.go:909: mixed terminal type=mixedchild id=c-708e303ec63ebd5c030bc9ab47ec7aac latency=4.272717042s
2026-10-01T06:54:02.9485920Z     mixed_process_chaos_test.go:917: mixed terminal type=mixedgrandchild id=c-425aa24102bf9165ef736361fbbfbb9e latency=10.725133476s
2026-10-01T06:54:02.9487504Z     mixed_process_chaos_test.go:917: mixed terminal type=mixedgrandchild id=c-81df727d0b247de4898e89bde451172f latency=10.777672065s
2026-10-01T06:54:02.9488983Z     mixed_process_chaos_test.go:917: mixed terminal type=mixedgrandchild id=c-8129cf1d1fd8e3a209b19b528165f4df latency=10.875662408s
2026-10-01T06:54:02.9490484Z     mixed_process_chaos_test.go:917: mixed terminal type=mixedgrandchild id=c-26514356ab5a5acbf20ad5ce3acc8168 latency=15.219788296s
2026-10-01T06:54:02.9492187Z     mixed_process_chaos_test.go:917: mixed terminal type=mixedgrandchild id=c-a879b3a6c93c88e46e7761b1e78637a2 latency=9.366739215s
2026-10-01T06:54:02.9494372Z     mixed_process_chaos_test.go:917: mixed terminal type=mixedgrandchild id=c-535b8aa9db45ad629d92ad1b11208e82 latency=13.574339838s
2026-10-01T06:54:02.9495990Z     mixed_process_chaos_test.go:917: mixed terminal type=mixedgrandchild id=c-ce30b309161f5923793aaf2cbc016d4e latency=4.527368701s
2026-10-01T06:54:02.9498461Z     mixed_process_chaos_test.go:917: mixed terminal type=mixedgrandchild id=c-e1b3e514a9d31e1c0ae0fcf9d9dcde03 latency=6.445538673s
2026-10-01T06:54:02.9499895Z     mixed_process_chaos_test.go:917: mixed terminal type=mixedgrandchild id=c-bb5f73df9b542dac375d03b4ea875933 latency=15.467887487s
2026-10-01T06:54:02.9501123Z     mixed_process_chaos_test.go:917: mixed terminal type=mixedgrandchild id=c-01365f6a38e7c1ac2db485fc10fda086 latency=15.166958989s
2026-10-01T06:54:02.9502566Z     mixed_process_chaos_test.go:917: mixed terminal type=mixedgrandchild id=c-a44599fc4037c49e5e71abfb8f6d759c latency=15.114361834s
2026-10-01T06:54:02.9504041Z     mixed_process_chaos_test.go:917: mixed terminal type=mixedgrandchild id=c-e14a2648bb4377e8830f7b0584cfd294 latency=3.71779633s
2026-10-01T06:54:02.9505161Z     mixed_process_chaos_test.go:921: mixed terminal p99 from last enabling event=19.42063955s across 28 invocations
2026-10-01T06:54:02.9511404Z     mixed_process_chaos_test.go:922: mixed workers before={LeaseAcquisitions:37 LeaseContentions:32 LeaseAcquireFailures:0 FencingEvents:4 HandoffEnqueues:4 Redeliveries:23 EnqueueToLeaseSamples:37 EnqueueToLeaseTotal:2m11.714729743s EnqueueToLeaseMaximum:21.792347883s EnqueueToLeaseBuckets:[12 4 9 5 7 0] TimersScheduled:24 TimersFired:8 TimerLateTotal:19.803706157s TimerLateMaximum:2.506516749s TimerLateBuckets:[0 0 0 8 0 0] CancelledTimerNoOps:0} after={LeaseAcquisitions:27 LeaseContentions:151 LeaseAcquireFailures:0 FencingEvents:0 HandoffEnqueues:0 Redeliveries:113 EnqueueToLeaseSamples:27 EnqueueToLeaseTotal:5m52.727930328s EnqueueToLeaseMaximum:24.897906046s EnqueueToLeaseBuckets:[0 0 5 5 17 0] TimersScheduled:0 TimersFired:16 TimerLateTotal:39.461861258s TimerLateMaximum:2.497255127s TimerLateBuckets:[0 0 0 16 0 0] CancelledTimerNoOps:0}
2026-10-01T06:54:07.7384268Z --- PASS: TestMixedWorkflowsRecoverFromFourServerFaults (46.85s)
2026-10-01T06:54:07.7384921Z PASS
2026-10-01T06:54:07.7395452Z ok  	js-wf/integration	46.859s
2026-10-01T06:54:07.7492219Z Mixed workflow seed 7 (1..20)
2026-10-01T06:54:08.4682965Z === RUN   TestMixedWorkflowsRecoverFromFourServerFaults
2026-10-01T06:54:14.1776353Z     mixed_process_chaos_test.go:516: FAULT_SEED=7 FAULT_SCHEDULE=mixed-four-faults-7.json
2026-10-01T06:54:34.5035827Z     mixed_process_chaos_test.go:692: post-heal signal repair inspected=35 reenqueued=17
2026-10-01T06:54:34.5036622Z     mixed_process_chaos_test.go:704: mixed recovery type=mixedshort id=mixed-07-0 latency=2.919299872s
2026-10-01T06:54:34.5037346Z     mixed_process_chaos_test.go:704: mixed recovery type=mixedshort id=mixed-04-0 latency=2.91931414s
2026-10-01T06:54:34.5038051Z     mixed_process_chaos_test.go:704: mixed recovery type=mixedshort id=mixed-08-0 latency=2.919967394s
2026-10-01T06:54:34.5038750Z     mixed_process_chaos_test.go:704: mixed recovery type=mixedshort id=mixed-02-0 latency=2.919979052s
2026-10-01T06:54:34.5039665Z     mixed_process_chaos_test.go:704: mixed recovery type=mixedtimer id=mixed-06-0 latency=5.392703488s
2026-10-01T06:54:34.5040364Z     mixed_process_chaos_test.go:704: mixed recovery type=mixedtimer id=mixed-05-0 latency=7.190382821s
2026-10-01T06:54:34.5041066Z     mixed_process_chaos_test.go:704: mixed recovery type=mixedtimer id=mixed-01-0 latency=7.190382831s
2026-10-01T06:54:36.9206538Z     mixed_process_chaos_test.go:704: mixed recovery type=mixedsignal id=mixed-00-0 latency=5.387124315s
2026-10-01T06:54:37.4623102Z     mixed_process_chaos_test.go:704: mixed recovery type=mixedsignal id=mixed-03-0 latency=4.411079791s
2026-10-01T06:54:45.0397496Z     mixed_process_chaos_test.go:704: mixed recovery type=mixedfanout id=mixed-09-0 latency=17.907665617s
2026-10-01T06:54:45.0404749Z     mixed_process_chaos_test.go:709: mixed provisional result observation: p99=17.907665617s max=17.907665617s (fan-out parent still measured from quorum)
2026-10-01T06:54:45.0957920Z     mixed_process_chaos_test.go:749: restarted node WF_JRN ready in 1.117781ms after 1 attempts
2026-10-01T06:54:45.1065946Z     mixed_process_chaos_test.go:825: restarted node terminal type=mixedsignal id=mixed-00-0 audit=9.742255ms
2026-10-01T06:54:45.1067427Z     mixed_process_chaos_test.go:825: restarted node terminal type=mixedtimer id=mixed-01-0 audit=9.3185ms
2026-10-01T06:54:45.1068775Z     mixed_process_chaos_test.go:825: restarted node terminal type=mixedshort id=mixed-02-0 audit=9.725549ms
2026-10-01T06:54:45.1069878Z     mixed_process_chaos_test.go:825: restarted node terminal type=mixedsignal id=mixed-03-0 audit=9.354301ms
2026-10-01T06:54:45.1071191Z     mixed_process_chaos_test.go:825: restarted node terminal type=mixedshort id=mixed-04-0 audit=9.972837ms
2026-10-01T06:54:45.1072491Z     mixed_process_chaos_test.go:825: restarted node terminal type=mixedtimer id=mixed-05-0 audit=9.447802ms
2026-10-01T06:54:45.1073930Z     mixed_process_chaos_test.go:825: restarted node terminal type=mixedtimer id=mixed-06-0 audit=9.429845ms
2026-10-01T06:54:45.1075214Z     mixed_process_chaos_test.go:825: restarted node terminal type=mixedshort id=mixed-07-0 audit=9.346398ms
2026-10-01T06:54:45.1076473Z     mixed_process_chaos_test.go:825: restarted node terminal type=mixedshort id=mixed-08-0 audit=9.393139ms
2026-10-01T06:54:45.1077556Z     mixed_process_chaos_test.go:825: restarted node terminal type=mixedfanout id=mixed-09-0 audit=9.340591ms
2026-10-01T06:54:45.1078337Z     mixed_process_chaos_test.go:836: restarted node child id=c-2c0427b405f6e5cf41a7a5dd2529625c audit=9.275802ms
2026-10-01T06:54:45.1079124Z     mixed_process_chaos_test.go:836: restarted node child id=c-61a693bbe622d9d1cff620a5ba2cda7f audit=9.335198ms
2026-10-01T06:54:45.1079962Z     mixed_process_chaos_test.go:836: restarted node child id=c-3e3e4c70156e3fee9852004ca5949da3 audit=10.535878ms
2026-10-01T06:54:45.1081466Z     mixed_process_chaos_test.go:836: restarted node child id=c-2d7fcc22d483fcf51ba57e3b2077e464 audit=9.674695ms
2026-10-01T06:54:45.1082357Z     mixed_process_chaos_test.go:836: restarted node child id=c-1eaf330c748a119ebeda4a23d05429de audit=9.348405ms
2026-10-01T06:54:45.1083632Z     mixed_process_chaos_test.go:836: restarted node child id=c-708e303ec63ebd5c030bc9ab47ec7aac audit=9.239552ms
2026-10-01T06:54:45.1085086Z     mixed_process_chaos_test.go:843: restarted node grandchild id=c-425aa24102bf9165ef736361fbbfbb9e audit=9.269737ms
2026-10-01T06:54:45.1086432Z     mixed_process_chaos_test.go:843: restarted node grandchild id=c-81df727d0b247de4898e89bde451172f audit=9.235301ms
2026-10-01T06:54:45.1087767Z     mixed_process_chaos_test.go:843: restarted node grandchild id=c-8129cf1d1fd8e3a209b19b528165f4df audit=9.188348ms
2026-10-01T06:54:45.1089129Z     mixed_process_chaos_test.go:843: restarted node grandchild id=c-26514356ab5a5acbf20ad5ce3acc8168 audit=9.465654ms
2026-10-01T06:54:45.1090513Z     mixed_process_chaos_test.go:843: restarted node grandchild id=c-a879b3a6c93c88e46e7761b1e78637a2 audit=9.782242ms
2026-10-01T06:54:45.1092204Z     mixed_process_chaos_test.go:843: restarted node grandchild id=c-535b8aa9db45ad629d92ad1b11208e82 audit=9.015971ms
2026-10-01T06:54:45.1093444Z     mixed_process_chaos_test.go:843: restarted node grandchild id=c-ce30b309161f5923793aaf2cbc016d4e audit=9.229772ms
2026-10-01T06:54:45.1094511Z     mixed_process_chaos_test.go:843: restarted node grandchild id=c-e1b3e514a9d31e1c0ae0fcf9d9dcde03 audit=9.241018ms
2026-10-01T06:54:45.1095603Z     mixed_process_chaos_test.go:843: restarted node grandchild id=c-bb5f73df9b542dac375d03b4ea875933 audit=9.834903ms
2026-10-01T06:54:45.1096872Z     mixed_process_chaos_test.go:843: restarted node grandchild id=c-01365f6a38e7c1ac2db485fc10fda086 audit=9.211213ms
2026-10-01T06:54:45.1098105Z     mixed_process_chaos_test.go:843: restarted node grandchild id=c-a44599fc4037c49e5e71abfb8f6d759c audit=10.47142ms
2026-10-01T06:54:45.1099211Z     mixed_process_chaos_test.go:843: restarted node grandchild id=c-e14a2648bb4377e8830f7b0584cfd294 audit=9.301199ms
2026-10-01T06:54:45.1100446Z     mixed_process_chaos_test.go:871: survivor node 1 WF_SIG ready in 681.35µs after 1 attempts
2026-10-01T06:54:45.1101492Z     mixed_process_chaos_test.go:894: mixed terminal type=mixedsignal id=mixed-00-0 latency=5.380104474s
2026-10-01T06:54:45.1102828Z     mixed_process_chaos_test.go:894: mixed terminal type=mixedtimer id=mixed-01-0 latency=7.099774158s
2026-10-01T06:54:45.1103779Z     mixed_process_chaos_test.go:894: mixed terminal type=mixedshort id=mixed-02-0 latency=2.828830282s
2026-10-01T06:54:45.1104678Z     mixed_process_chaos_test.go:894: mixed terminal type=mixedsignal id=mixed-03-0 latency=4.376357009s
2026-10-01T06:54:45.1105738Z     mixed_process_chaos_test.go:894: mixed terminal type=mixedshort id=mixed-04-0 latency=2.828818137s
2026-10-01T06:54:45.1106710Z     mixed_process_chaos_test.go:894: mixed terminal type=mixedtimer id=mixed-05-0 latency=7.099767778s
2026-10-01T06:54:45.1107853Z     mixed_process_chaos_test.go:894: mixed terminal type=mixedtimer id=mixed-06-0 latency=5.300232143s
2026-10-01T06:54:45.1108860Z     mixed_process_chaos_test.go:894: mixed terminal type=mixedshort id=mixed-07-0 latency=2.828805814s
2026-10-01T06:54:45.1109729Z     mixed_process_chaos_test.go:894: mixed terminal type=mixedshort id=mixed-08-0 latency=2.828823316s
2026-10-01T06:54:45.1111116Z     mixed_process_chaos_test.go:894: mixed terminal type=mixedfanout id=mixed-09-0 latency=1.150493195s
2026-10-01T06:54:45.1112210Z     mixed_process_chaos_test.go:909: mixed terminal type=mixedchild id=c-2c0427b405f6e5cf41a7a5dd2529625c latency=717.8974ms
2026-10-01T06:54:45.1113728Z     mixed_process_chaos_test.go:909: mixed terminal type=mixedchild id=c-61a693bbe622d9d1cff620a5ba2cda7f latency=530.335764ms
2026-10-01T06:54:45.1115080Z     mixed_process_chaos_test.go:909: mixed terminal type=mixedchild id=c-3e3e4c70156e3fee9852004ca5949da3 latency=637.111099ms
2026-10-01T06:54:45.1116534Z     mixed_process_chaos_test.go:909: mixed terminal type=mixedchild id=c-2d7fcc22d483fcf51ba57e3b2077e464 latency=644.712453ms
2026-10-01T06:54:45.1117842Z     mixed_process_chaos_test.go:909: mixed terminal type=mixedchild id=c-1eaf330c748a119ebeda4a23d05429de latency=795.161715ms
2026-10-01T06:54:45.1119173Z     mixed_process_chaos_test.go:909: mixed terminal type=mixedchild id=c-708e303ec63ebd5c030bc9ab47ec7aac latency=1.184576375s
2026-10-01T06:54:45.1120772Z     mixed_process_chaos_test.go:917: mixed terminal type=mixedgrandchild id=c-425aa24102bf9165ef736361fbbfbb9e latency=13.535393243s
2026-10-01T06:54:45.1121937Z     mixed_process_chaos_test.go:917: mixed terminal type=mixedgrandchild id=c-81df727d0b247de4898e89bde451172f latency=4.957710304s
2026-10-01T06:54:45.1123335Z     mixed_process_chaos_test.go:917: mixed terminal type=mixedgrandchild id=c-8129cf1d1fd8e3a209b19b528165f4df latency=8.900209065s
2026-10-01T06:54:45.1124303Z     mixed_process_chaos_test.go:917: mixed terminal type=mixedgrandchild id=c-26514356ab5a5acbf20ad5ce3acc8168 latency=15.793119245s
2026-10-01T06:54:45.1125323Z     mixed_process_chaos_test.go:917: mixed terminal type=mixedgrandchild id=c-a879b3a6c93c88e46e7761b1e78637a2 latency=5.244719758s
2026-10-01T06:54:45.1126694Z     mixed_process_chaos_test.go:917: mixed terminal type=mixedgrandchild id=c-535b8aa9db45ad629d92ad1b11208e82 latency=8.719006686s
2026-10-01T06:54:45.1128152Z     mixed_process_chaos_test.go:917: mixed terminal type=mixedgrandchild id=c-ce30b309161f5923793aaf2cbc016d4e latency=11.549996298s
2026-10-01T06:54:45.1129337Z     mixed_process_chaos_test.go:917: mixed terminal type=mixedgrandchild id=c-e1b3e514a9d31e1c0ae0fcf9d9dcde03 latency=12.091337667s
2026-10-01T06:54:45.1130681Z     mixed_process_chaos_test.go:917: mixed terminal type=mixedgrandchild id=c-bb5f73df9b542dac375d03b4ea875933 latency=13.988159753s
2026-10-01T06:54:45.1131964Z     mixed_process_chaos_test.go:917: mixed terminal type=mixedgrandchild id=c-01365f6a38e7c1ac2db485fc10fda086 latency=4.689881922s
2026-10-01T06:54:45.1133445Z     mixed_process_chaos_test.go:917: mixed terminal type=mixedgrandchild id=c-a44599fc4037c49e5e71abfb8f6d759c latency=11.550002186s
2026-10-01T06:54:45.1134951Z     mixed_process_chaos_test.go:917: mixed terminal type=mixedgrandchild id=c-e14a2648bb4377e8830f7b0584cfd294 latency=9.173552514s
2026-10-01T06:54:45.1135927Z     mixed_process_chaos_test.go:921: mixed terminal p99 from last enabling event=15.793119245s across 28 invocations
2026-10-01T06:54:45.1141988Z     mixed_process_chaos_test.go:922: mixed workers before={LeaseAcquisitions:57 LeaseContentions:42 LeaseAcquireFailures:0 FencingEvents:4 HandoffEnqueues:4 Redeliveries:31 EnqueueToLeaseSamples:57 EnqueueToLeaseTotal:3m46.478466811s EnqueueToLeaseMaximum:16.17314669s EnqueueToLeaseBuckets:[13 17 7 9 11 0] TimersScheduled:24 TimersFired:8 TimerLateTotal:19.727383521s TimerLateMaximum:2.492737074s TimerLateBuckets:[0 0 0 8 0 0] CancelledTimerNoOps:0} after={LeaseAcquisitions:36 LeaseContentions:36 LeaseAcquireFailures:0 FencingEvents:0 HandoffEnqueues:0 Redeliveries:27 EnqueueToLeaseSamples:36 EnqueueToLeaseTotal:7m2.285403179s EnqueueToLeaseMaximum:28.728543399s EnqueueToLeaseBuckets:[0 4 3 12 17 0] TimersScheduled:0 TimersFired:16 TimerLateTotal:39.572313966s TimerLateMaximum:2.50871104s TimerLateBuckets:[0 0 0 16 0 0] CancelledTimerNoOps:0}
2026-10-01T06:54:48.8934025Z --- PASS: TestMixedWorkflowsRecoverFromFourServerFaults (40.43s)
2026-10-01T06:54:48.8934439Z PASS
2026-10-01T06:54:48.8944749Z ok  	js-wf/integration	40.430s
2026-10-01T06:54:48.9038113Z Mixed workflow seed 8 (1..20)
2026-10-01T06:54:49.6081488Z === RUN   TestMixedWorkflowsRecoverFromFourServerFaults
2026-10-01T06:54:55.3281074Z     mixed_process_chaos_test.go:516: FAULT_SEED=8 FAULT_SCHEDULE=mixed-four-faults-8.json
2026-10-01T06:55:15.7036767Z     mixed_process_chaos_test.go:692: post-heal signal repair inspected=44 reenqueued=16
2026-10-01T06:55:15.7038438Z     mixed_process_chaos_test.go:704: mixed recovery type=mixedshort id=mixed-04-0 latency=1.832106481s
2026-10-01T06:55:15.7040135Z     mixed_process_chaos_test.go:704: mixed recovery type=mixedshort id=mixed-06-0 latency=1.832586092s
2026-10-01T06:55:15.7044275Z     mixed_process_chaos_test.go:704: mixed recovery type=mixedshort id=mixed-02-0 latency=2.608138585s
2026-10-01T06:55:15.7045616Z     mixed_process_chaos_test.go:704: mixed recovery type=mixedshort id=mixed-01-0 latency=5.707222837s
2026-10-01T06:55:15.7046871Z     mixed_process_chaos_test.go:704: mixed recovery type=mixedtimer id=mixed-05-0 latency=7.115785864s
2026-10-01T06:55:15.7048094Z     mixed_process_chaos_test.go:704: mixed recovery type=mixedtimer id=mixed-08-0 latency=7.435962409s
2026-10-01T06:55:15.7049334Z     mixed_process_chaos_test.go:704: mixed recovery type=mixedtimer id=mixed-03-0 latency=7.436838115s
2026-10-01T06:55:18.9029318Z     mixed_process_chaos_test.go:704: mixed recovery type=mixedsignal id=mixed-00-0 latency=4.816357132s
2026-10-01T06:55:20.4021974Z     mixed_process_chaos_test.go:704: mixed recovery type=mixedfanout id=mixed-09-0 latency=12.910192857s
2026-10-01T06:55:20.8025963Z     mixed_process_chaos_test.go:704: mixed recovery type=mixedsignal id=mixed-07-0 latency=5.304184715s
2026-10-01T06:55:20.8028545Z     mixed_process_chaos_test.go:709: mixed provisional result observation: p99=12.910192857s max=12.910192857s (fan-out parent still measured from quorum)
2026-10-01T06:55:20.8576175Z     mixed_process_chaos_test.go:749: restarted node WF_JRN ready in 1.22488ms after 1 attempts
2026-10-01T06:55:20.8691849Z     mixed_process_chaos_test.go:825: restarted node terminal type=mixedsignal id=mixed-00-0 audit=9.616045ms
2026-10-01T06:55:20.8693398Z     mixed_process_chaos_test.go:825: restarted node terminal type=mixedshort id=mixed-01-0 audit=9.620791ms
2026-10-01T06:55:20.8694972Z     mixed_process_chaos_test.go:825: restarted node terminal type=mixedshort id=mixed-02-0 audit=10.813469ms
2026-10-01T06:55:20.8696183Z     mixed_process_chaos_test.go:825: restarted node terminal type=mixedtimer id=mixed-03-0 audit=9.620325ms
2026-10-01T06:55:20.8697271Z     mixed_process_chaos_test.go:825: restarted node terminal type=mixedshort id=mixed-04-0 audit=9.649481ms
2026-10-01T06:55:20.8698580Z     mixed_process_chaos_test.go:825: restarted node terminal type=mixedtimer id=mixed-05-0 audit=10.32269ms
2026-10-01T06:55:20.8699902Z     mixed_process_chaos_test.go:825: restarted node terminal type=mixedshort id=mixed-06-0 audit=10.771888ms
2026-10-01T06:55:20.8700816Z     mixed_process_chaos_test.go:825: restarted node terminal type=mixedsignal id=mixed-07-0 audit=11.094339ms
2026-10-01T06:55:20.8701923Z     mixed_process_chaos_test.go:825: restarted node terminal type=mixedtimer id=mixed-08-0 audit=11.227751ms
2026-10-01T06:55:20.8703202Z     mixed_process_chaos_test.go:825: restarted node terminal type=mixedfanout id=mixed-09-0 audit=11.246231ms
2026-10-01T06:55:20.8704433Z     mixed_process_chaos_test.go:836: restarted node child id=c-2c0427b405f6e5cf41a7a5dd2529625c audit=11.000111ms
2026-10-01T06:55:20.8705683Z     mixed_process_chaos_test.go:836: restarted node child id=c-61a693bbe622d9d1cff620a5ba2cda7f audit=11.206327ms
2026-10-01T06:55:20.8706871Z     mixed_process_chaos_test.go:836: restarted node child id=c-3e3e4c70156e3fee9852004ca5949da3 audit=10.9675ms
2026-10-01T06:55:20.8707647Z     mixed_process_chaos_test.go:836: restarted node child id=c-2d7fcc22d483fcf51ba57e3b2077e464 audit=10.733183ms
2026-10-01T06:55:20.8708815Z     mixed_process_chaos_test.go:836: restarted node child id=c-1eaf330c748a119ebeda4a23d05429de audit=11.278151ms
2026-10-01T06:55:20.8710218Z     mixed_process_chaos_test.go:836: restarted node child id=c-708e303ec63ebd5c030bc9ab47ec7aac audit=11.269258ms
2026-10-01T06:55:20.8711660Z     mixed_process_chaos_test.go:843: restarted node grandchild id=c-425aa24102bf9165ef736361fbbfbb9e audit=11.296275ms
2026-10-01T06:55:20.8716731Z     mixed_process_chaos_test.go:843: restarted node grandchild id=c-81df727d0b247de4898e89bde451172f audit=11.101072ms
2026-10-01T06:55:20.8718254Z     mixed_process_chaos_test.go:843: restarted node grandchild id=c-8129cf1d1fd8e3a209b19b528165f4df audit=11.028377ms
2026-10-01T06:55:20.8719673Z     mixed_process_chaos_test.go:843: restarted node grandchild id=c-26514356ab5a5acbf20ad5ce3acc8168 audit=11.05134ms
2026-10-01T06:55:20.8721191Z     mixed_process_chaos_test.go:843: restarted node grandchild id=c-a879b3a6c93c88e46e7761b1e78637a2 audit=11.052992ms
2026-10-01T06:55:20.8723248Z     mixed_process_chaos_test.go:843: restarted node grandchild id=c-535b8aa9db45ad629d92ad1b11208e82 audit=11.315444ms
2026-10-01T06:55:20.8725220Z     mixed_process_chaos_test.go:843: restarted node grandchild id=c-ce30b309161f5923793aaf2cbc016d4e audit=11.046102ms
2026-10-01T06:55:20.8726713Z     mixed_process_chaos_test.go:843: restarted node grandchild id=c-e1b3e514a9d31e1c0ae0fcf9d9dcde03 audit=9.544665ms
2026-10-01T06:55:20.8728090Z     mixed_process_chaos_test.go:843: restarted node grandchild id=c-bb5f73df9b542dac375d03b4ea875933 audit=10.71375ms
2026-10-01T06:55:20.8729424Z     mixed_process_chaos_test.go:843: restarted node grandchild id=c-01365f6a38e7c1ac2db485fc10fda086 audit=11.278331ms
2026-10-01T06:55:20.8742582Z     mixed_process_chaos_test.go:843: restarted node grandchild id=c-a44599fc4037c49e5e71abfb8f6d759c audit=10.709255ms
2026-10-01T06:55:20.8744231Z     mixed_process_chaos_test.go:843: restarted node grandchild id=c-e14a2648bb4377e8830f7b0584cfd294 audit=10.752446ms
2026-10-01T06:55:20.8746019Z     mixed_process_chaos_test.go:871: survivor node 0 WF_SIG ready in 911.123µs after 1 attempts
2026-10-01T06:55:20.8747245Z     mixed_process_chaos_test.go:894: mixed terminal type=mixedsignal id=mixed-00-0 latency=4.861358875s
2026-10-01T06:55:20.8748341Z     mixed_process_chaos_test.go:894: mixed terminal type=mixedshort id=mixed-01-0 latency=5.618958353s
2026-10-01T06:55:20.8749412Z     mixed_process_chaos_test.go:894: mixed terminal type=mixedshort id=mixed-02-0 latency=2.520128519s
2026-10-01T06:55:20.8750635Z     mixed_process_chaos_test.go:894: mixed terminal type=mixedtimer id=mixed-03-0 latency=7.315921236s
2026-10-01T06:55:20.8751687Z     mixed_process_chaos_test.go:894: mixed terminal type=mixedshort id=mixed-04-0 latency=1.796251938s
2026-10-01T06:55:20.8753086Z     mixed_process_chaos_test.go:894: mixed terminal type=mixedtimer id=mixed-05-0 latency=7.081218171s
2026-10-01T06:55:20.8754155Z     mixed_process_chaos_test.go:894: mixed terminal type=mixedshort id=mixed-06-0 latency=1.796256609s
2026-10-01T06:55:20.8755064Z     mixed_process_chaos_test.go:894: mixed terminal type=mixedsignal id=mixed-07-0 latency=5.305334439s
2026-10-01T06:55:20.8756163Z     mixed_process_chaos_test.go:894: mixed terminal type=mixedtimer id=mixed-08-0 latency=7.383936557s
2026-10-01T06:55:20.8757323Z     mixed_process_chaos_test.go:894: mixed terminal type=mixedfanout id=mixed-09-0 latency=843.752393ms
2026-10-01T06:55:20.8758720Z     mixed_process_chaos_test.go:909: mixed terminal type=mixedchild id=c-2c0427b405f6e5cf41a7a5dd2529625c latency=401.265984ms
2026-10-01T06:55:20.8760254Z     mixed_process_chaos_test.go:909: mixed terminal type=mixedchild id=c-61a693bbe622d9d1cff620a5ba2cda7f latency=4.812836847s
2026-10-01T06:55:20.8761627Z     mixed_process_chaos_test.go:909: mixed terminal type=mixedchild id=c-3e3e4c70156e3fee9852004ca5949da3 latency=871.793172ms
2026-10-01T06:55:20.8763239Z     mixed_process_chaos_test.go:909: mixed terminal type=mixedchild id=c-2d7fcc22d483fcf51ba57e3b2077e464 latency=1.646119778s
2026-10-01T06:55:20.8764704Z     mixed_process_chaos_test.go:909: mixed terminal type=mixedchild id=c-1eaf330c748a119ebeda4a23d05429de latency=857.322976ms
2026-10-01T06:55:20.8766118Z     mixed_process_chaos_test.go:909: mixed terminal type=mixedchild id=c-708e303ec63ebd5c030bc9ab47ec7aac latency=780.772792ms
2026-10-01T06:55:20.8767490Z     mixed_process_chaos_test.go:917: mixed terminal type=mixedgrandchild id=c-425aa24102bf9165ef736361fbbfbb9e latency=7.31288709s
2026-10-01T06:55:20.8769028Z     mixed_process_chaos_test.go:917: mixed terminal type=mixedgrandchild id=c-81df727d0b247de4898e89bde451172f latency=8.851102023s
2026-10-01T06:55:20.8770147Z     mixed_process_chaos_test.go:917: mixed terminal type=mixedgrandchild id=c-8129cf1d1fd8e3a209b19b528165f4df latency=2.049800749s
2026-10-01T06:55:20.8771561Z     mixed_process_chaos_test.go:917: mixed terminal type=mixedgrandchild id=c-26514356ab5a5acbf20ad5ce3acc8168 latency=2.049851267s
2026-10-01T06:55:20.8773158Z     mixed_process_chaos_test.go:917: mixed terminal type=mixedgrandchild id=c-a879b3a6c93c88e46e7761b1e78637a2 latency=11.120742182s
2026-10-01T06:55:20.8774339Z     mixed_process_chaos_test.go:917: mixed terminal type=mixedgrandchild id=c-535b8aa9db45ad629d92ad1b11208e82 latency=1.984822575s
2026-10-01T06:55:20.8775761Z     mixed_process_chaos_test.go:917: mixed terminal type=mixedgrandchild id=c-ce30b309161f5923793aaf2cbc016d4e latency=2.269358616s
2026-10-01T06:55:20.8777303Z     mixed_process_chaos_test.go:917: mixed terminal type=mixedgrandchild id=c-e1b3e514a9d31e1c0ae0fcf9d9dcde03 latency=5.216562096s
2026-10-01T06:55:20.8778748Z     mixed_process_chaos_test.go:917: mixed terminal type=mixedgrandchild id=c-bb5f73df9b542dac375d03b4ea875933 latency=6.523049761s
2026-10-01T06:55:20.8780505Z     mixed_process_chaos_test.go:917: mixed terminal type=mixedgrandchild id=c-01365f6a38e7c1ac2db485fc10fda086 latency=5.9281136s
2026-10-01T06:55:20.8782018Z     mixed_process_chaos_test.go:917: mixed terminal type=mixedgrandchild id=c-a44599fc4037c49e5e71abfb8f6d759c latency=7.347601905s
2026-10-01T06:55:20.8783508Z     mixed_process_chaos_test.go:917: mixed terminal type=mixedgrandchild id=c-e14a2648bb4377e8830f7b0584cfd294 latency=11.054220549s
2026-10-01T06:55:20.8784995Z     mixed_process_chaos_test.go:921: mixed terminal p99 from last enabling event=11.120742182s across 28 invocations
2026-10-01T06:55:20.8791160Z     mixed_process_chaos_test.go:922: mixed workers before={LeaseAcquisitions:32 LeaseContentions:64 LeaseAcquireFailures:0 FencingEvents:4 HandoffEnqueues:4 Redeliveries:38 EnqueueToLeaseSamples:32 EnqueueToLeaseTotal:48.901734477s EnqueueToLeaseMaximum:18.805144935s EnqueueToLeaseBuckets:[10 15 2 4 1 0] TimersScheduled:24 TimersFired:8 TimerLateTotal:1m0.392546035s TimerLateMaximum:7.580212677s TimerLateBuckets:[0 0 0 8 0 0] CancelledTimerNoOps:0} after={LeaseAcquisitions:40 LeaseContentions:38 LeaseAcquireFailures:1 FencingEvents:0 HandoffEnqueues:0 Redeliveries:26 EnqueueToLeaseSamples:40 EnqueueToLeaseTotal:6m14.272979136s EnqueueToLeaseMaximum:22.993270633s EnqueueToLeaseBuckets:[0 14 0 7 19 0] TimersScheduled:0 TimersFired:16 TimerLateTotal:2m0.604245666s TimerLateMaximum:7.567716757s TimerLateBuckets:[0 0 0 16 0 0] CancelledTimerNoOps:0}
2026-10-01T06:55:25.8508204Z --- PASS: TestMixedWorkflowsRecoverFromFourServerFaults (36.24s)
2026-10-01T06:55:25.8508650Z PASS
2026-10-01T06:55:25.8517552Z ok  	js-wf/integration	36.248s
2026-10-01T06:55:25.8621134Z Mixed workflow seed 9 (1..20)
2026-10-01T06:55:26.5537868Z === RUN   TestMixedWorkflowsRecoverFromFourServerFaults
2026-10-01T06:55:32.3106514Z     mixed_process_chaos_test.go:516: FAULT_SEED=9 FAULT_SCHEDULE=mixed-four-faults-9.json
2026-10-01T06:55:57.7101294Z     mixed_process_chaos_test.go:692: post-heal signal repair inspected=50 reenqueued=4
2026-10-01T06:55:57.7105304Z     mixed_process_chaos_test.go:704: mixed recovery type=mixedtimer id=mixed-06-0 latency=3.449027097s
2026-10-01T06:55:57.7106091Z     mixed_process_chaos_test.go:704: mixed recovery type=mixedtimer id=mixed-07-0 latency=3.91395623s
2026-10-01T06:55:57.7107061Z     mixed_process_chaos_test.go:704: mixed recovery type=mixedtimer id=mixed-00-0 latency=4.111237609s
2026-10-01T06:55:57.7107780Z     mixed_process_chaos_test.go:704: mixed recovery type=mixedshort id=mixed-03-0 latency=4.251235059s
2026-10-01T06:55:57.7108511Z     mixed_process_chaos_test.go:704: mixed recovery type=mixedshort id=mixed-08-0 latency=4.251237304s
2026-10-01T06:55:57.7109205Z     mixed_process_chaos_test.go:704: mixed recovery type=mixedshort id=mixed-01-0 latency=4.251248289s
2026-10-01T06:55:57.7109899Z     mixed_process_chaos_test.go:704: mixed recovery type=mixedshort id=mixed-04-0 latency=4.472015241s
2026-10-01T06:55:57.7110615Z     mixed_process_chaos_test.go:704: mixed recovery type=mixedsignal id=mixed-02-0 latency=1.69259382s
2026-10-01T06:55:57.7111330Z     mixed_process_chaos_test.go:704: mixed recovery type=mixedfanout id=mixed-09-0 latency=11.613043289s
2026-10-01T06:56:00.0762179Z     mixed_process_chaos_test.go:704: mixed recovery type=mixedsignal id=mixed-05-0 latency=3.723788823s
2026-10-01T06:56:00.0764232Z     mixed_process_chaos_test.go:709: mixed provisional result observation: p99=11.613043289s max=11.613043289s (fan-out parent still measured from quorum)
2026-10-01T06:56:03.2349376Z     mixed_process_chaos_test.go:749: restarted node WF_JRN ready in 3.10245011s after 2 attempts
2026-10-01T06:56:03.2445115Z     mixed_process_chaos_test.go:825: restarted node terminal type=mixedtimer id=mixed-00-0 audit=8.324163ms
2026-10-01T06:56:03.2446733Z     mixed_process_chaos_test.go:825: restarted node terminal type=mixedshort id=mixed-01-0 audit=8.350283ms
2026-10-01T06:56:03.2449042Z     mixed_process_chaos_test.go:825: restarted node terminal type=mixedsignal id=mixed-02-0 audit=8.355614ms
2026-10-01T06:56:03.2451171Z     mixed_process_chaos_test.go:825: restarted node terminal type=mixedshort id=mixed-03-0 audit=8.709652ms
2026-10-01T06:56:03.2452811Z     mixed_process_chaos_test.go:825: restarted node terminal type=mixedshort id=mixed-04-0 audit=8.328681ms
2026-10-01T06:56:03.2454224Z     mixed_process_chaos_test.go:825: restarted node terminal type=mixedsignal id=mixed-05-0 audit=9.108462ms
2026-10-01T06:56:03.2455768Z     mixed_process_chaos_test.go:825: restarted node terminal type=mixedtimer id=mixed-06-0 audit=6.938082ms
2026-10-01T06:56:03.2457024Z     mixed_process_chaos_test.go:825: restarted node terminal type=mixedtimer id=mixed-07-0 audit=9.113724ms
2026-10-01T06:56:03.2458173Z     mixed_process_chaos_test.go:825: restarted node terminal type=mixedshort id=mixed-08-0 audit=9.297506ms
2026-10-01T06:56:03.2459395Z     mixed_process_chaos_test.go:825: restarted node terminal type=mixedfanout id=mixed-09-0 audit=9.192511ms
2026-10-01T06:56:03.2460800Z     mixed_process_chaos_test.go:836: restarted node child id=c-2c0427b405f6e5cf41a7a5dd2529625c audit=9.062788ms
2026-10-01T06:56:03.2462195Z     mixed_process_chaos_test.go:836: restarted node child id=c-61a693bbe622d9d1cff620a5ba2cda7f audit=8.858729ms
2026-10-01T06:56:03.2464300Z     mixed_process_chaos_test.go:836: restarted node child id=c-3e3e4c70156e3fee9852004ca5949da3 audit=9.114122ms
2026-10-01T06:56:03.2465578Z     mixed_process_chaos_test.go:836: restarted node child id=c-2d7fcc22d483fcf51ba57e3b2077e464 audit=7.041841ms
2026-10-01T06:56:03.2466749Z     mixed_process_chaos_test.go:836: restarted node child id=c-1eaf330c748a119ebeda4a23d05429de audit=8.315729ms
2026-10-01T06:56:03.2468029Z     mixed_process_chaos_test.go:836: restarted node child id=c-708e303ec63ebd5c030bc9ab47ec7aac audit=8.301058ms
2026-10-01T06:56:03.2469423Z     mixed_process_chaos_test.go:843: restarted node grandchild id=c-425aa24102bf9165ef736361fbbfbb9e audit=8.227796ms
2026-10-01T06:56:03.2470682Z     mixed_process_chaos_test.go:843: restarted node grandchild id=c-81df727d0b247de4898e89bde451172f audit=8.93347ms
2026-10-01T06:56:03.2471704Z     mixed_process_chaos_test.go:843: restarted node grandchild id=c-8129cf1d1fd8e3a209b19b528165f4df audit=9.158193ms
2026-10-01T06:56:03.2473318Z     mixed_process_chaos_test.go:843: restarted node grandchild id=c-26514356ab5a5acbf20ad5ce3acc8168 audit=8.940947ms
2026-10-01T06:56:03.2474568Z     mixed_process_chaos_test.go:843: restarted node grandchild id=c-a879b3a6c93c88e46e7761b1e78637a2 audit=6.928843ms
2026-10-01T06:56:03.2475930Z     mixed_process_chaos_test.go:843: restarted node grandchild id=c-535b8aa9db45ad629d92ad1b11208e82 audit=8.556496ms
2026-10-01T06:56:03.2477216Z     mixed_process_chaos_test.go:843: restarted node grandchild id=c-ce30b309161f5923793aaf2cbc016d4e audit=9.132264ms
2026-10-01T06:56:03.2478184Z     mixed_process_chaos_test.go:843: restarted node grandchild id=c-e1b3e514a9d31e1c0ae0fcf9d9dcde03 audit=8.304065ms
2026-10-01T06:56:03.2479318Z     mixed_process_chaos_test.go:843: restarted node grandchild id=c-bb5f73df9b542dac375d03b4ea875933 audit=9.379249ms
2026-10-01T06:56:03.2480531Z     mixed_process_chaos_test.go:843: restarted node grandchild id=c-01365f6a38e7c1ac2db485fc10fda086 audit=8.893807ms
2026-10-01T06:56:03.2481906Z     mixed_process_chaos_test.go:843: restarted node grandchild id=c-a44599fc4037c49e5e71abfb8f6d759c audit=9.112885ms
2026-10-01T06:56:03.2483079Z     mixed_process_chaos_test.go:843: restarted node grandchild id=c-e14a2648bb4377e8830f7b0584cfd294 audit=8.765345ms
2026-10-01T06:56:03.2484681Z     mixed_process_chaos_test.go:871: survivor node 2 WF_SIG ready in 573.602µs after 1 attempts
2026-10-01T06:56:03.2485516Z     mixed_process_chaos_test.go:894: mixed terminal type=mixedtimer id=mixed-00-0 latency=4.029086957s
2026-10-01T06:56:03.2486467Z     mixed_process_chaos_test.go:894: mixed terminal type=mixedshort id=mixed-01-0 latency=4.174748347s
2026-10-01T06:56:03.2487560Z     mixed_process_chaos_test.go:894: mixed terminal type=mixedsignal id=mixed-02-0 latency=1.716538453s
2026-10-01T06:56:03.2489002Z     mixed_process_chaos_test.go:894: mixed terminal type=mixedshort id=mixed-03-0 latency=4.174742611s
2026-10-01T06:56:03.2489979Z     mixed_process_chaos_test.go:894: mixed terminal type=mixedshort id=mixed-04-0 latency=4.396928234s
2026-10-01T06:56:03.2491198Z     mixed_process_chaos_test.go:894: mixed terminal type=mixedsignal id=mixed-05-0 latency=3.823859489s
2026-10-01T06:56:03.2492413Z     mixed_process_chaos_test.go:894: mixed terminal type=mixedtimer id=mixed-06-0 latency=3.372431541s
2026-10-01T06:56:03.2493445Z     mixed_process_chaos_test.go:894: mixed terminal type=mixedtimer id=mixed-07-0 latency=3.879586194s
2026-10-01T06:56:03.2494321Z     mixed_process_chaos_test.go:894: mixed terminal type=mixedshort id=mixed-08-0 latency=4.174734027s
2026-10-01T06:56:03.2495429Z     mixed_process_chaos_test.go:894: mixed terminal type=mixedfanout id=mixed-09-0 latency=1.185401547s
2026-10-01T06:56:03.2496674Z     mixed_process_chaos_test.go:909: mixed terminal type=mixedchild id=c-2c0427b405f6e5cf41a7a5dd2529625c latency=1.162593167s
2026-10-01T06:56:03.2498077Z     mixed_process_chaos_test.go:909: mixed terminal type=mixedchild id=c-61a693bbe622d9d1cff620a5ba2cda7f latency=4.235015208s
2026-10-01T06:56:03.2499566Z     mixed_process_chaos_test.go:909: mixed terminal type=mixedchild id=c-3e3e4c70156e3fee9852004ca5949da3 latency=1.082776454s
2026-10-01T06:56:03.2500901Z     mixed_process_chaos_test.go:909: mixed terminal type=mixedchild id=c-2d7fcc22d483fcf51ba57e3b2077e464 latency=4.693967742s
2026-10-01T06:56:03.2502416Z     mixed_process_chaos_test.go:909: mixed terminal type=mixedchild id=c-1eaf330c748a119ebeda4a23d05429de latency=1.524798734s
2026-10-01T06:56:03.2503809Z     mixed_process_chaos_test.go:909: mixed terminal type=mixedchild id=c-708e303ec63ebd5c030bc9ab47ec7aac latency=902.368996ms
2026-10-01T06:56:03.2505356Z     mixed_process_chaos_test.go:917: mixed terminal type=mixedgrandchild id=c-425aa24102bf9165ef736361fbbfbb9e latency=7.316870408s
2026-10-01T06:56:03.2506542Z     mixed_process_chaos_test.go:917: mixed terminal type=mixedgrandchild id=c-81df727d0b247de4898e89bde451172f latency=6.787258359s
2026-10-01T06:56:03.2507829Z     mixed_process_chaos_test.go:917: mixed terminal type=mixedgrandchild id=c-8129cf1d1fd8e3a209b19b528165f4df latency=310.398791ms
2026-10-01T06:56:03.2509545Z     mixed_process_chaos_test.go:917: mixed terminal type=mixedgrandchild id=c-26514356ab5a5acbf20ad5ce3acc8168 latency=310.390539ms
2026-10-01T06:56:03.2510829Z     mixed_process_chaos_test.go:917: mixed terminal type=mixedgrandchild id=c-a879b3a6c93c88e46e7761b1e78637a2 latency=7.692671028s
2026-10-01T06:56:03.2512258Z     mixed_process_chaos_test.go:917: mixed terminal type=mixedgrandchild id=c-535b8aa9db45ad629d92ad1b11208e82 latency=532.506855ms
2026-10-01T06:56:03.2513816Z     mixed_process_chaos_test.go:917: mixed terminal type=mixedgrandchild id=c-ce30b309161f5923793aaf2cbc016d4e latency=310.409119ms
2026-10-01T06:56:03.2515232Z     mixed_process_chaos_test.go:917: mixed terminal type=mixedgrandchild id=c-e1b3e514a9d31e1c0ae0fcf9d9dcde03 latency=1.54126063s
2026-10-01T06:56:03.2516639Z     mixed_process_chaos_test.go:917: mixed terminal type=mixedgrandchild id=c-bb5f73df9b542dac375d03b4ea875933 latency=6.641300766s
2026-10-01T06:56:03.2518221Z     mixed_process_chaos_test.go:917: mixed terminal type=mixedgrandchild id=c-01365f6a38e7c1ac2db485fc10fda086 latency=7.692646178s
2026-10-01T06:56:03.2519824Z     mixed_process_chaos_test.go:917: mixed terminal type=mixedgrandchild id=c-a44599fc4037c49e5e71abfb8f6d759c latency=9.367874778s
2026-10-01T06:56:03.2521024Z     mixed_process_chaos_test.go:917: mixed terminal type=mixedgrandchild id=c-e14a2648bb4377e8830f7b0584cfd294 latency=5.713259583s
2026-10-01T06:56:03.2522256Z     mixed_process_chaos_test.go:921: mixed terminal p99 from last enabling event=9.367874778s across 28 invocations
2026-10-01T06:56:03.2528053Z     mixed_process_chaos_test.go:922: mixed workers before={LeaseAcquisitions:49 LeaseContentions:29 LeaseAcquireFailures:0 FencingEvents:5 HandoffEnqueues:5 Redeliveries:22 EnqueueToLeaseSamples:49 EnqueueToLeaseTotal:2m49.857514928s EnqueueToLeaseMaximum:17.446984162s EnqueueToLeaseBuckets:[12 10 7 15 5 0] TimersScheduled:24 TimersFired:8 TimerLateTotal:1.632460296s TimerLateMaximum:229.101097ms TimerLateBuckets:[0 8 0 0 0 0] CancelledTimerNoOps:0} after={LeaseAcquisitions:56 LeaseContentions:33 LeaseAcquireFailures:0 FencingEvents:0 HandoffEnqueues:0 Redeliveries:32 EnqueueToLeaseSamples:56 EnqueueToLeaseTotal:7m19.652463335s EnqueueToLeaseMaximum:21.152321927s EnqueueToLeaseBuckets:[0 6 7 22 21 0] TimersScheduled:0 TimersFired:16 TimerLateTotal:3.221612267s TimerLateMaximum:244.721001ms TimerLateBuckets:[1 15 0 0 0 0] CancelledTimerNoOps:0}
2026-10-01T06:56:04.6650499Z --- PASS: TestMixedWorkflowsRecoverFromFourServerFaults (38.11s)
2026-10-01T06:56:04.6651127Z PASS
2026-10-01T06:56:04.6660104Z ok  	js-wf/integration	38.116s
2026-10-01T06:56:04.6778023Z Mixed workflow seed 10 (1..20)
2026-10-01T06:56:05.3552529Z === RUN   TestMixedWorkflowsRecoverFromFourServerFaults
2026-10-01T06:56:11.0953735Z     mixed_process_chaos_test.go:516: FAULT_SEED=10 FAULT_SCHEDULE=mixed-four-faults-10.json
2026-10-01T06:56:26.4134942Z     mixed_process_chaos_test.go:692: post-heal signal repair inspected=33 reenqueued=33
2026-10-01T06:56:26.4136225Z     mixed_process_chaos_test.go:704: mixed recovery type=mixedshort id=mixed-08-0 latency=2.413020934s
2026-10-01T06:56:26.4137205Z     mixed_process_chaos_test.go:704: mixed recovery type=mixedshort id=mixed-00-0 latency=2.5331253s
2026-10-01T06:56:26.4138046Z     mixed_process_chaos_test.go:704: mixed recovery type=mixedshort id=mixed-03-0 latency=2.533146213s
2026-10-01T06:56:26.4139016Z     mixed_process_chaos_test.go:704: mixed recovery type=mixedtimer id=mixed-02-0 latency=2.715098972s
2026-10-01T06:56:27.0595569Z     mixed_process_chaos_test.go:704: mixed recovery type=mixedshort id=mixed-06-0 latency=3.812336199s
2026-10-01T06:56:30.8620499Z     mixed_process_chaos_test.go:704: mixed recovery type=mixedtimer id=mixed-05-0 latency=7.617663061s
2026-10-01T06:56:31.5602958Z     mixed_process_chaos_test.go:704: mixed recovery type=mixedtimer id=mixed-04-0 latency=8.315964132s
2026-10-01T06:56:33.4601246Z     mixed_process_chaos_test.go:704: mixed recovery type=mixedsignal id=mixed-07-0 latency=7.136519385s
2026-10-01T06:56:33.7614213Z     mixed_process_chaos_test.go:704: mixed recovery type=mixedsignal id=mixed-01-0 latency=7.977652334s
2026-10-01T06:56:41.9598227Z     mixed_process_chaos_test.go:704: mixed recovery type=mixedfanout id=mixed-09-0 latency=18.715530777s
2026-10-01T06:56:41.9599783Z     mixed_process_chaos_test.go:709: mixed provisional result observation: p99=18.715530777s max=18.715530777s (fan-out parent still measured from quorum)
2026-10-01T06:56:42.0158907Z     mixed_process_chaos_test.go:749: restarted node WF_JRN ready in 1.203577ms after 1 attempts
2026-10-01T06:56:42.0268250Z     mixed_process_chaos_test.go:825: restarted node terminal type=mixedshort id=mixed-00-0 audit=9.780317ms
2026-10-01T06:56:42.0270593Z     mixed_process_chaos_test.go:825: restarted node terminal type=mixedsignal id=mixed-01-0 audit=9.241597ms
2026-10-01T06:56:42.0272383Z     mixed_process_chaos_test.go:825: restarted node terminal type=mixedtimer id=mixed-02-0 audit=7.230705ms
2026-10-01T06:56:42.0274082Z     mixed_process_chaos_test.go:825: restarted node terminal type=mixedshort id=mixed-03-0 audit=8.812027ms
2026-10-01T06:56:42.0276650Z     mixed_process_chaos_test.go:825: restarted node terminal type=mixedtimer id=mixed-04-0 audit=8.725886ms
2026-10-01T06:56:42.0279066Z     mixed_process_chaos_test.go:825: restarted node terminal type=mixedtimer id=mixed-05-0 audit=9.175248ms
2026-10-01T06:56:42.0281152Z     mixed_process_chaos_test.go:825: restarted node terminal type=mixedshort id=mixed-06-0 audit=8.711255ms
2026-10-01T06:56:42.0283131Z     mixed_process_chaos_test.go:825: restarted node terminal type=mixedsignal id=mixed-07-0 audit=8.749005ms
2026-10-01T06:56:42.0284409Z     mixed_process_chaos_test.go:825: restarted node terminal type=mixedshort id=mixed-08-0 audit=7.954719ms
2026-10-01T06:56:42.0286046Z     mixed_process_chaos_test.go:825: restarted node terminal type=mixedfanout id=mixed-09-0 audit=10.75919ms
2026-10-01T06:56:42.0287164Z     mixed_process_chaos_test.go:836: restarted node child id=c-2c0427b405f6e5cf41a7a5dd2529625c audit=10.799669ms
2026-10-01T06:56:42.0288323Z     mixed_process_chaos_test.go:836: restarted node child id=c-61a693bbe622d9d1cff620a5ba2cda7f audit=7.188504ms
2026-10-01T06:56:42.0289434Z     mixed_process_chaos_test.go:836: restarted node child id=c-3e3e4c70156e3fee9852004ca5949da3 audit=8.126974ms
2026-10-01T06:56:42.0290481Z     mixed_process_chaos_test.go:836: restarted node child id=c-2d7fcc22d483fcf51ba57e3b2077e464 audit=9.106662ms
2026-10-01T06:56:42.0291825Z     mixed_process_chaos_test.go:836: restarted node child id=c-1eaf330c748a119ebeda4a23d05429de audit=10.686149ms
2026-10-01T06:56:42.0294002Z     mixed_process_chaos_test.go:836: restarted node child id=c-708e303ec63ebd5c030bc9ab47ec7aac audit=8.612841ms
2026-10-01T06:56:42.0295633Z     mixed_process_chaos_test.go:843: restarted node grandchild id=c-425aa24102bf9165ef736361fbbfbb9e audit=8.925378ms
2026-10-01T06:56:42.0297374Z     mixed_process_chaos_test.go:843: restarted node grandchild id=c-81df727d0b247de4898e89bde451172f audit=8.569613ms
2026-10-01T06:56:42.0298940Z     mixed_process_chaos_test.go:843: restarted node grandchild id=c-8129cf1d1fd8e3a209b19b528165f4df audit=9.965612ms
2026-10-01T06:56:42.0302256Z     mixed_process_chaos_test.go:843: restarted node grandchild id=c-26514356ab5a5acbf20ad5ce3acc8168 audit=9.96874ms
2026-10-01T06:56:42.0303963Z     mixed_process_chaos_test.go:843: restarted node grandchild id=c-a879b3a6c93c88e46e7761b1e78637a2 audit=9.90594ms
2026-10-01T06:56:42.0305421Z     mixed_process_chaos_test.go:843: restarted node grandchild id=c-535b8aa9db45ad629d92ad1b11208e82 audit=8.585285ms
2026-10-01T06:56:42.0307145Z     mixed_process_chaos_test.go:843: restarted node grandchild id=c-ce30b309161f5923793aaf2cbc016d4e audit=10.618087ms
2026-10-01T06:56:42.0309067Z     mixed_process_chaos_test.go:843: restarted node grandchild id=c-e1b3e514a9d31e1c0ae0fcf9d9dcde03 audit=10.590453ms
2026-10-01T06:56:42.0311080Z     mixed_process_chaos_test.go:843: restarted node grandchild id=c-bb5f73df9b542dac375d03b4ea875933 audit=10.560312ms
2026-10-01T06:56:42.0312447Z     mixed_process_chaos_test.go:843: restarted node grandchild id=c-01365f6a38e7c1ac2db485fc10fda086 audit=10.551263ms
2026-10-01T06:56:42.0314036Z     mixed_process_chaos_test.go:843: restarted node grandchild id=c-a44599fc4037c49e5e71abfb8f6d759c audit=10.579807ms
2026-10-01T06:56:42.0315263Z     mixed_process_chaos_test.go:843: restarted node grandchild id=c-e14a2648bb4377e8830f7b0584cfd294 audit=10.668587ms
2026-10-01T06:56:42.0317013Z     mixed_process_chaos_test.go:871: survivor node 0 WF_SIG ready in 655.1µs after 1 attempts
2026-10-01T06:56:42.0321405Z     mixed_process_chaos_test.go:894: mixed terminal type=mixedshort id=mixed-00-0 latency=2.465424287s
2026-10-01T06:56:42.0322780Z     mixed_process_chaos_test.go:894: mixed terminal type=mixedsignal id=mixed-01-0 latency=7.935877176s
2026-10-01T06:56:42.0324072Z     mixed_process_chaos_test.go:894: mixed terminal type=mixedtimer id=mixed-02-0 latency=2.629804371s
2026-10-01T06:56:42.0325097Z     mixed_process_chaos_test.go:894: mixed terminal type=mixedshort id=mixed-03-0 latency=2.498424526s
2026-10-01T06:56:42.0326114Z     mixed_process_chaos_test.go:894: mixed terminal type=mixedtimer id=mixed-04-0 latency=8.291424742s
2026-10-01T06:56:42.0327293Z     mixed_process_chaos_test.go:894: mixed terminal type=mixedtimer id=mixed-05-0 latency=7.546875485s
2026-10-01T06:56:42.0328485Z     mixed_process_chaos_test.go:894: mixed terminal type=mixedshort id=mixed-06-0 latency=3.757594053s
2026-10-01T06:56:42.0329631Z     mixed_process_chaos_test.go:894: mixed terminal type=mixedsignal id=mixed-07-0 latency=7.142832163s
2026-10-01T06:56:42.0330848Z     mixed_process_chaos_test.go:894: mixed terminal type=mixedshort id=mixed-08-0 latency=2.404390407s
2026-10-01T06:56:42.0332104Z     mixed_process_chaos_test.go:894: mixed terminal type=mixedfanout id=mixed-09-0 latency=712.172933ms
2026-10-01T06:56:42.0333675Z     mixed_process_chaos_test.go:909: mixed terminal type=mixedchild id=c-2c0427b405f6e5cf41a7a5dd2529625c latency=319.034196ms
2026-10-01T06:56:42.0335339Z     mixed_process_chaos_test.go:909: mixed terminal type=mixedchild id=c-61a693bbe622d9d1cff620a5ba2cda7f latency=687.911968ms
2026-10-01T06:56:42.0336895Z     mixed_process_chaos_test.go:909: mixed terminal type=mixedchild id=c-3e3e4c70156e3fee9852004ca5949da3 latency=503.871809ms
2026-10-01T06:56:42.0338511Z     mixed_process_chaos_test.go:909: mixed terminal type=mixedchild id=c-2d7fcc22d483fcf51ba57e3b2077e464 latency=722.02489ms
2026-10-01T06:56:42.0340260Z     mixed_process_chaos_test.go:909: mixed terminal type=mixedchild id=c-1eaf330c748a119ebeda4a23d05429de latency=706.122183ms
2026-10-01T06:56:42.0341833Z     mixed_process_chaos_test.go:909: mixed terminal type=mixedchild id=c-708e303ec63ebd5c030bc9ab47ec7aac latency=837.575204ms
2026-10-01T06:56:42.0345640Z     mixed_process_chaos_test.go:917: mixed terminal type=mixedgrandchild id=c-425aa24102bf9165ef736361fbbfbb9e latency=12.647320682s
2026-10-01T06:56:42.0346873Z     mixed_process_chaos_test.go:917: mixed terminal type=mixedgrandchild id=c-81df727d0b247de4898e89bde451172f latency=15.469021469s
2026-10-01T06:56:42.0348240Z     mixed_process_chaos_test.go:917: mixed terminal type=mixedgrandchild id=c-8129cf1d1fd8e3a209b19b528165f4df latency=7.040190109s
2026-10-01T06:56:42.0349845Z     mixed_process_chaos_test.go:917: mixed terminal type=mixedgrandchild id=c-26514356ab5a5acbf20ad5ce3acc8168 latency=7.166155839s
2026-10-01T06:56:42.0351393Z     mixed_process_chaos_test.go:917: mixed terminal type=mixedgrandchild id=c-a879b3a6c93c88e46e7761b1e78637a2 latency=17.443608303s
2026-10-01T06:56:42.0353203Z     mixed_process_chaos_test.go:917: mixed terminal type=mixedgrandchild id=c-535b8aa9db45ad629d92ad1b11208e82 latency=7.040204087s
2026-10-01T06:56:42.0362259Z     mixed_process_chaos_test.go:917: mixed terminal type=mixedgrandchild id=c-ce30b309161f5923793aaf2cbc016d4e latency=2.626845415s
2026-10-01T06:56:42.0364219Z     mixed_process_chaos_test.go:917: mixed terminal type=mixedgrandchild id=c-e1b3e514a9d31e1c0ae0fcf9d9dcde03 latency=3.256775665s
2026-10-01T06:56:42.0365507Z     mixed_process_chaos_test.go:917: mixed terminal type=mixedgrandchild id=c-bb5f73df9b542dac375d03b4ea875933 latency=11.941050216s
2026-10-01T06:56:42.0367065Z     mixed_process_chaos_test.go:917: mixed terminal type=mixedgrandchild id=c-01365f6a38e7c1ac2db485fc10fda086 latency=7.1661503s
2026-10-01T06:56:42.0368262Z     mixed_process_chaos_test.go:917: mixed terminal type=mixedgrandchild id=c-a44599fc4037c49e5e71abfb8f6d759c latency=11.504698134s
2026-10-01T06:56:42.0369603Z     mixed_process_chaos_test.go:917: mixed terminal type=mixedgrandchild id=c-e14a2648bb4377e8830f7b0584cfd294 latency=7.166144501s
2026-10-01T06:56:42.0370611Z     mixed_process_chaos_test.go:921: mixed terminal p99 from last enabling event=17.443608303s across 28 invocations
2026-10-01T06:56:42.0376463Z     mixed_process_chaos_test.go:922: mixed workers before={LeaseAcquisitions:53 LeaseContentions:41 LeaseAcquireFailures:0 FencingEvents:4 HandoffEnqueues:4 Redeliveries:27 EnqueueToLeaseSamples:53 EnqueueToLeaseTotal:3m28.522478502s EnqueueToLeaseMaximum:16.09917933s EnqueueToLeaseBuckets:[11 14 6 11 11 0] TimersScheduled:24 TimersFired:16 TimerLateTotal:59.715087507s TimerLateMaximum:3.763405181s TimerLateBuckets:[0 0 0 16 0 0] CancelledTimerNoOps:0} after={LeaseAcquisitions:27 LeaseContentions:45 LeaseAcquireFailures:0 FencingEvents:0 HandoffEnqueues:0 Redeliveries:28 EnqueueToLeaseSamples:27 EnqueueToLeaseTotal:5m10.580770661s EnqueueToLeaseMaximum:29.413744302s EnqueueToLeaseBuckets:[0 7 0 6 14 0] TimersScheduled:0 TimersFired:8 TimerLateTotal:29.889757756s TimerLateMaximum:3.763829961s TimerLateBuckets:[0 0 0 8 0 0] CancelledTimerNoOps:0}
2026-10-01T06:56:42.2780187Z --- PASS: TestMixedWorkflowsRecoverFromFourServerFaults (36.92s)
2026-10-01T06:56:42.2780812Z PASS
2026-10-01T06:56:42.2791086Z ok  	js-wf/integration	36.928s
2026-10-01T06:56:42.2895252Z Mixed workflow seed 11 (1..20)
2026-10-01T06:56:43.0576614Z === RUN   TestMixedWorkflowsRecoverFromFourServerFaults
2026-10-01T06:56:48.7673088Z     mixed_process_chaos_test.go:516: FAULT_SEED=11 FAULT_SCHEDULE=mixed-four-faults-11.json
2026-10-01T06:57:04.0848139Z     mixed_process_chaos_test.go:692: post-heal signal repair inspected=33 reenqueued=28
2026-10-01T06:57:04.0848899Z     mixed_process_chaos_test.go:704: mixed recovery type=mixedshort id=mixed-04-0 latency=2.369840053s
2026-10-01T06:57:04.0849628Z     mixed_process_chaos_test.go:704: mixed recovery type=mixedshort id=mixed-02-0 latency=2.369848241s
2026-10-01T06:57:04.0850332Z     mixed_process_chaos_test.go:704: mixed recovery type=mixedshort id=mixed-00-0 latency=2.37013585s
2026-10-01T06:57:04.0851046Z     mixed_process_chaos_test.go:704: mixed recovery type=mixedshort id=mixed-06-0 latency=2.370369223s
2026-10-01T06:57:05.7645387Z     mixed_process_chaos_test.go:704: mixed recovery type=mixedtimer id=mixed-01-0 latency=4.83342623s
2026-10-01T06:57:05.9649467Z     mixed_process_chaos_test.go:704: mixed recovery type=mixedtimer id=mixed-07-0 latency=5.033778455s
2026-10-01T06:57:09.1648516Z     mixed_process_chaos_test.go:704: mixed recovery type=mixedtimer id=mixed-05-0 latency=8.233679778s
2026-10-01T06:57:12.4657314Z     mixed_process_chaos_test.go:704: mixed recovery type=mixedsignal id=mixed-03-0 latency=9.417966372s
2026-10-01T06:57:13.2646638Z     mixed_process_chaos_test.go:704: mixed recovery type=mixedsignal id=mixed-08-0 latency=9.283774011s
2026-10-01T06:57:16.5760419Z     mixed_process_chaos_test.go:704: mixed recovery type=mixedfanout id=mixed-09-0 latency=15.64485601s
2026-10-01T06:57:16.5761816Z     mixed_process_chaos_test.go:709: mixed provisional result observation: p99=15.64485601s max=15.64485601s (fan-out parent still measured from quorum)
2026-10-01T06:57:16.6310559Z     mixed_process_chaos_test.go:749: restarted node WF_JRN ready in 1.211147ms after 1 attempts
2026-10-01T06:57:16.6414183Z     mixed_process_chaos_test.go:825: restarted node terminal type=mixedshort id=mixed-00-0 audit=9.381643ms
2026-10-01T06:57:16.6415734Z     mixed_process_chaos_test.go:825: restarted node terminal type=mixedtimer id=mixed-01-0 audit=9.478063ms
2026-10-01T06:57:16.6416967Z     mixed_process_chaos_test.go:825: restarted node terminal type=mixedshort id=mixed-02-0 audit=8.837102ms
2026-10-01T06:57:16.6418284Z     mixed_process_chaos_test.go:825: restarted node terminal type=mixedsignal id=mixed-03-0 audit=7.854233ms
2026-10-01T06:57:16.6419467Z     mixed_process_chaos_test.go:825: restarted node terminal type=mixedshort id=mixed-04-0 audit=9.457488ms
2026-10-01T06:57:16.6420717Z     mixed_process_chaos_test.go:825: restarted node terminal type=mixedtimer id=mixed-05-0 audit=10.095733ms
2026-10-01T06:57:16.6421935Z     mixed_process_chaos_test.go:825: restarted node terminal type=mixedshort id=mixed-06-0 audit=8.549415ms
2026-10-01T06:57:16.6423035Z     mixed_process_chaos_test.go:825: restarted node terminal type=mixedtimer id=mixed-07-0 audit=9.356705ms
2026-10-01T06:57:16.6424044Z     mixed_process_chaos_test.go:825: restarted node terminal type=mixedsignal id=mixed-08-0 audit=10.124342ms
2026-10-01T06:57:16.6425135Z     mixed_process_chaos_test.go:825: restarted node terminal type=mixedfanout id=mixed-09-0 audit=9.945177ms
2026-10-01T06:57:16.6426376Z     mixed_process_chaos_test.go:836: restarted node child id=c-2c0427b405f6e5cf41a7a5dd2529625c audit=7.502974ms
2026-10-01T06:57:16.6427693Z     mixed_process_chaos_test.go:836: restarted node child id=c-61a693bbe622d9d1cff620a5ba2cda7f audit=8.065995ms
2026-10-01T06:57:16.6429235Z     mixed_process_chaos_test.go:836: restarted node child id=c-3e3e4c70156e3fee9852004ca5949da3 audit=9.308533ms
2026-10-01T06:57:16.6430797Z     mixed_process_chaos_test.go:836: restarted node child id=c-2d7fcc22d483fcf51ba57e3b2077e464 audit=8.582143ms
2026-10-01T06:57:16.6432539Z     mixed_process_chaos_test.go:836: restarted node child id=c-1eaf330c748a119ebeda4a23d05429de audit=9.388909ms
2026-10-01T06:57:16.6433850Z     mixed_process_chaos_test.go:836: restarted node child id=c-708e303ec63ebd5c030bc9ab47ec7aac audit=10.08071ms
2026-10-01T06:57:16.6435191Z     mixed_process_chaos_test.go:843: restarted node grandchild id=c-425aa24102bf9165ef736361fbbfbb9e audit=9.387149ms
2026-10-01T06:57:16.6436463Z     mixed_process_chaos_test.go:843: restarted node grandchild id=c-81df727d0b247de4898e89bde451172f audit=9.91745ms
2026-10-01T06:57:16.6437594Z     mixed_process_chaos_test.go:843: restarted node grandchild id=c-8129cf1d1fd8e3a209b19b528165f4df audit=9.89454ms
2026-10-01T06:57:16.6438721Z     mixed_process_chaos_test.go:843: restarted node grandchild id=c-26514356ab5a5acbf20ad5ce3acc8168 audit=7.336728ms
2026-10-01T06:57:16.6440075Z     mixed_process_chaos_test.go:843: restarted node grandchild id=c-a879b3a6c93c88e46e7761b1e78637a2 audit=9.915481ms
2026-10-01T06:57:16.6441213Z     mixed_process_chaos_test.go:843: restarted node grandchild id=c-535b8aa9db45ad629d92ad1b11208e82 audit=9.796165ms
2026-10-01T06:57:16.6442324Z     mixed_process_chaos_test.go:843: restarted node grandchild id=c-ce30b309161f5923793aaf2cbc016d4e audit=7.98446ms
2026-10-01T06:57:16.6443481Z     mixed_process_chaos_test.go:843: restarted node grandchild id=c-e1b3e514a9d31e1c0ae0fcf9d9dcde03 audit=8.527719ms
2026-10-01T06:57:16.6444633Z     mixed_process_chaos_test.go:843: restarted node grandchild id=c-bb5f73df9b542dac375d03b4ea875933 audit=9.410849ms
2026-10-01T06:57:16.6445891Z     mixed_process_chaos_test.go:843: restarted node grandchild id=c-01365f6a38e7c1ac2db485fc10fda086 audit=7.501599ms
2026-10-01T06:57:16.6446994Z     mixed_process_chaos_test.go:843: restarted node grandchild id=c-a44599fc4037c49e5e71abfb8f6d759c audit=9.831317ms
2026-10-01T06:57:16.6448224Z     mixed_process_chaos_test.go:843: restarted node grandchild id=c-e14a2648bb4377e8830f7b0584cfd294 audit=8.617721ms
2026-10-01T06:57:16.6449560Z     mixed_process_chaos_test.go:871: survivor node 0 WF_SIG ready in 678.379µs after 1 attempts
2026-10-01T06:57:16.6450729Z     mixed_process_chaos_test.go:894: mixed terminal type=mixedshort id=mixed-00-0 latency=2.31622175s
2026-10-01T06:57:16.6452084Z     mixed_process_chaos_test.go:894: mixed terminal type=mixedtimer id=mixed-01-0 latency=4.748060396s
2026-10-01T06:57:16.6453296Z     mixed_process_chaos_test.go:894: mixed terminal type=mixedshort id=mixed-02-0 latency=2.314592122s
2026-10-01T06:57:16.6454418Z     mixed_process_chaos_test.go:894: mixed terminal type=mixedsignal id=mixed-03-0 latency=9.420003521s
2026-10-01T06:57:16.6455607Z     mixed_process_chaos_test.go:894: mixed terminal type=mixedshort id=mixed-04-0 latency=2.316227839s
2026-10-01T06:57:16.6456516Z     mixed_process_chaos_test.go:894: mixed terminal type=mixedtimer id=mixed-05-0 latency=8.117671494s
2026-10-01T06:57:16.6457756Z     mixed_process_chaos_test.go:894: mixed terminal type=mixedshort id=mixed-06-0 latency=2.31507014s
2026-10-01T06:57:16.6459001Z     mixed_process_chaos_test.go:894: mixed terminal type=mixedtimer id=mixed-07-0 latency=4.931739605s
2026-10-01T06:57:16.6459933Z     mixed_process_chaos_test.go:894: mixed terminal type=mixedsignal id=mixed-08-0 latency=9.277160367s
2026-10-01T06:57:16.6460907Z     mixed_process_chaos_test.go:894: mixed terminal type=mixedfanout id=mixed-09-0 latency=4.69267255s
2026-10-01T06:57:16.6462112Z     mixed_process_chaos_test.go:909: mixed terminal type=mixedchild id=c-2c0427b405f6e5cf41a7a5dd2529625c latency=1.126401291s
2026-10-01T06:57:16.6463479Z     mixed_process_chaos_test.go:909: mixed terminal type=mixedchild id=c-61a693bbe622d9d1cff620a5ba2cda7f latency=1.282840195s
2026-10-01T06:57:16.6464870Z     mixed_process_chaos_test.go:909: mixed terminal type=mixedchild id=c-3e3e4c70156e3fee9852004ca5949da3 latency=919.779898ms
2026-10-01T06:57:16.6466103Z     mixed_process_chaos_test.go:909: mixed terminal type=mixedchild id=c-2d7fcc22d483fcf51ba57e3b2077e464 latency=2.206412433s
2026-10-01T06:57:16.6467803Z     mixed_process_chaos_test.go:909: mixed terminal type=mixedchild id=c-1eaf330c748a119ebeda4a23d05429de latency=1.036426676s
2026-10-01T06:57:16.6469152Z     mixed_process_chaos_test.go:909: mixed terminal type=mixedchild id=c-708e303ec63ebd5c030bc9ab47ec7aac latency=820.950831ms
2026-10-01T06:57:16.6470643Z     mixed_process_chaos_test.go:917: mixed terminal type=mixedgrandchild id=c-425aa24102bf9165ef736361fbbfbb9e latency=8.832261063s
2026-10-01T06:57:16.6471852Z     mixed_process_chaos_test.go:917: mixed terminal type=mixedgrandchild id=c-81df727d0b247de4898e89bde451172f latency=6.324063139s
2026-10-01T06:57:16.6473496Z     mixed_process_chaos_test.go:917: mixed terminal type=mixedgrandchild id=c-8129cf1d1fd8e3a209b19b528165f4df latency=7.549835075s
2026-10-01T06:57:16.6474947Z     mixed_process_chaos_test.go:917: mixed terminal type=mixedgrandchild id=c-26514356ab5a5acbf20ad5ce3acc8168 latency=5.745644953s
2026-10-01T06:57:16.6476367Z     mixed_process_chaos_test.go:917: mixed terminal type=mixedgrandchild id=c-a879b3a6c93c88e46e7761b1e78637a2 latency=6.323938367s
2026-10-01T06:57:16.6477883Z     mixed_process_chaos_test.go:917: mixed terminal type=mixedgrandchild id=c-535b8aa9db45ad629d92ad1b11208e82 latency=8.832327555s
2026-10-01T06:57:16.6479430Z     mixed_process_chaos_test.go:917: mixed terminal type=mixedgrandchild id=c-ce30b309161f5923793aaf2cbc016d4e latency=3.84399434s
2026-10-01T06:57:16.6480774Z     mixed_process_chaos_test.go:917: mixed terminal type=mixedgrandchild id=c-e1b3e514a9d31e1c0ae0fcf9d9dcde03 latency=2.729655039s
2026-10-01T06:57:16.6482141Z     mixed_process_chaos_test.go:917: mixed terminal type=mixedgrandchild id=c-bb5f73df9b542dac375d03b4ea875933 latency=9.855929581s
2026-10-01T06:57:16.6483743Z     mixed_process_chaos_test.go:917: mixed terminal type=mixedgrandchild id=c-01365f6a38e7c1ac2db485fc10fda086 latency=3.285657723s
2026-10-01T06:57:16.6485271Z     mixed_process_chaos_test.go:917: mixed terminal type=mixedgrandchild id=c-a44599fc4037c49e5e71abfb8f6d759c latency=3.285822133s
2026-10-01T06:57:16.6486802Z     mixed_process_chaos_test.go:917: mixed terminal type=mixedgrandchild id=c-e14a2648bb4377e8830f7b0584cfd294 latency=8.831999474s
2026-10-01T06:57:16.6488413Z     mixed_process_chaos_test.go:921: mixed terminal p99 from last enabling event=9.855929581s across 28 invocations
2026-10-01T06:57:16.6494937Z     mixed_process_chaos_test.go:922: mixed workers before={LeaseAcquisitions:41 LeaseContentions:54 LeaseAcquireFailures:0 FencingEvents:4 HandoffEnqueues:4 Redeliveries:29 EnqueueToLeaseSamples:41 EnqueueToLeaseTotal:2m15.581649402s EnqueueToLeaseMaximum:15.557173034s EnqueueToLeaseBuckets:[12 14 3 4 8 0] TimersScheduled:24 TimersFired:8 TimerLateTotal:19.844530666s TimerLateMaximum:2.50982099s TimerLateBuckets:[0 0 0 8 0 0] CancelledTimerNoOps:0} after={LeaseAcquisitions:32 LeaseContentions:47 LeaseAcquireFailures:5 FencingEvents:0 HandoffEnqueues:0 Redeliveries:43 EnqueueToLeaseSamples:32 EnqueueToLeaseTotal:5m30.206713505s EnqueueToLeaseMaximum:21.437756625s EnqueueToLeaseBuckets:[0 6 2 5 19 0] TimersScheduled:0 TimersFired:16 TimerLateTotal:39.65096042s TimerLateMaximum:2.505250931s TimerLateBuckets:[0 0 0 16 0 0] CancelledTimerNoOps:0}
2026-10-01T06:57:21.3364859Z --- PASS: TestMixedWorkflowsRecoverFromFourServerFaults (38.28s)
2026-10-01T06:57:21.3365404Z PASS
2026-10-01T06:57:21.3376081Z ok  	js-wf/integration	38.284s
2026-10-01T06:57:21.3473318Z Mixed workflow seed 12 (1..20)
2026-10-01T06:57:22.0646597Z === RUN   TestMixedWorkflowsRecoverFromFourServerFaults
2026-10-01T06:57:27.8029199Z     mixed_process_chaos_test.go:516: FAULT_SEED=12 FAULT_SCHEDULE=mixed-four-faults-12.json
2026-10-01T06:57:50.9473922Z     mixed_process_chaos_test.go:692: post-heal signal repair inspected=49 reenqueued=20
2026-10-01T06:57:50.9477264Z     mixed_process_chaos_test.go:704: mixed recovery type=mixedshort id=mixed-08-0 latency=4.277944149s
2026-10-01T06:57:50.9479989Z     mixed_process_chaos_test.go:704: mixed recovery type=mixedshort id=mixed-07-0 latency=4.377264093s
2026-10-01T06:57:50.9490180Z     mixed_process_chaos_test.go:704: mixed recovery type=mixedshort id=mixed-00-0 latency=4.647737712s
2026-10-01T06:57:50.9493610Z     mixed_process_chaos_test.go:704: mixed recovery type=mixedshort id=mixed-01-0 latency=4.897099894s
2026-10-01T06:57:50.9496059Z     mixed_process_chaos_test.go:704: mixed recovery type=mixedtimer id=mixed-04-0 latency=5.7963642s
2026-10-01T06:57:50.9499519Z     mixed_process_chaos_test.go:704: mixed recovery type=mixedtimer id=mixed-05-0 latency=5.886068705s
2026-10-01T06:57:50.9504788Z     mixed_process_chaos_test.go:704: mixed recovery type=mixedtimer id=mixed-03-0 latency=6.331946563s
2026-10-01T06:57:50.9506382Z     mixed_process_chaos_test.go:704: mixed recovery type=mixedsignal id=mixed-02-0 latency=4.499944331s
2026-10-01T06:57:51.4804465Z     mixed_process_chaos_test.go:704: mixed recovery type=mixedsignal id=mixed-06-0 latency=4.617060381s
2026-10-01T06:57:55.2482471Z     mixed_process_chaos_test.go:704: mixed recovery type=mixedfanout id=mixed-09-0 latency=15.203938032s
2026-10-01T06:57:55.2485648Z     mixed_process_chaos_test.go:709: mixed provisional result observation: p99=15.203938032s max=15.203938032s (fan-out parent still measured from quorum)
2026-10-01T06:57:55.3036537Z     mixed_process_chaos_test.go:749: restarted node WF_JRN ready in 1.25275ms after 1 attempts
2026-10-01T06:57:55.3135428Z     mixed_process_chaos_test.go:825: restarted node terminal type=mixedshort id=mixed-00-0 audit=9.662772ms
2026-10-01T06:57:55.3137315Z     mixed_process_chaos_test.go:825: restarted node terminal type=mixedshort id=mixed-01-0 audit=9.0116ms
2026-10-01T06:57:55.3138686Z     mixed_process_chaos_test.go:825: restarted node terminal type=mixedsignal id=mixed-02-0 audit=6.921203ms
2026-10-01T06:57:55.3139823Z     mixed_process_chaos_test.go:825: restarted node terminal type=mixedtimer id=mixed-03-0 audit=8.356946ms
2026-10-01T06:57:55.3141129Z     mixed_process_chaos_test.go:825: restarted node terminal type=mixedtimer id=mixed-04-0 audit=9.338818ms
2026-10-01T06:57:55.3142438Z     mixed_process_chaos_test.go:825: restarted node terminal type=mixedtimer id=mixed-05-0 audit=9.293408ms
2026-10-01T06:57:55.3144331Z     mixed_process_chaos_test.go:825: restarted node terminal type=mixedsignal id=mixed-06-0 audit=9.329735ms
2026-10-01T06:57:55.3145555Z     mixed_process_chaos_test.go:825: restarted node terminal type=mixedshort id=mixed-07-0 audit=9.145114ms
2026-10-01T06:57:55.3146841Z     mixed_process_chaos_test.go:825: restarted node terminal type=mixedshort id=mixed-08-0 audit=8.366471ms
2026-10-01T06:57:55.3148124Z     mixed_process_chaos_test.go:825: restarted node terminal type=mixedfanout id=mixed-09-0 audit=8.577296ms
2026-10-01T06:57:55.3149386Z     mixed_process_chaos_test.go:836: restarted node child id=c-2c0427b405f6e5cf41a7a5dd2529625c audit=8.315532ms
2026-10-01T06:57:55.3150754Z     mixed_process_chaos_test.go:836: restarted node child id=c-61a693bbe622d9d1cff620a5ba2cda7f audit=8.553258ms
2026-10-01T06:57:55.3152139Z     mixed_process_chaos_test.go:836: restarted node child id=c-3e3e4c70156e3fee9852004ca5949da3 audit=8.780761ms
2026-10-01T06:57:55.3153635Z     mixed_process_chaos_test.go:836: restarted node child id=c-2d7fcc22d483fcf51ba57e3b2077e464 audit=8.733449ms
2026-10-01T06:57:55.3155051Z     mixed_process_chaos_test.go:836: restarted node child id=c-1eaf330c748a119ebeda4a23d05429de audit=8.539508ms
2026-10-01T06:57:55.3156392Z     mixed_process_chaos_test.go:836: restarted node child id=c-708e303ec63ebd5c030bc9ab47ec7aac audit=9.627057ms
2026-10-01T06:57:55.3157504Z     mixed_process_chaos_test.go:843: restarted node grandchild id=c-425aa24102bf9165ef736361fbbfbb9e audit=6.785895ms
2026-10-01T06:57:55.3158490Z     mixed_process_chaos_test.go:843: restarted node grandchild id=c-81df727d0b247de4898e89bde451172f audit=9.168047ms
2026-10-01T06:57:55.3159802Z     mixed_process_chaos_test.go:843: restarted node grandchild id=c-8129cf1d1fd8e3a209b19b528165f4df audit=8.972944ms
2026-10-01T06:57:55.3161459Z     mixed_process_chaos_test.go:843: restarted node grandchild id=c-26514356ab5a5acbf20ad5ce3acc8168 audit=9.200263ms
2026-10-01T06:57:55.3162943Z     mixed_process_chaos_test.go:843: restarted node grandchild id=c-a879b3a6c93c88e46e7761b1e78637a2 audit=9.23855ms
2026-10-01T06:57:55.3164081Z     mixed_process_chaos_test.go:843: restarted node grandchild id=c-535b8aa9db45ad629d92ad1b11208e82 audit=8.558438ms
2026-10-01T06:57:55.3165124Z     mixed_process_chaos_test.go:843: restarted node grandchild id=c-ce30b309161f5923793aaf2cbc016d4e audit=9.270988ms
2026-10-01T06:57:55.3166342Z     mixed_process_chaos_test.go:843: restarted node grandchild id=c-e1b3e514a9d31e1c0ae0fcf9d9dcde03 audit=8.758239ms
2026-10-01T06:57:55.3167781Z     mixed_process_chaos_test.go:843: restarted node grandchild id=c-bb5f73df9b542dac375d03b4ea875933 audit=9.322494ms
2026-10-01T06:57:55.3169232Z     mixed_process_chaos_test.go:843: restarted node grandchild id=c-01365f6a38e7c1ac2db485fc10fda086 audit=9.34069ms
2026-10-01T06:57:55.3170421Z     mixed_process_chaos_test.go:843: restarted node grandchild id=c-a44599fc4037c49e5e71abfb8f6d759c audit=8.699076ms
2026-10-01T06:57:55.3171683Z     mixed_process_chaos_test.go:843: restarted node grandchild id=c-e14a2648bb4377e8830f7b0584cfd294 audit=9.741197ms
2026-10-01T06:57:55.3173519Z     mixed_process_chaos_test.go:871: survivor node 0 WF_SIG ready in 643.01µs after 1 attempts
2026-10-01T06:57:55.3174559Z     mixed_process_chaos_test.go:894: mixed terminal type=mixedshort id=mixed-00-0 latency=4.274554648s
2026-10-01T06:57:55.3175390Z     mixed_process_chaos_test.go:894: mixed terminal type=mixedshort id=mixed-01-0 latency=4.557907286s
2026-10-01T06:57:55.3176173Z     mixed_process_chaos_test.go:894: mixed terminal type=mixedsignal id=mixed-02-0 latency=4.390585346s
2026-10-01T06:57:55.3177141Z     mixed_process_chaos_test.go:894: mixed terminal type=mixedtimer id=mixed-03-0 latency=6.155465103s
2026-10-01T06:57:55.3178197Z     mixed_process_chaos_test.go:894: mixed terminal type=mixedtimer id=mixed-04-0 latency=5.615562526s
2026-10-01T06:57:55.3179775Z     mixed_process_chaos_test.go:894: mixed terminal type=mixedtimer id=mixed-05-0 latency=5.707816911s
2026-10-01T06:57:55.3181984Z     mixed_process_chaos_test.go:894: mixed terminal type=mixedsignal id=mixed-06-0 latency=4.477983609s
2026-10-01T06:57:55.3183084Z     mixed_process_chaos_test.go:894: mixed terminal type=mixedshort id=mixed-07-0 latency=4.184386164s
2026-10-01T06:57:55.3184215Z     mixed_process_chaos_test.go:894: mixed terminal type=mixedshort id=mixed-08-0 latency=4.184390371s
2026-10-01T06:57:55.3185007Z     mixed_process_chaos_test.go:894: mixed terminal type=mixedfanout id=mixed-09-0 latency=3.583125369s
2026-10-01T06:57:55.3186246Z     mixed_process_chaos_test.go:909: mixed terminal type=mixedchild id=c-2c0427b405f6e5cf41a7a5dd2529625c latency=1.877958554s
2026-10-01T06:57:55.3187453Z     mixed_process_chaos_test.go:909: mixed terminal type=mixedchild id=c-61a693bbe622d9d1cff620a5ba2cda7f latency=1.170597345s
2026-10-01T06:57:55.3188507Z     mixed_process_chaos_test.go:909: mixed terminal type=mixedchild id=c-3e3e4c70156e3fee9852004ca5949da3 latency=987.089115ms
2026-10-01T06:57:55.3189655Z     mixed_process_chaos_test.go:909: mixed terminal type=mixedchild id=c-2d7fcc22d483fcf51ba57e3b2077e464 latency=721.847238ms
2026-10-01T06:57:55.3191152Z     mixed_process_chaos_test.go:909: mixed terminal type=mixedchild id=c-1eaf330c748a119ebeda4a23d05429de latency=1.166187288s
2026-10-01T06:57:55.3192282Z     mixed_process_chaos_test.go:909: mixed terminal type=mixedchild id=c-708e303ec63ebd5c030bc9ab47ec7aac latency=982.531543ms
2026-10-01T06:57:55.3193869Z     mixed_process_chaos_test.go:917: mixed terminal type=mixedgrandchild id=c-425aa24102bf9165ef736361fbbfbb9e latency=7.964507912s
2026-10-01T06:57:55.3195176Z     mixed_process_chaos_test.go:917: mixed terminal type=mixedgrandchild id=c-81df727d0b247de4898e89bde451172f latency=8.955872015s
2026-10-01T06:57:55.3196210Z     mixed_process_chaos_test.go:917: mixed terminal type=mixedgrandchild id=c-8129cf1d1fd8e3a209b19b528165f4df latency=4.558701221s
2026-10-01T06:57:55.3197958Z     mixed_process_chaos_test.go:917: mixed terminal type=mixedgrandchild id=c-26514356ab5a5acbf20ad5ce3acc8168 latency=4.184366576s
2026-10-01T06:57:55.3199003Z     mixed_process_chaos_test.go:917: mixed terminal type=mixedgrandchild id=c-a879b3a6c93c88e46e7761b1e78637a2 latency=8.955889325s
2026-10-01T06:57:55.3200484Z     mixed_process_chaos_test.go:917: mixed terminal type=mixedgrandchild id=c-535b8aa9db45ad629d92ad1b11208e82 latency=8.865909239s
2026-10-01T06:57:55.3201672Z     mixed_process_chaos_test.go:917: mixed terminal type=mixedgrandchild id=c-ce30b309161f5923793aaf2cbc016d4e latency=7.159703589s
2026-10-01T06:57:55.3203036Z     mixed_process_chaos_test.go:917: mixed terminal type=mixedgrandchild id=c-e1b3e514a9d31e1c0ae0fcf9d9dcde03 latency=7.964514195s
2026-10-01T06:57:55.3204643Z     mixed_process_chaos_test.go:917: mixed terminal type=mixedgrandchild id=c-bb5f73df9b542dac375d03b4ea875933 latency=7.159692627s
2026-10-01T06:57:55.3205926Z     mixed_process_chaos_test.go:917: mixed terminal type=mixedgrandchild id=c-01365f6a38e7c1ac2db485fc10fda086 latency=4.469208352s
2026-10-01T06:57:55.3207258Z     mixed_process_chaos_test.go:917: mixed terminal type=mixedgrandchild id=c-a44599fc4037c49e5e71abfb8f6d759c latency=6.2654618s
2026-10-01T06:57:55.3208859Z     mixed_process_chaos_test.go:917: mixed terminal type=mixedgrandchild id=c-e14a2648bb4377e8830f7b0584cfd294 latency=4.918544537s
2026-10-01T06:57:55.3210175Z     mixed_process_chaos_test.go:921: mixed terminal p99 from last enabling event=8.955889325s across 28 invocations
2026-10-01T06:57:55.3215766Z     mixed_process_chaos_test.go:922: mixed workers before={LeaseAcquisitions:67 LeaseContentions:41 LeaseAcquireFailures:0 FencingEvents:5 HandoffEnqueues:5 Redeliveries:54 EnqueueToLeaseSamples:67 EnqueueToLeaseTotal:4m26.515523084s EnqueueToLeaseMaximum:17.554715145s EnqueueToLeaseBuckets:[13 12 3 31 8 0] TimersScheduled:24 TimersFired:16 TimerLateTotal:39.512929376s TimerLateMaximum:2.507852776s TimerLateBuckets:[0 0 0 16 0 0] CancelledTimerNoOps:0} after={LeaseAcquisitions:55 LeaseContentions:46 LeaseAcquireFailures:0 FencingEvents:0 HandoffEnqueues:0 Redeliveries:46 EnqueueToLeaseSamples:55 EnqueueToLeaseTotal:9m35.452722802s EnqueueToLeaseMaximum:21.38030331s EnqueueToLeaseBuckets:[0 6 3 18 28 0] TimersScheduled:0 TimersFired:8 TimerLateTotal:19.713376855s TimerLateMaximum:2.493450848s TimerLateBuckets:[0 0 0 8 0 0] CancelledTimerNoOps:0}
2026-10-01T06:57:59.9062369Z --- PASS: TestMixedWorkflowsRecoverFromFourServerFaults (37.84s)
2026-10-01T06:57:59.9063121Z PASS
2026-10-01T06:57:59.9075246Z ok  	js-wf/integration	37.847s
2026-10-01T06:57:59.9173070Z Mixed workflow seed 13 (1..20)
2026-10-01T06:58:00.6449234Z === RUN   TestMixedWorkflowsRecoverFromFourServerFaults
2026-10-01T06:58:06.4869328Z     mixed_process_chaos_test.go:516: FAULT_SEED=13 FAULT_SCHEDULE=mixed-four-faults-13.json
2026-10-01T06:58:22.1073309Z     mixed_process_chaos_test.go:692: post-heal signal repair inspected=32 reenqueued=32
2026-10-01T06:58:23.2752218Z     mixed_process_chaos_test.go:704: mixed recovery type=mixedshort id=mixed-04-0 latency=4.609795567s
2026-10-01T06:58:23.2753641Z     mixed_process_chaos_test.go:704: mixed recovery type=mixedshort id=mixed-00-0 latency=4.60979556s
2026-10-01T06:58:23.2756080Z     mixed_process_chaos_test.go:704: mixed recovery type=mixedshort id=mixed-07-0 latency=4.610330729s
2026-10-01T06:58:23.2756902Z     mixed_process_chaos_test.go:704: mixed recovery type=mixedshort id=mixed-02-0 latency=4.610357313s
2026-10-01T06:58:23.5747714Z     mixed_process_chaos_test.go:704: mixed recovery type=mixedtimer id=mixed-01-0 latency=4.913823266s
2026-10-01T06:58:24.6986459Z     mixed_process_chaos_test.go:704: mixed recovery type=mixedtimer id=mixed-08-0 latency=6.03777549s
2026-10-01T06:58:24.6991714Z     mixed_process_chaos_test.go:704: mixed recovery type=mixedtimer id=mixed-05-0 latency=6.038261932s
2026-10-01T06:58:24.6993403Z     mixed_process_chaos_test.go:704: mixed recovery type=mixedsignal id=mixed-06-0 latency=2.672029097s
2026-10-01T06:58:25.4741374Z     mixed_process_chaos_test.go:704: mixed recovery type=mixedsignal id=mixed-03-0 latency=3.956245815s
2026-10-01T06:58:26.1741008Z     mixed_process_chaos_test.go:704: mixed recovery type=mixedfanout id=mixed-09-0 latency=7.513181919s
2026-10-01T06:58:26.1742953Z     mixed_process_chaos_test.go:709: mixed provisional result observation: p99=7.513181919s max=7.513181919s (fan-out parent still measured from quorum)
2026-10-01T06:58:26.2291167Z     mixed_process_chaos_test.go:749: restarted node WF_JRN ready in 1.30297ms after 1 attempts
2026-10-01T06:58:26.2401841Z     mixed_process_chaos_test.go:825: restarted node terminal type=mixedshort id=mixed-00-0 audit=6.497342ms
2026-10-01T06:58:26.2403285Z     mixed_process_chaos_test.go:825: restarted node terminal type=mixedtimer id=mixed-01-0 audit=10.945822ms
2026-10-01T06:58:26.2404715Z     mixed_process_chaos_test.go:825: restarted node terminal type=mixedshort id=mixed-02-0 audit=10.71775ms
2026-10-01T06:58:26.2406394Z     mixed_process_chaos_test.go:825: restarted node terminal type=mixedsignal id=mixed-03-0 audit=10.476108ms
2026-10-01T06:58:26.2407735Z     mixed_process_chaos_test.go:825: restarted node terminal type=mixedshort id=mixed-04-0 audit=10.930853ms
2026-10-01T06:58:26.2408865Z     mixed_process_chaos_test.go:825: restarted node terminal type=mixedtimer id=mixed-05-0 audit=9.139235ms
2026-10-01T06:58:26.2410131Z     mixed_process_chaos_test.go:825: restarted node terminal type=mixedsignal id=mixed-06-0 audit=10.918339ms
2026-10-01T06:58:26.2411224Z     mixed_process_chaos_test.go:825: restarted node terminal type=mixedshort id=mixed-07-0 audit=10.901996ms
2026-10-01T06:58:26.2412473Z     mixed_process_chaos_test.go:825: restarted node terminal type=mixedtimer id=mixed-08-0 audit=10.220859ms
2026-10-01T06:58:26.2413905Z     mixed_process_chaos_test.go:825: restarted node terminal type=mixedfanout id=mixed-09-0 audit=9.948193ms
2026-10-01T06:58:26.2415150Z     mixed_process_chaos_test.go:836: restarted node child id=c-2c0427b405f6e5cf41a7a5dd2529625c audit=9.214733ms
2026-10-01T06:58:26.2416063Z     mixed_process_chaos_test.go:836: restarted node child id=c-61a693bbe622d9d1cff620a5ba2cda7f audit=10.624624ms
2026-10-01T06:58:26.2417367Z     mixed_process_chaos_test.go:836: restarted node child id=c-3e3e4c70156e3fee9852004ca5949da3 audit=10.901766ms
2026-10-01T06:58:26.2418618Z     mixed_process_chaos_test.go:836: restarted node child id=c-2d7fcc22d483fcf51ba57e3b2077e464 audit=10.869357ms
2026-10-01T06:58:26.2419685Z     mixed_process_chaos_test.go:836: restarted node child id=c-1eaf330c748a119ebeda4a23d05429de audit=10.41138ms
2026-10-01T06:58:26.2421011Z     mixed_process_chaos_test.go:836: restarted node child id=c-708e303ec63ebd5c030bc9ab47ec7aac audit=10.032776ms
2026-10-01T06:58:26.2422312Z     mixed_process_chaos_test.go:843: restarted node grandchild id=c-425aa24102bf9165ef736361fbbfbb9e audit=10.2639ms
2026-10-01T06:58:26.2423962Z     mixed_process_chaos_test.go:843: restarted node grandchild id=c-81df727d0b247de4898e89bde451172f audit=9.185718ms
2026-10-01T06:58:26.2425283Z     mixed_process_chaos_test.go:843: restarted node grandchild id=c-8129cf1d1fd8e3a209b19b528165f4df audit=9.231749ms
2026-10-01T06:58:26.2426662Z     mixed_process_chaos_test.go:843: restarted node grandchild id=c-26514356ab5a5acbf20ad5ce3acc8168 audit=10.924838ms
2026-10-01T06:58:26.2428166Z     mixed_process_chaos_test.go:843: restarted node grandchild id=c-a879b3a6c93c88e46e7761b1e78637a2 audit=9.137998ms
2026-10-01T06:58:26.2429528Z     mixed_process_chaos_test.go:843: restarted node grandchild id=c-535b8aa9db45ad629d92ad1b11208e82 audit=10.206725ms
2026-10-01T06:58:26.2430884Z     mixed_process_chaos_test.go:843: restarted node grandchild id=c-ce30b309161f5923793aaf2cbc016d4e audit=8.983395ms
2026-10-01T06:58:26.2432284Z     mixed_process_chaos_test.go:843: restarted node grandchild id=c-e1b3e514a9d31e1c0ae0fcf9d9dcde03 audit=9.950963ms
2026-10-01T06:58:26.2434088Z     mixed_process_chaos_test.go:843: restarted node grandchild id=c-bb5f73df9b542dac375d03b4ea875933 audit=9.955859ms
2026-10-01T06:58:26.2435433Z     mixed_process_chaos_test.go:843: restarted node grandchild id=c-01365f6a38e7c1ac2db485fc10fda086 audit=9.960575ms
2026-10-01T06:58:26.2436495Z     mixed_process_chaos_test.go:843: restarted node grandchild id=c-9f8b5d69f8b1989f1911d5458e094f89 audit=10.020466ms
2026-10-01T06:58:26.2437458Z     mixed_process_chaos_test.go:843: restarted node grandchild id=c-09bfcf8cbc085f24ccdde31fb6f020cb audit=9.13493ms
2026-10-01T06:58:26.2438802Z     mixed_process_chaos_test.go:871: survivor node 2 WF_SIG ready in 991.97µs after 1 attempts
2026-10-01T06:58:26.2439988Z     mixed_process_chaos_test.go:894: mixed terminal type=mixedshort id=mixed-00-0 latency=4.523648427s
2026-10-01T06:58:26.2441114Z     mixed_process_chaos_test.go:894: mixed terminal type=mixedtimer id=mixed-01-0 latency=4.878090561s
2026-10-01T06:58:26.2442165Z     mixed_process_chaos_test.go:894: mixed terminal type=mixedshort id=mixed-02-0 latency=4.523530945s
2026-10-01T06:58:26.2443431Z     mixed_process_chaos_test.go:894: mixed terminal type=mixedsignal id=mixed-03-0 latency=3.946708856s
2026-10-01T06:58:26.2444422Z     mixed_process_chaos_test.go:894: mixed terminal type=mixedshort id=mixed-04-0 latency=4.52352189s
2026-10-01T06:58:26.2445606Z     mixed_process_chaos_test.go:894: mixed terminal type=mixedtimer id=mixed-05-0 latency=5.947987029s
2026-10-01T06:58:26.2446696Z     mixed_process_chaos_test.go:894: mixed terminal type=mixedsignal id=mixed-06-0 latency=2.66791436s
2026-10-01T06:58:26.2447580Z     mixed_process_chaos_test.go:894: mixed terminal type=mixedshort id=mixed-07-0 latency=4.523655811s
2026-10-01T06:58:26.2448554Z     mixed_process_chaos_test.go:894: mixed terminal type=mixedtimer id=mixed-08-0 latency=5.922666941s
2026-10-01T06:58:26.2449673Z     mixed_process_chaos_test.go:894: mixed terminal type=mixedfanout id=mixed-09-0 latency=390.096425ms
2026-10-01T06:58:26.2450885Z     mixed_process_chaos_test.go:909: mixed terminal type=mixedchild id=c-2c0427b405f6e5cf41a7a5dd2529625c latency=231.846226ms
2026-10-01T06:58:26.2452417Z     mixed_process_chaos_test.go:909: mixed terminal type=mixedchild id=c-61a693bbe622d9d1cff620a5ba2cda7f latency=351.712491ms
2026-10-01T06:58:26.2454318Z     mixed_process_chaos_test.go:909: mixed terminal type=mixedchild id=c-3e3e4c70156e3fee9852004ca5949da3 latency=778.726339ms
2026-10-01T06:58:26.2455799Z     mixed_process_chaos_test.go:909: mixed terminal type=mixedchild id=c-2d7fcc22d483fcf51ba57e3b2077e464 latency=1.317428884s
2026-10-01T06:58:26.2457224Z     mixed_process_chaos_test.go:909: mixed terminal type=mixedchild id=c-1eaf330c748a119ebeda4a23d05429de latency=365.149134ms
2026-10-01T06:58:26.2458687Z     mixed_process_chaos_test.go:909: mixed terminal type=mixedchild id=c-708e303ec63ebd5c030bc9ab47ec7aac latency=1.794700303s
2026-10-01T06:58:26.2460244Z     mixed_process_chaos_test.go:917: mixed terminal type=mixedgrandchild id=c-425aa24102bf9165ef736361fbbfbb9e latency=4.816391577s
2026-10-01T06:58:26.2461642Z     mixed_process_chaos_test.go:917: mixed terminal type=mixedgrandchild id=c-81df727d0b247de4898e89bde451172f latency=4.713365064s
2026-10-01T06:58:26.2463087Z     mixed_process_chaos_test.go:917: mixed terminal type=mixedgrandchild id=c-8129cf1d1fd8e3a209b19b528165f4df latency=6.685587127s
2026-10-01T06:58:26.2464492Z     mixed_process_chaos_test.go:917: mixed terminal type=mixedgrandchild id=c-26514356ab5a5acbf20ad5ce3acc8168 latency=5.618421555s
2026-10-01T06:58:26.2465827Z     mixed_process_chaos_test.go:917: mixed terminal type=mixedgrandchild id=c-a879b3a6c93c88e46e7761b1e78637a2 latency=4.713357431s
2026-10-01T06:58:26.2467022Z     mixed_process_chaos_test.go:917: mixed terminal type=mixedgrandchild id=c-535b8aa9db45ad629d92ad1b11208e82 latency=4.713351722s
2026-10-01T06:58:26.2468340Z     mixed_process_chaos_test.go:917: mixed terminal type=mixedgrandchild id=c-ce30b309161f5923793aaf2cbc016d4e latency=4.816229117s
2026-10-01T06:58:26.2469933Z     mixed_process_chaos_test.go:917: mixed terminal type=mixedgrandchild id=c-e1b3e514a9d31e1c0ae0fcf9d9dcde03 latency=5.3383285s
2026-10-01T06:58:26.2471283Z     mixed_process_chaos_test.go:917: mixed terminal type=mixedgrandchild id=c-bb5f73df9b542dac375d03b4ea875933 latency=5.337959319s
2026-10-01T06:58:26.2472866Z     mixed_process_chaos_test.go:917: mixed terminal type=mixedgrandchild id=c-01365f6a38e7c1ac2db485fc10fda086 latency=4.816384245s
2026-10-01T06:58:26.2474431Z     mixed_process_chaos_test.go:917: mixed terminal type=mixedgrandchild id=c-9f8b5d69f8b1989f1911d5458e094f89 latency=4.713360999s
2026-10-01T06:58:26.2475974Z     mixed_process_chaos_test.go:917: mixed terminal type=mixedgrandchild id=c-09bfcf8cbc085f24ccdde31fb6f020cb latency=4.684143459s
2026-10-01T06:58:26.2503294Z     mixed_process_chaos_test.go:921: mixed terminal p99 from last enabling event=6.685587127s across 28 invocations
2026-10-01T06:58:26.2509799Z     mixed_process_chaos_test.go:922: mixed workers before={LeaseAcquisitions:40 LeaseContentions:29 LeaseAcquireFailures:2 FencingEvents:6 HandoffEnqueues:6 Redeliveries:4 EnqueueToLeaseSamples:40 EnqueueToLeaseTotal:1m26.473723025s EnqueueToLeaseMaximum:18.100094174s EnqueueToLeaseBuckets:[19 6 2 11 2 0] TimersScheduled:24 TimersFired:8 TimerLateTotal:33.928217185s TimerLateMaximum:4.264630934s TimerLateBuckets:[0 0 0 8 0 0] CancelledTimerNoOps:0} after={LeaseAcquisitions:32 LeaseContentions:23 LeaseAcquireFailures:35 FencingEvents:0 HandoffEnqueues:0 Redeliveries:40 EnqueueToLeaseSamples:32 EnqueueToLeaseTotal:4m36.280556481s EnqueueToLeaseMaximum:18.811443398s EnqueueToLeaseBuckets:[5 3 2 8 14 0] TimersScheduled:0 TimersFired:16 TimerLateTotal:1m7.205337393s TimerLateMaximum:4.262090384s TimerLateBuckets:[0 0 0 16 0 0] CancelledTimerNoOps:0}
2026-10-01T06:58:30.6059997Z --- PASS: TestMixedWorkflowsRecoverFromFourServerFaults (29.96s)
2026-10-01T06:58:30.6060631Z PASS
2026-10-01T06:58:30.6069947Z ok  	js-wf/integration	29.966s
2026-10-01T06:58:30.6165986Z Mixed workflow seed 14 (1..20)
2026-10-01T06:58:31.3624637Z === RUN   TestMixedWorkflowsRecoverFromFourServerFaults
2026-10-01T06:58:37.1145945Z     mixed_process_chaos_test.go:516: FAULT_SEED=14 FAULT_SCHEDULE=mixed-four-faults-14.json
2026-10-01T06:58:55.6987532Z     mixed_process_chaos_test.go:692: post-heal signal repair inspected=46 reenqueued=21
2026-10-01T06:58:55.6989068Z     mixed_process_chaos_test.go:704: mixed recovery type=mixedshort id=mixed-01-0 latency=2.145889355s
2026-10-01T06:58:55.6990050Z     mixed_process_chaos_test.go:704: mixed recovery type=mixedshort id=mixed-07-0 latency=2.146175429s
2026-10-01T06:58:55.6991038Z     mixed_process_chaos_test.go:704: mixed recovery type=mixedshort id=mixed-02-0 latency=2.155337183s
2026-10-01T06:58:55.6992120Z     mixed_process_chaos_test.go:704: mixed recovery type=mixedshort id=mixed-05-0 latency=2.155387359s
2026-10-01T06:58:55.6993101Z     mixed_process_chaos_test.go:704: mixed recovery type=mixedtimer id=mixed-00-0 latency=3.119255297s
2026-10-01T06:58:55.6993997Z     mixed_process_chaos_test.go:704: mixed recovery type=mixedtimer id=mixed-04-0 latency=3.124003761s
2026-10-01T06:58:56.1957335Z     mixed_process_chaos_test.go:704: mixed recovery type=mixedtimer id=mixed-03-0 latency=6.93279602s
2026-10-01T06:58:57.1756525Z     mixed_process_chaos_test.go:704: mixed recovery type=mixedsignal id=mixed-08-0 latency=3.570220194s
2026-10-01T06:58:58.4220951Z     mixed_process_chaos_test.go:704: mixed recovery type=mixedfanout id=mixed-09-0 latency=9.159015529s
2026-10-01T06:58:58.9007239Z     mixed_process_chaos_test.go:704: mixed recovery type=mixedsignal id=mixed-06-0 latency=6.76735268s
2026-10-01T06:58:58.9009798Z     mixed_process_chaos_test.go:709: mixed provisional result observation: p99=9.159015529s max=9.159015529s (fan-out parent still measured from quorum)
2026-10-01T06:58:58.9579892Z     mixed_process_chaos_test.go:749: restarted node WF_JRN ready in 1.267341ms after 1 attempts
2026-10-01T06:58:58.9708857Z     mixed_process_chaos_test.go:825: restarted node terminal type=mixedtimer id=mixed-00-0 audit=10.938644ms
2026-10-01T06:58:58.9712907Z     mixed_process_chaos_test.go:825: restarted node terminal type=mixedshort id=mixed-01-0 audit=12.457817ms
2026-10-01T06:58:58.9714638Z     mixed_process_chaos_test.go:825: restarted node terminal type=mixedshort id=mixed-02-0 audit=11.648394ms
2026-10-01T06:58:58.9716761Z     mixed_process_chaos_test.go:825: restarted node terminal type=mixedtimer id=mixed-03-0 audit=12.428295ms
2026-10-01T06:58:58.9718086Z     mixed_process_chaos_test.go:825: restarted node terminal type=mixedtimer id=mixed-04-0 audit=11.540323ms
2026-10-01T06:58:58.9719349Z     mixed_process_chaos_test.go:825: restarted node terminal type=mixedshort id=mixed-05-0 audit=11.023495ms
2026-10-01T06:58:58.9720650Z     mixed_process_chaos_test.go:825: restarted node terminal type=mixedsignal id=mixed-06-0 audit=11.694248ms
2026-10-01T06:58:58.9721934Z     mixed_process_chaos_test.go:825: restarted node terminal type=mixedshort id=mixed-07-0 audit=12.32453ms
2026-10-01T06:58:58.9726174Z     mixed_process_chaos_test.go:825: restarted node terminal type=mixedsignal id=mixed-08-0 audit=11.713885ms
2026-10-01T06:58:58.9727362Z     mixed_process_chaos_test.go:825: restarted node terminal type=mixedfanout id=mixed-09-0 audit=10.223442ms
2026-10-01T06:58:58.9728491Z     mixed_process_chaos_test.go:836: restarted node child id=c-2c0427b405f6e5cf41a7a5dd2529625c audit=11.666609ms
2026-10-01T06:58:58.9729835Z     mixed_process_chaos_test.go:836: restarted node child id=c-61a693bbe622d9d1cff620a5ba2cda7f audit=11.64445ms
2026-10-01T06:58:58.9730985Z     mixed_process_chaos_test.go:836: restarted node child id=c-3e3e4c70156e3fee9852004ca5949da3 audit=9.774059ms
2026-10-01T06:58:58.9732247Z     mixed_process_chaos_test.go:836: restarted node child id=c-2d7fcc22d483fcf51ba57e3b2077e464 audit=9.678547ms
2026-10-01T06:58:58.9733761Z     mixed_process_chaos_test.go:836: restarted node child id=c-1eaf330c748a119ebeda4a23d05429de audit=11.609951ms
2026-10-01T06:58:58.9735121Z     mixed_process_chaos_test.go:836: restarted node child id=c-708e303ec63ebd5c030bc9ab47ec7aac audit=12.422881ms
2026-10-01T06:58:58.9736406Z     mixed_process_chaos_test.go:843: restarted node grandchild id=c-425aa24102bf9165ef736361fbbfbb9e audit=10.327413ms
2026-10-01T06:58:58.9738093Z     mixed_process_chaos_test.go:843: restarted node grandchild id=c-81df727d0b247de4898e89bde451172f audit=11.385738ms
2026-10-01T06:58:58.9739443Z     mixed_process_chaos_test.go:843: restarted node grandchild id=c-8129cf1d1fd8e3a209b19b528165f4df audit=12.305008ms
2026-10-01T06:58:58.9740890Z     mixed_process_chaos_test.go:843: restarted node grandchild id=c-26514356ab5a5acbf20ad5ce3acc8168 audit=12.374148ms
2026-10-01T06:58:58.9742269Z     mixed_process_chaos_test.go:843: restarted node grandchild id=c-a879b3a6c93c88e46e7761b1e78637a2 audit=11.720383ms
2026-10-01T06:58:58.9751704Z     mixed_process_chaos_test.go:843: restarted node grandchild id=c-535b8aa9db45ad629d92ad1b11208e82 audit=11.676218ms
2026-10-01T06:58:58.9753839Z     mixed_process_chaos_test.go:843: restarted node grandchild id=c-ce30b309161f5923793aaf2cbc016d4e audit=11.618463ms
2026-10-01T06:58:58.9755807Z     mixed_process_chaos_test.go:843: restarted node grandchild id=c-e1b3e514a9d31e1c0ae0fcf9d9dcde03 audit=12.31149ms
2026-10-01T06:58:58.9757929Z     mixed_process_chaos_test.go:843: restarted node grandchild id=c-bb5f73df9b542dac375d03b4ea875933 audit=12.433248ms
2026-10-01T06:58:58.9761026Z     mixed_process_chaos_test.go:843: restarted node grandchild id=c-01365f6a38e7c1ac2db485fc10fda086 audit=11.650148ms
2026-10-01T06:58:58.9764503Z     mixed_process_chaos_test.go:843: restarted node grandchild id=c-a44599fc4037c49e5e71abfb8f6d759c audit=10.871503ms
2026-10-01T06:58:58.9766961Z     mixed_process_chaos_test.go:843: restarted node grandchild id=c-e14a2648bb4377e8830f7b0584cfd294 audit=10.313333ms
2026-10-01T06:58:58.9768743Z     mixed_process_chaos_test.go:871: survivor node 1 WF_SIG ready in 1.354661ms after 1 attempts
2026-10-01T06:58:58.9777351Z     mixed_process_chaos_test.go:894: mixed terminal type=mixedtimer id=mixed-00-0 latency=3.050785182s
2026-10-01T06:58:58.9784530Z     mixed_process_chaos_test.go:894: mixed terminal type=mixedshort id=mixed-01-0 latency=2.085801137s
2026-10-01T06:58:58.9785571Z     mixed_process_chaos_test.go:894: mixed terminal type=mixedshort id=mixed-02-0 latency=2.08577611s
2026-10-01T06:58:58.9787068Z     mixed_process_chaos_test.go:894: mixed terminal type=mixedtimer id=mixed-03-0 latency=6.862345064s
2026-10-01T06:58:58.9788660Z     mixed_process_chaos_test.go:894: mixed terminal type=mixedtimer id=mixed-04-0 latency=3.050794157s
2026-10-01T06:58:58.9790950Z     mixed_process_chaos_test.go:894: mixed terminal type=mixedshort id=mixed-05-0 latency=2.085781216s
2026-10-01T06:58:58.9791931Z     mixed_process_chaos_test.go:894: mixed terminal type=mixedsignal id=mixed-06-0 latency=6.766110701s
2026-10-01T06:58:58.9793094Z     mixed_process_chaos_test.go:894: mixed terminal type=mixedshort id=mixed-07-0 latency=2.08580595s
2026-10-01T06:58:58.9794422Z     mixed_process_chaos_test.go:894: mixed terminal type=mixedsignal id=mixed-08-0 latency=3.554967434s
2026-10-01T06:58:58.9795269Z     mixed_process_chaos_test.go:894: mixed terminal type=mixedfanout id=mixed-09-0 latency=1.264327177s
2026-10-01T06:58:58.9796539Z     mixed_process_chaos_test.go:909: mixed terminal type=mixedchild id=c-2c0427b405f6e5cf41a7a5dd2529625c latency=831.309066ms
2026-10-01T06:58:58.9797892Z     mixed_process_chaos_test.go:909: mixed terminal type=mixedchild id=c-61a693bbe622d9d1cff620a5ba2cda7f latency=786.425776ms
2026-10-01T06:58:58.9798878Z     mixed_process_chaos_test.go:909: mixed terminal type=mixedchild id=c-3e3e4c70156e3fee9852004ca5949da3 latency=2.598234941s
2026-10-01T06:58:58.9800374Z     mixed_process_chaos_test.go:909: mixed terminal type=mixedchild id=c-2d7fcc22d483fcf51ba57e3b2077e464 latency=709.479467ms
2026-10-01T06:58:58.9801357Z     mixed_process_chaos_test.go:909: mixed terminal type=mixedchild id=c-1eaf330c748a119ebeda4a23d05429de latency=752.372405ms
2026-10-01T06:58:58.9802541Z     mixed_process_chaos_test.go:909: mixed terminal type=mixedchild id=c-708e303ec63ebd5c030bc9ab47ec7aac latency=623.591908ms
2026-10-01T06:58:58.9804014Z     mixed_process_chaos_test.go:917: mixed terminal type=mixedgrandchild id=c-425aa24102bf9165ef736361fbbfbb9e latency=4.412433092s
2026-10-01T06:58:58.9805149Z     mixed_process_chaos_test.go:917: mixed terminal type=mixedgrandchild id=c-81df727d0b247de4898e89bde451172f latency=4.412550556s
2026-10-01T06:58:58.9806591Z     mixed_process_chaos_test.go:917: mixed terminal type=mixedgrandchild id=c-8129cf1d1fd8e3a209b19b528165f4df latency=5.171123745s
2026-10-01T06:58:58.9807636Z     mixed_process_chaos_test.go:917: mixed terminal type=mixedgrandchild id=c-26514356ab5a5acbf20ad5ce3acc8168 latency=5.726491963s
2026-10-01T06:58:58.9808987Z     mixed_process_chaos_test.go:917: mixed terminal type=mixedgrandchild id=c-a879b3a6c93c88e46e7761b1e78637a2 latency=624.266313ms
2026-10-01T06:58:58.9810144Z     mixed_process_chaos_test.go:917: mixed terminal type=mixedgrandchild id=c-535b8aa9db45ad629d92ad1b11208e82 latency=1.213965791s
2026-10-01T06:58:58.9811558Z     mixed_process_chaos_test.go:917: mixed terminal type=mixedgrandchild id=c-ce30b309161f5923793aaf2cbc016d4e latency=5.583430124s
2026-10-01T06:58:58.9813044Z     mixed_process_chaos_test.go:917: mixed terminal type=mixedgrandchild id=c-e1b3e514a9d31e1c0ae0fcf9d9dcde03 latency=6.216901759s
2026-10-01T06:58:58.9814967Z     mixed_process_chaos_test.go:917: mixed terminal type=mixedgrandchild id=c-bb5f73df9b542dac375d03b4ea875933 latency=5.171118592s
2026-10-01T06:58:58.9816314Z     mixed_process_chaos_test.go:917: mixed terminal type=mixedgrandchild id=c-01365f6a38e7c1ac2db485fc10fda086 latency=7.066072735s
2026-10-01T06:58:58.9817406Z     mixed_process_chaos_test.go:917: mixed terminal type=mixedgrandchild id=c-a44599fc4037c49e5e71abfb8f6d759c latency=487.558554ms
2026-10-01T06:58:58.9818538Z     mixed_process_chaos_test.go:917: mixed terminal type=mixedgrandchild id=c-e14a2648bb4377e8830f7b0584cfd294 latency=3.466277903s
2026-10-01T06:58:58.9819891Z     mixed_process_chaos_test.go:921: mixed terminal p99 from last enabling event=7.066072735s across 28 invocations
2026-10-01T06:58:58.9825286Z     mixed_process_chaos_test.go:922: mixed workers before={LeaseAcquisitions:56 LeaseContentions:24 LeaseAcquireFailures:0 FencingEvents:6 HandoffEnqueues:6 Redeliveries:4 EnqueueToLeaseSamples:56 EnqueueToLeaseTotal:2m51.445084893s EnqueueToLeaseMaximum:15.449028059s EnqueueToLeaseBuckets:[14 10 7 22 3 0] TimersScheduled:24 TimersFired:16 TimerLateTotal:40.28151039s TimerLateMaximum:2.551510576s TimerLateBuckets:[0 0 0 16 0 0] CancelledTimerNoOps:0} after={LeaseAcquisitions:29 LeaseContentions:18 LeaseAcquireFailures:0 FencingEvents:0 HandoffEnqueues:0 Redeliveries:6 EnqueueToLeaseSamples:29 EnqueueToLeaseTotal:4m16.940584572s EnqueueToLeaseMaximum:18.924610615s EnqueueToLeaseBuckets:[0 6 2 8 13 0] TimersScheduled:0 TimersFired:8 TimerLateTotal:20.046448018s TimerLateMaximum:2.534497692s TimerLateBuckets:[0 0 0 8 0 0] CancelledTimerNoOps:0}
2026-10-01T06:59:04.0526698Z --- PASS: TestMixedWorkflowsRecoverFromFourServerFaults (32.69s)
2026-10-01T06:59:04.0527131Z PASS
2026-10-01T06:59:04.0539108Z ok  	js-wf/integration	32.696s
2026-10-01T06:59:04.0644985Z Mixed workflow seed 15 (1..20)
2026-10-01T06:59:04.7817778Z === RUN   TestMixedWorkflowsRecoverFromFourServerFaults
2026-10-01T06:59:10.4909539Z     mixed_process_chaos_test.go:516: FAULT_SEED=15 FAULT_SCHEDULE=mixed-four-faults-15.json
2026-10-01T06:59:26.1134924Z     mixed_process_chaos_test.go:692: post-heal signal repair inspected=38 reenqueued=28
2026-10-01T06:59:26.1135699Z     mixed_process_chaos_test.go:704: mixed recovery type=mixedshort id=mixed-07-0 latency=1.408695887s
2026-10-01T06:59:26.1136435Z     mixed_process_chaos_test.go:704: mixed recovery type=mixedshort id=mixed-05-0 latency=2.508663108s
2026-10-01T06:59:26.1137143Z     mixed_process_chaos_test.go:704: mixed recovery type=mixedshort id=mixed-03-0 latency=2.509026503s
2026-10-01T06:59:26.1137884Z     mixed_process_chaos_test.go:704: mixed recovery type=mixedtimer id=mixed-06-0 latency=3.311039189s
2026-10-01T06:59:26.1138593Z     mixed_process_chaos_test.go:704: mixed recovery type=mixedtimer id=mixed-00-0 latency=3.410833849s
2026-10-01T06:59:28.3758618Z     mixed_process_chaos_test.go:704: mixed recovery type=mixedshort id=mixed-08-0 latency=5.70811973s
2026-10-01T06:59:28.8784263Z     mixed_process_chaos_test.go:704: mixed recovery type=mixedsignal id=mixed-02-0 latency=3.717365645s
2026-10-01T06:59:29.7754299Z     mixed_process_chaos_test.go:704: mixed recovery type=mixedtimer id=mixed-01-0 latency=7.110159107s
2026-10-01T06:59:32.3779668Z     mixed_process_chaos_test.go:704: mixed recovery type=mixedsignal id=mixed-04-0 latency=6.469951997s
2026-10-01T06:59:32.7763549Z     mixed_process_chaos_test.go:704: mixed recovery type=mixedfanout id=mixed-09-0 latency=10.111212963s
2026-10-01T06:59:32.7765125Z     mixed_process_chaos_test.go:709: mixed provisional result observation: p99=10.111212963s max=10.111212963s (fan-out parent still measured from quorum)
2026-10-01T06:59:32.8310926Z     mixed_process_chaos_test.go:749: restarted node WF_JRN ready in 1.237978ms after 1 attempts
2026-10-01T06:59:32.8448427Z     mixed_process_chaos_test.go:825: restarted node terminal type=mixedtimer id=mixed-00-0 audit=13.711449ms
2026-10-01T06:59:32.8449845Z     mixed_process_chaos_test.go:825: restarted node terminal type=mixedtimer id=mixed-01-0 audit=10.253993ms
2026-10-01T06:59:32.8450975Z     mixed_process_chaos_test.go:825: restarted node terminal type=mixedsignal id=mixed-02-0 audit=10.070805ms
2026-10-01T06:59:32.8452080Z     mixed_process_chaos_test.go:825: restarted node terminal type=mixedshort id=mixed-03-0 audit=13.69746ms
2026-10-01T06:59:32.8453213Z     mixed_process_chaos_test.go:825: restarted node terminal type=mixedsignal id=mixed-04-0 audit=12.218324ms
2026-10-01T06:59:32.8456296Z     mixed_process_chaos_test.go:825: restarted node terminal type=mixedshort id=mixed-05-0 audit=13.70948ms
2026-10-01T06:59:32.8457941Z     mixed_process_chaos_test.go:825: restarted node terminal type=mixedtimer id=mixed-06-0 audit=12.599629ms
2026-10-01T06:59:32.8459200Z     mixed_process_chaos_test.go:825: restarted node terminal type=mixedshort id=mixed-07-0 audit=12.466661ms
2026-10-01T06:59:32.8460406Z     mixed_process_chaos_test.go:825: restarted node terminal type=mixedshort id=mixed-08-0 audit=10.670001ms
2026-10-01T06:59:32.8461428Z     mixed_process_chaos_test.go:825: restarted node terminal type=mixedfanout id=mixed-09-0 audit=10.690744ms
2026-10-01T06:59:32.8462856Z     mixed_process_chaos_test.go:836: restarted node child id=c-2c0427b405f6e5cf41a7a5dd2529625c audit=13.704416ms
2026-10-01T06:59:32.8464220Z     mixed_process_chaos_test.go:836: restarted node child id=c-61a693bbe622d9d1cff620a5ba2cda7f audit=13.635678ms
2026-10-01T06:59:32.8465424Z     mixed_process_chaos_test.go:836: restarted node child id=c-3e3e4c70156e3fee9852004ca5949da3 audit=12.534148ms
2026-10-01T06:59:32.8466649Z     mixed_process_chaos_test.go:836: restarted node child id=c-2d7fcc22d483fcf51ba57e3b2077e464 audit=11.876351ms
2026-10-01T06:59:32.8468050Z     mixed_process_chaos_test.go:836: restarted node child id=c-1eaf330c748a119ebeda4a23d05429de audit=12.413081ms
2026-10-01T06:59:32.8469394Z     mixed_process_chaos_test.go:836: restarted node child id=c-708e303ec63ebd5c030bc9ab47ec7aac audit=11.283084ms
2026-10-01T06:59:32.8470890Z     mixed_process_chaos_test.go:843: restarted node grandchild id=c-425aa24102bf9165ef736361fbbfbb9e audit=12.480405ms
2026-10-01T06:59:32.8472322Z     mixed_process_chaos_test.go:843: restarted node grandchild id=c-81df727d0b247de4898e89bde451172f audit=10.198331ms
2026-10-01T06:59:32.8473915Z     mixed_process_chaos_test.go:843: restarted node grandchild id=c-8129cf1d1fd8e3a209b19b528165f4df audit=13.703727ms
2026-10-01T06:59:32.8475454Z     mixed_process_chaos_test.go:843: restarted node grandchild id=c-26514356ab5a5acbf20ad5ce3acc8168 audit=12.597341ms
2026-10-01T06:59:32.8476810Z     mixed_process_chaos_test.go:843: restarted node grandchild id=c-a879b3a6c93c88e46e7761b1e78637a2 audit=13.70805ms
2026-10-01T06:59:32.8477850Z     mixed_process_chaos_test.go:843: restarted node grandchild id=c-535b8aa9db45ad629d92ad1b11208e82 audit=10.691347ms
2026-10-01T06:59:32.8479438Z     mixed_process_chaos_test.go:843: restarted node grandchild id=c-ce30b309161f5923793aaf2cbc016d4e audit=10.370212ms
2026-10-01T06:59:32.8480671Z     mixed_process_chaos_test.go:843: restarted node grandchild id=c-e1b3e514a9d31e1c0ae0fcf9d9dcde03 audit=13.69265ms
2026-10-01T06:59:32.8482048Z     mixed_process_chaos_test.go:843: restarted node grandchild id=c-bb5f73df9b542dac375d03b4ea875933 audit=10.336336ms
2026-10-01T06:59:32.8483231Z     mixed_process_chaos_test.go:843: restarted node grandchild id=c-01365f6a38e7c1ac2db485fc10fda086 audit=10.44956ms
2026-10-01T06:59:32.8484293Z     mixed_process_chaos_test.go:843: restarted node grandchild id=c-a44599fc4037c49e5e71abfb8f6d759c audit=13.636983ms
2026-10-01T06:59:32.8485436Z     mixed_process_chaos_test.go:843: restarted node grandchild id=c-e14a2648bb4377e8830f7b0584cfd294 audit=11.375661ms
2026-10-01T06:59:32.8486484Z     mixed_process_chaos_test.go:871: survivor node 1 WF_SIG ready in 1.126401ms after 1 attempts
2026-10-01T06:59:32.8487615Z     mixed_process_chaos_test.go:894: mixed terminal type=mixedtimer id=mixed-00-0 latency=3.32811734s
2026-10-01T06:59:32.8488784Z     mixed_process_chaos_test.go:894: mixed terminal type=mixedtimer id=mixed-01-0 latency=6.975394175s
2026-10-01T06:59:32.8489939Z     mixed_process_chaos_test.go:894: mixed terminal type=mixedsignal id=mixed-02-0 latency=3.705254454s
2026-10-01T06:59:32.8491198Z     mixed_process_chaos_test.go:894: mixed terminal type=mixedshort id=mixed-03-0 latency=2.379766568s
2026-10-01T06:59:32.8492245Z     mixed_process_chaos_test.go:894: mixed terminal type=mixedsignal id=mixed-04-0 latency=6.431244253s
2026-10-01T06:59:32.8493500Z     mixed_process_chaos_test.go:894: mixed terminal type=mixedshort id=mixed-05-0 latency=2.379744614s
2026-10-01T06:59:32.8495022Z     mixed_process_chaos_test.go:894: mixed terminal type=mixedtimer id=mixed-06-0 latency=3.198008854s
2026-10-01T06:59:32.8496115Z     mixed_process_chaos_test.go:894: mixed terminal type=mixedshort id=mixed-07-0 latency=1.372098346s
2026-10-01T06:59:32.8497076Z     mixed_process_chaos_test.go:894: mixed terminal type=mixedshort id=mixed-08-0 latency=5.630957622s
2026-10-01T06:59:32.8498250Z     mixed_process_chaos_test.go:894: mixed terminal type=mixedfanout id=mixed-09-0 latency=853.019075ms
2026-10-01T06:59:32.8499629Z     mixed_process_chaos_test.go:909: mixed terminal type=mixedchild id=c-2c0427b405f6e5cf41a7a5dd2529625c latency=593.380903ms
2026-10-01T06:59:32.8501081Z     mixed_process_chaos_test.go:909: mixed terminal type=mixedchild id=c-61a693bbe622d9d1cff620a5ba2cda7f latency=851.123778ms
2026-10-01T06:59:32.8502586Z     mixed_process_chaos_test.go:909: mixed terminal type=mixedchild id=c-3e3e4c70156e3fee9852004ca5949da3 latency=609.501542ms
2026-10-01T06:59:32.8504137Z     mixed_process_chaos_test.go:909: mixed terminal type=mixedchild id=c-2d7fcc22d483fcf51ba57e3b2077e464 latency=2.735496927s
2026-10-01T06:59:32.8505521Z     mixed_process_chaos_test.go:909: mixed terminal type=mixedchild id=c-1eaf330c748a119ebeda4a23d05429de latency=4.199268512s
2026-10-01T06:59:32.8507009Z     mixed_process_chaos_test.go:909: mixed terminal type=mixedchild id=c-708e303ec63ebd5c030bc9ab47ec7aac latency=939.488834ms
2026-10-01T06:59:32.8508246Z     mixed_process_chaos_test.go:917: mixed terminal type=mixedgrandchild id=c-425aa24102bf9165ef736361fbbfbb9e latency=1.505356081s
2026-10-01T06:59:32.8509620Z     mixed_process_chaos_test.go:917: mixed terminal type=mixedgrandchild id=c-81df727d0b247de4898e89bde451172f latency=7.195335303s
2026-10-01T06:59:32.8511100Z     mixed_process_chaos_test.go:917: mixed terminal type=mixedgrandchild id=c-8129cf1d1fd8e3a209b19b528165f4df latency=5.87971617s
2026-10-01T06:59:32.8512446Z     mixed_process_chaos_test.go:917: mixed terminal type=mixedgrandchild id=c-26514356ab5a5acbf20ad5ce3acc8168 latency=2.16126308s
2026-10-01T06:59:32.8513933Z     mixed_process_chaos_test.go:917: mixed terminal type=mixedgrandchild id=c-a879b3a6c93c88e46e7761b1e78637a2 latency=2.161250794s
2026-10-01T06:59:32.8515637Z     mixed_process_chaos_test.go:917: mixed terminal type=mixedgrandchild id=c-535b8aa9db45ad629d92ad1b11208e82 latency=8.559938197s
2026-10-01T06:59:32.8516941Z     mixed_process_chaos_test.go:917: mixed terminal type=mixedgrandchild id=c-ce30b309161f5923793aaf2cbc016d4e latency=4.963311317s
2026-10-01T06:59:32.8518565Z     mixed_process_chaos_test.go:917: mixed terminal type=mixedgrandchild id=c-e1b3e514a9d31e1c0ae0fcf9d9dcde03 latency=5.724234238s
2026-10-01T06:59:32.8520109Z     mixed_process_chaos_test.go:917: mixed terminal type=mixedgrandchild id=c-bb5f73df9b542dac375d03b4ea875933 latency=2.565545265s
2026-10-01T06:59:32.8521609Z     mixed_process_chaos_test.go:917: mixed terminal type=mixedgrandchild id=c-01365f6a38e7c1ac2db485fc10fda086 latency=2.256716251s
2026-10-01T06:59:32.8523018Z     mixed_process_chaos_test.go:917: mixed terminal type=mixedgrandchild id=c-a44599fc4037c49e5e71abfb8f6d759c latency=7.19548928s
2026-10-01T06:59:32.8524417Z     mixed_process_chaos_test.go:917: mixed terminal type=mixedgrandchild id=c-e14a2648bb4377e8830f7b0584cfd294 latency=1.471758014s
2026-10-01T06:59:32.8525905Z     mixed_process_chaos_test.go:921: mixed terminal p99 from last enabling event=8.559938197s across 28 invocations
2026-10-01T06:59:32.8532203Z     mixed_process_chaos_test.go:922: mixed workers before={LeaseAcquisitions:43 LeaseContentions:20 LeaseAcquireFailures:0 FencingEvents:5 HandoffEnqueues:5 Redeliveries:5 EnqueueToLeaseSamples:43 EnqueueToLeaseTotal:1m21.966597498s EnqueueToLeaseMaximum:15.543039599s EnqueueToLeaseBuckets:[14 8 6 14 1 0] TimersScheduled:24 TimersFired:16 TimerLateTotal:55.521490589s TimerLateMaximum:3.499301507s TimerLateBuckets:[0 0 0 16 0 0] CancelledTimerNoOps:0} after={LeaseAcquisitions:31 LeaseContentions:26 LeaseAcquireFailures:5 FencingEvents:0 HandoffEnqueues:0 Redeliveries:12 EnqueueToLeaseSamples:31 EnqueueToLeaseTotal:4m42.857501986s EnqueueToLeaseMaximum:20.489660621s EnqueueToLeaseBuckets:[0 3 5 8 15 0] TimersScheduled:0 TimersFired:8 TimerLateTotal:27.836784023s TimerLateMaximum:3.508378921s TimerLateBuckets:[0 0 0 8 0 0] CancelledTimerNoOps:0}
2026-10-01T06:59:37.4267136Z --- PASS: TestMixedWorkflowsRecoverFromFourServerFaults (32.64s)
2026-10-01T06:59:37.4267670Z PASS
2026-10-01T06:59:37.4278455Z ok  	js-wf/integration	32.650s
2026-10-01T06:59:37.4372444Z Mixed workflow seed 16 (1..20)
2026-10-01T06:59:38.1695091Z === RUN   TestMixedWorkflowsRecoverFromFourServerFaults
2026-10-01T06:59:44.0210276Z     mixed_process_chaos_test.go:516: FAULT_SEED=16 FAULT_SCHEDULE=mixed-four-faults-16.json
2026-10-01T06:59:59.6882168Z     mixed_process_chaos_test.go:692: post-heal signal repair inspected=35 reenqueued=27
2026-10-01T06:59:59.6883941Z     mixed_process_chaos_test.go:704: mixed recovery type=mixedshort id=mixed-06-0 latency=708.798121ms
2026-10-01T06:59:59.6885294Z     mixed_process_chaos_test.go:704: mixed recovery type=mixedshort id=mixed-04-0 latency=808.580973ms
2026-10-01T06:59:59.6886498Z     mixed_process_chaos_test.go:704: mixed recovery type=mixedshort id=mixed-00-0 latency=1.00928713s
2026-10-01T06:59:59.6887577Z     mixed_process_chaos_test.go:704: mixed recovery type=mixedtimer id=mixed-07-0 latency=2.105476797s
2026-10-01T06:59:59.6888739Z     mixed_process_chaos_test.go:704: mixed recovery type=mixedshort id=mixed-01-0 latency=1.375314111s
2026-10-01T06:59:59.6889766Z     mixed_process_chaos_test.go:704: mixed recovery type=mixedtimer id=mixed-02-0 latency=3.145792676s
2026-10-01T06:59:59.6890972Z     mixed_process_chaos_test.go:704: mixed recovery type=mixedtimer id=mixed-05-0 latency=3.204559125s
2026-10-01T07:00:01.6962213Z     mixed_process_chaos_test.go:704: mixed recovery type=mixedsignal id=mixed-08-0 latency=2.64440044s
2026-10-01T07:00:05.1969968Z     mixed_process_chaos_test.go:704: mixed recovery type=mixedsignal id=mixed-03-0 latency=6.987672105s
2026-10-01T07:00:08.6963277Z     mixed_process_chaos_test.go:704: mixed recovery type=mixedfanout id=mixed-09-0 latency=12.504787845s
2026-10-01T07:00:08.6965687Z     mixed_process_chaos_test.go:709: mixed provisional result observation: p99=12.504787845s max=12.504787845s (fan-out parent still measured from quorum)
2026-10-01T07:00:08.7524463Z     mixed_process_chaos_test.go:749: restarted node WF_JRN ready in 1.136304ms after 1 attempts
2026-10-01T07:00:13.8653054Z     mixed_process_chaos_test.go:825: restarted node terminal type=mixedshort id=mixed-00-0 audit=5.112411077s
2026-10-01T07:00:13.8654206Z     mixed_process_chaos_test.go:825: restarted node terminal type=mixedshort id=mixed-01-0 audit=5.111782535s
2026-10-01T07:00:13.8655628Z     mixed_process_chaos_test.go:825: restarted node terminal type=mixedtimer id=mixed-02-0 audit=5.111287015s
2026-10-01T07:00:13.8656955Z     mixed_process_chaos_test.go:825: restarted node terminal type=mixedsignal id=mixed-03-0 audit=5.111508795s
2026-10-01T07:00:13.8658309Z     mixed_process_chaos_test.go:825: restarted node terminal type=mixedshort id=mixed-04-0 audit=5.11117893s
2026-10-01T07:00:13.8659649Z     mixed_process_chaos_test.go:825: restarted node terminal type=mixedtimer id=mixed-05-0 audit=5.111310084s
2026-10-01T07:00:13.8660947Z     mixed_process_chaos_test.go:825: restarted node terminal type=mixedshort id=mixed-06-0 audit=5.112401786s
2026-10-01T07:00:13.8662180Z     mixed_process_chaos_test.go:825: restarted node terminal type=mixedtimer id=mixed-07-0 audit=5.111479231s
2026-10-01T07:00:13.8663527Z     mixed_process_chaos_test.go:825: restarted node terminal type=mixedsignal id=mixed-08-0 audit=5.11143853s
2026-10-01T07:00:13.8664824Z     mixed_process_chaos_test.go:825: restarted node terminal type=mixedfanout id=mixed-09-0 audit=5.111762417s
2026-10-01T07:00:13.8666352Z     mixed_process_chaos_test.go:836: restarted node child id=c-2c0427b405f6e5cf41a7a5dd2529625c audit=5.112706845s
2026-10-01T07:00:13.8668304Z     mixed_process_chaos_test.go:836: restarted node child id=c-61a693bbe622d9d1cff620a5ba2cda7f audit=5.112380946s
2026-10-01T07:00:13.8669858Z     mixed_process_chaos_test.go:836: restarted node child id=c-3e3e4c70156e3fee9852004ca5949da3 audit=5.112749555s
2026-10-01T07:00:13.8671131Z     mixed_process_chaos_test.go:836: restarted node child id=c-2d7fcc22d483fcf51ba57e3b2077e464 audit=5.111245644s
2026-10-01T07:00:13.8672421Z     mixed_process_chaos_test.go:836: restarted node child id=c-1eaf330c748a119ebeda4a23d05429de audit=5.111391991s
2026-10-01T07:00:13.8673484Z     mixed_process_chaos_test.go:836: restarted node child id=c-708e303ec63ebd5c030bc9ab47ec7aac audit=5.11223084s
2026-10-01T07:00:13.8674647Z     mixed_process_chaos_test.go:843: restarted node grandchild id=c-425aa24102bf9165ef736361fbbfbb9e audit=5.112365979s
2026-10-01T07:00:13.8675614Z     mixed_process_chaos_test.go:843: restarted node grandchild id=c-81df727d0b247de4898e89bde451172f audit=5.112344737s
2026-10-01T07:00:13.8676923Z     mixed_process_chaos_test.go:843: restarted node grandchild id=c-8129cf1d1fd8e3a209b19b528165f4df audit=5.112351964s
2026-10-01T07:00:13.8678348Z     mixed_process_chaos_test.go:843: restarted node grandchild id=c-26514356ab5a5acbf20ad5ce3acc8168 audit=5.112328741s
2026-10-01T07:00:13.8679404Z     mixed_process_chaos_test.go:843: restarted node grandchild id=c-a879b3a6c93c88e46e7761b1e78637a2 audit=5.111473559s
2026-10-01T07:00:13.8680729Z     mixed_process_chaos_test.go:843: restarted node grandchild id=c-535b8aa9db45ad629d92ad1b11208e82 audit=5.111409308s
2026-10-01T07:00:13.8681901Z     mixed_process_chaos_test.go:843: restarted node grandchild id=c-db398dcd5ead58d4e929a1b2c6a0b0b7 audit=5.111745039s
2026-10-01T07:00:13.8683288Z     mixed_process_chaos_test.go:843: restarted node grandchild id=c-8d05f5aa341551437a0ce512e614de71 audit=5.111908271s
2026-10-01T07:00:13.8684438Z     mixed_process_chaos_test.go:843: restarted node grandchild id=c-a171f577c1689493ce5c0ebdc9cd5279 audit=5.112380342s
2026-10-01T07:00:13.8685675Z     mixed_process_chaos_test.go:843: restarted node grandchild id=c-8f24c25872c94f103a8da6097216c929 audit=5.111396296s
2026-10-01T07:00:13.8686934Z     mixed_process_chaos_test.go:843: restarted node grandchild id=c-50bd121bb173998995d369546c4b8b25 audit=5.111225219s
2026-10-01T07:00:13.8688577Z     mixed_process_chaos_test.go:843: restarted node grandchild id=c-2e9cc15819018a4eb39cae8c19f668b8 audit=5.111822318s
2026-10-01T07:00:13.8690220Z     mixed_process_chaos_test.go:871: survivor node 1 WF_SIG ready in 562.395µs after 1 attempts
2026-10-01T07:00:13.8691460Z     mixed_process_chaos_test.go:894: mixed terminal type=mixedshort id=mixed-00-0 latency=868.589638ms
2026-10-01T07:00:13.8692803Z     mixed_process_chaos_test.go:894: mixed terminal type=mixedshort id=mixed-01-0 latency=1.226330159s
2026-10-01T07:00:13.8693994Z     mixed_process_chaos_test.go:894: mixed terminal type=mixedtimer id=mixed-02-0 latency=2.98190201s
2026-10-01T07:00:13.8695231Z     mixed_process_chaos_test.go:894: mixed terminal type=mixedsignal id=mixed-03-0 latency=6.862752719s
2026-10-01T07:00:13.8696411Z     mixed_process_chaos_test.go:894: mixed terminal type=mixedshort id=mixed-04-0 latency=683.564138ms
2026-10-01T07:00:13.8697587Z     mixed_process_chaos_test.go:894: mixed terminal type=mixedtimer id=mixed-05-0 latency=3.1463231s
2026-10-01T07:00:13.8698777Z     mixed_process_chaos_test.go:894: mixed terminal type=mixedshort id=mixed-06-0 latency=522.805287ms
2026-10-01T07:00:13.8699985Z     mixed_process_chaos_test.go:894: mixed terminal type=mixedtimer id=mixed-07-0 latency=1.956908504s
2026-10-01T07:00:13.8701067Z     mixed_process_chaos_test.go:894: mixed terminal type=mixedsignal id=mixed-08-0 latency=2.558097848s
2026-10-01T07:00:13.8702142Z     mixed_process_chaos_test.go:894: mixed terminal type=mixedfanout id=mixed-09-0 latency=758.755857ms
2026-10-01T07:00:13.8703495Z     mixed_process_chaos_test.go:909: mixed terminal type=mixedchild id=c-2c0427b405f6e5cf41a7a5dd2529625c latency=333.209229ms
2026-10-01T07:00:13.8705251Z     mixed_process_chaos_test.go:909: mixed terminal type=mixedchild id=c-61a693bbe622d9d1cff620a5ba2cda7f latency=274.433011ms
2026-10-01T07:00:13.8706811Z     mixed_process_chaos_test.go:909: mixed terminal type=mixedchild id=c-3e3e4c70156e3fee9852004ca5949da3 latency=591.683599ms
2026-10-01T07:00:13.8708230Z     mixed_process_chaos_test.go:909: mixed terminal type=mixedchild id=c-2d7fcc22d483fcf51ba57e3b2077e464 latency=591.523252ms
2026-10-01T07:00:13.8709495Z     mixed_process_chaos_test.go:909: mixed terminal type=mixedchild id=c-1eaf330c748a119ebeda4a23d05429de latency=654.687969ms
2026-10-01T07:00:13.8710900Z     mixed_process_chaos_test.go:909: mixed terminal type=mixedchild id=c-708e303ec63ebd5c030bc9ab47ec7aac latency=482.231797ms
2026-10-01T07:00:13.8712088Z     mixed_process_chaos_test.go:917: mixed terminal type=mixedgrandchild id=c-425aa24102bf9165ef736361fbbfbb9e latency=754.395008ms
2026-10-01T07:00:13.8713594Z     mixed_process_chaos_test.go:917: mixed terminal type=mixedgrandchild id=c-81df727d0b247de4898e89bde451172f latency=8.38703465s
2026-10-01T07:00:13.8715101Z     mixed_process_chaos_test.go:917: mixed terminal type=mixedgrandchild id=c-8129cf1d1fd8e3a209b19b528165f4df latency=8.387011762s
2026-10-01T07:00:13.8716546Z     mixed_process_chaos_test.go:917: mixed terminal type=mixedgrandchild id=c-26514356ab5a5acbf20ad5ce3acc8168 latency=10.47062404s
2026-10-01T07:00:13.8718043Z     mixed_process_chaos_test.go:917: mixed terminal type=mixedgrandchild id=c-a879b3a6c93c88e46e7761b1e78637a2 latency=953.376319ms
2026-10-01T07:00:13.8719449Z     mixed_process_chaos_test.go:917: mixed terminal type=mixedgrandchild id=c-535b8aa9db45ad629d92ad1b11208e82 latency=6.853110501s
2026-10-01T07:00:13.8720867Z     mixed_process_chaos_test.go:917: mixed terminal type=mixedgrandchild id=c-db398dcd5ead58d4e929a1b2c6a0b0b7 latency=6.004903561s
2026-10-01T07:00:13.8722257Z     mixed_process_chaos_test.go:917: mixed terminal type=mixedgrandchild id=c-8d05f5aa341551437a0ce512e614de71 latency=5.364224317s
2026-10-01T07:00:13.8723908Z     mixed_process_chaos_test.go:917: mixed terminal type=mixedgrandchild id=c-a171f577c1689493ce5c0ebdc9cd5279 latency=8.38702071s
2026-10-01T07:00:13.8725647Z     mixed_process_chaos_test.go:917: mixed terminal type=mixedgrandchild id=c-8f24c25872c94f103a8da6097216c929 latency=1.973738042s
2026-10-01T07:00:13.8726919Z     mixed_process_chaos_test.go:917: mixed terminal type=mixedgrandchild id=c-50bd121bb173998995d369546c4b8b25 latency=6.853116859s
2026-10-01T07:00:13.8728410Z     mixed_process_chaos_test.go:917: mixed terminal type=mixedgrandchild id=c-2e9cc15819018a4eb39cae8c19f668b8 latency=8.666866093s
2026-10-01T07:00:13.8729873Z     mixed_process_chaos_test.go:921: mixed terminal p99 from last enabling event=10.47062404s across 28 invocations
2026-10-01T07:00:13.8735753Z     mixed_process_chaos_test.go:922: mixed workers before={LeaseAcquisitions:58 LeaseContentions:30 LeaseAcquireFailures:0 FencingEvents:5 HandoffEnqueues:5 Redeliveries:19 EnqueueToLeaseSamples:58 EnqueueToLeaseTotal:3m59.433804536s EnqueueToLeaseMaximum:16.206836165s EnqueueToLeaseBuckets:[14 12 4 17 11 0] TimersScheduled:24 TimersFired:16 TimerLateTotal:39.028195403s TimerLateMaximum:2.50930438s TimerLateBuckets:[0 0 0 16 0 0] CancelledTimerNoOps:0} after={LeaseAcquisitions:45 LeaseContentions:18 LeaseAcquireFailures:0 FencingEvents:0 HandoffEnqueues:0 Redeliveries:17 EnqueueToLeaseSamples:45 EnqueueToLeaseTotal:6m19.429005171s EnqueueToLeaseMaximum:23.511729921s EnqueueToLeaseBuckets:[3 5 4 15 18 0] TimersScheduled:0 TimersFired:8 TimerLateTotal:19.833142642s TimerLateMaximum:2.500136513s TimerLateBuckets:[0 0 0 8 0 0] CancelledTimerNoOps:0}
2026-10-01T07:00:14.0576167Z --- PASS: TestMixedWorkflowsRecoverFromFourServerFaults (35.89s)
2026-10-01T07:00:14.0578055Z PASS
2026-10-01T07:00:14.0587038Z ok  	js-wf/integration	35.894s
2026-10-01T07:00:14.0691261Z Mixed workflow seed 17 (1..20)
2026-10-01T07:00:14.7793675Z === RUN   TestMixedWorkflowsRecoverFromFourServerFaults
2026-10-01T07:00:20.5716301Z     mixed_process_chaos_test.go:516: FAULT_SEED=17 FAULT_SCHEDULE=mixed-four-faults-17.json
2026-10-01T07:00:44.3408645Z     mixed_process_chaos_test.go:692: post-heal signal repair inspected=38 reenqueued=11
2026-10-01T07:00:44.3409905Z     mixed_process_chaos_test.go:704: mixed recovery type=mixedshort id=mixed-07-0 latency=4.3879514s
2026-10-01T07:00:44.3411150Z     mixed_process_chaos_test.go:704: mixed recovery type=mixedshort id=mixed-05-0 latency=4.387954364s
2026-10-01T07:00:44.3412119Z     mixed_process_chaos_test.go:704: mixed recovery type=mixedshort id=mixed-08-0 latency=4.388575119s
2026-10-01T07:00:44.3413140Z     mixed_process_chaos_test.go:704: mixed recovery type=mixedshort id=mixed-06-0 latency=5.78784259s
2026-10-01T07:00:44.3414378Z     mixed_process_chaos_test.go:704: mixed recovery type=mixedtimer id=mixed-01-0 latency=6.337372286s
2026-10-01T07:00:44.3415571Z     mixed_process_chaos_test.go:704: mixed recovery type=mixedtimer id=mixed-00-0 latency=6.838105493s
2026-10-01T07:00:45.5126297Z     mixed_process_chaos_test.go:704: mixed recovery type=mixedsignal id=mixed-02-0 latency=6.142881185s
2026-10-01T07:00:45.7012723Z     mixed_process_chaos_test.go:704: mixed recovery type=mixedtimer id=mixed-03-0 latency=12.959520617s
2026-10-01T07:00:47.4174520Z     mixed_process_chaos_test.go:704: mixed recovery type=mixedsignal id=mixed-04-0 latency=5.402905541s
2026-10-01T07:00:53.5796702Z     mixed_process_chaos_test.go:704: mixed recovery type=mixedfanout id=mixed-09-0 latency=20.83777171s
2026-10-01T07:00:53.5797942Z     mixed_process_chaos_test.go:709: mixed provisional result observation: p99=20.83777171s max=20.83777171s (fan-out parent still measured from quorum)
2026-10-01T07:00:53.6360299Z     mixed_process_chaos_test.go:749: restarted node WF_JRN ready in 1.287684ms after 1 attempts
2026-10-01T07:00:53.6465669Z     mixed_process_chaos_test.go:825: restarted node terminal type=mixedtimer id=mixed-00-0 audit=10.427808ms
2026-10-01T07:00:53.6466949Z     mixed_process_chaos_test.go:825: restarted node terminal type=mixedtimer id=mixed-01-0 audit=8.936502ms
2026-10-01T07:00:53.6468252Z     mixed_process_chaos_test.go:825: restarted node terminal type=mixedsignal id=mixed-02-0 audit=10.163353ms
2026-10-01T07:00:53.6469896Z     mixed_process_chaos_test.go:825: restarted node terminal type=mixedtimer id=mixed-03-0 audit=8.956966ms
2026-10-01T07:00:53.6471210Z     mixed_process_chaos_test.go:825: restarted node terminal type=mixedsignal id=mixed-04-0 audit=9.393633ms
2026-10-01T07:00:53.6472475Z     mixed_process_chaos_test.go:825: restarted node terminal type=mixedshort id=mixed-05-0 audit=10.206841ms
2026-10-01T07:00:53.6473829Z     mixed_process_chaos_test.go:825: restarted node terminal type=mixedshort id=mixed-06-0 audit=9.384844ms
2026-10-01T07:00:53.6475043Z     mixed_process_chaos_test.go:825: restarted node terminal type=mixedshort id=mixed-07-0 audit=8.936412ms
2026-10-01T07:00:53.6476171Z     mixed_process_chaos_test.go:825: restarted node terminal type=mixedshort id=mixed-08-0 audit=10.125648ms
2026-10-01T07:00:53.6477579Z     mixed_process_chaos_test.go:825: restarted node terminal type=mixedfanout id=mixed-09-0 audit=10.145917ms
2026-10-01T07:00:53.6479149Z     mixed_process_chaos_test.go:836: restarted node child id=c-2c0427b405f6e5cf41a7a5dd2529625c audit=10.357692ms
2026-10-01T07:00:53.6480688Z     mixed_process_chaos_test.go:836: restarted node child id=c-61a693bbe622d9d1cff620a5ba2cda7f audit=8.921935ms
2026-10-01T07:00:53.6482181Z     mixed_process_chaos_test.go:836: restarted node child id=c-3e3e4c70156e3fee9852004ca5949da3 audit=9.325894ms
2026-10-01T07:00:53.6483649Z     mixed_process_chaos_test.go:836: restarted node child id=c-2d7fcc22d483fcf51ba57e3b2077e464 audit=9.546663ms
2026-10-01T07:00:53.6484924Z     mixed_process_chaos_test.go:836: restarted node child id=c-1eaf330c748a119ebeda4a23d05429de audit=10.358856ms
2026-10-01T07:00:53.6486187Z     mixed_process_chaos_test.go:836: restarted node child id=c-708e303ec63ebd5c030bc9ab47ec7aac audit=8.788429ms
2026-10-01T07:00:53.6487610Z     mixed_process_chaos_test.go:843: restarted node grandchild id=c-425aa24102bf9165ef736361fbbfbb9e audit=9.384942ms
2026-10-01T07:00:53.6489120Z     mixed_process_chaos_test.go:843: restarted node grandchild id=c-81df727d0b247de4898e89bde451172f audit=10.424851ms
2026-10-01T07:00:53.6490511Z     mixed_process_chaos_test.go:843: restarted node grandchild id=c-8129cf1d1fd8e3a209b19b528165f4df audit=8.879285ms
2026-10-01T07:00:53.6491732Z     mixed_process_chaos_test.go:843: restarted node grandchild id=c-26514356ab5a5acbf20ad5ce3acc8168 audit=9.434296ms
2026-10-01T07:00:53.6492927Z     mixed_process_chaos_test.go:843: restarted node grandchild id=c-a879b3a6c93c88e46e7761b1e78637a2 audit=10.089564ms
2026-10-01T07:00:53.6494325Z     mixed_process_chaos_test.go:843: restarted node grandchild id=c-535b8aa9db45ad629d92ad1b11208e82 audit=10.157213ms
2026-10-01T07:00:53.6495329Z     mixed_process_chaos_test.go:843: restarted node grandchild id=c-ce30b309161f5923793aaf2cbc016d4e audit=10.388152ms
2026-10-01T07:00:53.6496777Z     mixed_process_chaos_test.go:843: restarted node grandchild id=c-e1b3e514a9d31e1c0ae0fcf9d9dcde03 audit=10.403489ms
2026-10-01T07:00:53.6498163Z     mixed_process_chaos_test.go:843: restarted node grandchild id=c-bb5f73df9b542dac375d03b4ea875933 audit=10.106429ms
2026-10-01T07:00:53.6499641Z     mixed_process_chaos_test.go:843: restarted node grandchild id=c-01365f6a38e7c1ac2db485fc10fda086 audit=10.344037ms
2026-10-01T07:00:53.6501177Z     mixed_process_chaos_test.go:843: restarted node grandchild id=c-a44599fc4037c49e5e71abfb8f6d759c audit=10.338299ms
2026-10-01T07:00:53.6503044Z     mixed_process_chaos_test.go:843: restarted node grandchild id=c-e14a2648bb4377e8830f7b0584cfd294 audit=9.411975ms
2026-10-01T07:00:53.6504697Z     mixed_process_chaos_test.go:871: survivor node 0 WF_SIG ready in 551.049µs after 1 attempts
2026-10-01T07:00:53.6505848Z     mixed_process_chaos_test.go:894: mixed terminal type=mixedtimer id=mixed-00-0 latency=6.650297264s
2026-10-01T07:00:53.6506995Z     mixed_process_chaos_test.go:894: mixed terminal type=mixedtimer id=mixed-01-0 latency=6.180590973s
2026-10-01T07:00:53.6508498Z     mixed_process_chaos_test.go:894: mixed terminal type=mixedsignal id=mixed-02-0 latency=6.138564681s
2026-10-01T07:00:53.6510560Z     mixed_process_chaos_test.go:894: mixed terminal type=mixedtimer id=mixed-03-0 latency=12.772141423s
2026-10-01T07:00:53.6511769Z     mixed_process_chaos_test.go:894: mixed terminal type=mixedsignal id=mixed-04-0 latency=5.308953584s
2026-10-01T07:00:53.6512919Z     mixed_process_chaos_test.go:894: mixed terminal type=mixedshort id=mixed-05-0 latency=4.200887455s
2026-10-01T07:00:53.6513955Z     mixed_process_chaos_test.go:894: mixed terminal type=mixedshort id=mixed-06-0 latency=5.602196095s
2026-10-01T07:00:53.6514757Z     mixed_process_chaos_test.go:894: mixed terminal type=mixedshort id=mixed-07-0 latency=4.200877748s
2026-10-01T07:00:53.6515834Z     mixed_process_chaos_test.go:894: mixed terminal type=mixedshort id=mixed-08-0 latency=4.200786861s
2026-10-01T07:00:53.6517075Z     mixed_process_chaos_test.go:894: mixed terminal type=mixedfanout id=mixed-09-0 latency=1.276246866s
2026-10-01T07:00:53.6518241Z     mixed_process_chaos_test.go:909: mixed terminal type=mixedchild id=c-2c0427b405f6e5cf41a7a5dd2529625c latency=961.140561ms
2026-10-01T07:00:53.6519564Z     mixed_process_chaos_test.go:909: mixed terminal type=mixedchild id=c-61a693bbe622d9d1cff620a5ba2cda7f latency=667.753098ms
2026-10-01T07:00:53.6520795Z     mixed_process_chaos_test.go:909: mixed terminal type=mixedchild id=c-3e3e4c70156e3fee9852004ca5949da3 latency=1.057314159s
2026-10-01T07:00:53.6522144Z     mixed_process_chaos_test.go:909: mixed terminal type=mixedchild id=c-2d7fcc22d483fcf51ba57e3b2077e464 latency=4.947088591s
2026-10-01T07:00:53.6523763Z     mixed_process_chaos_test.go:909: mixed terminal type=mixedchild id=c-1eaf330c748a119ebeda4a23d05429de latency=944.579891ms
2026-10-01T07:00:53.6525252Z     mixed_process_chaos_test.go:909: mixed terminal type=mixedchild id=c-708e303ec63ebd5c030bc9ab47ec7aac latency=1.476569663s
2026-10-01T07:00:53.6526872Z     mixed_process_chaos_test.go:917: mixed terminal type=mixedgrandchild id=c-425aa24102bf9165ef736361fbbfbb9e latency=13.232551225s
2026-10-01T07:00:53.6528232Z     mixed_process_chaos_test.go:917: mixed terminal type=mixedgrandchild id=c-81df727d0b247de4898e89bde451172f latency=9.738541105s
2026-10-01T07:00:53.6529537Z     mixed_process_chaos_test.go:917: mixed terminal type=mixedgrandchild id=c-8129cf1d1fd8e3a209b19b528165f4df latency=9.643496611s
2026-10-01T07:00:53.6531015Z     mixed_process_chaos_test.go:917: mixed terminal type=mixedgrandchild id=c-26514356ab5a5acbf20ad5ce3acc8168 latency=18.256176776s
2026-10-01T07:00:53.6532470Z     mixed_process_chaos_test.go:917: mixed terminal type=mixedgrandchild id=c-a879b3a6c93c88e46e7761b1e78637a2 latency=13.32631475s
2026-10-01T07:00:53.6534081Z     mixed_process_chaos_test.go:917: mixed terminal type=mixedgrandchild id=c-535b8aa9db45ad629d92ad1b11208e82 latency=9.357662021s
2026-10-01T07:00:53.6535493Z     mixed_process_chaos_test.go:917: mixed terminal type=mixedgrandchild id=c-ce30b309161f5923793aaf2cbc016d4e latency=4.666233092s
2026-10-01T07:00:53.6536726Z     mixed_process_chaos_test.go:917: mixed terminal type=mixedgrandchild id=c-e1b3e514a9d31e1c0ae0fcf9d9dcde03 latency=6.639698391s
2026-10-01T07:00:53.6538315Z     mixed_process_chaos_test.go:917: mixed terminal type=mixedgrandchild id=c-bb5f73df9b542dac375d03b4ea875933 latency=12.384375286s
2026-10-01T07:00:53.6539955Z     mixed_process_chaos_test.go:917: mixed terminal type=mixedgrandchild id=c-01365f6a38e7c1ac2db485fc10fda086 latency=18.443021229s
2026-10-01T07:00:53.6541461Z     mixed_process_chaos_test.go:917: mixed terminal type=mixedgrandchild id=c-a44599fc4037c49e5e71abfb8f6d759c latency=15.940303636s
2026-10-01T07:00:53.6543145Z     mixed_process_chaos_test.go:917: mixed terminal type=mixedgrandchild id=c-e14a2648bb4377e8830f7b0584cfd294 latency=7.205496897s
2026-10-01T07:00:53.6544319Z     mixed_process_chaos_test.go:921: mixed terminal p99 from last enabling event=18.443021229s across 28 invocations
2026-10-01T07:00:53.6551095Z     mixed_process_chaos_test.go:922: mixed workers before={LeaseAcquisitions:59 LeaseContentions:37 LeaseAcquireFailures:0 FencingEvents:5 HandoffEnqueues:5 Redeliveries:28 EnqueueToLeaseSamples:59 EnqueueToLeaseTotal:6m1.375341352s EnqueueToLeaseMaximum:19.330807579s EnqueueToLeaseBuckets:[13 13 2 12 19 0] TimersScheduled:24 TimersFired:23 TimerLateTotal:4.423181563s TimerLateMaximum:245.85057ms TimerLateBuckets:[1 22 0 0 0 0] CancelledTimerNoOps:0} after={LeaseAcquisitions:33 LeaseContentions:32 LeaseAcquireFailures:0 FencingEvents:0 HandoffEnqueues:0 Redeliveries:19 EnqueueToLeaseSamples:33 EnqueueToLeaseTotal:7m5.016662941s EnqueueToLeaseMaximum:30.230824778s EnqueueToLeaseBuckets:[0 4 1 8 18 2] TimersScheduled:0 TimersFired:1 TimerLateTotal:1.157025ms TimerLateMaximum:1.157025ms TimerLateBuckets:[1 0 0 0 0 0] CancelledTimerNoOps:0}
2026-10-01T07:00:57.9254742Z --- PASS: TestMixedWorkflowsRecoverFromFourServerFaults (43.15s)
2026-10-01T07:00:57.9255193Z PASS
2026-10-01T07:00:57.9266077Z ok  	js-wf/integration	43.151s
2026-10-01T07:00:57.9370802Z Mixed workflow seed 18 (1..20)
2026-10-01T07:00:58.6776860Z === RUN   TestMixedWorkflowsRecoverFromFourServerFaults
2026-10-01T07:01:04.4047278Z     mixed_process_chaos_test.go:516: FAULT_SEED=18 FAULT_SCHEDULE=mixed-four-faults-18.json
2026-10-01T07:01:18.2090308Z     mixed_process_chaos_test.go:692: post-heal signal repair inspected=32 reenqueued=32
2026-10-01T07:01:18.2094736Z     mixed_process_chaos_test.go:704: mixed recovery type=mixedshort id=mixed-04-0 latency=1.616657295s
2026-10-01T07:01:18.2980779Z     mixed_process_chaos_test.go:704: mixed recovery type=mixedshort id=mixed-06-0 latency=1.716897392s
2026-10-01T07:01:18.2989906Z     mixed_process_chaos_test.go:704: mixed recovery type=mixedshort id=mixed-05-0 latency=1.717913225s
2026-10-01T07:01:19.3983064Z     mixed_process_chaos_test.go:704: mixed recovery type=mixedtimer id=mixed-03-0 latency=2.820655618s
2026-10-01T07:01:19.3984825Z     mixed_process_chaos_test.go:704: mixed recovery type=mixedtimer id=mixed-08-0 latency=2.820901262s
2026-10-01T07:01:19.3986081Z     mixed_process_chaos_test.go:704: mixed recovery type=mixedtimer id=mixed-01-0 latency=2.821009809s
2026-10-01T07:01:21.3110348Z     mixed_process_chaos_test.go:704: mixed recovery type=mixedsignal id=mixed-02-0 latency=3.183660732s
2026-10-01T07:01:22.0972510Z     mixed_process_chaos_test.go:704: mixed recovery type=mixedshort id=mixed-07-0 latency=5.516142673s
2026-10-01T07:01:25.3993199Z     mixed_process_chaos_test.go:704: mixed recovery type=mixedsignal id=mixed-00-0 latency=7.697865541s
2026-10-01T07:01:26.9981106Z     mixed_process_chaos_test.go:704: mixed recovery type=mixedfanout id=mixed-09-0 latency=10.420492234s
2026-10-01T07:01:26.9983258Z     mixed_process_chaos_test.go:709: mixed provisional result observation: p99=10.420492234s max=10.420492234s (fan-out parent still measured from quorum)
2026-10-01T07:01:27.0533402Z     mixed_process_chaos_test.go:749: restarted node WF_JRN ready in 1.392009ms after 1 attempts
2026-10-01T07:01:27.0664846Z     mixed_process_chaos_test.go:825: restarted node terminal type=mixedsignal id=mixed-00-0 audit=12.521977ms
2026-10-01T07:01:27.0666638Z     mixed_process_chaos_test.go:825: restarted node terminal type=mixedtimer id=mixed-01-0 audit=12.21812ms
2026-10-01T07:01:27.0668832Z     mixed_process_chaos_test.go:825: restarted node terminal type=mixedsignal id=mixed-02-0 audit=11.301332ms
2026-10-01T07:01:27.0669811Z     mixed_process_chaos_test.go:825: restarted node terminal type=mixedtimer id=mixed-03-0 audit=13.000771ms
2026-10-01T07:01:27.0670917Z     mixed_process_chaos_test.go:825: restarted node terminal type=mixedshort id=mixed-04-0 audit=13.132152ms
2026-10-01T07:01:27.0672165Z     mixed_process_chaos_test.go:825: restarted node terminal type=mixedshort id=mixed-05-0 audit=11.383172ms
2026-10-01T07:01:27.0673855Z     mixed_process_chaos_test.go:825: restarted node terminal type=mixedshort id=mixed-06-0 audit=12.312462ms
2026-10-01T07:01:27.0675081Z     mixed_process_chaos_test.go:825: restarted node terminal type=mixedshort id=mixed-07-0 audit=12.279383ms
2026-10-01T07:01:27.0676978Z     mixed_process_chaos_test.go:825: restarted node terminal type=mixedtimer id=mixed-08-0 audit=13.120803ms
2026-10-01T07:01:27.0678894Z     mixed_process_chaos_test.go:825: restarted node terminal type=mixedfanout id=mixed-09-0 audit=12.282205ms
2026-10-01T07:01:27.0680303Z     mixed_process_chaos_test.go:836: restarted node child id=c-2c0427b405f6e5cf41a7a5dd2529625c audit=12.580077ms
2026-10-01T07:01:27.0681689Z     mixed_process_chaos_test.go:836: restarted node child id=c-61a693bbe622d9d1cff620a5ba2cda7f audit=11.341666ms
2026-10-01T07:01:27.0683229Z     mixed_process_chaos_test.go:836: restarted node child id=c-3e3e4c70156e3fee9852004ca5949da3 audit=13.201038ms
2026-10-01T07:01:27.0684599Z     mixed_process_chaos_test.go:836: restarted node child id=c-2d7fcc22d483fcf51ba57e3b2077e464 audit=12.017672ms
2026-10-01T07:01:27.0686004Z     mixed_process_chaos_test.go:836: restarted node child id=c-1eaf330c748a119ebeda4a23d05429de audit=11.847592ms
2026-10-01T07:01:27.0687208Z     mixed_process_chaos_test.go:836: restarted node child id=c-708e303ec63ebd5c030bc9ab47ec7aac audit=10.744894ms
2026-10-01T07:01:27.0688493Z     mixed_process_chaos_test.go:843: restarted node grandchild id=c-425aa24102bf9165ef736361fbbfbb9e audit=12.58298ms
2026-10-01T07:01:27.0689788Z     mixed_process_chaos_test.go:843: restarted node grandchild id=c-81df727d0b247de4898e89bde451172f audit=10.721884ms
2026-10-01T07:01:27.0691125Z     mixed_process_chaos_test.go:843: restarted node grandchild id=c-8129cf1d1fd8e3a209b19b528165f4df audit=13.028285ms
2026-10-01T07:01:27.0692439Z     mixed_process_chaos_test.go:843: restarted node grandchild id=c-26514356ab5a5acbf20ad5ce3acc8168 audit=13.031078ms
2026-10-01T07:01:27.0693687Z     mixed_process_chaos_test.go:843: restarted node grandchild id=c-a879b3a6c93c88e46e7761b1e78637a2 audit=12.231996ms
2026-10-01T07:01:27.0695419Z     mixed_process_chaos_test.go:843: restarted node grandchild id=c-535b8aa9db45ad629d92ad1b11208e82 audit=12.174092ms
2026-10-01T07:01:27.0696406Z     mixed_process_chaos_test.go:843: restarted node grandchild id=c-ce30b309161f5923793aaf2cbc016d4e audit=11.266918ms
2026-10-01T07:01:27.0697782Z     mixed_process_chaos_test.go:843: restarted node grandchild id=c-e1b3e514a9d31e1c0ae0fcf9d9dcde03 audit=12.275536ms
2026-10-01T07:01:27.0698851Z     mixed_process_chaos_test.go:843: restarted node grandchild id=c-bb5f73df9b542dac375d03b4ea875933 audit=11.33496ms
2026-10-01T07:01:27.0699868Z     mixed_process_chaos_test.go:843: restarted node grandchild id=c-01365f6a38e7c1ac2db485fc10fda086 audit=12.988826ms
2026-10-01T07:01:27.0701186Z     mixed_process_chaos_test.go:843: restarted node grandchild id=c-a44599fc4037c49e5e71abfb8f6d759c audit=11.474871ms
2026-10-01T07:01:27.0702251Z     mixed_process_chaos_test.go:843: restarted node grandchild id=c-e14a2648bb4377e8830f7b0584cfd294 audit=11.552307ms
2026-10-01T07:01:27.0703749Z     mixed_process_chaos_test.go:871: survivor node 1 WF_SIG ready in 828.03µs after 1 attempts
2026-10-01T07:01:27.0704890Z     mixed_process_chaos_test.go:894: mixed terminal type=mixedsignal id=mixed-00-0 latency=7.621104055s
2026-10-01T07:01:27.0706064Z     mixed_process_chaos_test.go:894: mixed terminal type=mixedtimer id=mixed-01-0 latency=2.738203159s
2026-10-01T07:01:27.0707274Z     mixed_process_chaos_test.go:894: mixed terminal type=mixedsignal id=mixed-02-0 latency=3.151259767s
2026-10-01T07:01:27.0708547Z     mixed_process_chaos_test.go:894: mixed terminal type=mixedtimer id=mixed-03-0 latency=2.738209408s
2026-10-01T07:01:27.0709542Z     mixed_process_chaos_test.go:894: mixed terminal type=mixedshort id=mixed-04-0 latency=1.575541441s
2026-10-01T07:01:27.0710377Z     mixed_process_chaos_test.go:894: mixed terminal type=mixedshort id=mixed-05-0 latency=1.57555585s
2026-10-01T07:01:27.0711533Z     mixed_process_chaos_test.go:894: mixed terminal type=mixedshort id=mixed-06-0 latency=1.575342323s
2026-10-01T07:01:27.0712861Z     mixed_process_chaos_test.go:894: mixed terminal type=mixedshort id=mixed-07-0 latency=5.444717784s
2026-10-01T07:01:27.0714117Z     mixed_process_chaos_test.go:894: mixed terminal type=mixedtimer id=mixed-08-0 latency=2.6948691s
2026-10-01T07:01:27.0715197Z     mixed_process_chaos_test.go:894: mixed terminal type=mixedfanout id=mixed-09-0 latency=799.438346ms
2026-10-01T07:01:27.0716514Z     mixed_process_chaos_test.go:909: mixed terminal type=mixedchild id=c-2c0427b405f6e5cf41a7a5dd2529625c latency=442.657154ms
2026-10-01T07:01:27.0717904Z     mixed_process_chaos_test.go:909: mixed terminal type=mixedchild id=c-61a693bbe622d9d1cff620a5ba2cda7f latency=548.339648ms
2026-10-01T07:01:27.0719286Z     mixed_process_chaos_test.go:909: mixed terminal type=mixedchild id=c-3e3e4c70156e3fee9852004ca5949da3 latency=605.717666ms
2026-10-01T07:01:27.0720668Z     mixed_process_chaos_test.go:909: mixed terminal type=mixedchild id=c-2d7fcc22d483fcf51ba57e3b2077e464 latency=764.903618ms
2026-10-01T07:01:27.0722016Z     mixed_process_chaos_test.go:909: mixed terminal type=mixedchild id=c-1eaf330c748a119ebeda4a23d05429de latency=503.155515ms
2026-10-01T07:01:27.0723605Z     mixed_process_chaos_test.go:909: mixed terminal type=mixedchild id=c-708e303ec63ebd5c030bc9ab47ec7aac latency=578.68394ms
2026-10-01T07:01:27.0724999Z     mixed_process_chaos_test.go:917: mixed terminal type=mixedgrandchild id=c-425aa24102bf9165ef736361fbbfbb9e latency=9.066219133s
2026-10-01T07:01:27.0726433Z     mixed_process_chaos_test.go:917: mixed terminal type=mixedgrandchild id=c-81df727d0b247de4898e89bde451172f latency=2.157866039s
2026-10-01T07:01:27.0727734Z     mixed_process_chaos_test.go:917: mixed terminal type=mixedgrandchild id=c-8129cf1d1fd8e3a209b19b528165f4df latency=8.489773472s
2026-10-01T07:01:27.0729076Z     mixed_process_chaos_test.go:917: mixed terminal type=mixedgrandchild id=c-26514356ab5a5acbf20ad5ce3acc8168 latency=2.316229647s
2026-10-01T07:01:27.0730620Z     mixed_process_chaos_test.go:917: mixed terminal type=mixedgrandchild id=c-a879b3a6c93c88e46e7761b1e78637a2 latency=2.316236752s
2026-10-01T07:01:27.0731913Z     mixed_process_chaos_test.go:917: mixed terminal type=mixedgrandchild id=c-535b8aa9db45ad629d92ad1b11208e82 latency=2.157846084s
2026-10-01T07:01:27.0733609Z     mixed_process_chaos_test.go:917: mixed terminal type=mixedgrandchild id=c-ce30b309161f5923793aaf2cbc016d4e latency=2.157047159s
2026-10-01T07:01:27.0735174Z     mixed_process_chaos_test.go:917: mixed terminal type=mixedgrandchild id=c-e1b3e514a9d31e1c0ae0fcf9d9dcde03 latency=1.877036046s
2026-10-01T07:01:27.0736710Z     mixed_process_chaos_test.go:917: mixed terminal type=mixedgrandchild id=c-bb5f73df9b542dac375d03b4ea875933 latency=8.534963753s
2026-10-01T07:01:27.0738274Z     mixed_process_chaos_test.go:917: mixed terminal type=mixedgrandchild id=c-01365f6a38e7c1ac2db485fc10fda086 latency=2.157850411s
2026-10-01T07:01:27.0739842Z     mixed_process_chaos_test.go:917: mixed terminal type=mixedgrandchild id=c-a44599fc4037c49e5e71abfb8f6d759c latency=5.760486925s
2026-10-01T07:01:27.0741009Z     mixed_process_chaos_test.go:917: mixed terminal type=mixedgrandchild id=c-e14a2648bb4377e8830f7b0584cfd294 latency=4.57617107s
2026-10-01T07:01:27.0742363Z     mixed_process_chaos_test.go:921: mixed terminal p99 from last enabling event=9.066219133s across 28 invocations
2026-10-01T07:01:27.0748275Z     mixed_process_chaos_test.go:922: mixed workers before={LeaseAcquisitions:38 LeaseContentions:39 LeaseAcquireFailures:0 FencingEvents:4 HandoffEnqueues:4 Redeliveries:11 EnqueueToLeaseSamples:38 EnqueueToLeaseTotal:1m10.192410482s EnqueueToLeaseMaximum:14.117343758s EnqueueToLeaseBuckets:[14 11 3 9 1 0] TimersScheduled:24 TimersFired:8 TimerLateTotal:19.843067404s TimerLateMaximum:2.507982994s TimerLateBuckets:[0 0 0 8 0 0] CancelledTimerNoOps:0} after={LeaseAcquisitions:36 LeaseContentions:19 LeaseAcquireFailures:11 FencingEvents:0 HandoffEnqueues:0 Redeliveries:26 EnqueueToLeaseSamples:36 EnqueueToLeaseTotal:5m14.219971053s EnqueueToLeaseMaximum:21.006133379s EnqueueToLeaseBuckets:[2 4 2 13 15 0] TimersScheduled:0 TimersFired:16 TimerLateTotal:39.604126393s TimerLateMaximum:2.504391811s TimerLateBuckets:[0 0 0 16 0 0] CancelledTimerNoOps:0}
2026-10-01T07:01:30.8391854Z --- PASS: TestMixedWorkflowsRecoverFromFourServerFaults (32.16s)
2026-10-01T07:01:30.8392279Z PASS
2026-10-01T07:01:30.8402141Z ok  	js-wf/integration	32.167s
2026-10-01T07:01:30.8499326Z Mixed workflow seed 19 (1..20)
2026-10-01T07:01:31.5918840Z === RUN   TestMixedWorkflowsRecoverFromFourServerFaults
2026-10-01T07:01:37.3560158Z     mixed_process_chaos_test.go:516: FAULT_SEED=19 FAULT_SCHEDULE=mixed-four-faults-19.json
2026-10-01T07:01:56.3292540Z     mixed_process_chaos_test.go:692: post-heal signal repair inspected=47 reenqueued=12
2026-10-01T07:01:56.3293802Z     mixed_process_chaos_test.go:704: mixed recovery type=mixedshort id=mixed-03-0 latency=1.467178045s
2026-10-01T07:01:56.3294986Z     mixed_process_chaos_test.go:704: mixed recovery type=mixedshort id=mixed-01-0 latency=1.467191326s
2026-10-01T07:01:56.3296070Z     mixed_process_chaos_test.go:704: mixed recovery type=mixedshort id=mixed-05-0 latency=1.467485502s
2026-10-01T07:01:56.3296773Z     mixed_process_chaos_test.go:704: mixed recovery type=mixedshort id=mixed-00-0 latency=2.524678996s
2026-10-01T07:01:56.3297493Z     mixed_process_chaos_test.go:704: mixed recovery type=mixedtimer id=mixed-04-0 latency=2.732415041s
2026-10-01T07:01:56.3298189Z     mixed_process_chaos_test.go:704: mixed recovery type=mixedtimer id=mixed-06-0 latency=2.732646161s
2026-10-01T07:01:56.3298897Z     mixed_process_chaos_test.go:704: mixed recovery type=mixedsignal id=mixed-02-0 latency=3.790294431s
2026-10-01T07:01:56.8838030Z     mixed_process_chaos_test.go:704: mixed recovery type=mixedtimer id=mixed-07-0 latency=7.369146583s
2026-10-01T07:01:57.1261475Z     mixed_process_chaos_test.go:704: mixed recovery type=mixedsignal id=mixed-08-0 latency=3.587963233s
2026-10-01T07:01:58.0660503Z     mixed_process_chaos_test.go:704: mixed recovery type=mixedfanout id=mixed-09-0 latency=8.551240078s
2026-10-01T07:01:58.0662883Z     mixed_process_chaos_test.go:709: mixed provisional result observation: p99=8.551240078s max=8.551240078s (fan-out parent still measured from quorum)
2026-10-01T07:01:58.1220301Z     mixed_process_chaos_test.go:749: restarted node WF_JRN ready in 1.010981ms after 1 attempts
2026-10-01T07:01:58.1322185Z     mixed_process_chaos_test.go:825: restarted node terminal type=mixedshort id=mixed-00-0 audit=8.41879ms
2026-10-01T07:01:58.1323861Z     mixed_process_chaos_test.go:825: restarted node terminal type=mixedshort id=mixed-01-0 audit=8.51937ms
2026-10-01T07:01:58.1327337Z     mixed_process_chaos_test.go:825: restarted node terminal type=mixedsignal id=mixed-02-0 audit=8.497314ms
2026-10-01T07:01:58.1333551Z     mixed_process_chaos_test.go:825: restarted node terminal type=mixedshort id=mixed-03-0 audit=9.324021ms
2026-10-01T07:01:58.1335154Z     mixed_process_chaos_test.go:825: restarted node terminal type=mixedtimer id=mixed-04-0 audit=8.926274ms
2026-10-01T07:01:58.1336891Z     mixed_process_chaos_test.go:825: restarted node terminal type=mixedshort id=mixed-05-0 audit=8.35575ms
2026-10-01T07:01:58.1338541Z     mixed_process_chaos_test.go:825: restarted node terminal type=mixedtimer id=mixed-06-0 audit=9.920925ms
2026-10-01T07:01:58.1340056Z     mixed_process_chaos_test.go:825: restarted node terminal type=mixedtimer id=mixed-07-0 audit=9.062228ms
2026-10-01T07:01:58.1341643Z     mixed_process_chaos_test.go:825: restarted node terminal type=mixedsignal id=mixed-08-0 audit=8.847736ms
2026-10-01T07:01:58.1343289Z     mixed_process_chaos_test.go:825: restarted node terminal type=mixedfanout id=mixed-09-0 audit=9.107736ms
2026-10-01T07:01:58.1345055Z     mixed_process_chaos_test.go:836: restarted node child id=c-2c0427b405f6e5cf41a7a5dd2529625c audit=9.037016ms
2026-10-01T07:01:58.1346837Z     mixed_process_chaos_test.go:836: restarted node child id=c-61a693bbe622d9d1cff620a5ba2cda7f audit=8.334128ms
2026-10-01T07:01:58.1348532Z     mixed_process_chaos_test.go:836: restarted node child id=c-3e3e4c70156e3fee9852004ca5949da3 audit=9.190182ms
2026-10-01T07:01:58.1351492Z     mixed_process_chaos_test.go:836: restarted node child id=c-2d7fcc22d483fcf51ba57e3b2077e464 audit=8.793088ms
2026-10-01T07:01:58.1371847Z     mixed_process_chaos_test.go:836: restarted node child id=c-1eaf330c748a119ebeda4a23d05429de audit=9.180504ms
2026-10-01T07:01:58.1375624Z     mixed_process_chaos_test.go:836: restarted node child id=c-708e303ec63ebd5c030bc9ab47ec7aac audit=8.458797ms
2026-10-01T07:01:58.1377160Z     mixed_process_chaos_test.go:843: restarted node grandchild id=c-425aa24102bf9165ef736361fbbfbb9e audit=10.113019ms
2026-10-01T07:01:58.1378598Z     mixed_process_chaos_test.go:843: restarted node grandchild id=c-81df727d0b247de4898e89bde451172f audit=9.987996ms
2026-10-01T07:01:58.1380193Z     mixed_process_chaos_test.go:843: restarted node grandchild id=c-8129cf1d1fd8e3a209b19b528165f4df audit=9.29223ms
2026-10-01T07:01:58.1381949Z     mixed_process_chaos_test.go:843: restarted node grandchild id=c-26514356ab5a5acbf20ad5ce3acc8168 audit=8.861066ms
2026-10-01T07:01:58.1383961Z     mixed_process_chaos_test.go:843: restarted node grandchild id=c-a879b3a6c93c88e46e7761b1e78637a2 audit=8.925226ms
2026-10-01T07:01:58.1385746Z     mixed_process_chaos_test.go:843: restarted node grandchild id=c-535b8aa9db45ad629d92ad1b11208e82 audit=9.155016ms
2026-10-01T07:01:58.1387310Z     mixed_process_chaos_test.go:843: restarted node grandchild id=c-ce30b309161f5923793aaf2cbc016d4e audit=9.13755ms
2026-10-01T07:01:58.1388923Z     mixed_process_chaos_test.go:843: restarted node grandchild id=c-e1b3e514a9d31e1c0ae0fcf9d9dcde03 audit=8.810122ms
2026-10-01T07:01:58.1390595Z     mixed_process_chaos_test.go:843: restarted node grandchild id=c-bb5f73df9b542dac375d03b4ea875933 audit=9.244855ms
2026-10-01T07:01:58.1392020Z     mixed_process_chaos_test.go:843: restarted node grandchild id=c-01365f6a38e7c1ac2db485fc10fda086 audit=8.882804ms
2026-10-01T07:01:58.1393975Z     mixed_process_chaos_test.go:843: restarted node grandchild id=c-a44599fc4037c49e5e71abfb8f6d759c audit=8.806163ms
2026-10-01T07:01:58.1395506Z     mixed_process_chaos_test.go:843: restarted node grandchild id=c-e14a2648bb4377e8830f7b0584cfd294 audit=7.238548ms
2026-10-01T07:01:58.1397296Z     mixed_process_chaos_test.go:871: survivor node 0 WF_SIG ready in 543.157µs after 1 attempts
2026-10-01T07:01:58.1398695Z     mixed_process_chaos_test.go:894: mixed terminal type=mixedshort id=mixed-00-0 latency=2.446494482s
2026-10-01T07:01:58.1400194Z     mixed_process_chaos_test.go:894: mixed terminal type=mixedshort id=mixed-01-0 latency=1.394276978s
2026-10-01T07:01:58.1401654Z     mixed_process_chaos_test.go:894: mixed terminal type=mixedsignal id=mixed-02-0 latency=3.78729349s
2026-10-01T07:01:58.1403080Z     mixed_process_chaos_test.go:894: mixed terminal type=mixedshort id=mixed-03-0 latency=1.394289493s
2026-10-01T07:01:58.1404382Z     mixed_process_chaos_test.go:894: mixed terminal type=mixedtimer id=mixed-04-0 latency=2.662317431s
2026-10-01T07:01:58.1405596Z     mixed_process_chaos_test.go:894: mixed terminal type=mixedshort id=mixed-05-0 latency=1.394293434s
2026-10-01T07:01:58.1406783Z     mixed_process_chaos_test.go:894: mixed terminal type=mixedtimer id=mixed-06-0 latency=2.662301748s
2026-10-01T07:01:58.1408011Z     mixed_process_chaos_test.go:894: mixed terminal type=mixedtimer id=mixed-07-0 latency=7.232425916s
2026-10-01T07:01:58.1409220Z     mixed_process_chaos_test.go:894: mixed terminal type=mixedsignal id=mixed-08-0 latency=3.54917199s
2026-10-01T07:01:58.1410425Z     mixed_process_chaos_test.go:894: mixed terminal type=mixedfanout id=mixed-09-0 latency=1.247622599s
2026-10-01T07:01:58.1411801Z     mixed_process_chaos_test.go:909: mixed terminal type=mixedchild id=c-2c0427b405f6e5cf41a7a5dd2529625c latency=1.30449659s
2026-10-01T07:01:58.1413437Z     mixed_process_chaos_test.go:909: mixed terminal type=mixedchild id=c-61a693bbe622d9d1cff620a5ba2cda7f latency=698.410844ms
2026-10-01T07:01:58.1414923Z     mixed_process_chaos_test.go:909: mixed terminal type=mixedchild id=c-3e3e4c70156e3fee9852004ca5949da3 latency=1.1101402s
2026-10-01T07:01:58.1416401Z     mixed_process_chaos_test.go:909: mixed terminal type=mixedchild id=c-2d7fcc22d483fcf51ba57e3b2077e464 latency=3.861999416s
2026-10-01T07:01:58.1418140Z     mixed_process_chaos_test.go:909: mixed terminal type=mixedchild id=c-1eaf330c748a119ebeda4a23d05429de latency=1.161439884s
2026-10-01T07:01:58.1419636Z     mixed_process_chaos_test.go:909: mixed terminal type=mixedchild id=c-708e303ec63ebd5c030bc9ab47ec7aac latency=5.761050161s
2026-10-01T07:01:58.1421274Z     mixed_process_chaos_test.go:917: mixed terminal type=mixedgrandchild id=c-425aa24102bf9165ef736361fbbfbb9e latency=2.52436545s
2026-10-01T07:01:58.1422931Z     mixed_process_chaos_test.go:917: mixed terminal type=mixedgrandchild id=c-81df727d0b247de4898e89bde451172f latency=1.25157876s
2026-10-01T07:01:58.1424536Z     mixed_process_chaos_test.go:917: mixed terminal type=mixedgrandchild id=c-8129cf1d1fd8e3a209b19b528165f4df latency=1.467578915s
2026-10-01T07:01:58.1426018Z     mixed_process_chaos_test.go:917: mixed terminal type=mixedgrandchild id=c-26514356ab5a5acbf20ad5ce3acc8168 latency=6.31791354s
2026-10-01T07:01:58.1427612Z     mixed_process_chaos_test.go:917: mixed terminal type=mixedgrandchild id=c-a879b3a6c93c88e46e7761b1e78637a2 latency=5.906474249s
2026-10-01T07:01:58.1429228Z     mixed_process_chaos_test.go:917: mixed terminal type=mixedgrandchild id=c-535b8aa9db45ad629d92ad1b11208e82 latency=1.467596086s
2026-10-01T07:01:58.1430598Z     mixed_process_chaos_test.go:917: mixed terminal type=mixedgrandchild id=c-ce30b309161f5923793aaf2cbc016d4e latency=1.467611563s
2026-10-01T07:01:58.1432108Z     mixed_process_chaos_test.go:917: mixed terminal type=mixedgrandchild id=c-e1b3e514a9d31e1c0ae0fcf9d9dcde03 latency=2.524384403s
2026-10-01T07:01:58.1433782Z     mixed_process_chaos_test.go:917: mixed terminal type=mixedgrandchild id=c-bb5f73df9b542dac375d03b4ea875933 latency=1.467607374s
2026-10-01T07:01:58.1435574Z     mixed_process_chaos_test.go:917: mixed terminal type=mixedgrandchild id=c-01365f6a38e7c1ac2db485fc10fda086 latency=5.365234609s
2026-10-01T07:01:58.1437134Z     mixed_process_chaos_test.go:917: mixed terminal type=mixedgrandchild id=c-a44599fc4037c49e5e71abfb8f6d759c latency=1.467602551s
2026-10-01T07:01:58.1438661Z     mixed_process_chaos_test.go:917: mixed terminal type=mixedgrandchild id=c-e14a2648bb4377e8830f7b0584cfd294 latency=1.467589812s
2026-10-01T07:01:58.1440092Z     mixed_process_chaos_test.go:921: mixed terminal p99 from last enabling event=7.232425916s across 28 invocations
2026-10-01T07:01:58.1446860Z     mixed_process_chaos_test.go:922: mixed workers before={LeaseAcquisitions:36 LeaseContentions:40 LeaseAcquireFailures:0 FencingEvents:4 HandoffEnqueues:4 Redeliveries:9 EnqueueToLeaseSamples:36 EnqueueToLeaseTotal:1m13.308085419s EnqueueToLeaseMaximum:15.791567131s EnqueueToLeaseBuckets:[12 7 5 11 1 0] TimersScheduled:24 TimersFired:0 TimerLateTotal:0s TimerLateMaximum:0s TimerLateBuckets:[0 0 0 0 0 0] CancelledTimerNoOps:0} after={LeaseAcquisitions:42 LeaseContentions:19 LeaseAcquireFailures:0 FencingEvents:0 HandoffEnqueues:0 Redeliveries:11 EnqueueToLeaseSamples:42 EnqueueToLeaseTotal:5m8.835517349s EnqueueToLeaseMaximum:18.141715092s EnqueueToLeaseBuckets:[1 6 4 16 15 0] TimersScheduled:0 TimersFired:24 TimerLateTotal:1m6.951117216s TimerLateMaximum:2.823384485s TimerLateBuckets:[0 0 0 24 0 0] CancelledTimerNoOps:0}
2026-10-01T07:02:02.1582872Z --- PASS: TestMixedWorkflowsRecoverFromFourServerFaults (30.57s)
2026-10-01T07:02:02.1583295Z PASS
2026-10-01T07:02:02.1590757Z ok  	js-wf/integration	30.571s
2026-10-01T07:02:02.1687619Z Mixed workflow seed 20 (1..20)
2026-10-01T07:02:02.8761793Z === RUN   TestMixedWorkflowsRecoverFromFourServerFaults
2026-10-01T07:02:08.6470937Z     mixed_process_chaos_test.go:516: FAULT_SEED=20 FAULT_SCHEDULE=mixed-four-faults-20.json
2026-10-01T07:02:31.6264699Z     mixed_process_chaos_test.go:692: post-heal signal repair inspected=36 reenqueued=22
2026-10-01T07:02:31.6265506Z     mixed_process_chaos_test.go:704: mixed recovery type=mixedshort id=mixed-01-0 latency=6.017533765s
2026-10-01T07:02:31.6266242Z     mixed_process_chaos_test.go:704: mixed recovery type=mixedshort id=mixed-04-0 latency=6.20188354s
2026-10-01T07:02:31.6267360Z     mixed_process_chaos_test.go:704: mixed recovery type=mixedshort id=mixed-08-0 latency=6.202056883s
2026-10-01T07:02:31.6268114Z     mixed_process_chaos_test.go:704: mixed recovery type=mixedshort id=mixed-07-0 latency=6.202159708s
2026-10-01T07:02:34.8027484Z     mixed_process_chaos_test.go:704: mixed recovery type=mixedtimer id=mixed-05-0 latency=13.898532538s
2026-10-01T07:02:34.8028742Z     mixed_process_chaos_test.go:704: mixed recovery type=mixedtimer id=mixed-02-0 latency=13.898613448s
2026-10-01T07:02:34.8029909Z     mixed_process_chaos_test.go:704: mixed recovery type=mixedtimer id=mixed-00-0 latency=13.8987032s
2026-10-01T07:02:45.5208519Z     mixed_process_chaos_test.go:704: mixed recovery type=mixedsignal id=mixed-03-0 latency=17.898221667s
2026-10-01T07:02:46.5332931Z     mixed_process_chaos_test.go:704: mixed recovery type=mixedsignal id=mixed-06-0 latency=15.238109809s
2026-10-01T07:02:46.5336660Z     mixed_process_chaos_test.go:704: mixed recovery type=mixedfanout id=mixed-09-0 latency=25.630201196s
2026-10-01T07:02:46.5340034Z     mixed_process_chaos_test.go:709: mixed provisional result observation: p99=25.630201196s max=25.630201196s (fan-out parent still measured from quorum)
2026-10-01T07:02:46.5900921Z     mixed_process_chaos_test.go:749: restarted node WF_JRN ready in 1.207449ms after 1 attempts
2026-10-01T07:02:46.5998859Z     mixed_process_chaos_test.go:825: restarted node terminal type=mixedtimer id=mixed-00-0 audit=9.619472ms
2026-10-01T07:02:46.6000264Z     mixed_process_chaos_test.go:825: restarted node terminal type=mixedshort id=mixed-01-0 audit=9.353288ms
2026-10-01T07:02:46.6001572Z     mixed_process_chaos_test.go:825: restarted node terminal type=mixedtimer id=mixed-02-0 audit=9.594198ms
2026-10-01T07:02:46.6003406Z     mixed_process_chaos_test.go:825: restarted node terminal type=mixedsignal id=mixed-03-0 audit=9.01361ms
2026-10-01T07:02:46.6004562Z     mixed_process_chaos_test.go:825: restarted node terminal type=mixedshort id=mixed-04-0 audit=9.026771ms
2026-10-01T07:02:46.6005558Z     mixed_process_chaos_test.go:825: restarted node terminal type=mixedtimer id=mixed-05-0 audit=9.157554ms
2026-10-01T07:02:46.6006802Z     mixed_process_chaos_test.go:825: restarted node terminal type=mixedsignal id=mixed-06-0 audit=8.862203ms
2026-10-01T07:02:46.6008032Z     mixed_process_chaos_test.go:825: restarted node terminal type=mixedshort id=mixed-07-0 audit=9.329007ms
2026-10-01T07:02:46.6009338Z     mixed_process_chaos_test.go:825: restarted node terminal type=mixedshort id=mixed-08-0 audit=9.105364ms
2026-10-01T07:02:46.6010611Z     mixed_process_chaos_test.go:825: restarted node terminal type=mixedfanout id=mixed-09-0 audit=9.147207ms
2026-10-01T07:02:46.6011816Z     mixed_process_chaos_test.go:836: restarted node child id=c-2c0427b405f6e5cf41a7a5dd2529625c audit=9.325101ms
2026-10-01T07:02:46.6013171Z     mixed_process_chaos_test.go:836: restarted node child id=c-61a693bbe622d9d1cff620a5ba2cda7f audit=8.874557ms
2026-10-01T07:02:46.6016950Z     mixed_process_chaos_test.go:836: restarted node child id=c-3e3e4c70156e3fee9852004ca5949da3 audit=9.121858ms
2026-10-01T07:02:46.6018370Z     mixed_process_chaos_test.go:836: restarted node child id=c-2d7fcc22d483fcf51ba57e3b2077e464 audit=9.041019ms
2026-10-01T07:02:46.6019777Z     mixed_process_chaos_test.go:836: restarted node child id=c-1eaf330c748a119ebeda4a23d05429de audit=9.029463ms
2026-10-01T07:02:46.6021042Z     mixed_process_chaos_test.go:836: restarted node child id=c-708e303ec63ebd5c030bc9ab47ec7aac audit=9.124006ms
2026-10-01T07:02:46.6022121Z     mixed_process_chaos_test.go:843: restarted node grandchild id=c-425aa24102bf9165ef736361fbbfbb9e audit=9.201295ms
2026-10-01T07:02:46.6023477Z     mixed_process_chaos_test.go:843: restarted node grandchild id=c-81df727d0b247de4898e89bde451172f audit=9.856711ms
2026-10-01T07:02:46.6024685Z     mixed_process_chaos_test.go:843: restarted node grandchild id=c-8129cf1d1fd8e3a209b19b528165f4df audit=9.14337ms
2026-10-01T07:02:46.6026122Z     mixed_process_chaos_test.go:843: restarted node grandchild id=c-26514356ab5a5acbf20ad5ce3acc8168 audit=9.281139ms
2026-10-01T07:02:46.6027270Z     mixed_process_chaos_test.go:843: restarted node grandchild id=c-a879b3a6c93c88e46e7761b1e78637a2 audit=9.047788ms
2026-10-01T07:02:46.6028307Z     mixed_process_chaos_test.go:843: restarted node grandchild id=c-535b8aa9db45ad629d92ad1b11208e82 audit=8.74302ms
2026-10-01T07:02:46.6029539Z     mixed_process_chaos_test.go:843: restarted node grandchild id=c-ce30b309161f5923793aaf2cbc016d4e audit=9.052512ms
2026-10-01T07:02:46.6030743Z     mixed_process_chaos_test.go:843: restarted node grandchild id=c-e1b3e514a9d31e1c0ae0fcf9d9dcde03 audit=9.066751ms
2026-10-01T07:02:46.6031995Z     mixed_process_chaos_test.go:843: restarted node grandchild id=c-bb5f73df9b542dac375d03b4ea875933 audit=9.124059ms
2026-10-01T07:02:46.6033323Z     mixed_process_chaos_test.go:843: restarted node grandchild id=c-01365f6a38e7c1ac2db485fc10fda086 audit=9.57544ms
2026-10-01T07:02:46.6034490Z     mixed_process_chaos_test.go:843: restarted node grandchild id=c-a44599fc4037c49e5e71abfb8f6d759c audit=9.727486ms
2026-10-01T07:02:46.6035567Z     mixed_process_chaos_test.go:843: restarted node grandchild id=c-e14a2648bb4377e8830f7b0584cfd294 audit=9.076172ms
2026-10-01T07:02:46.6037124Z     mixed_process_chaos_test.go:871: survivor node 0 WF_SIG ready in 588.991µs after 1 attempts
2026-10-01T07:02:46.6038300Z     mixed_process_chaos_test.go:894: mixed terminal type=mixedtimer id=mixed-00-0 latency=13.695637503s
2026-10-01T07:02:46.6039465Z     mixed_process_chaos_test.go:894: mixed terminal type=mixedshort id=mixed-01-0 latency=5.995465312s
2026-10-01T07:02:46.6040526Z     mixed_process_chaos_test.go:894: mixed terminal type=mixedtimer id=mixed-02-0 latency=13.695655629s
2026-10-01T07:02:46.6041999Z     mixed_process_chaos_test.go:894: mixed terminal type=mixedsignal id=mixed-03-0 latency=18.19907937s
2026-10-01T07:02:46.6043251Z     mixed_process_chaos_test.go:894: mixed terminal type=mixedshort id=mixed-04-0 latency=5.996571329s
2026-10-01T07:02:46.6044459Z     mixed_process_chaos_test.go:894: mixed terminal type=mixedtimer id=mixed-05-0 latency=13.695652247s
2026-10-01T07:02:46.6045523Z     mixed_process_chaos_test.go:894: mixed terminal type=mixedsignal id=mixed-06-0 latency=15.233922156s
2026-10-01T07:02:46.6046626Z     mixed_process_chaos_test.go:894: mixed terminal type=mixedshort id=mixed-07-0 latency=5.996565069s
2026-10-01T07:02:46.6047790Z     mixed_process_chaos_test.go:894: mixed terminal type=mixedshort id=mixed-08-0 latency=5.99655937s
2026-10-01T07:02:46.6048939Z     mixed_process_chaos_test.go:894: mixed terminal type=mixedfanout id=mixed-09-0 latency=3.443261572s
2026-10-01T07:02:46.6049977Z     mixed_process_chaos_test.go:909: mixed terminal type=mixedchild id=c-2c0427b405f6e5cf41a7a5dd2529625c latency=4.029706819s
2026-10-01T07:02:46.6051474Z     mixed_process_chaos_test.go:909: mixed terminal type=mixedchild id=c-61a693bbe622d9d1cff620a5ba2cda7f latency=4.549602651s
2026-10-01T07:02:46.6052582Z     mixed_process_chaos_test.go:909: mixed terminal type=mixedchild id=c-3e3e4c70156e3fee9852004ca5949da3 latency=3.220963367s
2026-10-01T07:02:46.6054101Z     mixed_process_chaos_test.go:909: mixed terminal type=mixedchild id=c-2d7fcc22d483fcf51ba57e3b2077e464 latency=3.02236067s
2026-10-01T07:02:46.6055374Z     mixed_process_chaos_test.go:909: mixed terminal type=mixedchild id=c-1eaf330c748a119ebeda4a23d05429de latency=2.441028337s
2026-10-01T07:02:46.6056646Z     mixed_process_chaos_test.go:909: mixed terminal type=mixedchild id=c-708e303ec63ebd5c030bc9ab47ec7aac latency=3.52441623s
2026-10-01T07:02:46.6058103Z     mixed_process_chaos_test.go:917: mixed terminal type=mixedgrandchild id=c-425aa24102bf9165ef736361fbbfbb9e latency=15.808095519s
2026-10-01T07:02:46.6059602Z     mixed_process_chaos_test.go:917: mixed terminal type=mixedgrandchild id=c-81df727d0b247de4898e89bde451172f latency=15.808086046s
2026-10-01T07:02:46.6060914Z     mixed_process_chaos_test.go:917: mixed terminal type=mixedgrandchild id=c-8129cf1d1fd8e3a209b19b528165f4df latency=9.345893214s
2026-10-01T07:02:46.6062362Z     mixed_process_chaos_test.go:917: mixed terminal type=mixedgrandchild id=c-26514356ab5a5acbf20ad5ce3acc8168 latency=5.487547039s
2026-10-01T07:02:46.6063931Z     mixed_process_chaos_test.go:917: mixed terminal type=mixedgrandchild id=c-a879b3a6c93c88e46e7761b1e78637a2 latency=17.725940318s
2026-10-01T07:02:46.6065297Z     mixed_process_chaos_test.go:917: mixed terminal type=mixedgrandchild id=c-535b8aa9db45ad629d92ad1b11208e82 latency=15.704997145s
2026-10-01T07:02:46.6066745Z     mixed_process_chaos_test.go:917: mixed terminal type=mixedgrandchild id=c-ce30b309161f5923793aaf2cbc016d4e latency=13.188362318s
2026-10-01T07:02:46.6068078Z     mixed_process_chaos_test.go:917: mixed terminal type=mixedgrandchild id=c-e1b3e514a9d31e1c0ae0fcf9d9dcde03 latency=16.815287906s
2026-10-01T07:02:46.6069437Z     mixed_process_chaos_test.go:917: mixed terminal type=mixedgrandchild id=c-bb5f73df9b542dac375d03b4ea875933 latency=19.636152554s
2026-10-01T07:02:46.6070866Z     mixed_process_chaos_test.go:917: mixed terminal type=mixedgrandchild id=c-01365f6a38e7c1ac2db485fc10fda086 latency=9.346464431s
2026-10-01T07:02:46.6072347Z     mixed_process_chaos_test.go:917: mixed terminal type=mixedgrandchild id=c-a44599fc4037c49e5e71abfb8f6d759c latency=15.304464133s
2026-10-01T07:02:46.6073881Z     mixed_process_chaos_test.go:917: mixed terminal type=mixedgrandchild id=c-e14a2648bb4377e8830f7b0584cfd294 latency=8.227451781s
2026-10-01T07:02:46.6075133Z     mixed_process_chaos_test.go:921: mixed terminal p99 from last enabling event=19.636152554s across 28 invocations
2026-10-01T07:02:46.6084267Z     mixed_process_chaos_test.go:922: mixed workers before={LeaseAcquisitions:48 LeaseContentions:103 LeaseAcquireFailures:0 FencingEvents:6 HandoffEnqueues:6 Redeliveries:62 EnqueueToLeaseSamples:48 EnqueueToLeaseTotal:4m53.656997949s EnqueueToLeaseMaximum:20.309033874s EnqueueToLeaseBuckets:[13 5 11 6 13 0] TimersScheduled:24 TimersFired:1 TimerLateTotal:295.929µs TimerLateMaximum:295.929µs TimerLateBuckets:[1 0 0 0 0 0] CancelledTimerNoOps:0} after={LeaseAcquisitions:26 LeaseContentions:49 LeaseAcquireFailures:0 FencingEvents:0 HandoffEnqueues:0 Redeliveries:47 EnqueueToLeaseSamples:26 EnqueueToLeaseTotal:6m15.848140269s EnqueueToLeaseMaximum:30.863938752s EnqueueToLeaseBuckets:[0 0 6 4 15 1] TimersScheduled:0 TimersFired:23 TimerLateTotal:4.882921448s TimerLateMaximum:242.777239ms TimerLateBuckets:[0 23 0 0 0 0] CancelledTimerNoOps:0}
2026-10-01T07:02:51.6227472Z --- PASS: TestMixedWorkflowsRecoverFromFourServerFaults (48.75s)
2026-10-01T07:02:51.6227912Z PASS
2026-10-01T07:02:51.6238349Z ok  	js-wf/integration	48.752s
2026-10-01T07:02:51.6403642Z ##[group]Run actions/upload-artifact@v7
2026-10-01T07:02:51.6403971Z with:
2026-10-01T07:02:51.6404199Z   name: tier2-mixed-fault-schedules
2026-10-01T07:02:51.6404637Z   path: integration/mixed-four-faults-*.json
integration/mixed-four-faults-*-server-*.log

2026-10-01T07:02:51.6405076Z   if-no-files-found: ignore
2026-10-01T07:02:51.6405319Z   compression-level: 6
2026-10-01T07:02:51.6405553Z   overwrite: false
2026-10-01T07:02:51.6405774Z   include-hidden-files: false
2026-10-01T07:02:51.6406015Z   archive: true
2026-10-01T07:02:51.6406209Z env:
2026-10-01T07:02:51.6406402Z   WF_MIXED_CHAOS: 1
2026-10-01T07:02:51.6406608Z   MIXED_SEEDS: 20
2026-10-01T07:02:51.6406811Z   MIXED_START_SEED: 1
2026-10-01T07:02:51.6407018Z ##[endgroup]
2026-10-01T07:02:51.8308986Z With the provided path, there will be 320 files uploaded
2026-10-01T07:02:51.8323483Z Artifact name is valid!
2026-10-01T07:02:51.8324307Z Root directory input is valid!
2026-10-01T07:02:52.1704979Z Uploading artifact: tier2-mixed-fault-schedules.zip
2026-10-01T07:02:52.1740248Z Beginning upload of artifact content to blob storage
2026-10-01T07:02:53.4286492Z Uploaded bytes 3340872
2026-10-01T07:02:53.4911948Z Finished uploading artifact content to blob storage!
2026-10-01T07:02:53.4913402Z SHA256 digest of uploaded artifact is deb95531789cd30a7bb553eb88af8c04603fe3eeae7a219b34137be7d892bfa3
2026-10-01T07:02:53.4914491Z Finalizing artifact upload
2026-10-01T07:02:53.8624239Z Artifact tier2-mixed-fault-schedules successfully finalized. Artifact ID 11145539101
2026-10-01T07:02:53.8625298Z Artifact tier2-mixed-fault-schedules has been successfully uploaded! Final size is 3340872 bytes. Artifact ID is 11145539101
2026-10-01T07:02:53.8629155Z Artifact download URL: https://github.com/AntPAllen/js-wf/actions/runs/36826882488/artifacts/11145539101
2026-10-01T07:02:53.8788804Z Post job cleanup.
2026-10-01T07:02:53.9968763Z (node:5752) [DEP0040] DeprecationWarning: The `punycode` module is deprecated. Please use a userland alternative instead.
2026-10-01T07:02:53.9969518Z (Use `node --trace-deprecation ...` to show where the warning was created)
2026-10-01T07:02:54.0030781Z [command]/opt/hostedtoolcache/go/1.27.1/x64/bin/go env GOMODCACHE
2026-10-01T07:02:54.0072101Z [command]/opt/hostedtoolcache/go/1.27.1/x64/bin/go env GOCACHE
2026-10-01T07:02:54.0101122Z /home/runner/go/pkg/mod
2026-10-01T07:02:54.0121474Z /home/runner/.cache/go-build
2026-10-01T07:02:54.0128227Z Cache hit occurred on the primary key setup-go-Linux-x64-ubuntu24-go-1.27.1-487c2eade748c1cfcd01caf54d154b8f65df65b05311c1ecee4b42fdda97ee43, not saving cache.
2026-10-01T07:02:54.0308883Z Post job cleanup.
2026-10-01T07:02:54.1233658Z [command]/usr/bin/git version
2026-10-01T07:02:54.1280657Z git version 2.55.0
2026-10-01T07:02:54.1333792Z Temporarily overriding HOME='/home/runner/work/_temp/e919f911-35b6-47d2-a0dc-af6d0a153111' before making global git config changes
2026-10-01T07:02:54.1335589Z Adding repository directory to the temporary git global config as a safe directory
2026-10-01T07:02:54.1354766Z [command]/usr/bin/git config --global --add safe.directory /home/runner/work/js-wf/js-wf
2026-10-01T07:02:54.1397293Z [command]/usr/bin/git config --local --name-only --get-regexp core\.sshCommand
2026-10-01T07:02:54.1457847Z [command]/usr/bin/git submodule foreach --recursive sh -c "git config --local --name-only --get-regexp 'core\.sshCommand' && git config --local --unset-all 'core.sshCommand' || :"
2026-10-01T07:02:54.1740108Z [command]/usr/bin/git config --local --name-only --get-regexp http\.https\:\/\/github\.com\/\.extraheader
2026-10-01T07:02:54.1774722Z http.https://github.com/.extraheader
2026-10-01T07:02:54.1776735Z [command]/usr/bin/git config --local --unset-all http.https://github.com/.extraheader
2026-10-01T07:02:54.1817359Z [command]/usr/bin/git submodule foreach --recursive sh -c "git config --local --name-only --get-regexp 'http\.https\:\/\/github\.com\/\.extraheader' && git config --local --unset-all 'http.https://github.com/.extraheader' || :"
2026-10-01T07:02:54.2124643Z [command]/usr/bin/git config --local --name-only --get-regexp ^includeIf\.gitdir:
2026-10-01T07:02:54.2165239Z [command]/usr/bin/git submodule foreach --recursive git config --local --show-origin --name-only --get-regexp remote.origin.url
2026-10-01T07:02:54.2488781Z Cleaning up orphan processes
2026-10-01T07:02:54.2732426Z ##[warning]Node.js 20 is deprecated. The following actions target Node.js 20 but are being forced to run on Node.js 24: actions/checkout@v4, actions/setup-go@v5. For more information see: https://github.blog/changelog/2025-09-19-deprecation-of-node-20-on-github-actions-runners/
