3276  1790834044.165859 newfstatat(AT_FDCWD</home/runner/work/js-wf/js-wf/integration>, "/tmp/TestMixedWorkflowsRecoverFromFourServerFaults874006668/001/node-1/jetstream/$G/streams/WF_RUN/obs/WF_P_33/o.dat", {st_mode=S_IFREG|0600, st_size=8, ...}, AT_SYMLINK_NOFOLLOW) = 0 <0.000031>
3276  1790834044.165996 renameat(AT_FDCWD</home/runner/work/js-wf/js-wf/integration>, "/tmp/TestMixedWorkflowsRecoverFromFourServerFaults874006668/001/node-1/jetstream/$G/streams/WF_RUN/obs/WF_P_33/o.dat.tmp", AT_FDCWD</home/runner/work/js-wf/js-wf/integration>, "/tmp/TestMixedWorkflowsRecoverFromFourServerFaults874006668/001/node-1/jetstream/$G/streams/WF_RUN/obs/WF_P_33/o.dat") = 0 <0.000071>
3288  1790834044.168138 newfstatat(AT_FDCWD</home/runner/work/js-wf/js-wf/integration>, "/tmp/TestMixedWorkflowsRecoverFromFourServerFaults874006668/001/node-1/jetstream/$G/streams/WF_RUN/obs/WF_P_63/o.dat", {st_mode=S_IFREG|0600, st_size=16, ...}, AT_SYMLINK_NOFOLLOW) = 0 <0.000028>
3288  1790834044.168225 renameat(AT_FDCWD</home/runner/work/js-wf/js-wf/integration>, "/tmp/TestMixedWorkflowsRecoverFromFourServerFaults874006668/001/node-1/jetstream/$G/streams/WF_RUN/obs/WF_P_63/o.dat.tmp", AT_FDCWD</home/runner/work/js-wf/js-wf/integration>, "/tmp/TestMixedWorkflowsRecoverFromFourServerFaults874006668/001/node-1/jetstream/$G/streams/WF_RUN/obs/WF_P_63/o.dat") = 0 <0.000067>
3288  1790834044.209774 newfstatat(AT_FDCWD</home/runner/work/js-wf/js-wf/integration>, "/tmp/TestMixedWorkflowsRecoverFromFourServerFaults874006668/001/node-1/jetstream/$G/streams/WF_RUN/obs/WF_P_26/o.dat", {st_mode=S_IFREG|0600, st_size=8, ...}, AT_SYMLINK_NOFOLLOW) = 0 <0.000035>
3288  1790834044.209891 renameat(AT_FDCWD</home/runner/work/js-wf/js-wf/integration>, "/tmp/TestMixedWorkflowsRecoverFromFourServerFaults874006668/001/node-1/jetstream/$G/streams/WF_RUN/obs/WF_P_26/o.dat.tmp", AT_FDCWD</home/runner/work/js-wf/js-wf/integration>, "/tmp/TestMixedWorkflowsRecoverFromFourServerFaults874006668/001/node-1/jetstream/$G/streams/WF_RUN/obs/WF_P_26/o.dat") = 0 <0.000199>
3285  1790834044.259278 newfstatat(AT_FDCWD</home/runner/work/js-wf/js-wf/integration>, "/tmp/TestMixedWorkflowsRecoverFromFourServerFaults874006668/001/node-1/jetstream/$G/streams/WF_RUN/obs/WF_P_51/o.dat", {st_mode=S_IFREG|0600, st_size=8, ...}, AT_SYMLINK_NOFOLLOW) = 0 <0.000044>
3285  1790834044.259417 renameat(AT_FDCWD</home/runner/work/js-wf/js-wf/integration>, "/tmp/TestMixedWorkflowsRecoverFromFourServerFaults874006668/001/node-1/jetstream/$G/streams/WF_RUN/obs/WF_P_51/o.dat.tmp", AT_FDCWD</home/runner/work/js-wf/js-wf/integration>, "/tmp/TestMixedWorkflowsRecoverFromFourServerFaults874006668/001/node-1/jetstream/$G/streams/WF_RUN/obs/WF_P_51/o.dat") = 0 <0.000227>
3295  1790834044.261607 newfstatat(AT_FDCWD</home/runner/work/js-wf/js-wf/integration>, "/tmp/TestMixedWorkflowsRecoverFromFourServerFaults874006668/001/node-1/jetstream/$G/streams/WF_RUN/obs/WF_P_15/o.dat", {st_mode=S_IFREG|0600, st_size=8, ...}, AT_SYMLINK_NOFOLLOW) = 0 <0.000029>
3288  1790834044.261692 --- SIGURG {si_signo=SIGURG, si_code=SI_TKILL, si_pid=3265, si_uid=1001} ---
3295  1790834044.261713 renameat(AT_FDCWD</home/runner/work/js-wf/js-wf/integration>, "/tmp/TestMixedWorkflowsRecoverFromFourServerFaults874006668/001/node-1/jetstream/$G/streams/WF_RUN/obs/WF_P_15/o.dat.tmp", AT_FDCWD</home/runner/work/js-wf/js-wf/integration>, "/tmp/TestMixedWorkflowsRecoverFromFourServerFaults874006668/001/node-1/jetstream/$G/streams/WF_RUN/obs/WF_P_15/o.dat") = 0 <0.000181>
3285  1790834044.267973 newfstatat(AT_FDCWD</home/runner/work/js-wf/js-wf/integration>, "/tmp/TestMixedWorkflowsRecoverFromFourServerFaults874006668/001/node-1/jetstream/$G/streams/WF_RUN/obs/WF_P_33/o.dat", {st_mode=S_IFREG|0600, st_size=8, ...}, AT_SYMLINK_NOFOLLOW) = 0 <0.000034>
3285  1790834044.268068 renameat(AT_FDCWD</home/runner/work/js-wf/js-wf/integration>, "/tmp/TestMixedWorkflowsRecoverFromFourServerFaults874006668/001/node-1/jetstream/$G/streams/WF_RUN/obs/WF_P_33/o.dat.tmp", AT_FDCWD</home/runner/work/js-wf/js-wf/integration>, "/tmp/TestMixedWorkflowsRecoverFromFourServerFaults874006668/001/node-1/jetstream/$G/streams/WF_RUN/obs/WF_P_33/o.dat") = 0 <0.000188>
3295  1790834044.269280 newfstatat(AT_FDCWD</home/runner/work/js-wf/js-wf/integration>, "/tmp/TestMixedWorkflowsRecoverFromFourServerFaults874006668/001/node-1/jetstream/$G/streams/WF_RUN/obs/WF_P_63/o.dat", {st_mode=S_IFREG|0600, st_size=8, ...}, AT_SYMLINK_NOFOLLOW) = 0 <0.000031>
3295  1790834044.269386 renameat(AT_FDCWD</home/runner/work/js-wf/js-wf/integration>, "/tmp/TestMixedWorkflowsRecoverFromFourServerFaults874006668/001/node-1/jetstream/$G/streams/WF_RUN/obs/WF_P_63/o.dat.tmp", AT_FDCWD</home/runner/work/js-wf/js-wf/integration>, "/tmp/TestMixedWorkflowsRecoverFromFourServerFaults874006668/001/node-1/jetstream/$G/streams/WF_RUN/obs/WF_P_63/o.dat") = 0 <0.000200>
3285  1790834044.421943 --- SIGURG {si_signo=SIGURG, si_code=SI_TKILL, si_pid=3265, si_uid=1001} ---
3285  1790834044.543294 --- SIGURG {si_signo=SIGURG, si_code=SI_TKILL, si_pid=3265, si_uid=1001} ---
3295  1790834044.846269 pwrite64(43</tmp/TestMixedWorkflowsRecoverFromFourServerFaults874006668/001/node-1/jetstream/$SYS/_js_/C-R3F-HBMz3Eb7/msgs/1.blk>, "l\0\0\0\10\0\0\0\0\0\0\0o\334\273V\23R\332\30\0\0St9I6EVH\1\0"..., 108, 709) = 108 (DELAYED) <0.025151>
3295  1790834044.871770 pwrite64(43</tmp/TestMixedWorkflowsRecoverFromFourServerFaults874006668/001/node-1/jetstream/$SYS/_js_/C-R3F-HBMz3Eb7/msgs/1.blk>, "z\0\0\0\t\0\0\0\0\0\0\0\330KAX\23R\332\30\0\0St9I6EVH\1\0"..., 122, 817) = 122 (DELAYED) <0.025114>
3295  1790834044.896982 --- SIGURG {si_signo=SIGURG, si_code=SI_TKILL, si_pid=3265, si_uid=1001} ---
3295  1790834044.897334 --- SIGURG {si_signo=SIGURG, si_code=SI_TKILL, si_pid=3265, si_uid=1001} ---
3271  1790834044.969979 --- SIGURG {si_signo=SIGURG, si_code=SI_TKILL, si_pid=3265, si_uid=1001} ---
3271  1790834045.100264 pwrite64(49</tmp/TestMixedWorkflowsRecoverFromFourServerFaults874006668/001/node-1/jetstream/$SYS/_js_/C-R3F-JVHEu4zR/msgs/1.blk>, "l\0\0\0\10\0\0\0\0\0\0\0(Z\337e\23R\332\30\0\0St9I6EVH\1\0"..., 108, 709 <unfinished ...>
3276  1790834045.105934 pwrite64(53</tmp/TestMixedWorkflowsRecoverFromFourServerFaults874006668/001/node-1/jetstream/$SYS/_js_/C-R3F-SvU2CKnb/msgs/1.blk>, "l\0\0\0\7\0\0\0\0\0\0\0|k6f\23R\332\30\0\0St9I6EVH\1\0"..., 108, 636 <unfinished ...>
3271  1790834045.125351 <... pwrite64 resumed>) = 108 (DELAYED) <0.025028>
3288  1790834045.125745 pwrite64(49</tmp/TestMixedWorkflowsRecoverFromFourServerFaults874006668/001/node-1/jetstream/$SYS/_js_/C-R3F-JVHEu4zR/msgs/1.blk>, "z\0\0\0\t\0\0\0\0\0\0\0t[dg\23R\332\30\0\0St9I6EVH\1\0"..., 122, 817 <unfinished ...>
3271  1790834045.125775 --- SIGURG {si_signo=SIGURG, si_code=SI_TKILL, si_pid=3265, si_uid=1001} ---
3276  1790834045.131001 <... pwrite64 resumed>) = 108 (DELAYED) <0.025037>
3276  1790834045.131143 pwrite64(53</tmp/TestMixedWorkflowsRecoverFromFourServerFaults874006668/001/node-1/jetstream/$SYS/_js_/C-R3F-SvU2CKnb/msgs/1.blk>, "z\0\0\0\10\0\0\0\0\0\0\0J\27\267g\23R\332\30\0\0St9I6EVH\1\0"..., 122, 744 <unfinished ...>
3271  1790834045.131254 pwrite64(51</tmp/TestMixedWorkflowsRecoverFromFourServerFaults874006668/001/node-1/jetstream/$SYS/_js_/C-R3F-tOdRrkzy/msgs/1.blk>, "l\0\0\0\v\0\0\0\0\0\0\0001\346\270g\23R\332\30\0\0St9I6EVH\1\0"..., 108, 1024 <unfinished ...>
3288  1790834045.150829 <... pwrite64 resumed>) = 122 (DELAYED) <0.025048>
3288  1790834045.151279 --- SIGURG {si_signo=SIGURG, si_code=SI_TKILL, si_pid=3265, si_uid=1001} ---
3276  1790834045.156221 <... pwrite64 resumed>) = 122 (DELAYED) <0.025054>
3271  1790834045.156353 <... pwrite64 resumed>) = 108 (DELAYED) <0.025074>
3271  1790834045.156449 pwrite64(51</tmp/TestMixedWorkflowsRecoverFromFourServerFaults874006668/001/node-1/jetstream/$SYS/_js_/C-R3F-tOdRrkzy/msgs/1.blk>, "l\0\0\0\f\0\0\0\0\0\0\0h>9i\23R\332\30\0\0St9I6EVH\1\0"..., 108, 1132) = 108 (DELAYED) <0.025043>
3271  1790834045.181878 --- SIGURG {si_signo=SIGURG, si_code=SI_TKILL, si_pid=3265, si_uid=1001} ---
3285  1790834045.203685 --- SIGURG {si_signo=SIGURG, si_code=SI_TKILL, si_pid=3265, si_uid=1001} ---
3288  1790834045.244298 --- SIGURG {si_signo=SIGURG, si_code=SI_TKILL, si_pid=3265, si_uid=1001} ---
3276  1790834045.265236 --- SIGURG {si_signo=SIGURG, si_code=SI_TKILL, si_pid=3265, si_uid=1001} ---
3271  1790834045.665140 --- SIGURG {si_signo=SIGURG, si_code=SI_TKILL, si_pid=3265, si_uid=1001} ---
3288  1790834045.725706 --- SIGURG {si_signo=SIGURG, si_code=SI_TKILL, si_pid=3265, si_uid=1001} ---
3288  1790834045.793822 --- SIGURG {si_signo=SIGURG, si_code=SI_TKILL, si_pid=3265, si_uid=1001} ---
3288  1790834045.848742 pwrite64(43</tmp/TestMixedWorkflowsRecoverFromFourServerFaults874006668/001/node-1/jetstream/$SYS/_js_/C-R3F-HBMz3Eb7/msgs/1.blk>, "l\0\0\0\n\0\0\0\0\0\0\0\311#{\222\23R\332\30\0\0St9I6EVH\1\0"..., 108, 939 <unfinished ...>
3271  1790834045.848881 --- SIGURG {si_signo=SIGURG, si_code=SI_TKILL, si_pid=3265, si_uid=1001} ---
3288  1790834045.873805 <... pwrite64 resumed>) = 108 (DELAYED) <0.025003>
3288  1790834045.874028 --- SIGURG {si_signo=SIGURG, si_code=SI_TKILL, si_pid=3265, si_uid=1001} ---
3288  1790834045.874168 pwrite64(43</tmp/TestMixedWorkflowsRecoverFromFourServerFaults874006668/001/node-1/jetstream/$SYS/_js_/C-R3F-HBMz3Eb7/msgs/1.blk>, "l\0\0\0\v\0\0\0\0\0\0\0\332\343\0\224\23R\332\30\0\0St9I6EVH\1\0"..., 108, 1047) = 108 (DELAYED) <0.025076>
3288  1790834045.899629 --- SIGURG {si_signo=SIGURG, si_code=SI_TKILL, si_pid=3265, si_uid=1001} ---
3285  1790834046.102634 pwrite64(49</tmp/TestMixedWorkflowsRecoverFromFourServerFaults874006668/001/node-1/jetstream/$SYS/_js_/C-R3F-JVHEu4zR/msgs/1.blk>, "l\0\0\0\n\0\0\0\0\0\0\0\322\223\236\241\23R\332\30\0\0St9I6EVH\1\0"..., 108, 939 <unfinished ...>
3288  1790834046.107601 pwrite64(53</tmp/TestMixedWorkflowsRecoverFromFourServerFaults874006668/001/node-1/jetstream/$SYS/_js_/C-R3F-SvU2CKnb/msgs/1.blk>, "l\0\0\0\t\0\0\0\0\0\0\0\266\317\352\241\23R\332\30\0\0St9I6EVH\1\0"..., 108, 866 <unfinished ...>
3285  1790834046.127717 <... pwrite64 resumed>) = 108 (DELAYED) <0.025031>
3271  1790834046.128107 pwrite64(49</tmp/TestMixedWorkflowsRecoverFromFourServerFaults874006668/001/node-1/jetstream/$SYS/_js_/C-R3F-JVHEu4zR/msgs/1.blk>, "l\0\0\0\v\0\0\0\0\0\0\0\366T#\243\23R\332\30\0\0St9I6EVH\1\0"..., 108, 1047 <unfinished ...>
3285  1790834046.128152 --- SIGURG {si_signo=SIGURG, si_code=SI_TKILL, si_pid=3265, si_uid=1001} ---
3288  1790834046.132673 <... pwrite64 resumed>) = 108 (DELAYED) <0.025042>
3288  1790834046.132834 pwrite64(53</tmp/TestMixedWorkflowsRecoverFromFourServerFaults874006668/001/node-1/jetstream/$SYS/_js_/C-R3F-SvU2CKnb/msgs/1.blk>, "l\0\0\0\n\0\0\0\0\0\0\0\262\346k\243\23R\332\30\0\0St9I6EVH\1\0"..., 108, 974 <unfinished ...>
3295  1790834046.132878 pwrite64(51</tmp/TestMixedWorkflowsRecoverFromFourServerFaults874006668/001/node-1/jetstream/$SYS/_js_/C-R3F-tOdRrkzy/msgs/1.blk>, "l\0\0\0\r\0\0\0\0\0\0\0\261&l\243\23R\332\30\0\0St9I6EVH\1\0"..., 108, 1240 <unfinished ...>
3271  1790834046.153193 <... pwrite64 resumed>) = 108 (DELAYED) <0.025045>
3271  1790834046.153623 --- SIGURG {si_signo=SIGURG, si_code=SI_TKILL, si_pid=3265, si_uid=1001} ---
3288  1790834046.157900 <... pwrite64 resumed>) = 108 (DELAYED) <0.025036>
3295  1790834046.158057 <... pwrite64 resumed>) = 108 (DELAYED) <0.025162>
3295  1790834046.158143 pwrite64(51</tmp/TestMixedWorkflowsRecoverFromFourServerFaults874006668/001/node-1/jetstream/$SYS/_js_/C-R3F-tOdRrkzy/msgs/1.blk>, "l\0\0\0\16\0\0\0\0\0\0\0\25\374\355\244\23R\332\30\0\0St9I6EVH\1\0"..., 108, 1348 <unfinished ...>
3288  1790834046.158314 --- SIGURG {si_signo=SIGURG, si_code=SI_TKILL, si_pid=3265, si_uid=1001} ---
3295  1790834046.183216 <... pwrite64 resumed>) = 108 (DELAYED) <0.025039>
3295  1790834046.183617 --- SIGURG {si_signo=SIGURG, si_code=SI_TKILL, si_pid=3265, si_uid=1001} ---
3295  1790834046.183995 --- SIGURG {si_signo=SIGURG, si_code=SI_TKILL, si_pid=3265, si_uid=1001} ---
3276  1790834046.224604 --- SIGURG {si_signo=SIGURG, si_code=SI_TKILL, si_pid=3265, si_uid=1001} ---
3276  1790834046.260214 --- SIGURG {si_signo=SIGURG, si_code=SI_TKILL, si_pid=3265, si_uid=1001} ---
3288  1790834046.320486 --- SIGURG {si_signo=SIGURG, si_code=SI_TKILL, si_pid=3265, si_uid=1001} ---
3295  1790834046.834565 pwrite64(47</tmp/TestMixedWorkflowsRecoverFromFourServerFaults874006668/001/node-1/jetstream/$SYS/_js_/C-R3F-HvwsqB9S/msgs/1.blk>, "[\0\0\0\5\0\0\0\0\0\0\0O\365>\315\23R\332\30\0\0St9I6EVH\1\0"..., 91, 433 <unfinished ...>
3288  1790834046.849874 pwrite64(43</tmp/TestMixedWorkflowsRecoverFromFourServerFaults874006668/001/node-1/jetstream/$SYS/_js_/C-R3F-HBMz3Eb7/msgs/1.blk>, "l\0\0\0\f\0\0\0\0\0\0\0\255\0)\316\23R\332\30\0\0St9I6EVH\1\0"..., 108, 1155 <unfinished ...>
3295  1790834046.859653 <... pwrite64 resumed>) = 91 (DELAYED) <0.025005>
3288  1790834046.874954 <... pwrite64 resumed>) = 108 (DELAYED) <0.025044>
3288  1790834046.875223 --- SIGURG {si_signo=SIGURG, si_code=SI_TKILL, si_pid=3265, si_uid=1001} ---
3295  1790834046.876620 pwrite64(43</tmp/TestMixedWorkflowsRecoverFromFourServerFaults874006668/001/node-1/jetstream/$SYS/_js_/C-R3F-HBMz3Eb7/msgs/1.blk>, "l\0\0\0\r\0\0\0\0\0\0\0\311\1\301\317\23R\332\30\0\0St9I6EVH\1\0"..., 108, 1263) = 108 (DELAYED) <0.025078>
3295  1790834046.902165 --- SIGURG {si_signo=SIGURG, si_code=SI_TKILL, si_pid=3265, si_uid=1001} ---
3288  1790834047.104446 pwrite64(49</tmp/TestMixedWorkflowsRecoverFromFourServerFaults874006668/001/node-1/jetstream/$SYS/_js_/C-R3F-JVHEu4zR/msgs/1.blk>, "l\0\0\0\f\0\0\0\0\0\0\0\247AU\335\23R\332\30\0\0St9I6EVH\1\0"..., 108, 1155 <unfinished ...>
3295  1790834047.109091 pwrite64(53</tmp/TestMixedWorkflowsRecoverFromFourServerFaults874006668/001/node-1/jetstream/$SYS/_js_/C-R3F-SvU2CKnb/msgs/1.blk>, "l\0\0\0\v\0\0\0\0\0\0\0\315\30\234\335\23R\332\30\0\0St9I6EVH\1\0"..., 108, 1082 <unfinished ...>
3288  1790834047.129529 <... pwrite64 resumed>) = 108 (DELAYED) <0.025019>
3288  1790834047.129598 --- SIGURG {si_signo=SIGURG, si_code=SI_TKILL, si_pid=3265, si_uid=1001} ---
3271  1790834047.130990 pwrite64(49</tmp/TestMixedWorkflowsRecoverFromFourServerFaults874006668/001/node-1/jetstream/$SYS/_js_/C-R3F-JVHEu4zR/msgs/1.blk>, "l\0\0\0\r\0\0\0\0\0\0\0<\36\352\336\23R\332\30\0\0St9I6EVH\1\0"..., 108, 1263 <unfinished ...>
3295  1790834047.134155 <... pwrite64 resumed>) = 108 (DELAYED) <0.025027>
3276  1790834047.134461 pwrite64(51</tmp/TestMixedWorkflowsRecoverFromFourServerFaults874006668/001/node-1/jetstream/$SYS/_js_/C-R3F-tOdRrkzy/msgs/1.blk>, "l\0\0\0\17\0\0\0\0\0\0\0u\365\36\337\23R\332\30\0\0St9I6EVH\1\0"..., 108, 1456 <unfinished ...>
3288  1790834047.135144 pwrite64(53</tmp/TestMixedWorkflowsRecoverFromFourServerFaults874006668/001/node-1/jetstream/$SYS/_js_/C-R3F-SvU2CKnb/msgs/1.blk>, "l\0\0\0\f\0\0\0\0\0\0\0<\255)\337\23R\332\30\0\0St9I6EVH\1\0"..., 108, 1190 <unfinished ...>
3271  1790834047.156073 <... pwrite64 resumed>) = 108 (DELAYED) <0.025047>
3271  1790834047.156381 --- SIGURG {si_signo=SIGURG, si_code=SI_TKILL, si_pid=3265, si_uid=1001} ---
3276  1790834047.159526 <... pwrite64 resumed>) = 108 (DELAYED) <0.025034>
3288  1790834047.160293 <... pwrite64 resumed>) = 108 (DELAYED) <0.025114>
3285  1790834047.160758 pwrite64(51</tmp/TestMixedWorkflowsRecoverFromFourServerFaults874006668/001/node-1/jetstream/$SYS/_js_/C-R3F-tOdRrkzy/msgs/1.blk>, "l\0\0\0\20\0\0\0\0\0\0\0d@\260\340\23R\332\30\0\0St9I6EVH\1\0"..., 108, 1564) = 108 (DELAYED) <0.025050>
3285  1790834047.186183 --- SIGURG {si_signo=SIGURG, si_code=SI_TKILL, si_pid=3265, si_uid=1001} ---
3271  1790834047.287399 --- SIGURG {si_signo=SIGURG, si_code=SI_TKILL, si_pid=3265, si_uid=1001} ---
3295  1790834047.332560 --- SIGURG {si_signo=SIGURG, si_code=SI_TKILL, si_pid=3265, si_uid=1001} ---
3285  1790834047.397197 --- SIGURG {si_signo=SIGURG, si_code=SI_TKILL, si_pid=3265, si_uid=1001} ---
3271  1790834047.417191 --- SIGURG {si_signo=SIGURG, si_code=SI_TKILL, si_pid=3265, si_uid=1001} ---
3271  1790834047.877728 pwrite64(43</tmp/TestMixedWorkflowsRecoverFromFourServerFaults874006668/001/node-1/jetstream/$SYS/_js_/C-R3F-HBMz3Eb7/msgs/1.blk>, "l\0\0\0\16\0\0\0\0\0\0\0*\233l\v\24R\332\30\0\0St9I6EVH\1\0"..., 108, 1371) = 108 (DELAYED) <0.025030>
3276  1790834047.903198 pwrite64(43</tmp/TestMixedWorkflowsRecoverFromFourServerFaults874006668/001/node-1/jetstream/$SYS/_js_/C-R3F-HBMz3Eb7/msgs/1.blk>, "l\0\0\0\17\0\0\0\0\0\0\0\31\361\360\f\24R\332\30\0\0St9I6EVH\1\0"..., 108, 1479 <unfinished ...>
3271  1790834047.903319 --- SIGURG {si_signo=SIGURG, si_code=SI_TKILL, si_pid=3265, si_uid=1001} ---
3276  1790834047.928332 <... pwrite64 resumed>) = 108 (DELAYED) <0.025061>
3276  1790834047.928747 --- SIGURG {si_signo=SIGURG, si_code=SI_TKILL, si_pid=3265, si_uid=1001} ---
3285  1790834048.059361 newfstatat(AT_FDCWD</home/runner/work/js-wf/js-wf/integration>, "/tmp/TestMixedWorkflowsRecoverFromFourServerFaults874006668/001/node-1/jetstream/$SYS/_js_/C-R3F-7OjMKAQS/tav.idx", {st_mode=S_IFREG|0600, st_size=16, ...}, 0) = 0 <0.000037>
3285  1790834048.061006 newfstatat(AT_FDCWD</home/runner/work/js-wf/js-wf/integration>, "/tmp/TestMixedWorkflowsRecoverFromFourServerFaults874006668/001/node-1/jetstream/$SYS/_js_/C-R3F-7OjMKAQS/tav.idx", {st_mode=S_IFREG|0600, st_size=16, ...}, AT_SYMLINK_NOFOLLOW) = 0 <0.000043>
3285  1790834048.061118 renameat(AT_FDCWD</home/runner/work/js-wf/js-wf/integration>, "/tmp/TestMixedWorkflowsRecoverFromFourServerFaults874006668/001/node-1/jetstream/$SYS/_js_/C-R3F-7OjMKAQS/tav.idx.tmp", AT_FDCWD</home/runner/work/js-wf/js-wf/integration>, "/tmp/TestMixedWorkflowsRecoverFromFourServerFaults874006668/001/node-1/jetstream/$SYS/_js_/C-R3F-7OjMKAQS/tav.idx") = 0 <0.000156>
3285  1790834048.061677 --- SIGURG {si_signo=SIGURG, si_code=SI_TKILL, si_pid=3265, si_uid=1001} ---
3285  1790834048.062208 newfstatat(AT_FDCWD</home/runner/work/js-wf/js-wf/integration>, "/tmp/TestMixedWorkflowsRecoverFromFourServerFaults874006668/001/node-1/jetstream/$SYS/_js_/C-R3F-7OjMKAQS/tav.idx", {st_mode=S_IFREG|0600, st_size=8, ...}, 0) = 0 <0.000036>
3285  1790834048.063184 newfstatat(AT_FDCWD</home/runner/work/js-wf/js-wf/integration>, "/tmp/TestMixedWorkflowsRecoverFromFourServerFaults874006668/001/node-1/jetstream/$SYS/_js_/C-R3F-7OjMKAQS/tav.idx", {st_mode=S_IFREG|0600, st_size=8, ...}, AT_SYMLINK_NOFOLLOW) = 0 <0.000027>
3285  1790834048.063268 renameat(AT_FDCWD</home/runner/work/js-wf/js-wf/integration>, "/tmp/TestMixedWorkflowsRecoverFromFourServerFaults874006668/001/node-1/jetstream/$SYS/_js_/C-R3F-7OjMKAQS/tav.idx.tmp", AT_FDCWD</home/runner/work/js-wf/js-wf/integration>, "/tmp/TestMixedWorkflowsRecoverFromFourServerFaults874006668/001/node-1/jetstream/$SYS/_js_/C-R3F-7OjMKAQS/tav.idx") = 0 <0.000120>
3271  1790834048.132287 pwrite64(49</tmp/TestMixedWorkflowsRecoverFromFourServerFaults874006668/001/node-1/jetstream/$SYS/_js_/C-R3F-JVHEu4zR/msgs/1.blk>, "l\0\0\0\16\0\0\0\0\0\0\0\367\314\230\32\24R\332\30\0\0St9I6EVH\1\0"..., 108, 1371 <unfinished ...>
3276  1790834048.135667 pwrite64(53</tmp/TestMixedWorkflowsRecoverFromFourServerFaults874006668/001/node-1/jetstream/$SYS/_js_/C-R3F-SvU2CKnb/msgs/1.blk>, "l\0\0\0\r\0\0\0\0\0\0\0\202\320\314\32\24R\332\30\0\0St9I6EVH\1\0"..., 108, 1298 <unfinished ...>
3271  1790834048.157387 <... pwrite64 resumed>) = 108 (DELAYED) <0.025032>
3271  1790834048.157678 pwrite64(49</tmp/TestMixedWorkflowsRecoverFromFourServerFaults874006668/001/node-1/jetstream/$SYS/_js_/C-R3F-JVHEu4zR/msgs/1.blk>, "l\0\0\0\17\0\0\0\0\0\0\0005r\34\34\24R\332\30\0\0St9I6EVH\1\0"..., 108, 1479 <unfinished ...>
3276  1790834048.160754 <... pwrite64 resumed>) = 108 (DELAYED) <0.025056>
3276  1790834048.160959 pwrite64(53</tmp/TestMixedWorkflowsRecoverFromFourServerFaults874006668/001/node-1/jetstream/$SYS/_js_/C-R3F-SvU2CKnb/msgs/1.blk>, "l\0\0\0\16\0\0\0\0\0\0\0\303/N\34\24R\332\30\0\0St9I6EVH\1\0"..., 108, 1406 <unfinished ...>
3295  1790834048.161089 pwrite64(51</tmp/TestMixedWorkflowsRecoverFromFourServerFaults874006668/001/node-1/jetstream/$SYS/_js_/C-R3F-tOdRrkzy/msgs/1.blk>, "l\0\0\0\21\0\0\0\0\0\0\0\223uP\34\24R\332\30\0\0St9I6EVH\1\0"..., 108, 1672 <unfinished ...>
3271  1790834048.182776 <... pwrite64 resumed>) = 108 (DELAYED) <0.025064>
3271  1790834048.182848 --- SIGURG {si_signo=SIGURG, si_code=SI_TKILL, si_pid=3265, si_uid=1001} ---
3271  1790834048.183410 --- SIGURG {si_signo=SIGURG, si_code=SI_TKILL, si_pid=3265, si_uid=1001} ---
3276  1790834048.186021 <... pwrite64 resumed>) = 108 (DELAYED) <0.025031>
3295  1790834048.186142 <... pwrite64 resumed>) = 108 (DELAYED) <0.025019>
3295  1790834048.186190 --- SIGURG {si_signo=SIGURG, si_code=SI_TKILL, si_pid=3265, si_uid=1001} ---
3295  1790834048.186408 pwrite64(51</tmp/TestMixedWorkflowsRecoverFromFourServerFaults874006668/001/node-1/jetstream/$SYS/_js_/C-R3F-tOdRrkzy/msgs/1.blk>, "l\0\0\0\22\0\0\0\0\0\0\0\260\310\322\35\24R\332\30\0\0St9I6EVH\1\0"..., 108, 1780) = 108 (DELAYED) <0.025072>
3295  1790834048.211798 --- SIGURG {si_signo=SIGURG, si_code=SI_TKILL, si_pid=3265, si_uid=1001} ---
3286  1790834048.301361 --- SIGURG {si_signo=SIGURG, si_code=SI_TKILL, si_pid=3265, si_uid=1001} ---
3295  1790834048.340443 --- SIGURG {si_signo=SIGURG, si_code=SI_TKILL, si_pid=3265, si_uid=1001} ---
3295  1790834048.433616 --- SIGURG {si_signo=SIGURG, si_code=SI_TKILL, si_pid=3265, si_uid=1001} ---
3295  1790834048.459777 newfstatat(AT_FDCWD</home/runner/work/js-wf/js-wf/integration>, "/tmp/TestMixedWorkflowsRecoverFromFourServerFaults874006668/001/node-1/jetstream/$SYS/_js_/C-R3F-BJrVOQpv/tav.idx", {st_mode=S_IFREG|0600, st_size=16, ...}, 0) = 0 <0.000042>
3295  1790834048.461167 --- SIGURG {si_signo=SIGURG, si_code=SI_TKILL, si_pid=3265, si_uid=1001} ---
3295  1790834048.461292 newfstatat(AT_FDCWD</home/runner/work/js-wf/js-wf/integration>, "/tmp/TestMixedWorkflowsRecoverFromFourServerFaults874006668/001/node-1/jetstream/$SYS/_js_/C-R3F-BJrVOQpv/tav.idx", {st_mode=S_IFREG|0600, st_size=16, ...}, AT_SYMLINK_NOFOLLOW) = 0 <0.000037>
3295  1790834048.461392 renameat(AT_FDCWD</home/runner/work/js-wf/js-wf/integration>, "/tmp/TestMixedWorkflowsRecoverFromFourServerFaults874006668/001/node-1/jetstream/$SYS/_js_/C-R3F-BJrVOQpv/tav.idx.tmp", AT_FDCWD</home/runner/work/js-wf/js-wf/integration>, "/tmp/TestMixedWorkflowsRecoverFromFourServerFaults874006668/001/node-1/jetstream/$SYS/_js_/C-R3F-BJrVOQpv/tav.idx") = 0 <0.000171>
3295  1790834048.462234 newfstatat(AT_FDCWD</home/runner/work/js-wf/js-wf/integration>, "/tmp/TestMixedWorkflowsRecoverFromFourServerFaults874006668/001/node-1/jetstream/$SYS/_js_/C-R3F-BJrVOQpv/tav.idx", {st_mode=S_IFREG|0600, st_size=8, ...}, 0) = 0 <0.000026>
3295  1790834048.463006 newfstatat(AT_FDCWD</home/runner/work/js-wf/js-wf/integration>, "/tmp/TestMixedWorkflowsRecoverFromFourServerFaults874006668/001/node-1/jetstream/$SYS/_js_/C-R3F-BJrVOQpv/tav.idx", {st_mode=S_IFREG|0600, st_size=8, ...}, AT_SYMLINK_NOFOLLOW) = 0 <0.000030>
3295  1790834048.463092 renameat(AT_FDCWD</home/runner/work/js-wf/js-wf/integration>, "/tmp/TestMixedWorkflowsRecoverFromFourServerFaults874006668/001/node-1/jetstream/$SYS/_js_/C-R3F-BJrVOQpv/tav.idx.tmp", AT_FDCWD</home/runner/work/js-wf/js-wf/integration>, "/tmp/TestMixedWorkflowsRecoverFromFourServerFaults874006668/001/node-1/jetstream/$SYS/_js_/C-R3F-BJrVOQpv/tav.idx") = 0 <0.000110>
3271  1790834048.489031 --- SIGURG {si_signo=SIGURG, si_code=SI_TKILL, si_pid=3265, si_uid=1001} ---
3276  1790834048.768987 newfstatat(AT_FDCWD</home/runner/work/js-wf/js-wf/integration>, "/tmp/TestMixedWorkflowsRecoverFromFourServerFaults874006668/001/node-1/jetstream/$SYS/_js_/C-R3F-Qi7jewV8/tav.idx", {st_mode=S_IFREG|0600, st_size=16, ...}, 0) = 0 <0.000032>
3276  1790834048.769712 --- SIGURG {si_signo=SIGURG, si_code=SI_TKILL, si_pid=3265, si_uid=1001} ---
3295  1790834048.770454 newfstatat(AT_FDCWD</home/runner/work/js-wf/js-wf/integration>, "/tmp/TestMixedWorkflowsRecoverFromFourServerFaults874006668/001/node-1/jetstream/$SYS/_js_/C-R3F-Qi7jewV8/tav.idx", {st_mode=S_IFREG|0600, st_size=16, ...}, AT_SYMLINK_NOFOLLOW) = 0 <0.000033>
3295  1790834048.770557 renameat(AT_FDCWD</home/runner/work/js-wf/js-wf/integration>, "/tmp/TestMixedWorkflowsRecoverFromFourServerFaults874006668/001/node-1/jetstream/$SYS/_js_/C-R3F-Qi7jewV8/tav.idx.tmp", AT_FDCWD</home/runner/work/js-wf/js-wf/integration>, "/tmp/TestMixedWorkflowsRecoverFromFourServerFaults874006668/001/node-1/jetstream/$SYS/_js_/C-R3F-Qi7jewV8/tav.idx") = 0 <0.000158>
3295  1790834048.771508 newfstatat(AT_FDCWD</home/runner/work/js-wf/js-wf/integration>, "/tmp/TestMixedWorkflowsRecoverFromFourServerFaults874006668/001/node-1/jetstream/$SYS/_js_/C-R3F-Qi7jewV8/tav.idx", {st_mode=S_IFREG|0600, st_size=8, ...}, 0) = 0 <0.000024>
3295  1790834048.772531 newfstatat(AT_FDCWD</home/runner/work/js-wf/js-wf/integration>, "/tmp/TestMixedWorkflowsRecoverFromFourServerFaults874006668/001/node-1/jetstream/$SYS/_js_/C-R3F-Qi7jewV8/tav.idx", {st_mode=S_IFREG|0600, st_size=8, ...}, AT_SYMLINK_NOFOLLOW) = 0 <0.000036>
3295  1790834048.772634 renameat(AT_FDCWD</home/runner/work/js-wf/js-wf/integration>, "/tmp/TestMixedWorkflowsRecoverFromFourServerFaults874006668/001/node-1/jetstream/$SYS/_js_/C-R3F-Qi7jewV8/tav.idx.tmp", AT_FDCWD</home/runner/work/js-wf/js-wf/integration>, "/tmp/TestMixedWorkflowsRecoverFromFourServerFaults874006668/001/node-1/jetstream/$SYS/_js_/C-R3F-Qi7jewV8/tav.idx") = 0 <0.000151>
3286  1790834048.879566 pwrite64(43</tmp/TestMixedWorkflowsRecoverFromFourServerFaults874006668/001/node-1/jetstream/$SYS/_js_/C-R3F-HBMz3Eb7/msgs/1.blk>, "l\0\0\0\20\0\0\0\0\0\0\0\305\7#G\24R\332\30\0\0St9I6EVH\1\0"..., 108, 1587) = 108 (DELAYED) <0.025036>
3286  1790834048.904978 --- SIGURG {si_signo=SIGURG, si_code=SI_TKILL, si_pid=3265, si_uid=1001} ---
3286  1790834048.905167 pwrite64(43</tmp/TestMixedWorkflowsRecoverFromFourServerFaults874006668/001/node-1/jetstream/$SYS/_js_/C-R3F-HBMz3Eb7/msgs/1.blk>, "l\0\0\0\21\0\0\0\0\0\0\0\315\1\252H\24R\332\30\0\0St9I6EVH\1\0"..., 108, 1695) = 108 (DELAYED) <0.025087>
3286  1790834048.930788 --- SIGURG {si_signo=SIGURG, si_code=SI_TKILL, si_pid=3265, si_uid=1001} ---
3286  1790834048.931087 --- SIGURG {si_signo=SIGURG, si_code=SI_TKILL, si_pid=3265, si_uid=1001} ---
3276  1790834049.133568 pwrite64(49</tmp/TestMixedWorkflowsRecoverFromFourServerFaults874006668/001/node-1/jetstream/$SYS/_js_/C-R3F-JVHEu4zR/msgs/1.blk>, "l\0\0\0\20\0\0\0\0\0\0\0|\255FV\24R\332\30\0\0St9I6EVH\1\0"..., 108, 1587 <unfinished ...>
3286  1790834049.137046 pwrite64(53</tmp/TestMixedWorkflowsRecoverFromFourServerFaults874006668/001/node-1/jetstream/$SYS/_js_/C-R3F-SvU2CKnb/msgs/1.blk>, "l\0\0\0\17\0\0\0\0\0\0\0\23K|V\24R\332\30\0\0St9I6EVH\1\0"..., 108, 1514 <unfinished ...>
3276  1790834049.158669 <... pwrite64 resumed>) = 108 (DELAYED) <0.025039>
3276  1790834049.159045 --- SIGURG {si_signo=SIGURG, si_code=SI_TKILL, si_pid=3265, si_uid=1001} ---
3276  1790834049.159235 pwrite64(49</tmp/TestMixedWorkflowsRecoverFromFourServerFaults874006668/001/node-1/jetstream/$SYS/_js_/C-R3F-JVHEu4zR/msgs/1.blk>, "l\0\0\0\21\0\0\0\0\0\0\0\260\216\316W\24R\332\30\0\0St9I6EVH\1\0"..., 108, 1695 <unfinished ...>
3295  1790834049.161965 pwrite64(51</tmp/TestMixedWorkflowsRecoverFromFourServerFaults874006668/001/node-1/jetstream/$SYS/_js_/C-R3F-tOdRrkzy/msgs/1.blk>, "l\0\0\0\23\0\0\0\0\0\0\0\365\307\370W\24R\332\30\0\0St9I6EVH\1\0"..., 108, 1888 <unfinished ...>
3286  1790834049.162111 <... pwrite64 resumed>) = 108 (DELAYED) <0.025037>
3286  1790834049.162180 pwrite64(53</tmp/TestMixedWorkflowsRecoverFromFourServerFaults874006668/001/node-1/jetstream/$SYS/_js_/C-R3F-SvU2CKnb/msgs/1.blk>, "l\0\0\0\20\0\0\0\0\0\0\0\347)\374W\24R\332\30\0\0St9I6EVH\1\0"..., 108, 1622 <unfinished ...>
3276  1790834049.184338 <... pwrite64 resumed>) = 108 (DELAYED) <0.025065>
3276  1790834049.184658 --- SIGURG {si_signo=SIGURG, si_code=SI_TKILL, si_pid=3265, si_uid=1001} ---
3295  1790834049.187022 <... pwrite64 resumed>) = 108 (DELAYED) <0.025026>
3295  1790834049.187233 pwrite64(51</tmp/TestMixedWorkflowsRecoverFromFourServerFaults874006668/001/node-1/jetstream/$SYS/_js_/C-R3F-tOdRrkzy/msgs/1.blk>, "l\0\0\0\24\0\0\0\0\0\0\0@+zY\24R\332\30\0\0St9I6EVH\1\0"..., 108, 1996 <unfinished ...>
3286  1790834049.187265 <... pwrite64 resumed>) = 108 (DELAYED) <0.025055>
3295  1790834049.212337 <... pwrite64 resumed>) = 108 (DELAYED) <0.025072>
3295  1790834049.212820 --- SIGURG {si_signo=SIGURG, si_code=SI_TKILL, si_pid=3265, si_uid=1001} ---
3288  1790834049.221209 newfstatat(AT_FDCWD</home/runner/work/js-wf/js-wf/integration>, "/tmp/TestMixedWorkflowsRecoverFromFourServerFaults874006668/001/node-1/jetstream/$SYS/_js_/C-R3F-U2k39UyT/tav.idx", {st_mode=S_IFREG|0600, st_size=16, ...}, 0) = 0 <0.000063>
3288  1790834049.222432 newfstatat(AT_FDCWD</home/runner/work/js-wf/js-wf/integration>, "/tmp/TestMixedWorkflowsRecoverFromFourServerFaults874006668/001/node-1/jetstream/$SYS/_js_/C-R3F-U2k39UyT/tav.idx", {st_mode=S_IFREG|0600, st_size=16, ...}, AT_SYMLINK_NOFOLLOW) = 0 <0.000038>
3288  1790834049.222543 renameat(AT_FDCWD</home/runner/work/js-wf/js-wf/integration>, "/tmp/TestMixedWorkflowsRecoverFromFourServerFaults874006668/001/node-1/jetstream/$SYS/_js_/C-R3F-U2k39UyT/tav.idx.tmp", AT_FDCWD</home/runner/work/js-wf/js-wf/integration>, "/tmp/TestMixedWorkflowsRecoverFromFourServerFaults874006668/001/node-1/jetstream/$SYS/_js_/C-R3F-U2k39UyT/tav.idx") = 0 <0.000147>
3288  1790834049.223394 newfstatat(AT_FDCWD</home/runner/work/js-wf/js-wf/integration>, "/tmp/TestMixedWorkflowsRecoverFromFourServerFaults874006668/001/node-1/jetstream/$SYS/_js_/C-R3F-U2k39UyT/tav.idx", {st_mode=S_IFREG|0600, st_size=8, ...}, 0) = 0 <0.000032>
3288  1790834049.224291 newfstatat(AT_FDCWD</home/runner/work/js-wf/js-wf/integration>, "/tmp/TestMixedWorkflowsRecoverFromFourServerFaults874006668/001/node-1/jetstream/$SYS/_js_/C-R3F-U2k39UyT/tav.idx", {st_mode=S_IFREG|0600, st_size=8, ...}, AT_SYMLINK_NOFOLLOW) = 0 <0.000036>
3288  1790834049.224390 renameat(AT_FDCWD</home/runner/work/js-wf/js-wf/integration>, "/tmp/TestMixedWorkflowsRecoverFromFourServerFaults874006668/001/node-1/jetstream/$SYS/_js_/C-R3F-U2k39UyT/tav.idx.tmp", AT_FDCWD</home/runner/work/js-wf/js-wf/integration>, "/tmp/TestMixedWorkflowsRecoverFromFourServerFaults874006668/001/node-1/jetstream/$SYS/_js_/C-R3F-U2k39UyT/tav.idx") = 0 <0.000155>
3295  1790834049.368031 newfstatat(AT_FDCWD</home/runner/work/js-wf/js-wf/integration>, "/tmp/TestMixedWorkflowsRecoverFromFourServerFaults874006668/001/node-1/jetstream/$SYS/_js_/S-R3F-Tm3bocmd/tav.idx", {st_mode=S_IFREG|0600, st_size=16, ...}, 0) = 0 <0.000046>
3295  1790834049.369336 newfstatat(AT_FDCWD</home/runner/work/js-wf/js-wf/integration>, "/tmp/TestMixedWorkflowsRecoverFromFourServerFaults874006668/001/node-1/jetstream/$SYS/_js_/S-R3F-Tm3bocmd/tav.idx", {st_mode=S_IFREG|0600, st_size=16, ...}, AT_SYMLINK_NOFOLLOW) = 0 <0.000035>
3295  1790834049.369449 renameat(AT_FDCWD</home/runner/work/js-wf/js-wf/integration>, "/tmp/TestMixedWorkflowsRecoverFromFourServerFaults874006668/001/node-1/jetstream/$SYS/_js_/S-R3F-Tm3bocmd/tav.idx.tmp", AT_FDCWD</home/runner/work/js-wf/js-wf/integration>, "/tmp/TestMixedWorkflowsRecoverFromFourServerFaults874006668/001/node-1/jetstream/$SYS/_js_/S-R3F-Tm3bocmd/tav.idx") = 0 <0.000182>
3295  1790834049.370023 --- SIGURG {si_signo=SIGURG, si_code=SI_TKILL, si_pid=3265, si_uid=1001} ---
3295  1790834049.370427 newfstatat(AT_FDCWD</home/runner/work/js-wf/js-wf/integration>, "/tmp/TestMixedWorkflowsRecoverFromFourServerFaults874006668/001/node-1/jetstream/$SYS/_js_/S-R3F-Tm3bocmd/tav.idx", {st_mode=S_IFREG|0600, st_size=8, ...}, 0) = 0 <0.000020>
3295  1790834049.371333 newfstatat(AT_FDCWD</home/runner/work/js-wf/js-wf/integration>, "/tmp/TestMixedWorkflowsRecoverFromFourServerFaults874006668/001/node-1/jetstream/$SYS/_js_/S-R3F-Tm3bocmd/tav.idx", {st_mode=S_IFREG|0600, st_size=8, ...}, AT_SYMLINK_NOFOLLOW) = 0 <0.000030>
3295  1790834049.371437 renameat(AT_FDCWD</home/runner/work/js-wf/js-wf/integration>, "/tmp/TestMixedWorkflowsRecoverFromFourServerFaults874006668/001/node-1/jetstream/$SYS/_js_/S-R3F-Tm3bocmd/tav.idx.tmp", AT_FDCWD</home/runner/work/js-wf/js-wf/integration>, "/tmp/TestMixedWorkflowsRecoverFromFourServerFaults874006668/001/node-1/jetstream/$SYS/_js_/S-R3F-Tm3bocmd/tav.idx") = 0 <0.000131>
3288  1790834049.373789 newfstatat(AT_FDCWD</home/runner/work/js-wf/js-wf/integration>, "/tmp/TestMixedWorkflowsRecoverFromFourServerFaults874006668/001/node-1/jetstream/$SYS/_js_/S-R3F-0xwj12bZ/tav.idx", {st_mode=S_IFREG|0600, st_size=16, ...}, 0) = 0 <0.000026>
3288  1790834049.374807 newfstatat(AT_FDCWD</home/runner/work/js-wf/js-wf/integration>, "/tmp/TestMixedWorkflowsRecoverFromFourServerFaults874006668/001/node-1/jetstream/$SYS/_js_/S-R3F-0xwj12bZ/tav.idx", {st_mode=S_IFREG|0600, st_size=16, ...}, AT_SYMLINK_NOFOLLOW) = 0 <0.000035>
3288  1790834049.374919 renameat(AT_FDCWD</home/runner/work/js-wf/js-wf/integration>, "/tmp/TestMixedWorkflowsRecoverFromFourServerFaults874006668/001/node-1/jetstream/$SYS/_js_/S-R3F-0xwj12bZ/tav.idx.tmp", AT_FDCWD</home/runner/work/js-wf/js-wf/integration>, "/tmp/TestMixedWorkflowsRecoverFromFourServerFaults874006668/001/node-1/jetstream/$SYS/_js_/S-R3F-0xwj12bZ/tav.idx") = 0 <0.000175>
3286  1790834049.375275 --- SIGURG {si_signo=SIGURG, si_code=SI_TKILL, si_pid=3265, si_uid=1001} ---
3288  1790834049.375863 newfstatat(AT_FDCWD</home/runner/work/js-wf/js-wf/integration>, "/tmp/TestMixedWorkflowsRecoverFromFourServerFaults874006668/001/node-1/jetstream/$SYS/_js_/S-R3F-0xwj12bZ/tav.idx", {st_mode=S_IFREG|0600, st_size=8, ...}, 0) = 0 <0.000030>
3288  1790834049.376854 newfstatat(AT_FDCWD</home/runner/work/js-wf/js-wf/integration>, "/tmp/TestMixedWorkflowsRecoverFromFourServerFaults874006668/001/node-1/jetstream/$SYS/_js_/S-R3F-0xwj12bZ/tav.idx", {st_mode=S_IFREG|0600, st_size=8, ...}, AT_SYMLINK_NOFOLLOW) = 0 <0.000026>
3288  1790834049.376940 renameat(AT_FDCWD</home/runner/work/js-wf/js-wf/integration>, "/tmp/TestMixedWorkflowsRecoverFromFourServerFaults874006668/001/node-1/jetstream/$SYS/_js_/S-R3F-0xwj12bZ/tav.idx.tmp", AT_FDCWD</home/runner/work/js-wf/js-wf/integration>, "/tmp/TestMixedWorkflowsRecoverFromFourServerFaults874006668/001/node-1/jetstream/$SYS/_js_/S-R3F-0xwj12bZ/tav.idx") = 0 <0.000133>
3295  1790834049.409075 --- SIGURG {si_signo=SIGURG, si_code=SI_TKILL, si_pid=3265, si_uid=1001} ---
3276  1790834049.411471 newfstatat(AT_FDCWD</home/runner/work/js-wf/js-wf/integration>, "/tmp/TestMixedWorkflowsRecoverFromFourServerFaults874006668/001/node-1/jetstream/$SYS/_js_/_meta_/tav.idx", {st_mode=S_IFREG|0600, st_size=16, ...}, 0) = 0 <0.000048>
3276  1790834049.412506 newfstatat(AT_FDCWD</home/runner/work/js-wf/js-wf/integration>, "/tmp/TestMixedWorkflowsRecoverFromFourServerFaults874006668/001/node-1/jetstream/$SYS/_js_/_meta_/tav.idx", {st_mode=S_IFREG|0600, st_size=16, ...}, AT_SYMLINK_NOFOLLOW) = 0 <0.000030>
3276  1790834049.412596 renameat(AT_FDCWD</home/runner/work/js-wf/js-wf/integration>, "/tmp/TestMixedWorkflowsRecoverFromFourServerFaults874006668/001/node-1/jetstream/$SYS/_js_/_meta_/tav.idx.tmp", AT_FDCWD</home/runner/work/js-wf/js-wf/integration>, "/tmp/TestMixedWorkflowsRecoverFromFourServerFaults874006668/001/node-1/jetstream/$SYS/_js_/_meta_/tav.idx") = 0 <0.000162>
3276  1790834049.413409 newfstatat(AT_FDCWD</home/runner/work/js-wf/js-wf/integration>, "/tmp/TestMixedWorkflowsRecoverFromFourServerFaults874006668/001/node-1/jetstream/$SYS/_js_/_meta_/tav.idx", {st_mode=S_IFREG|0600, st_size=8, ...}, 0) = 0 <0.000032>
3276  1790834049.414201 newfstatat(AT_FDCWD</home/runner/work/js-wf/js-wf/integration>, "/tmp/TestMixedWorkflowsRecoverFromFourServerFaults874006668/001/node-1/jetstream/$SYS/_js_/_meta_/tav.idx", {st_mode=S_IFREG|0600, st_size=8, ...}, AT_SYMLINK_NOFOLLOW) = 0 <0.000028>
3276  1790834049.414285 renameat(AT_FDCWD</home/runner/work/js-wf/js-wf/integration>, "/tmp/TestMixedWorkflowsRecoverFromFourServerFaults874006668/001/node-1/jetstream/$SYS/_js_/_meta_/tav.idx.tmp", AT_FDCWD</home/runner/work/js-wf/js-wf/integration>, "/tmp/TestMixedWorkflowsRecoverFromFourServerFaults874006668/001/node-1/jetstream/$SYS/_js_/_meta_/tav.idx") = 0 <0.000177>
3286  1790834049.484879 --- SIGURG {si_signo=SIGURG, si_code=SI_TKILL, si_pid=3265, si_uid=1001} ---
3276  1790834049.514626 newfstatat(AT_FDCWD</home/runner/work/js-wf/js-wf/integration>, "/tmp/TestMixedWorkflowsRecoverFromFourServerFaults874006668/001/node-1/jetstream/$SYS/_js_/S-R3F-ZjgojUHp/tav.idx", {st_mode=S_IFREG|0600, st_size=16, ...}, 0) = 0 <0.000050>
3276  1790834049.516023 --- SIGURG {si_signo=SIGURG, si_code=SI_TKILL, si_pid=3265, si_uid=1001} ---
3276  1790834049.516138 newfstatat(AT_FDCWD</home/runner/work/js-wf/js-wf/integration>, "/tmp/TestMixedWorkflowsRecoverFromFourServerFaults874006668/001/node-1/jetstream/$SYS/_js_/S-R3F-ZjgojUHp/tav.idx", {st_mode=S_IFREG|0600, st_size=16, ...}, AT_SYMLINK_NOFOLLOW) = 0 <0.000031>
3276  1790834049.516235 renameat(AT_FDCWD</home/runner/work/js-wf/js-wf/integration>, "/tmp/TestMixedWorkflowsRecoverFromFourServerFaults874006668/001/node-1/jetstream/$SYS/_js_/S-R3F-ZjgojUHp/tav.idx.tmp", AT_FDCWD</home/runner/work/js-wf/js-wf/integration>, "/tmp/TestMixedWorkflowsRecoverFromFourServerFaults874006668/001/node-1/jetstream/$SYS/_js_/S-R3F-ZjgojUHp/tav.idx") = 0 <0.000180>
3276  1790834049.517121 newfstatat(AT_FDCWD</home/runner/work/js-wf/js-wf/integration>, "/tmp/TestMixedWorkflowsRecoverFromFourServerFaults874006668/001/node-1/jetstream/$SYS/_js_/S-R3F-ZjgojUHp/tav.idx", {st_mode=S_IFREG|0600, st_size=8, ...}, 0) = 0 <0.000030>
3276  1790834049.518022 newfstatat(AT_FDCWD</home/runner/work/js-wf/js-wf/integration>, "/tmp/TestMixedWorkflowsRecoverFromFourServerFaults874006668/001/node-1/jetstream/$SYS/_js_/S-R3F-ZjgojUHp/tav.idx", {st_mode=S_IFREG|0600, st_size=8, ...}, AT_SYMLINK_NOFOLLOW) = 0 <0.000032>
3276  1790834049.518118 renameat(AT_FDCWD</home/runner/work/js-wf/js-wf/integration>, "/tmp/TestMixedWorkflowsRecoverFromFourServerFaults874006668/001/node-1/jetstream/$SYS/_js_/S-R3F-ZjgojUHp/tav.idx.tmp", AT_FDCWD</home/runner/work/js-wf/js-wf/integration>, "/tmp/TestMixedWorkflowsRecoverFromFourServerFaults874006668/001/node-1/jetstream/$SYS/_js_/S-R3F-ZjgojUHp/tav.idx") = 0 <0.000126>
3288  1790834049.538431 --- SIGURG {si_signo=SIGURG, si_code=SI_TKILL, si_pid=3265, si_uid=1001} ---
3271  1790834049.765905 newfstatat(AT_FDCWD</home/runner/work/js-wf/js-wf/integration>, "/tmp/TestMixedWorkflowsRecoverFromFourServerFaults874006668/001/node-1/jetstream/$SYS/_js_/C-R3F-JHDR9qaz/tav.idx", {st_mode=S_IFREG|0600, st_size=16, ...}, 0) = 0 <0.000036>
3271  1790834049.766554 --- SIGURG {si_signo=SIGURG, si_code=SI_TKILL, si_pid=3265, si_uid=1001} ---
3286  1790834049.767363 newfstatat(AT_FDCWD</home/runner/work/js-wf/js-wf/integration>, "/tmp/TestMixedWorkflowsRecoverFromFourServerFaults874006668/001/node-1/jetstream/$SYS/_js_/C-R3F-JHDR9qaz/tav.idx", {st_mode=S_IFREG|0600, st_size=16, ...}, AT_SYMLINK_NOFOLLOW) = 0 <0.000044>
3286  1790834049.767477 renameat(AT_FDCWD</home/runner/work/js-wf/js-wf/integration>, "/tmp/TestMixedWorkflowsRecoverFromFourServerFaults874006668/001/node-1/jetstream/$SYS/_js_/C-R3F-JHDR9qaz/tav.idx.tmp", AT_FDCWD</home/runner/work/js-wf/js-wf/integration>, "/tmp/TestMixedWorkflowsRecoverFromFourServerFaults874006668/001/node-1/jetstream/$SYS/_js_/C-R3F-JHDR9qaz/tav.idx") = 0 <0.000194>
3286  1790834049.768417 newfstatat(AT_FDCWD</home/runner/work/js-wf/js-wf/integration>, "/tmp/TestMixedWorkflowsRecoverFromFourServerFaults874006668/001/node-1/jetstream/$SYS/_js_/C-R3F-JHDR9qaz/tav.idx", {st_mode=S_IFREG|0600, st_size=8, ...}, 0) = 0 <0.000042>
3286  1790834049.769470 newfstatat(AT_FDCWD</home/runner/work/js-wf/js-wf/integration>, "/tmp/TestMixedWorkflowsRecoverFromFourServerFaults874006668/001/node-1/jetstream/$SYS/_js_/C-R3F-JHDR9qaz/tav.idx", {st_mode=S_IFREG|0600, st_size=8, ...}, AT_SYMLINK_NOFOLLOW) = 0 <0.000033>
3286  1790834049.769585 renameat(AT_FDCWD</home/runner/work/js-wf/js-wf/integration>, "/tmp/TestMixedWorkflowsRecoverFromFourServerFaults874006668/001/node-1/jetstream/$SYS/_js_/C-R3F-JHDR9qaz/tav.idx.tmp", AT_FDCWD</home/runner/work/js-wf/js-wf/integration>, "/tmp/TestMixedWorkflowsRecoverFromFourServerFaults874006668/001/node-1/jetstream/$SYS/_js_/C-R3F-JHDR9qaz/tav.idx") = 0 <0.000150>
3276  1790834049.833537 newfstatat(AT_FDCWD</home/runner/work/js-wf/js-wf/integration>, "/tmp/TestMixedWorkflowsRecoverFromFourServerFaults874006668/001/node-1/jetstream/$SYS/_js_/C-R3F-mMm2NIUQ/tav.idx", {st_mode=S_IFREG|0600, st_size=16, ...}, 0) = 0 <0.000055>
3276  1790834049.834813 newfstatat(AT_FDCWD</home/runner/work/js-wf/js-wf/integration>, "/tmp/TestMixedWorkflowsRecoverFromFourServerFaults874006668/001/node-1/jetstream/$SYS/_js_/C-R3F-mMm2NIUQ/tav.idx", {st_mode=S_IFREG|0600, st_size=16, ...}, AT_SYMLINK_NOFOLLOW) = 0 <0.000041>
3276  1790834049.834924 renameat(AT_FDCWD</home/runner/work/js-wf/js-wf/integration>, "/tmp/TestMixedWorkflowsRecoverFromFourServerFaults874006668/001/node-1/jetstream/$SYS/_js_/C-R3F-mMm2NIUQ/tav.idx.tmp", AT_FDCWD</home/runner/work/js-wf/js-wf/integration>, "/tmp/TestMixedWorkflowsRecoverFromFourServerFaults874006668/001/node-1/jetstream/$SYS/_js_/C-R3F-mMm2NIUQ/tav.idx") = 0 <0.000193>
3276  1790834049.835877 newfstatat(AT_FDCWD</home/runner/work/js-wf/js-wf/integration>, "/tmp/TestMixedWorkflowsRecoverFromFourServerFaults874006668/001/node-1/jetstream/$SYS/_js_/C-R3F-mMm2NIUQ/tav.idx", {st_mode=S_IFREG|0600, st_size=8, ...}, 0) = 0 <0.000028>
3276  1790834049.836801 newfstatat(AT_FDCWD</home/runner/work/js-wf/js-wf/integration>, "/tmp/TestMixedWorkflowsRecoverFromFourServerFaults874006668/001/node-1/jetstream/$SYS/_js_/C-R3F-mMm2NIUQ/tav.idx", {st_mode=S_IFREG|0600, st_size=8, ...}, AT_SYMLINK_NOFOLLOW) = 0 <0.000033>
3276  1790834049.836903 renameat(AT_FDCWD</home/runner/work/js-wf/js-wf/integration>, "/tmp/TestMixedWorkflowsRecoverFromFourServerFaults874006668/001/node-1/jetstream/$SYS/_js_/C-R3F-mMm2NIUQ/tav.idx.tmp", AT_FDCWD</home/runner/work/js-wf/js-wf/integration>, "/tmp/TestMixedWorkflowsRecoverFromFourServerFaults874006668/001/node-1/jetstream/$SYS/_js_/C-R3F-mMm2NIUQ/tav.idx") = 0 <0.000154>
3271  1790834049.881238 pwrite64(43</tmp/TestMixedWorkflowsRecoverFromFourServerFaults874006668/001/node-1/jetstream/$SYS/_js_/C-R3F-HBMz3Eb7/msgs/1.blk>, "l\0\0\0\22\0\0\0\0\0\0\0\316\324\327\202\24R\332\30\0\0St9I6EVH\1\0"..., 108, 1803) = 108 (DELAYED) <0.025104>
3276  1790834049.907662 pwrite64(43</tmp/TestMixedWorkflowsRecoverFromFourServerFaults874006668/001/node-1/jetstream/$SYS/_js_/C-R3F-HBMz3Eb7/msgs/1.blk>, "l\0\0\0\23\0\0\0\0\0\0\0?\356j\204\24R\332\30\0\0St9I6EVH\1\0"..., 108, 1911) = 108 (DELAYED) <0.025039>
3276  1790834049.933124 --- SIGURG {si_signo=SIGURG, si_code=SI_TKILL, si_pid=3265, si_uid=1001} ---
3286  1790834049.971883 --- SIGURG {si_signo=SIGURG, si_code=SI_TKILL, si_pid=3265, si_uid=1001} ---
3295  1790834050.126536 newfstatat(AT_FDCWD</home/runner/work/js-wf/js-wf/integration>, "/tmp/TestMixedWorkflowsRecoverFromFourServerFaults874006668/001/node-1/jetstream/$SYS/_js_/S-R3F-V0pvYgBW/tav.idx", {st_mode=S_IFREG|0600, st_size=16, ...}, 0) = 0 <0.000038>
3295  1790834050.127674 newfstatat(AT_FDCWD</home/runner/work/js-wf/js-wf/integration>, "/tmp/TestMixedWorkflowsRecoverFromFourServerFaults874006668/001/node-1/jetstream/$SYS/_js_/S-R3F-V0pvYgBW/tav.idx", {st_mode=S_IFREG|0600, st_size=16, ...}, AT_SYMLINK_NOFOLLOW) = 0 <0.000043>
3295  1790834050.127791 renameat(AT_FDCWD</home/runner/work/js-wf/js-wf/integration>, "/tmp/TestMixedWorkflowsRecoverFromFourServerFaults874006668/001/node-1/jetstream/$SYS/_js_/S-R3F-V0pvYgBW/tav.idx.tmp", AT_FDCWD</home/runner/work/js-wf/js-wf/integration>, "/tmp/TestMixedWorkflowsRecoverFromFourServerFaults874006668/001/node-1/jetstream/$SYS/_js_/S-R3F-V0pvYgBW/tav.idx") = 0 <0.000156>
3295  1790834050.128700 newfstatat(AT_FDCWD</home/runner/work/js-wf/js-wf/integration>, "/tmp/TestMixedWorkflowsRecoverFromFourServerFaults874006668/001/node-1/jetstream/$SYS/_js_/S-R3F-V0pvYgBW/tav.idx", {st_mode=S_IFREG|0600, st_size=8, ...}, 0) = 0 <0.000036>
3295  1790834050.129712 newfstatat(AT_FDCWD</home/runner/work/js-wf/js-wf/integration>, "/tmp/TestMixedWorkflowsRecoverFromFourServerFaults874006668/001/node-1/jetstream/$SYS/_js_/S-R3F-V0pvYgBW/tav.idx", {st_mode=S_IFREG|0600, st_size=8, ...}, AT_SYMLINK_NOFOLLOW) = 0 <0.000033>
3295  1790834050.129810 renameat(AT_FDCWD</home/runner/work/js-wf/js-wf/integration>, "/tmp/TestMixedWorkflowsRecoverFromFourServerFaults874006668/001/node-1/jetstream/$SYS/_js_/S-R3F-V0pvYgBW/tav.idx.tmp", AT_FDCWD</home/runner/work/js-wf/js-wf/integration>, "/tmp/TestMixedWorkflowsRecoverFromFourServerFaults874006668/001/node-1/jetstream/$SYS/_js_/S-R3F-V0pvYgBW/tav.idx") = 0 <0.000125>
3271  1790834050.135121 pwrite64(49</tmp/TestMixedWorkflowsRecoverFromFourServerFaults874006668/001/node-1/jetstream/$SYS/_js_/C-R3F-JVHEu4zR/msgs/1.blk>, "l\0\0\0\22\0\0\0\0\0\0\0006\346\371\221\24R\332\30\0\0St9I6EVH\1\0"..., 108, 1803 <unfinished ...>
3295  1790834050.138264 pwrite64(53</tmp/TestMixedWorkflowsRecoverFromFourServerFaults874006668/001/node-1/jetstream/$SYS/_js_/C-R3F-SvU2CKnb/msgs/1.blk>, "l\0\0\0\21\0\0\0\0\0\0\0)\324)\222\24R\332\30\0\0St9I6EVH\1\0"..., 108, 1730 <unfinished ...>
3271  1790834050.160211 <... pwrite64 resumed>) = 108 (DELAYED) <0.025052>
3271  1790834050.160274 --- SIGURG {si_signo=SIGURG, si_code=SI_TKILL, si_pid=3265, si_uid=1001} ---
3271  1790834050.160632 --- SIGURG {si_signo=SIGURG, si_code=SI_TKILL, si_pid=3265, si_uid=1001} ---
3286  1790834050.161752 pwrite64(49</tmp/TestMixedWorkflowsRecoverFromFourServerFaults874006668/001/node-1/jetstream/$SYS/_js_/C-R3F-JVHEu4zR/msgs/1.blk>, "l\0\0\0\23\0\0\0\0\0\0\0!\341\217\223\24R\332\30\0\0St9I6EVH\1\0"..., 108, 1911 <unfinished ...>
3276  1790834050.163283 pwrite64(51</tmp/TestMixedWorkflowsRecoverFromFourServerFaults874006668/001/node-1/jetstream/$SYS/_js_/C-R3F-tOdRrkzy/msgs/1.blk>, "l\0\0\0\25\0\0\0\0\0\0\0\16o\247\223\24R\332\30\0\0St9I6EVH\1\0"..., 108, 2104 <unfinished ...>
3295  1790834050.188386 <... pwrite64 resumed>) = 108 (DELAYED) <0.050091>
3286  1790834050.188423 <... pwrite64 resumed>) = 108 (DELAYED) <0.026635>
3276  1790834050.188445 <... pwrite64 resumed>) = 108 (DELAYED) <0.025125>
3286  1790834050.188871 --- SIGURG {si_signo=SIGURG, si_code=SI_TKILL, si_pid=3265, si_uid=1001} ---
3285  1790834050.189611 pwrite64(51</tmp/TestMixedWorkflowsRecoverFromFourServerFaults874006668/001/node-1/jetstream/$SYS/_js_/C-R3F-tOdRrkzy/msgs/1.blk>, "l\0\0\0\26\0\0\0\0\0\0\0\342\3048\225\24R\332\30\0\0St9I6EVH\1\0"..., 108, 2212 <unfinished ...>
3286  1790834050.189675 pwrite64(53</tmp/TestMixedWorkflowsRecoverFromFourServerFaults874006668/001/node-1/jetstream/$SYS/_js_/C-R3F-SvU2CKnb/msgs/1.blk>, "l\0\0\0\22\0\0\0\0\0\0\0\362\5:\225\24R\332\30\0\0St9I6EVH\1\0"..., 108, 1838 <unfinished ...>
3285  1790834050.214686 <... pwrite64 resumed>) = 108 (DELAYED) <0.025029>
3286  1790834050.214801 <... pwrite64 resumed>) = 108 (DELAYED) <0.025100>
3285  1790834050.215138 --- SIGURG {si_signo=SIGURG, si_code=SI_TKILL, si_pid=3265, si_uid=1001} ---
3285  1790834050.215438 --- SIGURG {si_signo=SIGURG, si_code=SI_TKILL, si_pid=3265, si_uid=1001} ---
3288  1790834050.407136 --- SIGURG {si_signo=SIGURG, si_code=SI_TKILL, si_pid=3265, si_uid=1001} ---
3285  1790834050.422872 --- SIGURG {si_signo=SIGURG, si_code=SI_TKILL, si_pid=3265, si_uid=1001} ---
3286  1790834050.439095 --- SIGURG {si_signo=SIGURG, si_code=SI_TKILL, si_pid=3265, si_uid=1001} ---
3286  1790834050.543362 --- SIGURG {si_signo=SIGURG, si_code=SI_TKILL, si_pid=3265, si_uid=1001} ---
3286  1790834050.575661 newfstatat(AT_FDCWD</home/runner/work/js-wf/js-wf/integration>, "/tmp/TestMixedWorkflowsRecoverFromFourServerFaults874006668/001/node-1/jetstream/$SYS/_js_/C-R3F-MUBUTFU3/tav.idx", {st_mode=S_IFREG|0600, st_size=16, ...}, 0) = 0 <0.000034>
3286  1790834050.576123 --- SIGURG {si_signo=SIGURG, si_code=SI_TKILL, si_pid=3265, si_uid=1001} ---
3276  1790834050.576923 newfstatat(AT_FDCWD</home/runner/work/js-wf/js-wf/integration>, "/tmp/TestMixedWorkflowsRecoverFromFourServerFaults874006668/001/node-1/jetstream/$SYS/_js_/C-R3F-MUBUTFU3/tav.idx", {st_mode=S_IFREG|0600, st_size=16, ...}, AT_SYMLINK_NOFOLLOW) = 0 <0.000030>
3276  1790834050.577023 renameat(AT_FDCWD</home/runner/work/js-wf/js-wf/integration>, "/tmp/TestMixedWorkflowsRecoverFromFourServerFaults874006668/001/node-1/jetstream/$SYS/_js_/C-R3F-MUBUTFU3/tav.idx.tmp", AT_FDCWD</home/runner/work/js-wf/js-wf/integration>, "/tmp/TestMixedWorkflowsRecoverFromFourServerFaults874006668/001/node-1/jetstream/$SYS/_js_/C-R3F-MUBUTFU3/tav.idx") = 0 <0.000160>
3276  1790834050.577895 newfstatat(AT_FDCWD</home/runner/work/js-wf/js-wf/integration>, "/tmp/TestMixedWorkflowsRecoverFromFourServerFaults874006668/001/node-1/jetstream/$SYS/_js_/C-R3F-MUBUTFU3/tav.idx", {st_mode=S_IFREG|0600, st_size=8, ...}, 0) = 0 <0.000034>
3276  1790834050.578883 newfstatat(AT_FDCWD</home/runner/work/js-wf/js-wf/integration>, "/tmp/TestMixedWorkflowsRecoverFromFourServerFaults874006668/001/node-1/jetstream/$SYS/_js_/C-R3F-MUBUTFU3/tav.idx", {st_mode=S_IFREG|0600, st_size=8, ...}, AT_SYMLINK_NOFOLLOW) = 0 <0.000042>
3276  1790834050.578990 renameat(AT_FDCWD</home/runner/work/js-wf/js-wf/integration>, "/tmp/TestMixedWorkflowsRecoverFromFourServerFaults874006668/001/node-1/jetstream/$SYS/_js_/C-R3F-MUBUTFU3/tav.idx.tmp", AT_FDCWD</home/runner/work/js-wf/js-wf/integration>, "/tmp/TestMixedWorkflowsRecoverFromFourServerFaults874006668/001/node-1/jetstream/$SYS/_js_/C-R3F-MUBUTFU3/tav.idx") = 0 <0.000131>
3285  1790834050.595390 --- SIGURG {si_signo=SIGURG, si_code=SI_TKILL, si_pid=3265, si_uid=1001} ---
3295  1790834050.908560 pwrite64(43</tmp/TestMixedWorkflowsRecoverFromFourServerFaults874006668/001/node-1/jetstream/$SYS/_js_/C-R3F-HBMz3Eb7/msgs/1.blk>, "l\0\0\0\24\0\0\0\0\0\0\0\t\220\23\300\24R\332\30\0\0St9I6EVH\1\0"..., 108, 2019) = 108 (DELAYED) <0.025110>
3285  1790834050.934157 pwrite64(43</tmp/TestMixedWorkflowsRecoverFromFourServerFaults874006668/001/node-1/jetstream/$SYS/_js_/C-R3F-HBMz3Eb7/msgs/1.blk>, "l\0\0\0\25\0\0\0\0\0\0\0}\372\231\301\24R\332\30\0\0St9I6EVH\1\0"..., 108, 2127 <unfinished ...>
3295  1790834050.934246 --- SIGURG {si_signo=SIGURG, si_code=SI_TKILL, si_pid=3265, si_uid=1001} ---
3285  1790834050.959243 <... pwrite64 resumed>) = 108 (DELAYED) <0.025029>
3285  1790834050.959720 --- SIGURG {si_signo=SIGURG, si_code=SI_TKILL, si_pid=3265, si_uid=1001} ---
3285  1790834050.960084 --- SIGURG {si_signo=SIGURG, si_code=SI_TKILL, si_pid=3265, si_uid=1001} ---
3286  1790834050.977120 newfstatat(AT_FDCWD</home/runner/work/js-wf/js-wf/integration>, "/tmp/TestMixedWorkflowsRecoverFromFourServerFaults874006668/001/node-1/jetstream/$SYS/_js_/S-R3F-CG5S7Gvy/tav.idx", {st_mode=S_IFREG|0600, st_size=16, ...}, 0) = 0 <0.000047>
3286  1790834050.977397 --- SIGURG {si_signo=SIGURG, si_code=SI_TKILL, si_pid=3265, si_uid=1001} ---
3286  1790834050.978490 newfstatat(AT_FDCWD</home/runner/work/js-wf/js-wf/integration>, "/tmp/TestMixedWorkflowsRecoverFromFourServerFaults874006668/001/node-1/jetstream/$SYS/_js_/S-R3F-CG5S7Gvy/tav.idx", {st_mode=S_IFREG|0600, st_size=16, ...}, AT_SYMLINK_NOFOLLOW) = 0 <0.000043>
3286  1790834050.978612 renameat(AT_FDCWD</home/runner/work/js-wf/js-wf/integration>, "/tmp/TestMixedWorkflowsRecoverFromFourServerFaults874006668/001/node-1/jetstream/$SYS/_js_/S-R3F-CG5S7Gvy/tav.idx.tmp", AT_FDCWD</home/runner/work/js-wf/js-wf/integration>, "/tmp/TestMixedWorkflowsRecoverFromFourServerFaults874006668/001/node-1/jetstream/$SYS/_js_/S-R3F-CG5S7Gvy/tav.idx") = 0 <0.000174>
3286  1790834050.979533 newfstatat(AT_FDCWD</home/runner/work/js-wf/js-wf/integration>, "/tmp/TestMixedWorkflowsRecoverFromFourServerFaults874006668/001/node-1/jetstream/$SYS/_js_/S-R3F-CG5S7Gvy/tav.idx", {st_mode=S_IFREG|0600, st_size=8, ...}, 0) = 0 <0.000038>
3286  1790834050.980563 newfstatat(AT_FDCWD</home/runner/work/js-wf/js-wf/integration>, "/tmp/TestMixedWorkflowsRecoverFromFourServerFaults874006668/001/node-1/jetstream/$SYS/_js_/S-R3F-CG5S7Gvy/tav.idx", {st_mode=S_IFREG|0600, st_size=8, ...}, AT_SYMLINK_NOFOLLOW) = 0 <0.000039>
3286  1790834050.980680 renameat(AT_FDCWD</home/runner/work/js-wf/js-wf/integration>, "/tmp/TestMixedWorkflowsRecoverFromFourServerFaults874006668/001/node-1/jetstream/$SYS/_js_/S-R3F-CG5S7Gvy/tav.idx.tmp", AT_FDCWD</home/runner/work/js-wf/js-wf/integration>, "/tmp/TestMixedWorkflowsRecoverFromFourServerFaults874006668/001/node-1/jetstream/$SYS/_js_/S-R3F-CG5S7Gvy/tav.idx") = 0 <0.000144>
3285  1790834051.162741 pwrite64(49</tmp/TestMixedWorkflowsRecoverFromFourServerFaults874006668/001/node-1/jetstream/$SYS/_js_/C-R3F-JVHEu4zR/msgs/1.blk>, "l\0\0\0\24\0\0\0\0\0\0\0\221\7:\317\24R\332\30\0\0St9I6EVH\1\0"..., 108, 2019) = 108 (DELAYED) <0.025028>
3285  1790834051.187881 --- SIGURG {si_signo=SIGURG, si_code=SI_TKILL, si_pid=3265, si_uid=1001} ---
3285  1790834051.188250 --- SIGURG {si_signo=SIGURG, si_code=SI_TKILL, si_pid=3265, si_uid=1001} ---
3285  1790834051.188421 pwrite64(49</tmp/TestMixedWorkflowsRecoverFromFourServerFaults874006668/001/node-1/jetstream/$SYS/_js_/C-R3F-JVHEu4zR/msgs/1.blk>, "l\0\0\0\25\0\0\0\0\0\0\0\246\300\301\320\24R\332\30\0\0St9I6EVH\1\0"..., 108, 2127 <unfinished ...>
3276  1790834051.190221 pwrite64(53</tmp/TestMixedWorkflowsRecoverFromFourServerFaults874006668/001/node-1/jetstream/$SYS/_js_/C-R3F-SvU2CKnb/msgs/1.blk>, "l\0\0\0\23\0\0\0\0\0\0\0\2477\335\320\24R\332\30\0\0St9I6EVH\1\0"..., 108, 1946 <unfinished ...>
3286  1790834051.190364 pwrite64(51</tmp/TestMixedWorkflowsRecoverFromFourServerFaults874006668/001/node-1/jetstream/$SYS/_js_/C-R3F-tOdRrkzy/msgs/1.blk>, "l\0\0\0\27\0\0\0\0\0\0\0\357\205\337\320\24R\332\30\0\0St9I6EVH\1\0"..., 108, 2320 <unfinished ...>
3285  1790834051.213545 <... pwrite64 resumed>) = 108 (DELAYED) <0.025060>
3285  1790834051.213929 --- SIGURG {si_signo=SIGURG, si_code=SI_TKILL, si_pid=3265, si_uid=1001} ---
3276  1790834051.215294 <... pwrite64 resumed>) = 108 (DELAYED) <0.025042>
3276  1790834051.215537 pwrite64(53</tmp/TestMixedWorkflowsRecoverFromFourServerFaults874006668/001/node-1/jetstream/$SYS/_js_/C-R3F-SvU2CKnb/msgs/1.blk>, "l\0\0\0\24\0\0\0\0\0\0\0\256\223_\322\24R\332\30\0\0St9I6EVH\1\0"..., 108, 2054 <unfinished ...>
3286  1790834051.215574 <... pwrite64 resumed>) = 108 (DELAYED) <0.025188>
3286  1790834051.215644 pwrite64(51</tmp/TestMixedWorkflowsRecoverFromFourServerFaults874006668/001/node-1/jetstream/$SYS/_js_/C-R3F-tOdRrkzy/msgs/1.blk>, "l\0\0\0\30\0\0\0\0\0\0\0\335sa\322\24R\332\30\0\0St9I6EVH\1\0"..., 108, 2428 <unfinished ...>
3276  1790834051.240616 <... pwrite64 resumed>) = 108 (DELAYED) <0.025041>
3286  1790834051.240746 <... pwrite64 resumed>) = 108 (DELAYED) <0.025082>
3276  1790834051.240928 --- SIGURG {si_signo=SIGURG, si_code=SI_TKILL, si_pid=3265, si_uid=1001} ---
3285  1790834051.373684 --- SIGURG {si_signo=SIGURG, si_code=SI_TKILL, si_pid=3265, si_uid=1001} ---
3285  1790834051.507862 --- SIGURG {si_signo=SIGURG, si_code=SI_TKILL, si_pid=3265, si_uid=1001} ---
3295  1790834051.515716 --- SIGURG {si_signo=SIGURG, si_code=SI_TKILL, si_pid=3265, si_uid=1001} ---
3295  1790834051.543672 --- SIGURG {si_signo=SIGURG, si_code=SI_TKILL, si_pid=3265, si_uid=1001} ---
3271  1790834051.574931 --- SIGURG {si_signo=SIGURG, si_code=SI_TKILL, si_pid=3265, si_uid=1001} ---
3286  1790834051.602999 --- SIGURG {si_signo=SIGURG, si_code=SI_TKILL, si_pid=3265, si_uid=1001} ---
3295  1790834051.893375 newfstatat(AT_FDCWD</home/runner/work/js-wf/js-wf/integration>, "/tmp/TestMixedWorkflowsRecoverFromFourServerFaults874006668/001/node-1/jetstream/$SYS/_js_/C-R3F-0AOoyDir/tav.idx", {st_mode=S_IFREG|0600, st_size=16, ...}, 0) = 0 <0.000027>
3295  1790834051.894689 --- SIGURG {si_signo=SIGURG, si_code=SI_TKILL, si_pid=3265, si_uid=1001} ---
3295  1790834051.894812 newfstatat(AT_FDCWD</home/runner/work/js-wf/js-wf/integration>, "/tmp/TestMixedWorkflowsRecoverFromFourServerFaults874006668/001/node-1/jetstream/$SYS/_js_/C-R3F-0AOoyDir/tav.idx", {st_mode=S_IFREG|0600, st_size=16, ...}, AT_SYMLINK_NOFOLLOW) = 0 <0.000041>
3295  1790834051.894921 renameat(AT_FDCWD</home/runner/work/js-wf/js-wf/integration>, "/tmp/TestMixedWorkflowsRecoverFromFourServerFaults874006668/001/node-1/jetstream/$SYS/_js_/C-R3F-0AOoyDir/tav.idx.tmp", AT_FDCWD</home/runner/work/js-wf/js-wf/integration>, "/tmp/TestMixedWorkflowsRecoverFromFourServerFaults874006668/001/node-1/jetstream/$SYS/_js_/C-R3F-0AOoyDir/tav.idx") = 0 <0.000162>
3295  1790834051.895802 newfstatat(AT_FDCWD</home/runner/work/js-wf/js-wf/integration>, "/tmp/TestMixedWorkflowsRecoverFromFourServerFaults874006668/001/node-1/jetstream/$SYS/_js_/C-R3F-0AOoyDir/tav.idx", {st_mode=S_IFREG|0600, st_size=8, ...}, 0) = 0 <0.000026>
3295  1790834051.896642 newfstatat(AT_FDCWD</home/runner/work/js-wf/js-wf/integration>, "/tmp/TestMixedWorkflowsRecoverFromFourServerFaults874006668/001/node-1/jetstream/$SYS/_js_/C-R3F-0AOoyDir/tav.idx", {st_mode=S_IFREG|0600, st_size=8, ...}, AT_SYMLINK_NOFOLLOW) = 0 <0.000035>
3295  1790834051.896738 renameat(AT_FDCWD</home/runner/work/js-wf/js-wf/integration>, "/tmp/TestMixedWorkflowsRecoverFromFourServerFaults874006668/001/node-1/jetstream/$SYS/_js_/C-R3F-0AOoyDir/tav.idx.tmp", AT_FDCWD</home/runner/work/js-wf/js-wf/integration>, "/tmp/TestMixedWorkflowsRecoverFromFourServerFaults874006668/001/node-1/jetstream/$SYS/_js_/C-R3F-0AOoyDir/tav.idx") = 0 <0.000109>
3276  1790834051.909870 pwrite64(43</tmp/TestMixedWorkflowsRecoverFromFourServerFaults874006668/001/node-1/jetstream/$SYS/_js_/C-R3F-HBMz3Eb7/msgs/1.blk>, "l\0\0\0\26\0\0\0\0\0\0\0\331N\302\373\24R\332\30\0\0St9I6EVH\1\0"..., 108, 2235) = 108 (DELAYED) <0.025136>
3295  1790834051.935464 pwrite64(43</tmp/TestMixedWorkflowsRecoverFromFourServerFaults874006668/001/node-1/jetstream/$SYS/_js_/C-R3F-HBMz3Eb7/msgs/1.blk>, "l\0\0\0\27\0\0\0\0\0\0\0\376\335H\375\24R\332\30\0\0St9I6EVH\1\0"..., 108, 2343 <unfinished ...>
3276  1790834051.935568 --- SIGURG {si_signo=SIGURG, si_code=SI_TKILL, si_pid=3265, si_uid=1001} ---
3295  1790834051.960565 <... pwrite64 resumed>) = 108 (DELAYED) <0.025044>
3295  1790834051.960921 --- SIGURG {si_signo=SIGURG, si_code=SI_TKILL, si_pid=3265, si_uid=1001} ---
3295  1790834052.052043 newfstatat(AT_FDCWD</home/runner/work/js-wf/js-wf/integration>, "/tmp/TestMixedWorkflowsRecoverFromFourServerFaults874006668/001/node-1/jetstream/$SYS/_js_/S-R3F-8R4inAao/tav.idx", {st_mode=S_IFREG|0600, st_size=16, ...}, 0) = 0 <0.000055>
3295  1790834052.054099 newfstatat(AT_FDCWD</home/runner/work/js-wf/js-wf/integration>, "/tmp/TestMixedWorkflowsRecoverFromFourServerFaults874006668/001/node-1/jetstream/$SYS/_js_/S-R3F-8R4inAao/tav.idx", {st_mode=S_IFREG|0600, st_size=16, ...}, AT_SYMLINK_NOFOLLOW) = 0 <0.000039>
3295  1790834052.054197 --- SIGURG {si_signo=SIGURG, si_code=SI_TKILL, si_pid=3265, si_uid=1001} ---
3295  1790834052.054314 renameat(AT_FDCWD</home/runner/work/js-wf/js-wf/integration>, "/tmp/TestMixedWorkflowsRecoverFromFourServerFaults874006668/001/node-1/jetstream/$SYS/_js_/S-R3F-8R4inAao/tav.idx.tmp", AT_FDCWD</home/runner/work/js-wf/js-wf/integration>, "/tmp/TestMixedWorkflowsRecoverFromFourServerFaults874006668/001/node-1/jetstream/$SYS/_js_/S-R3F-8R4inAao/tav.idx") = 0 <0.000236>
3295  1790834052.055366 newfstatat(AT_FDCWD</home/runner/work/js-wf/js-wf/integration>, "/tmp/TestMixedWorkflowsRecoverFromFourServerFaults874006668/001/node-1/jetstream/$SYS/_js_/S-R3F-8R4inAao/tav.idx", {st_mode=S_IFREG|0600, st_size=8, ...}, 0) = 0 <0.000028>
3295  1790834052.056421 newfstatat(AT_FDCWD</home/runner/work/js-wf/js-wf/integration>, "/tmp/TestMixedWorkflowsRecoverFromFourServerFaults874006668/001/node-1/jetstream/$SYS/_js_/S-R3F-8R4inAao/tav.idx", {st_mode=S_IFREG|0600, st_size=8, ...}, AT_SYMLINK_NOFOLLOW) = 0 <0.000031>
3295  1790834052.056522 renameat(AT_FDCWD</home/runner/work/js-wf/js-wf/integration>, "/tmp/TestMixedWorkflowsRecoverFromFourServerFaults874006668/001/node-1/jetstream/$SYS/_js_/S-R3F-8R4inAao/tav.idx.tmp", AT_FDCWD</home/runner/work/js-wf/js-wf/integration>, "/tmp/TestMixedWorkflowsRecoverFromFourServerFaults874006668/001/node-1/jetstream/$SYS/_js_/S-R3F-8R4inAao/tav.idx") = 0 <0.000162>
3295  1790834052.057019 --- SIGURG {si_signo=SIGURG, si_code=SI_TKILL, si_pid=3265, si_uid=1001} ---
3276  1790834052.164070 pwrite64(49</tmp/TestMixedWorkflowsRecoverFromFourServerFaults874006668/001/node-1/jetstream/$SYS/_js_/C-R3F-JVHEu4zR/msgs/1.blk>, "l\0\0\0\26\0\0\0\0\0\0\0\302\242\350\n\25R\332\30\0\0St9I6EVH\1\0"..., 108, 2235) = 108 (DELAYED) <0.025004>
3271  1790834052.189483 pwrite64(49</tmp/TestMixedWorkflowsRecoverFromFourServerFaults874006668/001/node-1/jetstream/$SYS/_js_/C-R3F-JVHEu4zR/msgs/1.blk>, "l\0\0\0\27\0\0\0\0\0\0\0\10\367l\f\25R\332\30\0\0St9I6EVH\1\0"..., 108, 2343 <unfinished ...>
3276  1790834052.189599 --- SIGURG {si_signo=SIGURG, si_code=SI_TKILL, si_pid=3265, si_uid=1001} ---
3286  1790834052.192196 pwrite64(53</tmp/TestMixedWorkflowsRecoverFromFourServerFaults874006668/001/node-1/jetstream/$SYS/_js_/C-R3F-SvU2CKnb/msgs/1.blk>, "l\0\0\0\25\0\0\0\0\0\0\0kx\226\f\25R\332\30\0\0St9I6EVH\1\0"..., 108, 2162 <unfinished ...>
3276  1790834052.192351 pwrite64(51</tmp/TestMixedWorkflowsRecoverFromFourServerFaults874006668/001/node-1/jetstream/$SYS/_js_/C-R3F-tOdRrkzy/msgs/1.blk>, "l\0\0\0\31\0\0\0\0\0\0\0]\325\230\f\25R\332\30\0\0St9I6EVH\1\0"..., 108, 2536 <unfinished ...>
3271  1790834052.214583 <... pwrite64 resumed>) = 108 (DELAYED) <0.025037>
3271  1790834052.215164 --- SIGURG {si_signo=SIGURG, si_code=SI_TKILL, si_pid=3265, si_uid=1001} ---
3286  1790834052.217256 <... pwrite64 resumed>) = 108 (DELAYED) <0.025026>
3276  1790834052.217431 <... pwrite64 resumed>) = 108 (DELAYED) <0.025017>
3286  1790834052.217485 pwrite64(53</tmp/TestMixedWorkflowsRecoverFromFourServerFaults874006668/001/node-1/jetstream/$SYS/_js_/C-R3F-SvU2CKnb/msgs/1.blk>, "l\0\0\0\26\0\0\0\0\0\0\0D'\30\16\25R\332\30\0\0St9I6EVH\1\0"..., 108, 2270 <unfinished ...>
3276  1790834052.217534 pwrite64(51</tmp/TestMixedWorkflowsRecoverFromFourServerFaults874006668/001/node-1/jetstream/$SYS/_js_/C-R3F-tOdRrkzy/msgs/1.blk>, "l\0\0\0\32\0\0\0\0\0\0\0\322\242\30\16\25R\332\30\0\0St9I6EVH\1\0"..., 108, 2644 <unfinished ...>
3295  1790834052.239908 --- SIGURG {si_signo=SIGURG, si_code=SI_TKILL, si_pid=3265, si_uid=1001} ---
3286  1790834052.242552 <... pwrite64 resumed>) = 108 (DELAYED) <0.025033>
3276  1790834052.242694 <... pwrite64 resumed>) = 108 (DELAYED) <0.025133>
3286  1790834052.539218 --- SIGURG {si_signo=SIGURG, si_code=SI_TKILL, si_pid=3265, si_uid=1001} ---
3295  1790834052.549417 newfstatat(AT_FDCWD</home/runner/work/js-wf/js-wf/integration>, "/tmp/TestMixedWorkflowsRecoverFromFourServerFaults874006668/001/node-1/jetstream/$SYS/_js_/C-R3F-Fspi1V4u/tav.idx", {st_mode=S_IFREG|0600, st_size=16, ...}, 0) = 0 <0.000040>
3295  1790834052.550873 newfstatat(AT_FDCWD</home/runner/work/js-wf/js-wf/integration>, "/tmp/TestMixedWorkflowsRecoverFromFourServerFaults874006668/001/node-1/jetstream/$SYS/_js_/C-R3F-Fspi1V4u/tav.idx", {st_mode=S_IFREG|0600, st_size=16, ...}, AT_SYMLINK_NOFOLLOW) = 0 <0.000029>
3295  1790834052.550969 renameat(AT_FDCWD</home/runner/work/js-wf/js-wf/integration>, "/tmp/TestMixedWorkflowsRecoverFromFourServerFaults874006668/001/node-1/jetstream/$SYS/_js_/C-R3F-Fspi1V4u/tav.idx.tmp", AT_FDCWD</home/runner/work/js-wf/js-wf/integration>, "/tmp/TestMixedWorkflowsRecoverFromFourServerFaults874006668/001/node-1/jetstream/$SYS/_js_/C-R3F-Fspi1V4u/tav.idx") = 0 <0.000153>
3295  1790834052.551852 newfstatat(AT_FDCWD</home/runner/work/js-wf/js-wf/integration>, "/tmp/TestMixedWorkflowsRecoverFromFourServerFaults874006668/001/node-1/jetstream/$SYS/_js_/C-R3F-Fspi1V4u/tav.idx", {st_mode=S_IFREG|0600, st_size=8, ...}, 0) = 0 <0.000021>
3295  1790834052.552799 newfstatat(AT_FDCWD</home/runner/work/js-wf/js-wf/integration>, "/tmp/TestMixedWorkflowsRecoverFromFourServerFaults874006668/001/node-1/jetstream/$SYS/_js_/C-R3F-Fspi1V4u/tav.idx", {st_mode=S_IFREG|0600, st_size=8, ...}, AT_SYMLINK_NOFOLLOW) = 0 <0.000028>
3295  1790834052.552883 renameat(AT_FDCWD</home/runner/work/js-wf/js-wf/integration>, "/tmp/TestMixedWorkflowsRecoverFromFourServerFaults874006668/001/node-1/jetstream/$SYS/_js_/C-R3F-Fspi1V4u/tav.idx.tmp", AT_FDCWD</home/runner/work/js-wf/js-wf/integration>, "/tmp/TestMixedWorkflowsRecoverFromFourServerFaults874006668/001/node-1/jetstream/$SYS/_js_/C-R3F-Fspi1V4u/tav.idx") = 0 <0.000126>
3286  1790834052.655873 --- SIGURG {si_signo=SIGURG, si_code=SI_TKILL, si_pid=3265, si_uid=1001} ---
3276  1790834052.669455 --- SIGURG {si_signo=SIGURG, si_code=SI_TKILL, si_pid=3265, si_uid=1001} ---
3271  1790834052.828166 --- SIGURG {si_signo=SIGURG, si_code=SI_TKILL, si_pid=3265, si_uid=1001} ---
3295  1790834052.911786 pwrite64(43</tmp/TestMixedWorkflowsRecoverFromFourServerFaults874006668/001/node-1/jetstream/$SYS/_js_/C-R3F-HBMz3Eb7/msgs/1.blk>, "l\0\0\0\30\0\0\0\0\0\0\0\323&z7\25R\332\30\0\0St9I6EVH\1\0"..., 108, 2451) = 108 (DELAYED) <0.025127>
3295  1790834052.937303 --- SIGURG {si_signo=SIGURG, si_code=SI_TKILL, si_pid=3265, si_uid=1001} ---
3286  1790834052.938276 pwrite64(43</tmp/TestMixedWorkflowsRecoverFromFourServerFaults874006668/001/node-1/jetstream/$SYS/_js_/C-R3F-HBMz3Eb7/msgs/1.blk>, "l\0\0\0\31\0\0\0\0\0\0\0}c\169\25R\332\30\0\0St9I6EVH\1\0"..., 108, 2559) = 108 (DELAYED) <0.025059>
3286  1790834052.963808 --- SIGURG {si_signo=SIGURG, si_code=SI_TKILL, si_pid=3265, si_uid=1001} ---
3295  1790834053.054894 --- SIGURG {si_signo=SIGURG, si_code=SI_TKILL, si_pid=3265, si_uid=1001} ---
3295  1790834053.166106 pwrite64(49</tmp/TestMixedWorkflowsRecoverFromFourServerFaults874006668/001/node-1/jetstream/$SYS/_js_/C-R3F-JVHEu4zR/msgs/1.blk>, "l\0\0\0\30\0\0\0\0\0\0\0\277\305\242F\25R\332\30\0\0St9I6EVH\1\0"..., 108, 2451) = 108 (DELAYED) <0.025110>
3295  1790834053.191336 --- SIGURG {si_signo=SIGURG, si_code=SI_TKILL, si_pid=3265, si_uid=1001} ---
3295  1790834053.191833 --- SIGURG {si_signo=SIGURG, si_code=SI_TKILL, si_pid=3265, si_uid=1001} ---
3271  1790834053.192703 pwrite64(49</tmp/TestMixedWorkflowsRecoverFromFourServerFaults874006668/001/node-1/jetstream/$SYS/_js_/C-R3F-JVHEu4zR/msgs/1.blk>, "l\0\0\0\31\0\0\0\0\0\0\0\231\2718H\25R\332\30\0\0St9I6EVH\1\0"..., 108, 2559 <unfinished ...>
3295  1790834053.194220 pwrite64(51</tmp/TestMixedWorkflowsRecoverFromFourServerFaults874006668/001/node-1/jetstream/$SYS/_js_/C-R3F-tOdRrkzy/msgs/1.blk>, "l\0\0\0\33\0\0\0\0\0\0\0s&PH\25R\332\30\0\0St9I6EVH\1\0"..., 108, 2752 <unfinished ...>
3288  1790834053.194380 pwrite64(53</tmp/TestMixedWorkflowsRecoverFromFourServerFaults874006668/001/node-1/jetstream/$SYS/_js_/C-R3F-SvU2CKnb/msgs/1.blk>, "l\0\0\0\27\0\0\0\0\0\0\0001\235RH\25R\332\30\0\0St9I6EVH\1\0"..., 108, 2378 <unfinished ...>
3271  1790834053.217799 <... pwrite64 resumed>) = 108 (DELAYED) <0.025057>
3271  1790834053.218128 --- SIGURG {si_signo=SIGURG, si_code=SI_TKILL, si_pid=3265, si_uid=1001} ---
3295  1790834053.219278 <... pwrite64 resumed>) = 108 (DELAYED) <0.025027>
3288  1790834053.219533 <... pwrite64 resumed>) = 108 (DELAYED) <0.025130>
3288  1790834053.219831 --- SIGURG {si_signo=SIGURG, si_code=SI_TKILL, si_pid=3265, si_uid=1001} ---
3276  1790834053.221322 pwrite64(53</tmp/TestMixedWorkflowsRecoverFromFourServerFaults874006668/001/node-1/jetstream/$SYS/_js_/C-R3F-SvU2CKnb/msgs/1.blk>, "l\0\0\0\30\0\0\0\0\0\0\0\251\302\354I\25R\332\30\0\0St9I6EVH\1\0"..., 108, 2486 <unfinished ...>
3295  1790834053.221560 pwrite64(51</tmp/TestMixedWorkflowsRecoverFromFourServerFaults874006668/001/node-1/jetstream/$SYS/_js_/C-R3F-tOdRrkzy/msgs/1.blk>, "l\0\0\0\34\0\0\0\0\0\0\0x*\361I\25R\332\30\0\0St9I6EVH\1\0"..., 108, 2860 <unfinished ...>
3288  1790834053.240460 --- SIGURG {si_signo=SIGURG, si_code=SI_TKILL, si_pid=3265, si_uid=1001} ---
3276  1790834053.246401 <... pwrite64 resumed>) = 108 (DELAYED) <0.025041>
3295  1790834053.246643 <... pwrite64 resumed>) = 108 (DELAYED) <0.025049>
3276  1790834053.246787 --- SIGURG {si_signo=SIGURG, si_code=SI_TKILL, si_pid=3265, si_uid=1001} ---
3271  1790834053.442328 newfstatat(AT_FDCWD</home/runner/work/js-wf/js-wf/integration>, "/tmp/TestMixedWorkflowsRecoverFromFourServerFaults874006668/001/node-1/jetstream/$SYS/_js_/C-R3F-U2k39UyT/tav.idx", {st_mode=S_IFREG|0600, st_size=16, ...}, 0) = 0 <0.000063>
3271  1790834053.443749 newfstatat(AT_FDCWD</home/runner/work/js-wf/js-wf/integration>, "/tmp/TestMixedWorkflowsRecoverFromFourServerFaults874006668/001/node-1/jetstream/$SYS/_js_/C-R3F-U2k39UyT/tav.idx", {st_mode=S_IFREG|0600, st_size=16, ...}, AT_SYMLINK_NOFOLLOW) = 0 <0.000036>
3271  1790834053.443862 renameat(AT_FDCWD</home/runner/work/js-wf/js-wf/integration>, "/tmp/TestMixedWorkflowsRecoverFromFourServerFaults874006668/001/node-1/jetstream/$SYS/_js_/C-R3F-U2k39UyT/tav.idx.tmp", AT_FDCWD</home/runner/work/js-wf/js-wf/integration>, "/tmp/TestMixedWorkflowsRecoverFromFourServerFaults874006668/001/node-1/jetstream/$SYS/_js_/C-R3F-U2k39UyT/tav.idx") = 0 <0.000171>
3271  1790834053.444726 newfstatat(AT_FDCWD</home/runner/work/js-wf/js-wf/integration>, "/tmp/TestMixedWorkflowsRecoverFromFourServerFaults874006668/001/node-1/jetstream/$SYS/_js_/C-R3F-U2k39UyT/tav.idx", {st_mode=S_IFREG|0600, st_size=8, ...}, 0) = 0 <0.000028>
3271  1790834053.445193 --- SIGURG {si_signo=SIGURG, si_code=SI_TKILL, si_pid=3265, si_uid=1001} ---
3271  1790834053.445849 newfstatat(AT_FDCWD</home/runner/work/js-wf/js-wf/integration>, "/tmp/TestMixedWorkflowsRecoverFromFourServerFaults874006668/001/node-1/jetstream/$SYS/_js_/C-R3F-U2k39UyT/tav.idx", {st_mode=S_IFREG|0600, st_size=8, ...}, AT_SYMLINK_NOFOLLOW) = 0 <0.000037>
3271  1790834053.445956 renameat(AT_FDCWD</home/runner/work/js-wf/js-wf/integration>, "/tmp/TestMixedWorkflowsRecoverFromFourServerFaults874006668/001/node-1/jetstream/$SYS/_js_/C-R3F-U2k39UyT/tav.idx.tmp", AT_FDCWD</home/runner/work/js-wf/js-wf/integration>, "/tmp/TestMixedWorkflowsRecoverFromFourServerFaults874006668/001/node-1/jetstream/$SYS/_js_/C-R3F-U2k39UyT/tav.idx") = 0 <0.000121>
3288  1790834053.472357 --- SIGURG {si_signo=SIGURG, si_code=SI_TKILL, si_pid=3265, si_uid=1001} ---
3288  1790834053.559794 --- SIGURG {si_signo=SIGURG, si_code=SI_TKILL, si_pid=3265, si_uid=1001} ---
3295  1790834053.631165 --- SIGURG {si_signo=SIGURG, si_code=SI_TKILL, si_pid=3265, si_uid=1001} ---
3286  1790834053.674294 --- SIGURG {si_signo=SIGURG, si_code=SI_TKILL, si_pid=3265, si_uid=1001} ---
3288  1790834053.719576 --- SIGURG {si_signo=SIGURG, si_code=SI_TKILL, si_pid=3265, si_uid=1001} ---
3288  1790834053.804641 pwrite64(21</tmp/TestMixedWorkflowsRecoverFromFourServerFaults874006668/001/node-1/jetstream/$SYS/_js_/S-R3F-G9FrvoEG/msgs/2.blk>, "\v\1\0\0>\0\0\0\0\0\0\0g\5\262l\25R\332\30\0\0St9I6EVH\1\0"..., 267, 18543) = 267 (DELAYED) <0.025001>
3288  1790834053.829731 --- SIGURG {si_signo=SIGURG, si_code=SI_TKILL, si_pid=3265, si_uid=1001} ---
3286  1790834053.859313 --- SIGURG {si_signo=SIGURG, si_code=SI_TKILL, si_pid=3265, si_uid=1001} ---
3276  1790834053.938817 pwrite64(43</tmp/TestMixedWorkflowsRecoverFromFourServerFaults874006668/001/node-1/jetstream/$SYS/_js_/C-R3F-HBMz3Eb7/msgs/1.blk>, "l\0\0\0\32\0\0\0\0\0\0\0\230\"\261t\25R\332\30\0\0St9I6EVH\1\0"..., 108, 2667) = 108 (DELAYED) <0.025020>
3276  1790834053.963959 --- SIGURG {si_signo=SIGURG, si_code=SI_TKILL, si_pid=3265, si_uid=1001} ---
3276  1790834053.964390 --- SIGURG {si_signo=SIGURG, si_code=SI_TKILL, si_pid=3265, si_uid=1001} ---
3286  1790834053.964443 pwrite64(43</tmp/TestMixedWorkflowsRecoverFromFourServerFaults874006668/001/node-1/jetstream/$SYS/_js_/C-R3F-HBMz3Eb7/msgs/1.blk>, "l\0\0\0\33\0\0\0\0\0\0\0\22648v\25R\332\30\0\0St9I6EVH\1\0"..., 108, 2775 <unfinished ...>
3288  1790834053.979513 --- SIGURG {si_signo=SIGURG, si_code=SI_TKILL, si_pid=3265, si_uid=1001} ---
3286  1790834053.989513 <... pwrite64 resumed>) = 108 (DELAYED) <0.025038>
3286  1790834053.989877 --- SIGURG {si_signo=SIGURG, si_code=SI_TKILL, si_pid=3265, si_uid=1001} ---
3286  1790834054.054940 --- SIGURG {si_signo=SIGURG, si_code=SI_TKILL, si_pid=3265, si_uid=1001} ---
3286  1790834054.055354 pwrite64(21</tmp/TestMixedWorkflowsRecoverFromFourServerFaults874006668/001/node-1/jetstream/$SYS/_js_/S-R3F-G9FrvoEG/msgs/2.blk>, "\301\21\0\0?\0\0\0\0\0\0\0m\235\243{\25R\332\30\0\0St9I6EVH\1\0"..., 4545, 18810) = 4545 (DELAYED) <0.025066>
3286  1790834054.080786 --- SIGURG {si_signo=SIGURG, si_code=SI_TKILL, si_pid=3265, si_uid=1001} ---
3276  1790834054.119733 --- SIGURG {si_signo=SIGURG, si_code=SI_TKILL, si_pid=3265, si_uid=1001} ---
3288  1790834054.148160 newfstatat(AT_FDCWD</home/runner/work/js-wf/js-wf/integration>, "/tmp/TestMixedWorkflowsRecoverFromFourServerFaults874006668/001/node-1/jetstream/$SYS/_js_/C-R3F-Qi7jewV8/tav.idx", {st_mode=S_IFREG|0600, st_size=16, ...}, 0) = 0 <0.000058>
3288  1790834054.148866 --- SIGURG {si_signo=SIGURG, si_code=SI_TKILL, si_pid=3265, si_uid=1001} ---
3288  1790834054.149712 newfstatat(AT_FDCWD</home/runner/work/js-wf/js-wf/integration>, "/tmp/TestMixedWorkflowsRecoverFromFourServerFaults874006668/001/node-1/jetstream/$SYS/_js_/C-R3F-Qi7jewV8/tav.idx", {st_mode=S_IFREG|0600, st_size=16, ...}, AT_SYMLINK_NOFOLLOW) = 0 <0.000034>
3288  1790834054.149815 renameat(AT_FDCWD</home/runner/work/js-wf/js-wf/integration>, "/tmp/TestMixedWorkflowsRecoverFromFourServerFaults874006668/001/node-1/jetstream/$SYS/_js_/C-R3F-Qi7jewV8/tav.idx.tmp", AT_FDCWD</home/runner/work/js-wf/js-wf/integration>, "/tmp/TestMixedWorkflowsRecoverFromFourServerFaults874006668/001/node-1/jetstream/$SYS/_js_/C-R3F-Qi7jewV8/tav.idx") = 0 <0.000191>
3288  1790834054.150755 newfstatat(AT_FDCWD</home/runner/work/js-wf/js-wf/integration>, "/tmp/TestMixedWorkflowsRecoverFromFourServerFaults874006668/001/node-1/jetstream/$SYS/_js_/C-R3F-Qi7jewV8/tav.idx", {st_mode=S_IFREG|0600, st_size=8, ...}, 0) = 0 <0.000031>
3288  1790834054.151712 newfstatat(AT_FDCWD</home/runner/work/js-wf/js-wf/integration>, "/tmp/TestMixedWorkflowsRecoverFromFourServerFaults874006668/001/node-1/jetstream/$SYS/_js_/C-R3F-Qi7jewV8/tav.idx", {st_mode=S_IFREG|0600, st_size=8, ...}, AT_SYMLINK_NOFOLLOW) = 0 <0.000031>
3288  1790834054.151806 renameat(AT_FDCWD</home/runner/work/js-wf/js-wf/integration>, "/tmp/TestMixedWorkflowsRecoverFromFourServerFaults874006668/001/node-1/jetstream/$SYS/_js_/C-R3F-Qi7jewV8/tav.idx.tmp", AT_FDCWD</home/runner/work/js-wf/js-wf/integration>, "/tmp/TestMixedWorkflowsRecoverFromFourServerFaults874006668/001/node-1/jetstream/$SYS/_js_/C-R3F-Qi7jewV8/tav.idx") = 0 <0.000191>
3271  1790834054.193217 pwrite64(49</tmp/TestMixedWorkflowsRecoverFromFourServerFaults874006668/001/node-1/jetstream/$SYS/_js_/C-R3F-JVHEu4zR/msgs/1.blk>, "l\0\0\0\32\0\0\0\0\0\0\0\235^\333\203\25R\332\30\0\0St9I6EVH\1\0"..., 108, 2667) = 108 (DELAYED) <0.025018>
3271  1790834054.218338 --- SIGURG {si_signo=SIGURG, si_code=SI_TKILL, si_pid=3265, si_uid=1001} ---
3271  1790834054.218614 pwrite64(49</tmp/TestMixedWorkflowsRecoverFromFourServerFaults874006668/001/node-1/jetstream/$SYS/_js_/C-R3F-JVHEu4zR/msgs/1.blk>, "l\0\0\0\33\0\0\0\0\0\0\0\203\334^\205\25R\332\30\0\0St9I6EVH\1\0"..., 108, 2775 <unfinished ...>
3286  1790834054.221525 pwrite64(53</tmp/TestMixedWorkflowsRecoverFromFourServerFaults874006668/001/node-1/jetstream/$SYS/_js_/C-R3F-SvU2CKnb/msgs/1.blk>, "l\0\0\0\31\0\0\0\0\0\0\0\36c\213\205\25R\332\30\0\0St9I6EVH\1\0"..., 108, 2594 <unfinished ...>
3295  1790834054.221787 pwrite64(51</tmp/TestMixedWorkflowsRecoverFromFourServerFaults874006668/001/node-1/jetstream/$SYS/_js_/C-R3F-tOdRrkzy/msgs/1.blk>, "l\0\0\0\35\0\0\0\0\0\0\0\313J\217\205\25R\332\30\0\0St9I6EVH\1\0"..., 108, 2968 <unfinished ...>
3276  1790834054.226358 --- SIGURG {si_signo=SIGURG, si_code=SI_TKILL, si_pid=3265, si_uid=1001} ---
3276  1790834054.226593 --- SIGURG {si_signo=SIGURG, si_code=SI_TKILL, si_pid=3265, si_uid=1001} ---
3271  1790834054.243711 <... pwrite64 resumed>) = 108 (DELAYED) <0.025065>
3286  1790834054.246602 <... pwrite64 resumed>) = 108 (DELAYED) <0.025048>
3286  1790834054.246854 pwrite64(53</tmp/TestMixedWorkflowsRecoverFromFourServerFaults874006668/001/node-1/jetstream/$SYS/_js_/C-R3F-SvU2CKnb/msgs/1.blk>, "l\0\0\0\32\0\0\0\0\0\0\0\332\266\r\207\25R\332\30\0\0St9I6EVH\1\0"..., 108, 2702 <unfinished ...>
3295  1790834054.246895 <... pwrite64 resumed>) = 108 (DELAYED) <0.025079>
3295  1790834054.247018 pwrite64(51</tmp/TestMixedWorkflowsRecoverFromFourServerFaults874006668/001/node-1/jetstream/$SYS/_js_/C-R3F-tOdRrkzy/msgs/1.blk>, "l\0\0\0\36\0\0\0\0\0\0\0\272\23\20\207\25R\332\30\0\0St9I6EVH\1\0"..., 108, 3076 <unfinished ...>
3286  1790834054.271947 <... pwrite64 resumed>) = 108 (DELAYED) <0.025051>
3295  1790834054.272087 <... pwrite64 resumed>) = 108 (DELAYED) <0.025042>
3295  1790834054.272135 --- SIGURG {si_signo=SIGURG, si_code=SI_TKILL, si_pid=3265, si_uid=1001} ---
3286  1790834054.272360 --- SIGURG {si_signo=SIGURG, si_code=SI_TKILL, si_pid=3265, si_uid=1001} ---
3302  1790834054.286186 --- SIGURG {si_signo=SIGURG, si_code=SI_TKILL, si_pid=3265, si_uid=1001} ---
3302  1790834054.473527 --- SIGURG {si_signo=SIGURG, si_code=SI_TKILL, si_pid=3265, si_uid=1001} ---
3302  1790834054.557811 newfstatat(AT_FDCWD</home/runner/work/js-wf/js-wf/integration>, "/tmp/TestMixedWorkflowsRecoverFromFourServerFaults874006668/001/node-1/jetstream/$SYS/_js_/C-R3F-BJrVOQpv/tav.idx", {st_mode=S_IFREG|0600, st_size=16, ...}, 0) = 0 <0.000037>
3302  1790834054.559088 newfstatat(AT_FDCWD</home/runner/work/js-wf/js-wf/integration>, "/tmp/TestMixedWorkflowsRecoverFromFourServerFaults874006668/001/node-1/jetstream/$SYS/_js_/C-R3F-BJrVOQpv/tav.idx", {st_mode=S_IFREG|0600, st_size=16, ...}, AT_SYMLINK_NOFOLLOW) = 0 <0.000041>
3302  1790834054.559216 renameat(AT_FDCWD</home/runner/work/js-wf/js-wf/integration>, "/tmp/TestMixedWorkflowsRecoverFromFourServerFaults874006668/001/node-1/jetstream/$SYS/_js_/C-R3F-BJrVOQpv/tav.idx.tmp", AT_FDCWD</home/runner/work/js-wf/js-wf/integration>, "/tmp/TestMixedWorkflowsRecoverFromFourServerFaults874006668/001/node-1/jetstream/$SYS/_js_/C-R3F-BJrVOQpv/tav.idx") = 0 <0.000170>
3302  1790834054.560004 newfstatat(AT_FDCWD</home/runner/work/js-wf/js-wf/integration>, "/tmp/TestMixedWorkflowsRecoverFromFourServerFaults874006668/001/node-1/jetstream/$SYS/_js_/C-R3F-BJrVOQpv/tav.idx", {st_mode=S_IFREG|0600, st_size=8, ...}, 0) = 0 <0.000037>
3302  1790834054.560901 newfstatat(AT_FDCWD</home/runner/work/js-wf/js-wf/integration>, "/tmp/TestMixedWorkflowsRecoverFromFourServerFaults874006668/001/node-1/jetstream/$SYS/_js_/C-R3F-BJrVOQpv/tav.idx", {st_mode=S_IFREG|0600, st_size=8, ...}, AT_SYMLINK_NOFOLLOW) = 0 <0.000028>
3302  1790834054.560986 renameat(AT_FDCWD</home/runner/work/js-wf/js-wf/integration>, "/tmp/TestMixedWorkflowsRecoverFromFourServerFaults874006668/001/node-1/jetstream/$SYS/_js_/C-R3F-BJrVOQpv/tav.idx.tmp", AT_FDCWD</home/runner/work/js-wf/js-wf/integration>, "/tmp/TestMixedWorkflowsRecoverFromFourServerFaults874006668/001/node-1/jetstream/$SYS/_js_/C-R3F-BJrVOQpv/tav.idx") = 0 <0.000124>
3302  1790834054.562064 --- SIGURG {si_signo=SIGURG, si_code=SI_TKILL, si_pid=3265, si_uid=1001} ---
3271  1790834054.601595 --- SIGURG {si_signo=SIGURG, si_code=SI_TKILL, si_pid=3265, si_uid=1001} ---
3285  1790834054.668006 --- SIGURG {si_signo=SIGURG, si_code=SI_TKILL, si_pid=3265, si_uid=1001} ---
3302  1790834054.704408 --- SIGURG {si_signo=SIGURG, si_code=SI_TKILL, si_pid=3265, si_uid=1001} ---
3285  1790834054.810654 --- SIGURG {si_signo=SIGURG, si_code=SI_TKILL, si_pid=3265, si_uid=1001} ---
3285  1790834054.819444 --- SIGURG {si_signo=SIGURG, si_code=SI_TKILL, si_pid=3265, si_uid=1001} ---
3285  1790834054.886254 newfstatat(AT_FDCWD</home/runner/work/js-wf/js-wf/integration>, "/tmp/TestMixedWorkflowsRecoverFromFourServerFaults874006668/001/node-1/jetstream/$SYS/_js_/C-R3F-mMm2NIUQ/tav.idx", {st_mode=S_IFREG|0600, st_size=16, ...}, 0) = 0 <0.000048>
3285  1790834054.887368 newfstatat(AT_FDCWD</home/runner/work/js-wf/js-wf/integration>, "/tmp/TestMixedWorkflowsRecoverFromFourServerFaults874006668/001/node-1/jetstream/$SYS/_js_/C-R3F-mMm2NIUQ/tav.idx", {st_mode=S_IFREG|0600, st_size=16, ...}, AT_SYMLINK_NOFOLLOW) = 0 <0.000030>
3285  1790834054.887460 renameat(AT_FDCWD</home/runner/work/js-wf/js-wf/integration>, "/tmp/TestMixedWorkflowsRecoverFromFourServerFaults874006668/001/node-1/jetstream/$SYS/_js_/C-R3F-mMm2NIUQ/tav.idx.tmp", AT_FDCWD</home/runner/work/js-wf/js-wf/integration>, "/tmp/TestMixedWorkflowsRecoverFromFourServerFaults874006668/001/node-1/jetstream/$SYS/_js_/C-R3F-mMm2NIUQ/tav.idx") = 0 <0.000149>
3285  1790834054.888168 newfstatat(AT_FDCWD</home/runner/work/js-wf/js-wf/integration>, "/tmp/TestMixedWorkflowsRecoverFromFourServerFaults874006668/001/node-1/jetstream/$SYS/_js_/C-R3F-mMm2NIUQ/tav.idx", {st_mode=S_IFREG|0600, st_size=8, ...}, 0) = 0 <0.000025>
3285  1790834054.890404 newfstatat(AT_FDCWD</home/runner/work/js-wf/js-wf/integration>, "/tmp/TestMixedWorkflowsRecoverFromFourServerFaults874006668/001/node-1/jetstream/$SYS/_js_/C-R3F-mMm2NIUQ/tav.idx", {st_mode=S_IFREG|0600, st_size=8, ...}, AT_SYMLINK_NOFOLLOW) = 0 <0.000026>
3285  1790834054.890494 renameat(AT_FDCWD</home/runner/work/js-wf/js-wf/integration>, "/tmp/TestMixedWorkflowsRecoverFromFourServerFaults874006668/001/node-1/jetstream/$SYS/_js_/C-R3F-mMm2NIUQ/tav.idx.tmp", AT_FDCWD</home/runner/work/js-wf/js-wf/integration>, "/tmp/TestMixedWorkflowsRecoverFromFourServerFaults874006668/001/node-1/jetstream/$SYS/_js_/C-R3F-mMm2NIUQ/tav.idx") = 0 <0.000149>
3295  1790834054.940984 pwrite64(43</tmp/TestMixedWorkflowsRecoverFromFourServerFaults874006668/001/node-1/jetstream/$SYS/_js_/C-R3F-HBMz3Eb7/msgs/1.blk>, "l\0\0\0\34\0\0\0\0\0\0\0itm\260\25R\332\30\0\0St9I6EVH\1\0"..., 108, 2883) = 108 (DELAYED) <0.025127>
3295  1790834054.966679 --- SIGURG {si_signo=SIGURG, si_code=SI_TKILL, si_pid=3265, si_uid=1001} ---
3302  1790834054.966804 pwrite64(43</tmp/TestMixedWorkflowsRecoverFromFourServerFaults874006668/001/node-1/jetstream/$SYS/_js_/C-R3F-HBMz3Eb7/msgs/1.blk>, "l\0\0\0\35\0\0\0\0\0\0\0 J\367\261\25R\332\30\0\0St9I6EVH\1\0"..., 108, 2991 <unfinished ...>
3295  1790834054.988189 --- SIGURG {si_signo=SIGURG, si_code=SI_TKILL, si_pid=3265, si_uid=1001} ---
3302  1790834054.991880 <... pwrite64 resumed>) = 108 (DELAYED) <0.025041>
3302  1790834055.194683 pwrite64(49</tmp/TestMixedWorkflowsRecoverFromFourServerFaults874006668/001/node-1/jetstream/$SYS/_js_/C-R3F-JVHEu4zR/msgs/1.blk>, "l\0\0\0\34\0\0\0\0\0\0\0\335\6\214\277\25R\332\30\0\0St9I6EVH\1\0"..., 108, 2883) = 108 (DELAYED) <0.025097>
3302  1790834055.219928 --- SIGURG {si_signo=SIGURG, si_code=SI_TKILL, si_pid=3265, si_uid=1001} ---
3302  1790834055.220463 --- SIGURG {si_signo=SIGURG, si_code=SI_TKILL, si_pid=3265, si_uid=1001} ---
3271  1790834055.220836 pwrite64(49</tmp/TestMixedWorkflowsRecoverFromFourServerFaults874006668/001/node-1/jetstream/$SYS/_js_/C-R3F-JVHEu4zR/msgs/1.blk>, "l\0\0\0\35\0\0\0\0\0\0\0C\325\32\301\25R\332\30\0\0St9I6EVH\1\0"..., 108, 2991 <unfinished ...>
3285  1790834055.223453 pwrite64(53</tmp/TestMixedWorkflowsRecoverFromFourServerFaults874006668/001/node-1/jetstream/$SYS/_js_/C-R3F-SvU2CKnb/msgs/1.blk>, "l\0\0\0\33\0\0\0\0\0\0\0\33IC\301\25R\332\30\0\0St9I6EVH\1\0"..., 108, 2810 <unfinished ...>
3302  1790834055.223594 pwrite64(51</tmp/TestMixedWorkflowsRecoverFromFourServerFaults874006668/001/node-1/jetstream/$SYS/_js_/C-R3F-tOdRrkzy/msgs/1.blk>, "l\0\0\0\37\0\0\0\0\0\0\0+\305E\301\25R\332\30\0\0St9I6EVH\1\0"..., 108, 3184 <unfinished ...>
3271  1790834055.245899 <... pwrite64 resumed>) = 108 (DELAYED) <0.025001>
3271  1790834055.246192 --- SIGURG {si_signo=SIGURG, si_code=SI_TKILL, si_pid=3265, si_uid=1001} ---
3285  1790834055.248544 <... pwrite64 resumed>) = 108 (DELAYED) <0.025060>
3302  1790834055.248797 <... pwrite64 resumed>) = 108 (DELAYED) <0.025180>
3302  1790834055.248943 pwrite64(51</tmp/TestMixedWorkflowsRecoverFromFourServerFaults874006668/001/node-1/jetstream/$SYS/_js_/C-R3F-tOdRrkzy/msgs/1.blk>, "l\0\0\0 \0\0\0\0\0\0\0\16r\310\302\25R\332\30\0\0St9I6EVH\1\0"..., 108, 3292 <unfinished ...>
3285  1790834055.249160 --- SIGURG {si_signo=SIGURG, si_code=SI_TKILL, si_pid=3265, si_uid=1001} ---
3295  1790834055.249217 pwrite64(53</tmp/TestMixedWorkflowsRecoverFromFourServerFaults874006668/001/node-1/jetstream/$SYS/_js_/C-R3F-SvU2CKnb/msgs/1.blk>, "l\0\0\0\34\0\0\0\0\0\0\0c\267\314\302\25R\332\30\0\0St9I6EVH\1\0"..., 108, 2918 <unfinished ...>
3302  1790834055.274006 <... pwrite64 resumed>) = 108 (DELAYED) <0.025025>
3295  1790834055.274270 <... pwrite64 resumed>) = 108 (DELAYED) <0.025014>
3286  1790834055.400426 newfstatat(AT_FDCWD</home/runner/work/js-wf/js-wf/integration>, "/tmp/TestMixedWorkflowsRecoverFromFourServerFaults874006668/001/node-1/jetstream/$SYS/_js_/C-R3F-7OjMKAQS/tav.idx", {st_mode=S_IFREG|0600, st_size=16, ...}, 0) = 0 <0.000033>
3286  1790834055.401721 newfstatat(AT_FDCWD</home/runner/work/js-wf/js-wf/integration>, "/tmp/TestMixedWorkflowsRecoverFromFourServerFaults874006668/001/node-1/jetstream/$SYS/_js_/C-R3F-7OjMKAQS/tav.idx", {st_mode=S_IFREG|0600, st_size=16, ...}, AT_SYMLINK_NOFOLLOW) = 0 <0.000027>
3286  1790834055.401813 renameat(AT_FDCWD</home/runner/work/js-wf/js-wf/integration>, "/tmp/TestMixedWorkflowsRecoverFromFourServerFaults874006668/001/node-1/jetstream/$SYS/_js_/C-R3F-7OjMKAQS/tav.idx.tmp", AT_FDCWD</home/runner/work/js-wf/js-wf/integration>, "/tmp/TestMixedWorkflowsRecoverFromFourServerFaults874006668/001/node-1/jetstream/$SYS/_js_/C-R3F-7OjMKAQS/tav.idx") = 0 <0.000142>
3286  1790834055.402599 newfstatat(AT_FDCWD</home/runner/work/js-wf/js-wf/integration>, "/tmp/TestMixedWorkflowsRecoverFromFourServerFaults874006668/001/node-1/jetstream/$SYS/_js_/C-R3F-7OjMKAQS/tav.idx", {st_mode=S_IFREG|0600, st_size=8, ...}, 0) = 0 <0.000023>
3286  1790834055.402982 --- SIGURG {si_signo=SIGURG, si_code=SI_TKILL, si_pid=3265, si_uid=1001} ---
3286  1790834055.403537 newfstatat(AT_FDCWD</home/runner/work/js-wf/js-wf/integration>, "/tmp/TestMixedWorkflowsRecoverFromFourServerFaults874006668/001/node-1/jetstream/$SYS/_js_/C-R3F-7OjMKAQS/tav.idx", {st_mode=S_IFREG|0600, st_size=8, ...}, AT_SYMLINK_NOFOLLOW) = 0 <0.000024>
3286  1790834055.403618 renameat(AT_FDCWD</home/runner/work/js-wf/js-wf/integration>, "/tmp/TestMixedWorkflowsRecoverFromFourServerFaults874006668/001/node-1/jetstream/$SYS/_js_/C-R3F-7OjMKAQS/tav.idx.tmp", AT_FDCWD</home/runner/work/js-wf/js-wf/integration>, "/tmp/TestMixedWorkflowsRecoverFromFourServerFaults874006668/001/node-1/jetstream/$SYS/_js_/C-R3F-7OjMKAQS/tav.idx") = 0 <0.000130>
3285  1790834055.499052 newfstatat(AT_FDCWD</home/runner/work/js-wf/js-wf/integration>, "/tmp/TestMixedWorkflowsRecoverFromFourServerFaults874006668/001/node-1/jetstream/$SYS/_js_/S-R3F-0xwj12bZ/tav.idx", {st_mode=S_IFREG|0600, st_size=16, ...}, 0) = 0 <0.000057>
3285  1790834055.500334 newfstatat(AT_FDCWD</home/runner/work/js-wf/js-wf/integration>, "/tmp/TestMixedWorkflowsRecoverFromFourServerFaults874006668/001/node-1/jetstream/$SYS/_js_/S-R3F-0xwj12bZ/tav.idx", {st_mode=S_IFREG|0600, st_size=16, ...}, AT_SYMLINK_NOFOLLOW) = 0 <0.000038>
3285  1790834055.500537 renameat(AT_FDCWD</home/runner/work/js-wf/js-wf/integration>, "/tmp/TestMixedWorkflowsRecoverFromFourServerFaults874006668/001/node-1/jetstream/$SYS/_js_/S-R3F-0xwj12bZ/tav.idx.tmp", AT_FDCWD</home/runner/work/js-wf/js-wf/integration>, "/tmp/TestMixedWorkflowsRecoverFromFourServerFaults874006668/001/node-1/jetstream/$SYS/_js_/S-R3F-0xwj12bZ/tav.idx") = 0 <0.000153>
3285  1790834055.500743 --- SIGURG {si_signo=SIGURG, si_code=SI_TKILL, si_pid=3265, si_uid=1001} ---
3285  1790834055.501523 newfstatat(AT_FDCWD</home/runner/work/js-wf/js-wf/integration>, "/tmp/TestMixedWorkflowsRecoverFromFourServerFaults874006668/001/node-1/jetstream/$SYS/_js_/S-R3F-0xwj12bZ/tav.idx", {st_mode=S_IFREG|0600, st_size=8, ...}, 0) = 0 <0.000028>
3285  1790834055.502542 newfstatat(AT_FDCWD</home/runner/work/js-wf/js-wf/integration>, "/tmp/TestMixedWorkflowsRecoverFromFourServerFaults874006668/001/node-1/jetstream/$SYS/_js_/S-R3F-0xwj12bZ/tav.idx", {st_mode=S_IFREG|0600, st_size=8, ...}, AT_SYMLINK_NOFOLLOW) = 0 <0.000025>
3285  1790834055.502624 renameat(AT_FDCWD</home/runner/work/js-wf/js-wf/integration>, "/tmp/TestMixedWorkflowsRecoverFromFourServerFaults874006668/001/node-1/jetstream/$SYS/_js_/S-R3F-0xwj12bZ/tav.idx.tmp", AT_FDCWD</home/runner/work/js-wf/js-wf/integration>, "/tmp/TestMixedWorkflowsRecoverFromFourServerFaults874006668/001/node-1/jetstream/$SYS/_js_/S-R3F-0xwj12bZ/tav.idx") = 0 <0.000146>
3286  1790834055.616809 --- SIGURG {si_signo=SIGURG, si_code=SI_TKILL, si_pid=3265, si_uid=1001} ---
3286  1790834055.675367 --- SIGURG {si_signo=SIGURG, si_code=SI_TKILL, si_pid=3265, si_uid=1001} ---
3302  1790834055.740043 newfstatat(AT_FDCWD</home/runner/work/js-wf/js-wf/integration>, "/tmp/TestMixedWorkflowsRecoverFromFourServerFaults874006668/001/node-1/jetstream/$SYS/_js_/_meta_/tav.idx", {st_mode=S_IFREG|0600, st_size=16, ...}, 0) = 0 <0.000051>
3302  1790834055.740545 --- SIGURG {si_signo=SIGURG, si_code=SI_TKILL, si_pid=3265, si_uid=1001} ---
3302  1790834055.741513 newfstatat(AT_FDCWD</home/runner/work/js-wf/js-wf/integration>, "/tmp/TestMixedWorkflowsRecoverFromFourServerFaults874006668/001/node-1/jetstream/$SYS/_js_/_meta_/tav.idx", {st_mode=S_IFREG|0600, st_size=16, ...}, AT_SYMLINK_NOFOLLOW) = 0 <0.000036>
3302  1790834055.741643 renameat(AT_FDCWD</home/runner/work/js-wf/js-wf/integration>, "/tmp/TestMixedWorkflowsRecoverFromFourServerFaults874006668/001/node-1/jetstream/$SYS/_js_/_meta_/tav.idx.tmp", AT_FDCWD</home/runner/work/js-wf/js-wf/integration>, "/tmp/TestMixedWorkflowsRecoverFromFourServerFaults874006668/001/node-1/jetstream/$SYS/_js_/_meta_/tav.idx") = 0 <0.000139>
3302  1790834055.742461 newfstatat(AT_FDCWD</home/runner/work/js-wf/js-wf/integration>, "/tmp/TestMixedWorkflowsRecoverFromFourServerFaults874006668/001/node-1/jetstream/$SYS/_js_/_meta_/tav.idx", {st_mode=S_IFREG|0600, st_size=8, ...}, 0) = 0 <0.000026>
3302  1790834055.743325 newfstatat(AT_FDCWD</home/runner/work/js-wf/js-wf/integration>, "/tmp/TestMixedWorkflowsRecoverFromFourServerFaults874006668/001/node-1/jetstream/$SYS/_js_/_meta_/tav.idx", {st_mode=S_IFREG|0600, st_size=8, ...}, AT_SYMLINK_NOFOLLOW) = 0 <0.000026>
3302  1790834055.743424 renameat(AT_FDCWD</home/runner/work/js-wf/js-wf/integration>, "/tmp/TestMixedWorkflowsRecoverFromFourServerFaults874006668/001/node-1/jetstream/$SYS/_js_/_meta_/tav.idx.tmp", AT_FDCWD</home/runner/work/js-wf/js-wf/integration>, "/tmp/TestMixedWorkflowsRecoverFromFourServerFaults874006668/001/node-1/jetstream/$SYS/_js_/_meta_/tav.idx") = 0 <0.000147>
3295  1790834055.784477 --- SIGURG {si_signo=SIGURG, si_code=SI_TKILL, si_pid=3265, si_uid=1001} ---
3286  1790834055.827075 --- SIGURG {si_signo=SIGURG, si_code=SI_TKILL, si_pid=3265, si_uid=1001} ---
3302  1790834055.873480 --- SIGURG {si_signo=SIGURG, si_code=SI_TKILL, si_pid=3265, si_uid=1001} ---
3286  1790834055.878954 newfstatat(AT_FDCWD</home/runner/work/js-wf/js-wf/integration>, "/tmp/TestMixedWorkflowsRecoverFromFourServerFaults874006668/001/node-1/jetstream/$SYS/_js_/C-R3F-MUBUTFU3/tav.idx", {st_mode=S_IFREG|0600, st_size=16, ...}, 0) = 0 <0.000054>
3286  1790834055.880164 newfstatat(AT_FDCWD</home/runner/work/js-wf/js-wf/integration>, "/tmp/TestMixedWorkflowsRecoverFromFourServerFaults874006668/001/node-1/jetstream/$SYS/_js_/C-R3F-MUBUTFU3/tav.idx", {st_mode=S_IFREG|0600, st_size=16, ...}, AT_SYMLINK_NOFOLLOW) = 0 <0.000044>
3286  1790834055.880284 renameat(AT_FDCWD</home/runner/work/js-wf/js-wf/integration>, "/tmp/TestMixedWorkflowsRecoverFromFourServerFaults874006668/001/node-1/jetstream/$SYS/_js_/C-R3F-MUBUTFU3/tav.idx.tmp", AT_FDCWD</home/runner/work/js-wf/js-wf/integration>, "/tmp/TestMixedWorkflowsRecoverFromFourServerFaults874006668/001/node-1/jetstream/$SYS/_js_/C-R3F-MUBUTFU3/tav.idx") = 0 <0.000159>
3286  1790834055.881153 newfstatat(AT_FDCWD</home/runner/work/js-wf/js-wf/integration>, "/tmp/TestMixedWorkflowsRecoverFromFourServerFaults874006668/001/node-1/jetstream/$SYS/_js_/C-R3F-MUBUTFU3/tav.idx", {st_mode=S_IFREG|0600, st_size=8, ...}, 0) = 0 <0.000029>
3286  1790834055.882041 newfstatat(AT_FDCWD</home/runner/work/js-wf/js-wf/integration>, "/tmp/TestMixedWorkflowsRecoverFromFourServerFaults874006668/001/node-1/jetstream/$SYS/_js_/C-R3F-MUBUTFU3/tav.idx", {st_mode=S_IFREG|0600, st_size=8, ...}, AT_SYMLINK_NOFOLLOW) = 0 <0.000031>
3286  1790834055.882141 renameat(AT_FDCWD</home/runner/work/js-wf/js-wf/integration>, "/tmp/TestMixedWorkflowsRecoverFromFourServerFaults874006668/001/node-1/jetstream/$SYS/_js_/C-R3F-MUBUTFU3/tav.idx.tmp", AT_FDCWD</home/runner/work/js-wf/js-wf/integration>, "/tmp/TestMixedWorkflowsRecoverFromFourServerFaults874006668/001/node-1/jetstream/$SYS/_js_/C-R3F-MUBUTFU3/tav.idx") = 0 <0.000135>
3302  1790834055.921408 --- SIGURG {si_signo=SIGURG, si_code=SI_TKILL, si_pid=3265, si_uid=1001} ---
3286  1790834055.943032 pwrite64(43</tmp/TestMixedWorkflowsRecoverFromFourServerFaults874006668/001/node-1/jetstream/$SYS/_js_/C-R3F-HBMz3Eb7/msgs/1.blk>, "l\0\0\0\36\0\0\0\0\0\0\0001\225'\354\25R\332\30\0\0St9I6EVH\1\0"..., 108, 3099) = 108 (DELAYED) <0.025117>
3285  1790834055.969487 pwrite64(43</tmp/TestMixedWorkflowsRecoverFromFourServerFaults874006668/001/node-1/jetstream/$SYS/_js_/C-R3F-HBMz3Eb7/msgs/1.blk>, "l\0\0\0\37\0\0\0\0\0\0\0Nq\272\355\25R\332\30\0\0St9I6EVH\1\0"..., 108, 3207 <unfinished ...>
3295  1790834055.990934 --- SIGURG {si_signo=SIGURG, si_code=SI_TKILL, si_pid=3265, si_uid=1001} ---
3285  1790834055.994564 <... pwrite64 resumed>) = 108 (DELAYED) <0.025019>
3285  1790834055.994910 --- SIGURG {si_signo=SIGURG, si_code=SI_TKILL, si_pid=3265, si_uid=1001} ---
3303  1790834056.091787 --- SIGURG {si_signo=SIGURG, si_code=SI_TKILL, si_pid=3265, si_uid=1001} ---
3303  1790834056.197108 pwrite64(49</tmp/TestMixedWorkflowsRecoverFromFourServerFaults874006668/001/node-1/jetstream/$SYS/_js_/C-R3F-JVHEu4zR/msgs/1.blk>, "l\0\0\0\36\0\0\0\0\0\0\0\360\352K\373\25R\332\30\0\0St9I6EVH\1\0"..., 108, 3099) = 108 (DELAYED) <0.025072>
3295  1790834056.224606 pwrite64(49</tmp/TestMixedWorkflowsRecoverFromFourServerFaults874006668/001/node-1/jetstream/$SYS/_js_/C-R3F-JVHEu4zR/msgs/1.blk>, "l\0\0\0\37\0\0\0\0\0\0\0\261\335\357\374\25R\332\30\0\0St9I6EVH\1\0"..., 108, 3207 <unfinished ...>
3271  1790834056.225131 newfstatat(AT_FDCWD</home/runner/work/js-wf/js-wf/integration>, "/tmp/TestMixedWorkflowsRecoverFromFourServerFaults874006668/001/node-1/jetstream/$SYS/_js_/C-R3F-HvwsqB9S/tav.idx", {st_mode=S_IFREG|0600, st_size=16, ...}, 0) = 0 <0.000031>
3303  1790834056.225838 pwrite64(53</tmp/TestMixedWorkflowsRecoverFromFourServerFaults874006668/001/node-1/jetstream/$SYS/_js_/C-R3F-SvU2CKnb/msgs/1.blk>, "l\0\0\0\35\0\0\0\0\0\0\0\227\316\2\375\25R\332\30\0\0St9I6EVH\1\0"..., 108, 3026 <unfinished ...>
3286  1790834056.226807 newfstatat(AT_FDCWD</home/runner/work/js-wf/js-wf/integration>, "/tmp/TestMixedWorkflowsRecoverFromFourServerFaults874006668/001/node-1/jetstream/$SYS/_js_/S-R3F-OEyp3t6z/tav.idx", {st_mode=S_IFREG|0600, st_size=16, ...}, 0) = 0 <0.000360>
3302  1790834056.227644 fstat(42</tmp/TestMixedWorkflowsRecoverFromFourServerFaults874006668/001/node-1/jetstream/$SYS/_js_/C-R3F-Fspi1V4u/msgs/1.blk>, {st_mode=S_IFREG|0600, st_size=878, ...}) = 0 <0.000129>
3302  1790834056.227909 lseek(42</tmp/TestMixedWorkflowsRecoverFromFourServerFaults874006668/001/node-1/jetstream/$SYS/_js_/C-R3F-Fspi1V4u/msgs/1.blk>, 0, SEEK_SET) = 0 <0.000076>
3302  1790834056.228255 fstat(42</tmp/TestMixedWorkflowsRecoverFromFourServerFaults874006668/001/node-1/jetstream/$SYS/_js_/C-R3F-Fspi1V4u/msgs/1.blk>, {st_mode=S_IFREG|0600, st_size=878, ...}) = 0 <0.000220>
3302  1790834056.228633 read(42</tmp/TestMixedWorkflowsRecoverFromFourServerFaults874006668/001/node-1/jetstream/$SYS/_js_/C-R3F-Fspi1V4u/msgs/1.blk>, "p\0\0\0\1\0\0\0\0\0\0\0\213t\355\30\23R\332\30\0\0000WED9nmv\1\0"..., 878) = 878 <0.000057>
3302  1790834056.228800 pwrite64(42</tmp/TestMixedWorkflowsRecoverFromFourServerFaults874006668/001/node-1/jetstream/$SYS/_js_/C-R3F-Fspi1V4u/msgs/1.blk>, "p\0\0\0\t\0\0\0\0\0\0\0\225\203\36\375\25R\332\30\0\0St9I6EVH\2\0"..., 112, 878 <unfinished ...>
3285  1790834056.228941 newfstatat(AT_FDCWD</home/runner/work/js-wf/js-wf/integration>, "/tmp/TestMixedWorkflowsRecoverFromFourServerFaults874006668/001/node-1/jetstream/$SYS/_js_/S-R3F-G9FrvoEG/tav.idx", {st_mode=S_IFREG|0600, st_size=16, ...}, 0) = 0 <0.000180>
3271  1790834056.229571 fstat(23</tmp/TestMixedWorkflowsRecoverFromFourServerFaults874006668/001/node-1/jetstream/$SYS/_js_/S-R3F-CG5S7Gvy/msgs/1.blk>,  <unfinished ...>
3288  1790834056.229635 newfstatat(AT_FDCWD</home/runner/work/js-wf/js-wf/integration>, "/tmp/TestMixedWorkflowsRecoverFromFourServerFaults874006668/001/node-1/jetstream/$SYS/_js_/S-R3F-PgehFPi5/tav.idx", {st_mode=S_IFREG|0600, st_size=16, ...}, 0) = 0 <0.000152>
3271  1790834056.229852 <... fstat resumed>{st_mode=S_IFREG|0600, st_size=49958, ...}) = 0 <0.000237>
3271  1790834056.229937 lseek(23</tmp/TestMixedWorkflowsRecoverFromFourServerFaults874006668/001/node-1/jetstream/$SYS/_js_/S-R3F-CG5S7Gvy/msgs/1.blk>, 0, SEEK_SET <unfinished ...>
3286  1790834056.229977 newfstatat(AT_FDCWD</home/runner/work/js-wf/js-wf/integration>, "/tmp/TestMixedWorkflowsRecoverFromFourServerFaults874006668/001/node-1/jetstream/$SYS/_js_/S-R3F-OEyp3t6z/tav.idx",  <unfinished ...>
3301  1790834056.230020 newfstatat(AT_FDCWD</home/runner/work/js-wf/js-wf/integration>, "/tmp/TestMixedWorkflowsRecoverFromFourServerFaults874006668/001/node-1/jetstream/$SYS/_js_/C-R3F-HvwsqB9S/tav.idx",  <unfinished ...>
3271  1790834056.230056 <... lseek resumed>) = 0 <0.000092>
3286  1790834056.230081 <... newfstatat resumed>{st_mode=S_IFREG|0600, st_size=16, ...}, AT_SYMLINK_NOFOLLOW) = 0 <0.000081>
3301  1790834056.230109 <... newfstatat resumed>{st_mode=S_IFREG|0600, st_size=16, ...}, AT_SYMLINK_NOFOLLOW) = 0 <0.000063>
3286  1790834056.230164 renameat(AT_FDCWD</home/runner/work/js-wf/js-wf/integration>, "/tmp/TestMixedWorkflowsRecoverFromFourServerFaults874006668/001/node-1/jetstream/$SYS/_js_/S-R3F-OEyp3t6z/tav.idx.tmp", AT_FDCWD</home/runner/work/js-wf/js-wf/integration>, "/tmp/TestMixedWorkflowsRecoverFromFourServerFaults874006668/001/node-1/jetstream/$SYS/_js_/S-R3F-OEyp3t6z/tav.idx" <unfinished ...>
3271  1790834056.230224 fstat(23</tmp/TestMixedWorkflowsRecoverFromFourServerFaults874006668/001/node-1/jetstream/$SYS/_js_/S-R3F-CG5S7Gvy/msgs/1.blk>,  <unfinished ...>
3301  1790834056.230262 renameat(AT_FDCWD</home/runner/work/js-wf/js-wf/integration>, "/tmp/TestMixedWorkflowsRecoverFromFourServerFaults874006668/001/node-1/jetstream/$SYS/_js_/C-R3F-HvwsqB9S/tav.idx.tmp", AT_FDCWD</home/runner/work/js-wf/js-wf/integration>, "/tmp/TestMixedWorkflowsRecoverFromFourServerFaults874006668/001/node-1/jetstream/$SYS/_js_/C-R3F-HvwsqB9S/tav.idx" <unfinished ...>
3271  1790834056.230313 <... fstat resumed>{st_mode=S_IFREG|0600, st_size=49958, ...}) = 0 <0.000067>
3271  1790834056.230385 read(23</tmp/TestMixedWorkflowsRecoverFromFourServerFaults874006668/001/node-1/jetstream/$SYS/_js_/S-R3F-CG5S7Gvy/msgs/1.blk>, "p\0\0\0\1\0\0\0\0\0\0\0\216M\206\372\22R\332\30\0\0000WED9nmv\1\0"..., 49958) = 49958 <0.000075>
3286  1790834056.230625 <... renameat resumed>) = 0 <0.000425>
3271  1790834056.230770 pwrite64(23</tmp/TestMixedWorkflowsRecoverFromFourServerFaults874006668/001/node-1/jetstream/$SYS/_js_/S-R3F-CG5S7Gvy/msgs/1.blk>, "p\0\0\0t\0\0\0\0\0\0\0\222q;\375\25R\332\30\0\0St9I6EVH\2\0"..., 112, 49958 <unfinished ...>
3301  1790834056.230860 <... renameat resumed>) = 0 <0.000572>
3276  1790834056.232439 fstat(33</tmp/TestMixedWorkflowsRecoverFromFourServerFaults874006668/001/node-1/jetstream/$SYS/_js_/S-R3F-ZjgojUHp/msgs/1.blk>, {st_mode=S_IFREG|0600, st_size=112, ...}) = 0 <0.000120>
3276  1790834056.232749 lseek(33</tmp/TestMixedWorkflowsRecoverFromFourServerFaults874006668/001/node-1/jetstream/$SYS/_js_/S-R3F-ZjgojUHp/msgs/1.blk>, 0, SEEK_SET <unfinished ...>
3286  1790834056.232799 newfstatat(AT_FDCWD</home/runner/work/js-wf/js-wf/integration>, "/tmp/TestMixedWorkflowsRecoverFromFourServerFaults874006668/001/node-1/jetstream/$SYS/_js_/S-R3F-OEyp3t6z/tav.idx",  <unfinished ...>
3288  1790834056.232849 newfstatat(AT_FDCWD</home/runner/work/js-wf/js-wf/integration>, "/tmp/TestMixedWorkflowsRecoverFromFourServerFaults874006668/001/node-1/jetstream/$SYS/_js_/C-R3F-HBMz3Eb7/tav.idx",  <unfinished ...>
3286  1790834056.232892 <... newfstatat resumed>{st_mode=S_IFREG|0600, st_size=8, ...}, 0) = 0 <0.000067>
3288  1790834056.232916 <... newfstatat resumed>{st_mode=S_IFREG|0600, st_size=16, ...}, 0) = 0 <0.000045>
3276  1790834056.233021 <... lseek resumed>) = 0 <0.000236>
3276  1790834056.233117 fstat(33</tmp/TestMixedWorkflowsRecoverFromFourServerFaults874006668/001/node-1/jetstream/$SYS/_js_/S-R3F-ZjgojUHp/msgs/1.blk>, {st_mode=S_IFREG|0600, st_size=112, ...}) = 0 <0.000052>
3276  1790834056.233248 read(33</tmp/TestMixedWorkflowsRecoverFromFourServerFaults874006668/001/node-1/jetstream/$SYS/_js_/S-R3F-ZjgojUHp/msgs/1.blk>, "p\0\0\0\1\0\0\0\0\0\0\0003\212\242\f\23R\332\30\0\0000WED9nmv\1\0"..., 112) = 112 <0.000063>
3276  1790834056.233433 pwrite64(33</tmp/TestMixedWorkflowsRecoverFromFourServerFaults874006668/001/node-1/jetstream/$SYS/_js_/S-R3F-ZjgojUHp/msgs/1.blk>, "p\0\0\0\2\0\0\0\0\0\0\0\251~g\375\25R\332\30\0\0St9I6EVH\2\0"..., 112, 112 <unfinished ...>
3301  1790834056.233960 newfstatat(AT_FDCWD</home/runner/work/js-wf/js-wf/integration>, "/tmp/TestMixedWorkflowsRecoverFromFourServerFaults874006668/001/node-1/jetstream/$SYS/_js_/S-R3F-PgehFPi5/tav.idx", {st_mode=S_IFREG|0600, st_size=16, ...}, AT_SYMLINK_NOFOLLOW) = 0 <0.000044>
3301  1790834056.234074 renameat(AT_FDCWD</home/runner/work/js-wf/js-wf/integration>, "/tmp/TestMixedWorkflowsRecoverFromFourServerFaults874006668/001/node-1/jetstream/$SYS/_js_/S-R3F-PgehFPi5/tav.idx.tmp", AT_FDCWD</home/runner/work/js-wf/js-wf/integration>, "/tmp/TestMixedWorkflowsRecoverFromFourServerFaults874006668/001/node-1/jetstream/$SYS/_js_/S-R3F-PgehFPi5/tav.idx") = 0 <0.000180>
3288  1790834056.234344 newfstatat(AT_FDCWD</home/runner/work/js-wf/js-wf/integration>, "/tmp/TestMixedWorkflowsRecoverFromFourServerFaults874006668/001/node-1/jetstream/$SYS/_js_/C-R3F-HBMz3Eb7/tav.idx", {st_mode=S_IFREG|0600, st_size=16, ...}, AT_SYMLINK_NOFOLLOW) = 0 <0.000027>
3288  1790834056.234478 renameat(AT_FDCWD</home/runner/work/js-wf/js-wf/integration>, "/tmp/TestMixedWorkflowsRecoverFromFourServerFaults874006668/001/node-1/jetstream/$SYS/_js_/C-R3F-HBMz3Eb7/tav.idx.tmp", AT_FDCWD</home/runner/work/js-wf/js-wf/integration>, "/tmp/TestMixedWorkflowsRecoverFromFourServerFaults874006668/001/node-1/jetstream/$SYS/_js_/C-R3F-HBMz3Eb7/tav.idx" <unfinished ...>
3313  1790834056.234621 newfstatat(AT_FDCWD</home/runner/work/js-wf/js-wf/integration>, "/tmp/TestMixedWorkflowsRecoverFromFourServerFaults874006668/001/node-1/jetstream/$SYS/_js_/S-R3F-G9FrvoEG/tav.idx",  <unfinished ...>
3288  1790834056.234656 <... renameat resumed>) = 0 <0.000155>
3313  1790834056.234691 <... newfstatat resumed>{st_mode=S_IFREG|0600, st_size=16, ...}, AT_SYMLINK_NOFOLLOW) = 0 <0.000050>
3313  1790834056.234743 renameat(AT_FDCWD</home/runner/work/js-wf/js-wf/integration>, "/tmp/TestMixedWorkflowsRecoverFromFourServerFaults874006668/001/node-1/jetstream/$SYS/_js_/S-R3F-G9FrvoEG/tav.idx.tmp", AT_FDCWD</home/runner/work/js-wf/js-wf/integration>, "/tmp/TestMixedWorkflowsRecoverFromFourServerFaults874006668/001/node-1/jetstream/$SYS/_js_/S-R3F-G9FrvoEG/tav.idx") = 0 <0.000163>
3286  1790834056.234999 fstat(29</tmp/TestMixedWorkflowsRecoverFromFourServerFaults874006668/001/node-1/jetstream/$SYS/_js_/S-R3F-Tm3bocmd/msgs/1.blk>, {st_mode=S_IFREG|0600, st_size=53566, ...}) = 0 <0.000058>
3286  1790834056.235127 lseek(29</tmp/TestMixedWorkflowsRecoverFromFourServerFaults874006668/001/node-1/jetstream/$SYS/_js_/S-R3F-Tm3bocmd/msgs/1.blk>, 0, SEEK_SET) = 0 <0.000072>
3286  1790834056.235290 fstat(29</tmp/TestMixedWorkflowsRecoverFromFourServerFaults874006668/001/node-1/jetstream/$SYS/_js_/S-R3F-Tm3bocmd/msgs/1.blk>,  <unfinished ...>
3301  1790834056.235326 newfstatat(AT_FDCWD</home/runner/work/js-wf/js-wf/integration>, "/tmp/TestMixedWorkflowsRecoverFromFourServerFaults874006668/001/node-1/jetstream/$SYS/_js_/S-R3F-PgehFPi5/tav.idx", {st_mode=S_IFREG|0600, st_size=8, ...}, 0) = 0 <0.000056>
3286  1790834056.235414 <... fstat resumed>{st_mode=S_IFREG|0600, st_size=53566, ...}) = 0 <0.000104>
3286  1790834056.235496 read(29</tmp/TestMixedWorkflowsRecoverFromFourServerFaults874006668/001/node-1/jetstream/$SYS/_js_/S-R3F-Tm3bocmd/msgs/1.blk>, "p\0\0\0\1\0\0\0\0\0\0\0\27\33q\5\23R\332\30\0\0000WED9nmv\1\0"..., 53566) = 53566 <0.000038>
3286  1790834056.235617 pwrite64(29</tmp/TestMixedWorkflowsRecoverFromFourServerFaults874006668/001/node-1/jetstream/$SYS/_js_/S-R3F-Tm3bocmd/msgs/1.blk>, "p\0\0\0\253\0\0\0\0\0\0\0\312C\216\375\25R\332\30\0\0St9I6EVH\2\0"..., 112, 53566 <unfinished ...>
3288  1790834056.235742 fstat(48</tmp/TestMixedWorkflowsRecoverFromFourServerFaults874006668/001/node-1/jetstream/$SYS/_js_/C-R3F-BJrVOQpv/msgs/1.blk>, {st_mode=S_IFREG|0600, st_size=433, ...}) = 0 <0.000025>
3288  1790834056.235884 lseek(48</tmp/TestMixedWorkflowsRecoverFromFourServerFaults874006668/001/node-1/jetstream/$SYS/_js_/C-R3F-BJrVOQpv/msgs/1.blk>, 0, SEEK_SET) = 0 <0.000040>
3288  1790834056.235986 fstat(48</tmp/TestMixedWorkflowsRecoverFromFourServerFaults874006668/001/node-1/jetstream/$SYS/_js_/C-R3F-BJrVOQpv/msgs/1.blk>, {st_mode=S_IFREG|0600, st_size=433, ...}) = 0 <0.000110>
3288  1790834056.236201 read(48</tmp/TestMixedWorkflowsRecoverFromFourServerFaults874006668/001/node-1/jetstream/$SYS/_js_/C-R3F-BJrVOQpv/msgs/1.blk>, "p\0\0\0\1\0\0\0\0\0\0\0b\333\354\31\23R\332\30\0\0000m6vARoZ\1\0"..., 433) = 433 <0.000078>
3288  1790834056.236442 pwrite64(48</tmp/TestMixedWorkflowsRecoverFromFourServerFaults874006668/001/node-1/jetstream/$SYS/_js_/C-R3F-BJrVOQpv/msgs/1.blk>, "p\0\0\0\5\0\0\0\0\0\0\0|\254\231\375\25R\332\30\0\0St9I6EVH\3\0"..., 112, 433 <unfinished ...>
3301  1790834056.236595 newfstatat(AT_FDCWD</home/runner/work/js-wf/js-wf/integration>, "/tmp/TestMixedWorkflowsRecoverFromFourServerFaults874006668/001/node-1/jetstream/$SYS/_js_/S-R3F-PgehFPi5/tav.idx", {st_mode=S_IFREG|0600, st_size=8, ...}, AT_SYMLINK_NOFOLLOW) = 0 <0.000053>
3301  1790834056.236738 renameat(AT_FDCWD</home/runner/work/js-wf/js-wf/integration>, "/tmp/TestMixedWorkflowsRecoverFromFourServerFaults874006668/001/node-1/jetstream/$SYS/_js_/S-R3F-PgehFPi5/tav.idx.tmp", AT_FDCWD</home/runner/work/js-wf/js-wf/integration>, "/tmp/TestMixedWorkflowsRecoverFromFourServerFaults874006668/001/node-1/jetstream/$SYS/_js_/S-R3F-PgehFPi5/tav.idx") = 0 <0.000322>
3285  1790834056.237442 newfstatat(AT_FDCWD</home/runner/work/js-wf/js-wf/integration>, "/tmp/TestMixedWorkflowsRecoverFromFourServerFaults874006668/001/node-1/jetstream/$SYS/_js_/C-R3F-tOdRrkzy/tav.idx", {st_mode=S_IFREG|0600, st_size=16, ...}, 0) = 0 <0.000043>
3314  1790834056.237935 fstat(39</tmp/TestMixedWorkflowsRecoverFromFourServerFaults874006668/001/node-1/jetstream/$SYS/_js_/C-R3F-7OjMKAQS/msgs/1.blk>, {st_mode=S_IFREG|0600, st_size=709, ...}) = 0 <0.000030>
3314  1790834056.238062 lseek(39</tmp/TestMixedWorkflowsRecoverFromFourServerFaults874006668/001/node-1/jetstream/$SYS/_js_/C-R3F-7OjMKAQS/msgs/1.blk>, 0, SEEK_SET) = 0 <0.000026>
3314  1790834056.238134 fstat(39</tmp/TestMixedWorkflowsRecoverFromFourServerFaults874006668/001/node-1/jetstream/$SYS/_js_/C-R3F-7OjMKAQS/msgs/1.blk>, {st_mode=S_IFREG|0600, st_size=709, ...}) = 0 <0.000022>
3314  1790834056.238262 read(39</tmp/TestMixedWorkflowsRecoverFromFourServerFaults874006668/001/node-1/jetstream/$SYS/_js_/C-R3F-7OjMKAQS/msgs/1.blk>,  <unfinished ...>
3313  1790834056.238304 fstat(19</tmp/TestMixedWorkflowsRecoverFromFourServerFaults874006668/001/node-1/jetstream/$SYS/_js_/S-R3F-0xwj12bZ/msgs/1.blk>,  <unfinished ...>
3314  1790834056.238377 <... read resumed>"p\0\0\0\1\0\0\0\0\0\0\0\10\5\300\27\23R\332\30\0\0000WED9nmv\1\0"..., 709) = 709 <0.000093>
3313  1790834056.238405 <... fstat resumed>{st_mode=S_IFREG|0600, st_size=11325, ...}) = 0 <0.000080>
3314  1790834056.238452 pwrite64(39</tmp/TestMixedWorkflowsRecoverFromFourServerFaults874006668/001/node-1/jetstream/$SYS/_js_/C-R3F-7OjMKAQS/msgs/1.blk>, "p\0\0\0\10\0\0\0\0\0\0\0G\201\273\375\25R\332\30\0\0St9I6EVH\3\0"..., 112, 709 <unfinished ...>
3313  1790834056.238487 lseek(19</tmp/TestMixedWorkflowsRecoverFromFourServerFaults874006668/001/node-1/jetstream/$SYS/_js_/S-R3F-0xwj12bZ/msgs/1.blk>, 0, SEEK_SET) = 0 <0.000024>
3313  1790834056.238565 fstat(19</tmp/TestMixedWorkflowsRecoverFromFourServerFaults874006668/001/node-1/jetstream/$SYS/_js_/S-R3F-0xwj12bZ/msgs/1.blk>, {st_mode=S_IFREG|0600, st_size=11325, ...}) = 0 <0.000021>
3313  1790834056.238626 read(19</tmp/TestMixedWorkflowsRecoverFromFourServerFaults874006668/001/node-1/jetstream/$SYS/_js_/S-R3F-0xwj12bZ/msgs/1.blk>, "p\0\0\0\1\0\0\0\0\0\0\0\204\4X\363\22R\332\30\0\0000WED9nmv\1\0"..., 11325) = 11325 <0.000072>
3313  1790834056.238764 pwrite64(19</tmp/TestMixedWorkflowsRecoverFromFourServerFaults874006668/001/node-1/jetstream/$SYS/_js_/S-R3F-0xwj12bZ/msgs/1.blk>, "p\0\0\0\35\0\0\0\0\0\0\0q\372\277\375\25R\332\30\0\0St9I6EVH\3\0"..., 112, 11325 <unfinished ...>
3285  1790834056.238838 newfstatat(AT_FDCWD</home/runner/work/js-wf/js-wf/integration>, "/tmp/TestMixedWorkflowsRecoverFromFourServerFaults874006668/001/node-1/jetstream/$SYS/_js_/C-R3F-tOdRrkzy/tav.idx", {st_mode=S_IFREG|0600, st_size=16, ...}, AT_SYMLINK_NOFOLLOW) = 0 <0.000020>
3285  1790834056.238908 renameat(AT_FDCWD</home/runner/work/js-wf/js-wf/integration>, "/tmp/TestMixedWorkflowsRecoverFromFourServerFaults874006668/001/node-1/jetstream/$SYS/_js_/C-R3F-tOdRrkzy/tav.idx.tmp", AT_FDCWD</home/runner/work/js-wf/js-wf/integration>, "/tmp/TestMixedWorkflowsRecoverFromFourServerFaults874006668/001/node-1/jetstream/$SYS/_js_/C-R3F-tOdRrkzy/tav.idx") = 0 <0.000148>
3301  1790834056.239130 fstat(7</tmp/TestMixedWorkflowsRecoverFromFourServerFaults874006668/001/node-1/jetstream/$SYS/_js_/_meta_/msgs/2.blk>, {st_mode=S_IFREG|0600, st_size=23489, ...}) = 0 <0.000029>
3301  1790834056.239209 lseek(7</tmp/TestMixedWorkflowsRecoverFromFourServerFaults874006668/001/node-1/jetstream/$SYS/_js_/_meta_/msgs/2.blk>, 0, SEEK_SET) = 0 <0.000033>
3301  1790834056.239292 fstat(7</tmp/TestMixedWorkflowsRecoverFromFourServerFaults874006668/001/node-1/jetstream/$SYS/_js_/_meta_/msgs/2.blk>, {st_mode=S_IFREG|0600, st_size=23489, ...}) = 0 <0.000036>
3301  1790834056.239403 read(7</tmp/TestMixedWorkflowsRecoverFromFourServerFaults874006668/001/node-1/jetstream/$SYS/_js_/_meta_/msgs/2.blk>, "\36\0\0\0\1\0\0\0\0\0\0@\0\0\32=\353\3\262\241\0\0\335[\22;\n\304\v\350V\0"..., 23489) = 23489 <0.000067>
3301  1790834056.239542 pwrite64(7</tmp/TestMixedWorkflowsRecoverFromFourServerFaults874006668/001/node-1/jetstream/$SYS/_js_/_meta_/msgs/2.blk>, "p\0\0\0\34\0\0\0\0\0\0\0\224\267\315\375\25R\332\30\0\0St9I6EVH\3\0"..., 112, 23489 <unfinished ...>
3315  1790834056.239564 newfstatat(AT_FDCWD</home/runner/work/js-wf/js-wf/integration>, "/tmp/TestMixedWorkflowsRecoverFromFourServerFaults874006668/001/node-1/jetstream/$SYS/_js_/S-R3F-OEyp3t6z/tav.idx", {st_mode=S_IFREG|0600, st_size=8, ...}, AT_SYMLINK_NOFOLLOW) = 0 <0.000025>
3315  1790834056.239660 renameat(AT_FDCWD</home/runner/work/js-wf/js-wf/integration>, "/tmp/TestMixedWorkflowsRecoverFromFourServerFaults874006668/001/node-1/jetstream/$SYS/_js_/S-R3F-OEyp3t6z/tav.idx.tmp", AT_FDCWD</home/runner/work/js-wf/js-wf/integration>, "/tmp/TestMixedWorkflowsRecoverFromFourServerFaults874006668/001/node-1/jetstream/$SYS/_js_/S-R3F-OEyp3t6z/tav.idx") = 0 <0.000116>
3285  1790834056.240260 newfstatat(AT_FDCWD</home/runner/work/js-wf/js-wf/integration>, "/tmp/TestMixedWorkflowsRecoverFromFourServerFaults874006668/001/node-1/jetstream/$SYS/_js_/S-R3F-SmLKnMBQ/tav.idx", {st_mode=S_IFREG|0600, st_size=16, ...}, 0) = 0 <0.000045>
3316  1790834056.240601 fstat(40</tmp/TestMixedWorkflowsRecoverFromFourServerFaults874006668/001/node-1/jetstream/$SYS/_js_/C-R3F-MUBUTFU3/msgs/1.blk>, {st_mode=S_IFREG|0600, st_size=360, ...}) = 0 <0.000025>
3316  1790834056.240682 lseek(40</tmp/TestMixedWorkflowsRecoverFromFourServerFaults874006668/001/node-1/jetstream/$SYS/_js_/C-R3F-MUBUTFU3/msgs/1.blk>, 0, SEEK_SET) = 0 <0.000018>
3316  1790834056.240739 fstat(40</tmp/TestMixedWorkflowsRecoverFromFourServerFaults874006668/001/node-1/jetstream/$SYS/_js_/C-R3F-MUBUTFU3/msgs/1.blk>, {st_mode=S_IFREG|0600, st_size=360, ...}) = 0 <0.000032>
3316  1790834056.240826 read(40</tmp/TestMixedWorkflowsRecoverFromFourServerFaults874006668/001/node-1/jetstream/$SYS/_js_/C-R3F-MUBUTFU3/msgs/1.blk>, "p\0\0\0\1\0\0\0\0\0\0\0+iL\30\23R\332\30\0\0000WED9nmv\1\0"..., 360) = 360 <0.000060>
3316  1790834056.240975 pwrite64(40</tmp/TestMixedWorkflowsRecoverFromFourServerFaults874006668/001/node-1/jetstream/$SYS/_js_/C-R3F-MUBUTFU3/msgs/1.blk>, "p\0\0\0\4\0\0\0\0\0\0\0Y/\344\375\25R\332\30\0\0St9I6EVH\3\0"..., 112, 360 <unfinished ...>
3285  1790834056.241599 newfstatat(AT_FDCWD</home/runner/work/js-wf/js-wf/integration>, "/tmp/TestMixedWorkflowsRecoverFromFourServerFaults874006668/001/node-1/jetstream/$SYS/_js_/S-R3F-SmLKnMBQ/tav.idx", {st_mode=S_IFREG|0600, st_size=16, ...}, AT_SYMLINK_NOFOLLOW) = 0 <0.000033>
3285  1790834056.241743 renameat(AT_FDCWD</home/runner/work/js-wf/js-wf/integration>, "/tmp/TestMixedWorkflowsRecoverFromFourServerFaults874006668/001/node-1/jetstream/$SYS/_js_/S-R3F-SmLKnMBQ/tav.idx.tmp", AT_FDCWD</home/runner/work/js-wf/js-wf/integration>, "/tmp/TestMixedWorkflowsRecoverFromFourServerFaults874006668/001/node-1/jetstream/$SYS/_js_/S-R3F-SmLKnMBQ/tav.idx") = 0 <0.000247>
3317  1790834056.242403 fstat(46</tmp/TestMixedWorkflowsRecoverFromFourServerFaults874006668/001/node-1/jetstream/$SYS/_js_/C-R3F-mMm2NIUQ/msgs/1.blk>, {st_mode=S_IFREG|0600, st_size=796, ...}) = 0 <0.000032>
3317  1790834056.242539 lseek(46</tmp/TestMixedWorkflowsRecoverFromFourServerFaults874006668/001/node-1/jetstream/$SYS/_js_/C-R3F-mMm2NIUQ/msgs/1.blk>, 0, SEEK_SET) = 0 <0.000041>
3317  1790834056.242632 fstat(46</tmp/TestMixedWorkflowsRecoverFromFourServerFaults874006668/001/node-1/jetstream/$SYS/_js_/C-R3F-mMm2NIUQ/msgs/1.blk>, {st_mode=S_IFREG|0600, st_size=796, ...}) = 0 <0.000041>
3317  1790834056.242741 read(46</tmp/TestMixedWorkflowsRecoverFromFourServerFaults874006668/001/node-1/jetstream/$SYS/_js_/C-R3F-mMm2NIUQ/msgs/1.blk>, "p\0\0\0\1\0\0\0\0\0\0\0\257o\235\31\23R\332\30\0\0000m6vARoZ\1\0"..., 796) = 796 <0.000046>
3317  1790834056.242863 pwrite64(46</tmp/TestMixedWorkflowsRecoverFromFourServerFaults874006668/001/node-1/jetstream/$SYS/_js_/C-R3F-mMm2NIUQ/msgs/1.blk>, "p\0\0\0\t\0\0\0\0\0\0\0A@\377\375\25R\332\30\0\0St9I6EVH\3\0"..., 112, 796 <unfinished ...>
3318  1790834056.243008 fstat(41</tmp/TestMixedWorkflowsRecoverFromFourServerFaults874006668/001/node-1/jetstream/$SYS/_js_/C-R3F-U2k39UyT/msgs/1.blk>, {st_mode=S_IFREG|0600, st_size=835, ...}) = 0 <0.000026>
3318  1790834056.243094 lseek(41</tmp/TestMixedWorkflowsRecoverFromFourServerFaults874006668/001/node-1/jetstream/$SYS/_js_/C-R3F-U2k39UyT/msgs/1.blk>, 0, SEEK_SET) = 0 <0.000030>
3318  1790834056.243165 fstat(41</tmp/TestMixedWorkflowsRecoverFromFourServerFaults874006668/001/node-1/jetstream/$SYS/_js_/C-R3F-U2k39UyT/msgs/1.blk>,  <unfinished ...>
3285  1790834056.243193 newfstatat(AT_FDCWD</home/runner/work/js-wf/js-wf/integration>, "/tmp/TestMixedWorkflowsRecoverFromFourServerFaults874006668/001/node-1/jetstream/$SYS/_js_/S-R3F-SmLKnMBQ/tav.idx",  <unfinished ...>
3318  1790834056.243234 <... fstat resumed>{st_mode=S_IFREG|0600, st_size=835, ...}) = 0 <0.000048>
3285  1790834056.243277 <... newfstatat resumed>{st_mode=S_IFREG|0600, st_size=8, ...}, 0) = 0 <0.000055>
3318  1790834056.243310 read(41</tmp/TestMixedWorkflowsRecoverFromFourServerFaults874006668/001/node-1/jetstream/$SYS/_js_/C-R3F-U2k39UyT/msgs/1.blk>, "p\0\0\0\1\0\0\0\0\0\0\0\243F\222\30\23R\332\30\0\0000WED9nmv\1\0"..., 835) = 835 <0.000064>
3318  1790834056.243503 pwrite64(41</tmp/TestMixedWorkflowsRecoverFromFourServerFaults874006668/001/node-1/jetstream/$SYS/_js_/C-R3F-U2k39UyT/msgs/1.blk>, "p\0\0\0\t\0\0\0\0\0\0\0^\317\10\376\25R\332\30\0\0St9I6EVH\3\0"..., 112, 835 <unfinished ...>
3315  1790834056.243933 fstat(45</tmp/TestMixedWorkflowsRecoverFromFourServerFaults874006668/001/node-1/jetstream/$SYS/_js_/C-R3F-Qi7jewV8/msgs/1.blk>, {st_mode=S_IFREG|0600, st_size=433, ...}) = 0 <0.000035>
3315  1790834056.244058 lseek(45</tmp/TestMixedWorkflowsRecoverFromFourServerFaults874006668/001/node-1/jetstream/$SYS/_js_/C-R3F-Qi7jewV8/msgs/1.blk>, 0, SEEK_SET) = 0 <0.000022>
3315  1790834056.244150 fstat(45</tmp/TestMixedWorkflowsRecoverFromFourServerFaults874006668/001/node-1/jetstream/$SYS/_js_/C-R3F-Qi7jewV8/msgs/1.blk>, {st_mode=S_IFREG|0600, st_size=433, ...}) = 0 <0.000023>
3315  1790834056.244239 read(45</tmp/TestMixedWorkflowsRecoverFromFourServerFaults874006668/001/node-1/jetstream/$SYS/_js_/C-R3F-Qi7jewV8/msgs/1.blk>, "p\0\0\0\1\0\0\0\0\0\0\0\223`\224\31\23R\332\30\0\0000WED9nmv\1\0"..., 433) = 433 <0.000052>
3315  1790834056.244365 pwrite64(45</tmp/TestMixedWorkflowsRecoverFromFourServerFaults874006668/001/node-1/jetstream/$SYS/_js_/C-R3F-Qi7jewV8/msgs/1.blk>, "p\0\0\0\5\0\0\0\0\0\0\0\3\353\26\376\25R\332\30\0\0St9I6EVH\3\0"..., 112, 433 <unfinished ...>
3285  1790834056.244447 newfstatat(AT_FDCWD</home/runner/work/js-wf/js-wf/integration>, "/tmp/TestMixedWorkflowsRecoverFromFourServerFaults874006668/001/node-1/jetstream/$SYS/_js_/S-R3F-SmLKnMBQ/tav.idx", {st_mode=S_IFREG|0600, st_size=8, ...}, AT_SYMLINK_NOFOLLOW) = 0 <0.000028>
3285  1790834056.244540 renameat(AT_FDCWD</home/runner/work/js-wf/js-wf/integration>, "/tmp/TestMixedWorkflowsRecoverFromFourServerFaults874006668/001/node-1/jetstream/$SYS/_js_/S-R3F-SmLKnMBQ/tav.idx.tmp", AT_FDCWD</home/runner/work/js-wf/js-wf/integration>, "/tmp/TestMixedWorkflowsRecoverFromFourServerFaults874006668/001/node-1/jetstream/$SYS/_js_/S-R3F-SmLKnMBQ/tav.idx") = 0 <0.000119>
3319  1790834056.245875 fstat(35</tmp/TestMixedWorkflowsRecoverFromFourServerFaults874006668/001/node-1/jetstream/$SYS/_js_/S-R3F-PgehFPi5/msgs/2.blk>, {st_mode=S_IFREG|0600, st_size=30, ...}) = 0 <0.000038>
3319  1790834056.245984 lseek(35</tmp/TestMixedWorkflowsRecoverFromFourServerFaults874006668/001/node-1/jetstream/$SYS/_js_/S-R3F-PgehFPi5/msgs/2.blk>, 0, SEEK_SET) = 0 <0.000080>
3285  1790834056.246170 fstat(31</tmp/TestMixedWorkflowsRecoverFromFourServerFaults874006668/001/node-1/jetstream/$SYS/_js_/S-R3F-OEyp3t6z/msgs/2.blk>, {st_mode=S_IFREG|0600, st_size=30, ...}) = 0 <0.000041>
3319  1790834056.246279 fstat(35</tmp/TestMixedWorkflowsRecoverFromFourServerFaults874006668/001/node-1/jetstream/$SYS/_js_/S-R3F-PgehFPi5/msgs/2.blk>,  <unfinished ...>
3285  1790834056.246336 lseek(31</tmp/TestMixedWorkflowsRecoverFromFourServerFaults874006668/001/node-1/jetstream/$SYS/_js_/S-R3F-OEyp3t6z/msgs/2.blk>, 0, SEEK_SET <unfinished ...>
3319  1790834056.246380 <... fstat resumed>{st_mode=S_IFREG|0600, st_size=30, ...}) = 0 <0.000079>
3285  1790834056.246414 <... lseek resumed>) = 0 <0.000061>
3319  1790834056.246476 read(35</tmp/TestMixedWorkflowsRecoverFromFourServerFaults874006668/001/node-1/jetstream/$SYS/_js_/S-R3F-PgehFPi5/msgs/2.blk>,  <unfinished ...>
3285  1790834056.246507 fstat(31</tmp/TestMixedWorkflowsRecoverFromFourServerFaults874006668/001/node-1/jetstream/$SYS/_js_/S-R3F-OEyp3t6z/msgs/2.blk>,  <unfinished ...>
3319  1790834056.246539 <... read resumed>"\36\0\0\0\1\0\0\0\0\0\0@~tK\20\23R\332\30\0\0007m\230\206\333\\\36\245", 30) = 30 <0.000045>
3285  1790834056.246588 <... fstat resumed>{st_mode=S_IFREG|0600, st_size=30, ...}) = 0 <0.000062>
3319  1790834056.246641 pwrite64(35</tmp/TestMixedWorkflowsRecoverFromFourServerFaults874006668/001/node-1/jetstream/$SYS/_js_/S-R3F-PgehFPi5/msgs/2.blk>, "p\0\0\0\2\0\0\0\0\0\0\0\25|4\376\25R\332\30\0\0000WED9nmv\2\0"..., 112, 30 <unfinished ...>
3320  1790834056.246687 fstat(27</tmp/TestMixedWorkflowsRecoverFromFourServerFaults874006668/001/node-1/jetstream/$SYS/_js_/S-R3F-SmLKnMBQ/msgs/2.blk>,  <unfinished ...>
3285  1790834056.246714 read(31</tmp/TestMixedWorkflowsRecoverFromFourServerFaults874006668/001/node-1/jetstream/$SYS/_js_/S-R3F-OEyp3t6z/msgs/2.blk>,  <unfinished ...>
3320  1790834056.246735 <... fstat resumed>{st_mode=S_IFREG|0600, st_size=30, ...}) = 0 <0.000035>
3285  1790834056.246763 <... read resumed>"\36\0\0\0\1\0\0\0\0\0\0@\206\233\6\t\23R\332\30\0\0\307\322\366K\304\247\343\252", 30) = 30 <0.000034>
3320  1790834056.246794 lseek(27</tmp/TestMixedWorkflowsRecoverFromFourServerFaults874006668/001/node-1/jetstream/$SYS/_js_/S-R3F-SmLKnMBQ/msgs/2.blk>, 0, SEEK_SET <unfinished ...>
3285  1790834056.246828 pwrite64(31</tmp/TestMixedWorkflowsRecoverFromFourServerFaults874006668/001/node-1/jetstream/$SYS/_js_/S-R3F-OEyp3t6z/msgs/2.blk>, "p\0\0\0\2\0\0\0\0\0\0\0\22\3428\376\25R\332\30\0\0000WED9nmv\2\0"..., 112, 30 <unfinished ...>
3320  1790834056.246851 <... lseek resumed>) = 0 <0.000043>
3320  1790834056.246891 fstat(27</tmp/TestMixedWorkflowsRecoverFromFourServerFaults874006668/001/node-1/jetstream/$SYS/_js_/S-R3F-SmLKnMBQ/msgs/2.blk>, {st_mode=S_IFREG|0600, st_size=30, ...}) = 0 <0.000018>
3320  1790834056.246963 read(27</tmp/TestMixedWorkflowsRecoverFromFourServerFaults874006668/001/node-1/jetstream/$SYS/_js_/S-R3F-SmLKnMBQ/msgs/2.blk>, "\36\0\0\0\1\0\0\0\0\0\0@\262\236\314\1\23R\332\30\0\0007\23\v\ve\"\202\304", 30) = 30 <0.000041>
3320  1790834056.247082 pwrite64(27</tmp/TestMixedWorkflowsRecoverFromFourServerFaults874006668/001/node-1/jetstream/$SYS/_js_/S-R3F-SmLKnMBQ/msgs/2.blk>, "p\0\0\0\2\0\0\0\0\0\0\0\244\247@\376\25R\332\30\0\0000WED9nmv\2\0"..., 112, 30 <unfinished ...>
3295  1790834056.249710 <... pwrite64 resumed>) = 108 (DELAYED) <0.024850>
3295  1790834056.249820 newfstatat(AT_FDCWD</home/runner/work/js-wf/js-wf/integration>, "/tmp/TestMixedWorkflowsRecoverFromFourServerFaults874006668/001/node-1/jetstream/$SYS/_js_/C-R3F-JVHEu4zR/tav.idx", {st_mode=S_IFREG|0600, st_size=16, ...}, 0) = 0 <0.000013>
3295  1790834056.250718 newfstatat(AT_FDCWD</home/runner/work/js-wf/js-wf/integration>, "/tmp/TestMixedWorkflowsRecoverFromFourServerFaults874006668/001/node-1/jetstream/$SYS/_js_/C-R3F-JVHEu4zR/tav.idx", {st_mode=S_IFREG|0600, st_size=16, ...}, AT_SYMLINK_NOFOLLOW) = 0 <0.000014>
3295  1790834056.250788 renameat(AT_FDCWD</home/runner/work/js-wf/js-wf/integration>, "/tmp/TestMixedWorkflowsRecoverFromFourServerFaults874006668/001/node-1/jetstream/$SYS/_js_/C-R3F-JVHEu4zR/tav.idx.tmp", AT_FDCWD</home/runner/work/js-wf/js-wf/integration>, "/tmp/TestMixedWorkflowsRecoverFromFourServerFaults874006668/001/node-1/jetstream/$SYS/_js_/C-R3F-JVHEu4zR/tav.idx" <unfinished ...>
3303  1790834056.250951 <... pwrite64 resumed>) = 108 (DELAYED) <0.024692>
3295  1790834056.250991 <... renameat resumed>) = 0 <0.000176>
3303  1790834056.251147 newfstatat(AT_FDCWD</home/runner/work/js-wf/js-wf/integration>, "/tmp/TestMixedWorkflowsRecoverFromFourServerFaults874006668/001/node-1/jetstream/$SYS/_js_/C-R3F-SvU2CKnb/tav.idx", {st_mode=S_IFREG|0600, st_size=16, ...}, 0) = 0 <0.000036>
3303  1790834056.252379 newfstatat(AT_FDCWD</home/runner/work/js-wf/js-wf/integration>, "/tmp/TestMixedWorkflowsRecoverFromFourServerFaults874006668/001/node-1/jetstream/$SYS/_js_/C-R3F-SvU2CKnb/tav.idx", {st_mode=S_IFREG|0600, st_size=16, ...}, AT_SYMLINK_NOFOLLOW) = 0 <0.000031>
3303  1790834056.252494 renameat(AT_FDCWD</home/runner/work/js-wf/js-wf/integration>, "/tmp/TestMixedWorkflowsRecoverFromFourServerFaults874006668/001/node-1/jetstream/$SYS/_js_/C-R3F-SvU2CKnb/tav.idx.tmp", AT_FDCWD</home/runner/work/js-wf/js-wf/integration>, "/tmp/TestMixedWorkflowsRecoverFromFourServerFaults874006668/001/node-1/jetstream/$SYS/_js_/C-R3F-SvU2CKnb/tav.idx") = 0 <0.000198>
3302  1790834056.253861 <... pwrite64 resumed>) = 112 (DELAYED) <0.025032>
3271  1790834056.255812 <... pwrite64 resumed>) = 112 (DELAYED) <0.025014>
3276  1790834056.258528 <... pwrite64 resumed>) = 112 (DELAYED) <0.025063>
3321  1790834056.258890 close(23</tmp/TestMixedWorkflowsRecoverFromFourServerFaults874006668/001/node-1/jetstream/$SYS/_js_/S-R3F-CG5S7Gvy/msgs/1.blk>) = 0 <0.000029>
3286  1790834056.260674 <... pwrite64 resumed>) = 112 (DELAYED) <0.025014>
3288  1790834056.261563 <... pwrite64 resumed>) = 112 (DELAYED) <0.025087>
3314  1790834056.263516 <... pwrite64 resumed>) = 112 (DELAYED) <0.025047>
3313  1790834056.264127 <... pwrite64 resumed>) = 112 (DELAYED) <0.025344>
3286  1790834056.264649 close(33</tmp/TestMixedWorkflowsRecoverFromFourServerFaults874006668/001/node-1/jetstream/$SYS/_js_/S-R3F-ZjgojUHp/msgs/1.blk> <unfinished ...>
3301  1790834056.264716 <... pwrite64 resumed>) = 112 (DELAYED) <0.025154>
3286  1790834056.264755 <... close resumed>) = 0 <0.000064>
3316  1790834056.266171 <... pwrite64 resumed>) = 112 (DELAYED) <0.025166>
3301  1790834056.266881 openat(AT_FDCWD</home/runner/work/js-wf/js-wf/integration>, "/tmp/TestMixedWorkflowsRecoverFromFourServerFaults874006668/001/node-1/jetstream/$SYS/_js_/_meta_/snapshots/snap.1.2", O_RDONLY|O_CLOEXEC) = 16</tmp/TestMixedWorkflowsRecoverFromFourServerFaults874006668/001/node-1/jetstream/$SYS/_js_/_meta_/snapshots/snap.1.2> <0.000041>
3301  1790834056.267104 fcntl(16</tmp/TestMixedWorkflowsRecoverFromFourServerFaults874006668/001/node-1/jetstream/$SYS/_js_/_meta_/snapshots/snap.1.2>, F_GETFL) = 0x8000 (flags O_RDONLY|O_LARGEFILE) <0.000127>
3301  1790834056.267317 fcntl(16</tmp/TestMixedWorkflowsRecoverFromFourServerFaults874006668/001/node-1/jetstream/$SYS/_js_/_meta_/snapshots/snap.1.2>, F_SETFL, O_RDONLY|O_NONBLOCK|O_LARGEFILE) = 0 <0.000049>
3301  1790834056.267463 epoll_ctl(5<anon_inode:[eventpoll]>, EPOLL_CTL_ADD, 16</tmp/TestMixedWorkflowsRecoverFromFourServerFaults874006668/001/node-1/jetstream/$SYS/_js_/_meta_/snapshots/snap.1.2>, {events=EPOLLIN|EPOLLOUT|EPOLLRDHUP|EPOLLET, data={u32=1493172409, u64=4580952591160049849}}) = -1 EPERM (Operation not permitted) <0.000094>
3301  1790834056.267640 fcntl(16</tmp/TestMixedWorkflowsRecoverFromFourServerFaults874006668/001/node-1/jetstream/$SYS/_js_/_meta_/snapshots/snap.1.2>, F_GETFL) = 0x8800 (flags O_RDONLY|O_NONBLOCK|O_LARGEFILE) <0.000081>
3301  1790834056.267796 fcntl(16</tmp/TestMixedWorkflowsRecoverFromFourServerFaults874006668/001/node-1/jetstream/$SYS/_js_/_meta_/snapshots/snap.1.2>, F_SETFL, O_RDONLY|O_LARGEFILE) = 0 <0.000064>
3301  1790834056.267982 fstat(16</tmp/TestMixedWorkflowsRecoverFromFourServerFaults874006668/001/node-1/jetstream/$SYS/_js_/_meta_/snapshots/snap.1.2>,  <unfinished ...>
3271  1790834056.268058 close(29</tmp/TestMixedWorkflowsRecoverFromFourServerFaults874006668/001/node-1/jetstream/$SYS/_js_/S-R3F-Tm3bocmd/msgs/1.blk> <unfinished ...>
3317  1790834056.268107 <... pwrite64 resumed>) = 112 (DELAYED) <0.025224>
3301  1790834056.268139 <... fstat resumed>{st_mode=S_IFREG|0600, st_size=62, ...}) = 0 <0.000138>
3271  1790834056.268176 <... close resumed>) = 0 <0.000097>
3301  1790834056.268261 read(16</tmp/TestMixedWorkflowsRecoverFromFourServerFaults874006668/001/node-1/jetstream/$SYS/_js_/_meta_/snapshots/snap.1.2>, "\1\0\0\0\0\0\0\0\2\0\0\0\0\0\0\0\"\0\0\0\3\0\0\0\3\0\0\0000WED"..., 512) = 62 <0.000108>
3301  1790834056.268477 read(16</tmp/TestMixedWorkflowsRecoverFromFourServerFaults874006668/001/node-1/jetstream/$SYS/_js_/_meta_/snapshots/snap.1.2>, "", 450) = 0 <0.000027>
3301  1790834056.268632 close(16</tmp/TestMixedWorkflowsRecoverFromFourServerFaults874006668/001/node-1/jetstream/$SYS/_js_/_meta_/snapshots/snap.1.2>) = 0 <0.000195>
3318  1790834056.268884 <... pwrite64 resumed>) = 112 (DELAYED) <0.025354>
3316  1790834056.269199 close(19</tmp/TestMixedWorkflowsRecoverFromFourServerFaults874006668/001/node-1/jetstream/$SYS/_js_/S-R3F-0xwj12bZ/msgs/1.blk>) = 0 <0.000105>
3315  1790834056.269551 <... pwrite64 resumed>) = 112 (DELAYED) <0.025159>
3319  1790834056.271748 <... pwrite64 resumed>) = 112 (DELAYED) <0.025084>
3285  1790834056.271945 <... pwrite64 resumed>) = 112 (DELAYED) <0.025096>
3320  1790834056.272329 <... pwrite64 resumed>) = 112 (DELAYED) <0.025223>
3286  1790834056.274284 unlinkat(AT_FDCWD</home/runner/work/js-wf/js-wf/integration>, "/tmp/TestMixedWorkflowsRecoverFromFourServerFaults874006668/001/node-1/jetstream/$SYS/_js_/_meta_/snapshots/snap.1.2", 0) = 0 <0.000213>
3286  1790834056.274577 close(7</tmp/TestMixedWorkflowsRecoverFromFourServerFaults874006668/001/node-1/jetstream/$SYS/_js_/_meta_/msgs/2.blk>) = 0 <0.000070>
3317  1790834056.275155 newfstatat(AT_FDCWD</home/runner/work/js-wf/js-wf/integration>, "/tmp/TestMixedWorkflowsRecoverFromFourServerFaults874006668/001/node-1/jetstream/$SYS/_js_/S-R3F-SmLKnMBQ/peers.idx", {st_mode=S_IFREG|0600, st_size=34, ...}, 0) = 0 <0.000029>
3271  1790834056.277045 newfstatat(AT_FDCWD</home/runner/work/js-wf/js-wf/integration>, "/tmp/TestMixedWorkflowsRecoverFromFourServerFaults874006668/001/node-1/jetstream/$SYS/_js_/S-R3F-SmLKnMBQ/peers.idx", {st_mode=S_IFREG|0600, st_size=34, ...}, AT_SYMLINK_NOFOLLOW) = 0 <0.000057>
3271  1790834056.277240 renameat(AT_FDCWD</home/runner/work/js-wf/js-wf/integration>, "/tmp/TestMixedWorkflowsRecoverFromFourServerFaults874006668/001/node-1/jetstream/$SYS/_js_/S-R3F-SmLKnMBQ/peers.idx.tmp", AT_FDCWD</home/runner/work/js-wf/js-wf/integration>, "/tmp/TestMixedWorkflowsRecoverFromFourServerFaults874006668/001/node-1/jetstream/$SYS/_js_/S-R3F-SmLKnMBQ/peers.idx") = 0 <0.000201>
3286  1790834056.277813 openat(AT_FDCWD</home/runner/work/js-wf/js-wf/integration>, "/tmp/TestMixedWorkflowsRecoverFromFourServerFaults874006668/001/node-1/jetstream/$SYS/_js_/_meta_/msgs/index.db", O_WRONLY|O_CREAT|O_TRUNC|O_CLOEXEC, 0600) = 23</tmp/TestMixedWorkflowsRecoverFromFourServerFaults874006668/001/node-1/jetstream/$SYS/_js_/_meta_/msgs/index.db> <0.000061>
3286  1790834056.277956 fcntl(23</tmp/TestMixedWorkflowsRecoverFromFourServerFaults874006668/001/node-1/jetstream/$SYS/_js_/_meta_/msgs/index.db>, F_GETFL) = 0x8001 (flags O_WRONLY|O_LARGEFILE) <0.000029>
3286  1790834056.278041 fcntl(23</tmp/TestMixedWorkflowsRecoverFromFourServerFaults874006668/001/node-1/jetstream/$SYS/_js_/_meta_/msgs/index.db>, F_SETFL, O_WRONLY|O_NONBLOCK|O_LARGEFILE) = 0 <0.000031>
3286  1790834056.278132 epoll_ctl(5<anon_inode:[eventpoll]>, EPOLL_CTL_ADD, 23</tmp/TestMixedWorkflowsRecoverFromFourServerFaults874006668/001/node-1/jetstream/$SYS/_js_/_meta_/msgs/index.db>, {events=EPOLLIN|EPOLLOUT|EPOLLRDHUP|EPOLLET, data={u32=1493172427, u64=4580952591160049867}}) = -1 EPERM (Operation not permitted) <0.000021>
3286  1790834056.278220 fcntl(23</tmp/TestMixedWorkflowsRecoverFromFourServerFaults874006668/001/node-1/jetstream/$SYS/_js_/_meta_/msgs/index.db>, F_GETFL) = 0x8801 (flags O_WRONLY|O_NONBLOCK|O_LARGEFILE) <0.000026>
3286  1790834056.278305 fcntl(23</tmp/TestMixedWorkflowsRecoverFromFourServerFaults874006668/001/node-1/jetstream/$SYS/_js_/_meta_/msgs/index.db>, F_SETFL, O_WRONLY|O_LARGEFILE) = 0 <0.000060>
3286  1790834056.278462 write(23</tmp/TestMixedWorkflowsRecoverFromFourServerFaults874006668/001/node-1/jetstream/$SYS/_js_/_meta_/msgs/index.db>, "\v\4\0\0\35\0\34\250\336\355\334\277\205\251\3321\0\1\3\0\35\0\34\250\336\355\334\277\205\251\3321"..., 52) = 52 (DELAYED) <0.025098>
3286  1790834056.303774 close(23</tmp/TestMixedWorkflowsRecoverFromFourServerFaults874006668/001/node-1/jetstream/$SYS/_js_/_meta_/msgs/index.db>) = 0 <0.000052>
3319  1790834056.314234 --- SIGURG {si_signo=SIGURG, si_code=SI_TKILL, si_pid=3265, si_uid=1001} ---
3271  1790834056.328656 lseek(20</tmp/TestMixedWorkflowsRecoverFromFourServerFaults874006668/001/node-1/jetstream/$G/streams/WF_INV/msgs/1.blk>, 0, SEEK_SET) = 0 <0.000090>
3271  1790834056.328874 fstat(20</tmp/TestMixedWorkflowsRecoverFromFourServerFaults874006668/001/node-1/jetstream/$G/streams/WF_INV/msgs/1.blk>, {st_mode=S_IFREG|0600, st_size=8206, ...}) = 0 <0.000086>
3271  1790834056.329041 read(20</tmp/TestMixedWorkflowsRecoverFromFourServerFaults874006668/001/node-1/jetstream/$G/streams/WF_INV/msgs/1.blk>, "\306\0\0\200\1\0\0\0\0\0\0\0\317i+\24\23R\332\30\34\0wf.inv.mix"..., 8206) = 8206 <0.000708>
3286  1790834056.336421 pwrite64(30</tmp/TestMixedWorkflowsRecoverFromFourServerFaults874006668/001/node-1/jetstream/$G/streams/KV_WF_LEASE/msgs/1.blk>, "\253\0\0\200\315\0\0\0\0\0\0\08\200k\3\26R\332\30(\0$KV.WF_LEA"..., 171, 33569 <unfinished ...>
3318  1790834056.337375 pwrite64(39</tmp/TestMixedWorkflowsRecoverFromFourServerFaults874006668/001/node-1/jetstream/$SYS/_js_/C-R3F-7OjMKAQS/msgs/1.blk>, "l\0\0\0\t\0\0\0\0\0\0\0\310\311\250\3\26R\332\30\0\0St9I6EVH\3\0"..., 108, 821 <unfinished ...>
3319  1790834056.337682 pwrite64(42</tmp/TestMixedWorkflowsRecoverFromFourServerFaults874006668/001/node-1/jetstream/$SYS/_js_/C-R3F-Fspi1V4u/msgs/1.blk>, "l\0\0\0\n\0\0\0\0\0\0\0ji\255\3\26R\332\30\0\0St9I6EVH\2\0"..., 108, 990 <unfinished ...>
3271  1790834056.337995 pwrite64(45</tmp/TestMixedWorkflowsRecoverFromFourServerFaults874006668/001/node-1/jetstream/$SYS/_js_/C-R3F-Qi7jewV8/msgs/1.blk>, "l\0\0\0\6\0\0\0\0\0\0\0\340\347\261\3\26R\332\30\0\0St9I6EVH\3\0"..., 108, 545 <unfinished ...>
3316  1790834056.338351 pwrite64(40</tmp/TestMixedWorkflowsRecoverFromFourServerFaults874006668/001/node-1/jetstream/$SYS/_js_/C-R3F-MUBUTFU3/msgs/1.blk>, "l\0\0\0\5\0\0\0\0\0\0\0\364\343\266\3\26R\332\30\0\0St9I6EVH\3\0"..., 108, 472 <unfinished ...>
3320  1790834056.339043 pwrite64(41</tmp/TestMixedWorkflowsRecoverFromFourServerFaults874006668/001/node-1/jetstream/$SYS/_js_/C-R3F-U2k39UyT/msgs/1.blk>, "l\0\0\0\n\0\0\0\0\0\0\0\252$\302\3\26R\332\30\0\0St9I6EVH\3\0"..., 108, 947 <unfinished ...>
3285  1790834056.339286 pwrite64(48</tmp/TestMixedWorkflowsRecoverFromFourServerFaults874006668/001/node-1/jetstream/$SYS/_js_/C-R3F-BJrVOQpv/msgs/1.blk>, "l\0\0\0\6\0\0\0\0\0\0\0\30\227\305\3\26R\332\30\0\0St9I6EVH\3\0"..., 108, 545 <unfinished ...>
3288  1790834056.356484 pwrite64(46</tmp/TestMixedWorkflowsRecoverFromFourServerFaults874006668/001/node-1/jetstream/$SYS/_js_/C-R3F-mMm2NIUQ/msgs/1.blk>, "l\0\0\0\n\0\0\0\0\0\0\0\324\340\313\4\26R\332\30\0\0St9I6EVH\3\0"..., 108, 908 <unfinished ...>
3286  1790834056.361571 <... pwrite64 resumed>) = 171 (DELAYED) <0.025108>
3318  1790834056.362562 <... pwrite64 resumed>) = 108 (DELAYED) <0.025137>
3318  1790834056.362698 pwrite64(39</tmp/TestMixedWorkflowsRecoverFromFourServerFaults874006668/001/node-1/jetstream/$SYS/_js_/C-R3F-7OjMKAQS/msgs/1.blk>, "W\0\0\0\n\0\0\0\0\0\0\0\6\236*\5\26R\332\30\0\0St9I6EVH\3\0"..., 87, 929 <unfinished ...>
3319  1790834056.362813 <... pwrite64 resumed>) = 108 (DELAYED) <0.025101>
3319  1790834056.362896 pwrite64(42</tmp/TestMixedWorkflowsRecoverFromFourServerFaults874006668/001/node-1/jetstream/$SYS/_js_/C-R3F-Fspi1V4u/msgs/1.blk>, "W\0\0\0\v\0\0\0\0\0\0\0%\25.\5\26R\332\30\0\0St9I6EVH\2\0"..., 87, 1098 <unfinished ...>
3271  1790834056.363093 <... pwrite64 resumed>) = 108 (DELAYED) <0.025069>
3271  1790834056.363194 pwrite64(45</tmp/TestMixedWorkflowsRecoverFromFourServerFaults874006668/001/node-1/jetstream/$SYS/_js_/C-R3F-Qi7jewV8/msgs/1.blk>, "W\0\0\0\7\0\0\0\0\0\0\0\262u2\5\26R\332\30\0\0St9I6EVH\3\0"..., 87, 653 <unfinished ...>
3316  1790834056.363434 <... pwrite64 resumed>) = 108 (DELAYED) <0.025027>
3316  1790834056.363779 pwrite64(40</tmp/TestMixedWorkflowsRecoverFromFourServerFaults874006668/001/node-1/jetstream/$SYS/_js_/C-R3F-MUBUTFU3/msgs/1.blk>, "W\0\0\0\6\0\0\0\0\0\0\0\vM;\5\26R\332\30\0\0St9I6EVH\3\0"..., 87, 580 <unfinished ...>
3320  1790834056.364171 <... pwrite64 resumed>) = 108 (DELAYED) <0.025096>
3285  1790834056.364444 <... pwrite64 resumed>) = 108 (DELAYED) <0.025125>
3285  1790834056.364643 pwrite64(48</tmp/TestMixedWorkflowsRecoverFromFourServerFaults874006668/001/node-1/jetstream/$SYS/_js_/C-R3F-BJrVOQpv/msgs/1.blk>, "W\0\0\0\7\0\0\0\0\0\0\0\221\217H\5\26R\332\30\0\0St9I6EVH\3\0"..., 87, 653 <unfinished ...>
3320  1790834056.366218 pwrite64(30</tmp/TestMixedWorkflowsRecoverFromFourServerFaults874006668/001/node-1/jetstream/$G/streams/KV_WF_LEASE/msgs/1.blk>, "\257\0\0\200\316\0\0\0\0\0\0\0%\350\34\5\26R\332\30(\0$KV.WF_LEA"..., 1176, 33740 <unfinished ...>
3317  1790834056.373668 --- SIGURG {si_signo=SIGURG, si_code=SI_TKILL, si_pid=3265, si_uid=1001} ---
3288  1790834056.381540 <... pwrite64 resumed>) = 108 (DELAYED) <0.025018>
3288  1790834056.381725 pwrite64(46</tmp/TestMixedWorkflowsRecoverFromFourServerFaults874006668/001/node-1/jetstream/$SYS/_js_/C-R3F-mMm2NIUQ/msgs/1.blk>, "W\0\0\0\v\0\0\0\0\0\0\0\203yM\6\26R\332\30\0\0St9I6EVH\3\0"..., 87, 1016 <unfinished ...>
3318  1790834056.387752 <... pwrite64 resumed>) = 87 (DELAYED) <0.025030>
3319  1790834056.387964 <... pwrite64 resumed>) = 87 (DELAYED) <0.025038>
3271  1790834056.388338 <... pwrite64 resumed>) = 87 (DELAYED) <0.025114>
3316  1790834056.388882 <... pwrite64 resumed>) = 87 (DELAYED) <0.025071>
3318  1790834056.389718 newfstatat(AT_FDCWD</home/runner/work/js-wf/js-wf/integration>, "/tmp/TestMixedWorkflowsRecoverFromFourServerFaults874006668/001/node-1/jetstream/$G/streams/WF_RUN/obs/WF_P_18/o.dat", {st_mode=S_IFREG|0600, st_size=8, ...}, AT_SYMLINK_NOFOLLOW) = 0 <0.000047>
3285  1790834056.389844 <... pwrite64 resumed>) = 87 (DELAYED) <0.025164>
3318  1790834056.389904 renameat(AT_FDCWD</home/runner/work/js-wf/js-wf/integration>, "/tmp/TestMixedWorkflowsRecoverFromFourServerFaults874006668/001/node-1/jetstream/$G/streams/WF_RUN/obs/WF_P_18/o.dat.tmp", AT_FDCWD</home/runner/work/js-wf/js-wf/integration>, "/tmp/TestMixedWorkflowsRecoverFromFourServerFaults874006668/001/node-1/jetstream/$G/streams/WF_RUN/obs/WF_P_18/o.dat") = 0 <0.000346>
3318  1790834056.390585 newfstatat(AT_FDCWD</home/runner/work/js-wf/js-wf/integration>, "/tmp/TestMixedWorkflowsRecoverFromFourServerFaults874006668/001/node-1/jetstream/$G/streams/WF_RUN/obs/WF_P_00/o.dat", {st_mode=S_IFREG|0600, st_size=8, ...}, AT_SYMLINK_NOFOLLOW) = 0 <0.000031>
3318  1790834056.390674 renameat(AT_FDCWD</home/runner/work/js-wf/js-wf/integration>, "/tmp/TestMixedWorkflowsRecoverFromFourServerFaults874006668/001/node-1/jetstream/$G/streams/WF_RUN/obs/WF_P_00/o.dat.tmp", AT_FDCWD</home/runner/work/js-wf/js-wf/integration>, "/tmp/TestMixedWorkflowsRecoverFromFourServerFaults874006668/001/node-1/jetstream/$G/streams/WF_RUN/obs/WF_P_00/o.dat" <unfinished ...>
3271  1790834056.390746 newfstatat(AT_FDCWD</home/runner/work/js-wf/js-wf/integration>, "/tmp/TestMixedWorkflowsRecoverFromFourServerFaults874006668/001/node-1/jetstream/$G/streams/WF_RUN/obs/WF_P_28/o.dat", {st_mode=S_IFREG|0600, st_size=16, ...}, AT_SYMLINK_NOFOLLOW) = 0 <0.000042>
3318  1790834056.390878 <... renameat resumed>) = 0 <0.000179>
3271  1790834056.390922 renameat(AT_FDCWD</home/runner/work/js-wf/js-wf/integration>, "/tmp/TestMixedWorkflowsRecoverFromFourServerFaults874006668/001/node-1/jetstream/$G/streams/WF_RUN/obs/WF_P_28/o.dat.tmp", AT_FDCWD</home/runner/work/js-wf/js-wf/integration>, "/tmp/TestMixedWorkflowsRecoverFromFourServerFaults874006668/001/node-1/jetstream/$G/streams/WF_RUN/obs/WF_P_28/o.dat") = 0 <0.000246>
3320  1790834056.391299 <... pwrite64 resumed>) = 1176 (DELAYED) <0.025044>
3320  1790834056.392093 newfstatat(AT_FDCWD</home/runner/work/js-wf/js-wf/integration>, "/tmp/TestMixedWorkflowsRecoverFromFourServerFaults874006668/001/node-1/jetstream/$G/streams/WF_RUN/obs/WF_P_10/o.dat", {st_mode=S_IFREG|0600, st_size=16, ...}, AT_SYMLINK_NOFOLLOW) = 0 <0.000040>
3320  1790834056.392202 renameat(AT_FDCWD</home/runner/work/js-wf/js-wf/integration>, "/tmp/TestMixedWorkflowsRecoverFromFourServerFaults874006668/001/node-1/jetstream/$G/streams/WF_RUN/obs/WF_P_10/o.dat.tmp", AT_FDCWD</home/runner/work/js-wf/js-wf/integration>, "/tmp/TestMixedWorkflowsRecoverFromFourServerFaults874006668/001/node-1/jetstream/$G/streams/WF_RUN/obs/WF_P_10/o.dat" <unfinished ...>
3286  1790834056.392228 newfstatat(AT_FDCWD</home/runner/work/js-wf/js-wf/integration>, "/tmp/TestMixedWorkflowsRecoverFromFourServerFaults874006668/001/node-1/jetstream/$G/streams/WF_RUN/obs/WF_P_43/o.dat", {st_mode=S_IFREG|0600, st_size=16, ...}, AT_SYMLINK_NOFOLLOW) = 0 <0.000022>
3286  1790834056.392323 renameat(AT_FDCWD</home/runner/work/js-wf/js-wf/integration>, "/tmp/TestMixedWorkflowsRecoverFromFourServerFaults874006668/001/node-1/jetstream/$G/streams/WF_RUN/obs/WF_P_43/o.dat.tmp", AT_FDCWD</home/runner/work/js-wf/js-wf/integration>, "/tmp/TestMixedWorkflowsRecoverFromFourServerFaults874006668/001/node-1/jetstream/$G/streams/WF_RUN/obs/WF_P_43/o.dat" <unfinished ...>
3320  1790834056.392443 <... renameat resumed>) = 0 <0.000218>
3286  1790834056.392588 <... renameat resumed>) = 0 <0.000244>
3315  1790834056.392757 pwrite64(30</tmp/TestMixedWorkflowsRecoverFromFourServerFaults874006668/001/node-1/jetstream/$G/streams/KV_WF_LEASE/msgs/1.blk>, "\257\0\0\200\325\0\0\0\0\0\0\0\264\223T\5\26R\332\30(\0$KV.WF_LEA"..., 175, 34916 <unfinished ...>
3285  1790834056.398397 lseek(24</tmp/TestMixedWorkflowsRecoverFromFourServerFaults874006668/001/node-1/jetstream/$G/streams/WF_JRN/msgs/1.blk>, 0, SEEK_SET) = 0 <0.000099>
3285  1790834056.398604 fstat(24</tmp/TestMixedWorkflowsRecoverFromFourServerFaults874006668/001/node-1/jetstream/$G/streams/WF_JRN/msgs/1.blk>, {st_mode=S_IFREG|0600, st_size=36640, ...}) = 0 <0.000032>
3285  1790834056.398742 read(24</tmp/TestMixedWorkflowsRecoverFromFourServerFaults874006668/001/node-1/jetstream/$G/streams/WF_JRN/msgs/1.blk>, "\263\0\0\200\1\0\0\0\0\0\0\0\346W`\30\23R\332\30\34\0wf.jrn.mix"..., 36640) = 36640 <0.000053>
3320  1790834056.403649 newfstatat(AT_FDCWD</home/runner/work/js-wf/js-wf/integration>, "/tmp/TestMixedWorkflowsRecoverFromFourServerFaults874006668/001/node-1/jetstream/$SYS/_js_/C-R3F-tOdRrkzy/tav.idx", {st_mode=S_IFREG|0600, st_size=8, ...}, 0) = 0 <0.000053>
3285  1790834056.405638 newfstatat(AT_FDCWD</home/runner/work/js-wf/js-wf/integration>, "/tmp/TestMixedWorkflowsRecoverFromFourServerFaults874006668/001/node-1/jetstream/$SYS/_js_/C-R3F-tOdRrkzy/tav.idx", {st_mode=S_IFREG|0600, st_size=8, ...}, AT_SYMLINK_NOFOLLOW) = 0 <0.000072>
3285  1790834056.405805 renameat(AT_FDCWD</home/runner/work/js-wf/js-wf/integration>, "/tmp/TestMixedWorkflowsRecoverFromFourServerFaults874006668/001/node-1/jetstream/$SYS/_js_/C-R3F-tOdRrkzy/tav.idx.tmp", AT_FDCWD</home/runner/work/js-wf/js-wf/integration>, "/tmp/TestMixedWorkflowsRecoverFromFourServerFaults874006668/001/node-1/jetstream/$SYS/_js_/C-R3F-tOdRrkzy/tav.idx") = 0 <0.000212>
3288  1790834056.406779 <... pwrite64 resumed>) = 87 (DELAYED) <0.025030>
3320  1790834056.407086 newfstatat(AT_FDCWD</home/runner/work/js-wf/js-wf/integration>, "/tmp/TestMixedWorkflowsRecoverFromFourServerFaults874006668/001/node-1/jetstream/$SYS/_js_/C-R3F-tOdRrkzy/tav.idx", {st_mode=S_IFREG|0600, st_size=8, ...}, 0) = 0 <0.000030>
3318  1790834056.408729 newfstatat(AT_FDCWD</home/runner/work/js-wf/js-wf/integration>, "/tmp/TestMixedWorkflowsRecoverFromFourServerFaults874006668/001/node-1/jetstream/$SYS/_js_/C-R3F-tOdRrkzy/tav.idx", {st_mode=S_IFREG|0600, st_size=8, ...}, AT_SYMLINK_NOFOLLOW) = 0 <0.000082>
3318  1790834056.408895 renameat(AT_FDCWD</home/runner/work/js-wf/js-wf/integration>, "/tmp/TestMixedWorkflowsRecoverFromFourServerFaults874006668/001/node-1/jetstream/$SYS/_js_/C-R3F-tOdRrkzy/tav.idx.tmp", AT_FDCWD</home/runner/work/js-wf/js-wf/integration>, "/tmp/TestMixedWorkflowsRecoverFromFourServerFaults874006668/001/node-1/jetstream/$SYS/_js_/C-R3F-tOdRrkzy/tav.idx") = 0 <0.000175>
3286  1790834056.409501 newfstatat(AT_FDCWD</home/runner/work/js-wf/js-wf/integration>, "/tmp/TestMixedWorkflowsRecoverFromFourServerFaults874006668/001/node-1/jetstream/$G/streams/WF_RUN/obs/WF_P_55/o.dat", {st_mode=S_IFREG|0600, st_size=8, ...}, AT_SYMLINK_NOFOLLOW) = 0 <0.000070>
3286  1790834056.409693 renameat(AT_FDCWD</home/runner/work/js-wf/js-wf/integration>, "/tmp/TestMixedWorkflowsRecoverFromFourServerFaults874006668/001/node-1/jetstream/$G/streams/WF_RUN/obs/WF_P_55/o.dat.tmp", AT_FDCWD</home/runner/work/js-wf/js-wf/integration>, "/tmp/TestMixedWorkflowsRecoverFromFourServerFaults874006668/001/node-1/jetstream/$G/streams/WF_RUN/obs/WF_P_55/o.dat") = 0 <0.000286>
3286  1790834056.413141 pwrite64(51</tmp/TestMixedWorkflowsRecoverFromFourServerFaults874006668/001/node-1/jetstream/$SYS/_js_/C-R3F-tOdRrkzy/msgs/1.blk>, "p\0\0\0!\0\0\0\0\0\0\0\10\260,\10\26R\332\30\0\0St9I6EVH\3\0"..., 112, 3400 <unfinished ...>
3315  1790834056.417851 <... pwrite64 resumed>) = 175 (DELAYED) <0.025070>
3318  1790834056.419227 pwrite64(30</tmp/TestMixedWorkflowsRecoverFromFourServerFaults874006668/001/node-1/jetstream/$G/streams/KV_WF_LEASE/msgs/1.blk>, "\267\0\0\200\326\0\0\0\0\0\0\0\21F\252\7\26R\332\30?\0$KV.WF_LEA"..., 183, 35091 <unfinished ...>
3286  1790834056.438221 <... pwrite64 resumed>) = 112 (DELAYED) <0.025044>
3315  1790834056.440959 --- SIGURG {si_signo=SIGURG, si_code=SI_TKILL, si_pid=3265, si_uid=1001} ---
3318  1790834056.444270 <... pwrite64 resumed>) = 183 (DELAYED) <0.025006>
3315  1790834056.451767 --- SIGURG {si_signo=SIGURG, si_code=SI_TKILL, si_pid=3265, si_uid=1001} ---
3318  1790834056.454973 pwrite64(24</tmp/TestMixedWorkflowsRecoverFromFourServerFaults874006668/001/node-1/jetstream/$G/streams/WF_JRN/msgs/1.blk>, "\321\0\0\200\205\0\0\0\0\0\0\0\244\250\211\n\26R\332\309\0wf.jrn.mix"..., 418, 36640 <unfinished ...>
3285  1790834056.460412 pwrite64(30</tmp/TestMixedWorkflowsRecoverFromFourServerFaults874006668/001/node-1/jetstream/$G/streams/KV_WF_LEASE/msgs/1.blk>, "\267\0\0\200\327\0\0\0\0\0\0\0(^v\10\26R\332\30?\0$KV.WF_LEA"..., 1305, 35274 <unfinished ...>
3318  1790834056.480061 <... pwrite64 resumed>) = 418 (DELAYED) <0.025043>
3318  1790834056.480350 --- SIGURG {si_signo=SIGURG, si_code=SI_TKILL, si_pid=3265, si_uid=1001} ---
3320  1790834056.484536 pwrite64(24</tmp/TestMixedWorkflowsRecoverFromFourServerFaults874006668/001/node-1/jetstream/$G/streams/WF_JRN/msgs/1.blk>, "|\1\0\200\207\0\0\0\0\0\0\0Z\374?\f\26R\332\309\0wf.jrn.mix"..., 760, 37058 <unfinished ...>
3285  1790834056.485490 <... pwrite64 resumed>) = 1305 (DELAYED) <0.025049>
3316  1790834056.487991 pwrite64(30</tmp/TestMixedWorkflowsRecoverFromFourServerFaults874006668/001/node-1/jetstream/$G/streams/KV_WF_LEASE/msgs/1.blk>, "\273\0\0\200\336\0\0\0\0\0\0\0\33\365~\f\26R\332\30?\0$KV.WF_LEA"..., 374, 36579 <unfinished ...>
3320  1790834056.509593 <... pwrite64 resumed>) = 760 (DELAYED) <0.025024>
3316  1790834056.513053 <... pwrite64 resumed>) = 374 (DELAYED) <0.025033>
3288  1790834056.513286 pwrite64(24</tmp/TestMixedWorkflowsRecoverFromFourServerFaults874006668/001/node-1/jetstream/$G/streams/WF_JRN/msgs/1.blk>, "\360\0\0\200\211\0\0\0\0\0\0\0qd\377\r\26R\332\309\0wf.jrn.mix"..., 480, 37818 <unfinished ...>
3315  1790834056.515198 pwrite64(30</tmp/TestMixedWorkflowsRecoverFromFourServerFaults874006668/001/node-1/jetstream/$G/streams/KV_WF_LEASE/msgs/1.blk>, "\252\0\0\200\340\0\0\0\0\0\0\0\274\220#\16\26R\332\30?\0$KV.WF_LEA"..., 727, 36953 <unfinished ...>
3285  1790834056.522860 newfstatat(AT_FDCWD</home/runner/work/js-wf/js-wf/integration>, "/tmp/TestMixedWorkflowsRecoverFromFourServerFaults874006668/001/node-1/jetstream/$SYS/_js_/C-R3F-SvU2CKnb/tav.idx", {st_mode=S_IFREG|0600, st_size=8, ...}, 0) = 0 <0.000041>
3285  1790834056.524035 newfstatat(AT_FDCWD</home/runner/work/js-wf/js-wf/integration>, "/tmp/TestMixedWorkflowsRecoverFromFourServerFaults874006668/001/node-1/jetstream/$SYS/_js_/C-R3F-SvU2CKnb/tav.idx", {st_mode=S_IFREG|0600, st_size=8, ...}, AT_SYMLINK_NOFOLLOW) = 0 <0.000025>
3285  1790834056.524121 renameat(AT_FDCWD</home/runner/work/js-wf/js-wf/integration>, "/tmp/TestMixedWorkflowsRecoverFromFourServerFaults874006668/001/node-1/jetstream/$SYS/_js_/C-R3F-SvU2CKnb/tav.idx.tmp", AT_FDCWD</home/runner/work/js-wf/js-wf/integration>, "/tmp/TestMixedWorkflowsRecoverFromFourServerFaults874006668/001/node-1/jetstream/$SYS/_js_/C-R3F-SvU2CKnb/tav.idx") = 0 <0.000119>
3285  1790834056.524854 newfstatat(AT_FDCWD</home/runner/work/js-wf/js-wf/integration>, "/tmp/TestMixedWorkflowsRecoverFromFourServerFaults874006668/001/node-1/jetstream/$SYS/_js_/C-R3F-SvU2CKnb/tav.idx", {st_mode=S_IFREG|0600, st_size=8, ...}, 0) = 0 <0.000015>
3285  1790834056.525588 newfstatat(AT_FDCWD</home/runner/work/js-wf/js-wf/integration>, "/tmp/TestMixedWorkflowsRecoverFromFourServerFaults874006668/001/node-1/jetstream/$SYS/_js_/C-R3F-SvU2CKnb/tav.idx", {st_mode=S_IFREG|0600, st_size=8, ...}, AT_SYMLINK_NOFOLLOW) = 0 <0.000032>
3285  1790834056.525680 renameat(AT_FDCWD</home/runner/work/js-wf/js-wf/integration>, "/tmp/TestMixedWorkflowsRecoverFromFourServerFaults874006668/001/node-1/jetstream/$SYS/_js_/C-R3F-SvU2CKnb/tav.idx.tmp", AT_FDCWD</home/runner/work/js-wf/js-wf/integration>, "/tmp/TestMixedWorkflowsRecoverFromFourServerFaults874006668/001/node-1/jetstream/$SYS/_js_/C-R3F-SvU2CKnb/tav.idx") = 0 <0.000129>
3318  1790834056.528501 pwrite64(53</tmp/TestMixedWorkflowsRecoverFromFourServerFaults874006668/001/node-1/jetstream/$SYS/_js_/C-R3F-SvU2CKnb/msgs/1.blk>, "p\0\0\0\36\0\0\0\0\0\0\0\253<\r\17\26R\332\30\0\0St9I6EVH\3\0"..., 112, 3134 <unfinished ...>
3288  1790834056.538440 <... pwrite64 resumed>) = 480 (DELAYED) <0.025121>
3315  1790834056.540276 <... pwrite64 resumed>) = 727 (DELAYED) <0.025049>
3288  1790834056.542103 pwrite64(24</tmp/TestMixedWorkflowsRecoverFromFourServerFaults874006668/001/node-1/jetstream/$G/streams/WF_JRN/msgs/1.blk>, "\376\0\0\200\213\0\0\0\0\0\0\0\37\204\266\17\26R\332\309\0wf.jrn.mix"..., 508, 38298 <unfinished ...>
3320  1790834056.542268 pwrite64(30</tmp/TestMixedWorkflowsRecoverFromFourServerFaults874006668/001/node-1/jetstream/$G/streams/KV_WF_LEASE/msgs/1.blk>, "\273\0\0\200\344\0\0\0\0\0\0\0t\36\302\17\26R\332\30?\0$KV.WF_LEA"..., 370, 37680 <unfinished ...>
3316  1790834056.542509 pwrite64(31</tmp/TestMixedWorkflowsRecoverFromFourServerFaults874006668/001/node-1/jetstream/$SYS/_js_/S-R3F-OEyp3t6z/msgs/2.blk>, "\371\1\0\0\3\0\0\0\0\0\0\0\375\222\342\17\26R\332\30\0\0000WED9nmv\2\0"..., 505, 142 <unfinished ...>
3315  1790834056.544113 newfstatat(AT_FDCWD</home/runner/work/js-wf/js-wf/integration>, "/tmp/TestMixedWorkflowsRecoverFromFourServerFaults874006668/001/node-1/jetstream/$SYS/_js_/S-R3F-G9FrvoEG/tav.idx", {st_mode=S_IFREG|0600, st_size=8, ...}, 0) = 0 <0.000032>
3315  1790834056.545786 newfstatat(AT_FDCWD</home/runner/work/js-wf/js-wf/integration>, "/tmp/TestMixedWorkflowsRecoverFromFourServerFaults874006668/001/node-1/jetstream/$SYS/_js_/S-R3F-G9FrvoEG/tav.idx", {st_mode=S_IFREG|0600, st_size=8, ...}, AT_SYMLINK_NOFOLLOW) = 0 <0.000031>
3315  1790834056.545882 renameat(AT_FDCWD</home/runner/work/js-wf/js-wf/integration>, "/tmp/TestMixedWorkflowsRecoverFromFourServerFaults874006668/001/node-1/jetstream/$SYS/_js_/S-R3F-G9FrvoEG/tav.idx.tmp", AT_FDCWD</home/runner/work/js-wf/js-wf/integration>, "/tmp/TestMixedWorkflowsRecoverFromFourServerFaults874006668/001/node-1/jetstream/$SYS/_js_/S-R3F-G9FrvoEG/tav.idx") = 0 <0.000175>
3315  1790834056.546723 newfstatat(AT_FDCWD</home/runner/work/js-wf/js-wf/integration>, "/tmp/TestMixedWorkflowsRecoverFromFourServerFaults874006668/001/node-1/jetstream/$SYS/_js_/S-R3F-G9FrvoEG/tav.idx", {st_mode=S_IFREG|0600, st_size=8, ...}, 0) = 0 <0.000031>
3315  1790834056.547850 newfstatat(AT_FDCWD</home/runner/work/js-wf/js-wf/integration>, "/tmp/TestMixedWorkflowsRecoverFromFourServerFaults874006668/001/node-1/jetstream/$SYS/_js_/S-R3F-G9FrvoEG/tav.idx", {st_mode=S_IFREG|0600, st_size=8, ...}, AT_SYMLINK_NOFOLLOW) = 0 <0.000045>
3315  1790834056.547972 renameat(AT_FDCWD</home/runner/work/js-wf/js-wf/integration>, "/tmp/TestMixedWorkflowsRecoverFromFourServerFaults874006668/001/node-1/jetstream/$SYS/_js_/S-R3F-G9FrvoEG/tav.idx.tmp", AT_FDCWD</home/runner/work/js-wf/js-wf/integration>, "/tmp/TestMixedWorkflowsRecoverFromFourServerFaults874006668/001/node-1/jetstream/$SYS/_js_/S-R3F-G9FrvoEG/tav.idx") = 0 <0.000199>
3286  1790834056.550868 pwrite64(21</tmp/TestMixedWorkflowsRecoverFromFourServerFaults874006668/001/node-1/jetstream/$SYS/_js_/S-R3F-G9FrvoEG/msgs/2.blk>, "p\0\0\0@\0\0\0\0\0\0\0\235\223b\20\26R\332\30\0\0St9I6EVH\3\0"..., 112, 23355 <unfinished ...>
3318  1790834056.553737 <... pwrite64 resumed>) = 112 (DELAYED) <0.025207>
3315  1790834056.557651 newfstatat(AT_FDCWD</home/runner/work/js-wf/js-wf/integration>, "/tmp/TestMixedWorkflowsRecoverFromFourServerFaults874006668/001/node-1/jetstream/$SYS/_js_/C-R3F-HBMz3Eb7/tav.idx", {st_mode=S_IFREG|0600, st_size=8, ...}, 0) = 0 <0.000032>
3315  1790834056.560154 newfstatat(AT_FDCWD</home/runner/work/js-wf/js-wf/integration>, "/tmp/TestMixedWorkflowsRecoverFromFourServerFaults874006668/001/node-1/jetstream/$SYS/_js_/C-R3F-HBMz3Eb7/tav.idx", {st_mode=S_IFREG|0600, st_size=8, ...}, AT_SYMLINK_NOFOLLOW) = 0 <0.000065>
3315  1790834056.560298 renameat(AT_FDCWD</home/runner/work/js-wf/js-wf/integration>, "/tmp/TestMixedWorkflowsRecoverFromFourServerFaults874006668/001/node-1/jetstream/$SYS/_js_/C-R3F-HBMz3Eb7/tav.idx.tmp", AT_FDCWD</home/runner/work/js-wf/js-wf/integration>, "/tmp/TestMixedWorkflowsRecoverFromFourServerFaults874006668/001/node-1/jetstream/$SYS/_js_/C-R3F-HBMz3Eb7/tav.idx") = 0 <0.000311>
3315  1790834056.562109 newfstatat(AT_FDCWD</home/runner/work/js-wf/js-wf/integration>, "/tmp/TestMixedWorkflowsRecoverFromFourServerFaults874006668/001/node-1/jetstream/$SYS/_js_/C-R3F-HBMz3Eb7/tav.idx", {st_mode=S_IFREG|0600, st_size=8, ...}, 0) = 0 <0.000035>
3315  1790834056.563781 newfstatat(AT_FDCWD</home/runner/work/js-wf/js-wf/integration>, "/tmp/TestMixedWorkflowsRecoverFromFourServerFaults874006668/001/node-1/jetstream/$SYS/_js_/C-R3F-HBMz3Eb7/tav.idx", {st_mode=S_IFREG|0600, st_size=8, ...}, AT_SYMLINK_NOFOLLOW) = 0 <0.000025>
3315  1790834056.563870 renameat(AT_FDCWD</home/runner/work/js-wf/js-wf/integration>, "/tmp/TestMixedWorkflowsRecoverFromFourServerFaults874006668/001/node-1/jetstream/$SYS/_js_/C-R3F-HBMz3Eb7/tav.idx.tmp", AT_FDCWD</home/runner/work/js-wf/js-wf/integration>, "/tmp/TestMixedWorkflowsRecoverFromFourServerFaults874006668/001/node-1/jetstream/$SYS/_js_/C-R3F-HBMz3Eb7/tav.idx") = 0 <0.000273>
3288  1790834056.567277 <... pwrite64 resumed>) = 508 (DELAYED) <0.025140>
3320  1790834056.567596 <... pwrite64 resumed>) = 370 (DELAYED) <0.025301>
3316  1790834056.567798 <... pwrite64 resumed>) = 505 (DELAYED) <0.025251>
3320  1790834056.568261 --- SIGURG {si_signo=SIGURG, si_code=SI_TKILL, si_pid=3265, si_uid=1001} ---
3320  1790834056.569455 pwrite64(30</tmp/TestMixedWorkflowsRecoverFromFourServerFaults874006668/001/node-1/jetstream/$G/streams/KV_WF_LEASE/msgs/1.blk>, "\273\0\0\200\346\0\0\0\0\0\0\0\375\317\336\17\26R\332\30?\0$KV.WF_LEA"..., 187, 38050 <unfinished ...>
3288  1790834056.570069 fstat(32</tmp/TestMixedWorkflowsRecoverFromFourServerFaults874006668/001/node-1/jetstream/$G/streams/KV_WF_STATE/msgs/1.blk>, {st_mode=S_IFREG|0600, st_size=0, ...}) = 0 <0.000154>
3288  1790834056.570393 lseek(32</tmp/TestMixedWorkflowsRecoverFromFourServerFaults874006668/001/node-1/jetstream/$G/streams/KV_WF_STATE/msgs/1.blk>, 0, SEEK_SET) = 0 <0.000133>
3288  1790834056.570595 fstat(32</tmp/TestMixedWorkflowsRecoverFromFourServerFaults874006668/001/node-1/jetstream/$G/streams/KV_WF_STATE/msgs/1.blk>, {st_mode=S_IFREG|0600, st_size=0, ...}) = 0 <0.000015>
3285  1790834056.570761 pwrite64(43</tmp/TestMixedWorkflowsRecoverFromFourServerFaults874006668/001/node-1/jetstream/$SYS/_js_/C-R3F-HBMz3Eb7/msgs/1.blk>, "p\0\0\0 \0\0\0\0\0\0\0\27\235\221\21\26R\332\30\0\0St9I6EVH\3\0"..., 112, 3315 <unfinished ...>
3316  1790834056.574548 pwrite64(32</tmp/TestMixedWorkflowsRecoverFromFourServerFaults874006668/001/node-1/jetstream/$G/streams/KV_WF_STATE/msgs/1.blk>, "\263\0\0\200\1\0\0\0\0\0\0\08\266\316\17\26R\332\30?\0$KV.WF_STA"..., 358, 0 <unfinished ...>
3286  1790834056.575930 <... pwrite64 resumed>) = 112 (DELAYED) <0.025032>
3288  1790834056.592388 newfstatat(AT_FDCWD</home/runner/work/js-wf/js-wf/integration>, "/tmp/TestMixedWorkflowsRecoverFromFourServerFaults874006668/001/node-1/jetstream/$SYS/_js_/C-R3F-HvwsqB9S/tav.idx", {st_mode=S_IFREG|0600, st_size=8, ...}, 0) = 0 <0.000034>
3320  1790834056.595417 <... pwrite64 resumed>) = 187 (DELAYED) <0.025930>
3288  1790834056.595846 newfstatat(AT_FDCWD</home/runner/work/js-wf/js-wf/integration>, "/tmp/TestMixedWorkflowsRecoverFromFourServerFaults874006668/001/node-1/jetstream/$SYS/_js_/C-R3F-HvwsqB9S/tav.idx", {st_mode=S_IFREG|0600, st_size=8, ...}, AT_SYMLINK_NOFOLLOW) = 0 <0.000039>
3285  1790834056.595952 <... pwrite64 resumed>) = 112 (DELAYED) <0.025156>
3288  1790834056.595993 renameat(AT_FDCWD</home/runner/work/js-wf/js-wf/integration>, "/tmp/TestMixedWorkflowsRecoverFromFourServerFaults874006668/001/node-1/jetstream/$SYS/_js_/C-R3F-HvwsqB9S/tav.idx.tmp", AT_FDCWD</home/runner/work/js-wf/js-wf/integration>, "/tmp/TestMixedWorkflowsRecoverFromFourServerFaults874006668/001/node-1/jetstream/$SYS/_js_/C-R3F-HvwsqB9S/tav.idx" <unfinished ...>
3320  1790834056.597164 pwrite64(30</tmp/TestMixedWorkflowsRecoverFromFourServerFaults874006668/001/node-1/jetstream/$G/streams/KV_WF_LEASE/msgs/1.blk>, "\273\0\0\200\347\0\0\0\0\0\0\0004$m\21\26R\332\30?\0$KV.WF_LEA"..., 187, 38237 <unfinished ...>
3288  1790834056.597457 <... renameat resumed>) = 0 <0.001444>
3316  1790834056.599822 <... pwrite64 resumed>) = 358 (DELAYED) <0.025239>
3286  1790834056.600113 newfstatat(AT_FDCWD</home/runner/work/js-wf/js-wf/integration>, "/tmp/TestMixedWorkflowsRecoverFromFourServerFaults874006668/001/node-1/jetstream/$SYS/_js_/C-R3F-HvwsqB9S/tav.idx", {st_mode=S_IFREG|0600, st_size=8, ...}, 0) = 0 <0.000161>
3286  1790834056.602674 newfstatat(AT_FDCWD</home/runner/work/js-wf/js-wf/integration>, "/tmp/TestMixedWorkflowsRecoverFromFourServerFaults874006668/001/node-1/jetstream/$SYS/_js_/C-R3F-HvwsqB9S/tav.idx", {st_mode=S_IFREG|0600, st_size=8, ...}, AT_SYMLINK_NOFOLLOW) = 0 <0.000082>
3286  1790834056.602844 renameat(AT_FDCWD</home/runner/work/js-wf/js-wf/integration>, "/tmp/TestMixedWorkflowsRecoverFromFourServerFaults874006668/001/node-1/jetstream/$SYS/_js_/C-R3F-HvwsqB9S/tav.idx.tmp", AT_FDCWD</home/runner/work/js-wf/js-wf/integration>, "/tmp/TestMixedWorkflowsRecoverFromFourServerFaults874006668/001/node-1/jetstream/$SYS/_js_/C-R3F-HvwsqB9S/tav.idx") = 0 <0.000285>
3315  1790834056.604027 pwrite64(24</tmp/TestMixedWorkflowsRecoverFromFourServerFaults874006668/001/node-1/jetstream/$G/streams/WF_JRN/msgs/1.blk>, "\321\0\0\200\215\0\0\0\0\0\0\0}\242O\23\26R\332\309\0wf.jrn.mix"..., 209, 38806 <unfinished ...>
3288  1790834056.609659 pwrite64(47</tmp/TestMixedWorkflowsRecoverFromFourServerFaults874006668/001/node-1/jetstream/$SYS/_js_/C-R3F-HvwsqB9S/msgs/1.blk>, "p\0\0\0\6\0\0\0\0\0\0\0\355\331\341\23\26R\332\30\0\0St9I6EVH\3\0"..., 112, 524 <unfinished ...>
3320  1790834056.622305 <... pwrite64 resumed>) = 187 (DELAYED) <0.025100>
3320  1790834056.622978 --- SIGURG {si_signo=SIGURG, si_code=SI_TKILL, si_pid=3265, si_uid=1001} ---
3318  1790834056.623776 pwrite64(30</tmp/TestMixedWorkflowsRecoverFromFourServerFaults874006668/001/node-1/jetstream/$G/streams/KV_WF_LEASE/msgs/1.blk>, "\273\0\0\200\350\0\0\0\0\0\0\0\1a\26\23\26R\332\30?\0$KV.WF_LEA"..., 187, 38424 <unfinished ...>
3315  1790834056.629085 <... pwrite64 resumed>) = 209 (DELAYED) <0.025023>
3316  1790834056.630493 pwrite64(24</tmp/TestMixedWorkflowsRecoverFromFourServerFaults874006668/001/node-1/jetstream/$G/streams/WF_JRN/msgs/1.blk>, "\321\0\0\200\216\0\0\0\0\0\0\0\205\302\306\24\26R\332\309\0wf.jrn.mix"..., 209, 39015 <unfinished ...>
3288  1790834056.634731 <... pwrite64 resumed>) = 112 (DELAYED) <0.025030>
3318  1790834056.648895 <... pwrite64 resumed>) = 187 (DELAYED) <0.025087>
3320  1790834056.653925 pwrite64(30</tmp/TestMixedWorkflowsRecoverFromFourServerFaults874006668/001/node-1/jetstream/$G/streams/KV_WF_LEASE/msgs/1.blk>, "\273\0\0\200\351\0\0\0\0\0\0\0\367\232\253\24\26R\332\30?\0$KV.WF_LEA"..., 374, 38611 <unfinished ...>
3316  1790834056.655542 <... pwrite64 resumed>) = 209 (DELAYED) <0.025003>
3318  1790834056.659352 pwrite64(24</tmp/TestMixedWorkflowsRecoverFromFourServerFaults874006668/001/node-1/jetstream/$G/streams/WF_JRN/msgs/1.blk>, "|\1\0\200\217\0\0\0\0\0\0\0\357\36\261\26\26R\332\309\0wf.jrn.mix"..., 760, 39224 <unfinished ...>
3320  1790834056.679025 <... pwrite64 resumed>) = 374 (DELAYED) <0.025061>
3286  1790834056.681676 pwrite64(30</tmp/TestMixedWorkflowsRecoverFromFourServerFaults874006668/001/node-1/jetstream/$G/streams/KV_WF_LEASE/msgs/1.blk>, "\273\0\0\200\353\0\0\0\0\0\0\0\273t\n\30\26R\332\30?\0$KV.WF_LEA"..., 374, 38985 <unfinished ...>
3318  1790834056.684418 <... pwrite64 resumed>) = 760 (DELAYED) <0.025039>
3320  1790834056.688154 pwrite64(24</tmp/TestMixedWorkflowsRecoverFromFourServerFaults874006668/001/node-1/jetstream/$G/streams/WF_JRN/msgs/1.blk>, "\360\0\0\200\221\0\0\0\0\0\0\0\234\235h\30\26R\332\309\0wf.jrn.mix"..., 480, 39984 <unfinished ...>
3286  1790834056.706762 <... pwrite64 resumed>) = 374 (DELAYED) <0.025046>
3286  1790834056.707066 --- SIGURG {si_signo=SIGURG, si_code=SI_TKILL, si_pid=3265, si_uid=1001} ---
3286  1790834056.707556 --- SIGURG {si_signo=SIGURG, si_code=SI_TKILL, si_pid=3265, si_uid=1001} ---
3318  1790834056.709746 pwrite64(30</tmp/TestMixedWorkflowsRecoverFromFourServerFaults874006668/001/node-1/jetstream/$G/streams/KV_WF_LEASE/msgs/1.blk>, "\273\0\0\200\355\0\0\0\0\0\0\0}e\261\31\26R\332\30?\0$KV.WF_LEA"..., 374, 39359 <unfinished ...>
3320  1790834056.713222 <... pwrite64 resumed>) = 480 (DELAYED) <0.025039>
3315  1790834056.716126 pwrite64(31</tmp/TestMixedWorkflowsRecoverFromFourServerFaults874006668/001/node-1/jetstream/$SYS/_js_/S-R3F-OEyp3t6z/msgs/2.blk>, "\371\1\0\0\4\0\0\0\0\0\0\0\30\366;\32\26R\332\30\0\0000WED9nmv\2\0"..., 505, 647 <unfinished ...>
3286  1790834056.717254 pwrite64(24</tmp/TestMixedWorkflowsRecoverFromFourServerFaults874006668/001/node-1/jetstream/$G/streams/WF_JRN/msgs/1.blk>, "\376\0\0\200\223\0\0\0\0\0\0\0\275\2\"\32\26R\332\309\0wf.jrn.mix"..., 508, 40464 <unfinished ...>
3318  1790834056.734857 <... pwrite64 resumed>) = 374 (DELAYED) <0.025072>
3318  1790834056.735225 --- SIGURG {si_signo=SIGURG, si_code=SI_TKILL, si_pid=3265, si_uid=1001} ---
3271  1790834056.739782 pwrite64(40</tmp/TestMixedWorkflowsRecoverFromFourServerFaults874006668/001/node-1/jetstream/$SYS/_js_/C-R3F-MUBUTFU3/msgs/1.blk>, "~\0\0\0\7\0\0\0\0\0\0\0\215\305\244\33\26R\332\30\0\0St9I6EVH\3\0"..., 126, 667 <unfinished ...>
3315  1790834056.741186 <... pwrite64 resumed>) = 505 (DELAYED) <0.025033>
3286  1790834056.742325 <... pwrite64 resumed>) = 508 (DELAYED) <0.025045>
3315  1790834056.743720 pwrite64(48</tmp/TestMixedWorkflowsRecoverFromFourServerFaults874006668/001/node-1/jetstream/$SYS/_js_/C-R3F-BJrVOQpv/msgs/1.blk>, "~\0\0\0\10\0\0\0\0\0\0\0\236\307\340\33\26R\332\30\0\0St9I6EVH\3\0"..., 126, 740 <unfinished ...>
3320  1790834056.743905 pwrite64(32</tmp/TestMixedWorkflowsRecoverFromFourServerFaults874006668/001/node-1/jetstream/$G/streams/KV_WF_STATE/msgs/1.blk>, "\263\0\0\200\3\0\0\0\0\0\0\0\366\2224\32\26R\332\30?\0$KV.WF_STA"..., 358, 358 <unfinished ...>
3318  1790834056.746099 pwrite64(45</tmp/TestMixedWorkflowsRecoverFromFourServerFaults874006668/001/node-1/jetstream/$SYS/_js_/C-R3F-Qi7jewV8/msgs/1.blk>, "~\0\0\0\10\0\0\0\0\0\0\0\330\207\5\34\26R\332\30\0\0St9I6EVH\3\0"..., 126, 740 <unfinished ...>
3316  1790834056.763467 newfstatat(AT_FDCWD</home/runner/work/js-wf/js-wf/integration>, "/tmp/TestMixedWorkflowsRecoverFromFourServerFaults874006668/001/node-1/jetstream/$SYS/_js_/C-R3F-JVHEu4zR/tav.idx", {st_mode=S_IFREG|0600, st_size=8, ...}, 0) = 0 <0.000035>
3271  1790834056.764843 <... pwrite64 resumed>) = 126 (DELAYED) <0.025027>
3271  1790834056.765122 --- SIGURG {si_signo=SIGURG, si_code=SI_TKILL, si_pid=3265, si_uid=1001} ---
3271  1790834056.767072 newfstatat(AT_FDCWD</home/runner/work/js-wf/js-wf/integration>, "/tmp/TestMixedWorkflowsRecoverFromFourServerFaults874006668/001/node-1/jetstream/$G/streams/WF_RUN/obs/WF_P_10/o.dat", {st_mode=S_IFREG|0600, st_size=16, ...}, AT_SYMLINK_NOFOLLOW) = 0 <0.000036>
3271  1790834056.767176 renameat(AT_FDCWD</home/runner/work/js-wf/js-wf/integration>, "/tmp/TestMixedWorkflowsRecoverFromFourServerFaults874006668/001/node-1/jetstream/$G/streams/WF_RUN/obs/WF_P_10/o.dat.tmp", AT_FDCWD</home/runner/work/js-wf/js-wf/integration>, "/tmp/TestMixedWorkflowsRecoverFromFourServerFaults874006668/001/node-1/jetstream/$G/streams/WF_RUN/obs/WF_P_10/o.dat" <unfinished ...>
3315  1790834056.768828 <... pwrite64 resumed>) = 126 (DELAYED) <0.025071>
3320  1790834056.768966 <... pwrite64 resumed>) = 358 (DELAYED) <0.025030>
3271  1790834056.769016 <... renameat resumed>) = 0 <0.001813>
3320  1790834056.769437 pwrite64(40</tmp/TestMixedWorkflowsRecoverFromFourServerFaults874006668/001/node-1/jetstream/$SYS/_js_/C-R3F-MUBUTFU3/msgs/1.blk>, "~\0\0\0\10\0\0\0\0\0\0\0,\200i\35\26R\332\30\0\0St9I6EVH\3\0"..., 126, 793 <unfinished ...>
3316  1790834056.769584 newfstatat(AT_FDCWD</home/runner/work/js-wf/js-wf/integration>, "/tmp/TestMixedWorkflowsRecoverFromFourServerFaults874006668/001/node-1/jetstream/$SYS/_js_/C-R3F-JVHEu4zR/tav.idx", {st_mode=S_IFREG|0600, st_size=8, ...}, AT_SYMLINK_NOFOLLOW) = 0 <0.000028>
3316  1790834056.769686 renameat(AT_FDCWD</home/runner/work/js-wf/js-wf/integration>, "/tmp/TestMixedWorkflowsRecoverFromFourServerFaults874006668/001/node-1/jetstream/$SYS/_js_/C-R3F-JVHEu4zR/tav.idx.tmp", AT_FDCWD</home/runner/work/js-wf/js-wf/integration>, "/tmp/TestMixedWorkflowsRecoverFromFourServerFaults874006668/001/node-1/jetstream/$SYS/_js_/C-R3F-JVHEu4zR/tav.idx") = 0 <0.000189>
3316  1790834056.770899 newfstatat(AT_FDCWD</home/runner/work/js-wf/js-wf/integration>, "/tmp/TestMixedWorkflowsRecoverFromFourServerFaults874006668/001/node-1/jetstream/$SYS/_js_/C-R3F-JVHEu4zR/tav.idx", {st_mode=S_IFREG|0600, st_size=8, ...}, 0) = 0 <0.000028>
3285  1790834056.771041 newfstatat(AT_FDCWD</home/runner/work/js-wf/js-wf/integration>, "/tmp/TestMixedWorkflowsRecoverFromFourServerFaults874006668/001/node-1/jetstream/$G/streams/WF_RUN/obs/WF_P_43/o.dat", {st_mode=S_IFREG|0600, st_size=16, ...}, AT_SYMLINK_NOFOLLOW) = 0 <0.000026>
3285  1790834056.771146 renameat(AT_FDCWD</home/runner/work/js-wf/js-wf/integration>, "/tmp/TestMixedWorkflowsRecoverFromFourServerFaults874006668/001/node-1/jetstream/$G/streams/WF_RUN/obs/WF_P_43/o.dat.tmp", AT_FDCWD</home/runner/work/js-wf/js-wf/integration>, "/tmp/TestMixedWorkflowsRecoverFromFourServerFaults874006668/001/node-1/jetstream/$G/streams/WF_RUN/obs/WF_P_43/o.dat" <unfinished ...>
3318  1790834056.771183 <... pwrite64 resumed>) = 126 (DELAYED) <0.025058>
3285  1790834056.771430 <... renameat resumed>) = 0 <0.000256>
3316  1790834056.772214 newfstatat(AT_FDCWD</home/runner/work/js-wf/js-wf/integration>, "/tmp/TestMixedWorkflowsRecoverFromFourServerFaults874006668/001/node-1/jetstream/$SYS/_js_/C-R3F-JVHEu4zR/tav.idx", {st_mode=S_IFREG|0600, st_size=8, ...}, AT_SYMLINK_NOFOLLOW) = 0 <0.000048>
3316  1790834056.772348 renameat(AT_FDCWD</home/runner/work/js-wf/js-wf/integration>, "/tmp/TestMixedWorkflowsRecoverFromFourServerFaults874006668/001/node-1/jetstream/$SYS/_js_/C-R3F-JVHEu4zR/tav.idx.tmp", AT_FDCWD</home/runner/work/js-wf/js-wf/integration>, "/tmp/TestMixedWorkflowsRecoverFromFourServerFaults874006668/001/node-1/jetstream/$SYS/_js_/C-R3F-JVHEu4zR/tav.idx" <unfinished ...>
3318  1790834056.772631 pwrite64(48</tmp/TestMixedWorkflowsRecoverFromFourServerFaults874006668/001/node-1/jetstream/$SYS/_js_/C-R3F-BJrVOQpv/msgs/1.blk>, "l\0\0\0\t\0\0\0\0\0\0\0\"<\232\35\26R\332\30\0\0St9I6EVH\3\0"..., 108, 866 <unfinished ...>
3316  1790834056.772680 <... renameat resumed>) = 0 <0.000265>
3285  1790834056.773896 newfstatat(AT_FDCWD</home/runner/work/js-wf/js-wf/integration>, "/tmp/TestMixedWorkflowsRecoverFromFourServerFaults874006668/001/node-1/jetstream/$G/streams/WF_RUN/obs/WF_P_28/o.dat", {st_mode=S_IFREG|0600, st_size=16, ...}, AT_SYMLINK_NOFOLLOW) = 0 <0.000067>
3285  1790834056.774059 renameat(AT_FDCWD</home/runner/work/js-wf/js-wf/integration>, "/tmp/TestMixedWorkflowsRecoverFromFourServerFaults874006668/001/node-1/jetstream/$G/streams/WF_RUN/obs/WF_P_28/o.dat.tmp", AT_FDCWD</home/runner/work/js-wf/js-wf/integration>, "/tmp/TestMixedWorkflowsRecoverFromFourServerFaults874006668/001/node-1/jetstream/$G/streams/WF_RUN/obs/WF_P_28/o.dat") = 0 <0.000241>
3316  1790834056.775030 pwrite64(45</tmp/TestMixedWorkflowsRecoverFromFourServerFaults874006668/001/node-1/jetstream/$SYS/_js_/C-R3F-Qi7jewV8/msgs/1.blk>, "l\0\0\0\t\0\0\0\0\0\0\0\317\312\276\35\26R\332\30\0\0St9I6EVH\3\0"..., 108, 866 <unfinished ...>
3285  1790834056.776390 pwrite64(49</tmp/TestMixedWorkflowsRecoverFromFourServerFaults874006668/001/node-1/jetstream/$SYS/_js_/C-R3F-JVHEu4zR/msgs/1.blk>, "p\0\0\0 \0\0\0\0\0\0\0\341N\323\35\26R\332\30\0\0St9I6EVH\3\0"..., 112, 3315 <unfinished ...>
3320  1790834056.794537 <... pwrite64 resumed>) = 126 (DELAYED) <0.025060>
3320  1790834056.794956 --- SIGURG {si_signo=SIGURG, si_code=SI_TKILL, si_pid=3265, si_uid=1001} ---
3318  1790834056.797714 <... pwrite64 resumed>) = 108 (DELAYED) <0.025060>
3318  1790834056.797942 pwrite64(48</tmp/TestMixedWorkflowsRecoverFromFourServerFaults874006668/001/node-1/jetstream/$SYS/_js_/C-R3F-BJrVOQpv/msgs/1.blk>, "[\0\0\0\n\0\0\0\0\0\0\0:\\\34\37\26R\332\30\0\0St9I6EVH\3\0"..., 91, 974 <unfinished ...>
3316  1790834056.800095 <... pwrite64 resumed>) = 108 (DELAYED) <0.025037>
3316  1790834056.800251 pwrite64(45</tmp/TestMixedWorkflowsRecoverFromFourServerFaults874006668/001/node-1/jetstream/$SYS/_js_/C-R3F-Qi7jewV8/msgs/1.blk>, "[\0\0\0\n\0\0\0\0\0\0\0r\273?\37\26R\332\30\0\0St9I6EVH\3\0"..., 91, 974 <unfinished ...>
3285  1790834056.801455 <... pwrite64 resumed>) = 112 (DELAYED) <0.025038>
3318  1790834056.823036 <... pwrite64 resumed>) = 91 (DELAYED) <0.025067>
3318  1790834056.823542 --- SIGURG {si_signo=SIGURG, si_code=SI_TKILL, si_pid=3265, si_uid=1001} ---
3316  1790834056.825307 <... pwrite64 resumed>) = 91 (DELAYED) <0.025033>
3288  1790834056.870469 --- SIGURG {si_signo=SIGURG, si_code=SI_TKILL, si_pid=3265, si_uid=1001} ---
3288  1790834056.871053 newfstatat(AT_FDCWD</home/runner/work/js-wf/js-wf/integration>, "/tmp/TestMixedWorkflowsRecoverFromFourServerFaults874006668/001/node-1/jetstream/$G/streams/WF_RUN/obs/WF_P_10/o.dat", {st_mode=S_IFREG|0600, st_size=18, ...}, AT_SYMLINK_NOFOLLOW) = 0 <0.000034>
3288  1790834056.871161 renameat(AT_FDCWD</home/runner/work/js-wf/js-wf/integration>, "/tmp/TestMixedWorkflowsRecoverFromFourServerFaults874006668/001/node-1/jetstream/$G/streams/WF_RUN/obs/WF_P_10/o.dat.tmp", AT_FDCWD</home/runner/work/js-wf/js-wf/integration>, "/tmp/TestMixedWorkflowsRecoverFromFourServerFaults874006668/001/node-1/jetstream/$G/streams/WF_RUN/obs/WF_P_10/o.dat") = 0 <0.000168>
3288  1790834056.872190 --- SIGURG {si_signo=SIGURG, si_code=SI_TKILL, si_pid=3265, si_uid=1001} ---
3288  1790834056.872350 newfstatat(AT_FDCWD</home/runner/work/js-wf/js-wf/integration>, "/tmp/TestMixedWorkflowsRecoverFromFourServerFaults874006668/001/node-1/jetstream/$G/streams/WF_RUN/obs/WF_P_43/o.dat", {st_mode=S_IFREG|0600, st_size=18, ...}, AT_SYMLINK_NOFOLLOW) = 0 <0.000033>
3288  1790834056.872461 renameat(AT_FDCWD</home/runner/work/js-wf/js-wf/integration>, "/tmp/TestMixedWorkflowsRecoverFromFourServerFaults874006668/001/node-1/jetstream/$G/streams/WF_RUN/obs/WF_P_43/o.dat.tmp", AT_FDCWD</home/runner/work/js-wf/js-wf/integration>, "/tmp/TestMixedWorkflowsRecoverFromFourServerFaults874006668/001/node-1/jetstream/$G/streams/WF_RUN/obs/WF_P_43/o.dat") = 0 <0.000199>
3285  1790834056.875973 newfstatat(AT_FDCWD</home/runner/work/js-wf/js-wf/integration>, "/tmp/TestMixedWorkflowsRecoverFromFourServerFaults874006668/001/node-1/jetstream/$G/streams/WF_RUN/obs/WF_P_28/o.dat", {st_mode=S_IFREG|0600, st_size=18, ...}, AT_SYMLINK_NOFOLLOW) = 0 <0.000037>
3285  1790834056.876086 renameat(AT_FDCWD</home/runner/work/js-wf/js-wf/integration>, "/tmp/TestMixedWorkflowsRecoverFromFourServerFaults874006668/001/node-1/jetstream/$G/streams/WF_RUN/obs/WF_P_28/o.dat.tmp", AT_FDCWD</home/runner/work/js-wf/js-wf/integration>, "/tmp/TestMixedWorkflowsRecoverFromFourServerFaults874006668/001/node-1/jetstream/$G/streams/WF_RUN/obs/WF_P_28/o.dat") = 0 <0.000207>
3318  1790834056.972770 --- SIGURG {si_signo=SIGURG, si_code=SI_TKILL, si_pid=3265, si_uid=1001} ---
3285  1790834056.992538 --- SIGURG {si_signo=SIGURG, si_code=SI_TKILL, si_pid=3265, si_uid=1001} ---
3316  1790834057.078052 pwrite64(30</tmp/TestMixedWorkflowsRecoverFromFourServerFaults874006668/001/node-1/jetstream/$G/streams/KV_WF_LEASE/msgs/1.blk>, "\252\0\0\200\357\0\0\0\0\0\0\0\261\315\244/\26R\332\30?\0$KV.WF_LEA"..., 170, 39733) = 170 (DELAYED) <0.025045>
3316  1790834057.103491 --- SIGURG {si_signo=SIGURG, si_code=SI_TKILL, si_pid=3265, si_uid=1001} ---
3271  1790834057.105377 pwrite64(30</tmp/TestMixedWorkflowsRecoverFromFourServerFaults874006668/001/node-1/jetstream/$G/streams/KV_WF_LEASE/msgs/1.blk>, "\252\0\0\200\360\0\0\0\0\0\0\0\275\242\271/\26R\332\30?\0$KV.WF_LEA"..., 170, 39903 <unfinished ...>
3316  1790834057.121798 pwrite64(41</tmp/TestMixedWorkflowsRecoverFromFourServerFaults874006668/001/node-1/jetstream/$SYS/_js_/C-R3F-U2k39UyT/msgs/1.blk>, "~\0\0\0\v\0\0\0\0\0\0\0}\201i2\26R\332\30\0\0St9I6EVH\3\0"..., 126, 1055 <unfinished ...>
3271  1790834057.130459 <... pwrite64 resumed>) = 170 (DELAYED) <0.025031>
3285  1790834057.132136 pwrite64(30</tmp/TestMixedWorkflowsRecoverFromFourServerFaults874006668/001/node-1/jetstream/$G/streams/KV_WF_LEASE/msgs/1.blk>, "\267\0\0\200\361\0\0\0\0\0\0\0g\320\2031\26R\332\30?\0$KV.WF_LEA"..., 183, 40073 <unfinished ...>
3316  1790834057.146886 <... pwrite64 resumed>) = 126 (DELAYED) <0.025046>
3316  1790834057.147223 --- SIGURG {si_signo=SIGURG, si_code=SI_TKILL, si_pid=3265, si_uid=1001} ---
3320  1790834057.149032 newfstatat(AT_FDCWD</home/runner/work/js-wf/js-wf/integration>, "/tmp/TestMixedWorkflowsRecoverFromFourServerFaults874006668/001/node-1/jetstream/$G/streams/WF_RUN/obs/WF_P_26/o.dat", {st_mode=S_IFREG|0600, st_size=16, ...}, AT_SYMLINK_NOFOLLOW) = 0 <0.000038>
3320  1790834057.149134 renameat(AT_FDCWD</home/runner/work/js-wf/js-wf/integration>, "/tmp/TestMixedWorkflowsRecoverFromFourServerFaults874006668/001/node-1/jetstream/$G/streams/WF_RUN/obs/WF_P_26/o.dat.tmp", AT_FDCWD</home/runner/work/js-wf/js-wf/integration>, "/tmp/TestMixedWorkflowsRecoverFromFourServerFaults874006668/001/node-1/jetstream/$G/streams/WF_RUN/obs/WF_P_26/o.dat") = 0 <0.000193>
3285  1790834057.157213 <... pwrite64 resumed>) = 183 (DELAYED) <0.025025>
3318  1790834057.158637 pwrite64(30</tmp/TestMixedWorkflowsRecoverFromFourServerFaults874006668/001/node-1/jetstream/$G/streams/KV_WF_LEASE/msgs/1.blk>, "\273\0\0\200\362\0\0\0\0\0\0\0\356\302\0013\26R\332\30?\0$KV.WF_LEA"..., 187, 40256) = 187 (DELAYED) <0.025017>
3318  1790834057.183929 --- SIGURG {si_signo=SIGURG, si_code=SI_TKILL, si_pid=3265, si_uid=1001} ---
3316  1790834057.188957 pwrite64(24</tmp/TestMixedWorkflowsRecoverFromFourServerFaults874006668/001/node-1/jetstream/$G/streams/WF_JRN/msgs/1.blk>, "\321\0\0\200\225\0\0\0\0\0\0\0\353@J6\26R\332\309\0wf.jrn.mix"..., 209, 40972 <unfinished ...>
3318  1790834057.202267 pwrite64(30</tmp/TestMixedWorkflowsRecoverFromFourServerFaults874006668/001/node-1/jetstream/$G/streams/KV_WF_LEASE/msgs/1.blk>, "\273\0\0\200\363\0\0\0\0\0\0\0#\260\0356\26R\332\30?\0$KV.WF_LEA"..., 746, 40443 <unfinished ...>
3316  1790834057.214024 <... pwrite64 resumed>) = 209 (DELAYED) <0.025026>
3320  1790834057.219050 pwrite64(24</tmp/TestMixedWorkflowsRecoverFromFourServerFaults874006668/001/node-1/jetstream/$G/streams/WF_JRN/msgs/1.blk>, "|\1\0\200\226\0\0\0\0\0\0\0001{\3777\26R\332\309\0wf.jrn.mix"..., 380, 41181 <unfinished ...>
3318  1790834057.227339 <... pwrite64 resumed>) = 746 (DELAYED) <0.025042>
3318  1790834057.227587 --- SIGURG {si_signo=SIGURG, si_code=SI_TKILL, si_pid=3265, si_uid=1001} ---
3316  1790834057.230425 pwrite64(30</tmp/TestMixedWorkflowsRecoverFromFourServerFaults874006668/001/node-1/jetstream/$G/streams/KV_WF_LEASE/msgs/1.blk>, "\214\0\0\200\367\0\0\0\0\0\0\0\372(\2708\26R\332\30\"\0$KV.WF_LEA"..., 514, 41189 <unfinished ...>
3320  1790834057.244132 <... pwrite64 resumed>) = 380 (DELAYED) <0.025046>
3320  1790834057.244407 --- SIGURG {si_signo=SIGURG, si_code=SI_TKILL, si_pid=3265, si_uid=1001} ---
3320  1790834057.247846 pwrite64(24</tmp/TestMixedWorkflowsRecoverFromFourServerFaults874006668/001/node-1/jetstream/$G/streams/WF_JRN/msgs/1.blk>, "\360\0\0\200\227\0\0\0\0\0\0\0\303\244\3159\26R\332\309\0wf.jrn.mix"..., 480, 41561 <unfinished ...>
3316  1790834057.255490 <... pwrite64 resumed>) = 514 (DELAYED) <0.025036>
3318  1790834057.257698 pwrite64(30</tmp/TestMixedWorkflowsRecoverFromFourServerFaults874006668/001/node-1/jetstream/$G/streams/KV_WF_LEASE/msgs/1.blk>, "\214\0\0\200\372\0\0\0\0\0\0\0\304Fe:\26R\332\30\"\0$KV.WF_LEA"..., 854, 41703 <unfinished ...>
3320  1790834057.272890 <... pwrite64 resumed>) = 480 (DELAYED) <0.025016>
3320  1790834057.273151 --- SIGURG {si_signo=SIGURG, si_code=SI_TKILL, si_pid=3265, si_uid=1001} ---
3285  1790834057.275741 pwrite64(31</tmp/TestMixedWorkflowsRecoverFromFourServerFaults874006668/001/node-1/jetstream/$SYS/_js_/S-R3F-OEyp3t6z/msgs/2.blk>, "!\1\0\0\5\0\0\0\0\0\0\0\222<\227;\26R\332\30\0\0000WED9nmv\2\0"..., 289, 1152 <unfinished ...>
3271  1790834057.277015 pwrite64(24</tmp/TestMixedWorkflowsRecoverFromFourServerFaults874006668/001/node-1/jetstream/$G/streams/WF_JRN/msgs/1.blk>, "\376\0\0\200\231\0\0\0\0\0\0\0\370\331{;\26R\332\309\0wf.jrn.mix"..., 508, 42041 <unfinished ...>
3318  1790834057.282743 <... pwrite64 resumed>) = 854 (DELAYED) <0.025008>
3318  1790834057.286649 pwrite64(30</tmp/TestMixedWorkflowsRecoverFromFourServerFaults874006668/001/node-1/jetstream/$G/streams/KV_WF_LEASE/msgs/1.blk>, "\214\0\0\200\377\0\0\0\0\0\0\0\264\6p:\26R\332\30\"\0$KV.WF_LEA"..., 280, 42557 <unfinished ...>
3285  1790834057.300831 <... pwrite64 resumed>) = 289 (DELAYED) <0.025059>
3285  1790834057.301199 --- SIGURG {si_signo=SIGURG, si_code=SI_TKILL, si_pid=3265, si_uid=1001} ---
3315  1790834057.301306 pwrite64(31</tmp/TestMixedWorkflowsRecoverFromFourServerFaults874006668/001/node-1/jetstream/$SYS/_js_/S-R3F-OEyp3t6z/msgs/2.blk>, "!\1\0\0\6\0\0\0\0\0\0\0\376\16\35=\26R\332\30\0\0000WED9nmv\2\0"..., 289, 1441 <unfinished ...>
3271  1790834057.302105 <... pwrite64 resumed>) = 508 (DELAYED) <0.025054>
3318  1790834057.311737 <... pwrite64 resumed>) = 280 (DELAYED) <0.025059>
3285  1790834057.318082 --- SIGURG {si_signo=SIGURG, si_code=SI_TKILL, si_pid=3265, si_uid=1001} ---
3315  1790834057.326386 <... pwrite64 resumed>) = 289 (DELAYED) <0.025051>
3315  1790834057.326640 --- SIGURG {si_signo=SIGURG, si_code=SI_TKILL, si_pid=3265, si_uid=1001} ---
3271  1790834057.328008 pwrite64(32</tmp/TestMixedWorkflowsRecoverFromFourServerFaults874006668/001/node-1/jetstream/$G/streams/KV_WF_STATE/msgs/1.blk>, "\263\0\0\200\5\0\0\0\0\0\0\0cU\215;\26R\332\30?\0$KV.WF_STA"..., 179, 716 <unfinished ...>
3285  1790834057.337600 pwrite64(39</tmp/TestMixedWorkflowsRecoverFromFourServerFaults874006668/001/node-1/jetstream/$SYS/_js_/C-R3F-7OjMKAQS/msgs/1.blk>, "l\0\0\0\v\0\0\0\0\0\0\0\252\352F?\26R\332\30\0\0St9I6EVH\3\0"..., 108, 1016 <unfinished ...>
3318  1790834057.337765 pwrite64(42</tmp/TestMixedWorkflowsRecoverFromFourServerFaults874006668/001/node-1/jetstream/$SYS/_js_/C-R3F-Fspi1V4u/msgs/1.blk>, "l\0\0\0\f\0\0\0\0\0\0\0.\234I?\26R\332\30\0\0St9I6EVH\2\0"..., 108, 1185 <unfinished ...>
3288  1790834057.350789 --- SIGURG {si_signo=SIGURG, si_code=SI_TKILL, si_pid=3265, si_uid=1001} ---
3271  1790834057.353062 <... pwrite64 resumed>) = 179 (DELAYED) <0.025010>
3315  1790834057.355416 pwrite64(32</tmp/TestMixedWorkflowsRecoverFromFourServerFaults874006668/001/node-1/jetstream/$G/streams/KV_WF_STATE/msgs/1.blk>, "\263\0\0\200\6\0\0\0\0\0\0\0\n\250\220;\26R\332\30?\0$KV.WF_STA"..., 179, 895 <unfinished ...>
3320  1790834057.356749 pwrite64(46</tmp/TestMixedWorkflowsRecoverFromFourServerFaults874006668/001/node-1/jetstream/$SYS/_js_/C-R3F-mMm2NIUQ/msgs/1.blk>, "l\0\0\0\f\0\0\0\0\0\0\0\230Ck@\26R\332\30\0\0St9I6EVH\3\0"..., 108, 1103 <unfinished ...>
3285  1790834057.362659 <... pwrite64 resumed>) = 108 (DELAYED) <0.025028>
3285  1790834057.362819 pwrite64(39</tmp/TestMixedWorkflowsRecoverFromFourServerFaults874006668/001/node-1/jetstream/$SYS/_js_/C-R3F-7OjMKAQS/msgs/1.blk>, "l\0\0\0\f\0\0\0\0\0\0\0~\263\307@\26R\332\30\0\0St9I6EVH\3\0"..., 108, 1124 <unfinished ...>
3318  1790834057.362846 <... pwrite64 resumed>) = 108 (DELAYED) <0.025063>
3318  1790834057.362911 pwrite64(42</tmp/TestMixedWorkflowsRecoverFromFourServerFaults874006668/001/node-1/jetstream/$SYS/_js_/C-R3F-Fspi1V4u/msgs/1.blk>, "l\0\0\0\r\0\0\0\0\0\0\0\2628\311@\26R\332\30\0\0St9I6EVH\2\0"..., 108, 1293 <unfinished ...>
3315  1790834057.380504 <... pwrite64 resumed>) = 179 (DELAYED) <0.025060>
3315  1790834057.380852 --- SIGURG {si_signo=SIGURG, si_code=SI_TKILL, si_pid=3265, si_uid=1001} ---
3320  1790834057.381804 <... pwrite64 resumed>) = 108 (DELAYED) <0.025026>
3320  1790834057.382014 pwrite64(46</tmp/TestMixedWorkflowsRecoverFromFourServerFaults874006668/001/node-1/jetstream/$SYS/_js_/C-R3F-mMm2NIUQ/msgs/1.blk>, "l\0\0\0\r\0\0\0\0\0\0\0\256\273\354A\26R\332\30\0\0St9I6EVH\3\0"..., 108, 1211 <unfinished ...>
3285  1790834057.387887 <... pwrite64 resumed>) = 108 (DELAYED) <0.025041>
3318  1790834057.388029 <... pwrite64 resumed>) = 108 (DELAYED) <0.025091>
3320  1790834057.407099 <... pwrite64 resumed>) = 108 (DELAYED) <0.025059>
3320  1790834057.407159 --- SIGURG {si_signo=SIGURG, si_code=SI_TKILL, si_pid=3265, si_uid=1001} ---
3320  1790834057.407581 --- SIGURG {si_signo=SIGURG, si_code=SI_TKILL, si_pid=3265, si_uid=1001} ---
3285  1790834057.556715 newfstatat(AT_FDCWD</home/runner/work/js-wf/js-wf/integration>, "/tmp/TestMixedWorkflowsRecoverFromFourServerFaults874006668/001/node-1/jetstream/$G/streams/WF_RUN/obs/WF_P_63/o.dat", {st_mode=S_IFREG|0600, st_size=8, ...}, AT_SYMLINK_NOFOLLOW) = 0 <0.000034>
3285  1790834057.556829 renameat(AT_FDCWD</home/runner/work/js-wf/js-wf/integration>, "/tmp/TestMixedWorkflowsRecoverFromFourServerFaults874006668/001/node-1/jetstream/$G/streams/WF_RUN/obs/WF_P_63/o.dat.tmp", AT_FDCWD</home/runner/work/js-wf/js-wf/integration>, "/tmp/TestMixedWorkflowsRecoverFromFourServerFaults874006668/001/node-1/jetstream/$G/streams/WF_RUN/obs/WF_P_63/o.dat") = 0 <0.000162>
3315  1790834057.578564 pwrite64(22</tmp/TestMixedWorkflowsRecoverFromFourServerFaults874006668/001/node-1/jetstream/$G/streams/WF_RUN/msgs/1.blk>, "\303\0\0\2005\0\0\0\0\0\0\0\24\253\261l\25R\332\30\t\0wf.run.18\203"..., 225, 11674 <unfinished ...>
3271  1790834057.599144 newfstatat(AT_FDCWD</home/runner/work/js-wf/js-wf/integration>, "/tmp/TestMixedWorkflowsRecoverFromFourServerFaults874006668/001/node-1/jetstream/$G/streams/WF_RUN/obs/WF_P_12/o.dat", {st_mode=S_IFREG|0600, st_size=8, ...}, AT_SYMLINK_NOFOLLOW) = 0 <0.000047>
3271  1790834057.599302 renameat(AT_FDCWD</home/runner/work/js-wf/js-wf/integration>, "/tmp/TestMixedWorkflowsRecoverFromFourServerFaults874006668/001/node-1/jetstream/$G/streams/WF_RUN/obs/WF_P_12/o.dat.tmp", AT_FDCWD</home/runner/work/js-wf/js-wf/integration>, "/tmp/TestMixedWorkflowsRecoverFromFourServerFaults874006668/001/node-1/jetstream/$G/streams/WF_RUN/obs/WF_P_12/o.dat") = 0 <0.000202>
3315  1790834057.603625 <... pwrite64 resumed>) = 225 (DELAYED) <0.025016>
3315  1790834057.603998 pwrite64(22</tmp/TestMixedWorkflowsRecoverFromFourServerFaults874006668/001/node-1/jetstream/$G/streams/WF_RUN/msgs/1.blk>, "\303\0\0\2006\0\0\0\0\0\0\0'a\241{\25R\332\30\t\0wf.run.18\203"..., 225, 11899) = 225 (DELAYED) <0.025054>
3315  1790834057.629353 --- SIGURG {si_signo=SIGURG, si_code=SI_TKILL, si_pid=3265, si_uid=1001} ---
3320  1790834057.629665 pwrite64(39</tmp/TestMixedWorkflowsRecoverFromFourServerFaults874006668/001/node-1/jetstream/$SYS/_js_/C-R3F-7OjMKAQS/msgs/1.blk>, "~\0\0\0\r\0\0\0\0\0\0\0M\16\257P\26R\332\30\0\0St9I6EVH\3\0"..., 126, 1232 <unfinished ...>
3271  1790834057.629789 pwrite64(22</tmp/TestMixedWorkflowsRecoverFromFourServerFaults874006668/001/node-1/jetstream/$G/streams/WF_RUN/msgs/1.blk>, "\303\0\0\2007\0\0\0\0\0\0\0s\323\242{\25R\332\30\t\0wf.run.26\203"..., 225, 12124 <unfinished ...>
3315  1790834057.638212 newfstatat(AT_FDCWD</home/runner/work/js-wf/js-wf/integration>, "/tmp/TestMixedWorkflowsRecoverFromFourServerFaults874006668/001/node-1/jetstream/$G/streams/WF_RUN/obs/WF_P_48/o.dat", {st_mode=S_IFREG|0600, st_size=16, ...}, AT_SYMLINK_NOFOLLOW) = 0 <0.000039>
3315  1790834057.638335 renameat(AT_FDCWD</home/runner/work/js-wf/js-wf/integration>, "/tmp/TestMixedWorkflowsRecoverFromFourServerFaults874006668/001/node-1/jetstream/$G/streams/WF_RUN/obs/WF_P_48/o.dat.tmp", AT_FDCWD</home/runner/work/js-wf/js-wf/integration>, "/tmp/TestMixedWorkflowsRecoverFromFourServerFaults874006668/001/node-1/jetstream/$G/streams/WF_RUN/obs/WF_P_48/o.dat") = 0 <0.000205>
3320  1790834057.654755 <... pwrite64 resumed>) = 126 (DELAYED) <0.025054>
3271  1790834057.654898 <... pwrite64 resumed>) = 225 (DELAYED) <0.025061>
3318  1790834057.655224 pwrite64(22</tmp/TestMixedWorkflowsRecoverFromFourServerFaults874006668/001/node-1/jetstream/$G/streams/WF_RUN/msgs/1.blk>, "\303\0\0\2008\0\0\0\0\0\0\0\233\347\242{\25R\332\30\t\0wf.run.18\203"..., 225, 12349 <unfinished ...>
3320  1790834057.655265 --- SIGURG {si_signo=SIGURG, si_code=SI_TKILL, si_pid=3265, si_uid=1001} ---
3271  1790834057.657008 newfstatat(AT_FDCWD</home/runner/work/js-wf/js-wf/integration>, "/tmp/TestMixedWorkflowsRecoverFromFourServerFaults874006668/001/node-1/jetstream/$G/streams/WF_RUN/obs/WF_P_18/o.dat", {st_mode=S_IFREG|0600, st_size=8, ...}, AT_SYMLINK_NOFOLLOW) = 0 <0.000057>
3271  1790834057.657131 renameat(AT_FDCWD</home/runner/work/js-wf/js-wf/integration>, "/tmp/TestMixedWorkflowsRecoverFromFourServerFaults874006668/001/node-1/jetstream/$G/streams/WF_RUN/obs/WF_P_18/o.dat.tmp", AT_FDCWD</home/runner/work/js-wf/js-wf/integration>, "/tmp/TestMixedWorkflowsRecoverFromFourServerFaults874006668/001/node-1/jetstream/$G/streams/WF_RUN/obs/WF_P_18/o.dat") = 0 <0.000194>
3320  1790834057.660965 pwrite64(30</tmp/TestMixedWorkflowsRecoverFromFourServerFaults874006668/001/node-1/jetstream/$G/streams/KV_WF_LEASE/msgs/1.blk>, "\234\0\0\200\1\1\0\0\0\0\0\0\17\324jR\26R\332\30\"\0$KV.WF_LEA"..., 156, 42837 <unfinished ...>
3318  1790834057.680296 <... pwrite64 resumed>) = 225 (DELAYED) <0.025033>
3318  1790834057.680565 --- SIGURG {si_signo=SIGURG, si_code=SI_TKILL, si_pid=3265, si_uid=1001} ---
3316  1790834057.680976 pwrite64(22</tmp/TestMixedWorkflowsRecoverFromFourServerFaults874006668/001/node-1/jetstream/$G/streams/WF_RUN/msgs/1.blk>, "\302\0\0\2009\0\0\0\0\0\0\0^\362\242{\25R\332\30\10\0wf.run.0\203\0"..., 224, 12574 <unfinished ...>
3320  1790834057.686021 <... pwrite64 resumed>) = 156 (DELAYED) <0.025025>
3318  1790834057.687254 pwrite64(30</tmp/TestMixedWorkflowsRecoverFromFourServerFaults874006668/001/node-1/jetstream/$G/streams/KV_WF_LEASE/msgs/1.blk>, "\236\0\0\200\2\1\0\0\0\0\0\0\241?\203R\26R\332\30\"\0$KV.WF_LEA"..., 158, 42993 <unfinished ...>
3316  1790834057.706077 <... pwrite64 resumed>) = 224 (DELAYED) <0.025059>
3316  1790834057.706422 pwrite64(22</tmp/TestMixedWorkflowsRecoverFromFourServerFaults874006668/001/node-1/jetstream/$G/streams/WF_RUN/msgs/1.blk>, "\303\0\0\200:\0\0\0\0\0\0\0!\6\243{\25R\332\30\t\0wf.run.26\203"..., 225, 12798 <unfinished ...>
3318  1790834057.712357 <... pwrite64 resumed>) = 158 (DELAYED) <0.025073>
3318  1790834057.715178 pwrite64(30</tmp/TestMixedWorkflowsRecoverFromFourServerFaults874006668/001/node-1/jetstream/$G/streams/KV_WF_LEASE/msgs/1.blk>, "\236\0\0\200\3\1\0\0\0\0\0\0\261&\242U\26R\332\30\"\0$KV.WF_LEA"..., 158, 43151 <unfinished ...>
3315  1790834057.718112 pwrite64(24</tmp/TestMixedWorkflowsRecoverFromFourServerFaults874006668/001/node-1/jetstream/$G/streams/WF_JRN/msgs/1.blk>, "\311\0\0\200\233\0\0\0\0\0\0\0\244@\310U\26R\332\30\34\0wf.jrn.mix"..., 201, 42549 <unfinished ...>
3316  1790834057.731597 <... pwrite64 resumed>) = 225 (DELAYED) <0.025140>
3271  1790834057.732098 pwrite64(42</tmp/TestMixedWorkflowsRecoverFromFourServerFaults874006668/001/node-1/jetstream/$SYS/_js_/C-R3F-Fspi1V4u/msgs/1.blk>, "~\0\0\0\16\0\0\0\0\0\0\0\261J\312V\26R\332\30\0\0St9I6EVH\2\0"..., 126, 1401 <unfinished ...>
3320  1790834057.732324 pwrite64(22</tmp/TestMixedWorkflowsRecoverFromFourServerFaults874006668/001/node-1/jetstream/$G/streams/WF_RUN/msgs/1.blk>, "\303\0\0\200;\0\0\0\0\0\0\0\235\22\243{\25R\332\30\t\0wf.run.18\203"..., 225, 13023 <unfinished ...>
3318  1790834057.740236 <... pwrite64 resumed>) = 158 (DELAYED) <0.025019>
3315  1790834057.743160 <... pwrite64 resumed>) = 201 (DELAYED) <0.025018>
3286  1790834057.743369 pwrite64(30</tmp/TestMixedWorkflowsRecoverFromFourServerFaults874006668/001/node-1/jetstream/$G/streams/KV_WF_LEASE/msgs/1.blk>, "\236\0\0\200\4\1\0\0\0\0\0\0_\36JW\26R\332\30\"\0$KV.WF_LEA"..., 158, 43309 <unfinished ...>
3315  1790834057.746930 pwrite64(24</tmp/TestMixedWorkflowsRecoverFromFourServerFaults874006668/001/node-1/jetstream/$G/streams/WF_JRN/msgs/1.blk>, "?\1\0\200\234\0\0\0\0\0\0\0\353>\204W\26R\332\30\34\0wf.jrn.mix"..., 319, 42750 <unfinished ...>
3271  1790834057.757176 <... pwrite64 resumed>) = 126 (DELAYED) <0.025027>
3320  1790834057.757385 <... pwrite64 resumed>) = 225 (DELAYED) <0.025039>
3320  1790834057.757720 --- SIGURG {si_signo=SIGURG, si_code=SI_TKILL, si_pid=3265, si_uid=1001} ---
3318  1790834057.757766 pwrite64(22</tmp/TestMixedWorkflowsRecoverFromFourServerFaults874006668/001/node-1/jetstream/$G/streams/WF_RUN/msgs/1.blk>, "\302\0\0\200<\0\0\0\0\0\0\0\242\34\243{\25R\332\30\10\0wf.run.0\203\0"..., 224, 13248 <unfinished ...>
3316  1790834057.758799 newfstatat(AT_FDCWD</home/runner/work/js-wf/js-wf/integration>, "/tmp/TestMixedWorkflowsRecoverFromFourServerFaults874006668/001/node-1/jetstream/$G/streams/WF_RUN/obs/WF_P_00/o.dat", {st_mode=S_IFREG|0600, st_size=8, ...}, AT_SYMLINK_NOFOLLOW) = 0 <0.000032>
3316  1790834057.758933 renameat(AT_FDCWD</home/runner/work/js-wf/js-wf/integration>, "/tmp/TestMixedWorkflowsRecoverFromFourServerFaults874006668/001/node-1/jetstream/$G/streams/WF_RUN/obs/WF_P_00/o.dat.tmp", AT_FDCWD</home/runner/work/js-wf/js-wf/integration>, "/tmp/TestMixedWorkflowsRecoverFromFourServerFaults874006668/001/node-1/jetstream/$G/streams/WF_RUN/obs/WF_P_00/o.dat") = 0 <0.000199>
3286  1790834057.768436 <... pwrite64 resumed>) = 158 (DELAYED) <0.025015>
3286  1790834057.768875 --- SIGURG {si_signo=SIGURG, si_code=SI_TKILL, si_pid=3265, si_uid=1001} ---
3286  1790834057.769694 pwrite64(40</tmp/TestMixedWorkflowsRecoverFromFourServerFaults874006668/001/node-1/jetstream/$SYS/_js_/C-R3F-MUBUTFU3/msgs/1.blk>, "l\0\0\0\t\0\0\0\0\0\0\0\373b\7Y\26R\332\30\0\0St9I6EVH\3\0"..., 108, 919 <unfinished ...>
3320  1790834057.770738 pwrite64(30</tmp/TestMixedWorkflowsRecoverFromFourServerFaults874006668/001/node-1/jetstream/$G/streams/KV_WF_LEASE/msgs/1.blk>, "\236\0\0\200\5\1\0\0\0\0\0\0Z\311\367X\26R\332\30\"\0$KV.WF_LEA"..., 158, 43467 <unfinished ...>
3315  1790834057.771979 <... pwrite64 resumed>) = 319 (DELAYED) <0.025021>
3316  1790834057.773018 pwrite64(48</tmp/TestMixedWorkflowsRecoverFromFourServerFaults874006668/001/node-1/jetstream/$SYS/_js_/C-R3F-BJrVOQpv/msgs/1.blk>, "l\0\0\0\v\0\0\0\0\0\0\0\210\177:Y\26R\332\30\0\0St9I6EVH\3\0"..., 108, 1065 <unfinished ...>
3271  1790834057.775650 pwrite64(24</tmp/TestMixedWorkflowsRecoverFromFourServerFaults874006668/001/node-1/jetstream/$G/streams/WF_JRN/msgs/1.blk>, "\350\0\0\200\235\0\0\0\0\0\0\0\235\3349Y\26R\332\30\34\0wf.jrn.mix"..., 232, 43069 <unfinished ...>
3314  1790834057.775740 pwrite64(45</tmp/TestMixedWorkflowsRecoverFromFourServerFaults874006668/001/node-1/jetstream/$SYS/_js_/C-R3F-Qi7jewV8/msgs/1.blk>, "l\0\0\0\v\0\0\0\0\0\0\0F\214dY\26R\332\30\0\0St9I6EVH\3\0"..., 108, 1065 <unfinished ...>
3318  1790834057.782839 <... pwrite64 resumed>) = 224 (DELAYED) <0.025050>
3318  1790834057.783110 --- SIGURG {si_signo=SIGURG, si_code=SI_TKILL, si_pid=3265, si_uid=1001} ---
3315  1790834057.783145 pwrite64(22</tmp/TestMixedWorkflowsRecoverFromFourServerFaults874006668/001/node-1/jetstream/$G/streams/WF_RUN/msgs/1.blk>, "\303\0\0\200=\0\0\0\0\0\0\0='\243{\25R\332\30\t\0wf.run.26\203"..., 225, 13472 <unfinished ...>
3286  1790834057.794761 <... pwrite64 resumed>) = 108 (DELAYED) <0.025027>
3288  1790834057.795064 pwrite64(40</tmp/TestMixedWorkflowsRecoverFromFourServerFaults874006668/001/node-1/jetstream/$SYS/_js_/C-R3F-MUBUTFU3/msgs/1.blk>, "z\0\0\0\n\0\0\0\0\0\0\0~U\213Z\26R\332\30\0\0St9I6EVH\3\0"..., 122, 1027 <unfinished ...>
3286  1790834057.795152 --- SIGURG {si_signo=SIGURG, si_code=SI_TKILL, si_pid=3265, si_uid=1001} ---
3320  1790834057.795797 <... pwrite64 resumed>) = 158 (DELAYED) <0.025027>
3318  1790834057.797063 pwrite64(30</tmp/TestMixedWorkflowsRecoverFromFourServerFaults874006668/001/node-1/jetstream/$G/streams/KV_WF_LEASE/msgs/1.blk>, "\234\0\0\200\6\1\0\0\0\0\0\0C\0\22Y\26R\332\30\"\0$KV.WF_LEA"..., 156, 43625 <unfinished ...>
3316  1790834057.798105 <... pwrite64 resumed>) = 108 (DELAYED) <0.025061>
3316  1790834057.798197 pwrite64(48</tmp/TestMixedWorkflowsRecoverFromFourServerFaults874006668/001/node-1/jetstream/$SYS/_js_/C-R3F-BJrVOQpv/msgs/1.blk>, "z\0\0\0\f\0\0\0\0\0\0\0\337\347\272Z\26R\332\30\0\0St9I6EVH\3\0"..., 122, 1173 <unfinished ...>
3314  1790834057.800809 <... pwrite64 resumed>) = 108 (DELAYED) <0.025047>
3271  1790834057.800829 <... pwrite64 resumed>) = 232 (DELAYED) <0.025154>
3314  1790834057.800978 pwrite64(45</tmp/TestMixedWorkflowsRecoverFromFourServerFaults874006668/001/node-1/jetstream/$SYS/_js_/C-R3F-Qi7jewV8/msgs/1.blk>, "z\0\0\0\f\0\0\0\0\0\0\0\362\233\345Z\26R\332\30\0\0St9I6EVH\3\0"..., 122, 1173 <unfinished ...>
3285  1790834057.804261 newfstatat(AT_FDCWD</home/runner/work/js-wf/js-wf/integration>, "/tmp/TestMixedWorkflowsRecoverFromFourServerFaults874006668/001/node-1/jetstream/$G/streams/WF_RUN/obs/WF_P_51/o.dat", {st_mode=S_IFREG|0600, st_size=8, ...}, AT_SYMLINK_NOFOLLOW) = 0 <0.000045>
3285  1790834057.804405 renameat(AT_FDCWD</home/runner/work/js-wf/js-wf/integration>, "/tmp/TestMixedWorkflowsRecoverFromFourServerFaults874006668/001/node-1/jetstream/$G/streams/WF_RUN/obs/WF_P_51/o.dat.tmp", AT_FDCWD</home/runner/work/js-wf/js-wf/integration>, "/tmp/TestMixedWorkflowsRecoverFromFourServerFaults874006668/001/node-1/jetstream/$G/streams/WF_RUN/obs/WF_P_51/o.dat") = 0 <0.000208>
3271  1790834057.806681 pwrite64(41</tmp/TestMixedWorkflowsRecoverFromFourServerFaults874006668/001/node-1/jetstream/$SYS/_js_/C-R3F-U2k39UyT/msgs/1.blk>, "[\0\0\0\f\0\0\0\0\0\0\0\334\262<[\26R\332\30\0\0St9I6EVH\3\0"..., 91, 1181 <unfinished ...>
3315  1790834057.808227 <... pwrite64 resumed>) = 225 (DELAYED) <0.025045>
3315  1790834057.808488 pwrite64(22</tmp/TestMixedWorkflowsRecoverFromFourServerFaults874006668/001/node-1/jetstream/$G/streams/WF_RUN/msgs/1.blk>, "\303\0\0\200>\0\0\0\0\0\0\0\261/\243{\25R\332\30\t\0wf.run.18\203"..., 225, 13697 <unfinished ...>
3288  1790834057.820145 <... pwrite64 resumed>) = 122 (DELAYED) <0.025043>
3288  1790834057.820468 --- SIGURG {si_signo=SIGURG, si_code=SI_TKILL, si_pid=3265, si_uid=1001} ---
3318  1790834057.822149 <... pwrite64 resumed>) = 156 (DELAYED) <0.025051>
3320  1790834057.822216 newfstatat(AT_FDCWD</home/runner/work/js-wf/js-wf/integration>, "/tmp/TestMixedWorkflowsRecoverFromFourServerFaults874006668/001/node-1/jetstream/$G/streams/WF_RUN/obs/WF_P_10/o.dat", {st_mode=S_IFREG|0600, st_size=18, ...}, AT_SYMLINK_NOFOLLOW) = 0 <0.000044>
3320  1790834057.822328 renameat(AT_FDCWD</home/runner/work/js-wf/js-wf/integration>, "/tmp/TestMixedWorkflowsRecoverFromFourServerFaults874006668/001/node-1/jetstream/$G/streams/WF_RUN/obs/WF_P_10/o.dat.tmp", AT_FDCWD</home/runner/work/js-wf/js-wf/integration>, "/tmp/TestMixedWorkflowsRecoverFromFourServerFaults874006668/001/node-1/jetstream/$G/streams/WF_RUN/obs/WF_P_10/o.dat") = 0 <0.000174>
3316  1790834057.823369 <... pwrite64 resumed>) = 122 (DELAYED) <0.025145>
3318  1790834057.823574 pwrite64(39</tmp/TestMixedWorkflowsRecoverFromFourServerFaults874006668/001/node-1/jetstream/$SYS/_js_/C-R3F-7OjMKAQS/msgs/1.blk>, "l\0\0\0\16\0\0\0\0\0\0\0\310N>\\\26R\332\30\0\0St9I6EVH\3\0"..., 108, 1358 <unfinished ...>
3288  1790834057.825185 newfstatat(AT_FDCWD</home/runner/work/js-wf/js-wf/integration>, "/tmp/TestMixedWorkflowsRecoverFromFourServerFaults874006668/001/node-1/jetstream/$G/streams/WF_RUN/obs/WF_P_43/o.dat", {st_mode=S_IFREG|0600, st_size=18, ...}, AT_SYMLINK_NOFOLLOW) = 0 <0.000021>
3288  1790834057.825289 renameat(AT_FDCWD</home/runner/work/js-wf/js-wf/integration>, "/tmp/TestMixedWorkflowsRecoverFromFourServerFaults874006668/001/node-1/jetstream/$G/streams/WF_RUN/obs/WF_P_43/o.dat.tmp", AT_FDCWD</home/runner/work/js-wf/js-wf/integration>, "/tmp/TestMixedWorkflowsRecoverFromFourServerFaults874006668/001/node-1/jetstream/$G/streams/WF_RUN/obs/WF_P_43/o.dat") = 0 <0.000152>
3288  1790834057.825580 pwrite64(30</tmp/TestMixedWorkflowsRecoverFromFourServerFaults874006668/001/node-1/jetstream/$G/streams/KV_WF_LEASE/msgs/1.blk>, "\215\0\0\200\7\1\0\0\0\0\0\0S\333\232Z\26R\332\30\"\0$KV.WF_LEA"..., 469, 43781 <unfinished ...>
3314  1790834057.826071 <... pwrite64 resumed>) = 122 (DELAYED) <0.025071>
3286  1790834057.827547 newfstatat(AT_FDCWD</home/runner/work/js-wf/js-wf/integration>, "/tmp/TestMixedWorkflowsRecoverFromFourServerFaults874006668/001/node-1/jetstream/$G/streams/WF_RUN/obs/WF_P_28/o.dat", {st_mode=S_IFREG|0600, st_size=18, ...}, AT_SYMLINK_NOFOLLOW) = 0 <0.000042>
3286  1790834057.827678 renameat(AT_FDCWD</home/runner/work/js-wf/js-wf/integration>, "/tmp/TestMixedWorkflowsRecoverFromFourServerFaults874006668/001/node-1/jetstream/$G/streams/WF_RUN/obs/WF_P_28/o.dat.tmp", AT_FDCWD</home/runner/work/js-wf/js-wf/integration>, "/tmp/TestMixedWorkflowsRecoverFromFourServerFaults874006668/001/node-1/jetstream/$G/streams/WF_RUN/obs/WF_P_28/o.dat") = 0 <0.000190>
3271  1790834057.831777 <... pwrite64 resumed>) = 91 (DELAYED) <0.025068>
3315  1790834057.833598 <... pwrite64 resumed>) = 225 (DELAYED) <0.025086>
3315  1790834057.834307 pwrite64(22</tmp/TestMixedWorkflowsRecoverFromFourServerFaults874006668/001/node-1/jetstream/$G/streams/WF_RUN/msgs/1.blk>, "\302\0\0\200?\0\0\0\0\0\0\0\3525\243{\25R\332\30\10\0wf.run.0\203\0"..., 224, 13922 <unfinished ...>
3316  1790834057.834618 pwrite64(41</tmp/TestMixedWorkflowsRecoverFromFourServerFaults874006668/001/node-1/jetstream/$SYS/_js_/C-R3F-U2k39UyT/msgs/1.blk>, "\241\0\0\0\r\0\0\0\0\0\0\0U\256\346\\\26R\332\30\0\0St9I6EVH\3\0"..., 161, 1272 <unfinished ...>
3320  1790834057.834766 newfstatat(AT_FDCWD</home/runner/work/js-wf/js-wf/integration>, "/tmp/TestMixedWorkflowsRecoverFromFourServerFaults874006668/001/node-1/jetstream/$G/streams/WF_RUN/obs/WF_P_26/o.dat", {st_mode=S_IFREG|0600, st_size=18, ...}, AT_SYMLINK_NOFOLLOW) = 0 <0.000044>
3320  1790834057.834890 renameat(AT_FDCWD</home/runner/work/js-wf/js-wf/integration>, "/tmp/TestMixedWorkflowsRecoverFromFourServerFaults874006668/001/node-1/jetstream/$G/streams/WF_RUN/obs/WF_P_26/o.dat.tmp", AT_FDCWD</home/runner/work/js-wf/js-wf/integration>, "/tmp/TestMixedWorkflowsRecoverFromFourServerFaults874006668/001/node-1/jetstream/$G/streams/WF_RUN/obs/WF_P_26/o.dat") = 0 <0.000775>
3318  1790834057.848647 <... pwrite64 resumed>) = 108 (DELAYED) <0.025033>
3318  1790834057.848869 pwrite64(39</tmp/TestMixedWorkflowsRecoverFromFourServerFaults874006668/001/node-1/jetstream/$SYS/_js_/C-R3F-7OjMKAQS/msgs/1.blk>, "\206\0\0\0\17\0\0\0\0\0\0\0\3p\300]\26R\332\30\0\0St9I6EVH\3\0"..., 134, 1466 <unfinished ...>
3288  1790834057.850648 <... pwrite64 resumed>) = 469 (DELAYED) <0.025036>
3271  1790834057.852992 pwrite64(30</tmp/TestMixedWorkflowsRecoverFromFourServerFaults874006668/001/node-1/jetstream/$G/streams/KV_WF_LEASE/msgs/1.blk>, "\252\0\0\200\n\1\0\0\0\0\0\0\335\364\335]\26R\332\30?\0$KV.WF_LEA"..., 328, 44250 <unfinished ...>
3314  1790834057.856636 pwrite64(24</tmp/TestMixedWorkflowsRecoverFromFourServerFaults874006668/001/node-1/jetstream/$G/streams/WF_JRN/msgs/1.blk>, "\311\0\0\200\236\0\0\0\0\0\0\0o\363\f^\26R\332\30\34\0wf.jrn.mix"..., 201, 43301 <unfinished ...>
3315  1790834057.859350 <... pwrite64 resumed>) = 224 (DELAYED) <0.025013>
3315  1790834057.859676 pwrite64(22</tmp/TestMixedWorkflowsRecoverFromFourServerFaults874006668/001/node-1/jetstream/$G/streams/WF_RUN/msgs/1.blk>, "\303\0\0\200@\0\0\0\0\0\0\0`:\243{\25R\332\30\t\0wf.run.26\203"..., 225, 14146 <unfinished ...>
3316  1790834057.859800 <... pwrite64 resumed>) = 161 (DELAYED) <0.025154>
3286  1790834057.873776 --- SIGURG {si_signo=SIGURG, si_code=SI_TKILL, si_pid=3265, si_uid=1001} ---
3318  1790834057.873930 <... pwrite64 resumed>) = 134 (DELAYED) <0.025033>
3320  1790834057.875949 newfstatat(AT_FDCWD</home/runner/work/js-wf/js-wf/integration>, "/tmp/TestMixedWorkflowsRecoverFromFourServerFaults874006668/001/node-1/jetstream/$G/streams/WF_RUN/obs/WF_P_18/o.dat", {st_mode=S_IFREG|0600, st_size=16, ...}, AT_SYMLINK_NOFOLLOW) = 0 <0.000032>
3320  1790834057.876047 renameat(AT_FDCWD</home/runner/work/js-wf/js-wf/integration>, "/tmp/TestMixedWorkflowsRecoverFromFourServerFaults874006668/001/node-1/jetstream/$G/streams/WF_RUN/obs/WF_P_18/o.dat.tmp", AT_FDCWD</home/runner/work/js-wf/js-wf/integration>, "/tmp/TestMixedWorkflowsRecoverFromFourServerFaults874006668/001/node-1/jetstream/$G/streams/WF_RUN/obs/WF_P_18/o.dat") = 0 <0.000175>
3271  1790834057.878046 <... pwrite64 resumed>) = 328 (DELAYED) <0.025018>
3316  1790834057.880418 pwrite64(30</tmp/TestMixedWorkflowsRecoverFromFourServerFaults874006668/001/node-1/jetstream/$G/streams/KV_WF_LEASE/msgs/1.blk>, "\236\0\0\200\f\1\0\0\0\0\0\0(\243\200_\26R\332\30\"\0$KV.WF_LEA"..., 158, 44578 <unfinished ...>
3314  1790834057.881683 <... pwrite64 resumed>) = 201 (DELAYED) <0.025017>
3315  1790834057.884739 <... pwrite64 resumed>) = 225 (DELAYED) <0.025021>
3315  1790834057.885013 pwrite64(22</tmp/TestMixedWorkflowsRecoverFromFourServerFaults874006668/001/node-1/jetstream/$G/streams/WF_RUN/msgs/1.blk>, "\305\0\0\200A\0\0\0\0\0\0\0\212?\243{\25R\332\30\t\0wf.run.18\205"..., 227, 14371 <unfinished ...>
3320  1790834057.885226 pwrite64(24</tmp/TestMixedWorkflowsRecoverFromFourServerFaults874006668/001/node-1/jetstream/$G/streams/WF_JRN/msgs/1.blk>, "?\1\0\200\237\0\0\0\0\0\0\0\234\257\305_\26R\332\30\34\0wf.jrn.mix"..., 319, 43502 <unfinished ...>
3316  1790834057.905510 <... pwrite64 resumed>) = 158 (DELAYED) <0.025061>
3316  1790834057.905835 --- SIGURG {si_signo=SIGURG, si_code=SI_TKILL, si_pid=3265, si_uid=1001} ---
3315  1790834057.910080 <... pwrite64 resumed>) = 227 (DELAYED) <0.025038>
3320  1790834057.910276 <... pwrite64 resumed>) = 319 (DELAYED) <0.025018>
3286  1790834057.910457 pwrite64(22</tmp/TestMixedWorkflowsRecoverFromFourServerFaults874006668/001/node-1/jetstream/$G/streams/WF_RUN/msgs/1.blk>, "\302\0\0\200B\0\0\0\0\0\0\0\1D\243{\25R\332\30\10\0wf.run.0\203\0"..., 224, 14598 <unfinished ...>
3315  1790834057.913658 pwrite64(30</tmp/TestMixedWorkflowsRecoverFromFourServerFaults874006668/001/node-1/jetstream/$G/streams/KV_WF_LEASE/msgs/1.blk>, "\234\0\0\200\r\1\0\0\0\0\0\0\340\256\222_\26R\332\30\"\0$KV.WF_LEA"..., 472, 44736 <unfinished ...>
3320  1790834057.913875 pwrite64(24</tmp/TestMixedWorkflowsRecoverFromFourServerFaults874006668/001/node-1/jetstream/$G/streams/WF_JRN/msgs/1.blk>, "\312\0\0\200\240\0\0\0\0\0\0\0B {a\26R\332\30\34\0wf.jrn.mix"..., 202, 43821 <unfinished ...>
3286  1790834057.935514 <... pwrite64 resumed>) = 224 (DELAYED) <0.025017>
3286  1790834057.935843 pwrite64(22</tmp/TestMixedWorkflowsRecoverFromFourServerFaults874006668/001/node-1/jetstream/$G/streams/WF_RUN/msgs/1.blk>, "\303\0\0\200C\0\0\0\0\0\0\0OH\243{\25R\332\30\t\0wf.run.26\203"..., 225, 14822 <unfinished ...>
3271  1790834057.936772 newfstatat(AT_FDCWD</home/runner/work/js-wf/js-wf/integration>, "/tmp/TestMixedWorkflowsRecoverFromFourServerFaults874006668/001/node-1/jetstream/$G/streams/WF_RUN/obs/WF_P_26/o.dat", {st_mode=S_IFREG|0600, st_size=18, ...}, AT_SYMLINK_NOFOLLOW) = 0 <0.000061>
3271  1790834057.936939 renameat(AT_FDCWD</home/runner/work/js-wf/js-wf/integration>, "/tmp/TestMixedWorkflowsRecoverFromFourServerFaults874006668/001/node-1/jetstream/$G/streams/WF_RUN/obs/WF_P_26/o.dat.tmp", AT_FDCWD</home/runner/work/js-wf/js-wf/integration>, "/tmp/TestMixedWorkflowsRecoverFromFourServerFaults874006668/001/node-1/jetstream/$G/streams/WF_RUN/obs/WF_P_26/o.dat") = 0 <0.000195>
3315  1790834057.938716 <... pwrite64 resumed>) = 472 (DELAYED) <0.025023>
3320  1790834057.938921 <... pwrite64 resumed>) = 202 (DELAYED) <0.025018>
3314  1790834057.943937 pwrite64(24</tmp/TestMixedWorkflowsRecoverFromFourServerFaults874006668/001/node-1/jetstream/$G/streams/WF_JRN/msgs/1.blk>, "?\1\0\200\241\0\0\0\0\0\0\0\3341Fc\26R\332\30\34\0wf.jrn.mix"..., 319, 44023 <unfinished ...>
3315  1790834057.955723 pwrite64(30</tmp/TestMixedWorkflowsRecoverFromFourServerFaults874006668/001/node-1/jetstream/$G/streams/KV_WF_LEASE/msgs/1.blk>, "\236\0\0\200\20\1\0\0\0\0\0\0\320\200\227a\26R\332\30\"\0$KV.WF_LEA"..., 630, 45208 <unfinished ...>
3286  1790834057.960917 <... pwrite64 resumed>) = 225 (DELAYED) <0.025042>
3286  1790834057.961263 --- SIGURG {si_signo=SIGURG, si_code=SI_TKILL, si_pid=3265, si_uid=1001} ---
3320  1790834057.961327 pwrite64(22</tmp/TestMixedWorkflowsRecoverFromFourServerFaults874006668/001/node-1/jetstream/$G/streams/WF_RUN/msgs/1.blk>, "\305\0\0\200D\0\0\0\0\0\0\0\261L\243{\25R\332\30\t\0wf.run.18\205"..., 227, 15047 <unfinished ...>
3314  1790834057.969008 <... pwrite64 resumed>) = 319 (DELAYED) <0.025036>
3314  1790834057.972571 pwrite64(24</tmp/TestMixedWorkflowsRecoverFromFourServerFaults874006668/001/node-1/jetstream/$G/streams/WF_JRN/msgs/1.blk>, "\312\0\0\200\242\0\0\0\0\0\0\0V\27\3e\26R\332\30\34\0wf.jrn.mix"..., 202, 44342 <unfinished ...>
3316  1790834057.977202 newfstatat(AT_FDCWD</home/runner/work/js-wf/js-wf/integration>, "/tmp/TestMixedWorkflowsRecoverFromFourServerFaults874006668/001/node-1/jetstream/$G/streams/WF_RUN/obs/WF_P_18/o.dat", {st_mode=S_IFREG|0600, st_size=8, ...}, AT_SYMLINK_NOFOLLOW) = 0 <0.000031>
3316  1790834057.977301 renameat(AT_FDCWD</home/runner/work/js-wf/js-wf/integration>, "/tmp/TestMixedWorkflowsRecoverFromFourServerFaults874006668/001/node-1/jetstream/$G/streams/WF_RUN/obs/WF_P_18/o.dat.tmp", AT_FDCWD</home/runner/work/js-wf/js-wf/integration>, "/tmp/TestMixedWorkflowsRecoverFromFourServerFaults874006668/001/node-1/jetstream/$G/streams/WF_RUN/obs/WF_P_18/o.dat") = 0 <0.000234>
3315  1790834057.980787 <... pwrite64 resumed>) = 630 (DELAYED) <0.025031>
3286  1790834057.983406 pwrite64(30</tmp/TestMixedWorkflowsRecoverFromFourServerFaults874006668/001/node-1/jetstream/$G/streams/KV_WF_LEASE/msgs/1.blk>, "\236\0\0\200\24\1\0\0\0\0\0\0\202X\237e\26R\332\30\"\0$KV.WF_LEA"..., 158, 45838 <unfinished ...>
3320  1790834057.986387 <... pwrite64 resumed>) = 227 (DELAYED) <0.025033>
3320  1790834057.986560 pwrite64(22</tmp/TestMixedWorkflowsRecoverFromFourServerFaults874006668/001/node-1/jetstream/$G/streams/WF_RUN/msgs/1.blk>, "\302\0\0\200E\0\0\0\0\0\0\0\303P\243{\25R\332\30\10\0wf.run.0\203\0"..., 224, 15274 <unfinished ...>
3314  1790834057.997627 <... pwrite64 resumed>) = 202 (DELAYED) <0.025023>
3315  1790834058.001349 pwrite64(24</tmp/TestMixedWorkflowsRecoverFromFourServerFaults874006668/001/node-1/jetstream/$G/streams/WF_JRN/msgs/1.blk>, "?\1\0\200\243\0\0\0\0\0\0\0\313)\265f\26R\332\30\34\0wf.jrn.mix"..., 319, 44544 <unfinished ...>
3286  1790834058.008468 <... pwrite64 resumed>) = 158 (DELAYED) <0.025035>
3316  1790834058.011239 pwrite64(30</tmp/TestMixedWorkflowsRecoverFromFourServerFaults874006668/001/node-1/jetstream/$G/streams/KV_WF_LEASE/msgs/1.blk>, "\236\0\0\200\25\1\0\0\0\0\0\0\230\321Eg\26R\332\30\"\0$KV.WF_LEA"..., 158, 45996 <unfinished ...>
3320  1790834058.011615 <... pwrite64 resumed>) = 224 (DELAYED) <0.025025>
3320  1790834058.011793 pwrite64(22</tmp/TestMixedWorkflowsRecoverFromFourServerFaults874006668/001/node-1/jetstream/$G/streams/WF_RUN/msgs/1.blk>, "\305\0\0\200F\0\0\0\0\0\0\0\313T\243{\25R\332\30\t\0wf.run.26\205"..., 227, 15498 <unfinished ...>
3315  1790834058.026435 <... pwrite64 resumed>) = 319 (DELAYED) <0.025052>
3315  1790834058.026677 --- SIGURG {si_signo=SIGURG, si_code=SI_TKILL, si_pid=3265, si_uid=1001} ---
3315  1790834058.027151 --- SIGURG {si_signo=SIGURG, si_code=SI_TKILL, si_pid=3265, si_uid=1001} ---
3314  1790834058.030244 pwrite64(24</tmp/TestMixedWorkflowsRecoverFromFourServerFaults874006668/001/node-1/jetstream/$G/streams/WF_JRN/msgs/1.blk>, "\312\0\0\200\244\0\0\0\0\0\0\0\376\205lh\26R\332\30\34\0wf.jrn.mix"..., 202, 44863 <unfinished ...>
3316  1790834058.036345 <... pwrite64 resumed>) = 158 (DELAYED) <0.025078>
3320  1790834058.036932 <... pwrite64 resumed>) = 227 (DELAYED) <0.025117>
3320  1790834058.037179 pwrite64(22</tmp/TestMixedWorkflowsRecoverFromFourServerFaults874006668/001/node-1/jetstream/$G/streams/WF_RUN/msgs/1.blk>, "\305\0\0\200G\0\0\0\0\0\0\0\346X\243{\25R\332\30\t\0wf.run.18\205"..., 227, 15725 <unfinished ...>
3271  1790834058.039836 pwrite64(30</tmp/TestMixedWorkflowsRecoverFromFourServerFaults874006668/001/node-1/jetstream/$G/streams/KV_WF_LEASE/msgs/1.blk>, "\236\0\0\200\26\1\0\0\0\0\0\0\221q\357h\26R\332\30\"\0$KV.WF_LEA"..., 316, 46154 <unfinished ...>
3314  1790834058.055344 <... pwrite64 resumed>) = 202 (DELAYED) <0.025064>
3314  1790834058.055633 --- SIGURG {si_signo=SIGURG, si_code=SI_TKILL, si_pid=3265, si_uid=1001} ---
3318  1790834058.059884 pwrite64(24</tmp/TestMixedWorkflowsRecoverFromFourServerFaults874006668/001/node-1/jetstream/$G/streams/WF_JRN/msgs/1.blk>, "\311\0\0\200\245\0\0\0\0\0\0\0F\17.j\26R\332\30\34\0wf.jrn.mix"..., 520, 45065 <unfinished ...>
3320  1790834058.062233 <... pwrite64 resumed>) = 227 (DELAYED) <0.025029>
3320  1790834058.062533 pwrite64(22</tmp/TestMixedWorkflowsRecoverFromFourServerFaults874006668/001/node-1/jetstream/$G/streams/WF_RUN/msgs/1.blk>, "\304\0\0\200H\0\0\0\0\0\0\0\274\\\243{\25R\332\30\10\0wf.run.0\205\0"..., 226, 15952 <unfinished ...>
3271  1790834058.064900 <... pwrite64 resumed>) = 316 (DELAYED) <0.025032>
3315  1790834058.068366 pwrite64(30</tmp/TestMixedWorkflowsRecoverFromFourServerFaults874006668/001/node-1/jetstream/$G/streams/KV_WF_LEASE/msgs/1.blk>, "\236\0\0\200\30\1\0\0\0\0\0\0\36\35\243j\26R\332\30\"\0$KV.WF_LEA"..., 316, 46470 <unfinished ...>
3318  1790834058.084962 <... pwrite64 resumed>) = 520 (DELAYED) <0.025029>
3318  1790834058.085118 --- SIGURG {si_signo=SIGURG, si_code=SI_TKILL, si_pid=3265, si_uid=1001} ---
3320  1790834058.087609 <... pwrite64 resumed>) = 226 (DELAYED) <0.025049>
3320  1790834058.087840 pwrite64(22</tmp/TestMixedWorkflowsRecoverFromFourServerFaults874006668/001/node-1/jetstream/$G/streams/WF_RUN/msgs/1.blk>, "\305\0\0\200I\0\0\0\0\0\0\0\316`\243{\25R\332\30\t\0wf.run.26\205"..., 227, 16178 <unfinished ...>
3314  1790834058.088698 pwrite64(24</tmp/TestMixedWorkflowsRecoverFromFourServerFaults874006668/001/node-1/jetstream/$G/streams/WF_JRN/msgs/1.blk>, "?\1\0\200\247\0\0\0\0\0\0\0r-\347k\26R\332\30\34\0wf.jrn.mix"..., 521, 45585 <unfinished ...>
3315  1790834058.093441 <... pwrite64 resumed>) = 316 (DELAYED) <0.025045>
3318  1790834058.103509 pwrite64(30</tmp/TestMixedWorkflowsRecoverFromFourServerFaults874006668/001/node-1/jetstream/$G/streams/KV_WF_LEASE/msgs/1.blk>, "\236\0\0\200\32\1\0\0\0\0\0\0d\253Yl\26R\332\30\"\0$KV.WF_LEA"..., 688, 46786 <unfinished ...>
3320  1790834058.112907 <... pwrite64 resumed>) = 227 (DELAYED) <0.025041>
3315  1790834058.113203 pwrite64(22</tmp/TestMixedWorkflowsRecoverFromFourServerFaults874006668/001/node-1/jetstream/$G/streams/WF_RUN/msgs/1.blk>, "\304\0\0\200J\0\0\0\0\0\0\0&e\243{\25R\332\30\10\0wf.run.0\205\0"..., 226, 16405 <unfinished ...>
3314  1790834058.113760 <... pwrite64 resumed>) = 521 (DELAYED) <0.025028>
3286  1790834058.118095 pwrite64(24</tmp/TestMixedWorkflowsRecoverFromFourServerFaults874006668/001/node-1/jetstream/$G/streams/WF_JRN/msgs/1.blk>, "\312\0\0\200\251\0\0\0\0\0\0\0\324\245\244m\26R\332\30\34\0wf.jrn.mix"..., 522, 46106 <unfinished ...>
3318  1790834058.128587 <... pwrite64 resumed>) = 688 (DELAYED) <0.025043>
3318  1790834058.138151 pwrite64(30</tmp/TestMixedWorkflowsRecoverFromFourServerFaults874006668/001/node-1/jetstream/$G/streams/KV_WF_LEASE/msgs/1.blk>, "\236\0\0\200\36\1\0\0\0\0\0\0\1\267on\26R\332\30\"\0$KV.WF_LEA"..., 846, 47474 <unfinished ...>
3315  1790834058.138286 <... pwrite64 resumed>) = 226 (DELAYED) <0.025049>
3315  1790834058.138595 pwrite64(22</tmp/TestMixedWorkflowsRecoverFromFourServerFaults874006668/001/node-1/jetstream/$G/streams/WF_RUN/msgs/1.blk>, "\305\0\0\200K\0\0\0\0\0\0\0\32i\243{\25R\332\30\t\0wf.run.26\205"..., 227, 16631 <unfinished ...>
3286  1790834058.143164 <... pwrite64 resumed>) = 522 (DELAYED) <0.025030>
3271  1790834058.149627 pwrite64(24</tmp/TestMixedWorkflowsRecoverFromFourServerFaults874006668/001/node-1/jetstream/$G/streams/WF_JRN/msgs/1.blk>, "\312\0\0\200\253\0\0\0\0\0\0\0\315\10ao\26R\332\30\34\0wf.jrn.mix"..., 723, 46628 <unfinished ...>
3318  1790834058.163248 <... pwrite64 resumed>) = 846 (DELAYED) <0.025051>
3315  1790834058.163713 <... pwrite64 resumed>) = 227 (DELAYED) <0.025079>
3315  1790834058.163957 pwrite64(22</tmp/TestMixedWorkflowsRecoverFromFourServerFaults874006668/001/node-1/jetstream/$G/streams/WF_RUN/msgs/1.blk>, "\304\0\0\200L\0\0\0\0\0\0\0\16m\243{\25R\332\30\10\0wf.run.0\205\0"..., 226, 16858 <unfinished ...>
3316  1790834058.166565 pwrite64(30</tmp/TestMixedWorkflowsRecoverFromFourServerFaults874006668/001/node-1/jetstream/$G/streams/KV_WF_LEASE/msgs/1.blk>, "\236\0\0\200#\1\0\0\0\0\0\0\10\311\201p\26R\332\30\"\0$KV.WF_LEA"..., 474, 48320 <unfinished ...>
3271  1790834058.174692 <... pwrite64 resumed>) = 723 (DELAYED) <0.025026>
3271  1790834058.174987 --- SIGURG {si_signo=SIGURG, si_code=SI_TKILL, si_pid=3265, si_uid=1001} ---
3314  1790834058.178794 pwrite64(24</tmp/TestMixedWorkflowsRecoverFromFourServerFaults874006668/001/node-1/jetstream/$G/streams/WF_JRN/msgs/1.blk>, "?\1\0\200\256\0\0\0\0\0\0\0\22\247=q\26R\332\30\34\0wf.jrn.mix"..., 840, 47351 <unfinished ...>
3315  1790834058.189029 <... pwrite64 resumed>) = 226 (DELAYED) <0.025036>
3318  1790834058.189725 pwrite64(21</tmp/TestMixedWorkflowsRecoverFromFourServerFaults874006668/001/node-1/jetstream/$SYS/_js_/S-R3F-G9FrvoEG/msgs/2.blk>, "\224\0\0\0A\0\0\0\0\0\0\0\365J\21r\26R\332\30\0\0St9I6EVH\3\0"..., 148, 23467 <unfinished ...>
3316  1790834058.191623 <... pwrite64 resumed>) = 474 (DELAYED) <0.025031>
3316  1790834058.191915 --- SIGURG {si_signo=SIGURG, si_code=SI_TKILL, si_pid=3265, si_uid=1001} ---
3316  1790834058.192294 --- SIGURG {si_signo=SIGURG, si_code=SI_TKILL, si_pid=3265, si_uid=1001} ---
3316  1790834058.194014 pwrite64(30</tmp/TestMixedWorkflowsRecoverFromFourServerFaults874006668/001/node-1/jetstream/$G/streams/KV_WF_LEASE/msgs/1.blk>, "\236\0\0\200&\1\0\0\0\0\0\0\33\3710r\26R\332\30\"\0$KV.WF_LEA"..., 474, 48794 <unfinished ...>
3314  1790834058.203870 <... pwrite64 resumed>) = 840 (DELAYED) <0.025046>
3314  1790834058.204058 --- SIGURG {si_signo=SIGURG, si_code=SI_TKILL, si_pid=3265, si_uid=1001} ---
3314  1790834058.208228 pwrite64(24</tmp/TestMixedWorkflowsRecoverFromFourServerFaults874006668/001/node-1/jetstream/$G/streams/WF_JRN/msgs/1.blk>, "\312\0\0\200\261\0\0\0\0\0\0\0.\336\375r\26R\332\30\34\0wf.jrn.mix"..., 723, 48191 <unfinished ...>
3318  1790834058.214785 <... pwrite64 resumed>) = 148 (DELAYED) <0.025022>
3288  1790834058.217289 pwrite64(22</tmp/TestMixedWorkflowsRecoverFromFourServerFaults874006668/001/node-1/jetstream/$G/streams/WF_RUN/msgs/1.blk>, "\36\0\0\0005\0\0\0\0\0\0@\24\253\261l\25R\332\30\0\0000\367\306\223\3{\20\317", 30, 17084 <unfinished ...>
3316  1790834058.219079 <... pwrite64 resumed>) = 474 (DELAYED) <0.025037>
3316  1790834058.221223 pwrite64(30</tmp/TestMixedWorkflowsRecoverFromFourServerFaults874006668/001/node-1/jetstream/$G/streams/KV_WF_LEASE/msgs/1.blk>, "\236\0\0\200)\1\0\0\0\0\0\0\305\257\323s\26R\332\30\"\0$KV.WF_LEA"..., 474, 49268 <unfinished ...>
3314  1790834058.233310 <... pwrite64 resumed>) = 723 (DELAYED) <0.025054>
3314  1790834058.233623 --- SIGURG {si_signo=SIGURG, si_code=SI_TKILL, si_pid=3265, si_uid=1001} ---
3314  1790834058.237979 pwrite64(24</tmp/TestMixedWorkflowsRecoverFromFourServerFaults874006668/001/node-1/jetstream/$G/streams/WF_JRN/msgs/1.blk>, "\312\0\0\200\264\0\0\0\0\0\0\0\\\4\301t\26R\332\30\34\0wf.jrn.mix"..., 840, 48914 <unfinished ...>
3286  1790834058.238701 pwrite64(51</tmp/TestMixedWorkflowsRecoverFromFourServerFaults874006668/001/node-1/jetstream/$SYS/_js_/C-R3F-tOdRrkzy/msgs/1.blk>, "l\0\0\0\"\0\0\0\0\0\0\0\246x\374t\26R\332\30\0\0St9I6EVH\3\0"..., 108, 3512 <unfinished ...>
3288  1790834058.242344 <... pwrite64 resumed>) = 30 (DELAYED) <0.025015>
3316  1790834058.246324 <... pwrite64 resumed>) = 474 (DELAYED) <0.025065>
3315  1790834058.248199 pwrite64(30</tmp/TestMixedWorkflowsRecoverFromFourServerFaults874006668/001/node-1/jetstream/$G/streams/KV_WF_LEASE/msgs/1.blk>, "\236\0\0\200,\1\0\0\0\0\0\0x6su\26R\332\30\"\0$KV.WF_LEA"..., 474, 49742 <unfinished ...>
3320  1790834058.258894 pwrite64(21</tmp/TestMixedWorkflowsRecoverFromFourServerFaults874006668/001/node-1/jetstream/$SYS/_js_/S-R3F-G9FrvoEG/msgs/2.blk>, "\205\1\0\0B\0\0\0\0\0\0\0$\2630v\26R\332\30\0\0St9I6EVH\3\0"..., 389, 23615 <unfinished ...>
3314  1790834058.263061 <... pwrite64 resumed>) = 840 (DELAYED) <0.025048>
3286  1790834058.263878 <... pwrite64 resumed>) = 108 (DELAYED) <0.025131>
3286  1790834058.264046 pwrite64(51</tmp/TestMixedWorkflowsRecoverFromFourServerFaults874006668/001/node-1/jetstream/$SYS/_js_/C-R3F-tOdRrkzy/msgs/1.blk>, "W\0\0\0#\0\0\0\0\0\0\0k\226\177v\26R\332\30\0\0St9I6EVH\3\0"..., 87, 3620 <unfinished ...>
3271  1790834058.267241 pwrite64(24</tmp/TestMixedWorkflowsRecoverFromFourServerFaults874006668/001/node-1/jetstream/$G/streams/WF_JRN/msgs/1.blk>, "\312\0\0\200\267\0\0\0\0\0\0\0\205\215\202v\26R\332\30\34\0wf.jrn.mix"..., 723, 49754 <unfinished ...>
3315  1790834058.273272 <... pwrite64 resumed>) = 474 (DELAYED) <0.025039>
3320  1790834058.283971 <... pwrite64 resumed>) = 389 (DELAYED) <0.025036>
3318  1790834058.285162 pwrite64(40</tmp/TestMixedWorkflowsRecoverFromFourServerFaults874006668/001/node-1/jetstream/$SYS/_js_/C-R3F-MUBUTFU3/msgs/1.blk>, "~\0\0\0\v\0\0\0\0\0\0\0\2\4\301w\26R\332\30\0\0St9I6EVH\3\0"..., 126, 1149 <unfinished ...>
3314  1790834058.286274 pwrite64(21</tmp/TestMixedWorkflowsRecoverFromFourServerFaults874006668/001/node-1/jetstream/$SYS/_js_/S-R3F-G9FrvoEG/msgs/2.blk>, "\364\0\0\0C\0\0\0\0\0\0\0'\377\321w\26R\332\30\0\0St9I6EVH\3\0"..., 244, 24004 <unfinished ...>
3320  1790834058.286385 pwrite64(22</tmp/TestMixedWorkflowsRecoverFromFourServerFaults874006668/001/node-1/jetstream/$G/streams/WF_RUN/msgs/1.blk>, "k\0\0\200M\0\0\0\0\0\0\0G_0v\26R\332\30\t\0wf.run.10+"..., 242, 17114 <unfinished ...>
3315  1790834058.288695 --- SIGURG {si_signo=SIGURG, si_code=SI_TKILL, si_pid=3265, si_uid=1001} ---
3288  1790834058.288982 --- SIGURG {si_signo=SIGURG, si_code=SI_TKILL, si_pid=3265, si_uid=1001} ---
3286  1790834058.289118 <... pwrite64 resumed>) = 87 (DELAYED) <0.024980>
3315  1790834058.289391 --- SIGURG {si_signo=SIGURG, si_code=SI_TKILL, si_pid=3265, si_uid=1001} ---
3285  1790834058.289521 --- SIGURG {si_signo=SIGURG, si_code=SI_TKILL, si_pid=3265, si_uid=1001} ---
3319  1790834058.291441 pwrite64(30</tmp/TestMixedWorkflowsRecoverFromFourServerFaults874006668/001/node-1/jetstream/$G/streams/KV_WF_LEASE/msgs/1.blk>, "\236\0\0\200/\1\0\0\0\0\0\0\23\f\16w\26R\332\30\"\0$KV.WF_LEA"..., 1218, 50216 <unfinished ...>
3288  1790834058.291619 newfstatat(AT_FDCWD</home/runner/work/js-wf/js-wf/integration>, "/tmp/TestMixedWorkflowsRecoverFromFourServerFaults874006668/001/node-1/jetstream/$G/streams/WF_RUN/obs/WF_P_33/o.dat", {st_mode=S_IFREG|0600, st_size=8, ...}, AT_SYMLINK_NOFOLLOW) = 0 <0.000031>
3288  1790834058.291710 renameat(AT_FDCWD</home/runner/work/js-wf/js-wf/integration>, "/tmp/TestMixedWorkflowsRecoverFromFourServerFaults874006668/001/node-1/jetstream/$G/streams/WF_RUN/obs/WF_P_33/o.dat.tmp", AT_FDCWD</home/runner/work/js-wf/js-wf/integration>, "/tmp/TestMixedWorkflowsRecoverFromFourServerFaults874006668/001/node-1/jetstream/$G/streams/WF_RUN/obs/WF_P_33/o.dat") = 0 <0.000214>
3271  1790834058.292329 <... pwrite64 resumed>) = 723 (DELAYED) <0.025063>
3288  1790834058.295605 pwrite64(31</tmp/TestMixedWorkflowsRecoverFromFourServerFaults874006668/001/node-1/jetstream/$SYS/_js_/S-R3F-OEyp3t6z/msgs/2.blk>, "\3\1\0\0\7\0\0\0\0\0\0\0K\223`x\26R\332\30\0\0000WED9nmv\2\0"..., 259, 1730 <unfinished ...>
3316  1790834058.295796 pwrite64(24</tmp/TestMixedWorkflowsRecoverFromFourServerFaults874006668/001/node-1/jetstream/$G/streams/WF_JRN/msgs/1.blk>, "\312\0\0\200\272\0\0\0\0\0\0\0\5%Cx\26R\332\30\34\0wf.jrn.mix"..., 746, 50477 <unfinished ...>
3318  1790834058.310234 <... pwrite64 resumed>) = 126 (DELAYED) <0.025030>
3318  1790834058.310481 pwrite64(40</tmp/TestMixedWorkflowsRecoverFromFourServerFaults874006668/001/node-1/jetstream/$SYS/_js_/C-R3F-MUBUTFU3/msgs/1.blk>, "~\0\0\0\f\0\0\0\0\0\0\0\301\370Cy\26R\332\30\0\0St9I6EVH\3\0"..., 126, 1275 <unfinished ...>
3314  1790834058.311311 <... pwrite64 resumed>) = 244 (DELAYED) <0.025009>
3320  1790834058.311423 <... pwrite64 resumed>) = 242 (DELAYED) <0.025004>
3314  1790834058.311524 pwrite64(21</tmp/TestMixedWorkflowsRecoverFromFourServerFaults874006668/001/node-1/jetstream/$SYS/_js_/S-R3F-G9FrvoEG/msgs/2.blk>, "\331\0\0\0D\0\0\0\0\0\0\0L\374Sy\26R\332\30\0\0St9I6EVH\3\0"..., 217, 24248 <unfinished ...>
3319  1790834058.316509 <... pwrite64 resumed>) = 1218 (DELAYED) <0.025040>
3319  1790834058.318887 pwrite64(30</tmp/TestMixedWorkflowsRecoverFromFourServerFaults874006668/001/node-1/jetstream/$G/streams/KV_WF_LEASE/msgs/1.blk>, "\236\0\0\2006\1\0\0\0\0\0\0\274{\242y\26R\332\30\"\0$KV.WF_LEA"..., 316, 51434 <unfinished ...>
3288  1790834058.320664 <... pwrite64 resumed>) = 259 (DELAYED) <0.025028>
3316  1790834058.320863 <... pwrite64 resumed>) = 746 (DELAYED) <0.025029>
3285  1790834058.322954 pwrite64(32</tmp/TestMixedWorkflowsRecoverFromFourServerFaults874006668/001/node-1/jetstream/$G/streams/KV_WF_STATE/msgs/1.blk>, "\225\0\0\200\7\0\0\0\0\0\0\0_\260Yx\26R\332\30\"\0$KV.WF_STA"..., 149, 1074 <unfinished ...>
3320  1790834058.324673 pwrite64(24</tmp/TestMixedWorkflowsRecoverFromFourServerFaults874006668/001/node-1/jetstream/$G/streams/WF_JRN/msgs/1.blk>, "\312\0\0\200\275\0\0\0\0\0\0\0007y\370y\26R\332\30\34\0wf.jrn.mix"..., 521, 51223 <unfinished ...>
3288  1790834058.324726 lseek(20</tmp/TestMixedWorkflowsRecoverFromFourServerFaults874006668/001/node-1/jetstream/$G/streams/WF_INV/msgs/1.blk>, 0, SEEK_SET) = 0 <0.000025>
3288  1790834058.324836 fstat(20</tmp/TestMixedWorkflowsRecoverFromFourServerFaults874006668/001/node-1/jetstream/$G/streams/WF_INV/msgs/1.blk>, {st_mode=S_IFREG|0600, st_size=8206, ...}) = 0 <0.000040>
3288  1790834058.324934 read(20</tmp/TestMixedWorkflowsRecoverFromFourServerFaults874006668/001/node-1/jetstream/$G/streams/WF_INV/msgs/1.blk>, "\306\0\0\200\1\0\0\0\0\0\0\0\317i+\24\23R\332\30\34\0wf.inv.mix"..., 8206) = 8206 <0.000017>
3318  1790834058.335536 <... pwrite64 resumed>) = 126 (DELAYED) <0.025027>
3318  1790834058.335579 --- SIGURG {si_signo=SIGURG, si_code=SI_TKILL, si_pid=3265, si_uid=1001} ---
3314  1790834058.336576 <... pwrite64 resumed>) = 217 (DELAYED) <0.025029>
3314  1790834058.336719 pwrite64(21</tmp/TestMixedWorkflowsRecoverFromFourServerFaults874006668/001/node-1/jetstream/$SYS/_js_/S-R3F-G9FrvoEG/msgs/2.blk>, "i\1\0\0E\0\0\0\0\0\0\0\361\336\323z\26R\332\30\0\0St9I6EVH\3\0"..., 361, 24465 <unfinished ...>
3271  1790834058.336951 newfstatat(AT_FDCWD</home/runner/work/js-wf/js-wf/integration>, "/tmp/TestMixedWorkflowsRecoverFromFourServerFaults874006668/001/node-1/jetstream/$G/streams/WF_RUN/obs/WF_P_10/o.dat", {st_mode=S_IFREG|0600, st_size=18, ...}, AT_SYMLINK_NOFOLLOW) = 0 <0.000038>
3271  1790834058.337158 renameat(AT_FDCWD</home/runner/work/js-wf/js-wf/integration>, "/tmp/TestMixedWorkflowsRecoverFromFourServerFaults874006668/001/node-1/jetstream/$G/streams/WF_RUN/obs/WF_P_10/o.dat.tmp", AT_FDCWD</home/runner/work/js-wf/js-wf/integration>, "/tmp/TestMixedWorkflowsRecoverFromFourServerFaults874006668/001/node-1/jetstream/$G/streams/WF_RUN/obs/WF_P_10/o.dat") = 0 <0.000304>
3319  1790834058.343943 <... pwrite64 resumed>) = 316 (DELAYED) <0.025029>
3319  1790834058.346613 pwrite64(42</tmp/TestMixedWorkflowsRecoverFromFourServerFaults874006668/001/node-1/jetstream/$SYS/_js_/C-R3F-Fspi1V4u/msgs/1.blk>, "l\0\0\0\17\0\0\0\0\0\0\0\177,k{\26R\332\30\0\0St9I6EVH\2\0"..., 108, 1527 <unfinished ...>
3316  1790834058.346779 pwrite64(30</tmp/TestMixedWorkflowsRecoverFromFourServerFaults874006668/001/node-1/jetstream/$G/streams/KV_WF_LEASE/msgs/1.blk>, "\215\0\0\2008\1\0\0\0\0\0\0\177\344E{\26R\332\30\"\0$KV.WF_LEA"..., 457, 51750 <unfinished ...>
3285  1790834058.348009 <... pwrite64 resumed>) = 149 (DELAYED) <0.025023>
3320  1790834058.349751 <... pwrite64 resumed>) = 521 (DELAYED) <0.025039>
3320  1790834058.355532 pwrite64(24</tmp/TestMixedWorkflowsRecoverFromFourServerFaults874006668/001/node-1/jetstream/$G/streams/WF_JRN/msgs/1.blk>, "@\1\0\200\277\0\0\0\0\0\0\0\23\22\251{\26R\332\30\34\0wf.jrn.mix"..., 522, 51744 <unfinished ...>
3288  1790834058.357927 pwrite64(46</tmp/TestMixedWorkflowsRecoverFromFourServerFaults874006668/001/node-1/jetstream/$SYS/_js_/C-R3F-mMm2NIUQ/msgs/1.blk>, "l\0\0\0\16\0\0\0\0\0\0\0&#\30|\26R\332\30\0\0St9I6EVH\3\0"..., 108, 1319 <unfinished ...>
3314  1790834058.361787 <... pwrite64 resumed>) = 361 (DELAYED) <0.025044>
3314  1790834058.361942 pwrite64(21</tmp/TestMixedWorkflowsRecoverFromFourServerFaults874006668/001/node-1/jetstream/$SYS/_js_/S-R3F-G9FrvoEG/msgs/2.blk>, "\245\1\0\0F\0\0\0\0\0\0\0\344\343T|\26R\332\30\0\0St9I6EVH\3\0"..., 421, 24826 <unfinished ...>
3318  1790834058.363813 pwrite64(22</tmp/TestMixedWorkflowsRecoverFromFourServerFaults874006668/001/node-1/jetstream/$G/streams/WF_RUN/msgs/1.blk>, "\206\0\0\200O\0\0\0\0\0\0\0>\3\314w\26R\332\30\10\0wf.run.0G\0"..., 134, 17356 <unfinished ...>
3319  1790834058.371719 <... pwrite64 resumed>) = 108 (DELAYED) <0.025077>
3316  1790834058.371833 <... pwrite64 resumed>) = 457 (DELAYED) <0.025021>
3319  1790834058.371875 pwrite64(42</tmp/TestMixedWorkflowsRecoverFromFourServerFaults874006668/001/node-1/jetstream/$SYS/_js_/C-R3F-Fspi1V4u/msgs/1.blk>, "\206\0\0\0\20\0\0\0\0\0\0\0\261\255\354|\26R\332\30\0\0St9I6EVH\2\0"..., 134, 1635 <unfinished ...>
3315  1790834058.373977 pwrite64(30</tmp/TestMixedWorkflowsRecoverFromFourServerFaults874006668/001/node-1/jetstream/$G/streams/KV_WF_LEASE/msgs/1.blk>, "\234\0\0\200;\1\0\0\0\0\0\0\207;\355|\26R\332\30\"\0$KV.WF_LEA"..., 1214, 52207 <unfinished ...>
3320  1790834058.380645 <... pwrite64 resumed>) = 522 (DELAYED) <0.025083>
3288  1790834058.383066 <... pwrite64 resumed>) = 108 (DELAYED) <0.025103>
3288  1790834058.383166 pwrite64(46</tmp/TestMixedWorkflowsRecoverFromFourServerFaults874006668/001/node-1/jetstream/$SYS/_js_/C-R3F-mMm2NIUQ/msgs/1.blk>, "z\0\0\0\17\0\0\0\0\0\0\0\206\270\230}\26R\332\30\0\0St9I6EVH\3\0"..., 122, 1427 <unfinished ...>
3286  1790834058.383965 pwrite64(24</tmp/TestMixedWorkflowsRecoverFromFourServerFaults874006668/001/node-1/jetstream/$G/streams/WF_JRN/msgs/1.blk>, "@\1\0\200\301\0\0\0\0\0\0\0\275\\\204}\26R\332\30\34\0wf.jrn.mix"..., 522, 52266 <unfinished ...>
3314  1790834058.386992 <... pwrite64 resumed>) = 421 (DELAYED) <0.025020>
3318  1790834058.388875 <... pwrite64 resumed>) = 134 (DELAYED) <0.025031>
3318  1790834058.389119 pwrite64(45</tmp/TestMixedWorkflowsRecoverFromFourServerFaults874006668/001/node-1/jetstream/$SYS/_js_/C-R3F-Qi7jewV8/msgs/1.blk>, "~\0\0\0\r\0\0\0\0\0\0\0u\275\363}\26R\332\30\0\0St9I6EVH\3\0"..., 126, 1295 <unfinished ...>
3314  1790834058.389473 pwrite64(48</tmp/TestMixedWorkflowsRecoverFromFourServerFaults874006668/001/node-1/jetstream/$SYS/_js_/C-R3F-BJrVOQpv/msgs/1.blk>, "~\0\0\0\r\0\0\0\0\0\0\0\260\350\370}\26R\332\30\0\0St9I6EVH\3\0"..., 126, 1295 <unfinished ...>
3316  1790834058.390131 pwrite64(47</tmp/TestMixedWorkflowsRecoverFromFourServerFaults874006668/001/node-1/jetstream/$SYS/_js_/C-R3F-HvwsqB9S/msgs/1.blk>, "l\0\0\0\7\0\0\0\0\0\0\0\276\377\2~\26R\332\30\0\0St9I6EVH\3\0"..., 108, 636 <unfinished ...>
3320  1790834058.390327 pwrite64(41</tmp/TestMixedWorkflowsRecoverFromFourServerFaults874006668/001/node-1/jetstream/$SYS/_js_/C-R3F-U2k39UyT/msgs/1.blk>, "[\0\0\0\16\0\0\0\0\0\0\0d8\6~\26R\332\30\0\0St9I6EVH\3\0"..., 91, 1433 <unfinished ...>
3317  1790834058.393290 pwrite64(22</tmp/TestMixedWorkflowsRecoverFromFourServerFaults874006668/001/node-1/jetstream/$G/streams/WF_RUN/msgs/1.blk>, "k\0\0\200P\0\0\0\0\0\0\0\242\322\366w\26R\332\30\t\0wf.run.28+"..., 595, 17490 <unfinished ...>
3319  1790834058.396933 <... pwrite64 resumed>) = 134 (DELAYED) <0.025033>
3285  1790834058.398701 newfstatat(AT_FDCWD</home/runner/work/js-wf/js-wf/integration>, "/tmp/TestMixedWorkflowsRecoverFromFourServerFaults874006668/001/node-1/jetstream/$G/streams/WF_RUN/obs/WF_P_00/o.dat", {st_mode=S_IFREG|0600, st_size=16, ...}, AT_SYMLINK_NOFOLLOW) = 0 <0.000039>
3285  1790834058.398815 renameat(AT_FDCWD</home/runner/work/js-wf/js-wf/integration>, "/tmp/TestMixedWorkflowsRecoverFromFourServerFaults874006668/001/node-1/jetstream/$G/streams/WF_RUN/obs/WF_P_00/o.dat.tmp", AT_FDCWD</home/runner/work/js-wf/js-wf/integration>, "/tmp/TestMixedWorkflowsRecoverFromFourServerFaults874006668/001/node-1/jetstream/$G/streams/WF_RUN/obs/WF_P_00/o.dat") = 0 <0.000198>
3315  1790834058.399054 <... pwrite64 resumed>) = 1214 (DELAYED) <0.025047>
3288  1790834058.408237 <... pwrite64 resumed>) = 122 (DELAYED) <0.025043>
3286  1790834058.409104 <... pwrite64 resumed>) = 522 (DELAYED) <0.025110>
3288  1790834058.410030 newfstatat(AT_FDCWD</home/runner/work/js-wf/js-wf/integration>, "/tmp/TestMixedWorkflowsRecoverFromFourServerFaults874006668/001/node-1/jetstream/$G/streams/WF_RUN/obs/WF_P_55/o.dat", {st_mode=S_IFREG|0600, st_size=8, ...}, AT_SYMLINK_NOFOLLOW) = 0 <0.000053>
3288  1790834058.410332 renameat(AT_FDCWD</home/runner/work/js-wf/js-wf/integration>, "/tmp/TestMixedWorkflowsRecoverFromFourServerFaults874006668/001/node-1/jetstream/$G/streams/WF_RUN/obs/WF_P_55/o.dat.tmp", AT_FDCWD</home/runner/work/js-wf/js-wf/integration>, "/tmp/TestMixedWorkflowsRecoverFromFourServerFaults874006668/001/node-1/jetstream/$G/streams/WF_RUN/obs/WF_P_55/o.dat") = 0 <0.000285>
3286  1790834058.413701 pwrite64(24</tmp/TestMixedWorkflowsRecoverFromFourServerFaults874006668/001/node-1/jetstream/$G/streams/WF_JRN/msgs/1.blk>, "\312\0\0\200\303\0\0\0\0\0\0\0\321gA\177\26R\332\30\34\0wf.jrn.mix"..., 522, 52788 <unfinished ...>
3318  1790834058.414210 <... pwrite64 resumed>) = 126 (DELAYED) <0.025055>
3318  1790834058.414415 pwrite64(45</tmp/TestMixedWorkflowsRecoverFromFourServerFaults874006668/001/node-1/jetstream/$SYS/_js_/C-R3F-Qi7jewV8/msgs/1.blk>, "\214\0\0\0\16\0\0\0\0\0\0\0\367\277u\177\26R\332\30\0\0St9I6EVH\3\0"..., 140, 1421 <unfinished ...>
3314  1790834058.414589 <... pwrite64 resumed>) = 126 (DELAYED) <0.025081>
3319  1790834058.414848 pwrite64(48</tmp/TestMixedWorkflowsRecoverFromFourServerFaults874006668/001/node-1/jetstream/$SYS/_js_/C-R3F-BJrVOQpv/msgs/1.blk>, "\214\0\0\0\16\0\0\0\0\0\0\0\321\\{\177\26R\332\30\0\0St9I6EVH\3\0"..., 140, 1421 <unfinished ...>
3316  1790834058.415218 <... pwrite64 resumed>) = 108 (DELAYED) <0.025054>
3316  1790834058.415301 pwrite64(47</tmp/TestMixedWorkflowsRecoverFromFourServerFaults874006668/001/node-1/jetstream/$SYS/_js_/C-R3F-HvwsqB9S/msgs/1.blk>, "\220\0\0\0\10\0\0\0\0\0\0\0L\211\203\177\26R\332\30\0\0St9I6EVH\3\0"..., 144, 744 <unfinished ...>
3320  1790834058.415419 <... pwrite64 resumed>) = 91 (DELAYED) <0.025064>
3314  1790834058.415635 pwrite64(41</tmp/TestMixedWorkflowsRecoverFromFourServerFaults874006668/001/node-1/jetstream/$SYS/_js_/C-R3F-U2k39UyT/msgs/1.blk>, "\241\0\0\0\17\0\0\0\0\0\0\0\273\16\207\177\26R\332\30\0\0St9I6EVH\3\0"..., 161, 1524 <unfinished ...>
3285  1790834058.415980 pwrite64(30</tmp/TestMixedWorkflowsRecoverFromFourServerFaults874006668/001/node-1/jetstream/$G/streams/KV_WF_LEASE/msgs/1.blk>, "\236\0\0\200C\1\0\0\0\0\0\0\226'\215~\26R\332\30\"\0$KV.WF_LEA"..., 1313, 53421 <unfinished ...>
3317  1790834058.418348 <... pwrite64 resumed>) = 595 (DELAYED) <0.025032>
3317  1790834058.418732 pwrite64(21</tmp/TestMixedWorkflowsRecoverFromFourServerFaults874006668/001/node-1/jetstream/$SYS/_js_/S-R3F-G9FrvoEG/msgs/2.blk>, "\224\0\0\0G\0\0\0\0\0\0\0B\257\267\177\26R\332\30\0\0St9I6EVH\3\0"..., 148, 25247 <unfinished ...>
3286  1790834058.438790 <... pwrite64 resumed>) = 522 (DELAYED) <0.025057>
3288  1790834058.439236 newfstatat(AT_FDCWD</home/runner/work/js-wf/js-wf/integration>, "/tmp/TestMixedWorkflowsRecoverFromFourServerFaults874006668/001/node-1/jetstream/$G/streams/WF_RUN/obs/WF_P_10/o.dat", {st_mode=S_IFREG|0600, st_size=21, ...}, AT_SYMLINK_NOFOLLOW) = 0 <0.000052>
3321  1790834058.439444 renameat(AT_FDCWD</home/runner/work/js-wf/js-wf/integration>, "/tmp/TestMixedWorkflowsRecoverFromFourServerFaults874006668/001/node-1/jetstream/$G/streams/WF_RUN/obs/WF_P_10/o.dat.tmp", AT_FDCWD</home/runner/work/js-wf/js-wf/integration>, "/tmp/TestMixedWorkflowsRecoverFromFourServerFaults874006668/001/node-1/jetstream/$G/streams/WF_RUN/obs/WF_P_10/o.dat") = 0 <0.000257>
3318  1790834058.440084 <... pwrite64 resumed>) = 140 (DELAYED) <0.025633>
3319  1790834058.440135 <... pwrite64 resumed>) = 140 (DELAYED) <0.025257>
3316  1790834058.440400 <... pwrite64 resumed>) = 144 (DELAYED) <0.025071>
3314  1790834058.440749 <... pwrite64 resumed>) = 161 (DELAYED) <0.025084>
3285  1790834058.441116 <... pwrite64 resumed>) = 1313 (DELAYED) <0.025105>
3316  1790834058.441932 newfstatat(AT_FDCWD</home/runner/work/js-wf/js-wf/integration>, "/tmp/TestMixedWorkflowsRecoverFromFourServerFaults874006668/001/node-1/jetstream/$G/streams/WF_RUN/obs/WF_P_28/o.dat", {st_mode=S_IFREG|0600, st_size=18, ...}, AT_SYMLINK_NOFOLLOW) = 0 <0.000052>
3316  1790834058.442053 renameat(AT_FDCWD</home/runner/work/js-wf/js-wf/integration>, "/tmp/TestMixedWorkflowsRecoverFromFourServerFaults874006668/001/node-1/jetstream/$G/streams/WF_RUN/obs/WF_P_28/o.dat.tmp", AT_FDCWD</home/runner/work/js-wf/js-wf/integration>, "/tmp/TestMixedWorkflowsRecoverFromFourServerFaults874006668/001/node-1/jetstream/$G/streams/WF_RUN/obs/WF_P_28/o.dat") = 0 <0.000248>
3321  1790834058.442433 newfstatat(AT_FDCWD</home/runner/work/js-wf/js-wf/integration>, "/tmp/TestMixedWorkflowsRecoverFromFourServerFaults874006668/001/node-1/jetstream/$G/streams/WF_RUN/obs/WF_P_26/o.dat", {st_mode=S_IFREG|0600, st_size=21, ...}, AT_SYMLINK_NOFOLLOW) = 0 <0.000075>
3321  1790834058.442583 renameat(AT_FDCWD</home/runner/work/js-wf/js-wf/integration>, "/tmp/TestMixedWorkflowsRecoverFromFourServerFaults874006668/001/node-1/jetstream/$G/streams/WF_RUN/obs/WF_P_26/o.dat.tmp", AT_FDCWD</home/runner/work/js-wf/js-wf/integration>, "/tmp/TestMixedWorkflowsRecoverFromFourServerFaults874006668/001/node-1/jetstream/$G/streams/WF_RUN/obs/WF_P_26/o.dat") = 0 <0.000233>
3315  1790834058.443306 newfstatat(AT_FDCWD</home/runner/work/js-wf/js-wf/integration>, "/tmp/TestMixedWorkflowsRecoverFromFourServerFaults874006668/001/node-1/jetstream/$G/streams/WF_RUN/obs/WF_P_43/o.dat", {st_mode=S_IFREG|0600, st_size=18, ...}, AT_SYMLINK_NOFOLLOW) = 0 <0.000091>
3315  1790834058.443489 renameat(AT_FDCWD</home/runner/work/js-wf/js-wf/integration>, "/tmp/TestMixedWorkflowsRecoverFromFourServerFaults874006668/001/node-1/jetstream/$G/streams/WF_RUN/obs/WF_P_43/o.dat.tmp", AT_FDCWD</home/runner/work/js-wf/js-wf/integration>, "/tmp/TestMixedWorkflowsRecoverFromFourServerFaults874006668/001/node-1/jetstream/$G/streams/WF_RUN/obs/WF_P_43/o.dat") = 0 <0.000205>
3317  1790834058.444028 <... pwrite64 resumed>) = 148 (DELAYED) <0.025264>
3314  1790834058.445145 pwrite64(30</tmp/TestMixedWorkflowsRecoverFromFourServerFaults874006668/001/node-1/jetstream/$G/streams/KV_WF_LEASE/msgs/1.blk>, "\236\0\0\200K\1\0\0\0\0\0\0a\261\20\201\26R\332\30\"\0$KV.WF_LEA"..., 158, 54734 <unfinished ...>
3316  1790834058.445522 pwrite64(24</tmp/TestMixedWorkflowsRecoverFromFourServerFaults874006668/001/node-1/jetstream/$G/streams/WF_JRN/msgs/1.blk>, "@\1\0\200\305\0\0\0\0\0\0\0^K\v\201\26R\332\30\34\0wf.jrn.mix"..., 522, 53310 <unfinished ...>
3285  1790834058.446183 newfstatat(AT_FDCWD</home/runner/work/js-wf/js-wf/integration>, "/tmp/TestMixedWorkflowsRecoverFromFourServerFaults874006668/001/node-1/jetstream/$G/streams/WF_RUN/obs/WF_P_48/o.dat", {st_mode=S_IFREG|0600, st_size=16, ...}, AT_SYMLINK_NOFOLLOW) = 0 <0.000040>
3285  1790834058.446318 renameat(AT_FDCWD</home/runner/work/js-wf/js-wf/integration>, "/tmp/TestMixedWorkflowsRecoverFromFourServerFaults874006668/001/node-1/jetstream/$G/streams/WF_RUN/obs/WF_P_48/o.dat.tmp", AT_FDCWD</home/runner/work/js-wf/js-wf/integration>, "/tmp/TestMixedWorkflowsRecoverFromFourServerFaults874006668/001/node-1/jetstream/$G/streams/WF_RUN/obs/WF_P_48/o.dat" <unfinished ...>
3315  1790834058.446564 pwrite64(22</tmp/TestMixedWorkflowsRecoverFromFourServerFaults874006668/001/node-1/jetstream/$G/streams/WF_RUN/msgs/1.blk>, "\36\0\0\09\0\0\0\0\0\0@^\362\242{\25R\332\30\0\0eu_<{\277\335&", 30, 18085 <unfinished ...>
3285  1790834058.446605 <... renameat resumed>) = 0 <0.000259>
3314  1790834058.470240 <... pwrite64 resumed>) = 158 (DELAYED) <0.025037>
3316  1790834058.470611 <... pwrite64 resumed>) = 522 (DELAYED) <0.025060>
3314  1790834058.470656 --- SIGURG {si_signo=SIGURG, si_code=SI_TKILL, si_pid=3265, si_uid=1001} ---
3315  1790834058.471991 <... pwrite64 resumed>) = 30 (DELAYED) <0.025395>
3321  1790834058.474437 pwrite64(41</tmp/TestMixedWorkflowsRecoverFromFourServerFaults874006668/001/node-1/jetstream/$SYS/_js_/C-R3F-U2k39UyT/msgs/1.blk>, "[\0\0\0\20\0\0\0\0\0\0\0\206\370\10\203\26R\332\30\0\0St9I6EVH\3\0"..., 91, 1685 <unfinished ...>
3285  1790834058.475753 pwrite64(24</tmp/TestMixedWorkflowsRecoverFromFourServerFaults874006668/001/node-1/jetstream/$G/streams/WF_JRN/msgs/1.blk>, "\322\0\0\200\307\0\0\0\0\0\0\0{\201\355\202\26R\332\30\34\0wf.jrn.mix"..., 210, 53832 <unfinished ...>
3315  1790834058.488315 pwrite64(30</tmp/TestMixedWorkflowsRecoverFromFourServerFaults874006668/001/node-1/jetstream/$G/streams/KV_WF_LEASE/msgs/1.blk>, "\234\0\0\200L\1\0\0\0\0\0\0oeF\201\26R\332\30\"\0$KV.WF_LEA"..., 1732, 54892 <unfinished ...>
3318  1790834058.490025 --- SIGURG {si_signo=SIGURG, si_code=SI_TKILL, si_pid=3265, si_uid=1001} ---
3321  1790834058.499512 <... pwrite64 resumed>) = 91 (DELAYED) <0.025033>
3321  1790834058.499677 pwrite64(41</tmp/TestMixedWorkflowsRecoverFromFourServerFaults874006668/001/node-1/jetstream/$SYS/_js_/C-R3F-U2k39UyT/msgs/1.blk>, "\241\0\0\0\21\0\0\0\0\0\0\0\305\351\212\204\26R\332\30\0\0St9I6EVH\3\0"..., 161, 1776 <unfinished ...>
3314  1790834058.500481 newfstatat(AT_FDCWD</home/runner/work/js-wf/js-wf/integration>, "/tmp/TestMixedWorkflowsRecoverFromFourServerFaults874006668/001/node-1/jetstream/$G/streams/WF_RUN/obs/WF_P_00/o.dat", {st_mode=S_IFREG|0600, st_size=8, ...}, AT_SYMLINK_NOFOLLOW) = 0 <0.000040>
3314  1790834058.500607 renameat(AT_FDCWD</home/runner/work/js-wf/js-wf/integration>, "/tmp/TestMixedWorkflowsRecoverFromFourServerFaults874006668/001/node-1/jetstream/$G/streams/WF_RUN/obs/WF_P_00/o.dat.tmp", AT_FDCWD</home/runner/work/js-wf/js-wf/integration>, "/tmp/TestMixedWorkflowsRecoverFromFourServerFaults874006668/001/node-1/jetstream/$G/streams/WF_RUN/obs/WF_P_00/o.dat") = 0 <0.000160>
3285  1790834058.500859 <... pwrite64 resumed>) = 210 (DELAYED) <0.025079>
3285  1790834058.505108 pwrite64(24</tmp/TestMixedWorkflowsRecoverFromFourServerFaults874006668/001/node-1/jetstream/$G/streams/WF_JRN/msgs/1.blk>, "@\1\0\200\310\0\0\0\0\0\0\0{\243\33\203\26R\332\30\34\0wf.jrn.mix"..., 522, 54042 <unfinished ...>
3315  1790834058.513394 <... pwrite64 resumed>) = 1732 (DELAYED) <0.025042>
3314  1790834058.516802 pwrite64(30</tmp/TestMixedWorkflowsRecoverFromFourServerFaults874006668/001/node-1/jetstream/$G/streams/KV_WF_LEASE/msgs/1.blk>, "\236\0\0\200W\1\0\0\0\0\0\0\6\213^\205\26R\332\30\"\0$KV.WF_LEA"..., 316, 56624 <unfinished ...>
3321  1790834058.524754 <... pwrite64 resumed>) = 161 (DELAYED) <0.025049>
3321  1790834058.525083 --- SIGURG {si_signo=SIGURG, si_code=SI_TKILL, si_pid=3265, si_uid=1001} ---
3285  1790834058.530197 <... pwrite64 resumed>) = 522 (DELAYED) <0.025048>
3317  1790834058.532702 pwrite64(24</tmp/TestMixedWorkflowsRecoverFromFourServerFaults874006668/001/node-1/jetstream/$G/streams/WF_JRN/msgs/1.blk>, "\340\0\0\200\312\0\0\0\0\0\0\0<t\304\204\26R\332\30\34\0wf.jrn.mix"..., 224, 54564 <unfinished ...>
3320  1790834058.533171 pwrite64(31</tmp/TestMixedWorkflowsRecoverFromFourServerFaults874006668/001/node-1/jetstream/$SYS/_js_/S-R3F-OEyp3t6z/msgs/2.blk>, "\3\1\0\0\10\0\0\0\0\0\0\0\301\277\211\206\26R\332\30\0\0000WED9nmv\2\0"..., 259, 1989 <unfinished ...>
3314  1790834058.541873 <... pwrite64 resumed>) = 316 (DELAYED) <0.025034>
3314  1790834058.543206 newfstatat(AT_FDCWD</home/runner/work/js-wf/js-wf/integration>, "/tmp/TestMixedWorkflowsRecoverFromFourServerFaults874006668/001/node-1/jetstream/$G/streams/WF_RUN/obs/WF_P_28/o.dat", {st_mode=S_IFREG|0600, st_size=21, ...}, AT_SYMLINK_NOFOLLOW) = 0 <0.000027>
3314  1790834058.543330 renameat(AT_FDCWD</home/runner/work/js-wf/js-wf/integration>, "/tmp/TestMixedWorkflowsRecoverFromFourServerFaults874006668/001/node-1/jetstream/$G/streams/WF_RUN/obs/WF_P_28/o.dat.tmp", AT_FDCWD</home/runner/work/js-wf/js-wf/integration>, "/tmp/TestMixedWorkflowsRecoverFromFourServerFaults874006668/001/node-1/jetstream/$G/streams/WF_RUN/obs/WF_P_28/o.dat") = 0 <0.000476>
3319  1790834058.544689 newfstatat(AT_FDCWD</home/runner/work/js-wf/js-wf/integration>, "/tmp/TestMixedWorkflowsRecoverFromFourServerFaults874006668/001/node-1/jetstream/$G/streams/WF_RUN/obs/WF_P_26/o.dat", {st_mode=S_IFREG|0600, st_size=21, ...}, AT_SYMLINK_NOFOLLOW) = 0 <0.000035>
3319  1790834058.544798 renameat(AT_FDCWD</home/runner/work/js-wf/js-wf/integration>, "/tmp/TestMixedWorkflowsRecoverFromFourServerFaults874006668/001/node-1/jetstream/$G/streams/WF_RUN/obs/WF_P_26/o.dat.tmp", AT_FDCWD</home/runner/work/js-wf/js-wf/integration>, "/tmp/TestMixedWorkflowsRecoverFromFourServerFaults874006668/001/node-1/jetstream/$G/streams/WF_RUN/obs/WF_P_26/o.dat") = 0 <0.000212>
3285  1790834058.545094 pwrite64(30</tmp/TestMixedWorkflowsRecoverFromFourServerFaults874006668/001/node-1/jetstream/$G/streams/KV_WF_LEASE/msgs/1.blk>, "\237\0\0\200Y\1\0\0\0\0\0\0%\233\22\207\26R\332\30\"\0$KV.WF_LEA"..., 475, 56940 <unfinished ...>
3316  1790834058.545181 newfstatat(AT_FDCWD</home/runner/work/js-wf/js-wf/integration>, "/tmp/TestMixedWorkflowsRecoverFromFourServerFaults874006668/001/node-1/jetstream/$G/streams/WF_RUN/obs/WF_P_43/o.dat", {st_mode=S_IFREG|0600, st_size=21, ...}, AT_SYMLINK_NOFOLLOW) = 0 <0.000029>
3316  1790834058.545281 renameat(AT_FDCWD</home/runner/work/js-wf/js-wf/integration>, "/tmp/TestMixedWorkflowsRecoverFromFourServerFaults874006668/001/node-1/jetstream/$G/streams/WF_RUN/obs/WF_P_43/o.dat.tmp", AT_FDCWD</home/runner/work/js-wf/js-wf/integration>, "/tmp/TestMixedWorkflowsRecoverFromFourServerFaults874006668/001/node-1/jetstream/$G/streams/WF_RUN/obs/WF_P_43/o.dat") = 0 <0.000217>
3315  1790834058.545561 pwrite64(41</tmp/TestMixedWorkflowsRecoverFromFourServerFaults874006668/001/node-1/jetstream/$SYS/_js_/C-R3F-U2k39UyT/msgs/1.blk>, "l\0\0\0\22\0\0\0\0\0\0\0\221\3G\207\26R\332\30\0\0St9I6EVH\3\0"..., 108, 1937 <unfinished ...>
3319  1790834058.548004 newfstatat(AT_FDCWD</home/runner/work/js-wf/js-wf/integration>, "/tmp/TestMixedWorkflowsRecoverFromFourServerFaults874006668/001/node-1/jetstream/$G/streams/WF_RUN/obs/WF_P_48/o.dat", {st_mode=S_IFREG|0600, st_size=19, ...}, AT_SYMLINK_NOFOLLOW) = 0 <0.000030>
3319  1790834058.548095 renameat(AT_FDCWD</home/runner/work/js-wf/js-wf/integration>, "/tmp/TestMixedWorkflowsRecoverFromFourServerFaults874006668/001/node-1/jetstream/$G/streams/WF_RUN/obs/WF_P_48/o.dat.tmp", AT_FDCWD</home/runner/work/js-wf/js-wf/integration>, "/tmp/TestMixedWorkflowsRecoverFromFourServerFaults874006668/001/node-1/jetstream/$G/streams/WF_RUN/obs/WF_P_48/o.dat") = 0 <0.000277>
3317  1790834058.557784 <... pwrite64 resumed>) = 224 (DELAYED) <0.025010>
3320  1790834058.558361 <... pwrite64 resumed>) = 259 (DELAYED) <0.025159>
3318  1790834058.559944 pwrite64(24</tmp/TestMixedWorkflowsRecoverFromFourServerFaults874006668/001/node-1/jetstream/$G/streams/WF_JRN/msgs/1.blk>, "\312\0\0\200\313\0\0\0\0\0\0\0\363\17\5\210\26R\332\30\34\0wf.jrn.mix"..., 427, 54788 <unfinished ...>
3317  1790834058.560080 pwrite64(31</tmp/TestMixedWorkflowsRecoverFromFourServerFaults874006668/001/node-1/jetstream/$SYS/_js_/S-R3F-OEyp3t6z/msgs/2.blk>, "\3\1\0\0\t\0\0\0\0\0\0\0\345.$\210\26R\332\30\0\0000WED9nmv\2\0"..., 259, 2248 <unfinished ...>
3319  1790834058.561342 pwrite64(32</tmp/TestMixedWorkflowsRecoverFromFourServerFaults874006668/001/node-1/jetstream/$G/streams/KV_WF_STATE/msgs/1.blk>, "\225\0\0\200\10\0\0\0\0\0\0\00009z\206\26R\332\30\"\0$KV.WF_STA"..., 149, 1223 <unfinished ...>
3314  1790834058.565878 newfstatat(AT_FDCWD</home/runner/work/js-wf/js-wf/integration>, "/tmp/TestMixedWorkflowsRecoverFromFourServerFaults874006668/001/node-1/jetstream/$SYS/_js_/C-R3F-JHDR9qaz/tav.idx", {st_mode=S_IFREG|0600, st_size=16, ...}, 0) = 0 <0.000059>
3314  1790834058.567301 newfstatat(AT_FDCWD</home/runner/work/js-wf/js-wf/integration>, "/tmp/TestMixedWorkflowsRecoverFromFourServerFaults874006668/001/node-1/jetstream/$SYS/_js_/C-R3F-JHDR9qaz/tav.idx", {st_mode=S_IFREG|0600, st_size=16, ...}, AT_SYMLINK_NOFOLLOW) = 0 <0.000025>
3314  1790834058.567396 renameat(AT_FDCWD</home/runner/work/js-wf/js-wf/integration>, "/tmp/TestMixedWorkflowsRecoverFromFourServerFaults874006668/001/node-1/jetstream/$SYS/_js_/C-R3F-JHDR9qaz/tav.idx.tmp", AT_FDCWD</home/runner/work/js-wf/js-wf/integration>, "/tmp/TestMixedWorkflowsRecoverFromFourServerFaults874006668/001/node-1/jetstream/$SYS/_js_/C-R3F-JHDR9qaz/tav.idx") = 0 <0.000162>
3314  1790834058.568218 newfstatat(AT_FDCWD</home/runner/work/js-wf/js-wf/integration>, "/tmp/TestMixedWorkflowsRecoverFromFourServerFaults874006668/001/node-1/jetstream/$SYS/_js_/C-R3F-JHDR9qaz/tav.idx", {st_mode=S_IFREG|0600, st_size=8, ...}, 0) = 0 <0.000025>
3314  1790834058.569046 newfstatat(AT_FDCWD</home/runner/work/js-wf/js-wf/integration>, "/tmp/TestMixedWorkflowsRecoverFromFourServerFaults874006668/001/node-1/jetstream/$SYS/_js_/C-R3F-JHDR9qaz/tav.idx", {st_mode=S_IFREG|0600, st_size=8, ...}, AT_SYMLINK_NOFOLLOW) = 0 <0.000032>
3314  1790834058.569127 renameat(AT_FDCWD</home/runner/work/js-wf/js-wf/integration>, "/tmp/TestMixedWorkflowsRecoverFromFourServerFaults874006668/001/node-1/jetstream/$SYS/_js_/C-R3F-JHDR9qaz/tav.idx.tmp", AT_FDCWD</home/runner/work/js-wf/js-wf/integration>, "/tmp/TestMixedWorkflowsRecoverFromFourServerFaults874006668/001/node-1/jetstream/$SYS/_js_/C-R3F-JHDR9qaz/tav.idx") = 0 <0.000152>
3285  1790834058.570170 <... pwrite64 resumed>) = 475 (DELAYED) <0.025052>
3315  1790834058.570639 <... pwrite64 resumed>) = 108 (DELAYED) <0.025048>
3315  1790834058.570888 pwrite64(41</tmp/TestMixedWorkflowsRecoverFromFourServerFaults874006668/001/node-1/jetstream/$SYS/_js_/C-R3F-U2k39UyT/msgs/1.blk>, "\220\0\0\0\23\0\0\0\0\0\0\0\33\227\311\210\26R\332\30\0\0St9I6EVH\3\0"..., 144, 2045 <unfinished ...>
3285  1790834058.572248 pwrite64(30</tmp/TestMixedWorkflowsRecoverFromFourServerFaults874006668/001/node-1/jetstream/$G/streams/KV_WF_LEASE/msgs/1.blk>, "\236\0\0\200\\\1\0\0\0\0\0\0Q\356\277\210\26R\332\30\"\0$KV.WF_LEA"..., 158, 57415 <unfinished ...>
3314  1790834058.572621 fstat(50</tmp/TestMixedWorkflowsRecoverFromFourServerFaults874006668/001/node-1/jetstream/$SYS/_js_/C-R3F-JHDR9qaz/msgs/1.blk>, {st_mode=S_IFREG|0600, st_size=636, ...}) = 0 <0.000046>
3314  1790834058.572739 lseek(50</tmp/TestMixedWorkflowsRecoverFromFourServerFaults874006668/001/node-1/jetstream/$SYS/_js_/C-R3F-JHDR9qaz/msgs/1.blk>, 0, SEEK_SET) = 0 <0.000017>
3314  1790834058.572808 fstat(50</tmp/TestMixedWorkflowsRecoverFromFourServerFaults874006668/001/node-1/jetstream/$SYS/_js_/C-R3F-JHDR9qaz/msgs/1.blk>, {st_mode=S_IFREG|0600, st_size=636, ...}) = 0 <0.000020>
3314  1790834058.572884 read(50</tmp/TestMixedWorkflowsRecoverFromFourServerFaults874006668/001/node-1/jetstream/$SYS/_js_/C-R3F-JHDR9qaz/msgs/1.blk>, "p\0\0\0\1\0\0\0\0\0\0\0\7}\322'\23R\332\30\0\0000m6vARoZ\1\0"..., 636) = 636 <0.000031>
3314  1790834058.572971 pwrite64(50</tmp/TestMixedWorkflowsRecoverFromFourServerFaults874006668/001/node-1/jetstream/$SYS/_js_/C-R3F-JHDR9qaz/msgs/1.blk>, "p\0\0\0\7\0\0\0\0\0\0\0\342\237\343\210\26R\332\30\0\0St9I6EVH\3\0"..., 112, 636 <unfinished ...>
3318  1790834058.585030 <... pwrite64 resumed>) = 427 (DELAYED) <0.025050>
3317  1790834058.585170 <... pwrite64 resumed>) = 259 (DELAYED) <0.025059>
3318  1790834058.585356 --- SIGURG {si_signo=SIGURG, si_code=SI_TKILL, si_pid=3265, si_uid=1001} ---
3319  1790834058.586631 <... pwrite64 resumed>) = 149 (DELAYED) <0.025262>
3320  1790834058.587529 pwrite64(24</tmp/TestMixedWorkflowsRecoverFromFourServerFaults874006668/001/node-1/jetstream/$G/streams/WF_JRN/msgs/1.blk>, "\324\0\0\200\315\0\0\0\0\0\0\0\326r\33\210\26R\332\30\34\0wf.jrn.mix"..., 634, 55215 <unfinished ...>
3321  1790834058.587941 pwrite64(32</tmp/TestMixedWorkflowsRecoverFromFourServerFaults874006668/001/node-1/jetstream/$G/streams/KV_WF_STATE/msgs/1.blk>, "\225\0\0\200\t\0\0\0\0\0\0\0\300\372\33\210\26R\332\30\"\0$KV.WF_STA"..., 149, 1372 <unfinished ...>
3315  1790834058.595959 <... pwrite64 resumed>) = 144 (DELAYED) <0.025027>
3285  1790834058.597308 <... pwrite64 resumed>) = 158 (DELAYED) <0.025019>
3314  1790834058.598051 <... pwrite64 resumed>) = 112 (DELAYED) <0.025062>
3316  1790834058.599650 pwrite64(30</tmp/TestMixedWorkflowsRecoverFromFourServerFaults874006668/001/node-1/jetstream/$G/streams/KV_WF_LEASE/msgs/1.blk>, "\236\0\0\200]\1\0\0\0\0\0\0|\v^\212\26R\332\30\"\0$KV.WF_LEA"..., 757, 57573 <unfinished ...>
3285  1790834058.599865 pwrite64(40</tmp/TestMixedWorkflowsRecoverFromFourServerFaults874006668/001/node-1/jetstream/$SYS/_js_/C-R3F-MUBUTFU3/msgs/1.blk>, "l\0\0\0\r\0\0\0\0\0\0\0\377\r\203\212\26R\332\30\0\0St9I6EVH\3\0"..., 108, 1401 <unfinished ...>
3314  1790834058.600145 pwrite64(41</tmp/TestMixedWorkflowsRecoverFromFourServerFaults874006668/001/node-1/jetstream/$SYS/_js_/C-R3F-U2k39UyT/msgs/1.blk>, "l\0\0\0\24\0\0\0\0\0\0\0u\322\206\212\26R\332\30\0\0St9I6EVH\3\0"..., 108, 2189 <unfinished ...>
3320  1790834058.612596 <... pwrite64 resumed>) = 634 (DELAYED) <0.025012>
3320  1790834058.612830 --- SIGURG {si_signo=SIGURG, si_code=SI_TKILL, si_pid=3265, si_uid=1001} ---
3321  1790834058.613006 <... pwrite64 resumed>) = 149 (DELAYED) <0.025031>
3320  1790834058.613528 --- SIGURG {si_signo=SIGURG, si_code=SI_TKILL, si_pid=3265, si_uid=1001} ---
3318  1790834058.613959 pwrite64(31</tmp/TestMixedWorkflowsRecoverFromFourServerFaults874006668/001/node-1/jetstream/$SYS/_js_/S-R3F-OEyp3t6z/msgs/2.blk>, "\3\1\0\0\n\0\0\0\0\0\0\0\264\231Z\213\26R\332\30\0\0000WED9nmv\2\0"..., 259, 2507 <unfinished ...>
3319  1790834058.614314 pwrite64(24</tmp/TestMixedWorkflowsRecoverFromFourServerFaults874006668/001/node-1/jetstream/$G/streams/WF_JRN/msgs/1.blk>, "\341\0\0\200\320\0\0\0\0\0\0\0\323\266\300\211\26R\332\30\34\0wf.jrn.mix"..., 225, 55849 <unfinished ...>
3316  1790834058.624816 <... pwrite64 resumed>) = 757 (DELAYED) <0.025128>
3285  1790834058.624956 <... pwrite64 resumed>) = 108 (DELAYED) <0.025061>
3285  1790834058.625042 pwrite64(40</tmp/TestMixedWorkflowsRecoverFromFourServerFaults874006668/001/node-1/jetstream/$SYS/_js_/C-R3F-MUBUTFU3/msgs/1.blk>, "_\0\0\0\16\0\0\0\0\0\0\0M\324\3\214\26R\332\30\0\0St9I6EVH\3\0"..., 95, 1509 <unfinished ...>
3314  1790834058.625234 <... pwrite64 resumed>) = 108 (DELAYED) <0.025060>
3320  1790834058.625325 pwrite64(41</tmp/TestMixedWorkflowsRecoverFromFourServerFaults874006668/001/node-1/jetstream/$SYS/_js_/C-R3F-U2k39UyT/msgs/1.blk>, "\206\0\0\0\25\0\0\0\0\0\0\0/\31\10\214\26R\332\30\0\0St9I6EVH\3\0"..., 134, 2297 <unfinished ...>
3316  1790834058.625383 --- SIGURG {si_signo=SIGURG, si_code=SI_TKILL, si_pid=3265, si_uid=1001} ---
3317  1790834058.628967 pwrite64(30</tmp/TestMixedWorkflowsRecoverFromFourServerFaults874006668/001/node-1/jetstream/$G/streams/KV_WF_LEASE/msgs/1.blk>, "\235\0\0\200b\1\0\0\0\0\0\0;\260\34\214\26R\332\30\"\0$KV.WF_LEA"..., 157, 58330 <unfinished ...>
3318  1790834058.639050 <... pwrite64 resumed>) = 259 (DELAYED) <0.025060>
3319  1790834058.639416 <... pwrite64 resumed>) = 225 (DELAYED) <0.025072>
3318  1790834058.641254 pwrite64(32</tmp/TestMixedWorkflowsRecoverFromFourServerFaults874006668/001/node-1/jetstream/$G/streams/KV_WF_STATE/msgs/1.blk>, "\225\0\0\200\n\0\0\0\0\0\0\0\n\265T\213\26R\332\30\"\0$KV.WF_STA"..., 149, 1521 <unfinished ...>
3316  1790834058.641770 pwrite64(31</tmp/TestMixedWorkflowsRecoverFromFourServerFaults874006668/001/node-1/jetstream/$SYS/_js_/S-R3F-OEyp3t6z/msgs/2.blk>, "\3\1\0\0\v\0\0\0\0\0\0\0\1\272\2\215\26R\332\30\0\0000WED9nmv\2\0"..., 259, 2766 <unfinished ...>
3319  1790834058.644413 pwrite64(24</tmp/TestMixedWorkflowsRecoverFromFourServerFaults874006668/001/node-1/jetstream/$G/streams/WF_JRN/msgs/1.blk>, "\341\0\0\200\321\0\0\0\0\0\0\0\355;\342\214\26R\332\30\34\0wf.jrn.mix"..., 673, 56074 <unfinished ...>
3314  1790834058.645081 newfstatat(AT_FDCWD</home/runner/work/js-wf/js-wf/integration>, "/tmp/TestMixedWorkflowsRecoverFromFourServerFaults874006668/001/node-1/jetstream/$G/streams/WF_RUN/obs/WF_P_28/o.dat", {st_mode=S_IFREG|0600, st_size=21, ...}, AT_SYMLINK_NOFOLLOW) = 0 <0.000078>
3314  1790834058.645238 renameat(AT_FDCWD</home/runner/work/js-wf/js-wf/integration>, "/tmp/TestMixedWorkflowsRecoverFromFourServerFaults874006668/001/node-1/jetstream/$G/streams/WF_RUN/obs/WF_P_28/o.dat.tmp", AT_FDCWD</home/runner/work/js-wf/js-wf/integration>, "/tmp/TestMixedWorkflowsRecoverFromFourServerFaults874006668/001/node-1/jetstream/$G/streams/WF_RUN/obs/WF_P_28/o.dat") = 0 <0.000201>
3315  1790834058.645795 newfstatat(AT_FDCWD</home/runner/work/js-wf/js-wf/integration>, "/tmp/TestMixedWorkflowsRecoverFromFourServerFaults874006668/001/node-1/jetstream/$G/streams/WF_RUN/obs/WF_P_26/o.dat", {st_mode=S_IFREG|0600, st_size=27, ...}, AT_SYMLINK_NOFOLLOW) = 0 <0.000033>
3315  1790834058.645883 renameat(AT_FDCWD</home/runner/work/js-wf/js-wf/integration>, "/tmp/TestMixedWorkflowsRecoverFromFourServerFaults874006668/001/node-1/jetstream/$G/streams/WF_RUN/obs/WF_P_26/o.dat.tmp", AT_FDCWD</home/runner/work/js-wf/js-wf/integration>, "/tmp/TestMixedWorkflowsRecoverFromFourServerFaults874006668/001/node-1/jetstream/$G/streams/WF_RUN/obs/WF_P_26/o.dat") = 0 <0.000189>
3285  1790834058.650102 <... pwrite64 resumed>) = 95 (DELAYED) <0.025028>
3320  1790834058.650413 <... pwrite64 resumed>) = 134 (DELAYED) <0.025058>
3315  1790834058.651057 pwrite64(21</tmp/TestMixedWorkflowsRecoverFromFourServerFaults874006668/001/node-1/jetstream/$SYS/_js_/S-R3F-G9FrvoEG/msgs/2.blk>, "\224\0\0\0H\0\0\0\0\0\0\0o@\217\215\26R\332\30\0\0St9I6EVH\3\0"..., 148, 25395 <unfinished ...>
3320  1790834058.651721 newfstatat(AT_FDCWD</home/runner/work/js-wf/js-wf/integration>, "/tmp/TestMixedWorkflowsRecoverFromFourServerFaults874006668/001/node-1/jetstream/$G/streams/WF_RUN/obs/WF_P_10/o.dat", {st_mode=S_IFREG|0600, st_size=21, ...}, AT_SYMLINK_NOFOLLOW) = 0 <0.000055>
3320  1790834058.651842 renameat(AT_FDCWD</home/runner/work/js-wf/js-wf/integration>, "/tmp/TestMixedWorkflowsRecoverFromFourServerFaults874006668/001/node-1/jetstream/$G/streams/WF_RUN/obs/WF_P_10/o.dat.tmp", AT_FDCWD</home/runner/work/js-wf/js-wf/integration>, "/tmp/TestMixedWorkflowsRecoverFromFourServerFaults874006668/001/node-1/jetstream/$G/streams/WF_RUN/obs/WF_P_10/o.dat") = 0 <0.000174>
3317  1790834058.654080 <... pwrite64 resumed>) = 157 (DELAYED) <0.025086>
3321  1790834058.656743 pwrite64(39</tmp/TestMixedWorkflowsRecoverFromFourServerFaults874006668/001/node-1/jetstream/$SYS/_js_/C-R3F-7OjMKAQS/msgs/1.blk>, "l\0\0\0\20\0\0\0\0\0\0\0`5\347\215\26R\332\30\0\0St9I6EVH\3\0"..., 108, 1600 <unfinished ...>
3317  1790834058.661863 pwrite64(30</tmp/TestMixedWorkflowsRecoverFromFourServerFaults874006668/001/node-1/jetstream/$G/streams/KV_WF_LEASE/msgs/1.blk>, "\237\0\0\200c\1\0\0\0\0\0\0R\2564\214\26R\332\30\"\0$KV.WF_LEA"..., 640, 58487 <unfinished ...>
3318  1790834058.666315 <... pwrite64 resumed>) = 149 (DELAYED) <0.025019>
3316  1790834058.666836 <... pwrite64 resumed>) = 259 (DELAYED) <0.025036>
3316  1790834058.666991 pwrite64(31</tmp/TestMixedWorkflowsRecoverFromFourServerFaults874006668/001/node-1/jetstream/$SYS/_js_/S-R3F-OEyp3t6z/msgs/2.blk>, "\3\1\0\0\f\0\0\0\0\0\0\0\375\267\203\216\26R\332\30\0\0000WED9nmv\2\0"..., 259, 3025 <unfinished ...>
3319  1790834058.669485 <... pwrite64 resumed>) = 673 (DELAYED) <0.025029>
3315  1790834058.676261 <... pwrite64 resumed>) = 148 (DELAYED) <0.025176>
3315  1790834058.676706 pwrite64(21</tmp/TestMixedWorkflowsRecoverFromFourServerFaults874006668/001/node-1/jetstream/$SYS/_js_/S-R3F-G9FrvoEG/msgs/2.blk>, "\224\0\0\0I\0\0\0\0\0\0\0\n\33\30\217\26R\332\30\0\0St9I6EVH\3\0"..., 148, 25543 <unfinished ...>
3321  1790834058.681818 <... pwrite64 resumed>) = 108 (DELAYED) <0.025036>
3321  1790834058.681916 pwrite64(39</tmp/TestMixedWorkflowsRecoverFromFourServerFaults874006668/001/node-1/jetstream/$SYS/_js_/C-R3F-7OjMKAQS/msgs/1.blk>, "\206\0\0\0\21\0\0\0\0\0\0\0-\223g\217\26R\332\30\0\0St9I6EVH\3\0"..., 134, 1708 <unfinished ...>
3317  1790834058.686931 <... pwrite64 resumed>) = 640 (DELAYED) <0.025041>
3317  1790834058.688881 pwrite64(41</tmp/TestMixedWorkflowsRecoverFromFourServerFaults874006668/001/node-1/jetstream/$SYS/_js_/C-R3F-U2k39UyT/msgs/1.blk>, "[\0\0\0\26\0\0\0\0\0\0\0\1^\321\217\26R\332\30\0\0St9I6EVH\3\0"..., 91, 2431 <unfinished ...>
3314  1790834058.689497 pwrite64(45</tmp/TestMixedWorkflowsRecoverFromFourServerFaults874006668/001/node-1/jetstream/$SYS/_js_/C-R3F-Qi7jewV8/msgs/1.blk>, "Q\0\0\0\17\0\0\0\0\0\0\0\177t\333\217\26R\332\30\0\0St9I6EVH\3\0"..., 81, 1561 <unfinished ...>
3318  1790834058.689707 pwrite64(30</tmp/TestMixedWorkflowsRecoverFromFourServerFaults874006668/001/node-1/jetstream/$G/streams/KV_WF_LEASE/msgs/1.blk>, "\215\0\0\200g\1\0\0\0\0\0\0\236d\265\217\26R\332\30\"\0$KV.WF_LEA"..., 288, 59127 <unfinished ...>
3316  1790834058.692135 <... pwrite64 resumed>) = 259 (DELAYED) <0.025115>
3316  1790834058.692361 pwrite64(31</tmp/TestMixedWorkflowsRecoverFromFourServerFaults874006668/001/node-1/jetstream/$SYS/_js_/S-R3F-OEyp3t6z/msgs/2.blk>, "\3\1\0\0\r\0\0\0\0\0\0\0\222\304\6\220\26R\332\30\0\0000WED9nmv\2\0"..., 259, 3284 <unfinished ...>
3315  1790834058.701771 <... pwrite64 resumed>) = 148 (DELAYED) <0.025026>
3315  1790834058.705703 pwrite64(22</tmp/TestMixedWorkflowsRecoverFromFourServerFaults874006668/001/node-1/jetstream/$G/streams/WF_RUN/msgs/1.blk>, "\36\0\0\0M\0\0\0\0\0\0@G_0v\26R\332\30\0\0\370\206\254\307=\222\20\201\36\0"..., 60, 18115 <unfinished ...>
3321  1790834058.706972 <... pwrite64 resumed>) = 134 (DELAYED) <0.025023>
3285  1790834058.708523 newfstatat(AT_FDCWD</home/runner/work/js-wf/js-wf/integration>, "/tmp/TestMixedWorkflowsRecoverFromFourServerFaults874006668/001/node-1/jetstream/$G/streams/WF_RUN/obs/WF_P_18/o.dat", {st_mode=S_IFREG|0600, st_size=16, ...}, AT_SYMLINK_NOFOLLOW) = 0 <0.000029>
3285  1790834058.708621 renameat(AT_FDCWD</home/runner/work/js-wf/js-wf/integration>, "/tmp/TestMixedWorkflowsRecoverFromFourServerFaults874006668/001/node-1/jetstream/$G/streams/WF_RUN/obs/WF_P_18/o.dat.tmp", AT_FDCWD</home/runner/work/js-wf/js-wf/integration>, "/tmp/TestMixedWorkflowsRecoverFromFourServerFaults874006668/001/node-1/jetstream/$G/streams/WF_RUN/obs/WF_P_18/o.dat") = 0 <0.000166>
3317  1790834058.713938 <... pwrite64 resumed>) = 91 (DELAYED) <0.025019>
3317  1790834058.714185 pwrite64(41</tmp/TestMixedWorkflowsRecoverFromFourServerFaults874006668/001/node-1/jetstream/$SYS/_js_/C-R3F-U2k39UyT/msgs/1.blk>, "\241\0\0\0\27\0\0\0\0\0\0\0\364\210R\221\26R\332\30\0\0St9I6EVH\3\0"..., 161, 2522 <unfinished ...>
3314  1790834058.714558 <... pwrite64 resumed>) = 81 (DELAYED) <0.025028>
3314  1790834058.714715 pwrite64(45</tmp/TestMixedWorkflowsRecoverFromFourServerFaults874006668/001/node-1/jetstream/$SYS/_js_/C-R3F-Qi7jewV8/msgs/1.blk>, "l\0\0\0\20\0\0\0\0\0\0\0%\27\\\221\26R\332\30\0\0St9I6EVH\3\0"..., 108, 1642 <unfinished ...>
3317  1790834058.739789 <... pwrite64 resumed>) = 161 (DELAYED) <0.025573>
3315  1790834058.739826 <... pwrite64 resumed>) = 60 (DELAYED) <0.034090>
3314  1790834058.739844 <... pwrite64 resumed>) = 108 (DELAYED) <0.025109>
3317  1790834058.739863 --- SIGURG {si_signo=SIGURG, si_code=SI_TKILL, si_pid=3265, si_uid=1001} ---
3316  1790834058.739879 <... pwrite64 resumed>) = 259 (DELAYED) <0.047469>
3318  1790834058.739934 <... pwrite64 resumed>) = 288 (DELAYED) <0.050198>
3316  1790834058.740224 --- SIGURG {si_signo=SIGURG, si_code=SI_TKILL, si_pid=3265, si_uid=1001} ---
3315  1790834058.740364 pwrite64(21</tmp/TestMixedWorkflowsRecoverFromFourServerFaults874006668/001/node-1/jetstream/$SYS/_js_/S-R3F-G9FrvoEG/msgs/2.blk>, "\224\0\0\0J\0\0\0\0\0\0\0\327\330\342\222\26R\332\30\0\0St9I6EVH\3\0"..., 148, 25691 <unfinished ...>
3316  1790834058.742144 pwrite64(41</tmp/TestMixedWorkflowsRecoverFromFourServerFaults874006668/001/node-1/jetstream/$SYS/_js_/C-R3F-U2k39UyT/msgs/1.blk>, "Q\0\0\0\30\0\0\0\0\0\0\0\224T\376\222\26R\332\30\0\0St9I6EVH\3\0"..., 81, 2683 <unfinished ...>
3319  1790834058.742782 pwrite64(42</tmp/TestMixedWorkflowsRecoverFromFourServerFaults874006668/001/node-1/jetstream/$SYS/_js_/C-R3F-Fspi1V4u/msgs/1.blk>, "l\0\0\0\21\0\0\0\0\0\0\0\3417\10\223\26R\332\30\0\0St9I6EVH\2\0"..., 108, 1769 <unfinished ...>
3318  1790834058.742870 pwrite64(30</tmp/TestMixedWorkflowsRecoverFromFourServerFaults874006668/001/node-1/jetstream/$G/streams/KV_WF_LEASE/msgs/1.blk>, "\215\0\0\200i\1\0\0\0\0\0\0G\320\337\222\26R\332\30\"\0$KV.WF_LEA"..., 423, 59415 <unfinished ...>
3317  1790834058.742931 pwrite64(48</tmp/TestMixedWorkflowsRecoverFromFourServerFaults874006668/001/node-1/jetstream/$SYS/_js_/C-R3F-BJrVOQpv/msgs/1.blk>, "Q\0\0\0\17\0\0\0\0\0\0\0\301\233\n\223\26R\332\30\0\0St9I6EVH\3\0"..., 81, 1561 <unfinished ...>
3314  1790834058.743300 pwrite64(32</tmp/TestMixedWorkflowsRecoverFromFourServerFaults874006668/001/node-1/jetstream/$G/streams/KV_WF_STATE/msgs/1.blk>, "\225\0\0\200\v\0\0\0\0\0\0\0[\277\371\214\26R\332\30\"\0$KV.WF_STA"..., 447, 1670 <unfinished ...>
3321  1790834058.746710 newfstatat(AT_FDCWD</home/runner/work/js-wf/js-wf/integration>, "/tmp/TestMixedWorkflowsRecoverFromFourServerFaults874006668/001/node-1/jetstream/$G/streams/WF_RUN/obs/WF_P_28/o.dat", {st_mode=S_IFREG|0600, st_size=21, ...}, AT_SYMLINK_NOFOLLOW) = 0 <0.000025>
3321  1790834058.746816 renameat(AT_FDCWD</home/runner/work/js-wf/js-wf/integration>, "/tmp/TestMixedWorkflowsRecoverFromFourServerFaults874006668/001/node-1/jetstream/$G/streams/WF_RUN/obs/WF_P_28/o.dat.tmp", AT_FDCWD</home/runner/work/js-wf/js-wf/integration>, "/tmp/TestMixedWorkflowsRecoverFromFourServerFaults874006668/001/node-1/jetstream/$G/streams/WF_RUN/obs/WF_P_28/o.dat" <unfinished ...>
3320  1790834058.746844 newfstatat(AT_FDCWD</home/runner/work/js-wf/js-wf/integration>, "/tmp/TestMixedWorkflowsRecoverFromFourServerFaults874006668/001/node-1/jetstream/$G/streams/WF_RUN/obs/WF_P_26/o.dat", {st_mode=S_IFREG|0600, st_size=30, ...}, AT_SYMLINK_NOFOLLOW) = 0 <0.000035>
3320  1790834058.746943 renameat(AT_FDCWD</home/runner/work/js-wf/js-wf/integration>, "/tmp/TestMixedWorkflowsRecoverFromFourServerFaults874006668/001/node-1/jetstream/$G/streams/WF_RUN/obs/WF_P_26/o.dat.tmp", AT_FDCWD</home/runner/work/js-wf/js-wf/integration>, "/tmp/TestMixedWorkflowsRecoverFromFourServerFaults874006668/001/node-1/jetstream/$G/streams/WF_RUN/obs/WF_P_26/o.dat" <unfinished ...>
3321  1790834058.747045 <... renameat resumed>) = 0 <0.000205>
3320  1790834058.747136 <... renameat resumed>) = 0 <0.000173>
3285  1790834058.753396 newfstatat(AT_FDCWD</home/runner/work/js-wf/js-wf/integration>, "/tmp/TestMixedWorkflowsRecoverFromFourServerFaults874006668/001/node-1/jetstream/$G/streams/WF_RUN/obs/WF_P_10/o.dat", {st_mode=S_IFREG|0600, st_size=18, ...}, AT_SYMLINK_NOFOLLOW) = 0 <0.000030>
3285  1790834058.753496 renameat(AT_FDCWD</home/runner/work/js-wf/js-wf/integration>, "/tmp/TestMixedWorkflowsRecoverFromFourServerFaults874006668/001/node-1/jetstream/$G/streams/WF_RUN/obs/WF_P_10/o.dat.tmp", AT_FDCWD</home/runner/work/js-wf/js-wf/integration>, "/tmp/TestMixedWorkflowsRecoverFromFourServerFaults874006668/001/node-1/jetstream/$G/streams/WF_RUN/obs/WF_P_10/o.dat") = 0 <0.000201>
3320  1790834058.756842 --- SIGURG {si_signo=SIGURG, si_code=SI_TKILL, si_pid=3265, si_uid=1001} ---
3320  1790834058.761704 newfstatat(AT_FDCWD</home/runner/work/js-wf/js-wf/integration>, "/tmp/TestMixedWorkflowsRecoverFromFourServerFaults874006668/001/node-1/jetstream/$SYS/_js_/S-R3F-8R4inAao/tav.idx", {st_mode=S_IFREG|0600, st_size=16, ...}, 0) = 0 <0.000026>
3320  1790834058.762903 newfstatat(AT_FDCWD</home/runner/work/js-wf/js-wf/integration>, "/tmp/TestMixedWorkflowsRecoverFromFourServerFaults874006668/001/node-1/jetstream/$SYS/_js_/S-R3F-8R4inAao/tav.idx", {st_mode=S_IFREG|0600, st_size=16, ...}, AT_SYMLINK_NOFOLLOW) = 0 <0.000028>
3320  1790834058.762997 renameat(AT_FDCWD</home/runner/work/js-wf/js-wf/integration>, "/tmp/TestMixedWorkflowsRecoverFromFourServerFaults874006668/001/node-1/jetstream/$SYS/_js_/S-R3F-8R4inAao/tav.idx.tmp", AT_FDCWD</home/runner/work/js-wf/js-wf/integration>, "/tmp/TestMixedWorkflowsRecoverFromFourServerFaults874006668/001/node-1/jetstream/$SYS/_js_/S-R3F-8R4inAao/tav.idx") = 0 <0.000140>
3320  1790834058.763780 newfstatat(AT_FDCWD</home/runner/work/js-wf/js-wf/integration>, "/tmp/TestMixedWorkflowsRecoverFromFourServerFaults874006668/001/node-1/jetstream/$SYS/_js_/S-R3F-8R4inAao/tav.idx", {st_mode=S_IFREG|0600, st_size=8, ...}, 0) = 0 <0.000023>
3320  1790834058.764553 newfstatat(AT_FDCWD</home/runner/work/js-wf/js-wf/integration>, "/tmp/TestMixedWorkflowsRecoverFromFourServerFaults874006668/001/node-1/jetstream/$SYS/_js_/S-R3F-8R4inAao/tav.idx", {st_mode=S_IFREG|0600, st_size=8, ...}, AT_SYMLINK_NOFOLLOW) = 0 <0.000040>
3320  1790834058.764664 renameat(AT_FDCWD</home/runner/work/js-wf/js-wf/integration>, "/tmp/TestMixedWorkflowsRecoverFromFourServerFaults874006668/001/node-1/jetstream/$SYS/_js_/S-R3F-8R4inAao/tav.idx.tmp", AT_FDCWD</home/runner/work/js-wf/js-wf/integration>, "/tmp/TestMixedWorkflowsRecoverFromFourServerFaults874006668/001/node-1/jetstream/$SYS/_js_/S-R3F-8R4inAao/tav.idx") = 0 <0.000133>
3315  1790834058.765483 <... pwrite64 resumed>) = 148 (DELAYED) <0.025078>
3315  1790834058.765650 pwrite64(21</tmp/TestMixedWorkflowsRecoverFromFourServerFaults874006668/001/node-1/jetstream/$SYS/_js_/S-R3F-G9FrvoEG/msgs/2.blk>, "\224\0\0\0K\0\0\0\0\0\0\0^Je\224\26R\332\30\0\0St9I6EVH\3\0"..., 148, 25839 <unfinished ...>
3316  1790834058.767225 <... pwrite64 resumed>) = 81 (DELAYED) <0.025049>
3316  1790834058.767357 pwrite64(41</tmp/TestMixedWorkflowsRecoverFromFourServerFaults874006668/001/node-1/jetstream/$SYS/_js_/C-R3F-U2k39UyT/msgs/1.blk>, "\241\0\0\0\31\0\0\0\0\0\0\0gd\177\224\26R\332\30\0\0St9I6EVH\3\0"..., 161, 2764 <unfinished ...>
3286  1790834058.767499 fstat(37</tmp/TestMixedWorkflowsRecoverFromFourServerFaults874006668/001/node-1/jetstream/$SYS/_js_/S-R3F-8R4inAao/msgs/1.blk>, {st_mode=S_IFREG|0600, st_size=112, ...}) = 0 <0.000029>
3286  1790834058.767602 lseek(37</tmp/TestMixedWorkflowsRecoverFromFourServerFaults874006668/001/node-1/jetstream/$SYS/_js_/S-R3F-8R4inAao/msgs/1.blk>, 0, SEEK_SET) = 0 <0.000032>
3286  1790834058.767701 fstat(37</tmp/TestMixedWorkflowsRecoverFromFourServerFaults874006668/001/node-1/jetstream/$SYS/_js_/S-R3F-8R4inAao/msgs/1.blk>, {st_mode=S_IFREG|0600, st_size=112, ...}) = 0 <0.000020>
3286  1790834058.767840 read(37</tmp/TestMixedWorkflowsRecoverFromFourServerFaults874006668/001/node-1/jetstream/$SYS/_js_/S-R3F-8R4inAao/msgs/1.blk>,  <unfinished ...>
3319  1790834058.767889 <... pwrite64 resumed>) = 108 (DELAYED) <0.025056>
3286  1790834058.767926 <... read resumed>"p\0\0\0\1\0\0\0\0\0\0\0Rf\341\23\23R\332\30\0\0000m6vARoZ\1\0"..., 112) = 112 <0.000065>
3319  1790834058.768005 pwrite64(42</tmp/TestMixedWorkflowsRecoverFromFourServerFaults874006668/001/node-1/jetstream/$SYS/_js_/C-R3F-Fspi1V4u/msgs/1.blk>, "\206\0\0\0\22\0\0\0\0\0\0\0W\232\210\224\26R\332\30\0\0St9I6EVH\2\0"..., 134, 1877 <unfinished ...>
3317  1790834058.768029 <... pwrite64 resumed>) = 81 (DELAYED) <0.025070>
3286  1790834058.768047 pwrite64(37</tmp/TestMixedWorkflowsRecoverFromFourServerFaults874006668/001/node-1/jetstream/$SYS/_js_/S-R3F-8R4inAao/msgs/1.blk>, "p\0\0\0\2\0\0\0\0\0\0\0002\n\201\224\26R\332\30\0\0St9I6EVH\3\0"..., 112, 112 <unfinished ...>
3318  1790834058.768070 <... pwrite64 resumed>) = 423 (DELAYED) <0.025173>
3317  1790834058.768314 pwrite64(48</tmp/TestMixedWorkflowsRecoverFromFourServerFaults874006668/001/node-1/jetstream/$SYS/_js_/C-R3F-BJrVOQpv/msgs/1.blk>, "l\0\0\0\20\0\0\0\0\0\0\0\37\235\215\224\26R\332\30\0\0St9I6EVH\3\0"..., 108, 1642 <unfinished ...>
3320  1790834058.769939 pwrite64(47</tmp/TestMixedWorkflowsRecoverFromFourServerFaults874006668/001/node-1/jetstream/$SYS/_js_/C-R3F-HvwsqB9S/msgs/1.blk>, "l\0\0\0\t\0\0\0\0\0\0\0\353\263\246\224\26R\332\30\0\0St9I6EVH\3\0"..., 108, 888 <unfinished ...>
3321  1790834058.776654 pwrite64(30</tmp/TestMixedWorkflowsRecoverFromFourServerFaults874006668/001/node-1/jetstream/$G/streams/KV_WF_LEASE/msgs/1.blk>, "\215\0\0\200l\1\0\0\0\0\0\0\307u\213\224\26R\332\30\"\0$KV.WF_LEA"..., 769, 59838 <unfinished ...>
3315  1790834058.793426 <... pwrite64 resumed>) = 148 (DELAYED) <0.027748>
3314  1790834058.793470 <... pwrite64 resumed>) = 447 (DELAYED) <0.050136>
3286  1790834058.793495 <... pwrite64 resumed>) = 112 (DELAYED) <0.025433>
3317  1790834058.793528 <... pwrite64 resumed>) = 108 (DELAYED) <0.025188>
3316  1790834058.793644 <... pwrite64 resumed>) = 161 (DELAYED) <0.026235>
3319  1790834058.793731 <... pwrite64 resumed>) = 134 (DELAYED) <0.025701>
3319  1790834058.793849 pwrite64(21</tmp/TestMixedWorkflowsRecoverFromFourServerFaults874006668/001/node-1/jetstream/$SYS/_js_/S-R3F-G9FrvoEG/msgs/2.blk>, "\337\0\0\0L\0\0\0\0\0\0\0kV\23\226\26R\332\30\0\0St9I6EVH\3\0"..., 223, 25987 <unfinished ...>
3317  1790834058.794743 newfstatat(AT_FDCWD</home/runner/work/js-wf/js-wf/integration>, "/tmp/TestMixedWorkflowsRecoverFromFourServerFaults874006668/001/node-1/jetstream/$G/streams/WF_RUN/obs/WF_P_43/o.dat", {st_mode=S_IFREG|0600, st_size=21, ...}, AT_SYMLINK_NOFOLLOW) = 0 <0.000038>
3317  1790834058.794866 renameat(AT_FDCWD</home/runner/work/js-wf/js-wf/integration>, "/tmp/TestMixedWorkflowsRecoverFromFourServerFaults874006668/001/node-1/jetstream/$G/streams/WF_RUN/obs/WF_P_43/o.dat.tmp", AT_FDCWD</home/runner/work/js-wf/js-wf/integration>, "/tmp/TestMixedWorkflowsRecoverFromFourServerFaults874006668/001/node-1/jetstream/$G/streams/WF_RUN/obs/WF_P_43/o.dat" <unfinished ...>
3315  1790834058.794907 pwrite64(22</tmp/TestMixedWorkflowsRecoverFromFourServerFaults874006668/001/node-1/jetstream/$G/streams/WF_RUN/msgs/1.blk>, "\36\0\0\0006\0\0\0\0\0\0@'a\241{\25R\332\30\0\0002\3\226@\210'\310\312", 30, 18175 <unfinished ...>
3320  1790834058.795008 <... pwrite64 resumed>) = 108 (DELAYED) <0.025041>
3320  1790834058.795125 pwrite64(47</tmp/TestMixedWorkflowsRecoverFromFourServerFaults874006668/001/node-1/jetstream/$SYS/_js_/C-R3F-HvwsqB9S/msgs/1.blk>, "_\0\0\0\n\0\0\0\0\0\0\0\330\216&\226\26R\332\30\0\0St9I6EVH\3\0"..., 95, 996 <unfinished ...>
3317  1790834058.795158 <... renameat resumed>) = 0 <0.000266>
3288  1790834058.796160 newfstatat(AT_FDCWD</home/runner/work/js-wf/js-wf/integration>, "/tmp/TestMixedWorkflowsRecoverFromFourServerFaults874006668/001/node-1/jetstream/$G/streams/WF_RUN/obs/WF_P_00/o.dat", {st_mode=S_IFREG|0600, st_size=16, ...}, AT_SYMLINK_NOFOLLOW) = 0 <0.000034>
3288  1790834058.796311 renameat(AT_FDCWD</home/runner/work/js-wf/js-wf/integration>, "/tmp/TestMixedWorkflowsRecoverFromFourServerFaults874006668/001/node-1/jetstream/$G/streams/WF_RUN/obs/WF_P_00/o.dat.tmp", AT_FDCWD</home/runner/work/js-wf/js-wf/integration>, "/tmp/TestMixedWorkflowsRecoverFromFourServerFaults874006668/001/node-1/jetstream/$G/streams/WF_RUN/obs/WF_P_00/o.dat") = 0 <0.000423>
3271  1790834058.799913 close(37</tmp/TestMixedWorkflowsRecoverFromFourServerFaults874006668/001/node-1/jetstream/$SYS/_js_/S-R3F-8R4inAao/msgs/1.blk>) = 0 <0.000027>
3321  1790834058.801733 <... pwrite64 resumed>) = 769 (DELAYED) <0.025040>
3286  1790834058.803959 pwrite64(41</tmp/TestMixedWorkflowsRecoverFromFourServerFaults874006668/001/node-1/jetstream/$SYS/_js_/C-R3F-U2k39UyT/msgs/1.blk>, "l\0\0\0\32\0\0\0\0\0\0\0M\226\255\226\26R\332\30\0\0St9I6EVH\3\0"..., 108, 2925 <unfinished ...>
3271  1790834058.810116 newfstatat(AT_FDCWD</home/runner/work/js-wf/js-wf/integration>, "/tmp/TestMixedWorkflowsRecoverFromFourServerFaults874006668/001/node-1/jetstream/$G/streams/WF_RUN/obs/WF_P_18/o.dat", {st_mode=S_IFREG|0600, st_size=8, ...}, AT_SYMLINK_NOFOLLOW) = 0 <0.000055>
3271  1790834058.810278 renameat(AT_FDCWD</home/runner/work/js-wf/js-wf/integration>, "/tmp/TestMixedWorkflowsRecoverFromFourServerFaults874006668/001/node-1/jetstream/$G/streams/WF_RUN/obs/WF_P_18/o.dat.tmp", AT_FDCWD</home/runner/work/js-wf/js-wf/integration>, "/tmp/TestMixedWorkflowsRecoverFromFourServerFaults874006668/001/node-1/jetstream/$G/streams/WF_RUN/obs/WF_P_18/o.dat") = 0 <0.000234>
3285  1790834058.814605 pwrite64(39</tmp/TestMixedWorkflowsRecoverFromFourServerFaults874006668/001/node-1/jetstream/$SYS/_js_/C-R3F-7OjMKAQS/msgs/1.blk>, "t\0\0\0\22\0\0\0\0\0\0\0VfP\227\26R\332\30\0\0St9I6EVH\3\0"..., 116, 1842 <unfinished ...>
3271  1790834058.814695 pwrite64(30</tmp/TestMixedWorkflowsRecoverFromFourServerFaults874006668/001/node-1/jetstream/$G/streams/KV_WF_LEASE/msgs/1.blk>, "\215\0\0\200q\1\0\0\0\0\0\0e\v6\227\26R\332\30\"\0$KV.WF_LEA"..., 141, 60607 <unfinished ...>
3319  1790834058.818970 <... pwrite64 resumed>) = 223 (DELAYED) <0.025086>
3315  1790834058.819990 <... pwrite64 resumed>) = 30 (DELAYED) <0.025065>
3320  1790834058.820191 <... pwrite64 resumed>) = 95 (DELAYED) <0.025032>
3319  1790834058.820219 pwrite64(21</tmp/TestMixedWorkflowsRecoverFromFourServerFaults874006668/001/node-1/jetstream/$SYS/_js_/S-R3F-G9FrvoEG/msgs/2.blk>, "\224\0\0\0M\0\0\0\0\0\0\0\4\333\245\227\26R\332\30\0\0St9I6EVH\3\0"..., 148, 26210 <unfinished ...>
3317  1790834058.821566 pwrite64(22</tmp/TestMixedWorkflowsRecoverFromFourServerFaults874006668/001/node-1/jetstream/$G/streams/WF_RUN/msgs/1.blk>, "\36\0\0\0P\0\0\0\0\0\0@\242\322\366w\26R\332\30\0\0M\353\3724\205\5R\\", 30, 18205 <unfinished ...>
3315  1790834058.821766 newfstatat(AT_FDCWD</home/runner/work/js-wf/js-wf/integration>, "/tmp/TestMixedWorkflowsRecoverFromFourServerFaults874006668/001/node-1/jetstream/$G/streams/WF_RUN/obs/WF_P_48/o.dat", {st_mode=S_IFREG|0600, st_size=19, ...}, AT_SYMLINK_NOFOLLOW) = 0 <0.000024>
3315  1790834058.821852 renameat(AT_FDCWD</home/runner/work/js-wf/js-wf/integration>, "/tmp/TestMixedWorkflowsRecoverFromFourServerFaults874006668/001/node-1/jetstream/$G/streams/WF_RUN/obs/WF_P_48/o.dat.tmp", AT_FDCWD</home/runner/work/js-wf/js-wf/integration>, "/tmp/TestMixedWorkflowsRecoverFromFourServerFaults874006668/001/node-1/jetstream/$G/streams/WF_RUN/obs/WF_P_48/o.dat") = 0 <0.000190>
3286  1790834058.829008 <... pwrite64 resumed>) = 108 (DELAYED) <0.025010>
3286  1790834058.829158 pwrite64(41</tmp/TestMixedWorkflowsRecoverFromFourServerFaults874006668/001/node-1/jetstream/$SYS/_js_/C-R3F-U2k39UyT/msgs/1.blk>, "\220\0\0\0\33\0\0\0\0\0\0\0\1U.\230\26R\332\30\0\0St9I6EVH\3\0"..., 144, 3033 <unfinished ...>
3285  1790834058.839681 <... pwrite64 resumed>) = 116 (DELAYED) <0.025039>
3271  1790834058.839815 <... pwrite64 resumed>) = 141 (DELAYED) <0.025100>
3285  1790834058.839928 pwrite64(39</tmp/TestMixedWorkflowsRecoverFromFourServerFaults874006668/001/node-1/jetstream/$SYS/_js_/C-R3F-7OjMKAQS/msgs/1.blk>, "~\0\0\0\23\0\0\0\0\0\0\0\226\322\322\230\26R\332\30\0\0St9I6EVH\3\0"..., 126, 1958 <unfinished ...>
3320  1790834058.841039 pwrite64(30</tmp/TestMixedWorkflowsRecoverFromFourServerFaults874006668/001/node-1/jetstream/$G/streams/KV_WF_LEASE/msgs/1.blk>, "\215\0\0\200r\1\0\0\0\0\0\0J\25P\227\26R\332\30\"\0$KV.WF_LEA"..., 141, 60748 <unfinished ...>
3319  1790834058.845300 <... pwrite64 resumed>) = 148 (DELAYED) <0.025061>
3319  1790834058.845475 pwrite64(21</tmp/TestMixedWorkflowsRecoverFromFourServerFaults874006668/001/node-1/jetstream/$SYS/_js_/S-R3F-G9FrvoEG/msgs/2.blk>, "\224\0\0\0N\0\0\0\0\0\0\0\21X'\231\26R\332\30\0\0St9I6EVH\3\0"..., 148, 26358 <unfinished ...>
3317  1790834058.846621 <... pwrite64 resumed>) = 30 (DELAYED) <0.025028>
3321  1790834058.848800 newfstatat(AT_FDCWD</home/runner/work/js-wf/js-wf/integration>, "/tmp/TestMixedWorkflowsRecoverFromFourServerFaults874006668/001/node-1/jetstream/$G/streams/WF_RUN/obs/WF_P_26/o.dat", {st_mode=S_IFREG|0600, st_size=33, ...}, AT_SYMLINK_NOFOLLOW) = 0 <0.000035>
3321  1790834058.848894 renameat(AT_FDCWD</home/runner/work/js-wf/js-wf/integration>, "/tmp/TestMixedWorkflowsRecoverFromFourServerFaults874006668/001/node-1/jetstream/$G/streams/WF_RUN/obs/WF_P_26/o.dat.tmp", AT_FDCWD</home/runner/work/js-wf/js-wf/integration>, "/tmp/TestMixedWorkflowsRecoverFromFourServerFaults874006668/001/node-1/jetstream/$G/streams/WF_RUN/obs/WF_P_26/o.dat") = 0 <0.000201>
3288  1790834058.850905 pwrite64(22</tmp/TestMixedWorkflowsRecoverFromFourServerFaults874006668/001/node-1/jetstream/$G/streams/WF_RUN/msgs/1.blk>, "\36\0\0\0R\0\0\0\0\0\0@\177\34oy\26R\332\30\0\0f\351]\236\22Np\337\36\0"..., 60, 18235 <unfinished ...>
3286  1790834058.854219 <... pwrite64 resumed>) = 144 (DELAYED) <0.025036>
3286  1790834058.854470 pwrite64(41</tmp/TestMixedWorkflowsRecoverFromFourServerFaults874006668/001/node-1/jetstream/$SYS/_js_/C-R3F-U2k39UyT/msgs/1.blk>, "\251\0\0\0\34\0\0\0\0\0\0\0\343I\260\231\26R\332\30\0\0St9I6EVH\3\0"..., 169, 3177 <unfinished ...>
3285  1790834058.864979 <... pwrite64 resumed>) = 126 (DELAYED) <0.025022>
3320  1790834058.866093 <... pwrite64 resumed>) = 141 (DELAYED) <0.025029>
3317  1790834058.868179 pwrite64(30</tmp/TestMixedWorkflowsRecoverFromFourServerFaults874006668/001/node-1/jetstream/$G/streams/KV_WF_LEASE/msgs/1.blk>, "\252\0\0\200s\1\0\0\0\0\0\0\360\244d\232\26R\332\30?\0$KV.WF_LEA"..., 340, 60889 <unfinished ...>
3319  1790834058.870569 <... pwrite64 resumed>) = 148 (DELAYED) <0.025069>
3271  1790834058.870777 newfstatat(AT_FDCWD</home/runner/work/js-wf/js-wf/integration>, "/tmp/TestMixedWorkflowsRecoverFromFourServerFaults874006668/001/node-1/jetstream/$SYS/_js_/S-R3F-V0pvYgBW/tav.idx", {st_mode=S_IFREG|0600, st_size=16, ...}, 0) = 0 <0.000035>
3271  1790834058.872414 newfstatat(AT_FDCWD</home/runner/work/js-wf/js-wf/integration>, "/tmp/TestMixedWorkflowsRecoverFromFourServerFaults874006668/001/node-1/jetstream/$SYS/_js_/S-R3F-V0pvYgBW/tav.idx", {st_mode=S_IFREG|0600, st_size=16, ...}, AT_SYMLINK_NOFOLLOW) = 0 <0.000031>
3271  1790834058.872517 renameat(AT_FDCWD</home/runner/work/js-wf/js-wf/integration>, "/tmp/TestMixedWorkflowsRecoverFromFourServerFaults874006668/001/node-1/jetstream/$SYS/_js_/S-R3F-V0pvYgBW/tav.idx.tmp", AT_FDCWD</home/runner/work/js-wf/js-wf/integration>, "/tmp/TestMixedWorkflowsRecoverFromFourServerFaults874006668/001/node-1/jetstream/$SYS/_js_/S-R3F-V0pvYgBW/tav.idx") = 0 <0.000490>
3271  1790834058.873796 newfstatat(AT_FDCWD</home/runner/work/js-wf/js-wf/integration>, "/tmp/TestMixedWorkflowsRecoverFromFourServerFaults874006668/001/node-1/jetstream/$SYS/_js_/S-R3F-V0pvYgBW/tav.idx", {st_mode=S_IFREG|0600, st_size=8, ...}, 0) = 0 <0.000036>
3271  1790834058.874984 newfstatat(AT_FDCWD</home/runner/work/js-wf/js-wf/integration>, "/tmp/TestMixedWorkflowsRecoverFromFourServerFaults874006668/001/node-1/jetstream/$SYS/_js_/S-R3F-V0pvYgBW/tav.idx", {st_mode=S_IFREG|0600, st_size=8, ...}, AT_SYMLINK_NOFOLLOW) = 0 <0.000035>
3271  1790834058.875082 renameat(AT_FDCWD</home/runner/work/js-wf/js-wf/integration>, "/tmp/TestMixedWorkflowsRecoverFromFourServerFaults874006668/001/node-1/jetstream/$SYS/_js_/S-R3F-V0pvYgBW/tav.idx.tmp", AT_FDCWD</home/runner/work/js-wf/js-wf/integration>, "/tmp/TestMixedWorkflowsRecoverFromFourServerFaults874006668/001/node-1/jetstream/$SYS/_js_/S-R3F-V0pvYgBW/tav.idx") = 0 <0.000141>
3288  1790834058.875994 <... pwrite64 resumed>) = 60 (DELAYED) <0.025064>
3288  1790834058.876407 pwrite64(21</tmp/TestMixedWorkflowsRecoverFromFourServerFaults874006668/001/node-1/jetstream/$SYS/_js_/S-R3F-G9FrvoEG/msgs/2.blk>, "\224\0\0\0O\0\0\0\0\0\0\0\317\33\377\232\26R\332\30\0\0St9I6EVH\3\0"..., 148, 26506 <unfinished ...>
3271  1790834058.877619 pwrite64(22</tmp/TestMixedWorkflowsRecoverFromFourServerFaults874006668/001/node-1/jetstream/$G/streams/WF_RUN/msgs/1.blk>, "\36\0\0\0<\0\0\0\0\0\0@\242\34\243{\25R\332\30\0\0i\3M\20\313\25Nl", 30, 18295 <unfinished ...>
3286  1790834058.879524 <... pwrite64 resumed>) = 169 (DELAYED) <0.025012>
3285  1790834058.880712 fstat(25</tmp/TestMixedWorkflowsRecoverFromFourServerFaults874006668/001/node-1/jetstream/$SYS/_js_/S-R3F-V0pvYgBW/msgs/1.blk>, {st_mode=S_IFREG|0600, st_size=112, ...}) = 0 <0.000051>
3285  1790834058.880838 lseek(25</tmp/TestMixedWorkflowsRecoverFromFourServerFaults874006668/001/node-1/jetstream/$SYS/_js_/S-R3F-V0pvYgBW/msgs/1.blk>, 0, SEEK_SET) = 0 <0.000015>
3285  1790834058.880907 fstat(25</tmp/TestMixedWorkflowsRecoverFromFourServerFaults874006668/001/node-1/jetstream/$SYS/_js_/S-R3F-V0pvYgBW/msgs/1.blk>, {st_mode=S_IFREG|0600, st_size=112, ...}) = 0 <0.000024>
3285  1790834058.881031 read(25</tmp/TestMixedWorkflowsRecoverFromFourServerFaults874006668/001/node-1/jetstream/$SYS/_js_/S-R3F-V0pvYgBW/msgs/1.blk>, "p\0\0\0\1\0\0\0\0\0\0\0\2\2222\376\22R\332\30\0\0000m6vARoZ\1\0"..., 112) = 112 <0.000027>
3285  1790834058.881121 pwrite64(25</tmp/TestMixedWorkflowsRecoverFromFourServerFaults874006668/001/node-1/jetstream/$SYS/_js_/S-R3F-V0pvYgBW/msgs/1.blk>, "p\0\0\0\2\0\0\0\0\0\0\0\354\233@\233\26R\332\30\0\0St9I6EVH\3\0"..., 112, 112 <unfinished ...>
3319  1790834058.891490 --- SIGURG {si_signo=SIGURG, si_code=SI_TKILL, si_pid=3265, si_uid=1001} ---
3317  1790834058.893235 <... pwrite64 resumed>) = 340 (DELAYED) <0.025019>
3286  1790834058.898468 newfstatat(AT_FDCWD</home/runner/work/js-wf/js-wf/integration>, "/tmp/TestMixedWorkflowsRecoverFromFourServerFaults874006668/001/node-1/jetstream/$G/streams/WF_RUN/obs/WF_P_00/o.dat", {st_mode=S_IFREG|0600, st_size=8, ...}, AT_SYMLINK_NOFOLLOW) = 0 <0.000038>
3286  1790834058.898621 renameat(AT_FDCWD</home/runner/work/js-wf/js-wf/integration>, "/tmp/TestMixedWorkflowsRecoverFromFourServerFaults874006668/001/node-1/jetstream/$G/streams/WF_RUN/obs/WF_P_00/o.dat.tmp", AT_FDCWD</home/runner/work/js-wf/js-wf/integration>, "/tmp/TestMixedWorkflowsRecoverFromFourServerFaults874006668/001/node-1/jetstream/$G/streams/WF_RUN/obs/WF_P_00/o.dat") = 0 <0.000240>
3288  1790834058.901557 <... pwrite64 resumed>) = 148 (DELAYED) <0.025120>
3271  1790834058.902671 <... pwrite64 resumed>) = 30 (DELAYED) <0.025002>
3315  1790834058.902815 pwrite64(21</tmp/TestMixedWorkflowsRecoverFromFourServerFaults874006668/001/node-1/jetstream/$SYS/_js_/S-R3F-G9FrvoEG/msgs/2.blk>, "\224\0\0\0P\0\0\0\0\0\0\0\320=\222\234\26R\332\30\0\0St9I6EVH\3\0"..., 148, 26654 <unfinished ...>
3317  1790834058.903928 pwrite64(22</tmp/TestMixedWorkflowsRecoverFromFourServerFaults874006668/001/node-1/jetstream/$G/streams/WF_RUN/msgs/1.blk>, "\36\0\0\0Q\0\0\0\0\0\0@\301\315ny\26R\332\30\0\0N\311Ax\255\275Kl", 30, 18325 <unfinished ...>
3285  1790834058.906211 <... pwrite64 resumed>) = 112 (DELAYED) <0.025056>
3286  1790834058.908748 pwrite64(41</tmp/TestMixedWorkflowsRecoverFromFourServerFaults874006668/001/node-1/jetstream/$SYS/_js_/C-R3F-U2k39UyT/msgs/1.blk>, "l\0\0\0\35\0\0\0\0\0\0\0\16N\354\234\26R\332\30\0\0St9I6EVH\3\0"..., 108, 3346 <unfinished ...>
3320  1790834058.909658 pwrite64(30</tmp/TestMixedWorkflowsRecoverFromFourServerFaults874006668/001/node-1/jetstream/$G/streams/KV_WF_LEASE/msgs/1.blk>, "\234\0\0\200u\1\0\0\0\0\0\0\357\332p\232\26R\332\30\"\0$KV.WF_LEA"..., 1316, 61229 <unfinished ...>
3288  1790834058.910950 close(25</tmp/TestMixedWorkflowsRecoverFromFourServerFaults874006668/001/node-1/jetstream/$SYS/_js_/S-R3F-V0pvYgBW/msgs/1.blk>) = 0 <0.000050>
3321  1790834058.911481 newfstatat(AT_FDCWD</home/runner/work/js-wf/js-wf/integration>, "/tmp/TestMixedWorkflowsRecoverFromFourServerFaults874006668/001/node-1/jetstream/$G/streams/WF_RUN/obs/WF_P_18/o.dat", {st_mode=S_IFREG|0600, st_size=16, ...}, AT_SYMLINK_NOFOLLOW) = 0 <0.000065>
3321  1790834058.911773 renameat(AT_FDCWD</home/runner/work/js-wf/js-wf/integration>, "/tmp/TestMixedWorkflowsRecoverFromFourServerFaults874006668/001/node-1/jetstream/$G/streams/WF_RUN/obs/WF_P_18/o.dat.tmp", AT_FDCWD</home/runner/work/js-wf/js-wf/integration>, "/tmp/TestMixedWorkflowsRecoverFromFourServerFaults874006668/001/node-1/jetstream/$G/streams/WF_RUN/obs/WF_P_18/o.dat") = 0 <0.000315>
3288  1790834058.916631 fstat(26</tmp/TestMixedWorkflowsRecoverFromFourServerFaults874006668/001/node-1/jetstream/$G/streams/WF_SIG/msgs/1.blk>, {st_mode=S_IFREG|0600, st_size=0, ...}) = 0 <0.000025>
3288  1790834058.916738 lseek(26</tmp/TestMixedWorkflowsRecoverFromFourServerFaults874006668/001/node-1/jetstream/$G/streams/WF_SIG/msgs/1.blk>, 0, SEEK_SET) = 0 <0.000123>
3288  1790834058.916954 fstat(26</tmp/TestMixedWorkflowsRecoverFromFourServerFaults874006668/001/node-1/jetstream/$G/streams/WF_SIG/msgs/1.blk>, {st_mode=S_IFREG|0600, st_size=0, ...}) = 0 <0.000053>
3271  1790834058.918742 pwrite64(26</tmp/TestMixedWorkflowsRecoverFromFourServerFaults874006668/001/node-1/jetstream/$G/streams/WF_SIG/msgs/1.blk>, "\200\1\0\200\1\0\0\0\0\0\0\0\211#H\235\26R\332\30<\0wf.sig.mix"..., 384, 0 <unfinished ...>
3288  1790834058.923109 newfstatat(AT_FDCWD</home/runner/work/js-wf/js-wf/integration>, "/tmp/TestMixedWorkflowsRecoverFromFourServerFaults874006668/001/node-1/jetstream/$G/streams/WF_RUN/obs/WF_P_48/o.dat", {st_mode=S_IFREG|0600, st_size=16, ...}, AT_SYMLINK_NOFOLLOW) = 0 <0.000078>
3288  1790834058.923285 renameat(AT_FDCWD</home/runner/work/js-wf/js-wf/integration>, "/tmp/TestMixedWorkflowsRecoverFromFourServerFaults874006668/001/node-1/jetstream/$G/streams/WF_RUN/obs/WF_P_48/o.dat.tmp", AT_FDCWD</home/runner/work/js-wf/js-wf/integration>, "/tmp/TestMixedWorkflowsRecoverFromFourServerFaults874006668/001/node-1/jetstream/$G/streams/WF_RUN/obs/WF_P_48/o.dat") = 0 <0.002009>
3315  1790834058.927882 <... pwrite64 resumed>) = 148 (DELAYED) <0.025029>
3315  1790834058.927992 pwrite64(21</tmp/TestMixedWorkflowsRecoverFromFourServerFaults874006668/001/node-1/jetstream/$SYS/_js_/S-R3F-G9FrvoEG/msgs/2.blk>, "\360\0\0\0Q\0\0\0\0\0\0\0\260\36\22\236\26R\332\30\0\0St9I6EVH\3\0"..., 240, 26802 <unfinished ...>
3317  1790834058.929029 <... pwrite64 resumed>) = 30 (DELAYED) <0.025069>
3286  1790834058.933852 <... pwrite64 resumed>) = 108 (DELAYED) <0.025066>
3286  1790834058.934072 pwrite64(41</tmp/TestMixedWorkflowsRecoverFromFourServerFaults874006668/001/node-1/jetstream/$SYS/_js_/C-R3F-U2k39UyT/msgs/1.blk>, "\220\0\0\0\36\0\0\0\0\0\0\0\357!o\236\26R\332\30\0\0St9I6EVH\3\0"..., 144, 3454 <unfinished ...>
3320  1790834058.934790 <... pwrite64 resumed>) = 1316 (DELAYED) <0.025103>
3321  1790834058.939910 pwrite64(30</tmp/TestMixedWorkflowsRecoverFromFourServerFaults874006668/001/node-1/jetstream/$G/streams/KV_WF_LEASE/msgs/1.blk>, "\215\0\0\200}\1\0\0\0\0\0\0\223\335\242\236\26R\332\30\"\0$KV.WF_LEA"..., 141, 62545 <unfinished ...>
3271  1790834058.943828 <... pwrite64 resumed>) = 384 (DELAYED) <0.025048>
3317  1790834058.949846 newfstatat(AT_FDCWD</home/runner/work/js-wf/js-wf/integration>, "/tmp/TestMixedWorkflowsRecoverFromFourServerFaults874006668/001/node-1/jetstream/$G/streams/WF_RUN/obs/WF_P_26/o.dat", {st_mode=S_IFREG|0600, st_size=33, ...}, AT_SYMLINK_NOFOLLOW) = 0 <0.000033>
3317  1790834058.949948 renameat(AT_FDCWD</home/runner/work/js-wf/js-wf/integration>, "/tmp/TestMixedWorkflowsRecoverFromFourServerFaults874006668/001/node-1/jetstream/$G/streams/WF_RUN/obs/WF_P_26/o.dat.tmp", AT_FDCWD</home/runner/work/js-wf/js-wf/integration>, "/tmp/TestMixedWorkflowsRecoverFromFourServerFaults874006668/001/node-1/jetstream/$G/streams/WF_RUN/obs/WF_P_26/o.dat") = 0 <0.000145>
3315  1790834058.953047 <... pwrite64 resumed>) = 240 (DELAYED) <0.025026>
3315  1790834058.953381 --- SIGURG {si_signo=SIGURG, si_code=SI_TKILL, si_pid=3265, si_uid=1001} ---
3315  1790834058.957489 pwrite64(22</tmp/TestMixedWorkflowsRecoverFromFourServerFaults874006668/001/node-1/jetstream/$G/streams/WF_RUN/msgs/1.blk>, "\36\0\0\08\0\0\0\0\0\0@\233\347\242{\25R\332\30\0\0\333\303\266\253\32\277\227\317\36\0"..., 190, 18355 <unfinished ...>
3286  1790834058.959145 <... pwrite64 resumed>) = 144 (DELAYED) <0.025041>
3286  1790834058.959290 pwrite64(41</tmp/TestMixedWorkflowsRecoverFromFourServerFaults874006668/001/node-1/jetstream/$SYS/_js_/C-R3F-U2k39UyT/msgs/1.blk>, "t\0\0\0\37\0\0\0\0\0\0\0Z\357\357\237\26R\332\30\0\0St9I6EVH\3\0"..., 116, 3598 <unfinished ...>
3321  1790834058.964959 <... pwrite64 resumed>) = 141 (DELAYED) <0.025013>
3317  1790834058.966791 pwrite64(39</tmp/TestMixedWorkflowsRecoverFromFourServerFaults874006668/001/node-1/jetstream/$SYS/_js_/C-R3F-7OjMKAQS/msgs/1.blk>, "l\0\0\0\24\0\0\0\0\0\0\0\252\213b\240\26R\332\30\0\0St9I6EVH\3\0"..., 108, 2084 <unfinished ...>
3321  1790834058.967133 pwrite64(42</tmp/TestMixedWorkflowsRecoverFromFourServerFaults874006668/001/node-1/jetstream/$SYS/_js_/C-R3F-Fspi1V4u/msgs/1.blk>, "l\0\0\0\23\0\0\0\0\0\0\0\352'g\240\26R\332\30\0\0St9I6EVH\2\0"..., 108, 2011 <unfinished ...>
3320  1790834058.968057 pwrite64(30</tmp/TestMixedWorkflowsRecoverFromFourServerFaults874006668/001/node-1/jetstream/$G/streams/KV_WF_LEASE/msgs/1.blk>, "\215\0\0\200~\1\0\0\0\0\0\0\231\246H\240\26R\332\30\"\0$KV.WF_LEA"..., 452, 62686 <unfinished ...>
3315  1790834058.982560 <... pwrite64 resumed>) = 190 (DELAYED) <0.025038>
3315  1790834058.982838 pwrite64(21</tmp/TestMixedWorkflowsRecoverFromFourServerFaults874006668/001/node-1/jetstream/$SYS/_js_/S-R3F-G9FrvoEG/msgs/2.blk>, "\224\0\0\0R\0\0\0\0\0\0\0\352$W\241\26R\332\30\0\0St9I6EVH\3\0"..., 148, 27042 <unfinished ...>
3286  1790834058.984344 <... pwrite64 resumed>) = 116 (DELAYED) <0.025027>
3317  1790834058.991846 <... pwrite64 resumed>) = 108 (DELAYED) <0.025028>
3317  1790834058.992001 pwrite64(39</tmp/TestMixedWorkflowsRecoverFromFourServerFaults874006668/001/node-1/jetstream/$SYS/_js_/C-R3F-7OjMKAQS/msgs/1.blk>, "\206\0\0\0\25\0\0\0\0\0\0\0\375\35\343\241\26R\332\30\0\0St9I6EVH\3\0"..., 134, 2192 <unfinished ...>
3321  1790834058.992213 <... pwrite64 resumed>) = 108 (DELAYED) <0.025035>
3321  1790834058.992282 pwrite64(42</tmp/TestMixedWorkflowsRecoverFromFourServerFaults874006668/001/node-1/jetstream/$SYS/_js_/C-R3F-Fspi1V4u/msgs/1.blk>, "\206\0\0\0\24\0\0\0\0\0\0\0\214~\347\241\26R\332\30\0\0St9I6EVH\2\0"..., 134, 2119 <unfinished ...>
3320  1790834058.993122 <... pwrite64 resumed>) = 452 (DELAYED) <0.025033>
3288  1790834058.996290 pwrite64(30</tmp/TestMixedWorkflowsRecoverFromFourServerFaults874006668/001/node-1/jetstream/$G/streams/KV_WF_LEASE/msgs/1.blk>, "\271\0\0\200\201\1\0\0\0\0\0\0\224\307\4\242\26R\332\30?\0$KV.WF_LEA"..., 185, 63138 <unfinished ...>
3315  1790834059.007900 <... pwrite64 resumed>) = 148 (DELAYED) <0.025028>
3320  1790834059.008144 pwrite64(21</tmp/TestMixedWorkflowsRecoverFromFourServerFaults874006668/001/node-1/jetstream/$SYS/_js_/S-R3F-G9FrvoEG/msgs/2.blk>, "\224\0\0\0S\0\0\0\0\0\0\0D\214\331\242\26R\332\30\0\0St9I6EVH\3\0"..., 148, 27190 <unfinished ...>
3315  1790834059.008288 --- SIGURG {si_signo=SIGURG, si_code=SI_TKILL, si_pid=3265, si_uid=1001} ---
3315  1790834059.013425 newfstatat(AT_FDCWD</home/runner/work/js-wf/js-wf/integration>, "/tmp/TestMixedWorkflowsRecoverFromFourServerFaults874006668/001/node-1/jetstream/$G/streams/WF_RUN/obs/WF_P_18/o.dat", {st_mode=S_IFREG|0600, st_size=16, ...}, AT_SYMLINK_NOFOLLOW) = 0 <0.000034>
3315  1790834059.013518 renameat(AT_FDCWD</home/runner/work/js-wf/js-wf/integration>, "/tmp/TestMixedWorkflowsRecoverFromFourServerFaults874006668/001/node-1/jetstream/$G/streams/WF_RUN/obs/WF_P_18/o.dat.tmp", AT_FDCWD</home/runner/work/js-wf/js-wf/integration>, "/tmp/TestMixedWorkflowsRecoverFromFourServerFaults874006668/001/node-1/jetstream/$G/streams/WF_RUN/obs/WF_P_18/o.dat") = 0 <0.000167>
3319  1790834059.014294 pwrite64(26</tmp/TestMixedWorkflowsRecoverFromFourServerFaults874006668/001/node-1/jetstream/$G/streams/WF_SIG/msgs/1.blk>, "\363\0\0\200\2\0\0\0\0\0\0\0\373\353\23\243\26R\332\30 \0wf.sig.mix"..., 243, 384 <unfinished ...>
3317  1790834059.017060 <... pwrite64 resumed>) = 134 (DELAYED) <0.025034>
3321  1790834059.017380 <... pwrite64 resumed>) = 134 (DELAYED) <0.025073>
3315  1790834059.018813 newfstatat(AT_FDCWD</home/runner/work/js-wf/js-wf/integration>, "/tmp/TestMixedWorkflowsRecoverFromFourServerFaults874006668/001/node-1/jetstream/$G/streams/WF_RUN/obs/WF_P_00/o.dat", {st_mode=S_IFREG|0600, st_size=16, ...}, AT_SYMLINK_NOFOLLOW) = 0 <0.000034>
3315  1790834059.018907 renameat(AT_FDCWD</home/runner/work/js-wf/js-wf/integration>, "/tmp/TestMixedWorkflowsRecoverFromFourServerFaults874006668/001/node-1/jetstream/$G/streams/WF_RUN/obs/WF_P_00/o.dat.tmp", AT_FDCWD</home/runner/work/js-wf/js-wf/integration>, "/tmp/TestMixedWorkflowsRecoverFromFourServerFaults874006668/001/node-1/jetstream/$G/streams/WF_RUN/obs/WF_P_00/o.dat") = 0 <0.000172>
3288  1790834059.021347 <... pwrite64 resumed>) = 185 (DELAYED) <0.025022>
3315  1790834059.022563 pwrite64(30</tmp/TestMixedWorkflowsRecoverFromFourServerFaults874006668/001/node-1/jetstream/$G/streams/KV_WF_LEASE/msgs/1.blk>, "\273\0\0\200\202\1\0\0\0\0\0\0]\354\31\242\26R\332\30?\0$KV.WF_LEA"..., 187, 63323 <unfinished ...>
3320  1790834059.033194 <... pwrite64 resumed>) = 148 (DELAYED) <0.025018>
3320  1790834059.033271 pwrite64(21</tmp/TestMixedWorkflowsRecoverFromFourServerFaults874006668/001/node-1/jetstream/$SYS/_js_/S-R3F-G9FrvoEG/msgs/2.blk>, "\331\0\0\0T\0\0\0\0\0\0\0003\376X\244\26R\332\30\0\0St9I6EVH\3\0"..., 217, 27338 <unfinished ...>
3288  1790834059.035208 pwrite64(22</tmp/TestMixedWorkflowsRecoverFromFourServerFaults874006668/001/node-1/jetstream/$G/streams/WF_RUN/msgs/1.blk>, "\36\0\0\0,\0\0\0\0\0\0@\341x\357(\23R\332\30\0\0\336i\177Q\274\370i\304", 30, 18545 <unfinished ...>
3319  1790834059.039357 <... pwrite64 resumed>) = 243 (DELAYED) <0.025039>
3319  1790834059.041380 pwrite64(26</tmp/TestMixedWorkflowsRecoverFromFourServerFaults874006668/001/node-1/jetstream/$G/streams/WF_SIG/msgs/1.blk>, "\200\1\0\200\3\0\0\0\0\0\0\0\215vJ\244\26R\332\30<\0wf.sig.mix"..., 384, 627 <unfinished ...>
3315  1790834059.047624 <... pwrite64 resumed>) = 187 (DELAYED) <0.025034>
3286  1790834059.051177 --- SIGURG {si_signo=SIGURG, si_code=SI_TKILL, si_pid=3265, si_uid=1001} ---
3271  1790834059.051606 newfstatat(AT_FDCWD</home/runner/work/js-wf/js-wf/integration>, "/tmp/TestMixedWorkflowsRecoverFromFourServerFaults874006668/001/node-1/jetstream/$G/streams/WF_RUN/obs/WF_P_26/o.dat", {st_mode=S_IFREG|0600, st_size=36, ...}, AT_SYMLINK_NOFOLLOW) = 0 <0.000037>
3271  1790834059.051706 renameat(AT_FDCWD</home/runner/work/js-wf/js-wf/integration>, "/tmp/TestMixedWorkflowsRecoverFromFourServerFaults874006668/001/node-1/jetstream/$G/streams/WF_RUN/obs/WF_P_26/o.dat.tmp", AT_FDCWD</home/runner/work/js-wf/js-wf/integration>, "/tmp/TestMixedWorkflowsRecoverFromFourServerFaults874006668/001/node-1/jetstream/$G/streams/WF_RUN/obs/WF_P_26/o.dat") = 0 <0.000198>
3320  1790834059.058333 <... pwrite64 resumed>) = 217 (DELAYED) <0.025025>
3320  1790834059.058597 pwrite64(21</tmp/TestMixedWorkflowsRecoverFromFourServerFaults874006668/001/node-1/jetstream/$SYS/_js_/S-R3F-G9FrvoEG/msgs/2.blk>, "\224\0\0\0U\0\0\0\0\0\0\0a,\333\245\26R\332\30\0\0St9I6EVH\3\0"..., 148, 27555 <unfinished ...>
3288  1790834059.060268 <... pwrite64 resumed>) = 30 (DELAYED) <0.025029>
3319  1790834059.066443 <... pwrite64 resumed>) = 384 (DELAYED) <0.025027>
3315  1790834059.071001 --- SIGURG {si_signo=SIGURG, si_code=SI_TKILL, si_pid=3265, si_uid=1001} ---
3320  1790834059.083673 <... pwrite64 resumed>) = 148 (DELAYED) <0.025051>
3320  1790834059.084183 --- SIGURG {si_signo=SIGURG, si_code=SI_TKILL, si_pid=3265, si_uid=1001} ---
3315  1790834059.084228 pwrite64(21</tmp/TestMixedWorkflowsRecoverFromFourServerFaults874006668/001/node-1/jetstream/$SYS/_js_/S-R3F-G9FrvoEG/msgs/2.blk>, "\224\0\0\0V\0\0\0\0\0\0\0\33\366_\247\26R\332\30\0\0St9I6EVH\3\0"..., 148, 27703 <unfinished ...>
3320  1790834059.088592 pwrite64(30</tmp/TestMixedWorkflowsRecoverFromFourServerFaults874006668/001/node-1/jetstream/$G/streams/KV_WF_LEASE/msgs/1.blk>, "\234\0\0\200\203\1\0\0\0\0\0\0l!\206\247\26R\332\30\"\0$KV.WF_LEA"..., 312, 63510 <unfinished ...>
3315  1790834059.109310 <... pwrite64 resumed>) = 148 (DELAYED) <0.025042>
3319  1790834059.109670 pwrite64(21</tmp/TestMixedWorkflowsRecoverFromFourServerFaults874006668/001/node-1/jetstream/$SYS/_js_/S-R3F-G9FrvoEG/msgs/2.blk>, "\360\0\0\0W\0\0\0\0\0\0\0002'\346\250\26R\332\30\0\0St9I6EVH\3\0"..., 240, 27851 <unfinished ...>
3315  1790834059.109733 --- SIGURG {si_signo=SIGURG, si_code=SI_TKILL, si_pid=3265, si_uid=1001} ---
3320  1790834059.113668 <... pwrite64 resumed>) = 312 (DELAYED) <0.025039>
3320  1790834059.114384 newfstatat(AT_FDCWD</home/runner/work/js-wf/js-wf/integration>, "/tmp/TestMixedWorkflowsRecoverFromFourServerFaults874006668/001/node-1/jetstream/$G/streams/WF_RUN/obs/WF_P_18/o.dat", {st_mode=S_IFREG|0600, st_size=16, ...}, AT_SYMLINK_NOFOLLOW) = 0 <0.000172>
3320  1790834059.114654 renameat(AT_FDCWD</home/runner/work/js-wf/js-wf/integration>, "/tmp/TestMixedWorkflowsRecoverFromFourServerFaults874006668/001/node-1/jetstream/$G/streams/WF_RUN/obs/WF_P_18/o.dat.tmp", AT_FDCWD</home/runner/work/js-wf/js-wf/integration>, "/tmp/TestMixedWorkflowsRecoverFromFourServerFaults874006668/001/node-1/jetstream/$G/streams/WF_RUN/obs/WF_P_18/o.dat") = 0 <0.000177>
3320  1790834059.117504 pwrite64(30</tmp/TestMixedWorkflowsRecoverFromFourServerFaults874006668/001/node-1/jetstream/$G/streams/KV_WF_LEASE/msgs/1.blk>, "\236\0\0\200\205\1\0\0\0\0\0\0OL\241\247\26R\332\30\"\0$KV.WF_LEA"..., 316, 63822 <unfinished ...>
3315  1790834059.119896 newfstatat(AT_FDCWD</home/runner/work/js-wf/js-wf/integration>, "/tmp/TestMixedWorkflowsRecoverFromFourServerFaults874006668/001/node-1/jetstream/$G/streams/WF_RUN/obs/WF_P_00/o.dat", {st_mode=S_IFREG|0600, st_size=8, ...}, AT_SYMLINK_NOFOLLOW) = 0 <0.000040>
3315  1790834059.120014 renameat(AT_FDCWD</home/runner/work/js-wf/js-wf/integration>, "/tmp/TestMixedWorkflowsRecoverFromFourServerFaults874006668/001/node-1/jetstream/$G/streams/WF_RUN/obs/WF_P_00/o.dat.tmp", AT_FDCWD</home/runner/work/js-wf/js-wf/integration>, "/tmp/TestMixedWorkflowsRecoverFromFourServerFaults874006668/001/node-1/jetstream/$G/streams/WF_RUN/obs/WF_P_00/o.dat") = 0 <0.000185>
3319  1790834059.134761 <... pwrite64 resumed>) = 240 (DELAYED) <0.025055>
3288  1790834059.135863 pwrite64(51</tmp/TestMixedWorkflowsRecoverFromFourServerFaults874006668/001/node-1/jetstream/$SYS/_js_/C-R3F-tOdRrkzy/msgs/1.blk>, "~\0\0\0$\0\0\0\0\0\0\0\204\242s\252\26R\332\30\0\0St9I6EVH\3\0"..., 126, 3707 <unfinished ...>
3319  1790834059.138644 pwrite64(22</tmp/TestMixedWorkflowsRecoverFromFourServerFaults874006668/001/node-1/jetstream/$G/streams/WF_RUN/msgs/1.blk>, "\36\0\0\0K\0\0\0\0\0\0@\32i\243{\25R\332\30\0\0\351\326\35z\373\25FJk\0"..., 327, 18575 <unfinished ...>
3320  1790834059.142564 <... pwrite64 resumed>) = 316 (DELAYED) <0.025025>
3317  1790834059.143214 pwrite64(21</tmp/TestMixedWorkflowsRecoverFromFourServerFaults874006668/001/node-1/jetstream/$SYS/_js_/S-R3F-G9FrvoEG/msgs/2.blk>, "\331\0\0\0X\0\0\0\0\0\0\0\23\\\346\252\26R\332\30\0\0St9I6EVH\3\0"..., 217, 28091 <unfinished ...>
3286  1790834059.143865 pwrite64(26</tmp/TestMixedWorkflowsRecoverFromFourServerFaults874006668/001/node-1/jetstream/$G/streams/WF_SIG/msgs/1.blk>, "\363\0\0\200\4\0\0\0\0\0\0\0\250\316\316\252\26R\332\30 \0wf.sig.mix"..., 243, 1011 <unfinished ...>
3315  1790834059.144674 pwrite64(41</tmp/TestMixedWorkflowsRecoverFromFourServerFaults874006668/001/node-1/jetstream/$SYS/_js_/C-R3F-U2k39UyT/msgs/1.blk>, "l\0\0\0 \0\0\0\0\0\0\0zM\373\252\26R\332\30\0\0St9I6EVH\3\0"..., 108, 3714 <unfinished ...>
3271  1790834059.144738 pwrite64(30</tmp/TestMixedWorkflowsRecoverFromFourServerFaults874006668/001/node-1/jetstream/$G/streams/KV_WF_LEASE/msgs/1.blk>, "\252\0\0\200\207\1\0\0\0\0\0\0\275\354\335\252\26R\332\30?\0$KV.WF_LEA"..., 170, 64138 <unfinished ...>
3320  1790834059.152784 newfstatat(AT_FDCWD</home/runner/work/js-wf/js-wf/integration>, "/tmp/TestMixedWorkflowsRecoverFromFourServerFaults874006668/001/node-1/jetstream/$G/streams/WF_RUN/obs/WF_P_26/o.dat", {st_mode=S_IFREG|0600, st_size=36, ...}, AT_SYMLINK_NOFOLLOW) = 0 <0.000031>
3320  1790834059.152909 renameat(AT_FDCWD</home/runner/work/js-wf/js-wf/integration>, "/tmp/TestMixedWorkflowsRecoverFromFourServerFaults874006668/001/node-1/jetstream/$G/streams/WF_RUN/obs/WF_P_26/o.dat.tmp", AT_FDCWD</home/runner/work/js-wf/js-wf/integration>, "/tmp/TestMixedWorkflowsRecoverFromFourServerFaults874006668/001/node-1/jetstream/$G/streams/WF_RUN/obs/WF_P_26/o.dat") = 0 <0.000201>
3288  1790834059.160921 <... pwrite64 resumed>) = 126 (DELAYED) <0.025017>
3285  1790834059.162819 newfstatat(AT_FDCWD</home/runner/work/js-wf/js-wf/integration>, "/tmp/TestMixedWorkflowsRecoverFromFourServerFaults874006668/001/node-1/jetstream/$G/streams/WF_RUN/obs/WF_P_33/o.dat", {st_mode=S_IFREG|0600, st_size=8, ...}, AT_SYMLINK_NOFOLLOW) = 0 <0.000055>
3285  1790834059.162946 renameat(AT_FDCWD</home/runner/work/js-wf/js-wf/integration>, "/tmp/TestMixedWorkflowsRecoverFromFourServerFaults874006668/001/node-1/jetstream/$G/streams/WF_RUN/obs/WF_P_33/o.dat.tmp", AT_FDCWD</home/runner/work/js-wf/js-wf/integration>, "/tmp/TestMixedWorkflowsRecoverFromFourServerFaults874006668/001/node-1/jetstream/$G/streams/WF_RUN/obs/WF_P_33/o.dat") = 0 <0.000160>
3319  1790834059.163710 <... pwrite64 resumed>) = 327 (DELAYED) <0.025034>
3317  1790834059.168293 <... pwrite64 resumed>) = 217 (DELAYED) <0.025049>
3286  1790834059.169011 <... pwrite64 resumed>) = 243 (DELAYED) <0.025068>
3315  1790834059.169758 <... pwrite64 resumed>) = 108 (DELAYED) <0.025047>
3315  1790834059.169888 pwrite64(41</tmp/TestMixedWorkflowsRecoverFromFourServerFaults874006668/001/node-1/jetstream/$SYS/_js_/C-R3F-U2k39UyT/msgs/1.blk>, "_\0\0\0!\0\0\0\0\0\0\0\205\324|\254\26R\332\30\0\0St9I6EVH\3\0"..., 95, 3822 <unfinished ...>
3271  1790834059.169952 <... pwrite64 resumed>) = 170 (DELAYED) <0.025185>
3286  1790834059.170650 pwrite64(22</tmp/TestMixedWorkflowsRecoverFromFourServerFaults874006668/001/node-1/jetstream/$G/streams/WF_RUN/msgs/1.blk>, "k\0\0\200X\0\0\0\0\0\0\0\"@\346\252\26R\332\30\t\0wf.run.27*"..., 107, 18902 <unfinished ...>
3316  1790834059.171991 pwrite64(39</tmp/TestMixedWorkflowsRecoverFromFourServerFaults874006668/001/node-1/jetstream/$SYS/_js_/C-R3F-7OjMKAQS/msgs/1.blk>, "Q\0\0\0\26\0\0\0\0\0\0\0\233\v\235\254\26R\332\30\0\0St9I6EVH\3\0"..., 81, 2326 <unfinished ...>
3317  1790834059.172312 pwrite64(42</tmp/TestMixedWorkflowsRecoverFromFourServerFaults874006668/001/node-1/jetstream/$SYS/_js_/C-R3F-Fspi1V4u/msgs/1.blk>, "l\0\0\0\25\0\0\0\0\0\0\0\220b\242\254\26R\332\30\0\0St9I6EVH\2\0"..., 108, 2253 <unfinished ...>
3285  1790834059.172409 pwrite64(30</tmp/TestMixedWorkflowsRecoverFromFourServerFaults874006668/001/node-1/jetstream/$G/streams/KV_WF_LEASE/msgs/1.blk>, "\215\0\0\200\210\1\0\0\0\0\0\0\235\330\177\254\26R\332\30\"\0$KV.WF_LEA"..., 282, 64308 <unfinished ...>
3319  1790834059.175167 pwrite64(21</tmp/TestMixedWorkflowsRecoverFromFourServerFaults874006668/001/node-1/jetstream/$SYS/_js_/S-R3F-G9FrvoEG/msgs/2.blk>, "\331\0\0\0Y\0\0\0\0\0\0\0?\377\315\254\26R\332\30\0\0St9I6EVH\3\0"..., 217, 28308 <unfinished ...>
3321  1790834059.176231 pwrite64(26</tmp/TestMixedWorkflowsRecoverFromFourServerFaults874006668/001/node-1/jetstream/$G/streams/WF_SIG/msgs/1.blk>, "\363\0\0\200\5\0\0\0\0\0\0\0\6P\273\254\26R\332\30 \0wf.sig.mix"..., 243, 1254 <unfinished ...>
3315  1790834059.194976 <... pwrite64 resumed>) = 95 (DELAYED) <0.025054>
3315  1790834059.195333 --- SIGURG {si_signo=SIGURG, si_code=SI_TKILL, si_pid=3265, si_uid=1001} ---
3286  1790834059.195714 <... pwrite64 resumed>) = 107 (DELAYED) <0.025030>
3286  1790834059.196240 --- SIGURG {si_signo=SIGURG, si_code=SI_TKILL, si_pid=3265, si_uid=1001} ---
3316  1790834059.197062 <... pwrite64 resumed>) = 81 (DELAYED) <0.025035>
3316  1790834059.197278 pwrite64(39</tmp/TestMixedWorkflowsRecoverFromFourServerFaults874006668/001/node-1/jetstream/$SYS/_js_/C-R3F-7OjMKAQS/msgs/1.blk>, "\241\0\0\0\27\0\0\0\0\0\0\0>f\37\256\26R\332\30\0\0St9I6EVH\3\0"..., 161, 2407 <unfinished ...>
3317  1790834059.197375 <... pwrite64 resumed>) = 108 (DELAYED) <0.025040>
3317  1790834059.197452 pwrite64(42</tmp/TestMixedWorkflowsRecoverFromFourServerFaults874006668/001/node-1/jetstream/$SYS/_js_/C-R3F-Fspi1V4u/msgs/1.blk>, "\206\0\0\0\26\0\0\0\0\0\0\0\4\33\"\256\26R\332\30\0\0St9I6EVH\2\0"..., 134, 2361 <unfinished ...>
3285  1790834059.197519 <... pwrite64 resumed>) = 282 (DELAYED) <0.025084>
3286  1790834059.198657 pwrite64(30</tmp/TestMixedWorkflowsRecoverFromFourServerFaults874006668/001/node-1/jetstream/$G/streams/KV_WF_LEASE/msgs/1.blk>, "\265\0\0\200\212\1\0\0\0\0\0\0\311\2\231\254\26R\332\30:\0$KV.WF_LEA"..., 181, 64590 <unfinished ...>
3319  1790834059.200232 <... pwrite64 resumed>) = 217 (DELAYED) <0.025037>
3319  1790834059.200383 pwrite64(21</tmp/TestMixedWorkflowsRecoverFromFourServerFaults874006668/001/node-1/jetstream/$SYS/_js_/S-R3F-G9FrvoEG/msgs/2.blk>, "\224\0\0\0Z\0\0\0\0\0\0\0\276\270N\256\26R\332\30\0\0St9I6EVH\3\0"..., 148, 28525 <unfinished ...>
3321  1790834059.201297 <... pwrite64 resumed>) = 243 (DELAYED) <0.025029>
3285  1790834059.215698 newfstatat(AT_FDCWD</home/runner/work/js-wf/js-wf/integration>, "/tmp/TestMixedWorkflowsRecoverFromFourServerFaults874006668/001/node-1/jetstream/$G/streams/WF_RUN/obs/WF_P_18/o.dat", {st_mode=S_IFREG|0600, st_size=16, ...}, AT_SYMLINK_NOFOLLOW) = 0 <0.000031>
3285  1790834059.215801 renameat(AT_FDCWD</home/runner/work/js-wf/js-wf/integration>, "/tmp/TestMixedWorkflowsRecoverFromFourServerFaults874006668/001/node-1/jetstream/$G/streams/WF_RUN/obs/WF_P_18/o.dat.tmp", AT_FDCWD</home/runner/work/js-wf/js-wf/integration>, "/tmp/TestMixedWorkflowsRecoverFromFourServerFaults874006668/001/node-1/jetstream/$G/streams/WF_RUN/obs/WF_P_18/o.dat") = 0 <0.000197>
3285  1790834059.216183 --- SIGURG {si_signo=SIGURG, si_code=SI_TKILL, si_pid=3265, si_uid=1001} ---
3316  1790834059.222339 <... pwrite64 resumed>) = 161 (DELAYED) <0.025036>
3317  1790834059.222519 <... pwrite64 resumed>) = 134 (DELAYED) <0.025030>
3316  1790834059.222593 --- SIGURG {si_signo=SIGURG, si_code=SI_TKILL, si_pid=3265, si_uid=1001} ---
3286  1790834059.223782 <... pwrite64 resumed>) = 181 (DELAYED) <0.025099>
3286  1790834059.225059 newfstatat(AT_FDCWD</home/runner/work/js-wf/js-wf/integration>, "/tmp/TestMixedWorkflowsRecoverFromFourServerFaults874006668/001/node-1/jetstream/$G/streams/WF_RUN/obs/WF_P_00/o.dat", {st_mode=S_IFREG|0600, st_size=16, ...}, AT_SYMLINK_NOFOLLOW) = 0 <0.000025>
3286  1790834059.225173 renameat(AT_FDCWD</home/runner/work/js-wf/js-wf/integration>, "/tmp/TestMixedWorkflowsRecoverFromFourServerFaults874006668/001/node-1/jetstream/$G/streams/WF_RUN/obs/WF_P_00/o.dat.tmp", AT_FDCWD</home/runner/work/js-wf/js-wf/integration>, "/tmp/TestMixedWorkflowsRecoverFromFourServerFaults874006668/001/node-1/jetstream/$G/streams/WF_RUN/obs/WF_P_00/o.dat") = 0 <0.000205>
3317  1790834059.225427 pwrite64(30</tmp/TestMixedWorkflowsRecoverFromFourServerFaults874006668/001/node-1/jetstream/$G/streams/KV_WF_LEASE/msgs/1.blk>, "\267\0\0\200\213\1\0\0\0\0\0\0\266B2\256\26R\332\30:\0$KV.WF_LEA"..., 183, 64771 <unfinished ...>
3319  1790834059.225577 <... pwrite64 resumed>) = 148 (DELAYED) <0.025170>
3286  1790834059.226090 pwrite64(21</tmp/TestMixedWorkflowsRecoverFromFourServerFaults874006668/001/node-1/jetstream/$SYS/_js_/S-R3F-G9FrvoEG/msgs/2.blk>, "\224\0\0\0[\0\0\0\0\0\0\0\2743\324\257\26R\332\30\0\0St9I6EVH\3\0"..., 148, 28673 <unfinished ...>
3319  1790834059.227342 pwrite64(22</tmp/TestMixedWorkflowsRecoverFromFourServerFaults874006668/001/node-1/jetstream/$G/streams/WF_RUN/msgs/1.blk>, "k\0\0\200Y\0\0\0\0\0\0\0\262\317\315\254\26R\332\30\t\0wf.run.27*"..., 107, 19009 <unfinished ...>
3321  1790834059.232673 pwrite64(26</tmp/TestMixedWorkflowsRecoverFromFourServerFaults874006668/001/node-1/jetstream/$G/streams/WF_SIG/msgs/1.blk>, "\363\0\0\200\6\0\0\0\0\0\0\0\r\213\27\260\26R\332\30 \0wf.sig.mix"..., 243, 1497 <unfinished ...>
3317  1790834059.250508 <... pwrite64 resumed>) = 183 (DELAYED) <0.025057>
3286  1790834059.251165 <... pwrite64 resumed>) = 148 (DELAYED) <0.025043>
3285  1790834059.251616 pwrite64(21</tmp/TestMixedWorkflowsRecoverFromFourServerFaults874006668/001/node-1/jetstream/$SYS/_js_/S-R3F-G9FrvoEG/msgs/2.blk>, "\224\0\0\0\\\0\0\0\0\0\0\0\327o\\\261\26R\332\30\0\0St9I6EVH\3\0"..., 148, 28821 <unfinished ...>
3319  1790834059.252438 <... pwrite64 resumed>) = 107 (DELAYED) <0.025066>
3320  1790834059.253727 pwrite64(22</tmp/TestMixedWorkflowsRecoverFromFourServerFaults874006668/001/node-1/jetstream/$G/streams/WF_RUN/msgs/1.blk>, "\36\0\0\0T\0\0\0\0\0\0@IP\227{\26R\332\30\0\0\273x`A\273MmW", 30, 19116 <unfinished ...>
3288  1790834059.254177 newfstatat(AT_FDCWD</home/runner/work/js-wf/js-wf/integration>, "/tmp/TestMixedWorkflowsRecoverFromFourServerFaults874006668/001/node-1/jetstream/$G/streams/WF_RUN/obs/WF_P_26/o.dat", {st_mode=S_IFREG|0600, st_size=36, ...}, AT_SYMLINK_NOFOLLOW) = 0 <0.000028>
3288  1790834059.254294 renameat(AT_FDCWD</home/runner/work/js-wf/js-wf/integration>, "/tmp/TestMixedWorkflowsRecoverFromFourServerFaults874006668/001/node-1/jetstream/$G/streams/WF_RUN/obs/WF_P_26/o.dat.tmp", AT_FDCWD</home/runner/work/js-wf/js-wf/integration>, "/tmp/TestMixedWorkflowsRecoverFromFourServerFaults874006668/001/node-1/jetstream/$G/streams/WF_RUN/obs/WF_P_26/o.dat") = 0 <0.000230>
3286  1790834059.254851 pwrite64(30</tmp/TestMixedWorkflowsRecoverFromFourServerFaults874006668/001/node-1/jetstream/$G/streams/KV_WF_LEASE/msgs/1.blk>, "\234\0\0\200\214\1\0\0\0\0\0\0\207\200i\261\26R\332\30\"\0$KV.WF_LEA"..., 156, 64954 <unfinished ...>
3321  1790834059.257743 <... pwrite64 resumed>) = 243 (DELAYED) <0.025034>
3285  1790834059.276750 <... pwrite64 resumed>) = 148 (DELAYED) <0.025100>
3285  1790834059.277028 --- SIGURG {si_signo=SIGURG, si_code=SI_TKILL, si_pid=3265, si_uid=1001} ---
3285  1790834059.277153 pwrite64(21</tmp/TestMixedWorkflowsRecoverFromFourServerFaults874006668/001/node-1/jetstream/$SYS/_js_/S-R3F-G9FrvoEG/msgs/2.blk>, "\331\0\0\0]\0\0\0\0\0\0\0\3059\342\262\26R\332\30\0\0St9I6EVH\3\0"..., 217, 28969 <unfinished ...>
3320  1790834059.278789 <... pwrite64 resumed>) = 30 (DELAYED) <0.025027>
3286  1790834059.279905 <... pwrite64 resumed>) = 156 (DELAYED) <0.025022>
3321  1790834059.285576 pwrite64(24</tmp/TestMixedWorkflowsRecoverFromFourServerFaults874006668/001/node-1/jetstream/$G/streams/WF_JRN/msgs/1.blk>, "~\1\0\200\324\0\0\0\0\0\0\0\375\266;\263\26R\332\0304\0wf.jrn.mix"..., 382, 56747 <unfinished ...>
3288  1790834059.286763 pwrite64(40</tmp/TestMixedWorkflowsRecoverFromFourServerFaults874006668/001/node-1/jetstream/$SYS/_js_/C-R3F-MUBUTFU3/msgs/1.blk>, "\214\0\0\0\17\0\0\0\0\0\0\0\24Ct\263\26R\332\30\0\0St9I6EVH\3\0"..., 140, 1604 <unfinished ...>
3317  1790834059.296639 pwrite64(30</tmp/TestMixedWorkflowsRecoverFromFourServerFaults874006668/001/node-1/jetstream/$G/streams/KV_WF_LEASE/msgs/1.blk>, "\234\0\0\200\215\1\0\0\0\0\0\0wJ\211\261\26R\332\30\"\0$KV.WF_LEA"..., 838, 65110 <unfinished ...>
3285  1790834059.302219 <... pwrite64 resumed>) = 217 (DELAYED) <0.025032>
3319  1790834059.306564 pwrite64(22</tmp/TestMixedWorkflowsRecoverFromFourServerFaults874006668/001/node-1/jetstream/$G/streams/WF_RUN/msgs/1.blk>, "\36\0\0\0>\0\0\0\0\0\0@\261/\243{\25R\332\30\0\0\235M+\t\275\223G>\36\0"..., 167, 19146 <unfinished ...>
3286  1790834059.309758 pwrite64(21</tmp/TestMixedWorkflowsRecoverFromFourServerFaults874006668/001/node-1/jetstream/$SYS/_js_/S-R3F-G9FrvoEG/msgs/2.blk>, "\331\0\0\0^\0\0\0\0\0\0\0D\303\323\264\26R\332\30\0\0St9I6EVH\3\0"..., 217, 29186 <unfinished ...>
3321  1790834059.310651 <... pwrite64 resumed>) = 382 (DELAYED) <0.025035>
3285  1790834059.310765 pwrite64(26</tmp/TestMixedWorkflowsRecoverFromFourServerFaults874006668/001/node-1/jetstream/$G/streams/WF_SIG/msgs/1.blk>, "\363\0\0\200\7\0\0\0\0\0\0\0\0\211\275\264\26R\332\30 \0wf.sig.mix"..., 243, 1740 <unfinished ...>
3288  1790834059.311866 <... pwrite64 resumed>) = 140 (DELAYED) <0.025067>
3271  1790834059.313749 pwrite64(24</tmp/TestMixedWorkflowsRecoverFromFourServerFaults874006668/001/node-1/jetstream/$G/streams/WF_JRN/msgs/1.blk>, "\373\0\0\200\325\0\0\0\0\0\0\0x\205\362\264\26R\332\0304\0wf.jrn.mix"..., 251, 57129 <unfinished ...>
3320  1790834059.314216 newfstatat(AT_FDCWD</home/runner/work/js-wf/js-wf/integration>, "/tmp/TestMixedWorkflowsRecoverFromFourServerFaults874006668/001/node-1/jetstream/$G/streams/WF_RUN/obs/WF_P_10/o.dat", {st_mode=S_IFREG|0600, st_size=18, ...}, AT_SYMLINK_NOFOLLOW) = 0 <0.000030>
3320  1790834059.314318 renameat(AT_FDCWD</home/runner/work/js-wf/js-wf/integration>, "/tmp/TestMixedWorkflowsRecoverFromFourServerFaults874006668/001/node-1/jetstream/$G/streams/WF_RUN/obs/WF_P_10/o.dat.tmp", AT_FDCWD</home/runner/work/js-wf/js-wf/integration>, "/tmp/TestMixedWorkflowsRecoverFromFourServerFaults874006668/001/node-1/jetstream/$G/streams/WF_RUN/obs/WF_P_10/o.dat") = 0 <0.000202>
3288  1790834059.317278 newfstatat(AT_FDCWD</home/runner/work/js-wf/js-wf/integration>, "/tmp/TestMixedWorkflowsRecoverFromFourServerFaults874006668/001/node-1/jetstream/$G/streams/WF_RUN/obs/WF_P_18/o.dat", {st_mode=S_IFREG|0600, st_size=16, ...}, AT_SYMLINK_NOFOLLOW) = 0 <0.000025>
3288  1790834059.317372 renameat(AT_FDCWD</home/runner/work/js-wf/js-wf/integration>, "/tmp/TestMixedWorkflowsRecoverFromFourServerFaults874006668/001/node-1/jetstream/$G/streams/WF_RUN/obs/WF_P_18/o.dat.tmp", AT_FDCWD</home/runner/work/js-wf/js-wf/integration>, "/tmp/TestMixedWorkflowsRecoverFromFourServerFaults874006668/001/node-1/jetstream/$G/streams/WF_RUN/obs/WF_P_18/o.dat") = 0 <0.000155>
3317  1790834059.321706 <... pwrite64 resumed>) = 838 (DELAYED) <0.025034>
3317  1790834059.323293 pwrite64(51</tmp/TestMixedWorkflowsRecoverFromFourServerFaults874006668/001/node-1/jetstream/$SYS/_js_/C-R3F-tOdRrkzy/msgs/1.blk>, "l\0\0\0%\0\0\0\0\0\0\0\213C\242\265\26R\332\30\0\0St9I6EVH\3\0"..., 108, 3833 <unfinished ...>
3320  1790834059.323988 pwrite64(30</tmp/TestMixedWorkflowsRecoverFromFourServerFaults874006668/001/node-1/jetstream/$G/streams/KV_WF_LEASE/msgs/1.blk>, "\245\0\0\200\222\1\0\0\0\0\0\0\233\220\216\265\26R\332\30:\0$KV.WF_LEA"..., 165, 65948 <unfinished ...>
3321  1790834059.326295 newfstatat(AT_FDCWD</home/runner/work/js-wf/js-wf/integration>, "/tmp/TestMixedWorkflowsRecoverFromFourServerFaults874006668/001/node-1/jetstream/$G/streams/WF_RUN/obs/WF_P_00/o.dat", {st_mode=S_IFREG|0600, st_size=8, ...}, AT_SYMLINK_NOFOLLOW) = 0 <0.000030>
3321  1790834059.326399 renameat(AT_FDCWD</home/runner/work/js-wf/js-wf/integration>, "/tmp/TestMixedWorkflowsRecoverFromFourServerFaults874006668/001/node-1/jetstream/$G/streams/WF_RUN/obs/WF_P_00/o.dat.tmp", AT_FDCWD</home/runner/work/js-wf/js-wf/integration>, "/tmp/TestMixedWorkflowsRecoverFromFourServerFaults874006668/001/node-1/jetstream/$G/streams/WF_RUN/obs/WF_P_00/o.dat") = 0 <0.000134>
3319  1790834059.331627 <... pwrite64 resumed>) = 167 (DELAYED) <0.025036>
3286  1790834059.334808 <... pwrite64 resumed>) = 217 (DELAYED) <0.025017>
3286  1790834059.335126 --- SIGURG {si_signo=SIGURG, si_code=SI_TKILL, si_pid=3265, si_uid=1001} ---
3285  1790834059.336064 <... pwrite64 resumed>) = 243 (DELAYED) <0.025275>
3321  1790834059.336925 pwrite64(22</tmp/TestMixedWorkflowsRecoverFromFourServerFaults874006668/001/node-1/jetstream/$G/streams/WF_RUN/msgs/1.blk>, "k\0\0\200[\0\0\0\0\0\0\0\17\254\323\264\26R\332\30\t\0wf.run.27*"..., 107, 19313 <unfinished ...>
3271  1790834059.338799 <... pwrite64 resumed>) = 251 (DELAYED) <0.025016>
3286  1790834059.343436 pwrite64(21</tmp/TestMixedWorkflowsRecoverFromFourServerFaults874006668/001/node-1/jetstream/$SYS/_js_/S-R3F-G9FrvoEG/msgs/2.blk>, "\331\0\0\0_\0\0\0\0\0\0\0\37g\325\266\26R\332\30\0\0St9I6EVH\3\0"..., 217, 29403 <unfinished ...>
3285  1790834059.343586 pwrite64(26</tmp/TestMixedWorkflowsRecoverFromFourServerFaults874006668/001/node-1/jetstream/$G/streams/WF_SIG/msgs/1.blk>, "\363\0\0\200\10\0\0\0\0\0\0\0\247O\265\266\26R\332\30 \0wf.sig.mix"..., 243, 1983 <unfinished ...>
3317  1790834059.348464 <... pwrite64 resumed>) = 108 (DELAYED) <0.025135>
3317  1790834059.348593 pwrite64(51</tmp/TestMixedWorkflowsRecoverFromFourServerFaults874006668/001/node-1/jetstream/$SYS/_js_/C-R3F-tOdRrkzy/msgs/1.blk>, "_\0\0\0&\0\0\0\0\0\0\0\201^$\267\26R\332\30\0\0St9I6EVH\3\0"..., 95, 3941 <unfinished ...>
3320  1790834059.349160 <... pwrite64 resumed>) = 165 (DELAYED) <0.025141>
3320  1790834059.350475 pwrite64(30</tmp/TestMixedWorkflowsRecoverFromFourServerFaults874006668/001/node-1/jetstream/$G/streams/KV_WF_LEASE/msgs/1.blk>, "\235\0\0\200\223\1\0\0\0\0\0\0\370\211\240\265\26R\332\30\"\0$KV.WF_LEA"..., 157, 66113 <unfinished ...>
3319  1790834059.355542 newfstatat(AT_FDCWD</home/runner/work/js-wf/js-wf/integration>, "/tmp/TestMixedWorkflowsRecoverFromFourServerFaults874006668/001/node-1/jetstream/$G/streams/WF_RUN/obs/WF_P_26/o.dat", {st_mode=S_IFREG|0600, st_size=33, ...}, AT_SYMLINK_NOFOLLOW) = 0 <0.000056>
3319  1790834059.355730 renameat(AT_FDCWD</home/runner/work/js-wf/js-wf/integration>, "/tmp/TestMixedWorkflowsRecoverFromFourServerFaults874006668/001/node-1/jetstream/$G/streams/WF_RUN/obs/WF_P_26/o.dat.tmp", AT_FDCWD</home/runner/work/js-wf/js-wf/integration>, "/tmp/TestMixedWorkflowsRecoverFromFourServerFaults874006668/001/node-1/jetstream/$G/streams/WF_RUN/obs/WF_P_26/o.dat") = 0 <0.000200>
3319  1790834059.359017 pwrite64(46</tmp/TestMixedWorkflowsRecoverFromFourServerFaults874006668/001/node-1/jetstream/$SYS/_js_/C-R3F-mMm2NIUQ/msgs/1.blk>, "l\0\0\0\20\0\0\0\0\0\0\0\206\v\302\267\26R\332\30\0\0St9I6EVH\3\0"..., 108, 1549 <unfinished ...>
3321  1790834059.362083 <... pwrite64 resumed>) = 107 (DELAYED) <0.025128>
3286  1790834059.368578 <... pwrite64 resumed>) = 217 (DELAYED) <0.025108>
3285  1790834059.368713 <... pwrite64 resumed>) = 243 (DELAYED) <0.025094>
3286  1790834059.370761 pwrite64(22</tmp/TestMixedWorkflowsRecoverFromFourServerFaults874006668/001/node-1/jetstream/$G/streams/WF_RUN/msgs/1.blk>, "k\0\0\200\\\0\0\0\0\0\0\0qH\325\266\26R\332\30\t\0wf.run.27*"..., 107, 19420 <unfinished ...>
3317  1790834059.373675 <... pwrite64 resumed>) = 95 (DELAYED) <0.025049>
3320  1790834059.375618 <... pwrite64 resumed>) = 157 (DELAYED) <0.025110>
3316  1790834059.376088 newfstatat(AT_FDCWD</home/runner/work/js-wf/js-wf/integration>, "/tmp/TestMixedWorkflowsRecoverFromFourServerFaults874006668/001/node-1/jetstream/$G/streams/WF_RUN/obs/WF_P_33/o.dat", {st_mode=S_IFREG|0600, st_size=16, ...}, AT_SYMLINK_NOFOLLOW) = 0 <0.000027>
3316  1790834059.376218 renameat(AT_FDCWD</home/runner/work/js-wf/js-wf/integration>, "/tmp/TestMixedWorkflowsRecoverFromFourServerFaults874006668/001/node-1/jetstream/$G/streams/WF_RUN/obs/WF_P_33/o.dat.tmp", AT_FDCWD</home/runner/work/js-wf/js-wf/integration>, "/tmp/TestMixedWorkflowsRecoverFromFourServerFaults874006668/001/node-1/jetstream/$G/streams/WF_RUN/obs/WF_P_33/o.dat") = 0 <0.000174>
3320  1790834059.376488 pwrite64(26</tmp/TestMixedWorkflowsRecoverFromFourServerFaults874006668/001/node-1/jetstream/$G/streams/WF_SIG/msgs/1.blk>, "\363\0\0\200\t\0\0\0\0\0\0\0\244c\255\270\26R\332\30 \0wf.sig.mix"..., 243, 2226 <unfinished ...>
3271  1790834059.378132 pwrite64(39</tmp/TestMixedWorkflowsRecoverFromFourServerFaults874006668/001/node-1/jetstream/$SYS/_js_/C-R3F-7OjMKAQS/msgs/1.blk>, "Q\0\0\0\30\0\0\0\0\0\0\0r\303\346\270\26R\332\30\0\0St9I6EVH\3\0"..., 81, 2568 <unfinished ...>
3316  1790834059.378299 pwrite64(42</tmp/TestMixedWorkflowsRecoverFromFourServerFaults874006668/001/node-1/jetstream/$SYS/_js_/C-R3F-Fspi1V4u/msgs/1.blk>, "l\0\0\0\27\0\0\0\0\0\0\0\34`\351\270\26R\332\30\0\0St9I6EVH\2\0"..., 108, 2495 <unfinished ...>
3319  1790834059.384250 <... pwrite64 resumed>) = 108 (DELAYED) <0.025194>
3321  1790834059.385659 pwrite64(46</tmp/TestMixedWorkflowsRecoverFromFourServerFaults874006668/001/node-1/jetstream/$SYS/_js_/C-R3F-mMm2NIUQ/msgs/1.blk>, "l\0\0\0\21\0\0\0\0\0\0\0\n\241Y\271\26R\332\30\0\0St9I6EVH\3\0"..., 108, 1657 <unfinished ...>
3319  1790834059.388181 pwrite64(40</tmp/TestMixedWorkflowsRecoverFromFourServerFaults874006668/001/node-1/jetstream/$SYS/_js_/C-R3F-MUBUTFU3/msgs/1.blk>, "Q\0\0\0\20\0\0\0\0\0\0\0\374h\200\271\26R\332\30\0\0St9I6EVH\3\0"..., 81, 1744 <unfinished ...>
3315  1790834059.391852 pwrite64(30</tmp/TestMixedWorkflowsRecoverFromFourServerFaults874006668/001/node-1/jetstream/$G/streams/KV_WF_LEASE/msgs/1.blk>, "\237\0\0\200\224\1\0\0\0\0\0\0\347\357;\267\26R\332\30\"\0$KV.WF_LEA"..., 1105, 66270 <unfinished ...>
3286  1790834059.395854 <... pwrite64 resumed>) = 107 (DELAYED) <0.025058>
3285  1790834059.396062 pwrite64(45</tmp/TestMixedWorkflowsRecoverFromFourServerFaults874006668/001/node-1/jetstream/$SYS/_js_/C-R3F-Qi7jewV8/msgs/1.blk>, "\241\0\0\0\21\0\0\0\0\0\0\0am\370\271\26R\332\30\0\0St9I6EVH\3\0"..., 161, 1750 <unfinished ...>
3286  1790834059.396124 pwrite64(41</tmp/TestMixedWorkflowsRecoverFromFourServerFaults874006668/001/node-1/jetstream/$SYS/_js_/C-R3F-U2k39UyT/msgs/1.blk>, "\214\0\0\0\"\0\0\0\0\0\0\0:\223\370\271\26R\332\30\0\0St9I6EVH\3\0"..., 140, 3917 <unfinished ...>
3317  1790834059.396331 pwrite64(48</tmp/TestMixedWorkflowsRecoverFromFourServerFaults874006668/001/node-1/jetstream/$SYS/_js_/C-R3F-BJrVOQpv/msgs/1.blk>, "z\0\0\0\21\0\0\0\0\0\0\0\237M\374\271\26R\332\30\0\0St9I6EVH\3\0"..., 122, 1750 <unfinished ...>
3314  1790834059.396629 pwrite64(47</tmp/TestMixedWorkflowsRecoverFromFourServerFaults874006668/001/node-1/jetstream/$SYS/_js_/C-R3F-HvwsqB9S/msgs/1.blk>, "~\0\0\0\v\0\0\0\0\0\0\0\1N\1\272\26R\332\30\0\0St9I6EVH\3\0"..., 126, 1091 <unfinished ...>
3301  1790834059.396942 pwrite64(21</tmp/TestMixedWorkflowsRecoverFromFourServerFaults874006668/001/node-1/jetstream/$SYS/_js_/S-R3F-G9FrvoEG/msgs/2.blk>, "\224\0\0\0`\0\0\0\0\0\0\0?\275\5\272\26R\332\30\0\0St9I6EVH\3\0"..., 148, 29620 <unfinished ...>
3320  1790834059.401560 <... pwrite64 resumed>) = 243 (DELAYED) <0.025049>
3271  1790834059.403221 <... pwrite64 resumed>) = 81 (DELAYED) <0.025055>
3316  1790834059.403358 <... pwrite64 resumed>) = 108 (DELAYED) <0.025035>
3271  1790834059.403441 pwrite64(39</tmp/TestMixedWorkflowsRecoverFromFourServerFaults874006668/001/node-1/jetstream/$SYS/_js_/C-R3F-7OjMKAQS/msgs/1.blk>, "\241\0\0\0\31\0\0\0\0\0\0\0\331\354h\272\26R\332\30\0\0St9I6EVH\3\0"..., 161, 2649 <unfinished ...>
3316  1790834059.403504 pwrite64(42</tmp/TestMixedWorkflowsRecoverFromFourServerFaults874006668/001/node-1/jetstream/$SYS/_js_/C-R3F-Fspi1V4u/msgs/1.blk>, "\206\0\0\0\30\0\0\0\0\0\0\0)Di\272\26R\332\30\0\0St9I6EVH\2\0"..., 134, 2603 <unfinished ...>
3321  1790834059.410728 <... pwrite64 resumed>) = 108 (DELAYED) <0.025034>
3321  1790834059.410827 pwrite64(46</tmp/TestMixedWorkflowsRecoverFromFourServerFaults874006668/001/node-1/jetstream/$SYS/_js_/C-R3F-mMm2NIUQ/msgs/1.blk>, "W\0\0\0\22\0\0\0\0\0\0\0$\352\331\272\26R\332\30\0\0St9I6EVH\3\0"..., 87, 1765 <unfinished ...>
3319  1790834059.413239 <... pwrite64 resumed>) = 81 (DELAYED) <0.025024>
3319  1790834059.413409 pwrite64(40</tmp/TestMixedWorkflowsRecoverFromFourServerFaults874006668/001/node-1/jetstream/$SYS/_js_/C-R3F-MUBUTFU3/msgs/1.blk>, "z\0\0\0\21\0\0\0\0\0\0\0\213\177\1\273\26R\332\30\0\0St9I6EVH\3\0"..., 122, 1825 <unfinished ...>
3320  1790834059.415902 newfstatat(AT_FDCWD</home/runner/work/js-wf/js-wf/integration>, "/tmp/TestMixedWorkflowsRecoverFromFourServerFaults874006668/001/node-1/jetstream/$G/streams/WF_RUN/obs/WF_P_10/o.dat", {st_mode=S_IFREG|0600, st_size=18, ...}, AT_SYMLINK_NOFOLLOW) = 0 <0.000032>
3320  1790834059.416009 renameat(AT_FDCWD</home/runner/work/js-wf/js-wf/integration>, "/tmp/TestMixedWorkflowsRecoverFromFourServerFaults874006668/001/node-1/jetstream/$G/streams/WF_RUN/obs/WF_P_10/o.dat.tmp", AT_FDCWD</home/runner/work/js-wf/js-wf/integration>, "/tmp/TestMixedWorkflowsRecoverFromFourServerFaults874006668/001/node-1/jetstream/$G/streams/WF_RUN/obs/WF_P_10/o.dat") = 0 <0.000168>
3315  1790834059.416927 <... pwrite64 resumed>) = 1105 (DELAYED) <0.025039>
3303  1790834059.419369 newfstatat(AT_FDCWD</home/runner/work/js-wf/js-wf/integration>, "/tmp/TestMixedWorkflowsRecoverFromFourServerFaults874006668/001/node-1/jetstream/$G/streams/WF_RUN/obs/WF_P_18/o.dat", {st_mode=S_IFREG|0600, st_size=16, ...}, AT_SYMLINK_NOFOLLOW) = 0 <0.000031>
3303  1790834059.419460 renameat(AT_FDCWD</home/runner/work/js-wf/js-wf/integration>, "/tmp/TestMixedWorkflowsRecoverFromFourServerFaults874006668/001/node-1/jetstream/$G/streams/WF_RUN/obs/WF_P_18/o.dat.tmp", AT_FDCWD</home/runner/work/js-wf/js-wf/integration>, "/tmp/TestMixedWorkflowsRecoverFromFourServerFaults874006668/001/node-1/jetstream/$G/streams/WF_RUN/obs/WF_P_18/o.dat") = 0 <0.000146>
3285  1790834059.421111 <... pwrite64 resumed>) = 161 (DELAYED) <0.025021>
3286  1790834059.421246 <... pwrite64 resumed>) = 140 (DELAYED) <0.025095>
3285  1790834059.421281 pwrite64(45</tmp/TestMixedWorkflowsRecoverFromFourServerFaults874006668/001/node-1/jetstream/$SYS/_js_/C-R3F-Qi7jewV8/msgs/1.blk>, "z\0\0\0\22\0\0\0\0\0\0\0\303{y\273\26R\332\30\0\0St9I6EVH\3\0"..., 122, 1911 <unfinished ...>
3317  1790834059.421398 <... pwrite64 resumed>) = 122 (DELAYED) <0.025031>
3317  1790834059.421486 pwrite64(48</tmp/TestMixedWorkflowsRecoverFromFourServerFaults874006668/001/node-1/jetstream/$SYS/_js_/C-R3F-BJrVOQpv/msgs/1.blk>, "\241\0\0\0\22\0\0\0\0\0\0\0\304~|\273\26R\332\30\0\0St9I6EVH\3\0"..., 161, 1872 <unfinished ...>
3314  1790834059.421736 <... pwrite64 resumed>) = 126 (DELAYED) <0.025056>
3301  1790834059.422035 <... pwrite64 resumed>) = 148 (DELAYED) <0.025067>
3301  1790834059.422116 pwrite64(21</tmp/TestMixedWorkflowsRecoverFromFourServerFaults874006668/001/node-1/jetstream/$SYS/_js_/S-R3F-G9FrvoEG/msgs/2.blk>, "\207\1\0\0a\0\0\0\0\0\0\0\177\n\206\273\26R\332\30\0\0St9I6EVH\3\0"..., 391, 29768 <unfinished ...>
3286  1790834059.423949 newfstatat(AT_FDCWD</home/runner/work/js-wf/js-wf/integration>, "/tmp/TestMixedWorkflowsRecoverFromFourServerFaults874006668/001/node-1/jetstream/$G/streams/WF_RUN/obs/WF_P_48/o.dat", {st_mode=S_IFREG|0600, st_size=16, ...}, AT_SYMLINK_NOFOLLOW) = 0 <0.000031>
3286  1790834059.424057 renameat(AT_FDCWD</home/runner/work/js-wf/js-wf/integration>, "/tmp/TestMixedWorkflowsRecoverFromFourServerFaults874006668/001/node-1/jetstream/$G/streams/WF_RUN/obs/WF_P_48/o.dat.tmp", AT_FDCWD</home/runner/work/js-wf/js-wf/integration>, "/tmp/TestMixedWorkflowsRecoverFromFourServerFaults874006668/001/node-1/jetstream/$G/streams/WF_RUN/obs/WF_P_48/o.dat") = 0 <0.000188>
3271  1790834059.428536 <... pwrite64 resumed>) = 161 (DELAYED) <0.025070>
3316  1790834059.428773 <... pwrite64 resumed>) = 134 (DELAYED) <0.025243>
3271  1790834059.430561 newfstatat(AT_FDCWD</home/runner/work/js-wf/js-wf/integration>, "/tmp/TestMixedWorkflowsRecoverFromFourServerFaults874006668/001/node-1/jetstream/$G/streams/WF_RUN/obs/WF_P_00/o.dat", {st_mode=S_IFREG|0600, st_size=16, ...}, AT_SYMLINK_NOFOLLOW) = 0 <0.000050>
3271  1790834059.430691 renameat(AT_FDCWD</home/runner/work/js-wf/js-wf/integration>, "/tmp/TestMixedWorkflowsRecoverFromFourServerFaults874006668/001/node-1/jetstream/$G/streams/WF_RUN/obs/WF_P_00/o.dat.tmp", AT_FDCWD</home/runner/work/js-wf/js-wf/integration>, "/tmp/TestMixedWorkflowsRecoverFromFourServerFaults874006668/001/node-1/jetstream/$G/streams/WF_RUN/obs/WF_P_00/o.dat") = 0 <0.000250>
3314  1790834059.432496 pwrite64(30</tmp/TestMixedWorkflowsRecoverFromFourServerFaults874006668/001/node-1/jetstream/$G/streams/KV_WF_LEASE/msgs/1.blk>, "\272\0\0\200\233\1\0\0\0\0\0\0\243\302\247\273\26R\332\30?\0$KV.WF_LEA"..., 690, 67375 <unfinished ...>
3321  1790834059.435908 <... pwrite64 resumed>) = 87 (DELAYED) <0.025055>
3320  1790834059.437802 newfstatat(AT_FDCWD</home/runner/work/js-wf/js-wf/integration>, "/tmp/TestMixedWorkflowsRecoverFromFourServerFaults874006668/001/node-1/jetstream/$G/streams/WF_RUN/obs/WF_P_55/o.dat", {st_mode=S_IFREG|0600, st_size=8, ...}, AT_SYMLINK_NOFOLLOW) = 0 <0.000044>
3320  1790834059.437946 renameat(AT_FDCWD</home/runner/work/js-wf/js-wf/integration>, "/tmp/TestMixedWorkflowsRecoverFromFourServerFaults874006668/001/node-1/jetstream/$G/streams/WF_RUN/obs/WF_P_55/o.dat.tmp", AT_FDCWD</home/runner/work/js-wf/js-wf/integration>, "/tmp/TestMixedWorkflowsRecoverFromFourServerFaults874006668/001/node-1/jetstream/$G/streams/WF_RUN/obs/WF_P_55/o.dat") = 0 <0.000184>
3319  1790834059.438511 <... pwrite64 resumed>) = 122 (DELAYED) <0.025077>
3285  1790834059.446346 <... pwrite64 resumed>) = 122 (DELAYED) <0.025036>
3317  1790834059.446534 <... pwrite64 resumed>) = 161 (DELAYED) <0.025020>
3301  1790834059.447316 <... pwrite64 resumed>) = 391 (DELAYED) <0.025173>
3301  1790834059.447486 pwrite64(21</tmp/TestMixedWorkflowsRecoverFromFourServerFaults874006668/001/node-1/jetstream/$SYS/_js_/S-R3F-G9FrvoEG/msgs/2.blk>, "\224\0\0\0b\0\0\0\0\0\0\0a!\t\275\26R\332\30\0\0St9I6EVH\3\0"..., 148, 30159 <unfinished ...>
3319  1790834059.447532 newfstatat(AT_FDCWD</home/runner/work/js-wf/js-wf/integration>, "/tmp/TestMixedWorkflowsRecoverFromFourServerFaults874006668/001/node-1/jetstream/$G/streams/WF_RUN/obs/WF_P_43/o.dat", {st_mode=S_IFREG|0600, st_size=18, ...}, AT_SYMLINK_NOFOLLOW) = 0 <0.000026>
3285  1790834059.447620 newfstatat(AT_FDCWD</home/runner/work/js-wf/js-wf/integration>, "/tmp/TestMixedWorkflowsRecoverFromFourServerFaults874006668/001/node-1/jetstream/$G/streams/WF_RUN/obs/WF_P_28/o.dat",  <unfinished ...>
3319  1790834059.447665 renameat(AT_FDCWD</home/runner/work/js-wf/js-wf/integration>, "/tmp/TestMixedWorkflowsRecoverFromFourServerFaults874006668/001/node-1/jetstream/$G/streams/WF_RUN/obs/WF_P_43/o.dat.tmp", AT_FDCWD</home/runner/work/js-wf/js-wf/integration>, "/tmp/TestMixedWorkflowsRecoverFromFourServerFaults874006668/001/node-1/jetstream/$G/streams/WF_RUN/obs/WF_P_43/o.dat" <unfinished ...>
3285  1790834059.447719 <... newfstatat resumed>{st_mode=S_IFREG|0600, st_size=18, ...}, AT_SYMLINK_NOFOLLOW) = 0 <0.000074>
3285  1790834059.447788 renameat(AT_FDCWD</home/runner/work/js-wf/js-wf/integration>, "/tmp/TestMixedWorkflowsRecoverFromFourServerFaults874006668/001/node-1/jetstream/$G/streams/WF_RUN/obs/WF_P_28/o.dat.tmp", AT_FDCWD</home/runner/work/js-wf/js-wf/integration>, "/tmp/TestMixedWorkflowsRecoverFromFourServerFaults874006668/001/node-1/jetstream/$G/streams/WF_RUN/obs/WF_P_28/o.dat" <unfinished ...>
3319  1790834059.447903 <... renameat resumed>) = 0 <0.000206>
3285  1790834059.448128 <... renameat resumed>) = 0 <0.000301>
3319  1790834059.449343 pwrite64(22</tmp/TestMixedWorkflowsRecoverFromFourServerFaults874006668/001/node-1/jetstream/$G/streams/WF_RUN/msgs/1.blk>, "\36\0\0\0W\0\0\0\0\0\0@\2650f\247\26R\332\30\0\0\5\224d2u\364\350t", 30, 19527 <unfinished ...>
3271  1790834059.457261 newfstatat(AT_FDCWD</home/runner/work/js-wf/js-wf/integration>, "/tmp/TestMixedWorkflowsRecoverFromFourServerFaults874006668/001/node-1/jetstream/$G/streams/WF_RUN/obs/WF_P_26/o.dat", {st_mode=S_IFREG|0600, st_size=33, ...}, AT_SYMLINK_NOFOLLOW) = 0 <0.000024>
3271  1790834059.457338 renameat(AT_FDCWD</home/runner/work/js-wf/js-wf/integration>, "/tmp/TestMixedWorkflowsRecoverFromFourServerFaults874006668/001/node-1/jetstream/$G/streams/WF_RUN/obs/WF_P_26/o.dat.tmp", AT_FDCWD</home/runner/work/js-wf/js-wf/integration>, "/tmp/TestMixedWorkflowsRecoverFromFourServerFaults874006668/001/node-1/jetstream/$G/streams/WF_RUN/obs/WF_P_26/o.dat") = 0 <0.000189>
3314  1790834059.457564 <... pwrite64 resumed>) = 690 (DELAYED) <0.025023>
3317  1790834059.459035 pwrite64(47</tmp/TestMixedWorkflowsRecoverFromFourServerFaults874006668/001/node-1/jetstream/$SYS/_js_/C-R3F-HvwsqB9S/msgs/1.blk>, "Q\0\0\0\f\0\0\0\0\0\0\0@u\271\275\26R\332\30\0\0St9I6EVH\3\0"..., 81, 1217 <unfinished ...>
3314  1790834059.459972 pwrite64(30</tmp/TestMixedWorkflowsRecoverFromFourServerFaults874006668/001/node-1/jetstream/$G/streams/KV_WF_LEASE/msgs/1.blk>, "\215\0\0\200\237\1\0\0\0\0\0\0f\325\244\275\26R\332\30\"\0$KV.WF_LEA"..., 141, 68065 <unfinished ...>
3301  1790834059.472566 <... pwrite64 resumed>) = 148 (DELAYED) <0.025053>
3301  1790834059.472908 --- SIGURG {si_signo=SIGURG, si_code=SI_TKILL, si_pid=3265, si_uid=1001} ---
3285  1790834059.472940 pwrite64(21</tmp/TestMixedWorkflowsRecoverFromFourServerFaults874006668/001/node-1/jetstream/$SYS/_js_/S-R3F-G9FrvoEG/msgs/2.blk>, "\224\0\0\0c\0\0\0\0\0\0\0n(\215\276\26R\332\30\0\0St9I6EVH\3\0"..., 148, 30307 <unfinished ...>
3319  1790834059.474425 <... pwrite64 resumed>) = 30 (DELAYED) <0.025048>
3319  1790834059.477273 newfstatat(AT_FDCWD</home/runner/work/js-wf/js-wf/integration>, "/tmp/TestMixedWorkflowsRecoverFromFourServerFaults874006668/001/node-1/jetstream/$G/streams/WF_RUN/obs/WF_P_33/o.dat", {st_mode=S_IFREG|0600, st_size=8, ...}, AT_SYMLINK_NOFOLLOW) = 0 <0.000027>
3319  1790834059.477387 renameat(AT_FDCWD</home/runner/work/js-wf/js-wf/integration>, "/tmp/TestMixedWorkflowsRecoverFromFourServerFaults874006668/001/node-1/jetstream/$G/streams/WF_RUN/obs/WF_P_33/o.dat.tmp", AT_FDCWD</home/runner/work/js-wf/js-wf/integration>, "/tmp/TestMixedWorkflowsRecoverFromFourServerFaults874006668/001/node-1/jetstream/$G/streams/WF_RUN/obs/WF_P_33/o.dat") = 0 <0.000156>
3317  1790834059.484089 <... pwrite64 resumed>) = 81 (DELAYED) <0.025027>
3317  1790834059.484311 --- SIGURG {si_signo=SIGURG, si_code=SI_TKILL, si_pid=3265, si_uid=1001} ---
3317  1790834059.484458 pwrite64(47</tmp/TestMixedWorkflowsRecoverFromFourServerFaults874006668/001/node-1/jetstream/$SYS/_js_/C-R3F-HvwsqB9S/msgs/1.blk>, "z\0\0\0\r\0\0\0\0\0\0\0\231W=\277\26R\332\30\0\0St9I6EVH\3\0"..., 122, 1298 <unfinished ...>
3314  1790834059.485057 <... pwrite64 resumed>) = 141 (DELAYED) <0.025046>
3321  1790834059.487210 pwrite64(41</tmp/TestMixedWorkflowsRecoverFromFourServerFaults874006668/001/node-1/jetstream/$SYS/_js_/C-R3F-U2k39UyT/msgs/1.blk>, "t\0\0\0#\0\0\0\0\0\0\0\233`g\277\26R\332\30\0\0St9I6EVH\3\0"..., 116, 4057 <unfinished ...>
3314  1790834059.487294 pwrite64(30</tmp/TestMixedWorkflowsRecoverFromFourServerFaults874006668/001/node-1/jetstream/$G/streams/KV_WF_LEASE/msgs/1.blk>, "\252\0\0\200\240\1\0\0\0\0\0\0\3523J\277\26R\332\30?\0$KV.WF_LEA"..., 170, 68206 <unfinished ...>
3285  1790834059.497994 <... pwrite64 resumed>) = 148 (DELAYED) <0.025031>
3285  1790834059.498232 --- SIGURG {si_signo=SIGURG, si_code=SI_TKILL, si_pid=3265, si_uid=1001} ---
3285  1790834059.498410 pwrite64(21</tmp/TestMixedWorkflowsRecoverFromFourServerFaults874006668/001/node-1/jetstream/$SYS/_js_/S-R3F-G9FrvoEG/msgs/2.blk>, "\223\0\0\0d\0\0\0\0\0\0\0\324O\22\300\26R\332\30\0\0St9I6EVH\3\0"..., 147, 30455 <unfinished ...>
3301  1790834059.501694 pwrite64(22</tmp/TestMixedWorkflowsRecoverFromFourServerFaults874006668/001/node-1/jetstream/$G/streams/WF_RUN/msgs/1.blk>, "k\0\0\200]\0\0\0\0\0\0\0\257:\10\272\26R\332\30\t\0wf.run.27*"..., 274, 19557 <unfinished ...>
3271  1790834059.504822 pwrite64(26</tmp/TestMixedWorkflowsRecoverFromFourServerFaults874006668/001/node-1/jetstream/$G/streams/WF_SIG/msgs/1.blk>, "\363\0\0\200\n\0\0\0\0\0\0\0t\367K\300\26R\332\30 \0wf.sig.mix"..., 243, 2469 <unfinished ...>
3317  1790834059.509526 <... pwrite64 resumed>) = 122 (DELAYED) <0.025041>
3321  1790834059.512278 <... pwrite64 resumed>) = 116 (DELAYED) <0.025036>
3314  1790834059.512398 <... pwrite64 resumed>) = 170 (DELAYED) <0.025081>
3316  1790834059.513823 pwrite64(30</tmp/TestMixedWorkflowsRecoverFromFourServerFaults874006668/001/node-1/jetstream/$G/streams/KV_WF_LEASE/msgs/1.blk>, "\234\0\0\200\241\1\0\0\0\0\0\0\350B[\277\26R\332\30\"\0$KV.WF_LEA"..., 156, 68376 <unfinished ...>
3317  1790834059.518032 newfstatat(AT_FDCWD</home/runner/work/js-wf/js-wf/integration>, "/tmp/TestMixedWorkflowsRecoverFromFourServerFaults874006668/001/node-1/jetstream/$G/streams/WF_RUN/obs/WF_P_10/o.dat", {st_mode=S_IFREG|0600, st_size=18, ...}, AT_SYMLINK_NOFOLLOW) = 0 <0.000037>
3317  1790834059.518144 renameat(AT_FDCWD</home/runner/work/js-wf/js-wf/integration>, "/tmp/TestMixedWorkflowsRecoverFromFourServerFaults874006668/001/node-1/jetstream/$G/streams/WF_RUN/obs/WF_P_10/o.dat.tmp", AT_FDCWD</home/runner/work/js-wf/js-wf/integration>, "/tmp/TestMixedWorkflowsRecoverFromFourServerFaults874006668/001/node-1/jetstream/$G/streams/WF_RUN/obs/WF_P_10/o.dat") = 0 <0.000249>
3314  1790834059.520410 newfstatat(AT_FDCWD</home/runner/work/js-wf/js-wf/integration>, "/tmp/TestMixedWorkflowsRecoverFromFourServerFaults874006668/001/node-1/jetstream/$G/streams/WF_RUN/obs/WF_P_18/o.dat", {st_mode=S_IFREG|0600, st_size=16, ...}, AT_SYMLINK_NOFOLLOW) = 0 <0.000025>
3314  1790834059.520486 renameat(AT_FDCWD</home/runner/work/js-wf/js-wf/integration>, "/tmp/TestMixedWorkflowsRecoverFromFourServerFaults874006668/001/node-1/jetstream/$G/streams/WF_RUN/obs/WF_P_18/o.dat.tmp", AT_FDCWD</home/runner/work/js-wf/js-wf/integration>, "/tmp/TestMixedWorkflowsRecoverFromFourServerFaults874006668/001/node-1/jetstream/$G/streams/WF_RUN/obs/WF_P_18/o.dat") = 0 <0.000163>
3285  1790834059.523466 <... pwrite64 resumed>) = 147 (DELAYED) <0.025022>
3285  1790834059.523589 pwrite64(21</tmp/TestMixedWorkflowsRecoverFromFourServerFaults874006668/001/node-1/jetstream/$SYS/_js_/S-R3F-G9FrvoEG/msgs/2.blk>, "\332\0\0\0e\0\0\0\0\0\0\0\253\255\222\301\26R\332\30\0\0St9I6EVH\3\0"..., 218, 30602 <unfinished ...>
3319  1790834059.526059 newfstatat(AT_FDCWD</home/runner/work/js-wf/js-wf/integration>, "/tmp/TestMixedWorkflowsRecoverFromFourServerFaults874006668/001/node-1/jetstream/$G/streams/WF_RUN/obs/WF_P_48/o.dat", {st_mode=S_IFREG|0600, st_size=18, ...}, AT_SYMLINK_NOFOLLOW) = 0 <0.000024>
3319  1790834059.526136 renameat(AT_FDCWD</home/runner/work/js-wf/js-wf/integration>, "/tmp/TestMixedWorkflowsRecoverFromFourServerFaults874006668/001/node-1/jetstream/$G/streams/WF_RUN/obs/WF_P_48/o.dat.tmp", AT_FDCWD</home/runner/work/js-wf/js-wf/integration>, "/tmp/TestMixedWorkflowsRecoverFromFourServerFaults874006668/001/node-1/jetstream/$G/streams/WF_RUN/obs/WF_P_48/o.dat") = 0 <0.000161>
3301  1790834059.526744 <... pwrite64 resumed>) = 274 (DELAYED) <0.025014>
3271  1790834059.529874 <... pwrite64 resumed>) = 243 (DELAYED) <0.025023>
3317  1790834059.532728 newfstatat(AT_FDCWD</home/runner/work/js-wf/js-wf/integration>, "/tmp/TestMixedWorkflowsRecoverFromFourServerFaults874006668/001/node-1/jetstream/$G/streams/WF_RUN/obs/WF_P_00/o.dat", {st_mode=S_IFREG|0600, st_size=8, ...}, AT_SYMLINK_NOFOLLOW) = 0 <0.000029>
3317  1790834059.532823 renameat(AT_FDCWD</home/runner/work/js-wf/js-wf/integration>, "/tmp/TestMixedWorkflowsRecoverFromFourServerFaults874006668/001/node-1/jetstream/$G/streams/WF_RUN/obs/WF_P_00/o.dat.tmp", AT_FDCWD</home/runner/work/js-wf/js-wf/integration>, "/tmp/TestMixedWorkflowsRecoverFromFourServerFaults874006668/001/node-1/jetstream/$G/streams/WF_RUN/obs/WF_P_00/o.dat") = 0 <0.000149>
3316  1790834059.538887 <... pwrite64 resumed>) = 156 (DELAYED) <0.025025>
3317  1790834059.540821 pwrite64(31</tmp/TestMixedWorkflowsRecoverFromFourServerFaults874006668/001/node-1/jetstream/$SYS/_js_/S-R3F-OEyp3t6z/msgs/2.blk>, "\340\0\0\0\16\0\0\0\0\0\0\0Q\210\231\302\26R\332\30\0\0000WED9nmv\2\0"..., 224, 3543 <unfinished ...>
3319  1790834059.546682 pwrite64(30</tmp/TestMixedWorkflowsRecoverFromFourServerFaults874006668/001/node-1/jetstream/$G/streams/KV_WF_LEASE/msgs/1.blk>, "\234\0\0\200\242\1\0\0\0\0\0\0}\345\350\300\26R\332\30\"\0$KV.WF_LEA"..., 1275, 68532 <unfinished ...>
3285  1790834059.548805 <... pwrite64 resumed>) = 218 (DELAYED) <0.025188>
3314  1790834059.548919 newfstatat(AT_FDCWD</home/runner/work/js-wf/js-wf/integration>, "/tmp/TestMixedWorkflowsRecoverFromFourServerFaults874006668/001/node-1/jetstream/$G/streams/WF_RUN/obs/WF_P_43/o.dat", {st_mode=S_IFREG|0600, st_size=18, ...}, AT_SYMLINK_NOFOLLOW) = 0 <0.000045>
3314  1790834059.549039 renameat(AT_FDCWD</home/runner/work/js-wf/js-wf/integration>, "/tmp/TestMixedWorkflowsRecoverFromFourServerFaults874006668/001/node-1/jetstream/$G/streams/WF_RUN/obs/WF_P_43/o.dat.tmp", AT_FDCWD</home/runner/work/js-wf/js-wf/integration>, "/tmp/TestMixedWorkflowsRecoverFromFourServerFaults874006668/001/node-1/jetstream/$G/streams/WF_RUN/obs/WF_P_43/o.dat" <unfinished ...>
3321  1790834059.549221 pwrite64(21</tmp/TestMixedWorkflowsRecoverFromFourServerFaults874006668/001/node-1/jetstream/$SYS/_js_/S-R3F-G9FrvoEG/msgs/2.blk>, "\223\0\0\0f\0\0\0\0\0\0\0\230\203\31\303\26R\332\30\0\0St9I6EVH\3\0"..., 147, 30820 <unfinished ...>
3314  1790834059.549282 <... renameat resumed>) = 0 <0.000213>
3271  1790834059.549311 newfstatat(AT_FDCWD</home/runner/work/js-wf/js-wf/integration>, "/tmp/TestMixedWorkflowsRecoverFromFourServerFaults874006668/001/node-1/jetstream/$G/streams/WF_RUN/obs/WF_P_28/o.dat", {st_mode=S_IFREG|0600, st_size=18, ...}, AT_SYMLINK_NOFOLLOW) = 0 <0.000080>
3271  1790834059.549524 renameat(AT_FDCWD</home/runner/work/js-wf/js-wf/integration>, "/tmp/TestMixedWorkflowsRecoverFromFourServerFaults874006668/001/node-1/jetstream/$G/streams/WF_RUN/obs/WF_P_28/o.dat.tmp", AT_FDCWD</home/runner/work/js-wf/js-wf/integration>, "/tmp/TestMixedWorkflowsRecoverFromFourServerFaults874006668/001/node-1/jetstream/$G/streams/WF_RUN/obs/WF_P_28/o.dat") = 0 <0.000510>
3314  1790834059.550310 pwrite64(22</tmp/TestMixedWorkflowsRecoverFromFourServerFaults874006668/001/node-1/jetstream/$G/streams/WF_RUN/msgs/1.blk>, "\36\0\0\0E\0\0\0\0\0\0@\303P\243{\25R\332\30\0\0z\26\260\234\360ua\233", 30, 19831 <unfinished ...>
3316  1790834059.559006 newfstatat(AT_FDCWD</home/runner/work/js-wf/js-wf/integration>, "/tmp/TestMixedWorkflowsRecoverFromFourServerFaults874006668/001/node-1/jetstream/$G/streams/WF_RUN/obs/WF_P_26/o.dat", {st_mode=S_IFREG|0600, st_size=33, ...}, AT_SYMLINK_NOFOLLOW) = 0 <0.000027>
3316  1790834059.559133 renameat(AT_FDCWD</home/runner/work/js-wf/js-wf/integration>, "/tmp/TestMixedWorkflowsRecoverFromFourServerFaults874006668/001/node-1/jetstream/$G/streams/WF_RUN/obs/WF_P_26/o.dat.tmp", AT_FDCWD</home/runner/work/js-wf/js-wf/integration>, "/tmp/TestMixedWorkflowsRecoverFromFourServerFaults874006668/001/node-1/jetstream/$G/streams/WF_RUN/obs/WF_P_26/o.dat") = 0 <0.000274>
3317  1790834059.565971 <... pwrite64 resumed>) = 224 (DELAYED) <0.025118>
3301  1790834059.568178 pwrite64(32</tmp/TestMixedWorkflowsRecoverFromFourServerFaults874006668/001/node-1/jetstream/$G/streams/KV_WF_STATE/msgs/1.blk>, "r\0\0\200\16\0\0\0\0\0\0\0d\346\220\302\26R\332\30\33\0$KV.WF_STA"..., 114, 2117 <unfinished ...>
3319  1790834059.571763 <... pwrite64 resumed>) = 1275 (DELAYED) <0.025007>
3320  1790834059.573808 pwrite64(45</tmp/TestMixedWorkflowsRecoverFromFourServerFaults874006668/001/node-1/jetstream/$SYS/_js_/C-R3F-Qi7jewV8/msgs/1.blk>, "Q\0\0\0\23\0\0\0\0\0\0\0\361\341\220\304\26R\332\30\0\0St9I6EVH\3\0"..., 81, 2033 <unfinished ...>
3319  1790834059.573893 pwrite64(30</tmp/TestMixedWorkflowsRecoverFromFourServerFaults874006668/001/node-1/jetstream/$G/streams/KV_WF_LEASE/msgs/1.blk>, "\215\0\0\200\252\1\0\0\0\0\0\0\350\366r\304\26R\332\30\"\0$KV.WF_LEA"..., 282, 69807 <unfinished ...>
3317  1790834059.573992 pwrite64(48</tmp/TestMixedWorkflowsRecoverFromFourServerFaults874006668/001/node-1/jetstream/$SYS/_js_/C-R3F-BJrVOQpv/msgs/1.blk>, "l\0\0\0\23\0\0\0\0\0\0\0\34\273\223\304\26R\332\30\0\0St9I6EVH\3\0"..., 108, 2033 <unfinished ...>
3321  1790834059.574297 <... pwrite64 resumed>) = 147 (DELAYED) <0.025052>
3321  1790834059.574421 pwrite64(21</tmp/TestMixedWorkflowsRecoverFromFourServerFaults874006668/001/node-1/jetstream/$SYS/_js_/S-R3F-G9FrvoEG/msgs/2.blk>, "\224\0\0\0g\0\0\0\0\0\0\0<\0\232\304\26R\332\30\0\0St9I6EVH\3\0"..., 148, 30967 <unfinished ...>
3314  1790834059.575435 <... pwrite64 resumed>) = 30 (DELAYED) <0.025093>
3285  1790834059.576763 pwrite64(22</tmp/TestMixedWorkflowsRecoverFromFourServerFaults874006668/001/node-1/jetstream/$G/streams/WF_RUN/msgs/1.blk>, "\36\0\0\0\4\0\0\0\0\0\0@2]\300\24\23R\332\30\0\0\30\302\276U\23\10\207]", 30, 19861 <unfinished ...>
3301  1790834059.593264 <... pwrite64 resumed>) = 114 (DELAYED) <0.025043>
3301  1790834059.593694 --- SIGURG {si_signo=SIGURG, si_code=SI_TKILL, si_pid=3265, si_uid=1001} ---
3320  1790834059.598861 <... pwrite64 resumed>) = 81 (DELAYED) <0.025016>
3319  1790834059.598987 <... pwrite64 resumed>) = 282 (DELAYED) <0.025064>
3320  1790834059.599099 pwrite64(45</tmp/TestMixedWorkflowsRecoverFromFourServerFaults874006668/001/node-1/jetstream/$SYS/_js_/C-R3F-Qi7jewV8/msgs/1.blk>, "z\0\0\0\24\0\0\0\0\0\0\0\202\203\22\306\26R\332\30\0\0St9I6EVH\3\0"..., 122, 2114 <unfinished ...>
3317  1790834059.599147 <... pwrite64 resumed>) = 108 (DELAYED) <0.025126>
3319  1790834059.599215 pwrite64(48</tmp/TestMixedWorkflowsRecoverFromFourServerFaults874006668/001/node-1/jetstream/$SYS/_js_/C-R3F-BJrVOQpv/msgs/1.blk>, "_\0\0\0\24\0\0\0\0\0\0\0\317\232\24\306\26R\332\30\0\0St9I6EVH\3\0"..., 95, 2141 <unfinished ...>
3321  1790834059.599541 <... pwrite64 resumed>) = 148 (DELAYED) <0.025086>
3301  1790834059.600752 pwrite64(42</tmp/TestMixedWorkflowsRecoverFromFourServerFaults874006668/001/node-1/jetstream/$SYS/_js_/C-R3F-Fspi1V4u/msgs/1.blk>, "Q\0\0\0\31\0\0\0\0\0\0\0\313\235+\306\26R\332\30\0\0St9I6EVH\2\0"..., 81, 2737 <unfinished ...>
3271  1790834059.600906 pwrite64(39</tmp/TestMixedWorkflowsRecoverFromFourServerFaults874006668/001/node-1/jetstream/$SYS/_js_/C-R3F-7OjMKAQS/msgs/1.blk>, "Q\0\0\0\32\0\0\0\0\0\0\0oQ.\306\26R\332\30\0\0St9I6EVH\3\0"..., 81, 2810 <unfinished ...>
3317  1790834059.601138 pwrite64(30</tmp/TestMixedWorkflowsRecoverFromFourServerFaults874006668/001/node-1/jetstream/$G/streams/KV_WF_LEASE/msgs/1.blk>, "\215\0\0\200\254\1\0\0\0\0\0\0\374\32\22\306\26R\332\30\"\0$KV.WF_LEA"..., 282, 70089 <unfinished ...>
3285  1790834059.601813 <... pwrite64 resumed>) = 30 (DELAYED) <0.025012>
3316  1790834059.601996 pwrite64(40</tmp/TestMixedWorkflowsRecoverFromFourServerFaults874006668/001/node-1/jetstream/$SYS/_js_/C-R3F-MUBUTFU3/msgs/1.blk>, "z\0\0\0\22\0\0\0\0\0\0\0X\370>\306\26R\332\30\0\0St9I6EVH\3\0"..., 122, 1947 <unfinished ...>
3285  1790834059.605481 pwrite64(22</tmp/TestMixedWorkflowsRecoverFromFourServerFaults874006668/001/node-1/jetstream/$G/streams/WF_RUN/msgs/1.blk>, "l\0\0\200_\0\0\0\0\0\0\0\274q`\300\26R\332\30\t\0wf.run.27+"..., 168, 19891 <unfinished ...>
3321  1790834059.606881 pwrite64(21</tmp/TestMixedWorkflowsRecoverFromFourServerFaults874006668/001/node-1/jetstream/$SYS/_js_/S-R3F-G9FrvoEG/msgs/2.blk>, "\332\0\0\0h\0\0\0\0\0\0\0[\240\211\306\26R\332\30\0\0St9I6EVH\3\0"..., 218, 31115 <unfinished ...>
3314  1790834059.608353 pwrite64(26</tmp/TestMixedWorkflowsRecoverFromFourServerFaults874006668/001/node-1/jetstream/$G/streams/WF_SIG/msgs/1.blk>, "\363\0\0\200\v\0\0\0\0\0\0\0\234\270y\306\26R\332\30 \0wf.sig.mix"..., 243, 2712 <unfinished ...>
3303  1790834059.619158 newfstatat(AT_FDCWD</home/runner/work/js-wf/js-wf/integration>, "/tmp/TestMixedWorkflowsRecoverFromFourServerFaults874006668/001/node-1/jetstream/$G/streams/WF_RUN/obs/WF_P_10/o.dat", {st_mode=S_IFREG|0600, st_size=8, ...}, AT_SYMLINK_NOFOLLOW) = 0 <0.000031>
3303  1790834059.619250 renameat(AT_FDCWD</home/runner/work/js-wf/js-wf/integration>, "/tmp/TestMixedWorkflowsRecoverFromFourServerFaults874006668/001/node-1/jetstream/$G/streams/WF_RUN/obs/WF_P_10/o.dat.tmp", AT_FDCWD</home/runner/work/js-wf/js-wf/integration>, "/tmp/TestMixedWorkflowsRecoverFromFourServerFaults874006668/001/node-1/jetstream/$G/streams/WF_RUN/obs/WF_P_10/o.dat") = 0 <0.000165>
3315  1790834059.621634 newfstatat(AT_FDCWD</home/runner/work/js-wf/js-wf/integration>, "/tmp/TestMixedWorkflowsRecoverFromFourServerFaults874006668/001/node-1/jetstream/$G/streams/WF_RUN/obs/WF_P_18/o.dat", {st_mode=S_IFREG|0600, st_size=16, ...}, AT_SYMLINK_NOFOLLOW) = 0 <0.000039>
3315  1790834059.621743 renameat(AT_FDCWD</home/runner/work/js-wf/js-wf/integration>, "/tmp/TestMixedWorkflowsRecoverFromFourServerFaults874006668/001/node-1/jetstream/$G/streams/WF_RUN/obs/WF_P_18/o.dat.tmp", AT_FDCWD</home/runner/work/js-wf/js-wf/integration>, "/tmp/TestMixedWorkflowsRecoverFromFourServerFaults874006668/001/node-1/jetstream/$G/streams/WF_RUN/obs/WF_P_18/o.dat") = 0 <0.000181>
3320  1790834059.624151 <... pwrite64 resumed>) = 122 (DELAYED) <0.025025>
3319  1790834059.624294 <... pwrite64 resumed>) = 95 (DELAYED) <0.025060>
3320  1790834059.624443 --- SIGURG {si_signo=SIGURG, si_code=SI_TKILL, si_pid=3265, si_uid=1001} ---
3301  1790834059.625863 <... pwrite64 resumed>) = 81 (DELAYED) <0.025075>
3301  1790834059.626021 pwrite64(42</tmp/TestMixedWorkflowsRecoverFromFourServerFaults874006668/001/node-1/jetstream/$SYS/_js_/C-R3F-Fspi1V4u/msgs/1.blk>, "\241\0\0\0\32\0\0\0\0\0\0\0\7\212\255\307\26R\332\30\0\0St9I6EVH\2\0"..., 161, 2818 <unfinished ...>
3271  1790834059.626042 <... pwrite64 resumed>) = 81 (DELAYED) <0.025103>
3271  1790834059.626096 pwrite64(39</tmp/TestMixedWorkflowsRecoverFromFourServerFaults874006668/001/node-1/jetstream/$SYS/_js_/C-R3F-7OjMKAQS/msgs/1.blk>, "\241\0\0\0\33\0\0\0\0\0\0\0\225\323\256\307\26R\332\30\0\0St9I6EVH\3\0"..., 161, 2891 <unfinished ...>
3317  1790834059.626214 <... pwrite64 resumed>) = 282 (DELAYED) <0.025054>
3316  1790834059.627052 <... pwrite64 resumed>) = 122 (DELAYED) <0.025025>
3316  1790834059.627177 pwrite64(40</tmp/TestMixedWorkflowsRecoverFromFourServerFaults874006668/001/node-1/jetstream/$SYS/_js_/C-R3F-MUBUTFU3/msgs/1.blk>, "l\0\0\0\23\0\0\0\0\0\0\0\207N\277\307\26R\332\30\0\0St9I6EVH\3\0"..., 108, 2069 <unfinished ...>
3303  1790834059.627226 newfstatat(AT_FDCWD</home/runner/work/js-wf/js-wf/integration>, "/tmp/TestMixedWorkflowsRecoverFromFourServerFaults874006668/001/node-1/jetstream/$G/streams/WF_RUN/obs/WF_P_48/o.dat", {st_mode=S_IFREG|0600, st_size=8, ...}, AT_SYMLINK_NOFOLLOW) = 0 <0.000027>
3303  1790834059.627310 renameat(AT_FDCWD</home/runner/work/js-wf/js-wf/integration>, "/tmp/TestMixedWorkflowsRecoverFromFourServerFaults874006668/001/node-1/jetstream/$G/streams/WF_RUN/obs/WF_P_48/o.dat.tmp", AT_FDCWD</home/runner/work/js-wf/js-wf/integration>, "/tmp/TestMixedWorkflowsRecoverFromFourServerFaults874006668/001/node-1/jetstream/$G/streams/WF_RUN/obs/WF_P_48/o.dat") = 0 <0.000209>
3285  1790834059.630537 <... pwrite64 resumed>) = 168 (DELAYED) <0.025023>
3321  1790834059.631935 <... pwrite64 resumed>) = 218 (DELAYED) <0.025029>
3321  1790834059.632097 pwrite64(21</tmp/TestMixedWorkflowsRecoverFromFourServerFaults874006668/001/node-1/jetstream/$SYS/_js_/S-R3F-G9FrvoEG/msgs/2.blk>, "\335\0\0\0i\0\0\0\0\0\0\0000C\n\310\26R\332\30\0\0St9I6EVH\3\0"..., 221, 31333 <unfinished ...>
3314  1790834059.633417 <... pwrite64 resumed>) = 243 (DELAYED) <0.025033>
3286  1790834059.650515 --- SIGURG {si_signo=SIGURG, si_code=SI_TKILL, si_pid=3265, si_uid=1001} ---
3303  1790834059.650795 newfstatat(AT_FDCWD</home/runner/work/js-wf/js-wf/integration>, "/tmp/TestMixedWorkflowsRecoverFromFourServerFaults874006668/001/node-1/jetstream/$G/streams/WF_RUN/obs/WF_P_43/o.dat", {st_mode=S_IFREG|0600, st_size=18, ...}, AT_SYMLINK_NOFOLLOW) = 0 <0.000032>
3303  1790834059.650894 renameat(AT_FDCWD</home/runner/work/js-wf/js-wf/integration>, "/tmp/TestMixedWorkflowsRecoverFromFourServerFaults874006668/001/node-1/jetstream/$G/streams/WF_RUN/obs/WF_P_43/o.dat.tmp", AT_FDCWD</home/runner/work/js-wf/js-wf/integration>, "/tmp/TestMixedWorkflowsRecoverFromFourServerFaults874006668/001/node-1/jetstream/$G/streams/WF_RUN/obs/WF_P_43/o.dat" <unfinished ...>
3301  1790834059.651093 <... pwrite64 resumed>) = 161 (DELAYED) <0.025049>
3303  1790834059.651165 <... renameat resumed>) = 0 <0.000240>
3286  1790834059.651260 --- SIGURG {si_signo=SIGURG, si_code=SI_TKILL, si_pid=3265, si_uid=1001} ---
3271  1790834059.651294 <... pwrite64 resumed>) = 161 (DELAYED) <0.025173>
3286  1790834059.651660 newfstatat(AT_FDCWD</home/runner/work/js-wf/js-wf/integration>, "/tmp/TestMixedWorkflowsRecoverFromFourServerFaults874006668/001/node-1/jetstream/$G/streams/WF_RUN/obs/WF_P_28/o.dat", {st_mode=S_IFREG|0600, st_size=18, ...}, AT_SYMLINK_NOFOLLOW) = 0 <0.000028>
3286  1790834059.651762 renameat(AT_FDCWD</home/runner/work/js-wf/js-wf/integration>, "/tmp/TestMixedWorkflowsRecoverFromFourServerFaults874006668/001/node-1/jetstream/$G/streams/WF_RUN/obs/WF_P_28/o.dat.tmp", AT_FDCWD</home/runner/work/js-wf/js-wf/integration>, "/tmp/TestMixedWorkflowsRecoverFromFourServerFaults874006668/001/node-1/jetstream/$G/streams/WF_RUN/obs/WF_P_28/o.dat") = 0 <0.000261>
3301  1790834059.652225 newfstatat(AT_FDCWD</home/runner/work/js-wf/js-wf/integration>, "/tmp/TestMixedWorkflowsRecoverFromFourServerFaults874006668/001/node-1/jetstream/$G/streams/WF_RUN/obs/WF_P_00/o.dat", {st_mode=S_IFREG|0600, st_size=16, ...}, AT_SYMLINK_NOFOLLOW) = 0 <0.000044>
3316  1790834059.652311 <... pwrite64 resumed>) = 108 (DELAYED) <0.025114>
3301  1790834059.652359 renameat(AT_FDCWD</home/runner/work/js-wf/js-wf/integration>, "/tmp/TestMixedWorkflowsRecoverFromFourServerFaults874006668/001/node-1/jetstream/$G/streams/WF_RUN/obs/WF_P_00/o.dat.tmp", AT_FDCWD</home/runner/work/js-wf/js-wf/integration>, "/tmp/TestMixedWorkflowsRecoverFromFourServerFaults874006668/001/node-1/jetstream/$G/streams/WF_RUN/obs/WF_P_00/o.dat") = 0 <0.000263>
3321  1790834059.657191 <... pwrite64 resumed>) = 221 (DELAYED) <0.025073>
3301  1790834059.657507 pwrite64(30</tmp/TestMixedWorkflowsRecoverFromFourServerFaults874006668/001/node-1/jetstream/$G/streams/KV_WF_LEASE/msgs/1.blk>, "\271\0\0\200\256\1\0\0\0\0\0\0\202\250n\311\26R\332\30?\0$KV.WF_LEA"..., 185, 70371 <unfinished ...>
3286  1790834059.657679 pwrite64(21</tmp/TestMixedWorkflowsRecoverFromFourServerFaults874006668/001/node-1/jetstream/$SYS/_js_/S-R3F-G9FrvoEG/msgs/2.blk>, "\224\0\0\0j\0\0\0\0\0\0\0\22\257\220\311\26R\332\30\0\0St9I6EVH\3\0"..., 148, 31554 <unfinished ...>
3316  1790834059.660218 newfstatat(AT_FDCWD</home/runner/work/js-wf/js-wf/integration>, "/tmp/TestMixedWorkflowsRecoverFromFourServerFaults874006668/001/node-1/jetstream/$G/streams/WF_RUN/obs/WF_P_26/o.dat", {st_mode=S_IFREG|0600, st_size=28, ...}, AT_SYMLINK_NOFOLLOW) = 0 <0.000029>
3316  1790834059.660303 renameat(AT_FDCWD</home/runner/work/js-wf/js-wf/integration>, "/tmp/TestMixedWorkflowsRecoverFromFourServerFaults874006668/001/node-1/jetstream/$G/streams/WF_RUN/obs/WF_P_26/o.dat.tmp", AT_FDCWD</home/runner/work/js-wf/js-wf/integration>, "/tmp/TestMixedWorkflowsRecoverFromFourServerFaults874006668/001/node-1/jetstream/$G/streams/WF_RUN/obs/WF_P_26/o.dat") = 0 <0.000176>
3301  1790834059.682582 <... pwrite64 resumed>) = 185 (DELAYED) <0.025033>
3286  1790834059.682773 <... pwrite64 resumed>) = 148 (DELAYED) <0.025065>
3285  1790834059.682996 pwrite64(21</tmp/TestMixedWorkflowsRecoverFromFourServerFaults874006668/001/node-1/jetstream/$SYS/_js_/S-R3F-G9FrvoEG/msgs/2.blk>, "\224\0\0\0k\0\0\0\0\0\0\0\317\246\22\313\26R\332\30\0\0St9I6EVH\3\0"..., 148, 31702 <unfinished ...>
3301  1790834059.683321 --- SIGURG {si_signo=SIGURG, si_code=SI_TKILL, si_pid=3265, si_uid=1001} ---
3303  1790834059.684046 pwrite64(30</tmp/TestMixedWorkflowsRecoverFromFourServerFaults874006668/001/node-1/jetstream/$G/streams/KV_WF_LEASE/msgs/1.blk>, "\273\0\0\200\257\1\0\0\0\0\0\0\322\327\201\311\26R\332\30?\0$KV.WF_LEA"..., 187, 70556 <unfinished ...>
3321  1790834059.684497 pwrite64(22</tmp/TestMixedWorkflowsRecoverFromFourServerFaults874006668/001/node-1/jetstream/$G/streams/WF_RUN/msgs/1.blk>, "l\0\0\200`\0\0\0\0\0\0\0\317\202\211\306\26R\332\30\t\0wf.run.27+"..., 108, 20059 <unfinished ...>
3271  1790834059.691517 pwrite64(26</tmp/TestMixedWorkflowsRecoverFromFourServerFaults874006668/001/node-1/jetstream/$G/streams/WF_SIG/msgs/1.blk>, "\363\0\0\200\f\0\0\0\0\0\0\0\2722k\313\26R\332\30 \0wf.sig.mix"..., 243, 2955 <unfinished ...>
3285  1790834059.708077 <... pwrite64 resumed>) = 148 (DELAYED) <0.025028>
3285  1790834059.708413 --- SIGURG {si_signo=SIGURG, si_code=SI_TKILL, si_pid=3265, si_uid=1001} ---
3285  1790834059.708577 pwrite64(21</tmp/TestMixedWorkflowsRecoverFromFourServerFaults874006668/001/node-1/jetstream/$SYS/_js_/S-R3F-G9FrvoEG/msgs/2.blk>, "\332\0\0\0l\0\0\0\0\0\0\0\4\v\231\314\26R\332\30\0\0St9I6EVH\3\0"..., 218, 31850 <unfinished ...>
3303  1790834059.709133 <... pwrite64 resumed>) = 187 (DELAYED) <0.025062>
3321  1790834059.709550 <... pwrite64 resumed>) = 108 (DELAYED) <0.025018>
3303  1790834059.712336 pwrite64(30</tmp/TestMixedWorkflowsRecoverFromFourServerFaults874006668/001/node-1/jetstream/$G/streams/KV_WF_LEASE/msgs/1.blk>, "\234\0\0\200\260\1\0\0\0\0\0\0\376\312\262\314\26R\332\30\"\0$KV.WF_LEA"..., 497, 70743 <unfinished ...>
3271  1790834059.716577 <... pwrite64 resumed>) = 243 (DELAYED) <0.025020>
3301  1790834059.718356 pwrite64(26</tmp/TestMixedWorkflowsRecoverFromFourServerFaults874006668/001/node-1/jetstream/$G/streams/WF_SIG/msgs/1.blk>, "\200\1\0\200\r\0\0\0\0\0\0\0B\311\275\313\26R\332\30<\0wf.sig.mix"..., 384, 3198 <unfinished ...>
3271  1790834059.720327 newfstatat(AT_FDCWD</home/runner/work/js-wf/js-wf/integration>, "/tmp/TestMixedWorkflowsRecoverFromFourServerFaults874006668/001/node-1/jetstream/$G/streams/WF_RUN/obs/WF_P_10/o.dat", {st_mode=S_IFREG|0600, st_size=8, ...}, AT_SYMLINK_NOFOLLOW) = 0 <0.000035>
3271  1790834059.720444 renameat(AT_FDCWD</home/runner/work/js-wf/js-wf/integration>, "/tmp/TestMixedWorkflowsRecoverFromFourServerFaults874006668/001/node-1/jetstream/$G/streams/WF_RUN/obs/WF_P_10/o.dat.tmp", AT_FDCWD</home/runner/work/js-wf/js-wf/integration>, "/tmp/TestMixedWorkflowsRecoverFromFourServerFaults874006668/001/node-1/jetstream/$G/streams/WF_RUN/obs/WF_P_10/o.dat") = 0 <0.000167>
3321  1790834059.723794 newfstatat(AT_FDCWD</home/runner/work/js-wf/js-wf/integration>, "/tmp/TestMixedWorkflowsRecoverFromFourServerFaults874006668/001/node-1/jetstream/$G/streams/WF_RUN/obs/WF_P_18/o.dat", {st_mode=S_IFREG|0600, st_size=16, ...}, AT_SYMLINK_NOFOLLOW) = 0 <0.000034>
3321  1790834059.723888 renameat(AT_FDCWD</home/runner/work/js-wf/js-wf/integration>, "/tmp/TestMixedWorkflowsRecoverFromFourServerFaults874006668/001/node-1/jetstream/$G/streams/WF_RUN/obs/WF_P_18/o.dat.tmp", AT_FDCWD</home/runner/work/js-wf/js-wf/integration>, "/tmp/TestMixedWorkflowsRecoverFromFourServerFaults874006668/001/node-1/jetstream/$G/streams/WF_RUN/obs/WF_P_18/o.dat") = 0 <0.000165>
3285  1790834059.733646 <... pwrite64 resumed>) = 218 (DELAYED) <0.025035>
3285  1790834059.733943 --- SIGURG {si_signo=SIGURG, si_code=SI_TKILL, si_pid=3265, si_uid=1001} ---
3316  1790834059.734270 pwrite64(21</tmp/TestMixedWorkflowsRecoverFromFourServerFaults874006668/001/node-1/jetstream/$SYS/_js_/S-R3F-G9FrvoEG/msgs/2.blk>, "\361\0\0\0m\0\0\0\0\0\0\0\233K!\316\26R\332\30\0\0St9I6EVH\3\0"..., 241, 32068 <unfinished ...>
3271  1790834059.736064 pwrite64(22</tmp/TestMixedWorkflowsRecoverFromFourServerFaults874006668/001/node-1/jetstream/$G/streams/WF_RUN/msgs/1.blk>, "\36\0\0\0\6\0\0\0\0\0\0@/q\32\25\23R\332\30\0\0\245\235\300\261t\242\272\317\36\0"..., 90, 20167 <unfinished ...>
3303  1790834059.737404 <... pwrite64 resumed>) = 497 (DELAYED) <0.025033>
3303  1790834059.741286 pwrite64(30</tmp/TestMixedWorkflowsRecoverFromFourServerFaults874006668/001/node-1/jetstream/$G/streams/KV_WF_LEASE/msgs/1.blk>, "\236\0\0\200\263\1\0\0\0\0\0\0\312A\316\314\26R\332\30\"\0$KV.WF_LEA"..., 503, 71240 <unfinished ...>
3301  1790834059.743517 <... pwrite64 resumed>) = 384 (DELAYED) <0.025134>
3321  1790834059.747044 --- SIGURG {si_signo=SIGURG, si_code=SI_TKILL, si_pid=3265, si_uid=1001} ---
3285  1790834059.747104 --- SIGURG {si_signo=SIGURG, si_code=SI_TKILL, si_pid=3265, si_uid=1001} ---
3285  1790834059.747613 --- SIGURG {si_signo=SIGURG, si_code=SI_TKILL, si_pid=3265, si_uid=1001} ---
3285  1790834059.747981 --- SIGURG {si_signo=SIGURG, si_code=SI_TKILL, si_pid=3265, si_uid=1001} ---
3321  1790834059.748638 --- SIGURG {si_signo=SIGURG, si_code=SI_TKILL, si_pid=3265, si_uid=1001} ---
3314  1790834059.749553 lseek(20</tmp/TestMixedWorkflowsRecoverFromFourServerFaults874006668/001/node-1/jetstream/$G/streams/WF_INV/msgs/1.blk>, 0, SEEK_SET) = 0 <0.000174>
3314  1790834059.749858 fstat(20</tmp/TestMixedWorkflowsRecoverFromFourServerFaults874006668/001/node-1/jetstream/$G/streams/WF_INV/msgs/1.blk>, {st_mode=S_IFREG|0600, st_size=8206, ...}) = 0 <0.000036>
3314  1790834059.750150 read(20</tmp/TestMixedWorkflowsRecoverFromFourServerFaults874006668/001/node-1/jetstream/$G/streams/WF_INV/msgs/1.blk>, "\306\0\0\200\1\0\0\0\0\0\0\0\317i+\24\23R\332\30\34\0wf.inv.mix"..., 8206) = 8206 <0.000029>
3321  1790834059.752286 newfstatat(AT_FDCWD</home/runner/work/js-wf/js-wf/integration>, "/tmp/TestMixedWorkflowsRecoverFromFourServerFaults874006668/001/node-1/jetstream/$G/streams/WF_RUN/obs/WF_P_43/o.dat", {st_mode=S_IFREG|0600, st_size=8, ...}, AT_SYMLINK_NOFOLLOW) = 0 <0.000031>
3321  1790834059.752429 renameat(AT_FDCWD</home/runner/work/js-wf/js-wf/integration>, "/tmp/TestMixedWorkflowsRecoverFromFourServerFaults874006668/001/node-1/jetstream/$G/streams/WF_RUN/obs/WF_P_43/o.dat.tmp", AT_FDCWD</home/runner/work/js-wf/js-wf/integration>, "/tmp/TestMixedWorkflowsRecoverFromFourServerFaults874006668/001/node-1/jetstream/$G/streams/WF_RUN/obs/WF_P_43/o.dat") = 0 <0.000210>
3301  1790834059.753401 newfstatat(AT_FDCWD</home/runner/work/js-wf/js-wf/integration>, "/tmp/TestMixedWorkflowsRecoverFromFourServerFaults874006668/001/node-1/jetstream/$G/streams/WF_RUN/obs/WF_P_28/o.dat", {st_mode=S_IFREG|0600, st_size=8, ...}, AT_SYMLINK_NOFOLLOW) = 0 <0.000057>
3301  1790834059.753571 renameat(AT_FDCWD</home/runner/work/js-wf/js-wf/integration>, "/tmp/TestMixedWorkflowsRecoverFromFourServerFaults874006668/001/node-1/jetstream/$G/streams/WF_RUN/obs/WF_P_28/o.dat.tmp", AT_FDCWD</home/runner/work/js-wf/js-wf/integration>, "/tmp/TestMixedWorkflowsRecoverFromFourServerFaults874006668/001/node-1/jetstream/$G/streams/WF_RUN/obs/WF_P_28/o.dat") = 0 <0.000263>
3314  1790834059.754047 newfstatat(AT_FDCWD</home/runner/work/js-wf/js-wf/integration>, "/tmp/TestMixedWorkflowsRecoverFromFourServerFaults874006668/001/node-1/jetstream/$G/streams/WF_RUN/obs/WF_P_00/o.dat", {st_mode=S_IFREG|0600, st_size=8, ...}, AT_SYMLINK_NOFOLLOW) = 0 <0.000042>
3314  1790834059.754270 renameat(AT_FDCWD</home/runner/work/js-wf/js-wf/integration>, "/tmp/TestMixedWorkflowsRecoverFromFourServerFaults874006668/001/node-1/jetstream/$G/streams/WF_RUN/obs/WF_P_00/o.dat.tmp", AT_FDCWD</home/runner/work/js-wf/js-wf/integration>, "/tmp/TestMixedWorkflowsRecoverFromFourServerFaults874006668/001/node-1/jetstream/$G/streams/WF_RUN/obs/WF_P_00/o.dat") = 0 <0.000380>
3316  1790834059.759431 <... pwrite64 resumed>) = 241 (DELAYED) <0.025127>
3314  1790834059.759906 pwrite64(21</tmp/TestMixedWorkflowsRecoverFromFourServerFaults874006668/001/node-1/jetstream/$SYS/_js_/S-R3F-G9FrvoEG/msgs/2.blk>, "\361\0\0\0n\0\0\0\0\0\0\0\6\30\250\317\26R\332\30\0\0St9I6EVH\3\0"..., 241, 32309 <unfinished ...>
3285  1790834059.760287 pwrite64(26</tmp/TestMixedWorkflowsRecoverFromFourServerFaults874006668/001/node-1/jetstream/$G/streams/WF_SIG/msgs/1.blk>, "\200\1\0\200\16\0\0\0\0\0\0\0y\372\206\317\26R\332\30<\0wf.sig.mix"..., 384, 3582 <unfinished ...>
3271  1790834059.761123 <... pwrite64 resumed>) = 90 (DELAYED) <0.025012>
3301  1790834059.762521 pwrite64(22</tmp/TestMixedWorkflowsRecoverFromFourServerFaults874006668/001/node-1/jetstream/$G/streams/WF_RUN/msgs/1.blk>, "\36\0\0\0D\0\0\0\0\0\0@\261L\243{\25R\332\30\0\0-\341\251\v\325\f\271\177", 30, 20257 <unfinished ...>
3303  1790834059.766378 <... pwrite64 resumed>) = 503 (DELAYED) <0.025063>
3316  1790834059.783161 pwrite64(42</tmp/TestMixedWorkflowsRecoverFromFourServerFaults874006668/001/node-1/jetstream/$SYS/_js_/C-R3F-Fspi1V4u/msgs/1.blk>, "l\0\0\0\33\0\0\0\0\0\0\0\3478\v\321\26R\332\30\0\0St9I6EVH\2\0"..., 108, 2979 <unfinished ...>
3303  1790834059.783555 pwrite64(30</tmp/TestMixedWorkflowsRecoverFromFourServerFaults874006668/001/node-1/jetstream/$G/streams/KV_WF_LEASE/msgs/1.blk>, "\215\0\0\200\266\1\0\0\0\0\0\0\311N\354\320\26R\332\30\"\0$KV.WF_LEA"..., 141, 71743 <unfinished ...>
3314  1790834059.784963 <... pwrite64 resumed>) = 241 (DELAYED) <0.025026>
3285  1790834059.785472 <... pwrite64 resumed>) = 384 (DELAYED) <0.025152>
3301  1790834059.787598 <... pwrite64 resumed>) = 30 (DELAYED) <0.025041>
3301  1790834059.788027 pwrite64(51</tmp/TestMixedWorkflowsRecoverFromFourServerFaults874006668/001/node-1/jetstream/$SYS/_js_/C-R3F-tOdRrkzy/msgs/1.blk>, "~\0\0\0'\0\0\0\0\0\0\0000\177U\321\26R\332\30\0\0St9I6EVH\3\0"..., 126, 4036 <unfinished ...>
3271  1790834059.791632 pwrite64(22</tmp/TestMixedWorkflowsRecoverFromFourServerFaults874006668/001/node-1/jetstream/$G/streams/WF_RUN/msgs/1.blk>, "l\0\0\200a\0\0\0\0\0\0\0O\201\203\313\26R\332\30\t\0wf.run.27+"..., 370, 20287 <unfinished ...>
3285  1790834059.793542 pwrite64(21</tmp/TestMixedWorkflowsRecoverFromFourServerFaults874006668/001/node-1/jetstream/$SYS/_js_/S-R3F-G9FrvoEG/msgs/2.blk>, "\332\0\0\0o\0\0\0\0\0\0\0.\232\251\321\26R\332\30\0\0St9I6EVH\3\0"..., 218, 32550 <unfinished ...>
3314  1790834059.794166 pwrite64(26</tmp/TestMixedWorkflowsRecoverFromFourServerFaults874006668/001/node-1/jetstream/$G/streams/WF_SIG/msgs/1.blk>, "\365\0\0\200\17\0\0\0\0\0\0\0\32\34\223\321\26R\332\30 \0wf.sig.mix"..., 245, 3966 <unfinished ...>
3316  1790834059.808241 <... pwrite64 resumed>) = 108 (DELAYED) <0.025030>
3316  1790834059.808511 pwrite64(42</tmp/TestMixedWorkflowsRecoverFromFourServerFaults874006668/001/node-1/jetstream/$SYS/_js_/C-R3F-Fspi1V4u/msgs/1.blk>, "\206\0\0\0\34\0\0\0\0\0\0\0^\26\216\322\26R\332\30\0\0St9I6EVH\2\0"..., 134, 3087 <unfinished ...>
3303  1790834059.808640 <... pwrite64 resumed>) = 141 (DELAYED) <0.025053>
3303  1790834059.811094 pwrite64(39</tmp/TestMixedWorkflowsRecoverFromFourServerFaults874006668/001/node-1/jetstream/$SYS/_js_/C-R3F-7OjMKAQS/msgs/1.blk>, "Q\0\0\0\34\0\0\0\0\0\0\0005E\265\322\26R\332\30\0\0St9I6EVH\3\0"..., 81, 3052 <unfinished ...>
3301  1790834059.813115 <... pwrite64 resumed>) = 126 (DELAYED) <0.025062>
3286  1790834059.813334 pwrite64(30</tmp/TestMixedWorkflowsRecoverFromFourServerFaults874006668/001/node-1/jetstream/$G/streams/KV_WF_LEASE/msgs/1.blk>, "\215\0\0\200\267\1\0\0\0\0\0\0\247c\221\322\26R\332\30\"\0$KV.WF_LEA"..., 481, 71884 <unfinished ...>
3320  1790834059.814812 newfstatat(AT_FDCWD</home/runner/work/js-wf/js-wf/integration>, "/tmp/TestMixedWorkflowsRecoverFromFourServerFaults874006668/001/node-1/jetstream/$G/streams/WF_RUN/obs/WF_P_33/o.dat", {st_mode=S_IFREG|0600, st_size=8, ...}, AT_SYMLINK_NOFOLLOW) = 0 <0.000031>
3320  1790834059.814916 renameat(AT_FDCWD</home/runner/work/js-wf/js-wf/integration>, "/tmp/TestMixedWorkflowsRecoverFromFourServerFaults874006668/001/node-1/jetstream/$G/streams/WF_RUN/obs/WF_P_33/o.dat.tmp", AT_FDCWD</home/runner/work/js-wf/js-wf/integration>, "/tmp/TestMixedWorkflowsRecoverFromFourServerFaults874006668/001/node-1/jetstream/$G/streams/WF_RUN/obs/WF_P_33/o.dat") = 0 <0.000145>
3271  1790834059.816698 <... pwrite64 resumed>) = 370 (DELAYED) <0.025034>
3285  1790834059.818593 <... pwrite64 resumed>) = 218 (DELAYED) <0.025018>
3285  1790834059.818801 pwrite64(21</tmp/TestMixedWorkflowsRecoverFromFourServerFaults874006668/001/node-1/jetstream/$SYS/_js_/S-R3F-G9FrvoEG/msgs/2.blk>, "\337\0\0\0p\0\0\0\0\0\0\0K\26+\323\26R\332\30\0\0St9I6EVH\3\0"..., 223, 32768 <unfinished ...>
3314  1790834059.819244 <... pwrite64 resumed>) = 245 (DELAYED) <0.025044>
3271  1790834059.825184 newfstatat(AT_FDCWD</home/runner/work/js-wf/js-wf/integration>, "/tmp/TestMixedWorkflowsRecoverFromFourServerFaults874006668/001/node-1/jetstream/$G/streams/WF_RUN/obs/WF_P_18/o.dat", {st_mode=S_IFREG|0600, st_size=16, ...}, AT_SYMLINK_NOFOLLOW) = 0 <0.000029>
3271  1790834059.825270 renameat(AT_FDCWD</home/runner/work/js-wf/js-wf/integration>, "/tmp/TestMixedWorkflowsRecoverFromFourServerFaults874006668/001/node-1/jetstream/$G/streams/WF_RUN/obs/WF_P_18/o.dat.tmp", AT_FDCWD</home/runner/work/js-wf/js-wf/integration>, "/tmp/TestMixedWorkflowsRecoverFromFourServerFaults874006668/001/node-1/jetstream/$G/streams/WF_RUN/obs/WF_P_18/o.dat") = 0 <0.000200>
3316  1790834059.833583 <... pwrite64 resumed>) = 134 (DELAYED) <0.025035>
3316  1790834059.833641 --- SIGURG {si_signo=SIGURG, si_code=SI_TKILL, si_pid=3265, si_uid=1001} ---
3316  1790834059.834080 --- SIGURG {si_signo=SIGURG, si_code=SI_TKILL, si_pid=3265, si_uid=1001} ---
3303  1790834059.836193 <... pwrite64 resumed>) = 81 (DELAYED) <0.025071>
3303  1790834059.836361 pwrite64(39</tmp/TestMixedWorkflowsRecoverFromFourServerFaults874006668/001/node-1/jetstream/$SYS/_js_/C-R3F-7OjMKAQS/msgs/1.blk>, "z\0\0\0\35\0\0\0\0\0\0\0\317 7\324\26R\332\30\0\0St9I6EVH\3\0"..., 122, 3133 <unfinished ...>
3286  1790834059.838408 <... pwrite64 resumed>) = 481 (DELAYED) <0.025018>
3316  1790834059.841735 pwrite64(30</tmp/TestMixedWorkflowsRecoverFromFourServerFaults874006668/001/node-1/jetstream/$G/streams/KV_WF_LEASE/msgs/1.blk>, "\265\0\0\200\272\1\0\0\0\0\0\0l\203j\324\26R\332\30:\0$KV.WF_LEA"..., 181, 72365 <unfinished ...>
3285  1790834059.843882 <... pwrite64 resumed>) = 223 (DELAYED) <0.025040>
3286  1790834059.844291 pwrite64(21</tmp/TestMixedWorkflowsRecoverFromFourServerFaults874006668/001/node-1/jetstream/$SYS/_js_/S-R3F-G9FrvoEG/msgs/2.blk>, "\224\0\0\0q\0\0\0\0\0\0\0\340\336\257\324\26R\332\30\0\0St9I6EVH\3\0"..., 148, 32991 <unfinished ...>
3314  1790834059.845833 pwrite64(22</tmp/TestMixedWorkflowsRecoverFromFourServerFaults874006668/001/node-1/jetstream/$G/streams/WF_RUN/msgs/1.blk>, "l\0\0\200d\0\0\0\0\0\0\09r\251\321\26R\332\30\t\0wf.run.27+"..., 108, 20657 <unfinished ...>
3321  1790834059.851241 pwrite64(26</tmp/TestMixedWorkflowsRecoverFromFourServerFaults874006668/001/node-1/jetstream/$G/streams/WF_SIG/msgs/1.blk>, "\365\0\0\200\20\0\0\0\0\0\0\0004\1\360\324\26R\332\30 \0wf.sig.mix"..., 245, 4211 <unfinished ...>
3271  1790834059.856290 newfstatat(AT_FDCWD</home/runner/work/js-wf/js-wf/integration>, "/tmp/TestMixedWorkflowsRecoverFromFourServerFaults874006668/001/node-1/jetstream/$G/streams/WF_RUN/obs/WF_P_00/o.dat", {st_mode=S_IFREG|0600, st_size=16, ...}, AT_SYMLINK_NOFOLLOW) = 0 <0.000038>
3271  1790834059.856399 renameat(AT_FDCWD</home/runner/work/js-wf/js-wf/integration>, "/tmp/TestMixedWorkflowsRecoverFromFourServerFaults874006668/001/node-1/jetstream/$G/streams/WF_RUN/obs/WF_P_00/o.dat.tmp", AT_FDCWD</home/runner/work/js-wf/js-wf/integration>, "/tmp/TestMixedWorkflowsRecoverFromFourServerFaults874006668/001/node-1/jetstream/$G/streams/WF_RUN/obs/WF_P_00/o.dat") = 0 <0.000194>
3303  1790834059.861422 <... pwrite64 resumed>) = 122 (DELAYED) <0.025036>
3316  1790834059.866802 <... pwrite64 resumed>) = 181 (DELAYED) <0.025029>
3285  1790834059.868077 pwrite64(30</tmp/TestMixedWorkflowsRecoverFromFourServerFaults874006668/001/node-1/jetstream/$G/streams/KV_WF_LEASE/msgs/1.blk>, "\267\0\0\200\273\1\0\0\0\0\0\0u&~\324\26R\332\30:\0$KV.WF_LEA"..., 183, 72546 <unfinished ...>
3286  1790834059.869431 <... pwrite64 resumed>) = 148 (DELAYED) <0.025111>
3286  1790834059.869536 pwrite64(21</tmp/TestMixedWorkflowsRecoverFromFourServerFaults874006668/001/node-1/jetstream/$SYS/_js_/S-R3F-G9FrvoEG/msgs/2.blk>, "\332\0\0\0r\0\0\0\0\0\0\0\215\3650\326\26R\332\30\0\0St9I6EVH\3\0"..., 218, 33139 <unfinished ...>
3314  1790834059.870897 <... pwrite64 resumed>) = 108 (DELAYED) <0.025036>
3321  1790834059.876299 <... pwrite64 resumed>) = 245 (DELAYED) <0.025030>
3285  1790834059.893163 <... pwrite64 resumed>) = 183 (DELAYED) <0.025052>
3285  1790834059.893466 --- SIGURG {si_signo=SIGURG, si_code=SI_TKILL, si_pid=3265, si_uid=1001} ---
3286  1790834059.894623 <... pwrite64 resumed>) = 218 (DELAYED) <0.025064>
3321  1790834059.894905 pwrite64(21</tmp/TestMixedWorkflowsRecoverFromFourServerFaults874006668/001/node-1/jetstream/$SYS/_js_/S-R3F-G9FrvoEG/msgs/2.blk>, "\224\0\0\0s\0\0\0\0\0\0\0sf\264\327\26R\332\30\0\0St9I6EVH\3\0"..., 148, 33357 <unfinished ...>
3271  1790834059.896335 pwrite64(22</tmp/TestMixedWorkflowsRecoverFromFourServerFaults874006668/001/node-1/jetstream/$G/streams/WF_RUN/msgs/1.blk>, "\36\0\0\0+\0\0\0\0\0\0@mn\307(\23R\332\30\0\0\374\352\262\311\374W\306\337\36\0"..., 60, 20765 <unfinished ...>
3303  1790834059.899056 pwrite64(24</tmp/TestMixedWorkflowsRecoverFromFourServerFaults874006668/001/node-1/jetstream/$G/streams/WF_JRN/msgs/1.blk>, "\177\1\0\200\326\0\0\0\0\0\0\0\233\313\312\327\26R\332\0304\0wf.jrn.mix"..., 383, 57380 <unfinished ...>
3317  1790834059.911630 pwrite64(30</tmp/TestMixedWorkflowsRecoverFromFourServerFaults874006668/001/node-1/jetstream/$G/streams/KV_WF_LEASE/msgs/1.blk>, "\267\0\0\200\274\1\0\0\0\0\0\0\306\316\241\327\26R\332\30:\0$KV.WF_LEA"..., 1424, 72729 <unfinished ...>
3314  1790834059.919002 --- SIGURG {si_signo=SIGURG, si_code=SI_TKILL, si_pid=3265, si_uid=1001} ---
3321  1790834059.919966 <... pwrite64 resumed>) = 148 (DELAYED) <0.025024>
3271  1790834059.921422 <... pwrite64 resumed>) = 60 (DELAYED) <0.025031>
3303  1790834059.924106 <... pwrite64 resumed>) = 383 (DELAYED) <0.025015>
3285  1790834059.925486 pwrite64(22</tmp/TestMixedWorkflowsRecoverFromFourServerFaults874006668/001/node-1/jetstream/$G/streams/WF_RUN/msgs/1.blk>, "\36\0\0\0J\0\0\0\0\0\0@&e\243{\25R\332\30\0\0`\7E|\2740\177\274l\0"..., 168, 20825 <unfinished ...>
3303  1790834059.926322 newfstatat(AT_FDCWD</home/runner/work/js-wf/js-wf/integration>, "/tmp/TestMixedWorkflowsRecoverFromFourServerFaults874006668/001/node-1/jetstream/$G/streams/WF_RUN/obs/WF_P_18/o.dat", {st_mode=S_IFREG|0600, st_size=16, ...}, AT_SYMLINK_NOFOLLOW) = 0 <0.000062>
3303  1790834059.926523 renameat(AT_FDCWD</home/runner/work/js-wf/js-wf/integration>, "/tmp/TestMixedWorkflowsRecoverFromFourServerFaults874006668/001/node-1/jetstream/$G/streams/WF_RUN/obs/WF_P_18/o.dat.tmp", AT_FDCWD</home/runner/work/js-wf/js-wf/integration>, "/tmp/TestMixedWorkflowsRecoverFromFourServerFaults874006668/001/node-1/jetstream/$G/streams/WF_RUN/obs/WF_P_18/o.dat") = 0 <0.000382>
3303  1790834059.927883 pwrite64(24</tmp/TestMixedWorkflowsRecoverFromFourServerFaults874006668/001/node-1/jetstream/$G/streams/WF_JRN/msgs/1.blk>, "\362\0\0\200\327\0\0\0\0\0\0\0xJ\211\331\26R\332\0304\0wf.jrn.mix"..., 242, 57763 <unfinished ...>
3271  1790834059.930331 pwrite64(21</tmp/TestMixedWorkflowsRecoverFromFourServerFaults874006668/001/node-1/jetstream/$SYS/_js_/S-R3F-G9FrvoEG/msgs/2.blk>, "\332\0\0\0t\0\0\0\0\0\0\0\326\364\320\331\26R\332\30\0\0St9I6EVH\3\0"..., 218, 33505 <unfinished ...>
3321  1790834059.931302 pwrite64(26</tmp/TestMixedWorkflowsRecoverFromFourServerFaults874006668/001/node-1/jetstream/$G/streams/WF_SIG/msgs/1.blk>, "\365\0\0\200\21\0\0\0\0\0\0\0\211\370\267\331\26R\332\30 \0wf.sig.mix"..., 245, 4456 <unfinished ...>
3317  1790834059.936714 <... pwrite64 resumed>) = 1424 (DELAYED) <0.025040>
3286  1790834059.939524 pwrite64(30</tmp/TestMixedWorkflowsRecoverFromFourServerFaults874006668/001/node-1/jetstream/$G/streams/KV_WF_LEASE/msgs/1.blk>, "\267\0\0\200\304\1\0\0\0\0\0\0K\2733\332\26R\332\30:\0$KV.WF_LEA"..., 183, 74153 <unfinished ...>
3285  1790834059.950553 <... pwrite64 resumed>) = 168 (DELAYED) <0.025034>
3285  1790834059.950804 --- SIGURG {si_signo=SIGURG, si_code=SI_TKILL, si_pid=3265, si_uid=1001} ---
3303  1790834059.952938 <... pwrite64 resumed>) = 242 (DELAYED) <0.025018>
3303  1790834059.953290 --- SIGURG {si_signo=SIGURG, si_code=SI_TKILL, si_pid=3265, si_uid=1001} ---
3271  1790834059.955435 <... pwrite64 resumed>) = 218 (DELAYED) <0.025077>
3317  1790834059.956434 pwrite64(24</tmp/TestMixedWorkflowsRecoverFromFourServerFaults874006668/001/node-1/jetstream/$G/streams/WF_JRN/msgs/1.blk>, "4\1\0\200\330\0\0\0\0\0\0\0\252u<\333\26R\332\0304\0wf.jrn.mix"..., 308, 58005 <unfinished ...>
3321  1790834059.956516 <... pwrite64 resumed>) = 245 (DELAYED) <0.025187>
3314  1790834059.957745 newfstatat(AT_FDCWD</home/runner/work/js-wf/js-wf/integration>, "/tmp/TestMixedWorkflowsRecoverFromFourServerFaults874006668/001/node-1/jetstream/$G/streams/WF_RUN/obs/WF_P_00/o.dat", {st_mode=S_IFREG|0600, st_size=16, ...}, AT_SYMLINK_NOFOLLOW) = 0 <0.000032>
3271  1790834059.957842 pwrite64(22</tmp/TestMixedWorkflowsRecoverFromFourServerFaults874006668/001/node-1/jetstream/$G/streams/WF_RUN/msgs/1.blk>, "l\0\0\200f\0\0\0\0\0\0\0\354\260\317\331\26R\332\30\t\0wf.run.27+"..., 108, 20993 <unfinished ...>
3314  1790834059.957894 renameat(AT_FDCWD</home/runner/work/js-wf/js-wf/integration>, "/tmp/TestMixedWorkflowsRecoverFromFourServerFaults874006668/001/node-1/jetstream/$G/streams/WF_RUN/obs/WF_P_00/o.dat.tmp", AT_FDCWD</home/runner/work/js-wf/js-wf/integration>, "/tmp/TestMixedWorkflowsRecoverFromFourServerFaults874006668/001/node-1/jetstream/$G/streams/WF_RUN/obs/WF_P_00/o.dat") = 0 <0.000261>
3285  1790834059.960341 newfstatat(AT_FDCWD</home/runner/work/js-wf/js-wf/integration>, "/tmp/TestMixedWorkflowsRecoverFromFourServerFaults874006668/001/node-1/jetstream/$SYS/_js_/C-R3F-0AOoyDir/tav.idx", {st_mode=S_IFREG|0600, st_size=16, ...}, 0) = 0 <0.000063>
3285  1790834059.962637 newfstatat(AT_FDCWD</home/runner/work/js-wf/js-wf/integration>, "/tmp/TestMixedWorkflowsRecoverFromFourServerFaults874006668/001/node-1/jetstream/$SYS/_js_/C-R3F-0AOoyDir/tav.idx", {st_mode=S_IFREG|0600, st_size=16, ...}, AT_SYMLINK_NOFOLLOW) = 0 <0.000026>
3285  1790834059.962756 renameat(AT_FDCWD</home/runner/work/js-wf/js-wf/integration>, "/tmp/TestMixedWorkflowsRecoverFromFourServerFaults874006668/001/node-1/jetstream/$SYS/_js_/C-R3F-0AOoyDir/tav.idx.tmp", AT_FDCWD</home/runner/work/js-wf/js-wf/integration>, "/tmp/TestMixedWorkflowsRecoverFromFourServerFaults874006668/001/node-1/jetstream/$SYS/_js_/C-R3F-0AOoyDir/tav.idx") = 0 <0.000152>
3316  1790834059.963870 pwrite64(21</tmp/TestMixedWorkflowsRecoverFromFourServerFaults874006668/001/node-1/jetstream/$SYS/_js_/S-R3F-G9FrvoEG/msgs/2.blk>, "\332\0\0\0u\0\0\0\0\0\0\0\200\266\320\333\26R\332\30\0\0St9I6EVH\3\0"..., 218, 33723 <unfinished ...>
3285  1790834059.964408 newfstatat(AT_FDCWD</home/runner/work/js-wf/js-wf/integration>, "/tmp/TestMixedWorkflowsRecoverFromFourServerFaults874006668/001/node-1/jetstream/$SYS/_js_/C-R3F-0AOoyDir/tav.idx", {st_mode=S_IFREG|0600, st_size=8, ...}, 0) = 0 <0.000054>
3286  1790834059.964600 <... pwrite64 resumed>) = 183 (DELAYED) <0.025049>
3285  1790834059.965672 newfstatat(AT_FDCWD</home/runner/work/js-wf/js-wf/integration>, "/tmp/TestMixedWorkflowsRecoverFromFourServerFaults874006668/001/node-1/jetstream/$SYS/_js_/C-R3F-0AOoyDir/tav.idx", {st_mode=S_IFREG|0600, st_size=8, ...}, AT_SYMLINK_NOFOLLOW) = 0 <0.000066>
3285  1790834059.965831 renameat(AT_FDCWD</home/runner/work/js-wf/js-wf/integration>, "/tmp/TestMixedWorkflowsRecoverFromFourServerFaults874006668/001/node-1/jetstream/$SYS/_js_/C-R3F-0AOoyDir/tav.idx.tmp", AT_FDCWD</home/runner/work/js-wf/js-wf/integration>, "/tmp/TestMixedWorkflowsRecoverFromFourServerFaults874006668/001/node-1/jetstream/$SYS/_js_/C-R3F-0AOoyDir/tav.idx") = 0 <0.000203>
3314  1790834059.966889 pwrite64(30</tmp/TestMixedWorkflowsRecoverFromFourServerFaults874006668/001/node-1/jetstream/$G/streams/KV_WF_LEASE/msgs/1.blk>, "\267\0\0\200\305\1\0\0\0\0\0\0.\22\336\333\26R\332\30:\0$KV.WF_LEA"..., 183, 74336 <unfinished ...>
3321  1790834059.967328 pwrite64(26</tmp/TestMixedWorkflowsRecoverFromFourServerFaults874006668/001/node-1/jetstream/$G/streams/WF_SIG/msgs/1.blk>, "\365\0\0\200\22\0\0\0\0\0\0\0\211\210\260\333\26R\332\30 \0wf.sig.mix"..., 1013, 4701 <unfinished ...>
3286  1790834059.969949 fstat(44</tmp/TestMixedWorkflowsRecoverFromFourServerFaults874006668/001/node-1/jetstream/$SYS/_js_/C-R3F-0AOoyDir/msgs/1.blk>, {st_mode=S_IFREG|0600, st_size=835, ...}) = 0 <0.000015>
3286  1790834059.970024 lseek(44</tmp/TestMixedWorkflowsRecoverFromFourServerFaults874006668/001/node-1/jetstream/$SYS/_js_/C-R3F-0AOoyDir/msgs/1.blk>, 0, SEEK_SET) = 0 <0.000014>
3286  1790834059.970088 fstat(44</tmp/TestMixedWorkflowsRecoverFromFourServerFaults874006668/001/node-1/jetstream/$SYS/_js_/C-R3F-0AOoyDir/msgs/1.blk>, {st_mode=S_IFREG|0600, st_size=835, ...}) = 0 <0.000024>
3286  1790834059.970225 read(44</tmp/TestMixedWorkflowsRecoverFromFourServerFaults874006668/001/node-1/jetstream/$SYS/_js_/C-R3F-0AOoyDir/msgs/1.blk>, "p\0\0\0\1\0\0\0\0\0\0\0\354\264\26\31\23R\332\30\0\0000m6vARoZ\1\0"..., 835) = 835 <0.000040>
3286  1790834059.970332 pwrite64(44</tmp/TestMixedWorkflowsRecoverFromFourServerFaults874006668/001/node-1/jetstream/$SYS/_js_/C-R3F-0AOoyDir/msgs/1.blk>, "p\0\0\0\t\0\0\0\0\0\0\0004\234-\334\26R\332\30\0\0St9I6EVH\3\0"..., 112, 835 <unfinished ...>
3317  1790834059.981466 <... pwrite64 resumed>) = 308 (DELAYED) <0.024995>
3317  1790834059.981766 --- SIGURG {si_signo=SIGURG, si_code=SI_TKILL, si_pid=3265, si_uid=1001} ---
3271  1790834059.982925 <... pwrite64 resumed>) = 108 (DELAYED) <0.025054>
3301  1790834059.985308 pwrite64(24</tmp/TestMixedWorkflowsRecoverFromFourServerFaults874006668/001/node-1/jetstream/$G/streams/WF_JRN/msgs/1.blk>, "\361\0\0\200\331\0\0\0\0\0\0\0\236&\362\334\26R\332\0304\0wf.jrn.mix"..., 241, 58313 <unfinished ...>
3316  1790834059.988945 <... pwrite64 resumed>) = 218 (DELAYED) <0.025021>
3316  1790834059.989079 pwrite64(21</tmp/TestMixedWorkflowsRecoverFromFourServerFaults874006668/001/node-1/jetstream/$SYS/_js_/S-R3F-G9FrvoEG/msgs/2.blk>, "\230\1\0\0v\0\0\0\0\0\0\0\217\207Q\335\26R\332\30\0\0St9I6EVH\3\0"..., 408, 33941 <unfinished ...>
3314  1790834059.991940 <... pwrite64 resumed>) = 183 (DELAYED) <0.025012>
3321  1790834059.992415 <... pwrite64 resumed>) = 1013 (DELAYED) <0.025065>
3321  1790834059.994617 pwrite64(30</tmp/TestMixedWorkflowsRecoverFromFourServerFaults874006668/001/node-1/jetstream/$G/streams/KV_WF_LEASE/msgs/1.blk>, "\267\0\0\200\306\1\0\0\0\0\0\0\210E\177\335\26R\332\30:\0$KV.WF_LEA"..., 183, 74519 <unfinished ...>
3286  1790834059.995389 <... pwrite64 resumed>) = 112 (DELAYED) <0.025038>
3301  1790834060.010403 <... pwrite64 resumed>) = 241 (DELAYED) <0.025064>
3301  1790834060.010911 --- SIGURG {si_signo=SIGURG, si_code=SI_TKILL, si_pid=3265, si_uid=1001} ---
3317  1790834060.014080 pwrite64(31</tmp/TestMixedWorkflowsRecoverFromFourServerFaults874006668/001/node-1/jetstream/$SYS/_js_/S-R3F-OEyp3t6z/msgs/2.blk>, "\34\1\0\0\17\0\0\0\0\0\0\0\256\207\316\336\26R\332\30\0\0000WED9nmv\2\0"..., 284, 3767 <unfinished ...>
3316  1790834060.014169 <... pwrite64 resumed>) = 408 (DELAYED) <0.025069>
3301  1790834060.014245 pwrite64(24</tmp/TestMixedWorkflowsRecoverFromFourServerFaults874006668/001/node-1/jetstream/$G/streams/WF_JRN/msgs/1.blk>, "\373\0\0\200\332\0\0\0\0\0\0\0\327\221\253\336\26R\332\0304\0wf.jrn.mix"..., 251, 58554 <unfinished ...>
3320  1790834060.018063 pwrite64(22</tmp/TestMixedWorkflowsRecoverFromFourServerFaults874006668/001/node-1/jetstream/$G/streams/WF_RUN/msgs/1.blk>, "l\0\0\200g\0\0\0\0\0\0\0\337\232\320\333\26R\332\30\t\0wf.run.27+"..., 369, 21101 <unfinished ...>
3321  1790834060.019764 <... pwrite64 resumed>) = 183 (DELAYED) <0.025113>
3286  1790834060.020445 pwrite64(21</tmp/TestMixedWorkflowsRecoverFromFourServerFaults874006668/001/node-1/jetstream/$SYS/_js_/S-R3F-G9FrvoEG/msgs/2.blk>, "\332\0\0\0w\0\0\0\0\0\0\0\354\314/\337\26R\332\30\0\0St9I6EVH\3\0"..., 218, 34349 <unfinished ...>
3316  1790834060.021416 pwrite64(26</tmp/TestMixedWorkflowsRecoverFromFourServerFaults874006668/001/node-1/jetstream/$G/streams/WF_SIG/msgs/1.blk>, "\365\0\0\200\25\0\0\0\0\0\0\0\5-\32\337\26R\332\30 \0wf.sig.mix"..., 245, 5714 <unfinished ...>
3285  1790834060.028234 newfstatat(AT_FDCWD</home/runner/work/js-wf/js-wf/integration>, "/tmp/TestMixedWorkflowsRecoverFromFourServerFaults874006668/001/node-1/jetstream/$G/streams/WF_RUN/obs/WF_P_18/o.dat", {st_mode=S_IFREG|0600, st_size=8, ...}, AT_SYMLINK_NOFOLLOW) = 0 <0.000029>
3285  1790834060.028329 renameat(AT_FDCWD</home/runner/work/js-wf/js-wf/integration>, "/tmp/TestMixedWorkflowsRecoverFromFourServerFaults874006668/001/node-1/jetstream/$G/streams/WF_RUN/obs/WF_P_18/o.dat.tmp", AT_FDCWD</home/runner/work/js-wf/js-wf/integration>, "/tmp/TestMixedWorkflowsRecoverFromFourServerFaults874006668/001/node-1/jetstream/$G/streams/WF_RUN/obs/WF_P_18/o.dat") = 0 <0.000212>
3317  1790834060.039142 <... pwrite64 resumed>) = 284 (DELAYED) <0.025026>
3301  1790834060.039317 <... pwrite64 resumed>) = 251 (DELAYED) <0.025052>
3317  1790834060.039486 --- SIGURG {si_signo=SIGURG, si_code=SI_TKILL, si_pid=3265, si_uid=1001} ---
3317  1790834060.041262 pwrite64(32</tmp/TestMixedWorkflowsRecoverFromFourServerFaults874006668/001/node-1/jetstream/$G/streams/KV_WF_STATE/msgs/1.blk>, "\256\0\0\200\17\0\0\0\0\0\0\0\245x\305\336\26R\332\30:\0$KV.WF_STA"..., 174, 2231 <unfinished ...>
3320  1790834060.043168 <... pwrite64 resumed>) = 369 (DELAYED) <0.025052>
3286  1790834060.045591 <... pwrite64 resumed>) = 218 (DELAYED) <0.025117>
3286  1790834060.045715 pwrite64(21</tmp/TestMixedWorkflowsRecoverFromFourServerFaults874006668/001/node-1/jetstream/$SYS/_js_/S-R3F-G9FrvoEG/msgs/2.blk>, "\337\0\0\0x\0\0\0\0\0\0\0\230]\261\340\26R\332\30\0\0St9I6EVH\3\0"..., 223, 34567 <unfinished ...>
3321  1790834060.046540 pwrite64(30</tmp/TestMixedWorkflowsRecoverFromFourServerFaults874006668/001/node-1/jetstream/$G/streams/KV_WF_LEASE/msgs/1.blk>, "\252\0\0\200\307\1\0\0\0\0\0\0\224%h\340\26R\332\30?\0$KV.WF_LEA"..., 340, 74702 <unfinished ...>
3316  1790834060.046599 <... pwrite64 resumed>) = 245 (DELAYED) <0.025158>
3301  1790834060.048283 pwrite64(26</tmp/TestMixedWorkflowsRecoverFromFourServerFaults874006668/001/node-1/jetstream/$G/streams/WF_SIG/msgs/1.blk>, "T\1\0\200\26\0\0\0\0\0\0\0\226\262\266\340\26R\332\30&\0wf.sig.mix"..., 340, 5959 <unfinished ...>
3317  1790834060.066338 <... pwrite64 resumed>) = 174 (DELAYED) <0.025037>
3286  1790834060.070802 <... pwrite64 resumed>) = 223 (DELAYED) <0.025063>
3286  1790834060.071043 pwrite64(21</tmp/TestMixedWorkflowsRecoverFromFourServerFaults874006668/001/node-1/jetstream/$SYS/_js_/S-R3F-G9FrvoEG/msgs/2.blk>, "\332\0\0\0y\0\0\0\0\0\0\0]\3113\342\26R\332\30\0\0St9I6EVH\3\0"..., 218, 34790 <unfinished ...>
3321  1790834060.071633 <... pwrite64 resumed>) = 340 (DELAYED) <0.025062>
3301  1790834060.073351 <... pwrite64 resumed>) = 340 (DELAYED) <0.025036>
3321  1790834060.073473 pwrite64(42</tmp/TestMixedWorkflowsRecoverFromFourServerFaults874006668/001/node-1/jetstream/$SYS/_js_/C-R3F-Fspi1V4u/msgs/1.blk>, "t\0\0\0\35\0\0\0\0\0\0\0\356\357X\342\26R\332\30\0\0St9I6EVH\2\0"..., 116, 3221 <unfinished ...>
3320  1790834060.074720 pwrite64(30</tmp/TestMixedWorkflowsRecoverFromFourServerFaults874006668/001/node-1/jetstream/$G/streams/KV_WF_LEASE/msgs/1.blk>, "\215\0\0\200\311\1\0\0\0\0\0\08\305?\342\26R\332\30\"\0$KV.WF_LEA"..., 141, 75042 <unfinished ...>
3301  1790834060.083757 --- SIGURG {si_signo=SIGURG, si_code=SI_TKILL, si_pid=3265, si_uid=1001} ---
3301  1790834060.084204 --- SIGURG {si_signo=SIGURG, si_code=SI_TKILL, si_pid=3265, si_uid=1001} ---
3286  1790834060.096122 <... pwrite64 resumed>) = 218 (DELAYED) <0.025047>
3286  1790834060.096432 --- SIGURG {si_signo=SIGURG, si_code=SI_TKILL, si_pid=3265, si_uid=1001} ---
3301  1790834060.097457 pwrite64(46</tmp/TestMixedWorkflowsRecoverFromFourServerFaults874006668/001/node-1/jetstream/$SYS/_js_/C-R3F-mMm2NIUQ/msgs/1.blk>, "~\0\0\0\23\0\0\0\0\0\0\0\26\306\306\343\26R\332\30\0\0St9I6EVH\3\0"..., 126, 1852 <unfinished ...>
3321  1790834060.098552 <... pwrite64 resumed>) = 116 (DELAYED) <0.025056>
3321  1790834060.098701 pwrite64(42</tmp/TestMixedWorkflowsRecoverFromFourServerFaults874006668/001/node-1/jetstream/$SYS/_js_/C-R3F-Fspi1V4u/msgs/1.blk>, "~\0\0\0\36\0\0\0\0\0\0\0007\350\331\343\26R\332\30\0\0St9I6EVH\2\0"..., 126, 3337 <unfinished ...>
3320  1790834060.099801 <... pwrite64 resumed>) = 141 (DELAYED) <0.025057>
3314  1790834060.100025 pwrite64(22</tmp/TestMixedWorkflowsRecoverFromFourServerFaults874006668/001/node-1/jetstream/$G/streams/WF_RUN/msgs/1.blk>, "l\0\0\200j\0\0\0\0\0\0\0\7\255/\337\26R\332\30\t\0wf.run.27+"..., 276, 21470 <unfinished ...>
3285  1790834060.101753 pwrite64(30</tmp/TestMixedWorkflowsRecoverFromFourServerFaults874006668/001/node-1/jetstream/$G/streams/KV_WF_LEASE/msgs/1.blk>, "\245\0\0\200\312\1\0\0\0\0\0\0H\17\354\343\26R\332\30:\0$KV.WF_LEA"..., 165, 75183 <unfinished ...>
3317  1790834060.102553 pwrite64(21</tmp/TestMixedWorkflowsRecoverFromFourServerFaults874006668/001/node-1/jetstream/$SYS/_js_/S-R3F-G9FrvoEG/msgs/2.blk>, "\332\0\0\0z\0\0\0\0\0\0\0\341\363\24\344\26R\332\30\0\0St9I6EVH\3\0"..., 218, 35008 <unfinished ...>
3286  1790834060.104023 pwrite64(26</tmp/TestMixedWorkflowsRecoverFromFourServerFaults874006668/001/node-1/jetstream/$G/streams/WF_SIG/msgs/1.blk>, "\365\0\0\200\27\0\0\0\0\0\0\0\324\22\376\343\26R\332\30 \0wf.sig.mix"..., 245, 6299 <unfinished ...>
3301  1790834060.122538 <... pwrite64 resumed>) = 126 (DELAYED) <0.025042>
3301  1790834060.122868 --- SIGURG {si_signo=SIGURG, si_code=SI_TKILL, si_pid=3265, si_uid=1001} ---
3321  1790834060.123782 <... pwrite64 resumed>) = 126 (DELAYED) <0.025050>
3321  1790834060.124862 newfstatat(AT_FDCWD</home/runner/work/js-wf/js-wf/integration>, "/tmp/TestMixedWorkflowsRecoverFromFourServerFaults874006668/001/node-1/jetstream/$G/streams/WF_RUN/obs/WF_P_00/o.dat", {st_mode=S_IFREG|0600, st_size=16, ...}, AT_SYMLINK_NOFOLLOW) = 0 <0.000039>
3321  1790834060.124983 renameat(AT_FDCWD</home/runner/work/js-wf/js-wf/integration>, "/tmp/TestMixedWorkflowsRecoverFromFourServerFaults874006668/001/node-1/jetstream/$G/streams/WF_RUN/obs/WF_P_00/o.dat.tmp", AT_FDCWD</home/runner/work/js-wf/js-wf/integration>, "/tmp/TestMixedWorkflowsRecoverFromFourServerFaults874006668/001/node-1/jetstream/$G/streams/WF_RUN/obs/WF_P_00/o.dat" <unfinished ...>
3314  1790834060.125098 <... pwrite64 resumed>) = 276 (DELAYED) <0.025025>
3314  1790834060.125218 pwrite64(51</tmp/TestMixedWorkflowsRecoverFromFourServerFaults874006668/001/node-1/jetstream/$SYS/_js_/C-R3F-tOdRrkzy/msgs/1.blk>, "\202\0\0\0(\0\0\0\0\0\0\0\224Ln\345\26R\332\30\0\0St9I6EVH\3\0"..., 130, 4162 <unfinished ...>
3321  1790834060.125256 <... renameat resumed>) = 0 <0.000243>
3316  1790834060.125300 newfstatat(AT_FDCWD</home/runner/work/js-wf/js-wf/integration>, "/tmp/TestMixedWorkflowsRecoverFromFourServerFaults874006668/001/node-1/jetstream/$G/streams/WF_RUN/obs/WF_P_55/o.dat", {st_mode=S_IFREG|0600, st_size=8, ...}, AT_SYMLINK_NOFOLLOW) = 0 <0.000041>
3316  1790834060.125427 renameat(AT_FDCWD</home/runner/work/js-wf/js-wf/integration>, "/tmp/TestMixedWorkflowsRecoverFromFourServerFaults874006668/001/node-1/jetstream/$G/streams/WF_RUN/obs/WF_P_55/o.dat.tmp", AT_FDCWD</home/runner/work/js-wf/js-wf/integration>, "/tmp/TestMixedWorkflowsRecoverFromFourServerFaults874006668/001/node-1/jetstream/$G/streams/WF_RUN/obs/WF_P_55/o.dat") = 0 <0.000229>
3285  1790834060.126804 <... pwrite64 resumed>) = 165 (DELAYED) <0.025018>
3317  1790834060.127616 <... pwrite64 resumed>) = 218 (DELAYED) <0.025036>
3316  1790834060.128099 pwrite64(21</tmp/TestMixedWorkflowsRecoverFromFourServerFaults874006668/001/node-1/jetstream/$SYS/_js_/S-R3F-G9FrvoEG/msgs/2.blk>, "\224\0\0\0{\0\0\0\0\0\0\0d\276\232\345\26R\332\30\0\0St9I6EVH\3\0"..., 148, 35226 <unfinished ...>
3286  1790834060.129103 <... pwrite64 resumed>) = 245 (DELAYED) <0.025057>
3317  1790834060.130344 pwrite64(30</tmp/TestMixedWorkflowsRecoverFromFourServerFaults874006668/001/node-1/jetstream/$G/streams/KV_WF_LEASE/msgs/1.blk>, "\235\0\0\200\313\1\0\0\0\0\0\0}\27\227\345\26R\332\30#\0$KV.WF_LEA"..., 157, 75348 <unfinished ...>
3301  1790834060.145701 pwrite64(41</tmp/TestMixedWorkflowsRecoverFromFourServerFaults874006668/001/node-1/jetstream/$SYS/_js_/C-R3F-U2k39UyT/msgs/1.blk>, "z\0\0\0$\0\0\0\0\0\0\0\334\26\247\346\26R\332\30\0\0St9I6EVH\3\0"..., 122, 4173 <unfinished ...>
3314  1790834060.150275 <... pwrite64 resumed>) = 130 (DELAYED) <0.025034>
3285  1790834060.151953 newfstatat(AT_FDCWD</home/runner/work/js-wf/js-wf/integration>, "/tmp/TestMixedWorkflowsRecoverFromFourServerFaults874006668/001/node-1/jetstream/$G/streams/WF_RUN/obs/WF_P_33/o.dat", {st_mode=S_IFREG|0600, st_size=16, ...}, AT_SYMLINK_NOFOLLOW) = 0 <0.000034>
3285  1790834060.152047 renameat(AT_FDCWD</home/runner/work/js-wf/js-wf/integration>, "/tmp/TestMixedWorkflowsRecoverFromFourServerFaults874006668/001/node-1/jetstream/$G/streams/WF_RUN/obs/WF_P_33/o.dat.tmp", AT_FDCWD</home/runner/work/js-wf/js-wf/integration>, "/tmp/TestMixedWorkflowsRecoverFromFourServerFaults874006668/001/node-1/jetstream/$G/streams/WF_RUN/obs/WF_P_33/o.dat") = 0 <0.000454>
3316  1790834060.153173 <... pwrite64 resumed>) = 148 (DELAYED) <0.025044>
3316  1790834060.153325 pwrite64(21</tmp/TestMixedWorkflowsRecoverFromFourServerFaults874006668/001/node-1/jetstream/$SYS/_js_/S-R3F-G9FrvoEG/msgs/2.blk>, "\224\0\0\0|\0\0\0\0\0\0\0\4\217\33\347\26R\332\30\0\0St9I6EVH\3\0"..., 148, 35374 <unfinished ...>
3286  1790834060.154752 pwrite64(22</tmp/TestMixedWorkflowsRecoverFromFourServerFaults874006668/001/node-1/jetstream/$G/streams/WF_RUN/msgs/1.blk>, "l\0\0\200l\0\0\0\0\0\0\0\206\315\24\344\26R\332\30\t\0wf.run.27+"..., 108, 21746 <unfinished ...>
3317  1790834060.155422 <... pwrite64 resumed>) = 157 (DELAYED) <0.025028>
3314  1790834060.161457 pwrite64(26</tmp/TestMixedWorkflowsRecoverFromFourServerFaults874006668/001/node-1/jetstream/$G/streams/WF_SIG/msgs/1.blk>, "\363\0\0\200\30\0\0\0\0\0\0\0\370\10o\347\26R\332\30 \0wf.sig.mix"..., 243, 6544 <unfinished ...>
3317  1790834060.162758 pwrite64(30</tmp/TestMixedWorkflowsRecoverFromFourServerFaults874006668/001/node-1/jetstream/$G/streams/KV_WF_LEASE/msgs/1.blk>, "\234\0\0\200\314\1\0\0\0\0\0\0]\34\263\345\26R\332\30\"\0$KV.WF_LEA"..., 473, 75505 <unfinished ...>
3301  1790834060.170751 <... pwrite64 resumed>) = 122 (DELAYED) <0.025016>
3301  1790834060.170858 pwrite64(41</tmp/TestMixedWorkflowsRecoverFromFourServerFaults874006668/001/node-1/jetstream/$SYS/_js_/C-R3F-U2k39UyT/msgs/1.blk>, "l\0\0\0%\0\0\0\0\0\0\0007\241&\350\26R\332\30\0\0St9I6EVH\3\0"..., 108, 4295 <unfinished ...>
3316  1790834060.178369 <... pwrite64 resumed>) = 148 (DELAYED) <0.025022>
3316  1790834060.178457 pwrite64(21</tmp/TestMixedWorkflowsRecoverFromFourServerFaults874006668/001/node-1/jetstream/$SYS/_js_/S-R3F-G9FrvoEG/msgs/2.blk>, "\332\0\0\0}\0\0\0\0\0\0\0\371\f\233\350\26R\332\30\0\0St9I6EVH\3\0"..., 218, 35522 <unfinished ...>
3286  1790834060.179827 <... pwrite64 resumed>) = 108 (DELAYED) <0.025041>
3314  1790834060.186523 <... pwrite64 resumed>) = 243 (DELAYED) <0.025031>
3317  1790834060.187849 <... pwrite64 resumed>) = 473 (DELAYED) <0.025053>
3271  1790834060.190505 pwrite64(30</tmp/TestMixedWorkflowsRecoverFromFourServerFaults874006668/001/node-1/jetstream/$G/streams/KV_WF_LEASE/msgs/1.blk>, "\237\0\0\200\317\1\0\0\0\0\0\0\314\237+\351\26R\332\30#\0$KV.WF_LEA"..., 159, 75978 <unfinished ...>
3285  1790834060.192888 pwrite64(24</tmp/TestMixedWorkflowsRecoverFromFourServerFaults874006668/001/node-1/jetstream/$G/streams/WF_JRN/msgs/1.blk>, "h\1\0\200\333\0\0\0\0\0\0\0\236,[\351\26R\332\30\35\0wf.jrn.mix"..., 360, 58805 <unfinished ...>
3301  1790834060.195919 <... pwrite64 resumed>) = 108 (DELAYED) <0.025038>
3301  1790834060.196833 newfstatat(AT_FDCWD</home/runner/work/js-wf/js-wf/integration>, "/tmp/TestMixedWorkflowsRecoverFromFourServerFaults874006668/001/node-1/jetstream/$G/streams/WF_RUN/obs/WF_P_26/o.dat", {st_mode=S_IFREG|0600, st_size=28, ...}, AT_SYMLINK_NOFOLLOW) = 0 <0.000037>
3301  1790834060.196954 renameat(AT_FDCWD</home/runner/work/js-wf/js-wf/integration>, "/tmp/TestMixedWorkflowsRecoverFromFourServerFaults874006668/001/node-1/jetstream/$G/streams/WF_RUN/obs/WF_P_26/o.dat.tmp", AT_FDCWD</home/runner/work/js-wf/js-wf/integration>, "/tmp/TestMixedWorkflowsRecoverFromFourServerFaults874006668/001/node-1/jetstream/$G/streams/WF_RUN/obs/WF_P_26/o.dat") = 0 <0.000212>
3316  1790834060.203516 <... pwrite64 resumed>) = 218 (DELAYED) <0.025036>
3320  1790834060.207402 pwrite64(22</tmp/TestMixedWorkflowsRecoverFromFourServerFaults874006668/001/node-1/jetstream/$G/streams/WF_RUN/msgs/1.blk>, "\36\0\0\0L\0\0\0\0\0\0@\16m\243{\25R\332\30\0\0y\205%\203'\241\fS\36\0"..., 168, 21854 <unfinished ...>
3317  1790834060.209816 pwrite64(21</tmp/TestMixedWorkflowsRecoverFromFourServerFaults874006668/001/node-1/jetstream/$SYS/_js_/S-R3F-G9FrvoEG/msgs/2.blk>, "\332\0\0\0~\0\0\0\0\0\0\08\251y\352\26R\332\30\0\0St9I6EVH\3\0"..., 218, 35740 <unfinished ...>
3301  1790834060.211131 pwrite64(26</tmp/TestMixedWorkflowsRecoverFromFourServerFaults874006668/001/node-1/jetstream/$G/streams/WF_SIG/msgs/1.blk>, "\363\0\0\200\31\0\0\0\0\0\0\0\310\214e\352\26R\332\30 \0wf.sig.mix"..., 243, 6787 <unfinished ...>
3271  1790834060.215609 <... pwrite64 resumed>) = 159 (DELAYED) <0.025072>
3285  1790834060.217954 <... pwrite64 resumed>) = 360 (DELAYED) <0.025029>
3271  1790834060.218344 pwrite64(30</tmp/TestMixedWorkflowsRecoverFromFourServerFaults874006668/001/node-1/jetstream/$G/streams/KV_WF_LEASE/msgs/1.blk>, "\237\0\0\200\320\1\0\0\0\0\0\0\326,\324\352\26R\332\30#\0$KV.WF_LEA"..., 159, 76137 <unfinished ...>
3314  1790834060.221484 pwrite64(24</tmp/TestMixedWorkflowsRecoverFromFourServerFaults874006668/001/node-1/jetstream/$G/streams/WF_JRN/msgs/1.blk>, "\344\0\0\200\334\0\0\0\0\0\0\0\233[\4\353\26R\332\30\35\0wf.jrn.mix"..., 228, 59165 <unfinished ...>
3316  1790834060.226683 newfstatat(AT_FDCWD</home/runner/work/js-wf/js-wf/integration>, "/tmp/TestMixedWorkflowsRecoverFromFourServerFaults874006668/001/node-1/jetstream/$G/streams/WF_RUN/obs/WF_P_00/o.dat", {st_mode=S_IFREG|0600, st_size=8, ...}, AT_SYMLINK_NOFOLLOW) = 0 <0.000036>
3316  1790834060.226791 renameat(AT_FDCWD</home/runner/work/js-wf/js-wf/integration>, "/tmp/TestMixedWorkflowsRecoverFromFourServerFaults874006668/001/node-1/jetstream/$G/streams/WF_RUN/obs/WF_P_00/o.dat.tmp", AT_FDCWD</home/runner/work/js-wf/js-wf/integration>, "/tmp/TestMixedWorkflowsRecoverFromFourServerFaults874006668/001/node-1/jetstream/$G/streams/WF_RUN/obs/WF_P_00/o.dat") = 0 <0.000193>
3320  1790834060.232523 <... pwrite64 resumed>) = 168 (DELAYED) <0.025079>
3317  1790834060.234866 <... pwrite64 resumed>) = 218 (DELAYED) <0.025024>
3317  1790834060.235086 --- SIGURG {si_signo=SIGURG, si_code=SI_TKILL, si_pid=3265, si_uid=1001} ---
3301  1790834060.236495 <... pwrite64 resumed>) = 243 (DELAYED) <0.025339>
3317  1790834060.237397 pwrite64(22</tmp/TestMixedWorkflowsRecoverFromFourServerFaults874006668/001/node-1/jetstream/$G/streams/WF_RUN/msgs/1.blk>, "l\0\0\200n\0\0\0\0\0\0\0\353\205y\352\26R\332\30\t\0wf.run.12+"..., 108, 22022 <unfinished ...>
3301  1790834060.242425 pwrite64(21</tmp/TestMixedWorkflowsRecoverFromFourServerFaults874006668/001/node-1/jetstream/$SYS/_js_/S-R3F-G9FrvoEG/msgs/2.blk>, "\332\0\0\0\177\0\0\0\0\0\0\0\363\376j\354\26R\332\30\0\0St9I6EVH\3\0"..., 218, 35958 <unfinished ...>
3271  1790834060.243397 <... pwrite64 resumed>) = 159 (DELAYED) <0.025004>
3316  1790834060.243518 pwrite64(26</tmp/TestMixedWorkflowsRecoverFromFourServerFaults874006668/001/node-1/jetstream/$G/streams/WF_SIG/msgs/1.blk>, "\363\0\0\200\32\0\0\0\0\0\0\0\260HR\354\26R\332\30 \0wf.sig.mix"..., 243, 7030 <unfinished ...>
3271  1790834060.245152 pwrite64(42</tmp/TestMixedWorkflowsRecoverFromFourServerFaults874006668/001/node-1/jetstream/$SYS/_js_/C-R3F-Fspi1V4u/msgs/1.blk>, "Q\0\0\0\37\0\0\0\0\0\0\0Vq\224\354\26R\332\30\0\0St9I6EVH\2\0"..., 81, 3463 <unfinished ...>
3320  1790834060.245192 pwrite64(46</tmp/TestMixedWorkflowsRecoverFromFourServerFaults874006668/001/node-1/jetstream/$SYS/_js_/C-R3F-mMm2NIUQ/msgs/1.blk>, "l\0\0\0\24\0\0\0\0\0\0\0\335\331\224\354\26R\332\30\0\0St9I6EVH\3\0"..., 108, 1978 <unfinished ...>
3286  1790834060.245357 pwrite64(30</tmp/TestMixedWorkflowsRecoverFromFourServerFaults874006668/001/node-1/jetstream/$G/streams/KV_WF_LEASE/msgs/1.blk>, "\215\0\0\200\321\1\0\0\0\0\0\0\323\372{\354\26R\332\30\"\0$KV.WF_LEA"..., 283, 76296 <unfinished ...>
3314  1790834060.246643 <... pwrite64 resumed>) = 228 (DELAYED) <0.025117>
3314  1790834060.253668 newfstatat(AT_FDCWD</home/runner/work/js-wf/js-wf/integration>, "/tmp/TestMixedWorkflowsRecoverFromFourServerFaults874006668/001/node-1/jetstream/$G/streams/WF_RUN/obs/WF_P_33/o.dat", {st_mode=S_IFREG|0600, st_size=8, ...}, AT_SYMLINK_NOFOLLOW) = 0 <0.000028>
3314  1790834060.253765 renameat(AT_FDCWD</home/runner/work/js-wf/js-wf/integration>, "/tmp/TestMixedWorkflowsRecoverFromFourServerFaults874006668/001/node-1/jetstream/$G/streams/WF_RUN/obs/WF_P_33/o.dat.tmp", AT_FDCWD</home/runner/work/js-wf/js-wf/integration>, "/tmp/TestMixedWorkflowsRecoverFromFourServerFaults874006668/001/node-1/jetstream/$G/streams/WF_RUN/obs/WF_P_33/o.dat") = 0 <0.000166>
3317  1790834060.262461 <... pwrite64 resumed>) = 108 (DELAYED) <0.025032>
3301  1790834060.267512 <... pwrite64 resumed>) = 218 (DELAYED) <0.025056>
3316  1790834060.268665 <... pwrite64 resumed>) = 243 (DELAYED) <0.025112>
3271  1790834060.270231 <... pwrite64 resumed>) = 81 (DELAYED) <0.025047>
3320  1790834060.270366 <... pwrite64 resumed>) = 108 (DELAYED) <0.025157>
3320  1790834060.270440 pwrite64(46</tmp/TestMixedWorkflowsRecoverFromFourServerFaults874006668/001/node-1/jetstream/$SYS/_js_/C-R3F-mMm2NIUQ/msgs/1.blk>, "_\0\0\0\25\0\0\0\0\0\0\0P\237\26\356\26R\332\30\0\0St9I6EVH\3\0"..., 95, 2086 <unfinished ...>
3271  1790834060.270471 pwrite64(42</tmp/TestMixedWorkflowsRecoverFromFourServerFaults874006668/001/node-1/jetstream/$SYS/_js_/C-R3F-Fspi1V4u/msgs/1.blk>, "\241\0\0\0 \0\0\0\0\0\0\0W\275\26\356\26R\332\30\0\0St9I6EVH\2\0"..., 161, 3544 <unfinished ...>
3286  1790834060.270582 <... pwrite64 resumed>) = 283 (DELAYED) <0.025203>
3316  1790834060.270622 pwrite64(22</tmp/TestMixedWorkflowsRecoverFromFourServerFaults874006668/001/node-1/jetstream/$G/streams/WF_RUN/msgs/1.blk>, "l\0\0\200o\0\0\0\0\0\0\0g\341j\354\26R\332\30\t\0wf.run.12+"..., 108, 22130 <unfinished ...>
3317  1790834060.274925 pwrite64(21</tmp/TestMixedWorkflowsRecoverFromFourServerFaults874006668/001/node-1/jetstream/$SYS/_js_/S-R3F-G9FrvoEG/msgs/2.blk>, "\332\0\0\0\200\0\0\0\0\0\0\0\201\22[\356\26R\332\30\0\0St9I6EVH\3\0"..., 218, 36176 <unfinished ...>
3286  1790834060.276295 pwrite64(26</tmp/TestMixedWorkflowsRecoverFromFourServerFaults874006668/001/node-1/jetstream/$G/streams/WF_SIG/msgs/1.blk>, "\363\0\0\200\33\0\0\0\0\0\0\0ClE\356\26R\332\30 \0wf.sig.mix"..., 243, 7273 <unfinished ...>
3320  1790834060.295527 <... pwrite64 resumed>) = 95 (DELAYED) <0.025059>
3271  1790834060.295554 <... pwrite64 resumed>) = 161 (DELAYED) <0.025068>
3316  1790834060.295682 <... pwrite64 resumed>) = 108 (DELAYED) <0.025031>
3320  1790834060.295937 --- SIGURG {si_signo=SIGURG, si_code=SI_TKILL, si_pid=3265, si_uid=1001} ---
3271  1790834060.297618 newfstatat(AT_FDCWD</home/runner/work/js-wf/js-wf/integration>, "/tmp/TestMixedWorkflowsRecoverFromFourServerFaults874006668/001/node-1/jetstream/$G/streams/WF_RUN/obs/WF_P_55/o.dat", {st_mode=S_IFREG|0600, st_size=16, ...}, AT_SYMLINK_NOFOLLOW) = 0 <0.000038>
3271  1790834060.297733 renameat(AT_FDCWD</home/runner/work/js-wf/js-wf/integration>, "/tmp/TestMixedWorkflowsRecoverFromFourServerFaults874006668/001/node-1/jetstream/$G/streams/WF_RUN/obs/WF_P_55/o.dat.tmp", AT_FDCWD</home/runner/work/js-wf/js-wf/integration>, "/tmp/TestMixedWorkflowsRecoverFromFourServerFaults874006668/001/node-1/jetstream/$G/streams/WF_RUN/obs/WF_P_55/o.dat") = 0 <0.000169>
3317  1790834060.299978 <... pwrite64 resumed>) = 218 (DELAYED) <0.025027>
3285  1790834060.300367 pwrite64(21</tmp/TestMixedWorkflowsRecoverFromFourServerFaults874006668/001/node-1/jetstream/$SYS/_js_/S-R3F-G9FrvoEG/msgs/2.blk>, "\340\0\0\0\201\0\0\0\0\0\0\0\21\f\337\357\26R\332\30\0\0St9I6EVH\3\0"..., 224, 36394 <unfinished ...>
3286  1790834060.301376 <... pwrite64 resumed>) = 243 (DELAYED) <0.025055>
3286  1790834060.305450 pwrite64(30</tmp/TestMixedWorkflowsRecoverFromFourServerFaults874006668/001/node-1/jetstream/$G/streams/KV_WF_LEASE/msgs/1.blk>, "\264\0\0\200\323\1\0\0\0\0\0\0o|\7\360\26R\332\30:\0$KV.WF_LEA"..., 180, 76579 <unfinished ...>
3285  1790834060.325437 <... pwrite64 resumed>) = 224 (DELAYED) <0.025032>
3285  1790834060.325816 --- SIGURG {si_signo=SIGURG, si_code=SI_TKILL, si_pid=3265, si_uid=1001} ---
3316  1790834060.327926 newfstatat(AT_FDCWD</home/runner/work/js-wf/js-wf/integration>, "/tmp/TestMixedWorkflowsRecoverFromFourServerFaults874006668/001/node-1/jetstream/$G/streams/WF_RUN/obs/WF_P_00/o.dat", {st_mode=S_IFREG|0600, st_size=16, ...}, AT_SYMLINK_NOFOLLOW) = 0 <0.000043>
3316  1790834060.328042 renameat(AT_FDCWD</home/runner/work/js-wf/js-wf/integration>, "/tmp/TestMixedWorkflowsRecoverFromFourServerFaults874006668/001/node-1/jetstream/$G/streams/WF_RUN/obs/WF_P_00/o.dat.tmp", AT_FDCWD</home/runner/work/js-wf/js-wf/integration>, "/tmp/TestMixedWorkflowsRecoverFromFourServerFaults874006668/001/node-1/jetstream/$G/streams/WF_RUN/obs/WF_P_00/o.dat") = 0 <0.000209>
3316  1790834060.329382 pwrite64(22</tmp/TestMixedWorkflowsRecoverFromFourServerFaults874006668/001/node-1/jetstream/$G/streams/WF_RUN/msgs/1.blk>, "l\0\0\200p\0\0\0\0\0\0\0G\323Y\356\26R\332\30\t\0wf.run.12+"..., 168, 22238 <unfinished ...>
3286  1790834060.330524 <... pwrite64 resumed>) = 180 (DELAYED) <0.025046>
3303  1790834060.332155 pwrite64(30</tmp/TestMixedWorkflowsRecoverFromFourServerFaults874006668/001/node-1/jetstream/$G/streams/KV_WF_LEASE/msgs/1.blk>, "\266\0\0\200\324\1\0\0\0\0\0\0\20\t#\360\26R\332\30:\0$KV.WF_LEA"..., 182, 76759 <unfinished ...>
3271  1790834060.332868 pwrite64(21</tmp/TestMixedWorkflowsRecoverFromFourServerFaults874006668/001/node-1/jetstream/$SYS/_js_/S-R3F-G9FrvoEG/msgs/2.blk>, "\332\0\0\0\202\0\0\0\0\0\0\0\315\5\317\361\26R\332\30\0\0St9I6EVH\3\0"..., 218, 36618 <unfinished ...>
3286  1790834060.333915 pwrite64(26</tmp/TestMixedWorkflowsRecoverFromFourServerFaults874006668/001/node-1/jetstream/$G/streams/WF_SIG/msgs/1.blk>, "\363\0\0\200\34\0\0\0\0\0\0\0\261+\262\361\26R\332\30 \0wf.sig.mix"..., 243, 7516 <unfinished ...>
3316  1790834060.354472 <... pwrite64 resumed>) = 168 (DELAYED) <0.025058>
3303  1790834060.357209 <... pwrite64 resumed>) = 182 (DELAYED) <0.025024>
3303  1790834060.357472 --- SIGURG {si_signo=SIGURG, si_code=SI_TKILL, si_pid=3265, si_uid=1001} ---
3271  1790834060.357946 <... pwrite64 resumed>) = 218 (DELAYED) <0.025050>
3286  1790834060.359052 <... pwrite64 resumed>) = 243 (DELAYED) <0.025100>
3271  1790834060.359113 pwrite64(30</tmp/TestMixedWorkflowsRecoverFromFourServerFaults874006668/001/node-1/jetstream/$G/streams/KV_WF_LEASE/msgs/1.blk>, "\257\0\0\200\325\1\0\0\0\0\0\0\20]\256\361\26R\332\30(\0$KV.WF_LEA"..., 175, 76941 <unfinished ...>
3316  1790834060.360006 pwrite64(22</tmp/TestMixedWorkflowsRecoverFromFourServerFaults874006668/001/node-1/jetstream/$G/streams/WF_RUN/msgs/1.blk>, "l\0\0\200q\0\0\0\0\0\0\0\r\241\314\361\26R\332\30\t\0wf.run.12+"..., 108, 22406 <unfinished ...>
3285  1790834060.366105 pwrite64(21</tmp/TestMixedWorkflowsRecoverFromFourServerFaults874006668/001/node-1/jetstream/$SYS/_js_/S-R3F-G9FrvoEG/msgs/2.blk>, "\332\0\0\0\203\0\0\0\0\0\0\0U\326\311\363\26R\332\30\0\0St9I6EVH\3\0"..., 218, 36836 <unfinished ...>
3320  1790834060.366292 pwrite64(26</tmp/TestMixedWorkflowsRecoverFromFourServerFaults874006668/001/node-1/jetstream/$G/streams/WF_SIG/msgs/1.blk>, "\363\0\0\200\35\0\0\0\0\0\0\0\275\0\252\363\26R\332\30 \0wf.sig.mix"..., 243, 7759 <unfinished ...>
3271  1790834060.384208 <... pwrite64 resumed>) = 175 (DELAYED) <0.025059>
3316  1790834060.385122 <... pwrite64 resumed>) = 108 (DELAYED) <0.025081>
3286  1790834060.387726 pwrite64(30</tmp/TestMixedWorkflowsRecoverFromFourServerFaults874006668/001/node-1/jetstream/$G/streams/KV_WF_LEASE/msgs/1.blk>, "\266\0\0\200\326\1\0\0\0\0\0\0*w\342\364\26R\332\30:\0$KV.WF_LEA"..., 182, 77116 <unfinished ...>
3316  1790834060.389107 pwrite64(40</tmp/TestMixedWorkflowsRecoverFromFourServerFaults874006668/001/node-1/jetstream/$SYS/_js_/C-R3F-MUBUTFU3/msgs/1.blk>, "z\0\0\0\24\0\0\0\0\0\0\0\\Y)\365\26R\332\30\0\0St9I6EVH\3\0"..., 122, 2177 <unfinished ...>
3285  1790834060.391180 <... pwrite64 resumed>) = 218 (DELAYED) <0.025036>
3320  1790834060.391348 <... pwrite64 resumed>) = 243 (DELAYED) <0.025030>
3285  1790834060.393503 pwrite64(22</tmp/TestMixedWorkflowsRecoverFromFourServerFaults874006668/001/node-1/jetstream/$G/streams/WF_RUN/msgs/1.blk>, "l\0\0\200r\0\0\0\0\0\0\0=\270\311\363\26R\332\30\t\0wf.run.12+"..., 108, 22514 <unfinished ...>
3303  1790834060.394966 pwrite64(24</tmp/TestMixedWorkflowsRecoverFromFourServerFaults874006668/001/node-1/jetstream/$G/streams/WF_JRN/msgs/1.blk>, "}\1\0\200\335\0\0\0\0\0\0\0\316Xb\365\26R\332\0304\0wf.jrn.mix"..., 381, 59393 <unfinished ...>
3320  1790834060.397713 pwrite64(21</tmp/TestMixedWorkflowsRecoverFromFourServerFaults874006668/001/node-1/jetstream/$SYS/_js_/S-R3F-G9FrvoEG/msgs/2.blk>, "\332\0\0\0\204\0\0\0\0\0\0\0\215\232\254\365\26R\332\30\0\0St9I6EVH\3\0"..., 218, 37054 <unfinished ...>
3317  1790834060.398492 pwrite64(26</tmp/TestMixedWorkflowsRecoverFromFourServerFaults874006668/001/node-1/jetstream/$G/streams/WF_SIG/msgs/1.blk>, "\363\0\0\200\36\0\0\0\0\0\0\0\305\324\225\365\26R\332\30 \0wf.sig.mix"..., 243, 8002 <unfinished ...>
3314  1790834060.398770 newfstatat(AT_FDCWD</home/runner/work/js-wf/js-wf/integration>, "/tmp/TestMixedWorkflowsRecoverFromFourServerFaults874006668/001/node-1/jetstream/$G/streams/WF_RUN/obs/WF_P_55/o.dat", {st_mode=S_IFREG|0600, st_size=8, ...}, AT_SYMLINK_NOFOLLOW) = 0 <0.000031>
3314  1790834060.398865 renameat(AT_FDCWD</home/runner/work/js-wf/js-wf/integration>, "/tmp/TestMixedWorkflowsRecoverFromFourServerFaults874006668/001/node-1/jetstream/$G/streams/WF_RUN/obs/WF_P_55/o.dat.tmp", AT_FDCWD</home/runner/work/js-wf/js-wf/integration>, "/tmp/TestMixedWorkflowsRecoverFromFourServerFaults874006668/001/node-1/jetstream/$G/streams/WF_RUN/obs/WF_P_55/o.dat") = 0 <0.000156>
3286  1790834060.412800 <... pwrite64 resumed>) = 182 (DELAYED) <0.025041>
3286  1790834060.413080 --- SIGURG {si_signo=SIGURG, si_code=SI_TKILL, si_pid=3265, si_uid=1001} ---
3316  1790834060.414184 <... pwrite64 resumed>) = 122 (DELAYED) <0.025040>
3316  1790834060.414302 pwrite64(40</tmp/TestMixedWorkflowsRecoverFromFourServerFaults874006668/001/node-1/jetstream/$SYS/_js_/C-R3F-MUBUTFU3/msgs/1.blk>, "l\0\0\0\25\0\0\0\0\0\0\0\351\217\251\366\26R\332\30\0\0St9I6EVH\3\0"..., 108, 2299 <unfinished ...>
3301  1790834060.416471 pwrite64(30</tmp/TestMixedWorkflowsRecoverFromFourServerFaults874006668/001/node-1/jetstream/$G/streams/KV_WF_LEASE/msgs/1.blk>, "\266\0\0\200\327\1\0\0\0\0\0\0/(\227\366\26R\332\30:\0$KV.WF_LEA"..., 182, 77298 <unfinished ...>
3285  1790834060.418597 <... pwrite64 resumed>) = 108 (DELAYED) <0.025048>
3285  1790834060.418759 pwrite64(45</tmp/TestMixedWorkflowsRecoverFromFourServerFaults874006668/001/node-1/jetstream/$SYS/_js_/C-R3F-Qi7jewV8/msgs/1.blk>, "z\0\0\0\25\0\0\0\0\0\0\0\36\231\355\366\26R\332\30\0\0St9I6EVH\3\0"..., 122, 2236 <unfinished ...>
3271  1790834060.418793 pwrite64(48</tmp/TestMixedWorkflowsRecoverFromFourServerFaults874006668/001/node-1/jetstream/$SYS/_js_/C-R3F-BJrVOQpv/msgs/1.blk>, "z\0\0\0\25\0\0\0\0\0\0\0\337\332\355\366\26R\332\30\0\0St9I6EVH\3\0"..., 122, 2236 <unfinished ...>
3303  1790834060.420035 <... pwrite64 resumed>) = 381 (DELAYED) <0.025034>
3320  1790834060.422778 <... pwrite64 resumed>) = 218 (DELAYED) <0.025037>
3317  1790834060.423595 <... pwrite64 resumed>) = 243 (DELAYED) <0.025062>
3320  1790834060.423727 pwrite64(24</tmp/TestMixedWorkflowsRecoverFromFourServerFaults874006668/001/node-1/jetstream/$G/streams/WF_JRN/msgs/1.blk>, "\360\0\0\200\336\0\0\0\0\0\0\08:\21\367\26R\332\0304\0wf.jrn.mix"..., 240, 59774 <unfinished ...>
3315  1790834060.424860 pwrite64(22</tmp/TestMixedWorkflowsRecoverFromFourServerFaults874006668/001/node-1/jetstream/$G/streams/WF_RUN/msgs/1.blk>, "l\0\0\200s\0\0\0\0\0\0\0j~\254\365\26R\332\30\t\0wf.run.12+"..., 108, 22622 <unfinished ...>
3321  1790834060.429205 newfstatat(AT_FDCWD</home/runner/work/js-wf/js-wf/integration>, "/tmp/TestMixedWorkflowsRecoverFromFourServerFaults874006668/001/node-1/jetstream/$G/streams/WF_RUN/obs/WF_P_00/o.dat", {st_mode=S_IFREG|0600, st_size=16, ...}, AT_SYMLINK_NOFOLLOW) = 0 <0.000026>
3321  1790834060.429324 renameat(AT_FDCWD</home/runner/work/js-wf/js-wf/integration>, "/tmp/TestMixedWorkflowsRecoverFromFourServerFaults874006668/001/node-1/jetstream/$G/streams/WF_RUN/obs/WF_P_00/o.dat.tmp", AT_FDCWD</home/runner/work/js-wf/js-wf/integration>, "/tmp/TestMixedWorkflowsRecoverFromFourServerFaults874006668/001/node-1/jetstream/$G/streams/WF_RUN/obs/WF_P_00/o.dat") = 0 <0.000228>
3286  1790834060.429640 pwrite64(21</tmp/TestMixedWorkflowsRecoverFromFourServerFaults874006668/001/node-1/jetstream/$SYS/_js_/S-R3F-G9FrvoEG/msgs/2.blk>, "\332\0\0\0\205\0\0\0\0\0\0\0\tG\223\367\26R\332\30\0\0St9I6EVH\3\0"..., 218, 37272 <unfinished ...>
3314  1790834060.430924 pwrite64(26</tmp/TestMixedWorkflowsRecoverFromFourServerFaults874006668/001/node-1/jetstream/$G/streams/WF_SIG/msgs/1.blk>, "\363\0\0\200\37\0\0\0\0\0\0\0H){\367\26R\332\30 \0wf.sig.mix"..., 243, 8245 <unfinished ...>
3316  1790834060.439411 <... pwrite64 resumed>) = 108 (DELAYED) <0.025075>
3316  1790834060.440211 newfstatat(AT_FDCWD</home/runner/work/js-wf/js-wf/integration>, "/tmp/TestMixedWorkflowsRecoverFromFourServerFaults874006668/001/node-1/jetstream/$G/streams/WF_RUN/obs/WF_P_10/o.dat", {st_mode=S_IFREG|0600, st_size=8, ...}, AT_SYMLINK_NOFOLLOW) = 0 <0.000051>
3316  1790834060.440331 renameat(AT_FDCWD</home/runner/work/js-wf/js-wf/integration>, "/tmp/TestMixedWorkflowsRecoverFromFourServerFaults874006668/001/node-1/jetstream/$G/streams/WF_RUN/obs/WF_P_10/o.dat.tmp", AT_FDCWD</home/runner/work/js-wf/js-wf/integration>, "/tmp/TestMixedWorkflowsRecoverFromFourServerFaults874006668/001/node-1/jetstream/$G/streams/WF_RUN/obs/WF_P_10/o.dat") = 0 <0.000228>
3301  1790834060.441529 <... pwrite64 resumed>) = 182 (DELAYED) <0.025030>
3301  1790834060.441725 --- SIGURG {si_signo=SIGURG, si_code=SI_TKILL, si_pid=3265, si_uid=1001} ---
3285  1790834060.443811 <... pwrite64 resumed>) = 122 (DELAYED) <0.025028>
3271  1790834060.443944 <... pwrite64 resumed>) = 122 (DELAYED) <0.025134>
3285  1790834060.443995 pwrite64(45</tmp/TestMixedWorkflowsRecoverFromFourServerFaults874006668/001/node-1/jetstream/$SYS/_js_/C-R3F-Qi7jewV8/msgs/1.blk>, "l\0\0\0\26\0\0\0\0\0\0\0\2\254n\370\26R\332\30\0\0St9I6EVH\3\0"..., 108, 2358 <unfinished ...>
3271  1790834060.444045 pwrite64(48</tmp/TestMixedWorkflowsRecoverFromFourServerFaults874006668/001/node-1/jetstream/$SYS/_js_/C-R3F-BJrVOQpv/msgs/1.blk>, "l\0\0\0\26\0\0\0\0\0\0\0\352!o\370\26R\332\30\0\0St9I6EVH\3\0"..., 108, 2358 <unfinished ...>
3301  1790834060.444106 pwrite64(30</tmp/TestMixedWorkflowsRecoverFromFourServerFaults874006668/001/node-1/jetstream/$G/streams/KV_WF_LEASE/msgs/1.blk>, "\266\0\0\200\330\1\0\0\0\0\0\0\6\31L\370\26R\332\30:\0$KV.WF_LEA"..., 182, 77480 <unfinished ...>
3320  1790834060.448877 <... pwrite64 resumed>) = 240 (DELAYED) <0.025118>
3315  1790834060.450050 <... pwrite64 resumed>) = 108 (DELAYED) <0.025154>
3320  1790834060.452490 pwrite64(24</tmp/TestMixedWorkflowsRecoverFromFourServerFaults874006668/001/node-1/jetstream/$G/streams/WF_JRN/msgs/1.blk>, "2\1\0\200\337\0\0\0\0\0\0\0f\267\317\370\26R\332\0304\0wf.jrn.mix"..., 306, 60014 <unfinished ...>
3286  1790834060.454687 <... pwrite64 resumed>) = 218 (DELAYED) <0.025013>
3314  1790834060.455983 <... pwrite64 resumed>) = 243 (DELAYED) <0.025032>
3317  1790834060.457222 pwrite64(22</tmp/TestMixedWorkflowsRecoverFromFourServerFaults874006668/001/node-1/jetstream/$G/streams/WF_RUN/msgs/1.blk>, "l\0\0\200t\0\0\0\0\0\0\0@ \223\367\26R\332\30\t\0wf.run.12+"..., 108, 22730 <unfinished ...>
3316  1790834060.459274 pwrite64(47</tmp/TestMixedWorkflowsRecoverFromFourServerFaults874006668/001/node-1/jetstream/$SYS/_js_/C-R3F-HvwsqB9S/msgs/1.blk>, "l\0\0\0\16\0\0\0\0\0\0\0\27\305W\371\26R\332\30\0\0St9I6EVH\3\0"..., 108, 1420 <unfinished ...>
3314  1790834060.461331 pwrite64(21</tmp/TestMixedWorkflowsRecoverFromFourServerFaults874006668/001/node-1/jetstream/$SYS/_js_/S-R3F-G9FrvoEG/msgs/2.blk>, "\332\0\0\0\206\0\0\0\0\0\0\0\321Jw\371\26R\332\30\0\0St9I6EVH\3\0"..., 218, 37490 <unfinished ...>
3321  1790834060.462777 pwrite64(26</tmp/TestMixedWorkflowsRecoverFromFourServerFaults874006668/001/node-1/jetstream/$G/streams/WF_SIG/msgs/1.blk>, "\363\0\0\200 \0\0\0\0\0\0\0\356[a\371\26R\332\30 \0wf.sig.mix"..., 243, 8488 <unfinished ...>
3285  1790834060.469105 <... pwrite64 resumed>) = 108 (DELAYED) <0.025084>
3271  1790834060.469127 <... pwrite64 resumed>) = 108 (DELAYED) <0.025055>
3301  1790834060.469250 <... pwrite64 resumed>) = 182 (DELAYED) <0.025119>
3271  1790834060.470089 newfstatat(AT_FDCWD</home/runner/work/js-wf/js-wf/integration>, "/tmp/TestMixedWorkflowsRecoverFromFourServerFaults874006668/001/node-1/jetstream/$G/streams/WF_RUN/obs/WF_P_43/o.dat", {st_mode=S_IFREG|0600, st_size=8, ...}, AT_SYMLINK_NOFOLLOW) = 0 <0.000023>
3271  1790834060.470205 renameat(AT_FDCWD</home/runner/work/js-wf/js-wf/integration>, "/tmp/TestMixedWorkflowsRecoverFromFourServerFaults874006668/001/node-1/jetstream/$G/streams/WF_RUN/obs/WF_P_43/o.dat.tmp", AT_FDCWD</home/runner/work/js-wf/js-wf/integration>, "/tmp/TestMixedWorkflowsRecoverFromFourServerFaults874006668/001/node-1/jetstream/$G/streams/WF_RUN/obs/WF_P_43/o.dat" <unfinished ...>
3285  1790834060.470484 newfstatat(AT_FDCWD</home/runner/work/js-wf/js-wf/integration>, "/tmp/TestMixedWorkflowsRecoverFromFourServerFaults874006668/001/node-1/jetstream/$G/streams/WF_RUN/obs/WF_P_28/o.dat",  <unfinished ...>
3271  1790834060.470545 <... renameat resumed>) = 0 <0.000311>
3285  1790834060.470576 <... newfstatat resumed>{st_mode=S_IFREG|0600, st_size=8, ...}, AT_SYMLINK_NOFOLLOW) = 0 <0.000063>
3285  1790834060.470670 renameat(AT_FDCWD</home/runner/work/js-wf/js-wf/integration>, "/tmp/TestMixedWorkflowsRecoverFromFourServerFaults874006668/001/node-1/jetstream/$G/streams/WF_RUN/obs/WF_P_28/o.dat.tmp", AT_FDCWD</home/runner/work/js-wf/js-wf/integration>, "/tmp/TestMixedWorkflowsRecoverFromFourServerFaults874006668/001/node-1/jetstream/$G/streams/WF_RUN/obs/WF_P_28/o.dat") = 0 <0.000342>
3271  1790834060.472387 pwrite64(30</tmp/TestMixedWorkflowsRecoverFromFourServerFaults874006668/001/node-1/jetstream/$G/streams/KV_WF_LEASE/msgs/1.blk>, "\266\0\0\200\331\1\0\0\0\0\0\0\265a\361\371\26R\332\30:\0$KV.WF_LEA"..., 182, 77662 <unfinished ...>
3320  1790834060.477542 <... pwrite64 resumed>) = 306 (DELAYED) <0.025011>
3303  1790834060.481575 pwrite64(24</tmp/TestMixedWorkflowsRecoverFromFourServerFaults874006668/001/node-1/jetstream/$G/streams/WF_JRN/msgs/1.blk>, "\373\0\0\200\340\0\0\0\0\0\0\0Ra\202\372\26R\332\0304\0wf.jrn.mix"..., 251, 60320 <unfinished ...>
3317  1790834060.482272 <... pwrite64 resumed>) = 108 (DELAYED) <0.025022>
3316  1790834060.484336 <... pwrite64 resumed>) = 108 (DELAYED) <0.025025>
3316  1790834060.484483 pwrite64(47</tmp/TestMixedWorkflowsRecoverFromFourServerFaults874006668/001/node-1/jetstream/$SYS/_js_/C-R3F-HvwsqB9S/msgs/1.blk>, "z\0\0\0\17\0\0\0\0\0\0\0x\257\330\372\26R\332\30\0\0St9I6EVH\3\0"..., 122, 1528 <unfinished ...>
3314  1790834060.486393 <... pwrite64 resumed>) = 218 (DELAYED) <0.025033>
3314  1790834060.486531 pwrite64(21</tmp/TestMixedWorkflowsRecoverFromFourServerFaults874006668/001/node-1/jetstream/$SYS/_js_/S-R3F-G9FrvoEG/msgs/2.blk>, "&\1\0\0\207\0\0\0\0\0\0\0\n\347\367\372\26R\332\30\0\0St9I6EVH\3\0"..., 294, 37708 <unfinished ...>
3321  1790834060.487847 <... pwrite64 resumed>) = 243 (DELAYED) <0.025040>
3321  1790834060.488073 pwrite64(41</tmp/TestMixedWorkflowsRecoverFromFourServerFaults874006668/001/node-1/jetstream/$SYS/_js_/C-R3F-U2k39UyT/msgs/1.blk>, "z\0\0\0&\0\0\0\0\0\0\0ml\17\373\26R\332\30\0\0St9I6EVH\3\0"..., 122, 4403 <unfinished ...>
3271  1790834060.497455 <... pwrite64 resumed>) = 182 (DELAYED) <0.025037>
3271  1790834060.497736 --- SIGURG {si_signo=SIGURG, si_code=SI_TKILL, si_pid=3265, si_uid=1001} ---
3301  1790834060.499674 pwrite64(42</tmp/TestMixedWorkflowsRecoverFromFourServerFaults874006668/001/node-1/jetstream/$SYS/_js_/C-R3F-Fspi1V4u/msgs/1.blk>, "l\0\0\0!\0\0\0\0\0\0\0\330&\300\373\26R\332\30\0\0St9I6EVH\2\0"..., 108, 3705 <unfinished ...>
3271  1790834060.501047 pwrite64(30</tmp/TestMixedWorkflowsRecoverFromFourServerFaults874006668/001/node-1/jetstream/$G/streams/KV_WF_LEASE/msgs/1.blk>, "\245\0\0\200\332\1\0\0\0\0\0\0\224\344\240\373\26R\332\30:\0$KV.WF_LEA"..., 165, 77844 <unfinished ...>
3303  1790834060.506651 <... pwrite64 resumed>) = 251 (DELAYED) <0.025043>
3316  1790834060.509553 <... pwrite64 resumed>) = 122 (DELAYED) <0.025040>
3285  1790834060.511221 newfstatat(AT_FDCWD</home/runner/work/js-wf/js-wf/integration>, "/tmp/TestMixedWorkflowsRecoverFromFourServerFaults874006668/001/node-1/jetstream/$G/streams/WF_RUN/obs/WF_P_48/o.dat", {st_mode=S_IFREG|0600, st_size=8, ...}, AT_SYMLINK_NOFOLLOW) = 0 <0.000033>
3285  1790834060.511330 renameat(AT_FDCWD</home/runner/work/js-wf/js-wf/integration>, "/tmp/TestMixedWorkflowsRecoverFromFourServerFaults874006668/001/node-1/jetstream/$G/streams/WF_RUN/obs/WF_P_48/o.dat.tmp", AT_FDCWD</home/runner/work/js-wf/js-wf/integration>, "/tmp/TestMixedWorkflowsRecoverFromFourServerFaults874006668/001/node-1/jetstream/$G/streams/WF_RUN/obs/WF_P_48/o.dat") = 0 <0.000221>
3314  1790834060.511596 <... pwrite64 resumed>) = 294 (DELAYED) <0.025043>
3321  1790834060.513181 <... pwrite64 resumed>) = 122 (DELAYED) <0.025087>
3314  1790834060.513227 pwrite64(21</tmp/TestMixedWorkflowsRecoverFromFourServerFaults874006668/001/node-1/jetstream/$SYS/_js_/S-R3F-G9FrvoEG/msgs/2.blk>, "$\1\0\0\210\0\0\0\0\0\0\0D\330\216\374\26R\332\30\0\0St9I6EVH\3\0"..., 292, 38002 <unfinished ...>
3321  1790834060.513300 pwrite64(41</tmp/TestMixedWorkflowsRecoverFromFourServerFaults874006668/001/node-1/jetstream/$SYS/_js_/C-R3F-U2k39UyT/msgs/1.blk>, "l\0\0\0'\0\0\0\0\0\0\0\10\241\217\374\26R\332\30\0\0St9I6EVH\3\0"..., 108, 4525 <unfinished ...>
3316  1790834060.515239 pwrite64(22</tmp/TestMixedWorkflowsRecoverFromFourServerFaults874006668/001/node-1/jetstream/$G/streams/WF_RUN/msgs/1.blk>, "l\0\0\200u\0\0\0\0\0\0\0\35-w\371\26R\332\30\t\0wf.run.12+"..., 292, 22838 <unfinished ...>
3317  1790834060.518648 pwrite64(26</tmp/TestMixedWorkflowsRecoverFromFourServerFaults874006668/001/node-1/jetstream/$G/streams/WF_SIG/msgs/1.blk>, "\363\0\0\200!\0\0\0\0\0\0\0\256\231\276\374\26R\332\30 \0wf.sig.mix"..., 243, 8731 <unfinished ...>
3301  1790834060.524746 <... pwrite64 resumed>) = 108 (DELAYED) <0.025040>
3301  1790834060.524889 pwrite64(42</tmp/TestMixedWorkflowsRecoverFromFourServerFaults874006668/001/node-1/jetstream/$SYS/_js_/C-R3F-Fspi1V4u/msgs/1.blk>, "_\0\0\0\"\0\0\0\0\0\0\0002(A\375\26R\332\30\0\0St9I6EVH\2\0"..., 95, 3813 <unfinished ...>
3271  1790834060.526106 <... pwrite64 resumed>) = 165 (DELAYED) <0.025034>
3314  1790834060.538287 <... pwrite64 resumed>) = 292 (DELAYED) <0.025029>
3321  1790834060.538407 <... pwrite64 resumed>) = 108 (DELAYED) <0.025086>
3314  1790834060.538539 pwrite64(21</tmp/TestMixedWorkflowsRecoverFromFourServerFaults874006668/001/node-1/jetstream/$SYS/_js_/S-R3F-G9FrvoEG/msgs/2.blk>, "\332\0\0\0\211\0\0\0\0\0\0\0\6[\21\376\26R\332\30\0\0St9I6EVH\3\0"..., 218, 38294 <unfinished ...>
3321  1790834060.539320 newfstatat(AT_FDCWD</home/runner/work/js-wf/js-wf/integration>, "/tmp/TestMixedWorkflowsRecoverFromFourServerFaults874006668/001/node-1/jetstream/$G/streams/WF_RUN/obs/WF_P_26/o.dat", {st_mode=S_IFREG|0600, st_size=28, ...}, AT_SYMLINK_NOFOLLOW) = 0 <0.000041>
3321  1790834060.539452 renameat(AT_FDCWD</home/runner/work/js-wf/js-wf/integration>, "/tmp/TestMixedWorkflowsRecoverFromFourServerFaults874006668/001/node-1/jetstream/$G/streams/WF_RUN/obs/WF_P_26/o.dat.tmp", AT_FDCWD</home/runner/work/js-wf/js-wf/integration>, "/tmp/TestMixedWorkflowsRecoverFromFourServerFaults874006668/001/node-1/jetstream/$G/streams/WF_RUN/obs/WF_P_26/o.dat") = 0 <0.000210>
3316  1790834060.540280 <... pwrite64 resumed>) = 292 (DELAYED) <0.025008>
3317  1790834060.543708 <... pwrite64 resumed>) = 243 (DELAYED) <0.025033>
3301  1790834060.549949 <... pwrite64 resumed>) = 95 (DELAYED) <0.025038>
3301  1790834060.550231 --- SIGURG {si_signo=SIGURG, si_code=SI_TKILL, si_pid=3265, si_uid=1001} ---
3321  1790834060.551552 newfstatat(AT_FDCWD</home/runner/work/js-wf/js-wf/integration>, "/tmp/TestMixedWorkflowsRecoverFromFourServerFaults874006668/001/node-1/jetstream/$G/streams/WF_RUN/obs/WF_P_00/o.dat", {st_mode=S_IFREG|0600, st_size=16, ...}, AT_SYMLINK_NOFOLLOW) = 0 <0.000044>
3321  1790834060.551675 renameat(AT_FDCWD</home/runner/work/js-wf/js-wf/integration>, "/tmp/TestMixedWorkflowsRecoverFromFourServerFaults874006668/001/node-1/jetstream/$G/streams/WF_RUN/obs/WF_P_00/o.dat.tmp", AT_FDCWD</home/runner/work/js-wf/js-wf/integration>, "/tmp/TestMixedWorkflowsRecoverFromFourServerFaults874006668/001/node-1/jetstream/$G/streams/WF_RUN/obs/WF_P_00/o.dat") = 0 <0.000186>
3314  1790834060.563619 <... pwrite64 resumed>) = 218 (DELAYED) <0.025057>
3314  1790834060.563897 pwrite64(21</tmp/TestMixedWorkflowsRecoverFromFourServerFaults874006668/001/node-1/jetstream/$SYS/_js_/S-R3F-G9FrvoEG/msgs/2.blk>, "\225\0\0\0\212\0\0\0\0\0\0\0\337P\224\377\26R\332\30\0\0St9I6EVH\3\0"..., 149, 38512 <unfinished ...>
3316  1790834060.564173 pwrite64(42</tmp/TestMixedWorkflowsRecoverFromFourServerFaults874006668/001/node-1/jetstream/$SYS/_js_/C-R3F-Fspi1V4u/msgs/1.blk>, "~\0\0\0#\0\0\0\0\0\0\0\370\v\230\377\26R\332\30\0\0St9I6EVH\2\0"..., 126, 3908 <unfinished ...>
3301  1790834060.565863 pwrite64(22</tmp/TestMixedWorkflowsRecoverFromFourServerFaults874006668/001/node-1/jetstream/$G/streams/WF_RUN/msgs/1.blk>, "\266\0\0\200w\0\0\0\0\0\0\0\317\264\216\374\26R\332\30\10\0wf.run.0_\0"..., 182, 23130 <unfinished ...>
3314  1790834060.588976 <... pwrite64 resumed>) = 149 (DELAYED) <0.025043>
3316  1790834060.589254 <... pwrite64 resumed>) = 126 (DELAYED) <0.025045>
3317  1790834060.589424 pwrite64(21</tmp/TestMixedWorkflowsRecoverFromFourServerFaults874006668/001/node-1/jetstream/$SYS/_js_/S-R3F-G9FrvoEG/msgs/2.blk>, "&\1\0\0\213\0\0\0\0\0\0\0\376\222\31\1\27R\332\30\0\0St9I6EVH\3\0"..., 294, 38661 <unfinished ...>
3314  1790834060.589482 --- SIGURG {si_signo=SIGURG, si_code=SI_TKILL, si_pid=3265, si_uid=1001} ---
3316  1790834060.589643 --- SIGURG {si_signo=SIGURG, si_code=SI_TKILL, si_pid=3265, si_uid=1001} ---
3301  1790834060.591009 <... pwrite64 resumed>) = 182 (DELAYED) <0.025117>
3301  1790834060.591206 pwrite64(48</tmp/TestMixedWorkflowsRecoverFromFourServerFaults874006668/001/node-1/jetstream/$SYS/_js_/C-R3F-BJrVOQpv/msgs/1.blk>, "z\0\0\0\27\0\0\0\0\0\0\0\3\3254\1\27R\332\30\0\0St9I6EVH\3\0"..., 122, 2466 <unfinished ...>
3271  1790834060.591296 pwrite64(45</tmp/TestMixedWorkflowsRecoverFromFourServerFaults874006668/001/node-1/jetstream/$SYS/_js_/C-R3F-Qi7jewV8/msgs/1.blk>, "z\0\0\0\27\0\0\0\0\0\0\0ra6\1\27R\332\30\0\0St9I6EVH\3\0"..., 122, 2466 <unfinished ...>
3321  1790834060.594407 pwrite64(30</tmp/TestMixedWorkflowsRecoverFromFourServerFaults874006668/001/node-1/jetstream/$G/streams/KV_WF_LEASE/msgs/1.blk>, "\264\0\0\200\333\1\0\0\0\0\0\0w\20E\1\27R\332\30:\0$KV.WF_LEA"..., 180, 78009 <unfinished ...>
3316  1790834060.603170 pwrite64(40</tmp/TestMixedWorkflowsRecoverFromFourServerFaults874006668/001/node-1/jetstream/$SYS/_js_/C-R3F-MUBUTFU3/msgs/1.blk>, "z\0\0\0\26\0\0\0\0\0\0\0\r\211\353\1\27R\332\30\0\0St9I6EVH\3\0"..., 122, 2407 <unfinished ...>
3317  1790834060.614506 <... pwrite64 resumed>) = 294 (DELAYED) <0.025035>
3317  1790834060.614823 --- SIGURG {si_signo=SIGURG, si_code=SI_TKILL, si_pid=3265, si_uid=1001} ---
3301  1790834060.616273 <... pwrite64 resumed>) = 122 (DELAYED) <0.025043>
3271  1790834060.616419 <... pwrite64 resumed>) = 122 (DELAYED) <0.025095>
3301  1790834060.616529 pwrite64(48</tmp/TestMixedWorkflowsRecoverFromFourServerFaults874006668/001/node-1/jetstream/$SYS/_js_/C-R3F-BJrVOQpv/msgs/1.blk>, "l\0\0\0\30\0\0\0\0\0\0\0\6\35\267\2\27R\332\30\0\0St9I6EVH\3\0"..., 108, 2588 <unfinished ...>
3271  1790834060.616640 pwrite64(45</tmp/TestMixedWorkflowsRecoverFromFourServerFaults874006668/001/node-1/jetstream/$SYS/_js_/C-R3F-Qi7jewV8/msgs/1.blk>, "l\0\0\0\30\0\0\0\0\0\0\0\r\271\267\2\27R\332\30\0\0St9I6EVH\3\0"..., 108, 2588 <unfinished ...>
3285  1790834060.618812 pwrite64(22</tmp/TestMixedWorkflowsRecoverFromFourServerFaults874006668/001/node-1/jetstream/$G/streams/WF_RUN/msgs/1.blk>, "l\0\0\200x\0\0\0\0\0\0\0\277\33\323\374\26R\332\30\t\0wf.run.12+"..., 322, 23312 <unfinished ...>
3321  1790834060.619560 <... pwrite64 resumed>) = 180 (DELAYED) <0.025102>
3317  1790834060.621737 pwrite64(31</tmp/TestMixedWorkflowsRecoverFromFourServerFaults874006668/001/node-1/jetstream/$SYS/_js_/S-R3F-OEyp3t6z/msgs/2.blk>, "\342\0\0\0\20\0\0\0\0\0\0\0\1\275\6\3\27R\332\30\0\0000WED9nmv\2\0"..., 226, 4051 <unfinished ...>
3314  1790834060.621919 pwrite64(21</tmp/TestMixedWorkflowsRecoverFromFourServerFaults874006668/001/node-1/jetstream/$SYS/_js_/S-R3F-G9FrvoEG/msgs/2.blk>, "\332\0\0\0\214\0\0\0\0\0\0\0\32\233\t\3\27R\332\30\0\0St9I6EVH\3\0"..., 218, 38955 <unfinished ...>
3321  1790834060.622741 pwrite64(26</tmp/TestMixedWorkflowsRecoverFromFourServerFaults874006668/001/node-1/jetstream/$G/streams/WF_SIG/msgs/1.blk>, "\365\0\0\200\"\0\0\0\0\0\0\0o7\363\2\27R\332\30 \0wf.sig.mix"..., 245, 8974 <unfinished ...>
3320  1790834060.623058 pwrite64(30</tmp/TestMixedWorkflowsRecoverFromFourServerFaults874006668/001/node-1/jetstream/$G/streams/KV_WF_LEASE/msgs/1.blk>, "\266\0\0\200\334\1\0\0\0\0\0\0\363\n]\1\27R\332\30:\0$KV.WF_LEA"..., 357, 78189 <unfinished ...>
3316  1790834060.628315 <... pwrite64 resumed>) = 122 (DELAYED) <0.025110>
3316  1790834060.628598 pwrite64(40</tmp/TestMixedWorkflowsRecoverFromFourServerFaults874006668/001/node-1/jetstream/$SYS/_js_/C-R3F-MUBUTFU3/msgs/1.blk>, "l\0\0\0\27\0\0\0\0\0\0\0\232?o\3\27R\332\30\0\0St9I6EVH\3\0"..., 108, 2529 <unfinished ...>
3301  1790834060.641624 <... pwrite64 resumed>) = 108 (DELAYED) <0.025058>
3271  1790834060.641735 <... pwrite64 resumed>) = 108 (DELAYED) <0.025069>
3301  1790834060.642972 newfstatat(AT_FDCWD</home/runner/work/js-wf/js-wf/integration>, "/tmp/TestMixedWorkflowsRecoverFromFourServerFaults874006668/001/node-1/jetstream/$G/streams/WF_RUN/obs/WF_P_43/o.dat",  <unfinished ...>
3271  1790834060.643037 newfstatat(AT_FDCWD</home/runner/work/js-wf/js-wf/integration>, "/tmp/TestMixedWorkflowsRecoverFromFourServerFaults874006668/001/node-1/jetstream/$G/streams/WF_RUN/obs/WF_P_28/o.dat",  <unfinished ...>
3301  1790834060.643076 <... newfstatat resumed>{st_mode=S_IFREG|0600, st_size=8, ...}, AT_SYMLINK_NOFOLLOW) = 0 <0.000075>
3271  1790834060.643127 <... newfstatat resumed>{st_mode=S_IFREG|0600, st_size=8, ...}, AT_SYMLINK_NOFOLLOW) = 0 <0.000073>
3301  1790834060.643162 renameat(AT_FDCWD</home/runner/work/js-wf/js-wf/integration>, "/tmp/TestMixedWorkflowsRecoverFromFourServerFaults874006668/001/node-1/jetstream/$G/streams/WF_RUN/obs/WF_P_43/o.dat.tmp", AT_FDCWD</home/runner/work/js-wf/js-wf/integration>, "/tmp/TestMixedWorkflowsRecoverFromFourServerFaults874006668/001/node-1/jetstream/$G/streams/WF_RUN/obs/WF_P_43/o.dat" <unfinished ...>
3271  1790834060.643248 renameat(AT_FDCWD</home/runner/work/js-wf/js-wf/integration>, "/tmp/TestMixedWorkflowsRecoverFromFourServerFaults874006668/001/node-1/jetstream/$G/streams/WF_RUN/obs/WF_P_28/o.dat.tmp", AT_FDCWD</home/runner/work/js-wf/js-wf/integration>, "/tmp/TestMixedWorkflowsRecoverFromFourServerFaults874006668/001/node-1/jetstream/$G/streams/WF_RUN/obs/WF_P_28/o.dat" <unfinished ...>
3301  1790834060.643485 <... renameat resumed>) = 0 <0.000286>
3271  1790834060.643509 <... renameat resumed>) = 0 <0.000231>
3285  1790834060.643911 <... pwrite64 resumed>) = 322 (DELAYED) <0.025064>
3317  1790834060.646797 <... pwrite64 resumed>) = 226 (DELAYED) <0.025019>
3314  1790834060.646961 <... pwrite64 resumed>) = 218 (DELAYED) <0.025011>
3321  1790834060.647806 <... pwrite64 resumed>) = 245 (DELAYED) <0.025036>
3320  1790834060.648156 <... pwrite64 resumed>) = 357 (DELAYED) <0.025073>
3315  1790834060.649059 pwrite64(22</tmp/TestMixedWorkflowsRecoverFromFourServerFaults874006668/001/node-1/jetstream/$G/streams/WF_RUN/msgs/1.blk>, "l\0\0\200z\0\0\0\0\0\0\0*}\t\3\27R\332\30\t\0wf.run.12+"..., 108, 23634 <unfinished ...>
3320  1790834060.649164 pwrite64(32</tmp/TestMixedWorkflowsRecoverFromFourServerFaults874006668/001/node-1/jetstream/$G/streams/KV_WF_STATE/msgs/1.blk>, "t\0\0\200\20\0\0\0\0\0\0\0\272\337\0\3\27R\332\30\33\0$KV.WF_STA"..., 116, 2405 <unfinished ...>
3314  1790834060.652774 newfstatat(AT_FDCWD</home/runner/work/js-wf/js-wf/integration>, "/tmp/TestMixedWorkflowsRecoverFromFourServerFaults874006668/001/node-1/jetstream/$G/streams/WF_RUN/obs/WF_P_00/o.dat", {st_mode=S_IFREG|0600, st_size=8, ...}, AT_SYMLINK_NOFOLLOW) = 0 <0.000089>
3285  1790834060.652950 pwrite64(42</tmp/TestMixedWorkflowsRecoverFromFourServerFaults874006668/001/node-1/jetstream/$SYS/_js_/C-R3F-Fspi1V4u/msgs/1.blk>, "l\0\0\0$\0\0\0\0\0\0\0\331\21\343\4\27R\332\30\0\0St9I6EVH\2\0"..., 108, 4034 <unfinished ...>
3314  1790834060.653018 renameat(AT_FDCWD</home/runner/work/js-wf/js-wf/integration>, "/tmp/TestMixedWorkflowsRecoverFromFourServerFaults874006668/001/node-1/jetstream/$G/streams/WF_RUN/obs/WF_P_00/o.dat.tmp", AT_FDCWD</home/runner/work/js-wf/js-wf/integration>, "/tmp/TestMixedWorkflowsRecoverFromFourServerFaults874006668/001/node-1/jetstream/$G/streams/WF_RUN/obs/WF_P_00/o.dat") = 0 <0.000182>
3314  1790834060.653305 pwrite64(30</tmp/TestMixedWorkflowsRecoverFromFourServerFaults874006668/001/node-1/jetstream/$G/streams/KV_WF_LEASE/msgs/1.blk>, "\245\0\0\200\336\1\0\0\0\0\0\0\200n\310\4\27R\332\30:\0$KV.WF_LEA"..., 165, 78546 <unfinished ...>
3316  1790834060.653756 <... pwrite64 resumed>) = 108 (DELAYED) <0.025129>
3319  1790834060.653926 pwrite64(21</tmp/TestMixedWorkflowsRecoverFromFourServerFaults874006668/001/node-1/jetstream/$SYS/_js_/S-R3F-G9FrvoEG/msgs/2.blk>, "\332\0\0\0\215\0\0\0\0\0\0\0002\374\361\4\27R\332\30\0\0St9I6EVH\3\0"..., 218, 39173 <unfinished ...>
3316  1790834060.654543 newfstatat(AT_FDCWD</home/runner/work/js-wf/js-wf/integration>, "/tmp/TestMixedWorkflowsRecoverFromFourServerFaults874006668/001/node-1/jetstream/$G/streams/WF_RUN/obs/WF_P_10/o.dat", {st_mode=S_IFREG|0600, st_size=8, ...}, AT_SYMLINK_NOFOLLOW) = 0 <0.000037>
3316  1790834060.654650 renameat(AT_FDCWD</home/runner/work/js-wf/js-wf/integration>, "/tmp/TestMixedWorkflowsRecoverFromFourServerFaults874006668/001/node-1/jetstream/$G/streams/WF_RUN/obs/WF_P_10/o.dat.tmp", AT_FDCWD</home/runner/work/js-wf/js-wf/integration>, "/tmp/TestMixedWorkflowsRecoverFromFourServerFaults874006668/001/node-1/jetstream/$G/streams/WF_RUN/obs/WF_P_10/o.dat" <unfinished ...>
3317  1790834060.654821 pwrite64(26</tmp/TestMixedWorkflowsRecoverFromFourServerFaults874006668/001/node-1/jetstream/$G/streams/WF_SIG/msgs/1.blk>, "\365\0\0\200#\0\0\0\0\0\0\0.\357\335\4\27R\332\30 \0wf.sig.mix"..., 245, 9219 <unfinished ...>
3316  1790834060.654883 <... renameat resumed>) = 0 <0.000204>
3315  1790834060.674135 <... pwrite64 resumed>) = 108 (DELAYED) <0.025034>
3320  1790834060.674243 <... pwrite64 resumed>) = 116 (DELAYED) <0.025048>
3315  1790834060.674482 --- SIGURG {si_signo=SIGURG, si_code=SI_TKILL, si_pid=3265, si_uid=1001} ---
3285  1790834060.678036 <... pwrite64 resumed>) = 108 (DELAYED) <0.025065>
3285  1790834060.678303 pwrite64(42</tmp/TestMixedWorkflowsRecoverFromFourServerFaults874006668/001/node-1/jetstream/$SYS/_js_/C-R3F-Fspi1V4u/msgs/1.blk>, "_\0\0\0%\0\0\0\0\0\0\0}\325e\6\27R\332\30\0\0St9I6EVH\2\0"..., 95, 4142 <unfinished ...>
3314  1790834060.678401 <... pwrite64 resumed>) = 165 (DELAYED) <0.025065>
3319  1790834060.679005 <... pwrite64 resumed>) = 218 (DELAYED) <0.025048>
3317  1790834060.679877 <... pwrite64 resumed>) = 245 (DELAYED) <0.025012>
3319  1790834060.681791 pwrite64(22</tmp/TestMixedWorkflowsRecoverFromFourServerFaults874006668/001/node-1/jetstream/$G/streams/WF_RUN/msgs/1.blk>, "l\0\0\200{\0\0\0\0\0\0\0\306\332\361\4\27R\332\30\t\0wf.run.12+"..., 108, 23742 <unfinished ...>
3317  1790834060.685835 pwrite64(21</tmp/TestMixedWorkflowsRecoverFromFourServerFaults874006668/001/node-1/jetstream/$SYS/_js_/S-R3F-G9FrvoEG/msgs/2.blk>, "\332\0\0\0\216\0\0\0\0\0\0\0-#\331\6\27R\332\30\0\0St9I6EVH\3\0"..., 218, 39391 <unfinished ...>
3314  1790834060.687284 pwrite64(26</tmp/TestMixedWorkflowsRecoverFromFourServerFaults874006668/001/node-1/jetstream/$G/streams/WF_SIG/msgs/1.blk>, "\365\0\0\200$\0\0\0\0\0\0\0004\343\304\6\27R\332\30 \0wf.sig.mix"..., 245, 9464 <unfinished ...>
3285  1790834060.703393 <... pwrite64 resumed>) = 95 (DELAYED) <0.025044>
3285  1790834060.703459 --- SIGURG {si_signo=SIGURG, si_code=SI_TKILL, si_pid=3265, si_uid=1001} ---
3285  1790834060.703918 --- SIGURG {si_signo=SIGURG, si_code=SI_TKILL, si_pid=3265, si_uid=1001} ---
3319  1790834060.706846 <... pwrite64 resumed>) = 108 (DELAYED) <0.025020>
3319  1790834060.707195 --- SIGURG {si_signo=SIGURG, si_code=SI_TKILL, si_pid=3265, si_uid=1001} ---
3317  1790834060.710914 <... pwrite64 resumed>) = 218 (DELAYED) <0.025050>
3317  1790834060.711002 pwrite64(21</tmp/TestMixedWorkflowsRecoverFromFourServerFaults874006668/001/node-1/jetstream/$SYS/_js_/S-R3F-G9FrvoEG/msgs/2.blk>, "\225\0\0\0\217\0\0\0\0\0\0\0\267\32Y\10\27R\332\30\0\0St9I6EVH\3\0"..., 149, 39609 <unfinished ...>
3314  1790834060.712360 <... pwrite64 resumed>) = 245 (DELAYED) <0.025050>
3317  1790834060.736083 <... pwrite64 resumed>) = 149 (DELAYED) <0.025051>
3317  1790834060.736377 --- SIGURG {si_signo=SIGURG, si_code=SI_TKILL, si_pid=3265, si_uid=1001} ---
3301  1790834060.739778 pwrite64(22</tmp/TestMixedWorkflowsRecoverFromFourServerFaults874006668/001/node-1/jetstream/$G/streams/WF_RUN/msgs/1.blk>, "l\0\0\200|\0\0\0\0\0\0\0\374\3\331\6\27R\332\30\t\0wf.run.12+"..., 138, 23850 <unfinished ...>
3319  1790834060.742001 pwrite64(21</tmp/TestMixedWorkflowsRecoverFromFourServerFaults874006668/001/node-1/jetstream/$SYS/_js_/S-R3F-G9FrvoEG/msgs/2.blk>, "\332\0\0\0\220\0\0\0\0\0\0\0\261\0362\n\27R\332\30\0\0St9I6EVH\3\0"..., 218, 39758 <unfinished ...>
3317  1790834060.743416 pwrite64(26</tmp/TestMixedWorkflowsRecoverFromFourServerFaults874006668/001/node-1/jetstream/$G/streams/WF_SIG/msgs/1.blk>, "\365\0\0\200%\0\0\0\0\0\0\0\260~\37\n\27R\332\30 \0wf.sig.mix"..., 245, 9709 <unfinished ...>
3316  1790834060.754492 newfstatat(AT_FDCWD</home/runner/work/js-wf/js-wf/integration>, "/tmp/TestMixedWorkflowsRecoverFromFourServerFaults874006668/001/node-1/jetstream/$G/streams/WF_RUN/obs/WF_P_00/o.dat", {st_mode=S_IFREG|0600, st_size=16, ...}, AT_SYMLINK_NOFOLLOW) = 0 <0.000032>
3316  1790834060.754594 renameat(AT_FDCWD</home/runner/work/js-wf/js-wf/integration>, "/tmp/TestMixedWorkflowsRecoverFromFourServerFaults874006668/001/node-1/jetstream/$G/streams/WF_RUN/obs/WF_P_00/o.dat.tmp", AT_FDCWD</home/runner/work/js-wf/js-wf/integration>, "/tmp/TestMixedWorkflowsRecoverFromFourServerFaults874006668/001/node-1/jetstream/$G/streams/WF_RUN/obs/WF_P_00/o.dat") = 0 <0.000163>
3301  1790834060.764842 <... pwrite64 resumed>) = 138 (DELAYED) <0.025030>
3319  1790834060.767058 <... pwrite64 resumed>) = 218 (DELAYED) <0.025028>
3319  1790834060.767346 --- SIGURG {si_signo=SIGURG, si_code=SI_TKILL, si_pid=3265, si_uid=1001} ---
3317  1790834060.768500 <... pwrite64 resumed>) = 245 (DELAYED) <0.025060>
3314  1790834060.769641 pwrite64(22</tmp/TestMixedWorkflowsRecoverFromFourServerFaults874006668/001/node-1/jetstream/$G/streams/WF_RUN/msgs/1.blk>, "l\0\0\200}\0\0\0\0\0\0\0\23\0062\n\27R\332\30\t\0wf.run.12+"..., 108, 23988 <unfinished ...>
3316  1790834060.773694 pwrite64(21</tmp/TestMixedWorkflowsRecoverFromFourServerFaults874006668/001/node-1/jetstream/$SYS/_js_/S-R3F-G9FrvoEG/msgs/2.blk>, "\332\0\0\0\221\0\0\0\0\0\0\0\317\211\25\f\27R\332\30\0\0St9I6EVH\3\0"..., 218, 39976 <unfinished ...>
3319  1790834060.774819 pwrite64(26</tmp/TestMixedWorkflowsRecoverFromFourServerFaults874006668/001/node-1/jetstream/$G/streams/WF_SIG/msgs/1.blk>, "\365\0\0\200&\0\0\0\0\0\0\0\244d\377\v\27R\332\30 \0wf.sig.mix"..., 245, 9954 <unfinished ...>
3314  1790834060.794761 <... pwrite64 resumed>) = 108 (DELAYED) <0.025082>
3314  1790834060.795165 --- SIGURG {si_signo=SIGURG, si_code=SI_TKILL, si_pid=3265, si_uid=1001} ---
3316  1790834060.798776 <... pwrite64 resumed>) = 218 (DELAYED) <0.025053>
3319  1790834060.799883 <... pwrite64 resumed>) = 245 (DELAYED) <0.025026>
3317  1790834060.801505 pwrite64(22</tmp/TestMixedWorkflowsRecoverFromFourServerFaults874006668/001/node-1/jetstream/$G/streams/WF_RUN/msgs/1.blk>, "l\0\0\200~\0\0\0\0\0\0\0r\375\23\f\27R\332\30\t\0wf.run.12+"..., 108, 24096 <unfinished ...>
3314  1790834060.806600 pwrite64(21</tmp/TestMixedWorkflowsRecoverFromFourServerFaults874006668/001/node-1/jetstream/$SYS/_js_/S-R3F-G9FrvoEG/msgs/2.blk>, "\332\0\0\0\222\0\0\0\0\0\0\0q\257\v\16\27R\332\30\0\0St9I6EVH\3\0"..., 218, 40194 <unfinished ...>
3301  1790834060.807601 pwrite64(26</tmp/TestMixedWorkflowsRecoverFromFourServerFaults874006668/001/node-1/jetstream/$G/streams/WF_SIG/msgs/1.blk>, "\365\0\0\200'\0\0\0\0\0\0\0[\371\364\r\27R\332\30 \0wf.sig.mix"..., 245, 10199 <unfinished ...>
3319  1790834060.812323 pwrite64(39</tmp/TestMixedWorkflowsRecoverFromFourServerFaults874006668/001/node-1/jetstream/$SYS/_js_/C-R3F-7OjMKAQS/msgs/1.blk>, "l\0\0\0\36\0\0\0\0\0\0\0j\250b\16\27R\332\30\0\0St9I6EVH\3\0"..., 108, 3255 <unfinished ...>
3317  1790834060.826599 <... pwrite64 resumed>) = 108 (DELAYED) <0.025056>
3317  1790834060.826915 --- SIGURG {si_signo=SIGURG, si_code=SI_TKILL, si_pid=3265, si_uid=1001} ---
3314  1790834060.831664 <... pwrite64 resumed>) = 218 (DELAYED) <0.025019>
3301  1790834060.832679 <... pwrite64 resumed>) = 245 (DELAYED) <0.025047>
3301  1790834060.833778 pwrite64(22</tmp/TestMixedWorkflowsRecoverFromFourServerFaults874006668/001/node-1/jetstream/$G/streams/WF_RUN/msgs/1.blk>, "l\0\0\200\177\0\0\0\0\0\0\0\\\213\v\16\27R\332\30\t\0wf.run.12+"..., 108, 24204 <unfinished ...>
3319  1790834060.837415 <... pwrite64 resumed>) = 108 (DELAYED) <0.025054>
3319  1790834060.837500 pwrite64(39</tmp/TestMixedWorkflowsRecoverFromFourServerFaults874006668/001/node-1/jetstream/$SYS/_js_/C-R3F-7OjMKAQS/msgs/1.blk>, "z\0\0\0\37\0\0\0\0\0\0\0\235T\343\17\27R\332\30\0\0St9I6EVH\3\0"..., 122, 3363 <unfinished ...>
3321  1790834060.855478 newfstatat(AT_FDCWD</home/runner/work/js-wf/js-wf/integration>, "/tmp/TestMixedWorkflowsRecoverFromFourServerFaults874006668/001/node-1/jetstream/$G/streams/WF_RUN/obs/WF_P_00/o.dat", {st_mode=S_IFREG|0600, st_size=8, ...}, AT_SYMLINK_NOFOLLOW) = 0 <0.000034>
3321  1790834060.855599 renameat(AT_FDCWD</home/runner/work/js-wf/js-wf/integration>, "/tmp/TestMixedWorkflowsRecoverFromFourServerFaults874006668/001/node-1/jetstream/$G/streams/WF_RUN/obs/WF_P_00/o.dat.tmp", AT_FDCWD</home/runner/work/js-wf/js-wf/integration>, "/tmp/TestMixedWorkflowsRecoverFromFourServerFaults874006668/001/node-1/jetstream/$G/streams/WF_RUN/obs/WF_P_00/o.dat") = 0 <0.000255>
3301  1790834060.858864 <... pwrite64 resumed>) = 108 (DELAYED) <0.025054>
3319  1790834060.862616 <... pwrite64 resumed>) = 122 (DELAYED) <0.025087>
3301  1790834060.864313 newfstatat(AT_FDCWD</home/runner/work/js-wf/js-wf/integration>, "/tmp/TestMixedWorkflowsRecoverFromFourServerFaults874006668/001/node-1/jetstream/$G/streams/WF_RUN/obs/WF_P_18/o.dat", {st_mode=S_IFREG|0600, st_size=8, ...}, AT_SYMLINK_NOFOLLOW) = 0 <0.000055>
3301  1790834060.864469 renameat(AT_FDCWD</home/runner/work/js-wf/js-wf/integration>, "/tmp/TestMixedWorkflowsRecoverFromFourServerFaults874006668/001/node-1/jetstream/$G/streams/WF_RUN/obs/WF_P_18/o.dat.tmp", AT_FDCWD</home/runner/work/js-wf/js-wf/integration>, "/tmp/TestMixedWorkflowsRecoverFromFourServerFaults874006668/001/node-1/jetstream/$G/streams/WF_RUN/obs/WF_P_18/o.dat") = 0 <0.000213>
3321  1790834060.970887 pwrite64(30</tmp/TestMixedWorkflowsRecoverFromFourServerFaults874006668/001/node-1/jetstream/$G/streams/KV_WF_LEASE/msgs/1.blk>, "\267\0\0\200\337\1\0\0\0\0\0\0\330\242\217\27\27R\332\30?\0$KV.WF_LEA"..., 370, 78711) = 370 (DELAYED) <0.025025>
3321  1790834060.996224 --- SIGURG {si_signo=SIGURG, si_code=SI_TKILL, si_pid=3265, si_uid=1001} ---
3319  1790834060.998708 pwrite64(30</tmp/TestMixedWorkflowsRecoverFromFourServerFaults874006668/001/node-1/jetstream/$G/streams/KV_WF_LEASE/msgs/1.blk>, "\273\0\0\200\341\1\0\0\0\0\0\0\225lW\31\27R\332\30?\0$KV.WF_LEA"..., 187, 79081 <unfinished ...>
3321  1790834061.001460 pwrite64(24</tmp/TestMixedWorkflowsRecoverFromFourServerFaults874006668/001/node-1/jetstream/$G/streams/WF_JRN/msgs/1.blk>, "\321\0\0\200\341\0\0\0\0\0\0\0o\241\201\31\27R\332\309\0wf.jrn.mix"..., 209, 60571 <unfinished ...>
3319  1790834061.023809 <... pwrite64 resumed>) = 187 (DELAYED) <0.025067>
3319  1790834061.024198 --- SIGURG {si_signo=SIGURG, si_code=SI_TKILL, si_pid=3265, si_uid=1001} ---
3321  1790834061.026522 <... pwrite64 resumed>) = 209 (DELAYED) <0.025032>
3321  1790834061.026655 pwrite64(30</tmp/TestMixedWorkflowsRecoverFromFourServerFaults874006668/001/node-1/jetstream/$G/streams/KV_WF_LEASE/msgs/1.blk>, "\273\0\0\200\342\1\0\0\0\0\0\0\33L\2\33\27R\332\30?\0$KV.WF_LEA"..., 187, 79268 <unfinished ...>
3319  1790834061.030367 pwrite64(24</tmp/TestMixedWorkflowsRecoverFromFourServerFaults874006668/001/node-1/jetstream/$G/streams/WF_JRN/msgs/1.blk>, "|\1\0\200\342\0\0\0\0\0\0\0`@:\33\27R\332\309\0wf.jrn.mix"..., 380, 60780 <unfinished ...>
3315  1790834061.044899 --- SIGURG {si_signo=SIGURG, si_code=SI_TKILL, si_pid=3265, si_uid=1001} ---
3321  1790834061.051714 <... pwrite64 resumed>) = 187 (DELAYED) <0.025026>
3321  1790834061.054460 pwrite64(30</tmp/TestMixedWorkflowsRecoverFromFourServerFaults874006668/001/node-1/jetstream/$G/streams/KV_WF_LEASE/msgs/1.blk>, "\273\0\0\200\343\1\0\0\0\0\0\0\342\273\252\34\27R\332\30?\0$KV.WF_LEA"..., 187, 79455 <unfinished ...>
3319  1790834061.055411 <... pwrite64 resumed>) = 380 (DELAYED) <0.025016>
3314  1790834061.059045 pwrite64(24</tmp/TestMixedWorkflowsRecoverFromFourServerFaults874006668/001/node-1/jetstream/$G/streams/WF_JRN/msgs/1.blk>, "\360\0\0\200\343\0\0\0\0\0\0\0\311\234\356\34\27R\332\309\0wf.jrn.mix"..., 240, 61160 <unfinished ...>
3321  1790834061.079539 <... pwrite64 resumed>) = 187 (DELAYED) <0.025048>
3321  1790834061.079883 --- SIGURG {si_signo=SIGURG, si_code=SI_TKILL, si_pid=3265, si_uid=1001} ---
3319  1790834061.082200 pwrite64(30</tmp/TestMixedWorkflowsRecoverFromFourServerFaults874006668/001/node-1/jetstream/$G/streams/KV_WF_LEASE/msgs/1.blk>, "\273\0\0\200\344\1\0\0\0\0\0\0\333;X\36\27R\332\30?\0$KV.WF_LEA"..., 187, 79642 <unfinished ...>
3314  1790834061.084111 <... pwrite64 resumed>) = 240 (DELAYED) <0.025033>
3321  1790834061.086668 pwrite64(31</tmp/TestMixedWorkflowsRecoverFromFourServerFaults874006668/001/node-1/jetstream/$SYS/_js_/S-R3F-OEyp3t6z/msgs/2.blk>, "!\1\0\0\21\0\0\0\0\0\0\0 \363\274\36\27R\332\30\0\0000WED9nmv\2\0"..., 289, 4277 <unfinished ...>
3315  1790834061.087745 pwrite64(24</tmp/TestMixedWorkflowsRecoverFromFourServerFaults874006668/001/node-1/jetstream/$G/streams/WF_JRN/msgs/1.blk>, "\376\0\0\200\344\0\0\0\0\0\0\0<z\246\36\27R\332\309\0wf.jrn.mix"..., 254, 61400 <unfinished ...>
3317  1790834061.102295 pwrite64(51</tmp/TestMixedWorkflowsRecoverFromFourServerFaults874006668/001/node-1/jetstream/$SYS/_js_/C-R3F-tOdRrkzy/msgs/1.blk>, "l\0\0\0)\0\0\0\0\0\0\08\273\253\37\27R\332\30\0\0St9I6EVH\3\0"..., 108, 4292 <unfinished ...>
3319  1790834061.107297 <... pwrite64 resumed>) = 187 (DELAYED) <0.025056>
3321  1790834061.111739 <... pwrite64 resumed>) = 289 (DELAYED) <0.025044>
3315  1790834061.112826 <... pwrite64 resumed>) = 254 (DELAYED) <0.025053>
3315  1790834061.114241 pwrite64(32</tmp/TestMixedWorkflowsRecoverFromFourServerFaults874006668/001/node-1/jetstream/$G/streams/KV_WF_STATE/msgs/1.blk>, "\263\0\0\200\21\0\0\0\0\0\0\0\345\232\266\36\27R\332\30?\0$KV.WF_STA"..., 179, 2521 <unfinished ...>
3301  1790834061.117196 pwrite64(21</tmp/TestMixedWorkflowsRecoverFromFourServerFaults874006668/001/node-1/jetstream/$SYS/_js_/S-R3F-G9FrvoEG/msgs/2.blk>, "\361\0\0\0\223\0\0\0\0\0\0\0\262-\217 \27R\332\30\0\0St9I6EVH\3\0"..., 241, 40412 <unfinished ...>
3321  1790834061.118316 pwrite64(26</tmp/TestMixedWorkflowsRecoverFromFourServerFaults874006668/001/node-1/jetstream/$G/streams/WF_SIG/msgs/1.blk>, "\200\1\0\200(\0\0\0\0\0\0\0\304\366r \27R\332\30<\0wf.sig.mix"..., 384, 10444 <unfinished ...>
3317  1790834061.127369 <... pwrite64 resumed>) = 108 (DELAYED) <0.025038>
3317  1790834061.127415 --- SIGURG {si_signo=SIGURG, si_code=SI_TKILL, si_pid=3265, si_uid=1001} ---
3317  1790834061.127610 pwrite64(51</tmp/TestMixedWorkflowsRecoverFromFourServerFaults874006668/001/node-1/jetstream/$SYS/_js_/C-R3F-tOdRrkzy/msgs/1.blk>, "z\0\0\0*\0\0\0\0\0\0\0\267\6.!\27R\332\30\0\0St9I6EVH\3\0"..., 122, 4400 <unfinished ...>
3315  1790834061.139305 <... pwrite64 resumed>) = 179 (DELAYED) <0.025034>
3301  1790834061.142265 <... pwrite64 resumed>) = 241 (DELAYED) <0.025041>
3321  1790834061.143472 <... pwrite64 resumed>) = 384 (DELAYED) <0.025132>
3321  1790834061.144659 pwrite64(22</tmp/TestMixedWorkflowsRecoverFromFourServerFaults874006668/001/node-1/jetstream/$G/streams/WF_RUN/msgs/1.blk>, "\203\0\0\200\200\0\0\0\0\0\0\0G\16\216 \27R\332\30\t\0wf.run.51+"..., 131, 24312 <unfinished ...>
3319  1790834061.147854 pwrite64(30</tmp/TestMixedWorkflowsRecoverFromFourServerFaults874006668/001/node-1/jetstream/$G/streams/KV_WF_LEASE/msgs/1.blk>, "\252\0\0\200\345\1\0\0\0\0\0\0\221\tC\"\27R\332\30?\0$KV.WF_LEA"..., 170, 79829 <unfinished ...>
3317  1790834061.152676 <... pwrite64 resumed>) = 122 (DELAYED) <0.025042>
3316  1790834061.154583 newfstatat(AT_FDCWD</home/runner/work/js-wf/js-wf/integration>, "/tmp/TestMixedWorkflowsRecoverFromFourServerFaults874006668/001/node-1/jetstream/$G/streams/WF_RUN/obs/WF_P_33/o.dat", {st_mode=S_IFREG|0600, st_size=8, ...}, AT_SYMLINK_NOFOLLOW) = 0 <0.000041>
3316  1790834061.154699 renameat(AT_FDCWD</home/runner/work/js-wf/js-wf/integration>, "/tmp/TestMixedWorkflowsRecoverFromFourServerFaults874006668/001/node-1/jetstream/$G/streams/WF_RUN/obs/WF_P_33/o.dat.tmp", AT_FDCWD</home/runner/work/js-wf/js-wf/integration>, "/tmp/TestMixedWorkflowsRecoverFromFourServerFaults874006668/001/node-1/jetstream/$G/streams/WF_RUN/obs/WF_P_33/o.dat") = 0 <0.000191>
3321  1790834061.169738 <... pwrite64 resumed>) = 131 (DELAYED) <0.025033>
3321  1790834061.169890 pwrite64(41</tmp/TestMixedWorkflowsRecoverFromFourServerFaults874006668/001/node-1/jetstream/$SYS/_js_/C-R3F-U2k39UyT/msgs/1.blk>, "z\0\0\0(\0\0\0\0\0\0\0\275\30\263#\27R\332\30\0\0St9I6EVH\3\0"..., 122, 4633 <unfinished ...>
3316  1790834061.170047 pwrite64(21</tmp/TestMixedWorkflowsRecoverFromFourServerFaults874006668/001/node-1/jetstream/$SYS/_js_/S-R3F-G9FrvoEG/msgs/2.blk>, "\224\0\0\0\224\0\0\0\0\0\0\0\240\234\265#\27R\332\30\0\0St9I6EVH\3\0"..., 148, 40653 <unfinished ...>
3319  1790834061.172912 <... pwrite64 resumed>) = 170 (DELAYED) <0.025031>
3321  1790834061.194977 <... pwrite64 resumed>) = 122 (DELAYED) <0.025059>
3316  1790834061.195106 <... pwrite64 resumed>) = 148 (DELAYED) <0.025038>
3321  1790834061.195279 pwrite64(41</tmp/TestMixedWorkflowsRecoverFromFourServerFaults874006668/001/node-1/jetstream/$SYS/_js_/C-R3F-U2k39UyT/msgs/1.blk>, "l\0\0\0)\0\0\0\0\0\0\0\22S6%\27R\332\30\0\0St9I6EVH\3\0"..., 108, 4755 <unfinished ...>
3316  1790834061.195331 --- SIGURG {si_signo=SIGURG, si_code=SI_TKILL, si_pid=3265, si_uid=1001} ---
3301  1790834061.197929 pwrite64(22</tmp/TestMixedWorkflowsRecoverFromFourServerFaults874006668/001/node-1/jetstream/$G/streams/WF_RUN/msgs/1.blk>, "\36\0\0\0/\0\0\0\0\0\0@E\372O)\23R\332\30\0\0\244|\246\231\372\220\\\6", 30, 24443 <unfinished ...>
3321  1790834061.220373 <... pwrite64 resumed>) = 108 (DELAYED) <0.025056>
3321  1790834061.220684 --- SIGURG {si_signo=SIGURG, si_code=SI_TKILL, si_pid=3265, si_uid=1001} ---
3321  1790834061.222690 newfstatat(AT_FDCWD</home/runner/work/js-wf/js-wf/integration>, "/tmp/TestMixedWorkflowsRecoverFromFourServerFaults874006668/001/node-1/jetstream/$G/streams/WF_RUN/obs/WF_P_26/o.dat", {st_mode=S_IFREG|0600, st_size=28, ...}, AT_SYMLINK_NOFOLLOW) = 0 <0.000089>
3321  1790834061.222937 renameat(AT_FDCWD</home/runner/work/js-wf/js-wf/integration>, "/tmp/TestMixedWorkflowsRecoverFromFourServerFaults874006668/001/node-1/jetstream/$G/streams/WF_RUN/obs/WF_P_26/o.dat.tmp", AT_FDCWD</home/runner/work/js-wf/js-wf/integration>, "/tmp/TestMixedWorkflowsRecoverFromFourServerFaults874006668/001/node-1/jetstream/$G/streams/WF_RUN/obs/WF_P_26/o.dat" <unfinished ...>
3301  1790834061.223192 <... pwrite64 resumed>) = 30 (DELAYED) <0.025237>
3321  1790834061.223412 <... renameat resumed>) = 0 <0.000451>
3317  1790834061.246250 pwrite64(46</tmp/TestMixedWorkflowsRecoverFromFourServerFaults874006668/001/node-1/jetstream/$SYS/_js_/C-R3F-mMm2NIUQ/msgs/1.blk>, "l\0\0\0\26\0\0\0\0\0\0\0O\27@(\27R\332\30\0\0St9I6EVH\3\0"..., 108, 2181) = 108 (DELAYED) <0.024998>
3317  1790834061.271499 pwrite64(46</tmp/TestMixedWorkflowsRecoverFromFourServerFaults874006668/001/node-1/jetstream/$SYS/_js_/C-R3F-mMm2NIUQ/msgs/1.blk>, "z\0\0\0\27\0\0\0\0\0\0\0`z\301)\27R\332\30\0\0St9I6EVH\3\0"..., 122, 2289) = 122 (DELAYED) <0.025055>
3317  1790834061.296954 --- SIGURG {si_signo=SIGURG, si_code=SI_TKILL, si_pid=3265, si_uid=1001} ---
3321  1790834061.298756 newfstatat(AT_FDCWD</home/runner/work/js-wf/js-wf/integration>, "/tmp/TestMixedWorkflowsRecoverFromFourServerFaults874006668/001/node-1/jetstream/$G/streams/WF_RUN/obs/WF_P_55/o.dat", {st_mode=S_IFREG|0600, st_size=8, ...}, AT_SYMLINK_NOFOLLOW) = 0 <0.000046>
3321  1790834061.298879 renameat(AT_FDCWD</home/runner/work/js-wf/js-wf/integration>, "/tmp/TestMixedWorkflowsRecoverFromFourServerFaults874006668/001/node-1/jetstream/$G/streams/WF_RUN/obs/WF_P_55/o.dat.tmp", AT_FDCWD</home/runner/work/js-wf/js-wf/integration>, "/tmp/TestMixedWorkflowsRecoverFromFourServerFaults874006668/001/node-1/jetstream/$G/streams/WF_RUN/obs/WF_P_55/o.dat") = 0 <0.000206>
3319  1790834061.330577 pwrite64(30</tmp/TestMixedWorkflowsRecoverFromFourServerFaults874006668/001/node-1/jetstream/$G/streams/KV_WF_LEASE/msgs/1.blk>, "\257\0\0\200\346\1\0\0\0\0\0\0~\274!-\27R\332\30(\0$KV.WF_LEA"..., 175, 79999) = 175 (DELAYED) <0.025049>
3319  1790834061.355985 --- SIGURG {si_signo=SIGURG, si_code=SI_TKILL, si_pid=3265, si_uid=1001} ---
3301  1790834061.358547 pwrite64(31</tmp/TestMixedWorkflowsRecoverFromFourServerFaults874006668/001/node-1/jetstream/$SYS/_js_/S-R3F-OEyp3t6z/msgs/2.blk>, "\342\0\0\0\22\0\0\0\0\0\0\0\214\257\361.\27R\332\30\0\0000WED9nmv\2\0"..., 226, 4566 <unfinished ...>
3319  1790834061.358630 pwrite64(30</tmp/TestMixedWorkflowsRecoverFromFourServerFaults874006668/001/node-1/jetstream/$G/streams/KV_WF_LEASE/msgs/1.blk>, "\257\0\0\200\347\1\0\0\0\0\0\0ON\312.\27R\332\30(\0$KV.WF_LEA"..., 175, 80174 <unfinished ...>
3301  1790834061.383616 <... pwrite64 resumed>) = 226 (DELAYED) <0.025030>
3319  1790834061.383738 <... pwrite64 resumed>) = 175 (DELAYED) <0.025087>
3301  1790834061.383960 --- SIGURG {si_signo=SIGURG, si_code=SI_TKILL, si_pid=3265, si_uid=1001} ---
3301  1790834061.385922 pwrite64(32</tmp/TestMixedWorkflowsRecoverFromFourServerFaults874006668/001/node-1/jetstream/$G/streams/KV_WF_STATE/msgs/1.blk>, "t\0\0\200\22\0\0\0\0\0\0\0v\33\350.\27R\332\30\33\0$KV.WF_STA"..., 116, 2700 <unfinished ...>
3315  1790834061.390552 pwrite64(40</tmp/TestMixedWorkflowsRecoverFromFourServerFaults874006668/001/node-1/jetstream/$SYS/_js_/C-R3F-MUBUTFU3/msgs/1.blk>, "z\0\0\0\30\0\0\0\0\0\0\0\303\340\3310\27R\332\30\0\0St9I6EVH\3\0"..., 122, 2637 <unfinished ...>
3301  1790834061.411071 <... pwrite64 resumed>) = 116 (DELAYED) <0.025115>
3315  1790834061.415596 <... pwrite64 resumed>) = 122 (DELAYED) <0.025017>
3315  1790834061.415771 pwrite64(40</tmp/TestMixedWorkflowsRecoverFromFourServerFaults874006668/001/node-1/jetstream/$SYS/_js_/C-R3F-MUBUTFU3/msgs/1.blk>, "l\0\0\0\31\0\0\0\0\0\0\0\31\374Z2\27R\332\30\0\0St9I6EVH\3\0"..., 108, 2759 <unfinished ...>
3321  1790834061.419737 pwrite64(48</tmp/TestMixedWorkflowsRecoverFromFourServerFaults874006668/001/node-1/jetstream/$SYS/_js_/C-R3F-BJrVOQpv/msgs/1.blk>, "z\0\0\0\31\0\0\0\0\0\0\0\340\220\2272\27R\332\30\0\0St9I6EVH\3\0"..., 122, 2696 <unfinished ...>
3301  1790834061.419911 pwrite64(45</tmp/TestMixedWorkflowsRecoverFromFourServerFaults874006668/001/node-1/jetstream/$SYS/_js_/C-R3F-Qi7jewV8/msgs/1.blk>, "z\0\0\0\31\0\0\0\0\0\0\0\245\v\2322\27R\332\30\0\0St9I6EVH\3\0"..., 122, 2696 <unfinished ...>
3317  1790834061.434434 pwrite64(53</tmp/TestMixedWorkflowsRecoverFromFourServerFaults874006668/001/node-1/jetstream/$SYS/_js_/C-R3F-SvU2CKnb/msgs/1.blk>, "l\0\0\0\37\0\0\0\0\0\0\0<\226w3\27R\332\30\0\0St9I6EVH\3\0"..., 108, 3246 <unfinished ...>
3314  1790834061.434728 pwrite64(47</tmp/TestMixedWorkflowsRecoverFromFourServerFaults874006668/001/node-1/jetstream/$SYS/_js_/C-R3F-HvwsqB9S/msgs/1.blk>, "l\0\0\0\20\0\0\0\0\0\0\0\233\263{3\27R\332\30\0\0St9I6EVH\3\0"..., 108, 1650 <unfinished ...>
3319  1790834061.434958 pwrite64(49</tmp/TestMixedWorkflowsRecoverFromFourServerFaults874006668/001/node-1/jetstream/$SYS/_js_/C-R3F-JVHEu4zR/msgs/1.blk>, "l\0\0\0!\0\0\0\0\0\0\0D\27\1773\27R\332\30\0\0St9I6EVH\3\0"..., 108, 3427 <unfinished ...>
3316  1790834061.435033 pwrite64(51</tmp/TestMixedWorkflowsRecoverFromFourServerFaults874006668/001/node-1/jetstream/$SYS/_js_/C-R3F-tOdRrkzy/msgs/1.blk>, "l\0\0\0+\0\0\0\0\0\0\0}6\2003\27R\332\30\0\0St9I6EVH\3\0"..., 108, 4522 <unfinished ...>
3285  1790834061.435639 pwrite64(44</tmp/TestMixedWorkflowsRecoverFromFourServerFaults874006668/001/node-1/jetstream/$SYS/_js_/C-R3F-0AOoyDir/msgs/1.blk>, "l\0\0\0\n\0\0\0\0\0\0\0\315\346\2113\27R\332\30\0\0St9I6EVH\3\0"..., 108, 947 <unfinished ...>
3271  1790834061.435673 pwrite64(50</tmp/TestMixedWorkflowsRecoverFromFourServerFaults874006668/001/node-1/jetstream/$SYS/_js_/C-R3F-JHDR9qaz/msgs/1.blk>, "l\0\0\0\10\0\0\0\0\0\0\0\256\355\2113\27R\332\30\0\0St9I6EVH\3\0"..., 108, 748 <unfinished ...>
3320  1790834061.436017 pwrite64(43</tmp/TestMixedWorkflowsRecoverFromFourServerFaults874006668/001/node-1/jetstream/$SYS/_js_/C-R3F-HBMz3Eb7/msgs/1.blk>, "l\0\0\0!\0\0\0\0\0\0\0\246\34\2173\27R\332\30\0\0St9I6EVH\3\0"..., 108, 3427 <unfinished ...>
3315  1790834061.440855 <... pwrite64 resumed>) = 108 (DELAYED) <0.025061>
3318  1790834061.440891 pwrite64(30</tmp/TestMixedWorkflowsRecoverFromFourServerFaults874006668/001/node-1/jetstream/$G/streams/KV_WF_LEASE/msgs/1.blk>, "\267\0\0\200\350\1\0\0\0\0\0\0x(\2123\27R\332\30?\0$KV.WF_LEA"..., 370, 80349 <unfinished ...>
3315  1790834061.441875 newfstatat(AT_FDCWD</home/runner/work/js-wf/js-wf/integration>, "/tmp/TestMixedWorkflowsRecoverFromFourServerFaults874006668/001/node-1/jetstream/$G/streams/WF_RUN/obs/WF_P_10/o.dat", {st_mode=S_IFREG|0600, st_size=8, ...}, AT_SYMLINK_NOFOLLOW) = 0 <0.000054>
3315  1790834061.442006 renameat(AT_FDCWD</home/runner/work/js-wf/js-wf/integration>, "/tmp/TestMixedWorkflowsRecoverFromFourServerFaults874006668/001/node-1/jetstream/$G/streams/WF_RUN/obs/WF_P_10/o.dat.tmp", AT_FDCWD</home/runner/work/js-wf/js-wf/integration>, "/tmp/TestMixedWorkflowsRecoverFromFourServerFaults874006668/001/node-1/jetstream/$G/streams/WF_RUN/obs/WF_P_10/o.dat") = 0 <0.000266>
3321  1790834061.444798 <... pwrite64 resumed>) = 122 (DELAYED) <0.025035>
3301  1790834061.444978 <... pwrite64 resumed>) = 122 (DELAYED) <0.025045>
3321  1790834061.445846 pwrite64(48</tmp/TestMixedWorkflowsRecoverFromFourServerFaults874006668/001/node-1/jetstream/$SYS/_js_/C-R3F-BJrVOQpv/msgs/1.blk>, "l\0\0\0\32\0\0\0\0\0\0\0\276\344%4\27R\332\30\0\0St9I6EVH\3\0"..., 108, 2818 <unfinished ...>
3303  1790834061.445945 pwrite64(45</tmp/TestMixedWorkflowsRecoverFromFourServerFaults874006668/001/node-1/jetstream/$SYS/_js_/C-R3F-Qi7jewV8/msgs/1.blk>, "l\0\0\0\32\0\0\0\0\0\0\0\23f'4\27R\332\30\0\0St9I6EVH\3\0"..., 108, 2818 <unfinished ...>
3288  1790834061.446592 newfstatat(AT_FDCWD</home/runner/work/js-wf/js-wf/integration>, "/tmp/TestMixedWorkflowsRecoverFromFourServerFaults874006668/001/node-1/jetstream/$G/streams/WF_RUN/obs/WF_P_43/o.dat", {st_mode=S_IFREG|0600, st_size=8, ...}, AT_SYMLINK_NOFOLLOW) = 0 <0.000032>
3288  1790834061.446693 renameat(AT_FDCWD</home/runner/work/js-wf/js-wf/integration>, "/tmp/TestMixedWorkflowsRecoverFromFourServerFaults874006668/001/node-1/jetstream/$G/streams/WF_RUN/obs/WF_P_43/o.dat.tmp", AT_FDCWD</home/runner/work/js-wf/js-wf/integration>, "/tmp/TestMixedWorkflowsRecoverFromFourServerFaults874006668/001/node-1/jetstream/$G/streams/WF_RUN/obs/WF_P_43/o.dat" <unfinished ...>
3315  1790834061.446759 newfstatat(AT_FDCWD</home/runner/work/js-wf/js-wf/integration>, "/tmp/TestMixedWorkflowsRecoverFromFourServerFaults874006668/001/node-1/jetstream/$G/streams/WF_RUN/obs/WF_P_28/o.dat", {st_mode=S_IFREG|0600, st_size=8, ...}, AT_SYMLINK_NOFOLLOW) = 0 <0.000046>
3315  1790834061.446873 renameat(AT_FDCWD</home/runner/work/js-wf/js-wf/integration>, "/tmp/TestMixedWorkflowsRecoverFromFourServerFaults874006668/001/node-1/jetstream/$G/streams/WF_RUN/obs/WF_P_28/o.dat.tmp", AT_FDCWD</home/runner/work/js-wf/js-wf/integration>, "/tmp/TestMixedWorkflowsRecoverFromFourServerFaults874006668/001/node-1/jetstream/$G/streams/WF_RUN/obs/WF_P_28/o.dat" <unfinished ...>
3288  1790834061.446909 <... renameat resumed>) = 0 <0.000197>
3315  1790834061.447116 <... renameat resumed>) = 0 <0.000216>
3317  1790834061.459492 <... pwrite64 resumed>) = 108 (DELAYED) <0.025020>
3315  1790834061.459782 pwrite64(53</tmp/TestMixedWorkflowsRecoverFromFourServerFaults874006668/001/node-1/jetstream/$SYS/_js_/C-R3F-SvU2CKnb/msgs/1.blk>, "W\0\0\0 \0\0\0\0\0\0\0)\f\3724\27R\332\30\0\0St9I6EVH\3\0"..., 87, 3354 <unfinished ...>
3314  1790834061.459850 <... pwrite64 resumed>) = 108 (DELAYED) <0.025092>
3317  1790834061.459934 --- SIGURG {si_signo=SIGURG, si_code=SI_TKILL, si_pid=3265, si_uid=1001} ---
3314  1790834061.460011 pwrite64(47</tmp/TestMixedWorkflowsRecoverFromFourServerFaults874006668/001/node-1/jetstream/$SYS/_js_/C-R3F-HvwsqB9S/msgs/1.blk>, "W\0\0\0\21\0\0\0\0\0\0\0\233\311\3754\27R\332\30\0\0St9I6EVH\3\0"..., 87, 1758 <unfinished ...>
3319  1790834061.460033 <... pwrite64 resumed>) = 108 (DELAYED) <0.025045>
3319  1790834061.460132 pwrite64(49</tmp/TestMixedWorkflowsRecoverFromFourServerFaults874006668/001/node-1/jetstream/$SYS/_js_/C-R3F-JVHEu4zR/msgs/1.blk>, "~\0\0\0\"\0\0\0\0\0\0\0\371\200\3774\27R\332\30\0\0St9I6EVH\3\0"..., 126, 3535 <unfinished ...>
3316  1790834061.460179 <... pwrite64 resumed>) = 108 (DELAYED) <0.025113>
3285  1790834061.460743 <... pwrite64 resumed>) = 108 (DELAYED) <0.025077>
3285  1790834061.460822 pwrite64(44</tmp/TestMixedWorkflowsRecoverFromFourServerFaults874006668/001/node-1/jetstream/$SYS/_js_/C-R3F-0AOoyDir/msgs/1.blk>, "~\0\0\0\v\0\0\0\0\0\0\0>O\n5\27R\332\30\0\0St9I6EVH\3\0"..., 126, 1055 <unfinished ...>
3271  1790834061.460851 <... pwrite64 resumed>) = 108 (DELAYED) <0.025161>
3316  1790834061.460959 pwrite64(50</tmp/TestMixedWorkflowsRecoverFromFourServerFaults874006668/001/node-1/jetstream/$SYS/_js_/C-R3F-JHDR9qaz/msgs/1.blk>, "~\0\0\0\t\0\0\0\0\0\0\0\361E\f5\27R\332\30\0\0St9I6EVH\3\0"..., 126, 856 <unfinished ...>
3320  1790834061.461087 <... pwrite64 resumed>) = 108 (DELAYED) <0.025038>
3320  1790834061.461154 pwrite64(43</tmp/TestMixedWorkflowsRecoverFromFourServerFaults874006668/001/node-1/jetstream/$SYS/_js_/C-R3F-HBMz3Eb7/msgs/1.blk>, "~\0\0\0\"\0\0\0\0\0\0\0\314\220\0175\27R\332\30\0\0St9I6EVH\3\0"..., 126, 3535 <unfinished ...>
3318  1790834061.465965 <... pwrite64 resumed>) = 370 (DELAYED) <0.025045>
3301  1790834061.468659 pwrite64(30</tmp/TestMixedWorkflowsRecoverFromFourServerFaults874006668/001/node-1/jetstream/$G/streams/KV_WF_LEASE/msgs/1.blk>, "\273\0\0\200\352\1\0\0\0\0\0\0\330\320\\5\27R\332\30?\0$KV.WF_LEA"..., 187, 80719 <unfinished ...>
3321  1790834061.470892 <... pwrite64 resumed>) = 108 (DELAYED) <0.025015>
3303  1790834061.471029 <... pwrite64 resumed>) = 108 (DELAYED) <0.025054>
3317  1790834061.471653 pwrite64(24</tmp/TestMixedWorkflowsRecoverFromFourServerFaults874006668/001/node-1/jetstream/$G/streams/WF_JRN/msgs/1.blk>, "\321\0\0\200\345\0\0\0\0\0\0\0\326,\2135\27R\332\309\0wf.jrn.mix"..., 209, 61654 <unfinished ...>
3315  1790834061.484840 <... pwrite64 resumed>) = 87 (DELAYED) <0.025022>
3314  1790834061.485068 <... pwrite64 resumed>) = 87 (DELAYED) <0.025038>
3314  1790834061.485152 pwrite64(47</tmp/TestMixedWorkflowsRecoverFromFourServerFaults874006668/001/node-1/jetstream/$SYS/_js_/C-R3F-HvwsqB9S/msgs/1.blk>, "\217\0\0\0\22\0\0\0\0\0\0\0>\212}6\27R\332\30\0\0St9I6EVH\3\0"..., 143, 1845 <unfinished ...>
3315  1790834061.485201 --- SIGURG {si_signo=SIGURG, si_code=SI_TKILL, si_pid=3265, si_uid=1001} ---
3319  1790834061.485239 <... pwrite64 resumed>) = 126 (DELAYED) <0.025087>
3285  1790834061.485930 <... pwrite64 resumed>) = 126 (DELAYED) <0.025079>
3316  1790834061.486028 <... pwrite64 resumed>) = 126 (DELAYED) <0.025040>
3320  1790834061.486263 <... pwrite64 resumed>) = 126 (DELAYED) <0.025079>
3320  1790834061.486907 newfstatat(AT_FDCWD</home/runner/work/js-wf/js-wf/integration>, "/tmp/TestMixedWorkflowsRecoverFromFourServerFaults874006668/001/node-1/jetstream/$G/streams/WF_RUN/obs/WF_P_63/o.dat", {st_mode=S_IFREG|0600, st_size=8, ...}, AT_SYMLINK_NOFOLLOW) = 0 <0.000034>
3320  1790834061.487032 renameat(AT_FDCWD</home/runner/work/js-wf/js-wf/integration>, "/tmp/TestMixedWorkflowsRecoverFromFourServerFaults874006668/001/node-1/jetstream/$G/streams/WF_RUN/obs/WF_P_63/o.dat.tmp", AT_FDCWD</home/runner/work/js-wf/js-wf/integration>, "/tmp/TestMixedWorkflowsRecoverFromFourServerFaults874006668/001/node-1/jetstream/$G/streams/WF_RUN/obs/WF_P_63/o.dat") = 0 <0.000174>
3316  1790834061.487340 newfstatat(AT_FDCWD</home/runner/work/js-wf/js-wf/integration>, "/tmp/TestMixedWorkflowsRecoverFromFourServerFaults874006668/001/node-1/jetstream/$G/streams/WF_RUN/obs/WF_P_51/o.dat", {st_mode=S_IFREG|0600, st_size=8, ...}, AT_SYMLINK_NOFOLLOW) = 0 <0.000046>
3316  1790834061.487450 renameat(AT_FDCWD</home/runner/work/js-wf/js-wf/integration>, "/tmp/TestMixedWorkflowsRecoverFromFourServerFaults874006668/001/node-1/jetstream/$G/streams/WF_RUN/obs/WF_P_51/o.dat.tmp", AT_FDCWD</home/runner/work/js-wf/js-wf/integration>, "/tmp/TestMixedWorkflowsRecoverFromFourServerFaults874006668/001/node-1/jetstream/$G/streams/WF_RUN/obs/WF_P_51/o.dat") = 0 <0.000172>
3320  1790834061.488706 pwrite64(41</tmp/TestMixedWorkflowsRecoverFromFourServerFaults874006668/001/node-1/jetstream/$SYS/_js_/C-R3F-U2k39UyT/msgs/1.blk>, "l\0\0\0*\0\0\0\0\0\0\0\25\347\2636\27R\332\30\0\0St9I6EVH\3\0"..., 108, 4863 <unfinished ...>
3318  1790834061.488998 newfstatat(AT_FDCWD</home/runner/work/js-wf/js-wf/integration>, "/tmp/TestMixedWorkflowsRecoverFromFourServerFaults874006668/001/node-1/jetstream/$G/streams/WF_RUN/obs/WF_P_15/o.dat", {st_mode=S_IFREG|0600, st_size=8, ...}, AT_SYMLINK_NOFOLLOW) = 0 <0.000029>
3318  1790834061.489100 renameat(AT_FDCWD</home/runner/work/js-wf/js-wf/integration>, "/tmp/TestMixedWorkflowsRecoverFromFourServerFaults874006668/001/node-1/jetstream/$G/streams/WF_RUN/obs/WF_P_15/o.dat.tmp", AT_FDCWD</home/runner/work/js-wf/js-wf/integration>, "/tmp/TestMixedWorkflowsRecoverFromFourServerFaults874006668/001/node-1/jetstream/$G/streams/WF_RUN/obs/WF_P_15/o.dat") = 0 <0.000212>
3316  1790834061.489477 newfstatat(AT_FDCWD</home/runner/work/js-wf/js-wf/integration>, "/tmp/TestMixedWorkflowsRecoverFromFourServerFaults874006668/001/node-1/jetstream/$G/streams/WF_RUN/obs/WF_P_12/o.dat",  <unfinished ...>
3285  1790834061.489517 newfstatat(AT_FDCWD</home/runner/work/js-wf/js-wf/integration>, "/tmp/TestMixedWorkflowsRecoverFromFourServerFaults874006668/001/node-1/jetstream/$G/streams/WF_RUN/obs/WF_P_27/o.dat",  <unfinished ...>
3316  1790834061.489558 <... newfstatat resumed>{st_mode=S_IFREG|0600, st_size=8, ...}, AT_SYMLINK_NOFOLLOW) = 0 <0.000053>
3285  1790834061.489596 <... newfstatat resumed>{st_mode=S_IFREG|0600, st_size=16, ...}, AT_SYMLINK_NOFOLLOW) = 0 <0.000061>
3316  1790834061.489631 renameat(AT_FDCWD</home/runner/work/js-wf/js-wf/integration>, "/tmp/TestMixedWorkflowsRecoverFromFourServerFaults874006668/001/node-1/jetstream/$G/streams/WF_RUN/obs/WF_P_12/o.dat.tmp", AT_FDCWD</home/runner/work/js-wf/js-wf/integration>, "/tmp/TestMixedWorkflowsRecoverFromFourServerFaults874006668/001/node-1/jetstream/$G/streams/WF_RUN/obs/WF_P_12/o.dat" <unfinished ...>
3285  1790834061.489693 renameat(AT_FDCWD</home/runner/work/js-wf/js-wf/integration>, "/tmp/TestMixedWorkflowsRecoverFromFourServerFaults874006668/001/node-1/jetstream/$G/streams/WF_RUN/obs/WF_P_27/o.dat.tmp", AT_FDCWD</home/runner/work/js-wf/js-wf/integration>, "/tmp/TestMixedWorkflowsRecoverFromFourServerFaults874006668/001/node-1/jetstream/$G/streams/WF_RUN/obs/WF_P_27/o.dat" <unfinished ...>
3316  1790834061.489897 <... renameat resumed>) = 0 <0.000237>
3285  1790834061.489943 <... renameat resumed>) = 0 <0.000229>
3301  1790834061.493712 <... pwrite64 resumed>) = 187 (DELAYED) <0.025013>
3317  1790834061.496771 <... pwrite64 resumed>) = 209 (DELAYED) <0.025080>
3316  1790834061.499927 pwrite64(24</tmp/TestMixedWorkflowsRecoverFromFourServerFaults874006668/001/node-1/jetstream/$G/streams/WF_JRN/msgs/1.blk>, "|\1\0\200\346\0\0\0\0\0\0\0\227\374C7\27R\332\309\0wf.jrn.mix"..., 380, 61863 <unfinished ...>
3314  1790834061.510202 <... pwrite64 resumed>) = 143 (DELAYED) <0.025022>
3314  1790834061.511090 newfstatat(AT_FDCWD</home/runner/work/js-wf/js-wf/integration>, "/tmp/TestMixedWorkflowsRecoverFromFourServerFaults874006668/001/node-1/jetstream/$G/streams/WF_RUN/obs/WF_P_48/o.dat", {st_mode=S_IFREG|0600, st_size=8, ...}, AT_SYMLINK_NOFOLLOW) = 0 <0.000039>
3314  1790834061.511232 renameat(AT_FDCWD</home/runner/work/js-wf/js-wf/integration>, "/tmp/TestMixedWorkflowsRecoverFromFourServerFaults874006668/001/node-1/jetstream/$G/streams/WF_RUN/obs/WF_P_48/o.dat.tmp", AT_FDCWD</home/runner/work/js-wf/js-wf/integration>, "/tmp/TestMixedWorkflowsRecoverFromFourServerFaults874006668/001/node-1/jetstream/$G/streams/WF_RUN/obs/WF_P_48/o.dat") = 0 <0.000184>
3314  1790834061.512794 pwrite64(30</tmp/TestMixedWorkflowsRecoverFromFourServerFaults874006668/001/node-1/jetstream/$G/streams/KV_WF_LEASE/msgs/1.blk>, "\273\0\0\200\353\1\0\0\0\0\0\0\322\4\0037\27R\332\30?\0$KV.WF_LEA"..., 1786, 80906 <unfinished ...>
3320  1790834061.513781 <... pwrite64 resumed>) = 108 (DELAYED) <0.025040>
3320  1790834061.513914 pwrite64(41</tmp/TestMixedWorkflowsRecoverFromFourServerFaults874006668/001/node-1/jetstream/$SYS/_js_/C-R3F-U2k39UyT/msgs/1.blk>, "l\0\0\0+\0\0\0\0\0\0\0\276\20148\27R\332\30\0\0St9I6EVH\3\0"..., 108, 4971 <unfinished ...>
3316  1790834061.524973 <... pwrite64 resumed>) = 380 (DELAYED) <0.025017>
3316  1790834061.525185 --- SIGURG {si_signo=SIGURG, si_code=SI_TKILL, si_pid=3265, si_uid=1001} ---
3271  1790834061.529144 pwrite64(24</tmp/TestMixedWorkflowsRecoverFromFourServerFaults874006668/001/node-1/jetstream/$G/streams/WF_JRN/msgs/1.blk>, "\360\0\0\200\347\0\0\0\0\0\0\0r0\3728\27R\332\309\0wf.jrn.mix"..., 240, 62243 <unfinished ...>
3314  1790834061.537870 <... pwrite64 resumed>) = 1786 (DELAYED) <0.025047>
3320  1790834061.539039 <... pwrite64 resumed>) = 108 (DELAYED) <0.025104>
3320  1790834061.539957 pwrite64(30</tmp/TestMixedWorkflowsRecoverFromFourServerFaults874006668/001/node-1/jetstream/$G/streams/KV_WF_LEASE/msgs/1.blk>, "\273\0\0\200\365\1\0\0\0\0\0\0\305`\2449\27R\332\30?\0$KV.WF_LEA"..., 374, 82692 <unfinished ...>
3271  1790834061.554247 <... pwrite64 resumed>) = 240 (DELAYED) <0.025045>
3317  1790834061.556880 pwrite64(53</tmp/TestMixedWorkflowsRecoverFromFourServerFaults874006668/001/node-1/jetstream/$SYS/_js_/C-R3F-SvU2CKnb/msgs/1.blk>, "l\0\0\0!\0\0\0\0\0\0\0\275\33\304:\27R\332\30\0\0St9I6EVH\3\0"..., 108, 3441 <unfinished ...>
3314  1790834061.558159 pwrite64(24</tmp/TestMixedWorkflowsRecoverFromFourServerFaults874006668/001/node-1/jetstream/$G/streams/WF_JRN/msgs/1.blk>, "\357\0\0\200\350\0\0\0\0\0\0\0\335\236\265:\27R\332\309\0wf.jrn.mix"..., 493, 62483 <unfinished ...>
3285  1790834061.558683 pwrite64(31</tmp/TestMixedWorkflowsRecoverFromFourServerFaults874006668/001/node-1/jetstream/$SYS/_js_/S-R3F-OEyp3t6z/msgs/2.blk>, "!\1\0\0\23\0\0\0\0\0\0\0\341\230\337:\27R\332\30\0\0000WED9nmv\2\0"..., 289, 4792 <unfinished ...>
3320  1790834061.565005 <... pwrite64 resumed>) = 374 (DELAYED) <0.025021>
3320  1790834061.568137 pwrite64(30</tmp/TestMixedWorkflowsRecoverFromFourServerFaults874006668/001/node-1/jetstream/$G/streams/KV_WF_LEASE/msgs/1.blk>, "\273\0\0\200\367\1\0\0\0\0\0\0\315\3B;\27R\332\30?\0$KV.WF_LEA"..., 346, 83066 <unfinished ...>
3317  1790834061.581952 <... pwrite64 resumed>) = 108 (DELAYED) <0.025035>
3317  1790834061.582307 --- SIGURG {si_signo=SIGURG, si_code=SI_TKILL, si_pid=3265, si_uid=1001} ---
3314  1790834061.583222 <... pwrite64 resumed>) = 493 (DELAYED) <0.025027>
3285  1790834061.583816 <... pwrite64 resumed>) = 289 (DELAYED) <0.025103>
3301  1790834061.586212 pwrite64(32</tmp/TestMixedWorkflowsRecoverFromFourServerFaults874006668/001/node-1/jetstream/$G/streams/KV_WF_STATE/msgs/1.blk>, "\263\0\0\200\23\0\0\0\0\0\0\0\275\17\317:\27R\332\30?\0$KV.WF_STA"..., 179, 2816 <unfinished ...>
3314  1790834061.586698 pwrite64(24</tmp/TestMixedWorkflowsRecoverFromFourServerFaults874006668/001/node-1/jetstream/$G/streams/WF_JRN/msgs/1.blk>, "=\1\0\200\352\0\0\0\0\0\0\0\"9e<\27R\332\30\35\0wf.jrn.mix"..., 571, 62976 <unfinished ...>
3285  1790834061.586749 pwrite64(31</tmp/TestMixedWorkflowsRecoverFromFourServerFaults874006668/001/node-1/jetstream/$SYS/_js_/S-R3F-OEyp3t6z/msgs/2.blk>, "!\1\0\0\24\0\0\0\0\0\0\0\10\273\213<\27R\332\30\0\0000WED9nmv\2\0"..., 289, 5081 <unfinished ...>
3271  1790834061.589520 pwrite64(21</tmp/TestMixedWorkflowsRecoverFromFourServerFaults874006668/001/node-1/jetstream/$SYS/_js_/S-R3F-G9FrvoEG/msgs/2.blk>, "\361\0\0\0\225\0\0\0\0\0\0\0l\21\266<\27R\332\30\0\0St9I6EVH\3\0"..., 241, 40801 <unfinished ...>
3318  1790834061.589882 pwrite64(26</tmp/TestMixedWorkflowsRecoverFromFourServerFaults874006668/001/node-1/jetstream/$G/streams/WF_SIG/msgs/1.blk>, "\200\1\0\200)\0\0\0\0\0\0\0'<\234<\27R\332\30<\0wf.sig.mix"..., 384, 10828 <unfinished ...>
3317  1790834061.591812 pwrite64(45</tmp/TestMixedWorkflowsRecoverFromFourServerFaults874006668/001/node-1/jetstream/$SYS/_js_/C-R3F-Qi7jewV8/msgs/1.blk>, "l\0\0\0\33\0\0\0\0\0\0\0\2610\331<\27R\332\30\0\0St9I6EVH\3\0"..., 108, 2926 <unfinished ...>
3316  1790834061.591890 pwrite64(48</tmp/TestMixedWorkflowsRecoverFromFourServerFaults874006668/001/node-1/jetstream/$SYS/_js_/C-R3F-BJrVOQpv/msgs/1.blk>, "l\0\0\0\33\0\0\0\0\0\0\0*\213\332<\27R\332\30\0\0St9I6EVH\3\0"..., 108, 2926 <unfinished ...>
3320  1790834061.593185 <... pwrite64 resumed>) = 346 (DELAYED) <0.025021>
3288  1790834061.596142 pwrite64(30</tmp/TestMixedWorkflowsRecoverFromFourServerFaults874006668/001/node-1/jetstream/$G/streams/KV_WF_LEASE/msgs/1.blk>, "\237\0\0\200\371\1\0\0\0\0\0\0\24\331\357<\27R\332\30#\0$KV.WF_LEA"..., 159, 83412 <unfinished ...>
3303  1790834061.605190 pwrite64(40</tmp/TestMixedWorkflowsRecoverFromFourServerFaults874006668/001/node-1/jetstream/$SYS/_js_/C-R3F-MUBUTFU3/msgs/1.blk>, "l\0\0\0\32\0\0\0\0\0\0\0'=\245=\27R\332\30\0\0St9I6EVH\3\0"..., 108, 2867 <unfinished ...>
3301  1790834061.611440 <... pwrite64 resumed>) = 179 (DELAYED) <0.025187>
3314  1790834061.611748 <... pwrite64 resumed>) = 571 (DELAYED) <0.025016>
3285  1790834061.611865 <... pwrite64 resumed>) = 289 (DELAYED) <0.025082>
3314  1790834061.612005 --- SIGURG {si_signo=SIGURG, si_code=SI_TKILL, si_pid=3265, si_uid=1001} ---
3319  1790834061.614302 pwrite64(32</tmp/TestMixedWorkflowsRecoverFromFourServerFaults874006668/001/node-1/jetstream/$G/streams/KV_WF_STATE/msgs/1.blk>, "\263\0\0\200\24\0\0\0\0\0\0\0\25\30\203<\27R\332\30?\0$KV.WF_STA"..., 179, 2995 <unfinished ...>
3271  1790834061.614674 <... pwrite64 resumed>) = 241 (DELAYED) <0.025118>
3320  1790834061.614882 pwrite64(24</tmp/TestMixedWorkflowsRecoverFromFourServerFaults874006668/001/node-1/jetstream/$G/streams/WF_JRN/msgs/1.blk>, ">\1\0\200\354\0\0\0\0\0\0\0\212\222\30>\27R\332\30\35\0wf.jrn.mix"..., 318, 63547 <unfinished ...>
3318  1790834061.614951 <... pwrite64 resumed>) = 384 (DELAYED) <0.025015>
3285  1790834061.615750 pwrite64(53</tmp/TestMixedWorkflowsRecoverFromFourServerFaults874006668/001/node-1/jetstream/$SYS/_js_/C-R3F-SvU2CKnb/msgs/1.blk>, "\177\0\0\0\"\0\0\0\0\0\0\0\375\207D>\27R\332\30\0\0St9I6EVH\3\0"..., 127, 3549 <unfinished ...>
3314  1790834061.616622 pwrite64(22</tmp/TestMixedWorkflowsRecoverFromFourServerFaults874006668/001/node-1/jetstream/$G/streams/WF_RUN/msgs/1.blk>, "\203\0\0\200\201\0\0\0\0\0\0\0\215\356\265<\27R\332\30\t\0wf.run.63+"..., 131, 24473 <unfinished ...>
3317  1790834061.616882 <... pwrite64 resumed>) = 108 (DELAYED) <0.025038>
3317  1790834061.616975 pwrite64(45</tmp/TestMixedWorkflowsRecoverFromFourServerFaults874006668/001/node-1/jetstream/$SYS/_js_/C-R3F-Qi7jewV8/msgs/1.blk>, "l\0\0\0\34\0\0\0\0\0\0\0\26\376X>\27R\332\30\0\0St9I6EVH\3\0"..., 108, 3034 <unfinished ...>
3271  1790834061.617910 pwrite64(21</tmp/TestMixedWorkflowsRecoverFromFourServerFaults874006668/001/node-1/jetstream/$SYS/_js_/S-R3F-G9FrvoEG/msgs/2.blk>, "\360\0\0\0\226\0\0\0\0\0\0\0\224\34g>\27R\332\30\0\0St9I6EVH\3\0"..., 240, 41042 <unfinished ...>
3318  1790834061.619281 pwrite64(26</tmp/TestMixedWorkflowsRecoverFromFourServerFaults874006668/001/node-1/jetstream/$G/streams/WF_SIG/msgs/1.blk>, "\200\1\0\200*\0\0\0\0\0\0\0r\371P>\27R\332\30<\0wf.sig.mix"..., 384, 11212 <unfinished ...>
3317  1790834061.642078 <... pwrite64 resumed>) = 108 (DELAYED) <0.025079>
3316  1790834061.642114 <... pwrite64 resumed>) = 108 (DELAYED) <0.050206>
3320  1790834061.642133 <... pwrite64 resumed>) = 318 (DELAYED) <0.027220>
3319  1790834061.642146 <... pwrite64 resumed>) = 179 (DELAYED) <0.027817>
3303  1790834061.642165 <... pwrite64 resumed>) = 108 (DELAYED) <0.036946>
3288  1790834061.642186 <... pwrite64 resumed>) = 159 (DELAYED) <0.046019>
3285  1790834061.642207 <... pwrite64 resumed>) = 127 (DELAYED) <0.026422>
3314  1790834061.642264 <... pwrite64 resumed>) = 131 (DELAYED) <0.025608>
3303  1790834061.642292 --- SIGURG {si_signo=SIGURG, si_code=SI_TKILL, si_pid=3265, si_uid=1001} ---
3316  1790834061.642558 pwrite64(48</tmp/TestMixedWorkflowsRecoverFromFourServerFaults874006668/001/node-1/jetstream/$SYS/_js_/C-R3F-BJrVOQpv/msgs/1.blk>, "l\0\0\0\34\0\0\0\0\0\0\0\10u\337?\27R\332\30\0\0St9I6EVH\3\0"..., 108, 3034 <unfinished ...>
3271  1790834061.642983 <... pwrite64 resumed>) = 240 (DELAYED) <0.025046>
3314  1790834061.644118 pwrite64(40</tmp/TestMixedWorkflowsRecoverFromFourServerFaults874006668/001/node-1/jetstream/$SYS/_js_/C-R3F-MUBUTFU3/msgs/1.blk>, "l\0\0\0\33\0\0\0\0\0\0\0l\335\366?\27R\332\30\0\0St9I6EVH\3\0"..., 108, 2975 <unfinished ...>
3318  1790834061.644431 <... pwrite64 resumed>) = 384 (DELAYED) <0.025125>
3317  1790834061.644974 newfstatat(AT_FDCWD</home/runner/work/js-wf/js-wf/integration>, "/tmp/TestMixedWorkflowsRecoverFromFourServerFaults874006668/001/node-1/jetstream/$G/streams/WF_RUN/obs/WF_P_63/o.dat",  <unfinished ...>
3319  1790834061.645122 pwrite64(42</tmp/TestMixedWorkflowsRecoverFromFourServerFaults874006668/001/node-1/jetstream/$SYS/_js_/C-R3F-Fspi1V4u/msgs/1.blk>, "\177\0\0\0&\0\0\0\0\0\0\0_u\6@\27R\332\30\0\0St9I6EVH\2\0"..., 127, 4237 <unfinished ...>
3317  1790834061.645174 <... newfstatat resumed>{st_mode=S_IFREG|0600, st_size=9, ...}, AT_SYMLINK_NOFOLLOW) = 0 <0.000173>
3317  1790834061.645286 renameat(AT_FDCWD</home/runner/work/js-wf/js-wf/integration>, "/tmp/TestMixedWorkflowsRecoverFromFourServerFaults874006668/001/node-1/jetstream/$G/streams/WF_RUN/obs/WF_P_63/o.dat.tmp", AT_FDCWD</home/runner/work/js-wf/js-wf/integration>, "/tmp/TestMixedWorkflowsRecoverFromFourServerFaults874006668/001/node-1/jetstream/$G/streams/WF_RUN/obs/WF_P_63/o.dat") = 0 <0.000219>
3317  1790834061.645603 pwrite64(30</tmp/TestMixedWorkflowsRecoverFromFourServerFaults874006668/001/node-1/jetstream/$G/streams/KV_WF_LEASE/msgs/1.blk>, "\266\0\0\200\372\1\0\0\0\0\0\0\267\227\337?\27R\332\30:\0$KV.WF_LEA"..., 523, 83571 <unfinished ...>
3320  1790834061.646665 pwrite64(22</tmp/TestMixedWorkflowsRecoverFromFourServerFaults874006668/001/node-1/jetstream/$G/streams/WF_RUN/msgs/1.blk>, "\202\0\0\200\202\0\0\0\0\0\0\0}\3g>\27R\332\30\10\0wf.run.0+\0"..., 130, 24604 <unfinished ...>
3318  1790834061.650680 pwrite64(24</tmp/TestMixedWorkflowsRecoverFromFourServerFaults874006668/001/node-1/jetstream/$G/streams/WF_JRN/msgs/1.blk>, ">\1\0\200\355\0\0\0\0\0\0\0\347\\4@\27R\332\30\35\0wf.jrn.mix"..., 1081, 63865 <unfinished ...>
3316  1790834061.667655 <... pwrite64 resumed>) = 108 (DELAYED) <0.025055>
3316  1790834061.668014 --- SIGURG {si_signo=SIGURG, si_code=SI_TKILL, si_pid=3265, si_uid=1001} ---
3314  1790834061.669201 <... pwrite64 resumed>) = 108 (DELAYED) <0.025047>
3319  1790834061.670193 <... pwrite64 resumed>) = 127 (DELAYED) <0.025042>
3317  1790834061.670678 <... pwrite64 resumed>) = 523 (DELAYED) <0.025044>
3320  1790834061.671908 <... pwrite64 resumed>) = 130 (DELAYED) <0.025207>
3320  1790834061.672000 pwrite64(30</tmp/TestMixedWorkflowsRecoverFromFourServerFaults874006668/001/node-1/jetstream/$G/streams/KV_WF_LEASE/msgs/1.blk>, "\252\0\0\200\375\1\0\0\0\0\0\0\36F\364?\27R\332\30?\0$KV.WF_LEA"..., 170, 84094 <unfinished ...>
3317  1790834061.672078 newfstatat(AT_FDCWD</home/runner/work/js-wf/js-wf/integration>, "/tmp/TestMixedWorkflowsRecoverFromFourServerFaults874006668/001/node-1/jetstream/$G/streams/WF_RUN/obs/WF_P_00/o.dat", {st_mode=S_IFREG|0600, st_size=8, ...}, AT_SYMLINK_NOFOLLOW) = 0 <0.000042>
3317  1790834061.672194 renameat(AT_FDCWD</home/runner/work/js-wf/js-wf/integration>, "/tmp/TestMixedWorkflowsRecoverFromFourServerFaults874006668/001/node-1/jetstream/$G/streams/WF_RUN/obs/WF_P_00/o.dat.tmp", AT_FDCWD</home/runner/work/js-wf/js-wf/integration>, "/tmp/TestMixedWorkflowsRecoverFromFourServerFaults874006668/001/node-1/jetstream/$G/streams/WF_RUN/obs/WF_P_00/o.dat") = 0 <0.000225>
3303  1790834061.673480 pwrite64(21</tmp/TestMixedWorkflowsRecoverFromFourServerFaults874006668/001/node-1/jetstream/$SYS/_js_/S-R3F-G9FrvoEG/msgs/2.blk>, "\224\0\0\0\227\0\0\0\0\0\0\0\276\36\267A\27R\332\30\0\0St9I6EVH\3\0"..., 148, 41282 <unfinished ...>
3318  1790834061.675827 <... pwrite64 resumed>) = 1081 (DELAYED) <0.025109>
3320  1790834061.697073 <... pwrite64 resumed>) = 170 (DELAYED) <0.025048>
3320  1790834061.697331 --- SIGURG {si_signo=SIGURG, si_code=SI_TKILL, si_pid=3265, si_uid=1001} ---
3303  1790834061.698657 <... pwrite64 resumed>) = 148 (DELAYED) <0.025150>
3320  1790834061.698822 pwrite64(44</tmp/TestMixedWorkflowsRecoverFromFourServerFaults874006668/001/node-1/jetstream/$SYS/_js_/C-R3F-0AOoyDir/msgs/1.blk>, "Q\0\0\0\f\0\0\0\0\0\0\0\271\3769C\27R\332\30\0\0St9I6EVH\3\0"..., 81, 1181 <unfinished ...>
3271  1790834061.698958 pwrite64(30</tmp/TestMixedWorkflowsRecoverFromFourServerFaults874006668/001/node-1/jetstream/$G/streams/KV_WF_LEASE/msgs/1.blk>, "\264\0\0\200\376\1\0\0\0\0\0\0\337S\220A\27R\332\30:\0$KV.WF_LEA"..., 873, 84264 <unfinished ...>
3317  1790834061.701479 pwrite64(22</tmp/TestMixedWorkflowsRecoverFromFourServerFaults874006668/001/node-1/jetstream/$G/streams/WF_RUN/msgs/1.blk>, "\36\0\0\0001\0\0\0\0\0\0@\260,\316)\23R\332\30\0\0\315\2-\320\222\223~\t", 30, 24734 <unfinished ...>
3303  1790834061.702034 pwrite64(24</tmp/TestMixedWorkflowsRecoverFromFourServerFaults874006668/001/node-1/jetstream/$G/streams/WF_JRN/msgs/1.blk>, "~\1\0\200\360\0\0\0\0\0\0\0\261\337LC\27R\332\0304\0wf.jrn.mix"..., 1082, 64946 <unfinished ...>
3320  1790834061.723899 <... pwrite64 resumed>) = 81 (DELAYED) <0.025039>
3271  1790834061.724048 <... pwrite64 resumed>) = 873 (DELAYED) <0.025059>
3316  1790834061.724352 pwrite64(44</tmp/TestMixedWorkflowsRecoverFromFourServerFaults874006668/001/node-1/jetstream/$SYS/_js_/C-R3F-0AOoyDir/msgs/1.blk>, "\241\0\0\0\r\0\0\0\0\0\0\0\236\4\277D\27R\332\30\0\0St9I6EVH\3\0"..., 161, 1262 <unfinished ...>
3320  1790834061.724441 --- SIGURG {si_signo=SIGURG, si_code=SI_TKILL, si_pid=3265, si_uid=1001} ---
3317  1790834061.726646 <... pwrite64 resumed>) = 30 (DELAYED) <0.025128>
3303  1790834061.727119 <... pwrite64 resumed>) = 1082 (DELAYED) <0.025054>
3271  1790834061.730707 pwrite64(24</tmp/TestMixedWorkflowsRecoverFromFourServerFaults874006668/001/node-1/jetstream/$G/streams/WF_JRN/msgs/1.blk>, "\360\0\0\200\363\0\0\0\0\0\0\0Q\231\374D\27R\332\0304\0wf.jrn.mix"..., 797, 66028 <unfinished ...>
3314  1790834061.731589 pwrite64(30</tmp/TestMixedWorkflowsRecoverFromFourServerFaults874006668/001/node-1/jetstream/$G/streams/KV_WF_LEASE/msgs/1.blk>, "\266\0\0\200\3\2\0\0\0\0\0\0E\2647C\27R\332\30:\0$KV.WF_LEA"..., 1067, 85137 <unfinished ...>
3316  1790834061.749435 <... pwrite64 resumed>) = 161 (DELAYED) <0.025012>
3316  1790834061.749751 --- SIGURG {si_signo=SIGURG, si_code=SI_TKILL, si_pid=3265, si_uid=1001} ---
3316  1790834061.749982 pwrite64(21</tmp/TestMixedWorkflowsRecoverFromFourServerFaults874006668/001/node-1/jetstream/$SYS/_js_/S-R3F-G9FrvoEG/msgs/2.blk>, "\224\0\0\0\230\0\0\0\0\0\0\0\2121FF\27R\332\30\0\0St9I6EVH\3\0"..., 148, 41430 <unfinished ...>
3317  1790834061.751032 newfstatat(AT_FDCWD</home/runner/work/js-wf/js-wf/integration>, "/tmp/TestMixedWorkflowsRecoverFromFourServerFaults874006668/001/node-1/jetstream/$G/streams/WF_RUN/obs/WF_P_27/o.dat", {st_mode=S_IFREG|0600, st_size=18, ...}, AT_SYMLINK_NOFOLLOW) = 0 <0.000029>
3317  1790834061.751154 renameat(AT_FDCWD</home/runner/work/js-wf/js-wf/integration>, "/tmp/TestMixedWorkflowsRecoverFromFourServerFaults874006668/001/node-1/jetstream/$G/streams/WF_RUN/obs/WF_P_27/o.dat.tmp", AT_FDCWD</home/runner/work/js-wf/js-wf/integration>, "/tmp/TestMixedWorkflowsRecoverFromFourServerFaults874006668/001/node-1/jetstream/$G/streams/WF_RUN/obs/WF_P_27/o.dat") = 0 <0.000306>
3271  1790834061.755758 <... pwrite64 resumed>) = 797 (DELAYED) <0.025021>
3314  1790834061.756649 <... pwrite64 resumed>) = 1067 (DELAYED) <0.025026>
3271  1790834061.758198 pwrite64(30</tmp/TestMixedWorkflowsRecoverFromFourServerFaults874006668/001/node-1/jetstream/$G/streams/KV_WF_LEASE/msgs/1.blk>, "\266\0\0\200\t\2\0\0\0\0\0\0\263\305\35E\27R\332\30:\0$KV.WF_LEA"..., 364, 86204 <unfinished ...>
3314  1790834061.762026 pwrite64(24</tmp/TestMixedWorkflowsRecoverFromFourServerFaults874006668/001/node-1/jetstream/$G/streams/WF_JRN/msgs/1.blk>, "3\1\0\200\366\0\0\0\0\0\0\0005\327\332F\27R\332\0304\0wf.jrn.mix"..., 614, 66825 <unfinished ...>
3316  1790834061.775036 <... pwrite64 resumed>) = 148 (DELAYED) <0.025020>
3317  1790834061.777406 pwrite64(22</tmp/TestMixedWorkflowsRecoverFromFourServerFaults874006668/001/node-1/jetstream/$G/streams/WF_RUN/msgs/1.blk>, "\36\0\0\0*\0\0\0\0\0\0@~\36\0!\23R\332\30\0\0X\366\302\241\3238`\362", 30, 24764 <unfinished ...>
3271  1790834061.783252 <... pwrite64 resumed>) = 364 (DELAYED) <0.025024>
3316  1790834061.784460 pwrite64(30</tmp/TestMixedWorkflowsRecoverFromFourServerFaults874006668/001/node-1/jetstream/$G/streams/KV_WF_LEASE/msgs/1.blk>, "\237\0\0\200\v\2\0\0\0\0\0\0}\32\257F\27R\332\30#\0$KV.WF_LEA"..., 159, 86568 <unfinished ...>
3314  1790834061.787073 <... pwrite64 resumed>) = 614 (DELAYED) <0.025007>
3314  1790834061.790623 pwrite64(24</tmp/TestMixedWorkflowsRecoverFromFourServerFaults874006668/001/node-1/jetstream/$G/streams/WF_JRN/msgs/1.blk>, ">\1\0\200\370\0\0\0\0\0\0\0s\353\220H\27R\332\30\35\0wf.jrn.mix"..., 318, 67439 <unfinished ...>
3317  1790834061.802501 <... pwrite64 resumed>) = 30 (DELAYED) <0.025064>
3316  1790834061.809523 <... pwrite64 resumed>) = 159 (DELAYED) <0.025035>
3319  1790834061.813763 pwrite64(39</tmp/TestMixedWorkflowsRecoverFromFourServerFaults874006668/001/node-1/jetstream/$SYS/_js_/C-R3F-7OjMKAQS/msgs/1.blk>, "l\0\0\0 \0\0\0\0\0\0\0\5\2\24J\27R\332\30\0\0St9I6EVH\3\0"..., 108, 3485 <unfinished ...>
3314  1790834061.815724 <... pwrite64 resumed>) = 318 (DELAYED) <0.025064>
3316  1790834061.817570 pwrite64(30</tmp/TestMixedWorkflowsRecoverFromFourServerFaults874006668/001/node-1/jetstream/$G/streams/KV_WF_LEASE/msgs/1.blk>, "\271\0\0\200\f\2\0\0\0\0\0\0\23KFH\27R\332\30?\0$KV.WF_LEA"..., 1629, 86727 <unfinished ...>
3314  1790834061.820202 pwrite64(24</tmp/TestMixedWorkflowsRecoverFromFourServerFaults874006668/001/node-1/jetstream/$G/streams/WF_JRN/msgs/1.blk>, "~\1\0\200\371\0\0\0\0\0\0\0lAMJ\27R\332\0304\0wf.jrn.mix"..., 1565, 67757 <unfinished ...>
3319  1790834061.838837 <... pwrite64 resumed>) = 108 (DELAYED) <0.025032>
3319  1790834061.839057 pwrite64(39</tmp/TestMixedWorkflowsRecoverFromFourServerFaults874006668/001/node-1/jetstream/$SYS/_js_/C-R3F-7OjMKAQS/msgs/1.blk>, "z\0\0\0!\0\0\0\0\0\0\0\255\345\225K\27R\332\30\0\0St9I6EVH\3\0"..., 122, 3593 <unfinished ...>
3316  1790834061.842633 <... pwrite64 resumed>) = 1629 (DELAYED) <0.025033>
3317  1790834061.845174 pwrite64(30</tmp/TestMixedWorkflowsRecoverFromFourServerFaults874006668/001/node-1/jetstream/$G/streams/KV_WF_LEASE/msgs/1.blk>, "\273\0\0\200\25\2\0\0\0\0\0\0\225\267\316K\27R\332\30?\0$KV.WF_LEA"..., 1074, 88356 <unfinished ...>
3314  1790834061.845316 <... pwrite64 resumed>) = 1565 (DELAYED) <0.025075>
3318  1790834061.848716 pwrite64(24</tmp/TestMixedWorkflowsRecoverFromFourServerFaults874006668/001/node-1/jetstream/$G/streams/WF_JRN/msgs/1.blk>, "\321\0\0\200\376\0\0\0\0\0\0\0\323\313\tL\27R\332\309\0wf.jrn.mix"..., 1519, 69322 <unfinished ...>
3314  1790834061.849422 pwrite64(31</tmp/TestMixedWorkflowsRecoverFromFourServerFaults874006668/001/node-1/jetstream/$SYS/_js_/S-R3F-OEyp3t6z/msgs/2.blk>, "\357\1\0\0\25\0\0\0\0\0\0\0\210\2543L\27R\332\30\0\0000WED9nmv\2\0"..., 495, 5370 <unfinished ...>
3271  1790834061.852530 newfstatat(AT_FDCWD</home/runner/work/js-wf/js-wf/integration>, "/tmp/TestMixedWorkflowsRecoverFromFourServerFaults874006668/001/node-1/jetstream/$G/streams/WF_RUN/obs/WF_P_27/o.dat", {st_mode=S_IFREG|0600, st_size=8, ...}, AT_SYMLINK_NOFOLLOW) = 0 <0.000055>
3271  1790834061.852710 renameat(AT_FDCWD</home/runner/work/js-wf/js-wf/integration>, "/tmp/TestMixedWorkflowsRecoverFromFourServerFaults874006668/001/node-1/jetstream/$G/streams/WF_RUN/obs/WF_P_27/o.dat.tmp", AT_FDCWD</home/runner/work/js-wf/js-wf/integration>, "/tmp/TestMixedWorkflowsRecoverFromFourServerFaults874006668/001/node-1/jetstream/$G/streams/WF_RUN/obs/WF_P_27/o.dat") = 0 <0.000341>
3319  1790834061.864129 <... pwrite64 resumed>) = 122 (DELAYED) <0.025044>
3319  1790834061.865895 newfstatat(AT_FDCWD</home/runner/work/js-wf/js-wf/integration>, "/tmp/TestMixedWorkflowsRecoverFromFourServerFaults874006668/001/node-1/jetstream/$G/streams/WF_RUN/obs/WF_P_18/o.dat", {st_mode=S_IFREG|0600, st_size=8, ...}, AT_SYMLINK_NOFOLLOW) = 0 <0.000030>
3319  1790834061.865989 renameat(AT_FDCWD</home/runner/work/js-wf/js-wf/integration>, "/tmp/TestMixedWorkflowsRecoverFromFourServerFaults874006668/001/node-1/jetstream/$G/streams/WF_RUN/obs/WF_P_18/o.dat.tmp", AT_FDCWD</home/runner/work/js-wf/js-wf/integration>, "/tmp/TestMixedWorkflowsRecoverFromFourServerFaults874006668/001/node-1/jetstream/$G/streams/WF_RUN/obs/WF_P_18/o.dat") = 0 <0.000169>
3317  1790834061.870243 <... pwrite64 resumed>) = 1074 (DELAYED) <0.025035>
3319  1790834061.872685 pwrite64(30</tmp/TestMixedWorkflowsRecoverFromFourServerFaults874006668/001/node-1/jetstream/$G/streams/KV_WF_LEASE/msgs/1.blk>, "\266\0\0\200\33\2\0\0\0\0\0\0\34\365tM\27R\332\30:\0$KV.WF_LEA"..., 528, 89430 <unfinished ...>
3318  1790834061.873775 <... pwrite64 resumed>) = 1519 (DELAYED) <0.025020>
3314  1790834061.874563 <... pwrite64 resumed>) = 495 (DELAYED) <0.025090>
3316  1790834061.876564 pwrite64(32</tmp/TestMixedWorkflowsRecoverFromFourServerFaults874006668/001/node-1/jetstream/$G/streams/KV_WF_STATE/msgs/1.blk>, "\256\0\0\200\25\0\0\0\0\0\0\0VW%L\27R\332\30:\0$KV.WF_STA"..., 348, 3174 <unfinished ...>
3318  1790834061.878916 pwrite64(31</tmp/TestMixedWorkflowsRecoverFromFourServerFaults874006668/001/node-1/jetstream/$SYS/_js_/S-R3F-OEyp3t6z/msgs/2.blk>, "\34\1\0\0\26\0\0\0\0\0\0\08\267\365M\27R\332\30\0\0000WED9nmv\2\0"..., 284, 5865 <unfinished ...>
3314  1790834061.880138 pwrite64(21</tmp/TestMixedWorkflowsRecoverFromFourServerFaults874006668/001/node-1/jetstream/$SYS/_js_/S-R3F-G9FrvoEG/msgs/2.blk>, "k\1\0\0\231\0\0\0\0\0\0\0 \250\10N\27R\332\30\0\0St9I6EVH\3\0"..., 363, 41578 <unfinished ...>
3271  1790834061.881229 pwrite64(26</tmp/TestMixedWorkflowsRecoverFromFourServerFaults874006668/001/node-1/jetstream/$G/streams/WF_SIG/msgs/1.blk>, "R\1\0\200+\0\0\0\0\0\0\0\234\312\353M\27R\332\30%\0wf.sig.mix"..., 676, 11596 <unfinished ...>
3303  1790834061.884627 pwrite64(24</tmp/TestMixedWorkflowsRecoverFromFourServerFaults874006668/001/node-1/jetstream/$G/streams/WF_JRN/msgs/1.blk>, "|\1\0\200\4\1\0\0\0\0\0\0\300\250\300M\27R\332\309\0wf.jrn.mix"..., 949, 70841 <unfinished ...>
3319  1790834061.897764 <... pwrite64 resumed>) = 528 (DELAYED) <0.025050>
3319  1790834061.898024 --- SIGURG {si_signo=SIGURG, si_code=SI_TKILL, si_pid=3265, si_uid=1001} ---
3319  1790834061.898436 --- SIGURG {si_signo=SIGURG, si_code=SI_TKILL, si_pid=3265, si_uid=1001} ---
3319  1790834061.900524 pwrite64(30</tmp/TestMixedWorkflowsRecoverFromFourServerFaults874006668/001/node-1/jetstream/$G/streams/KV_WF_LEASE/msgs/1.blk>, "\252\0\0\200\36\2\0\0\0\0\0\0\221\"\31O\27R\332\30?\0$KV.WF_LEA"..., 681, 89958 <unfinished ...>
3320  1790834061.900579 pwrite64(44</tmp/TestMixedWorkflowsRecoverFromFourServerFaults874006668/001/node-1/jetstream/$SYS/_js_/C-R3F-0AOoyDir/msgs/1.blk>, "l\0\0\0\16\0\0\0\0\0\0\0Lx@O\27R\332\30\0\0St9I6EVH\3\0"..., 108, 1423 <unfinished ...>
3315  1790834061.900636 pwrite64(53</tmp/TestMixedWorkflowsRecoverFromFourServerFaults874006668/001/node-1/jetstream/$SYS/_js_/C-R3F-SvU2CKnb/msgs/1.blk>, "l\0\0\0#\0\0\0\0\0\0\0\201yAO\27R\332\30\0\0St9I6EVH\3\0"..., 108, 3676 <unfinished ...>
3316  1790834061.901641 <... pwrite64 resumed>) = 348 (DELAYED) <0.025041>
3318  1790834061.903979 <... pwrite64 resumed>) = 284 (DELAYED) <0.025033>
3314  1790834061.905300 <... pwrite64 resumed>) = 363 (DELAYED) <0.025134>
3318  1790834061.906285 pwrite64(32</tmp/TestMixedWorkflowsRecoverFromFourServerFaults874006668/001/node-1/jetstream/$G/streams/KV_WF_STATE/msgs/1.blk>, "\256\0\0\200\27\0\0\0\0\0\0\0Zo\357M\27R\332\30:\0$KV.WF_STA"..., 174, 3522 <unfinished ...>
3314  1790834061.906396 pwrite64(46</tmp/TestMixedWorkflowsRecoverFromFourServerFaults874006668/001/node-1/jetstream/$SYS/_js_/C-R3F-mMm2NIUQ/msgs/1.blk>, "\177\0\0\0\30\0\0\0\0\0\0\0\252\301\227O\27R\332\30\0\0St9I6EVH\3\0"..., 127, 2411 <unfinished ...>
3316  1790834061.907811 pwrite64(22</tmp/TestMixedWorkflowsRecoverFromFourServerFaults874006668/001/node-1/jetstream/$G/streams/WF_RUN/msgs/1.blk>, "l\0\0\200\203\0\0\0\0\0\0\0\1y\10N\27R\332\30\t\0wf.run.55+"..., 216, 24794 <unfinished ...>
3303  1790834061.931369 <... pwrite64 resumed>) = 949 (DELAYED) <0.046716>
3271  1790834061.931430 <... pwrite64 resumed>) = 676 (DELAYED) <0.050177>
3318  1790834061.931447 <... pwrite64 resumed>) = 174 (DELAYED) <0.025127>
3320  1790834061.931487 <... pwrite64 resumed>) = 108 (DELAYED) <0.030879>
3319  1790834061.931505 <... pwrite64 resumed>) = 681 (DELAYED) <0.030953>
3315  1790834061.931528 <... pwrite64 resumed>) = 108 (DELAYED) <0.030874>
3315  1790834061.931599 --- SIGURG {si_signo=SIGURG, si_code=SI_TKILL, si_pid=3265, si_uid=1001} ---
3314  1790834061.931627 <... pwrite64 resumed>) = 127 (DELAYED) <0.025197>
3288  1790834061.931847 pwrite64(44</tmp/TestMixedWorkflowsRecoverFromFourServerFaults874006668/001/node-1/jetstream/$SYS/_js_/C-R3F-0AOoyDir/msgs/1.blk>, "\206\0\0\0\17\0\0\0\0\0\0\0\212\232\35Q\27R\332\30\0\0St9I6EVH\3\0"..., 134, 1531 <unfinished ...>
3303  1790834061.931985 --- SIGURG {si_signo=SIGURG, si_code=SI_TKILL, si_pid=3265, si_uid=1001} ---
3271  1790834061.932205 pwrite64(53</tmp/TestMixedWorkflowsRecoverFromFourServerFaults874006668/001/node-1/jetstream/$SYS/_js_/C-R3F-SvU2CKnb/msgs/1.blk>, "R\0\0\0$\0\0\0\0\0\0\0p\327\"Q\27R\332\30\0\0St9I6EVH\3\0"..., 82, 3784 <unfinished ...>
3316  1790834061.933049 <... pwrite64 resumed>) = 216 (DELAYED) <0.025200>
3303  1790834061.933873 pwrite64(26</tmp/TestMixedWorkflowsRecoverFromFourServerFaults874006668/001/node-1/jetstream/$G/streams/WF_SIG/msgs/1.blk>, "R\1\0\200-\0\0\0\0\0\0\0003\0\253O\27R\332\30%\0wf.sig.mix"..., 338, 12272 <unfinished ...>
3315  1790834061.934320 pwrite64(21</tmp/TestMixedWorkflowsRecoverFromFourServerFaults874006668/001/node-1/jetstream/$SYS/_js_/S-R3F-G9FrvoEG/msgs/2.blk>, "\332\0\0\0\232\0\0\0\0\0\0\0T4CQ\27R\332\30\0\0St9I6EVH\3\0"..., 218, 41941 <unfinished ...>
3314  1790834061.934402 newfstatat(AT_FDCWD</home/runner/work/js-wf/js-wf/integration>, "/tmp/TestMixedWorkflowsRecoverFromFourServerFaults874006668/001/node-1/jetstream/$G/streams/WF_RUN/obs/WF_P_55/o.dat", {st_mode=S_IFREG|0600, st_size=9, ...}, AT_SYMLINK_NOFOLLOW) = 0 <0.000060>
3314  1790834061.934558 renameat(AT_FDCWD</home/runner/work/js-wf/js-wf/integration>, "/tmp/TestMixedWorkflowsRecoverFromFourServerFaults874006668/001/node-1/jetstream/$G/streams/WF_RUN/obs/WF_P_55/o.dat.tmp", AT_FDCWD</home/runner/work/js-wf/js-wf/integration>, "/tmp/TestMixedWorkflowsRecoverFromFourServerFaults874006668/001/node-1/jetstream/$G/streams/WF_RUN/obs/WF_P_55/o.dat") = 0 <0.000348>
3319  1790834061.936495 pwrite64(24</tmp/TestMixedWorkflowsRecoverFromFourServerFaults874006668/001/node-1/jetstream/$G/streams/WF_JRN/msgs/1.blk>, "\360\0\0\200\7\1\0\0\0\0\0\0ujEQ\27R\332\309\0wf.jrn.mix"..., 559, 71790 <unfinished ...>
3316  1790834061.936877 pwrite64(50</tmp/TestMixedWorkflowsRecoverFromFourServerFaults874006668/001/node-1/jetstream/$SYS/_js_/C-R3F-JHDR9qaz/msgs/1.blk>, "l\0\0\0\n\0\0\0\0\0\0\0\304YjQ\27R\332\30\0\0St9I6EVH\3\0"..., 108, 982 <unfinished ...>
3318  1790834061.937434 pwrite64(49</tmp/TestMixedWorkflowsRecoverFromFourServerFaults874006668/001/node-1/jetstream/$SYS/_js_/C-R3F-JVHEu4zR/msgs/1.blk>, "Q\0\0\0#\0\0\0\0\0\0\0p*rQ\27R\332\30\0\0St9I6EVH\3\0"..., 81, 3661 <unfinished ...>
3285  1790834061.943544 pwrite64(30</tmp/TestMixedWorkflowsRecoverFromFourServerFaults874006668/001/node-1/jetstream/$G/streams/KV_WF_LEASE/msgs/1.blk>, "\245\0\0\200\"\2\0\0\0\0\0\0\221\3166Q\27R\332\30:\0$KV.WF_LEA"..., 833, 90639 <unfinished ...>
3288  1790834061.956931 <... pwrite64 resumed>) = 134 (DELAYED) <0.025044>
3288  1790834061.957201 --- SIGURG {si_signo=SIGURG, si_code=SI_TKILL, si_pid=3265, si_uid=1001} ---
3271  1790834061.957269 <... pwrite64 resumed>) = 82 (DELAYED) <0.025034>
3303  1790834061.958956 <... pwrite64 resumed>) = 338 (DELAYED) <0.025045>
3317  1790834061.959322 newfstatat(AT_FDCWD</home/runner/work/js-wf/js-wf/integration>, "/tmp/TestMixedWorkflowsRecoverFromFourServerFaults874006668/001/node-1/jetstream/$G/streams/WF_RUN/obs/WF_P_63/o.dat", {st_mode=S_IFREG|0600, st_size=17, ...}, AT_SYMLINK_NOFOLLOW) = 0 <0.000029>
3317  1790834061.959454 renameat(AT_FDCWD</home/runner/work/js-wf/js-wf/integration>, "/tmp/TestMixedWorkflowsRecoverFromFourServerFaults874006668/001/node-1/jetstream/$G/streams/WF_RUN/obs/WF_P_63/o.dat.tmp", AT_FDCWD</home/runner/work/js-wf/js-wf/integration>, "/tmp/TestMixedWorkflowsRecoverFromFourServerFaults874006668/001/node-1/jetstream/$G/streams/WF_RUN/obs/WF_P_63/o.dat" <unfinished ...>
3315  1790834061.959528 <... pwrite64 resumed>) = 218 (DELAYED) <0.025160>
3288  1790834061.959575 newfstatat(AT_FDCWD</home/runner/work/js-wf/js-wf/integration>, "/tmp/TestMixedWorkflowsRecoverFromFourServerFaults874006668/001/node-1/jetstream/$G/streams/WF_RUN/obs/WF_P_27/o.dat", {st_mode=S_IFREG|0600, st_size=16, ...}, AT_SYMLINK_NOFOLLOW) = 0 <0.000018>
3288  1790834061.959701 renameat(AT_FDCWD</home/runner/work/js-wf/js-wf/integration>, "/tmp/TestMixedWorkflowsRecoverFromFourServerFaults874006668/001/node-1/jetstream/$G/streams/WF_RUN/obs/WF_P_27/o.dat.tmp", AT_FDCWD</home/runner/work/js-wf/js-wf/integration>, "/tmp/TestMixedWorkflowsRecoverFromFourServerFaults874006668/001/node-1/jetstream/$G/streams/WF_RUN/obs/WF_P_27/o.dat" <unfinished ...>
3317  1790834061.959740 <... renameat resumed>) = 0 <0.000248>
3320  1790834061.959806 pwrite64(21</tmp/TestMixedWorkflowsRecoverFromFourServerFaults874006668/001/node-1/jetstream/$SYS/_js_/S-R3F-G9FrvoEG/msgs/2.blk>, "\340\0\0\0\233\0\0\0\0\0\0\0\300h\310R\27R\332\30\0\0St9I6EVH\3\0"..., 224, 42159 <unfinished ...>
3288  1790834061.959969 <... renameat resumed>) = 0 <0.000239>
3319  1790834061.961545 <... pwrite64 resumed>) = 559 (DELAYED) <0.025016>
3316  1790834061.961956 <... pwrite64 resumed>) = 108 (DELAYED) <0.025044>
3316  1790834061.962123 pwrite64(50</tmp/TestMixedWorkflowsRecoverFromFourServerFaults874006668/001/node-1/jetstream/$SYS/_js_/C-R3F-JHDR9qaz/msgs/1.blk>, "\206\0\0\0\v\0\0\0\0\0\0\0\264\236\353R\27R\332\30\0\0St9I6EVH\3\0"..., 134, 1090 <unfinished ...>
3318  1790834061.962574 <... pwrite64 resumed>) = 81 (DELAYED) <0.025109>
3318  1790834061.962669 pwrite64(49</tmp/TestMixedWorkflowsRecoverFromFourServerFaults874006668/001/node-1/jetstream/$SYS/_js_/C-R3F-JVHEu4zR/msgs/1.blk>, "\241\0\0\0$\0\0\0\0\0\0\0\26\246\363R\27R\332\30\0\0St9I6EVH\3\0"..., 161, 3742 <unfinished ...>
3315  1790834061.964441 pwrite64(31</tmp/TestMixedWorkflowsRecoverFromFourServerFaults874006668/001/node-1/jetstream/$SYS/_js_/S-R3F-OEyp3t6z/msgs/2.blk>, "!\1\0\0\27\0\0\0\0\0\0\0\216\313\16S\27R\332\30\0\0000WED9nmv\2\0"..., 289, 6149 <unfinished ...>
3319  1790834061.964699 pwrite64(24</tmp/TestMixedWorkflowsRecoverFromFourServerFaults874006668/001/node-1/jetstream/$G/streams/WF_JRN/msgs/1.blk>, "\376\0\0\200\t\1\0\0\0\0\0\0\263\255\361R\27R\332\309\0wf.jrn.mix"..., 254, 72349 <unfinished ...>
3285  1790834061.968594 <... pwrite64 resumed>) = 833 (DELAYED) <0.025017>
3303  1790834061.977414 pwrite64(30</tmp/TestMixedWorkflowsRecoverFromFourServerFaults874006668/001/node-1/jetstream/$G/streams/KV_WF_LEASE/msgs/1.blk>, "\237\0\0\200'\2\0\0\0\0\0\0\247\207OS\27R\332\30#\0$KV.WF_LEA"..., 475, 91472 <unfinished ...>
3320  1790834061.984962 <... pwrite64 resumed>) = 224 (DELAYED) <0.025129>
3316  1790834061.987194 <... pwrite64 resumed>) = 134 (DELAYED) <0.025040>
3318  1790834061.987767 <... pwrite64 resumed>) = 161 (DELAYED) <0.025049>
3318  1790834061.987874 pwrite64(21</tmp/TestMixedWorkflowsRecoverFromFourServerFaults874006668/001/node-1/jetstream/$SYS/_js_/S-R3F-G9FrvoEG/msgs/2.blk>, "\224\0\0\0\234\0\0\0\0\0\0\0004\271tT\27R\332\30\0\0St9I6EVH\3\0"..., 148, 42383 <unfinished ...>
3316  1790834061.988792 newfstatat(AT_FDCWD</home/runner/work/js-wf/js-wf/integration>, "/tmp/TestMixedWorkflowsRecoverFromFourServerFaults874006668/001/node-1/jetstream/$G/streams/WF_RUN/obs/WF_P_51/o.dat", {st_mode=S_IFREG|0600, st_size=16, ...}, AT_SYMLINK_NOFOLLOW) = 0 <0.000046>
3316  1790834061.988901 renameat(AT_FDCWD</home/runner/work/js-wf/js-wf/integration>, "/tmp/TestMixedWorkflowsRecoverFromFourServerFaults874006668/001/node-1/jetstream/$G/streams/WF_RUN/obs/WF_P_51/o.dat.tmp", AT_FDCWD</home/runner/work/js-wf/js-wf/integration>, "/tmp/TestMixedWorkflowsRecoverFromFourServerFaults874006668/001/node-1/jetstream/$G/streams/WF_RUN/obs/WF_P_51/o.dat" <unfinished ...>
3285  1790834061.988977 pwrite64(22</tmp/TestMixedWorkflowsRecoverFromFourServerFaults874006668/001/node-1/jetstream/$G/streams/WF_RUN/msgs/1.blk>, "l\0\0\200\205\0\0\0\0\0\0\0\322\rCQ\27R\332\30\t\0wf.run.55+"..., 168, 25010 <unfinished ...>
3316  1790834061.989093 <... renameat resumed>) = 0 <0.000171>
3314  1790834061.989134 newfstatat(AT_FDCWD</home/runner/work/js-wf/js-wf/integration>, "/tmp/TestMixedWorkflowsRecoverFromFourServerFaults874006668/001/node-1/jetstream/$G/streams/WF_RUN/obs/WF_P_15/o.dat", {st_mode=S_IFREG|0600, st_size=16, ...}, AT_SYMLINK_NOFOLLOW) = 0 <0.000062>
3314  1790834061.989288 renameat(AT_FDCWD</home/runner/work/js-wf/js-wf/integration>, "/tmp/TestMixedWorkflowsRecoverFromFourServerFaults874006668/001/node-1/jetstream/$G/streams/WF_RUN/obs/WF_P_15/o.dat.tmp", AT_FDCWD</home/runner/work/js-wf/js-wf/integration>, "/tmp/TestMixedWorkflowsRecoverFromFourServerFaults874006668/001/node-1/jetstream/$G/streams/WF_RUN/obs/WF_P_15/o.dat") = 0 <0.000212>
3315  1790834061.989564 <... pwrite64 resumed>) = 289 (DELAYED) <0.025087>
3319  1790834061.989778 <... pwrite64 resumed>) = 254 (DELAYED) <0.025052>
3320  1790834061.991793 pwrite64(32</tmp/TestMixedWorkflowsRecoverFromFourServerFaults874006668/001/node-1/jetstream/$G/streams/KV_WF_STATE/msgs/1.blk>, "\263\0\0\200\30\0\0\0\0\0\0\0\241a\6S\27R\332\30?\0$KV.WF_STA"..., 179, 3696 <unfinished ...>
3315  1790834061.993291 pwrite64(24</tmp/TestMixedWorkflowsRecoverFromFourServerFaults874006668/001/node-1/jetstream/$G/streams/WF_JRN/msgs/1.blk>, "?\1\0\200\n\1\0\0\0\0\0\0\263s\246T\27R\332\30\35\0wf.jrn.mix"..., 319, 72603 <unfinished ...>
3314  1790834061.995299 pwrite64(26</tmp/TestMixedWorkflowsRecoverFromFourServerFaults874006668/001/node-1/jetstream/$G/streams/WF_SIG/msgs/1.blk>, "\200\1\0\200.\0\0\0\0\0\0\0\257\200\303T\27R\332\30<\0wf.sig.mix"..., 384, 12610 <unfinished ...>
3303  1790834062.002548 <... pwrite64 resumed>) = 475 (DELAYED) <0.025105>
3319  1790834062.004733 pwrite64(42</tmp/TestMixedWorkflowsRecoverFromFourServerFaults874006668/001/node-1/jetstream/$SYS/_js_/C-R3F-Fspi1V4u/msgs/1.blk>, "R\0\0\0'\0\0\0\0\0\0\0\303}uU\27R\332\30\0\0St9I6EVH\2\0"..., 82, 4364 <unfinished ...>
3288  1790834062.012262 pwrite64(30</tmp/TestMixedWorkflowsRecoverFromFourServerFaults874006668/001/node-1/jetstream/$G/streams/KV_WF_LEASE/msgs/1.blk>, "\245\0\0\200*\2\0\0\0\0\0\0u\325VU\27R\332\30:\0$KV.WF_LEA"..., 686, 91947 <unfinished ...>
3318  1790834062.012926 <... pwrite64 resumed>) = 148 (DELAYED) <0.025019>
3316  1790834062.013210 pwrite64(21</tmp/TestMixedWorkflowsRecoverFromFourServerFaults874006668/001/node-1/jetstream/$SYS/_js_/S-R3F-G9FrvoEG/msgs/2.blk>, "<\1\0\0\235\0\0\0\0\0\0\0\264\21\366U\27R\332\30\0\0St9I6EVH\3\0"..., 316, 42531 <unfinished ...>
3285  1790834062.014076 <... pwrite64 resumed>) = 168 (DELAYED) <0.025076>
3320  1790834062.016849 <... pwrite64 resumed>) = 179 (DELAYED) <0.024999>
3315  1790834062.018344 <... pwrite64 resumed>) = 319 (DELAYED) <0.025020>
3314  1790834062.020401 <... pwrite64 resumed>) = 384 (DELAYED) <0.025074>
3285  1790834062.022014 pwrite64(24</tmp/TestMixedWorkflowsRecoverFromFourServerFaults874006668/001/node-1/jetstream/$G/streams/WF_JRN/msgs/1.blk>, "?\1\0\200\v\1\0\0\0\0\0\0<m]V\27R\332\30\35\0wf.jrn.mix"..., 319, 72922 <unfinished ...>
3319  1790834062.029813 <... pwrite64 resumed>) = 82 (DELAYED) <0.025045>
3319  1790834062.029991 pwrite64(42</tmp/TestMixedWorkflowsRecoverFromFourServerFaults874006668/001/node-1/jetstream/$SYS/_js_/C-R3F-Fspi1V4u/msgs/1.blk>, "z\0\0\0(\0\0\0\0\0\0\0 \4\367V\27R\332\30\0\0St9I6EVH\2\0"..., 122, 4446 <unfinished ...>
3288  1790834062.037348 <... pwrite64 resumed>) = 686 (DELAYED) <0.025056>
3316  1790834062.038377 <... pwrite64 resumed>) = 316 (DELAYED) <0.025136>
3316  1790834062.039221 pwrite64(51</tmp/TestMixedWorkflowsRecoverFromFourServerFaults874006668/001/node-1/jetstream/$SYS/_js_/C-R3F-tOdRrkzy/msgs/1.blk>, "\177\0\0\0,\0\0\0\0\0\0\0\36\305\203W\27R\332\30\0\0St9I6EVH\3\0"..., 127, 4630 <unfinished ...>
3320  1790834062.040368 pwrite64(30</tmp/TestMixedWorkflowsRecoverFromFourServerFaults874006668/001/node-1/jetstream/$G/streams/KV_WF_LEASE/msgs/1.blk>, "\237\0\0\200.\2\0\0\0\0\0\0\220IkW\27R\332\30#\0$KV.WF_LEA"..., 318, 92633 <unfinished ...>
3288  1790834062.042986 pwrite64(22</tmp/TestMixedWorkflowsRecoverFromFourServerFaults874006668/001/node-1/jetstream/$G/streams/WF_RUN/msgs/1.blk>, "\36\0\0\0b\0\0\0\0\0\0@\2\256\37\315\26R\332\30\0\0\177\216[9\22\375.\257\36\0"..., 191, 25178 <unfinished ...>
3285  1790834062.047152 <... pwrite64 resumed>) = 319 (DELAYED) <0.025088>
3318  1790834062.051207 pwrite64(24</tmp/TestMixedWorkflowsRecoverFromFourServerFaults874006668/001/node-1/jetstream/$G/streams/WF_JRN/msgs/1.blk>, "<\1\0\200\f\1\0\0\0\0\0\0\372\315\26X\27R\332\30\35\0wf.jrn.mix"..., 635, 73241 <unfinished ...>
3319  1790834062.055046 <... pwrite64 resumed>) = 122 (DELAYED) <0.025027>
3319  1790834062.056024 newfstatat(AT_FDCWD</home/runner/work/js-wf/js-wf/integration>, "/tmp/TestMixedWorkflowsRecoverFromFourServerFaults874006668/001/node-1/jetstream/$G/streams/WF_RUN/obs/WF_P_00/o.dat", {st_mode=S_IFREG|0600, st_size=17, ...}, AT_SYMLINK_NOFOLLOW) = 0 <0.000047>
3319  1790834062.056149 renameat(AT_FDCWD</home/runner/work/js-wf/js-wf/integration>, "/tmp/TestMixedWorkflowsRecoverFromFourServerFaults874006668/001/node-1/jetstream/$G/streams/WF_RUN/obs/WF_P_00/o.dat.tmp", AT_FDCWD</home/runner/work/js-wf/js-wf/integration>, "/tmp/TestMixedWorkflowsRecoverFromFourServerFaults874006668/001/node-1/jetstream/$G/streams/WF_RUN/obs/WF_P_00/o.dat") = 0 <0.000295>
3319  1790834062.061648 newfstatat(AT_FDCWD</home/runner/work/js-wf/js-wf/integration>, "/tmp/TestMixedWorkflowsRecoverFromFourServerFaults874006668/001/node-1/jetstream/$G/streams/WF_RUN/obs/WF_P_27/o.dat", {st_mode=S_IFREG|0600, st_size=8, ...}, AT_SYMLINK_NOFOLLOW) = 0 <0.000030>
3319  1790834062.061732 renameat(AT_FDCWD</home/runner/work/js-wf/js-wf/integration>, "/tmp/TestMixedWorkflowsRecoverFromFourServerFaults874006668/001/node-1/jetstream/$G/streams/WF_RUN/obs/WF_P_27/o.dat.tmp", AT_FDCWD</home/runner/work/js-wf/js-wf/integration>, "/tmp/TestMixedWorkflowsRecoverFromFourServerFaults874006668/001/node-1/jetstream/$G/streams/WF_RUN/obs/WF_P_27/o.dat") = 0 <0.000163>
3316  1790834062.064270 <... pwrite64 resumed>) = 127 (DELAYED) <0.025010>
3320  1790834062.065567 <... pwrite64 resumed>) = 318 (DELAYED) <0.025161>
3315  1790834062.066734 newfstatat(AT_FDCWD</home/runner/work/js-wf/js-wf/integration>, "/tmp/TestMixedWorkflowsRecoverFromFourServerFaults874006668/001/node-1/jetstream/$G/streams/WF_RUN/obs/WF_P_33/o.dat", {st_mode=S_IFREG|0600, st_size=8, ...}, AT_SYMLINK_NOFOLLOW) = 0 <0.000060>
3315  1790834062.066887 renameat(AT_FDCWD</home/runner/work/js-wf/js-wf/integration>, "/tmp/TestMixedWorkflowsRecoverFromFourServerFaults874006668/001/node-1/jetstream/$G/streams/WF_RUN/obs/WF_P_33/o.dat.tmp", AT_FDCWD</home/runner/work/js-wf/js-wf/integration>, "/tmp/TestMixedWorkflowsRecoverFromFourServerFaults874006668/001/node-1/jetstream/$G/streams/WF_RUN/obs/WF_P_33/o.dat" <unfinished ...>
3320  1790834062.066934 pwrite64(30</tmp/TestMixedWorkflowsRecoverFromFourServerFaults874006668/001/node-1/jetstream/$G/streams/KV_WF_LEASE/msgs/1.blk>, "\264\0\0\2000\2\0\0\0\0\0\0000h{W\27R\332\30:\0$KV.WF_LEA"..., 180, 92951 <unfinished ...>
3315  1790834062.067159 <... renameat resumed>) = 0 <0.000245>
3288  1790834062.068069 <... pwrite64 resumed>) = 191 (DELAYED) <0.025055>
3319  1790834062.068477 pwrite64(21</tmp/TestMixedWorkflowsRecoverFromFourServerFaults874006668/001/node-1/jetstream/$SYS/_js_/S-R3F-G9FrvoEG/msgs/2.blk>, "\225\0\0\0\236\0\0\0\0\0\0\0\343DBY\27R\332\30\0\0St9I6EVH\3\0"..., 149, 42847 <unfinished ...>
3318  1790834062.076283 <... pwrite64 resumed>) = 635 (DELAYED) <0.025038>
3318  1790834062.090540 newfstatat(AT_FDCWD</home/runner/work/js-wf/js-wf/integration>, "/tmp/TestMixedWorkflowsRecoverFromFourServerFaults874006668/001/node-1/jetstream/$G/streams/WF_RUN/obs/WF_P_51/o.dat", {st_mode=S_IFREG|0600, st_size=8, ...}, AT_SYMLINK_NOFOLLOW) = 0 <0.000033>
3315  1790834062.090637 newfstatat(AT_FDCWD</home/runner/work/js-wf/js-wf/integration>, "/tmp/TestMixedWorkflowsRecoverFromFourServerFaults874006668/001/node-1/jetstream/$G/streams/WF_RUN/obs/WF_P_15/o.dat",  <unfinished ...>
3318  1790834062.090687 renameat(AT_FDCWD</home/runner/work/js-wf/js-wf/integration>, "/tmp/TestMixedWorkflowsRecoverFromFourServerFaults874006668/001/node-1/jetstream/$G/streams/WF_RUN/obs/WF_P_51/o.dat.tmp", AT_FDCWD</home/runner/work/js-wf/js-wf/integration>, "/tmp/TestMixedWorkflowsRecoverFromFourServerFaults874006668/001/node-1/jetstream/$G/streams/WF_RUN/obs/WF_P_51/o.dat" <unfinished ...>
3315  1790834062.090714 <... newfstatat resumed>{st_mode=S_IFREG|0600, st_size=8, ...}, AT_SYMLINK_NOFOLLOW) = 0 <0.000056>
3315  1790834062.090779 renameat(AT_FDCWD</home/runner/work/js-wf/js-wf/integration>, "/tmp/TestMixedWorkflowsRecoverFromFourServerFaults874006668/001/node-1/jetstream/$G/streams/WF_RUN/obs/WF_P_15/o.dat.tmp", AT_FDCWD</home/runner/work/js-wf/js-wf/integration>, "/tmp/TestMixedWorkflowsRecoverFromFourServerFaults874006668/001/node-1/jetstream/$G/streams/WF_RUN/obs/WF_P_15/o.dat" <unfinished ...>
3318  1790834062.090930 <... renameat resumed>) = 0 <0.000221>
3315  1790834062.091001 <... renameat resumed>) = 0 <0.000194>
3320  1790834062.092020 <... pwrite64 resumed>) = 180 (DELAYED) <0.025051>
3319  1790834062.093649 <... pwrite64 resumed>) = 149 (DELAYED) <0.025141>
3303  1790834062.095986 pwrite64(21</tmp/TestMixedWorkflowsRecoverFromFourServerFaults874006668/001/node-1/jetstream/$SYS/_js_/S-R3F-G9FrvoEG/msgs/2.blk>, "\224\0\0\0\237\0\0\0\0\0\0\0\220H\346Z\27R\332\30\0\0St9I6EVH\3\0"..., 148, 42996 <unfinished ...>
3316  1790834062.096760 pwrite64(22</tmp/TestMixedWorkflowsRecoverFromFourServerFaults874006668/001/node-1/jetstream/$G/streams/WF_RUN/msgs/1.blk>, "\36\0\0\0\202\0\0\0\0\0\0@}\3g>\27R\332\30\0\0\272c\1775S;\355\221", 30, 25369 <unfinished ...>
3320  1790834062.099942 pwrite64(24</tmp/TestMixedWorkflowsRecoverFromFourServerFaults874006668/001/node-1/jetstream/$G/streams/WF_JRN/msgs/1.blk>, "=\1\0\200\16\1\0\0\0\0\0\0.\202\357Z\27R\332\30\35\0wf.jrn.mix"..., 636, 73876 <unfinished ...>
3319  1790834062.100455 pwrite64(49</tmp/TestMixedWorkflowsRecoverFromFourServerFaults874006668/001/node-1/jetstream/$SYS/_js_/C-R3F-JVHEu4zR/msgs/1.blk>, "Q\0\0\0%\0\0\0\0\0\0\0b\27*[\27R\332\30\0\0St9I6EVH\3\0"..., 81, 3903 <unfinished ...>
3318  1790834062.109257 pwrite64(30</tmp/TestMixedWorkflowsRecoverFromFourServerFaults874006668/001/node-1/jetstream/$G/streams/KV_WF_LEASE/msgs/1.blk>, "\252\0\0\2001\2\0\0\0\0\0\0w\206\32Y\27R\332\30?\0$KV.WF_LEA"..., 2603, 93131 <unfinished ...>
3303  1790834062.121056 <... pwrite64 resumed>) = 148 (DELAYED) <0.025034>
3316  1790834062.121825 <... pwrite64 resumed>) = 30 (DELAYED) <0.025031>
3316  1790834062.123941 pwrite64(22</tmp/TestMixedWorkflowsRecoverFromFourServerFaults874006668/001/node-1/jetstream/$G/streams/WF_RUN/msgs/1.blk>, "\36\0\0\0-\0\0\0\0\0\0@N\v5)\23R\332\30\0\0#\324:\32\343\36Z=", 30, 25399 <unfinished ...>
3320  1790834062.125006 <... pwrite64 resumed>) = 636 (DELAYED) <0.025014>
3320  1790834062.125572 --- SIGURG {si_signo=SIGURG, si_code=SI_TKILL, si_pid=3265, si_uid=1001} ---
3319  1790834062.125649 <... pwrite64 resumed>) = 81 (DELAYED) <0.025141>
3319  1790834062.125855 pwrite64(49</tmp/TestMixedWorkflowsRecoverFromFourServerFaults874006668/001/node-1/jetstream/$SYS/_js_/C-R3F-JVHEu4zR/msgs/1.blk>, "\242\0\0\0&\0\0\0\0\0\0\0\265\236\255\\\27R\332\30\0\0St9I6EVH\3\0"..., 162, 3984 <unfinished ...>
3285  1790834062.126601 pwrite64(24</tmp/TestMixedWorkflowsRecoverFromFourServerFaults874006668/001/node-1/jetstream/$G/streams/WF_JRN/msgs/1.blk>, "h\1\0\200\20\1\0\0\0\0\0\0'\366\33[\27R\332\30\35\0wf.jrn.mix"..., 360, 74512 <unfinished ...>
3318  1790834062.134341 <... pwrite64 resumed>) = 2603 (DELAYED) <0.025053>
3314  1790834062.137294 pwrite64(30</tmp/TestMixedWorkflowsRecoverFromFourServerFaults874006668/001/node-1/jetstream/$G/streams/KV_WF_LEASE/msgs/1.blk>, "\237\0\0\200@\2\0\0\0\0\0\0\356\3272]\27R\332\30#\0$KV.WF_LEA"..., 346, 95734 <unfinished ...>
3316  1790834062.149009 <... pwrite64 resumed>) = 30 (DELAYED) <0.025039>
3319  1790834062.150924 <... pwrite64 resumed>) = 162 (DELAYED) <0.025036>
3319  1790834062.151178 pwrite64(21</tmp/TestMixedWorkflowsRecoverFromFourServerFaults874006668/001/node-1/jetstream/$SYS/_js_/S-R3F-G9FrvoEG/msgs/2.blk>, "\225\0\0\0\240\0\0\0\0\0\0\0KB0^\27R\332\30\0\0St9I6EVH\3\0"..., 149, 43144 <unfinished ...>
3285  1790834062.151663 <... pwrite64 resumed>) = 360 (DELAYED) <0.025026>
3303  1790834062.153151 --- SIGURG {si_signo=SIGURG, si_code=SI_TKILL, si_pid=3265, si_uid=1001} ---
3316  1790834062.153251 --- SIGURG {si_signo=SIGURG, si_code=SI_TKILL, si_pid=3265, si_uid=1001} ---
3303  1790834062.153849 pwrite64(24</tmp/TestMixedWorkflowsRecoverFromFourServerFaults874006668/001/node-1/jetstream/$G/streams/WF_JRN/msgs/1.blk>, "\321\0\0\200\21\1\0\0\0\0\0\0001\235\304\\\27R\332\309\0wf.jrn.mix"..., 209, 74872 <unfinished ...>
3320  1790834062.156408 --- SIGURG {si_signo=SIGURG, si_code=SI_TKILL, si_pid=3265, si_uid=1001} ---
3318  1790834062.157475 newfstatat(AT_FDCWD</home/runner/work/js-wf/js-wf/integration>, "/tmp/TestMixedWorkflowsRecoverFromFourServerFaults874006668/001/node-1/jetstream/$G/streams/WF_RUN/obs/WF_P_00/o.dat", {st_mode=S_IFREG|0600, st_size=10, ...}, AT_SYMLINK_NOFOLLOW) = 0 <0.000032>
3318  1790834062.157598 renameat(AT_FDCWD</home/runner/work/js-wf/js-wf/integration>, "/tmp/TestMixedWorkflowsRecoverFromFourServerFaults874006668/001/node-1/jetstream/$G/streams/WF_RUN/obs/WF_P_00/o.dat.tmp", AT_FDCWD</home/runner/work/js-wf/js-wf/integration>, "/tmp/TestMixedWorkflowsRecoverFromFourServerFaults874006668/001/node-1/jetstream/$G/streams/WF_RUN/obs/WF_P_00/o.dat") = 0 <0.000207>
3314  1790834062.162344 <... pwrite64 resumed>) = 346 (DELAYED) <0.025013>
3288  1790834062.164985 pwrite64(30</tmp/TestMixedWorkflowsRecoverFromFourServerFaults874006668/001/node-1/jetstream/$G/streams/KV_WF_LEASE/msgs/1.blk>, "\273\0\0\200B\2\0\0\0\0\0\0UV\336^\27R\332\30?\0$KV.WF_LEA"..., 187, 96080 <unfinished ...>
3320  1790834062.171103 pwrite64(41</tmp/TestMixedWorkflowsRecoverFromFourServerFaults874006668/001/node-1/jetstream/$SYS/_js_/C-R3F-U2k39UyT/msgs/1.blk>, "z\0\0\0,\0\0\0\0\0\0\0\213\227`_\27R\332\30\0\0St9I6EVH\3\0"..., 122, 5079 <unfinished ...>
3319  1790834062.176270 <... pwrite64 resumed>) = 149 (DELAYED) <0.025069>
3319  1790834062.178802 pwrite64(22</tmp/TestMixedWorkflowsRecoverFromFourServerFaults874006668/001/node-1/jetstream/$G/streams/WF_RUN/msgs/1.blk>, "\36\0\0\0v\0\0\0\0\0\0@\377`\210\372\26R\332\30\0\0\274\264\317\267E\243\260*", 30, 25429 <unfinished ...>
3303  1790834062.178923 <... pwrite64 resumed>) = 209 (DELAYED) <0.025040>
3303  1790834062.181425 lseek(20</tmp/TestMixedWorkflowsRecoverFromFourServerFaults874006668/001/node-1/jetstream/$G/streams/WF_INV/msgs/1.blk>, 0, SEEK_SET) = 0 <0.000067>
3303  1790834062.181576 fstat(20</tmp/TestMixedWorkflowsRecoverFromFourServerFaults874006668/001/node-1/jetstream/$G/streams/WF_INV/msgs/1.blk>, {st_mode=S_IFREG|0600, st_size=8206, ...}) = 0 <0.000126>
3303  1790834062.182056 read(20</tmp/TestMixedWorkflowsRecoverFromFourServerFaults874006668/001/node-1/jetstream/$G/streams/WF_INV/msgs/1.blk>, "\306\0\0\200\1\0\0\0\0\0\0\0\317i+\24\23R\332\30\34\0wf.inv.mix"..., 8206) = 8206 <0.000200>
3303  1790834062.187865 pwrite64(24</tmp/TestMixedWorkflowsRecoverFromFourServerFaults874006668/001/node-1/jetstream/$G/streams/WF_JRN/msgs/1.blk>, "=\1\0\200\22\1\0\0\0\0\0\0004\230;^\27R\332\30\35\0wf.jrn.mix"..., 1585, 75081 <unfinished ...>
3288  1790834062.190043 <... pwrite64 resumed>) = 187 (DELAYED) <0.025031>
3288  1790834062.191971 newfstatat(AT_FDCWD</home/runner/work/js-wf/js-wf/integration>, "/tmp/TestMixedWorkflowsRecoverFromFourServerFaults874006668/001/node-1/jetstream/$G/streams/WF_RUN/obs/WF_P_51/o.dat", {st_mode=S_IFREG|0600, st_size=16, ...}, AT_SYMLINK_NOFOLLOW) = 0 <0.000046>
3288  1790834062.192131 renameat(AT_FDCWD</home/runner/work/js-wf/js-wf/integration>, "/tmp/TestMixedWorkflowsRecoverFromFourServerFaults874006668/001/node-1/jetstream/$G/streams/WF_RUN/obs/WF_P_51/o.dat.tmp", AT_FDCWD</home/runner/work/js-wf/js-wf/integration>, "/tmp/TestMixedWorkflowsRecoverFromFourServerFaults874006668/001/node-1/jetstream/$G/streams/WF_RUN/obs/WF_P_51/o.dat") = 0 <0.000246>
3320  1790834062.196192 <... pwrite64 resumed>) = 122 (DELAYED) <0.025062>
3288  1790834062.197662 pwrite64(30</tmp/TestMixedWorkflowsRecoverFromFourServerFaults874006668/001/node-1/jetstream/$G/streams/KV_WF_LEASE/msgs/1.blk>, "\264\0\0\200C\2\0\0\0\0\0\0007I\370^\27R\332\30:\0$KV.WF_LEA"..., 1396, 96267 <unfinished ...>
3320  1790834062.198033 newfstatat(AT_FDCWD</home/runner/work/js-wf/js-wf/integration>, "/tmp/TestMixedWorkflowsRecoverFromFourServerFaults874006668/001/node-1/jetstream/$G/streams/WF_RUN/obs/WF_P_26/o.dat", {st_mode=S_IFREG|0600, st_size=29, ...}, AT_SYMLINK_NOFOLLOW) = 0 <0.000024>
3320  1790834062.198111 renameat(AT_FDCWD</home/runner/work/js-wf/js-wf/integration>, "/tmp/TestMixedWorkflowsRecoverFromFourServerFaults874006668/001/node-1/jetstream/$G/streams/WF_RUN/obs/WF_P_26/o.dat.tmp", AT_FDCWD</home/runner/work/js-wf/js-wf/integration>, "/tmp/TestMixedWorkflowsRecoverFromFourServerFaults874006668/001/node-1/jetstream/$G/streams/WF_RUN/obs/WF_P_26/o.dat") = 0 <0.000196>
3319  1790834062.203854 <... pwrite64 resumed>) = 30 (DELAYED) <0.025025>
3303  1790834062.212921 <... pwrite64 resumed>) = 1585 (DELAYED) <0.025029>
3303  1790834062.213134 --- SIGURG {si_signo=SIGURG, si_code=SI_TKILL, si_pid=3265, si_uid=1001} ---
3303  1790834062.213635 --- SIGURG {si_signo=SIGURG, si_code=SI_TKILL, si_pid=3265, si_uid=1001} ---
3319  1790834062.217615 pwrite64(41</tmp/TestMixedWorkflowsRecoverFromFourServerFaults874006668/001/node-1/jetstream/$SYS/_js_/C-R3F-U2k39UyT/msgs/1.blk>, "l\0\0\0-\0\0\0\0\0\0\0\245\354%b\27R\332\30\0\0St9I6EVH\3\0"..., 108, 5201 <unfinished ...>
3320  1790834062.218896 pwrite64(24</tmp/TestMixedWorkflowsRecoverFromFourServerFaults874006668/001/node-1/jetstream/$G/streams/WF_JRN/msgs/1.blk>, "\177\1\0\200\27\1\0\0\0\0\0\0\270\302\364a\27R\332\0304\0wf.jrn.mix"..., 1999, 76666 <unfinished ...>
3288  1790834062.222734 <... pwrite64 resumed>) = 1396 (DELAYED) <0.025036>
3316  1790834062.224948 pwrite64(30</tmp/TestMixedWorkflowsRecoverFromFourServerFaults874006668/001/node-1/jetstream/$G/streams/KV_WF_LEASE/msgs/1.blk>, "\267\0\0\200K\2\0\0\0\0\0\0\342\264vb\27R\332\30:\0$KV.WF_LEA"..., 1034, 97663 <unfinished ...>
3319  1790834062.242686 <... pwrite64 resumed>) = 108 (DELAYED) <0.025040>
3320  1790834062.243976 <... pwrite64 resumed>) = 1999 (DELAYED) <0.025041>
3285  1790834062.247473 pwrite64(31</tmp/TestMixedWorkflowsRecoverFromFourServerFaults874006668/001/node-1/jetstream/$SYS/_js_/S-R3F-OEyp3t6z/msgs/2.blk>, "!\1\0\0\30\0\0\0\0\0\0\0\261\35\355c\27R\332\30\0\0000WED9nmv\2\0"..., 289, 6438 <unfinished ...>
3319  1790834062.249455 pwrite64(24</tmp/TestMixedWorkflowsRecoverFromFourServerFaults874006668/001/node-1/jetstream/$G/streams/WF_JRN/msgs/1.blk>, "\361\0\0\200\35\1\0\0\0\0\0\0\241\372\310c\27R\332\0304\0wf.jrn.mix"..., 1488, 78665 <unfinished ...>
3316  1790834062.250022 <... pwrite64 resumed>) = 1034 (DELAYED) <0.025046>
3316  1790834062.252214 pwrite64(30</tmp/TestMixedWorkflowsRecoverFromFourServerFaults874006668/001/node-1/jetstream/$G/streams/KV_WF_LEASE/msgs/1.blk>, "\245\0\0\200Q\2\0\0\0\0\0\0Z|\26d\27R\332\30:\0$KV.WF_LEA"..., 1012, 98697 <unfinished ...>
3314  1790834062.252282 pwrite64(50</tmp/TestMixedWorkflowsRecoverFromFourServerFaults874006668/001/node-1/jetstream/$SYS/_js_/C-R3F-JHDR9qaz/msgs/1.blk>, "Q\0\0\0\f\0\0\0\0\0\0\0\17u6d\27R\332\30\0\0St9I6EVH\3\0"..., 81, 1224 <unfinished ...>
3285  1790834062.272549 <... pwrite64 resumed>) = 289 (DELAYED) <0.025019>
3319  1790834062.274507 <... pwrite64 resumed>) = 1488 (DELAYED) <0.025016>
3320  1790834062.275182 pwrite64(32</tmp/TestMixedWorkflowsRecoverFromFourServerFaults874006668/001/node-1/jetstream/$G/streams/KV_WF_STATE/msgs/1.blk>, "\263\0\0\200\31\0\0\0\0\0\0\0\372\216\344c\27R\332\30?\0$KV.WF_STA"..., 179, 3875 <unfinished ...>
3314  1790834062.277358 <... pwrite64 resumed>) = 81 (DELAYED) <0.025048>
3316  1790834062.277495 <... pwrite64 resumed>) = 1012 (DELAYED) <0.025236>
3288  1790834062.277560 pwrite64(50</tmp/TestMixedWorkflowsRecoverFromFourServerFaults874006668/001/node-1/jetstream/$SYS/_js_/C-R3F-JHDR9qaz/msgs/1.blk>, "\241\0\0\0\r\0\0\0\0\0\0\0\n\210\270e\27R\332\30\0\0St9I6EVH\3\0"..., 161, 1305 <unfinished ...>
3316  1790834062.278545 pwrite64(24</tmp/TestMixedWorkflowsRecoverFromFourServerFaults874006668/001/node-1/jetstream/$G/streams/WF_JRN/msgs/1.blk>, "3\1\0\200#\1\0\0\0\0\0\0\0017\244e\27R\332\0304\0wf.jrn.mix"..., 1441, 80153 <unfinished ...>
3285  1790834062.278581 pwrite64(31</tmp/TestMixedWorkflowsRecoverFromFourServerFaults874006668/001/node-1/jetstream/$SYS/_js_/S-R3F-OEyp3t6z/msgs/2.blk>, "!\1\0\0\31\0\0\0\0\0\0\0pY\310e\27R\332\30\0\0000WED9nmv\2\0"..., 289, 6727 <unfinished ...>
3303  1790834062.280867 pwrite64(26</tmp/TestMixedWorkflowsRecoverFromFourServerFaults874006668/001/node-1/jetstream/$G/streams/WF_SIG/msgs/1.blk>, "\200\1\0\200/\0\0\0\0\0\0\0\304\307\312e\27R\332\30<\0wf.sig.mix"..., 384, 12994 <unfinished ...>
3319  1790834062.280939 pwrite64(21</tmp/TestMixedWorkflowsRecoverFromFourServerFaults874006668/001/node-1/jetstream/$SYS/_js_/S-R3F-G9FrvoEG/msgs/2.blk>, "\361\0\0\0\241\0\0\0\0\0\0\0hx\353e\27R\332\30\0\0St9I6EVH\3\0"..., 241, 43293 <unfinished ...>
3314  1790834062.288267 pwrite64(30</tmp/TestMixedWorkflowsRecoverFromFourServerFaults874006668/001/node-1/jetstream/$G/streams/KV_WF_LEASE/msgs/1.blk>, "\267\0\0\200W\2\0\0\0\0\0\0\37i\275e\27R\332\30:\0$KV.WF_LEA"..., 660, 99709 <unfinished ...>
3315  1790834062.293221 newfstatat(AT_FDCWD</home/runner/work/js-wf/js-wf/integration>, "/tmp/TestMixedWorkflowsRecoverFromFourServerFaults874006668/001/node-1/jetstream/$G/streams/WF_RUN/obs/WF_P_51/o.dat", {st_mode=S_IFREG|0600, st_size=17, ...}, AT_SYMLINK_NOFOLLOW) = 0 <0.000033>
3315  1790834062.293330 renameat(AT_FDCWD</home/runner/work/js-wf/js-wf/integration>, "/tmp/TestMixedWorkflowsRecoverFromFourServerFaults874006668/001/node-1/jetstream/$G/streams/WF_RUN/obs/WF_P_51/o.dat.tmp", AT_FDCWD</home/runner/work/js-wf/js-wf/integration>, "/tmp/TestMixedWorkflowsRecoverFromFourServerFaults874006668/001/node-1/jetstream/$G/streams/WF_RUN/obs/WF_P_51/o.dat") = 0 <0.000199>
3320  1790834062.300243 <... pwrite64 resumed>) = 179 (DELAYED) <0.025024>
3288  1790834062.302618 <... pwrite64 resumed>) = 161 (DELAYED) <0.025001>
3288  1790834062.302879 --- SIGURG {si_signo=SIGURG, si_code=SI_TKILL, si_pid=3265, si_uid=1001} ---
3285  1790834062.303628 <... pwrite64 resumed>) = 289 (DELAYED) <0.025030>
3316  1790834062.303691 <... pwrite64 resumed>) = 1441 (DELAYED) <0.025121>
3320  1790834062.304100 newfstatat(AT_FDCWD</home/runner/work/js-wf/js-wf/integration>, "/tmp/TestMixedWorkflowsRecoverFromFourServerFaults874006668/001/node-1/jetstream/$G/streams/WF_RUN/obs/WF_P_15/o.dat", {st_mode=S_IFREG|0600, st_size=16, ...}, AT_SYMLINK_NOFOLLOW) = 0 <0.000053>
3320  1790834062.304270 renameat(AT_FDCWD</home/runner/work/js-wf/js-wf/integration>, "/tmp/TestMixedWorkflowsRecoverFromFourServerFaults874006668/001/node-1/jetstream/$G/streams/WF_RUN/obs/WF_P_15/o.dat.tmp", AT_FDCWD</home/runner/work/js-wf/js-wf/integration>, "/tmp/TestMixedWorkflowsRecoverFromFourServerFaults874006668/001/node-1/jetstream/$G/streams/WF_RUN/obs/WF_P_15/o.dat") = 0 <0.000266>
3285  1790834062.305715 pwrite64(32</tmp/TestMixedWorkflowsRecoverFromFourServerFaults874006668/001/node-1/jetstream/$G/streams/KV_WF_STATE/msgs/1.blk>, "\263\0\0\200\32\0\0\0\0\0\0\0t\371\301e\27R\332\30?\0$KV.WF_STA"..., 179, 4054 <unfinished ...>
3303  1790834062.306031 <... pwrite64 resumed>) = 384 (DELAYED) <0.025129>
3319  1790834062.306141 <... pwrite64 resumed>) = 241 (DELAYED) <0.025173>
3303  1790834062.306524 pwrite64(21</tmp/TestMixedWorkflowsRecoverFromFourServerFaults874006668/001/node-1/jetstream/$SYS/_js_/S-R3F-G9FrvoEG/msgs/2.blk>, "\225\0\0\0\242\0\0\0\0\0\0\0.\267rg\27R\332\30\0\0St9I6EVH\3\0"..., 149, 43534 <unfinished ...>
3320  1790834062.306870 pwrite64(24</tmp/TestMixedWorkflowsRecoverFromFourServerFaults874006668/001/node-1/jetstream/$G/streams/WF_JRN/msgs/1.blk>, "\374\0\0\200(\1\0\0\0\0\0\0\315gXg\27R\332\0304\0wf.jrn.mix"..., 252, 81594 <unfinished ...>
3319  1790834062.309901 pwrite64(26</tmp/TestMixedWorkflowsRecoverFromFourServerFaults874006668/001/node-1/jetstream/$G/streams/WF_SIG/msgs/1.blk>, "\200\1\0\2000\0\0\0\0\0\0\0cN\202g\27R\332\30<\0wf.sig.mix"..., 384, 13378 <unfinished ...>
3314  1790834062.313324 <... pwrite64 resumed>) = 660 (DELAYED) <0.025028>
3316  1790834062.314918 pwrite64(51</tmp/TestMixedWorkflowsRecoverFromFourServerFaults874006668/001/node-1/jetstream/$SYS/_js_/C-R3F-tOdRrkzy/msgs/1.blk>, "R\0\0\0-\0\0\0\0\0\0\0\4\341\362g\27R\332\30\0\0St9I6EVH\3\0"..., 82, 4757 <unfinished ...>
3288  1790834062.322019 pwrite64(30</tmp/TestMixedWorkflowsRecoverFromFourServerFaults874006668/001/node-1/jetstream/$G/streams/KV_WF_LEASE/msgs/1.blk>, "\245\0\0\200[\2\0\0\0\0\0\0\\\364\334g\27R\332\30:\0$KV.WF_LEA"..., 527, 100369 <unfinished ...>
3285  1790834062.330785 <... pwrite64 resumed>) = 179 (DELAYED) <0.025033>
3303  1790834062.331583 <... pwrite64 resumed>) = 149 (DELAYED) <0.025025>
3303  1790834062.331709 pwrite64(21</tmp/TestMixedWorkflowsRecoverFromFourServerFaults874006668/001/node-1/jetstream/$SYS/_js_/S-R3F-G9FrvoEG/msgs/2.blk>, "\361\0\0\0\243\0\0\0\0\0\0\0002:\363h\27R\332\30\0\0St9I6EVH\3\0"..., 241, 43683 <unfinished ...>
3320  1790834062.331920 <... pwrite64 resumed>) = 252 (DELAYED) <0.025019>
3320  1790834062.332222 --- SIGURG {si_signo=SIGURG, si_code=SI_TKILL, si_pid=3265, si_uid=1001} ---
3319  1790834062.334973 <... pwrite64 resumed>) = 384 (DELAYED) <0.025044>
3320  1790834062.336178 pwrite64(24</tmp/TestMixedWorkflowsRecoverFromFourServerFaults874006668/001/node-1/jetstream/$G/streams/WF_JRN/msgs/1.blk>, "\332\0\0\200)\1\0\0\0\0\0\0]Qcg\27R\332\30\35\0wf.jrn.mix"..., 753, 81846 <unfinished ...>
3316  1790834062.340002 <... pwrite64 resumed>) = 82 (DELAYED) <0.025053>
3316  1790834062.340205 pwrite64(51</tmp/TestMixedWorkflowsRecoverFromFourServerFaults874006668/001/node-1/jetstream/$SYS/_js_/C-R3F-tOdRrkzy/msgs/1.blk>, "l\0\0\0.\0\0\0\0\0\0\0-\315ti\27R\332\30\0\0St9I6EVH\3\0"..., 108, 4839 <unfinished ...>
3288  1790834062.347090 <... pwrite64 resumed>) = 527 (DELAYED) <0.025044>
3319  1790834062.349731 pwrite64(30</tmp/TestMixedWorkflowsRecoverFromFourServerFaults874006668/001/node-1/jetstream/$G/streams/KV_WF_LEASE/msgs/1.blk>, "\257\0\0\200^\2\0\0\0\0\0\0^.\340i\27R\332\30(\0$KV.WF_LEA"..., 652, 100896 <unfinished ...>
3303  1790834062.356773 <... pwrite64 resumed>) = 241 (DELAYED) <0.025037>
3303  1790834062.357053 pwrite64(53</tmp/TestMixedWorkflowsRecoverFromFourServerFaults874006668/001/node-1/jetstream/$SYS/_js_/C-R3F-SvU2CKnb/msgs/1.blk>, "\177\0\0\0%\0\0\0\0\0\0\0(\232uj\27R\332\30\0\0St9I6EVH\3\0"..., 127, 3866 <unfinished ...>
3288  1790834062.360856 pwrite64(22</tmp/TestMixedWorkflowsRecoverFromFourServerFaults874006668/001/node-1/jetstream/$G/streams/WF_RUN/msgs/1.blk>, "\203\0\0\200\207\0\0\0\0\0\0\0\312V\353e\27R\332\30\t\0wf.run.63+"..., 292, 25459 <unfinished ...>
3320  1790834062.361283 <... pwrite64 resumed>) = 753 (DELAYED) <0.025068>
3320  1790834062.361693 --- SIGURG {si_signo=SIGURG, si_code=SI_TKILL, si_pid=3265, si_uid=1001} ---
3316  1790834062.365375 <... pwrite64 resumed>) = 108 (DELAYED) <0.025143>
3316  1790834062.365499 pwrite64(51</tmp/TestMixedWorkflowsRecoverFromFourServerFaults874006668/001/node-1/jetstream/$SYS/_js_/C-R3F-tOdRrkzy/msgs/1.blk>, "\177\0\0\0/\0\0\0\0\0\0\0fZ\366j\27R\332\30\0\0St9I6EVH\3\0"..., 127, 4947 <unfinished ...>
3285  1790834062.367290 newfstatat(AT_FDCWD</home/runner/work/js-wf/js-wf/integration>, "/tmp/TestMixedWorkflowsRecoverFromFourServerFaults874006668/001/node-1/jetstream/$G/streams/WF_RUN/obs/WF_P_33/o.dat", {st_mode=S_IFREG|0600, st_size=17, ...}, AT_SYMLINK_NOFOLLOW) = 0 <0.000090>
3285  1790834062.367474 renameat(AT_FDCWD</home/runner/work/js-wf/js-wf/integration>, "/tmp/TestMixedWorkflowsRecoverFromFourServerFaults874006668/001/node-1/jetstream/$G/streams/WF_RUN/obs/WF_P_33/o.dat.tmp", AT_FDCWD</home/runner/work/js-wf/js-wf/integration>, "/tmp/TestMixedWorkflowsRecoverFromFourServerFaults874006668/001/node-1/jetstream/$G/streams/WF_RUN/obs/WF_P_33/o.dat") = 0 <0.000290>
3285  1790834062.368038 pwrite64(24</tmp/TestMixedWorkflowsRecoverFromFourServerFaults874006668/001/node-1/jetstream/$G/streams/WF_JRN/msgs/1.blk>, "\34\1\0\200,\1\0\0\0\0\0\0\2\347\334j\27R\332\30\35\0wf.jrn.mix"..., 882, 82599 <unfinished ...>
3319  1790834062.374781 <... pwrite64 resumed>) = 652 (DELAYED) <0.025022>
3315  1790834062.377136 pwrite64(30</tmp/TestMixedWorkflowsRecoverFromFourServerFaults874006668/001/node-1/jetstream/$G/streams/KV_WF_LEASE/msgs/1.blk>, "\252\0\0\200b\2\0\0\0\0\0\0\261J\206k\27R\332\30?\0$KV.WF_LEA"..., 982, 101548 <unfinished ...>
3320  1790834062.377226 pwrite64(49</tmp/TestMixedWorkflowsRecoverFromFourServerFaults874006668/001/node-1/jetstream/$SYS/_js_/C-R3F-JVHEu4zR/msgs/1.blk>, "l\0\0\0'\0\0\0\0\0\0\0\7\212\251k\27R\332\30\0\0St9I6EVH\3\0"..., 108, 4146 <unfinished ...>
3303  1790834062.382136 <... pwrite64 resumed>) = 127 (DELAYED) <0.025051>
3317  1790834062.383989 newfstatat(AT_FDCWD</home/runner/work/js-wf/js-wf/integration>, "/tmp/TestMixedWorkflowsRecoverFromFourServerFaults874006668/001/node-1/jetstream/$G/streams/WF_RUN/obs/WF_P_63/o.dat", {st_mode=S_IFREG|0600, st_size=10, ...}, AT_SYMLINK_NOFOLLOW) = 0 <0.000035>
3317  1790834062.384092 renameat(AT_FDCWD</home/runner/work/js-wf/js-wf/integration>, "/tmp/TestMixedWorkflowsRecoverFromFourServerFaults874006668/001/node-1/jetstream/$G/streams/WF_RUN/obs/WF_P_63/o.dat.tmp", AT_FDCWD</home/runner/work/js-wf/js-wf/integration>, "/tmp/TestMixedWorkflowsRecoverFromFourServerFaults874006668/001/node-1/jetstream/$G/streams/WF_RUN/obs/WF_P_63/o.dat") = 0 <0.000160>
3288  1790834062.385918 <... pwrite64 resumed>) = 292 (DELAYED) <0.025036>
3317  1790834062.386412 pwrite64(21</tmp/TestMixedWorkflowsRecoverFromFourServerFaults874006668/001/node-1/jetstream/$SYS/_js_/S-R3F-G9FrvoEG/msgs/2.blk>, "\225\0\0\0\244\0\0\0\0\0\0\0\v\3335l\27R\332\30\0\0St9I6EVH\3\0"..., 149, 43924 <unfinished ...>
3316  1790834062.390553 <... pwrite64 resumed>) = 127 (DELAYED) <0.025022>
3314  1790834062.391611 pwrite64(40</tmp/TestMixedWorkflowsRecoverFromFourServerFaults874006668/001/node-1/jetstream/$SYS/_js_/C-R3F-MUBUTFU3/msgs/1.blk>, "z\0\0\0\34\0\0\0\0\0\0\0W\376\204l\27R\332\30\0\0St9I6EVH\3\0"..., 122, 3083 <unfinished ...>
3285  1790834062.393093 <... pwrite64 resumed>) = 882 (DELAYED) <0.025024>
3316  1790834062.396372 pwrite64(24</tmp/TestMixedWorkflowsRecoverFromFourServerFaults874006668/001/node-1/jetstream/$G/streams/WF_JRN/msgs/1.blk>, "\344\0\0\200/\1\0\0\0\0\0\0\311\207\260l\27R\332\30\35\0wf.jrn.mix"..., 765, 83481 <unfinished ...>
3315  1790834062.402205 <... pwrite64 resumed>) = 982 (DELAYED) <0.025040>
3320  1790834062.402326 <... pwrite64 resumed>) = 108 (DELAYED) <0.025081>
3320  1790834062.402407 pwrite64(49</tmp/TestMixedWorkflowsRecoverFromFourServerFaults874006668/001/node-1/jetstream/$SYS/_js_/C-R3F-JVHEu4zR/msgs/1.blk>, "`\0\0\0(\0\0\0\0\0\0\0\342\264)m\27R\332\30\0\0St9I6EVH\3\0"..., 96, 4254 <unfinished ...>
3285  1790834062.404593 pwrite64(30</tmp/TestMixedWorkflowsRecoverFromFourServerFaults874006668/001/node-1/jetstream/$G/streams/KV_WF_LEASE/msgs/1.blk>, "\257\0\0\200h\2\0\0\0\0\0\0\305\333)m\27R\332\30(\0$KV.WF_LEA"..., 493, 102530 <unfinished ...>
3318  1790834062.404746 pwrite64(31</tmp/TestMixedWorkflowsRecoverFromFourServerFaults874006668/001/node-1/jetstream/$SYS/_js_/S-R3F-OEyp3t6z/msgs/2.blk>, "\341\0\0\0\32\0\0\0\0\0\0\0\314|Mm\27R\332\30\0\0000WED9nmv\2\0"..., 225, 7016 <unfinished ...>
3288  1790834062.405411 newfstatat(AT_FDCWD</home/runner/work/js-wf/js-wf/integration>, "/tmp/TestMixedWorkflowsRecoverFromFourServerFaults874006668/001/node-1/jetstream/$G/streams/WF_RUN/obs/WF_P_15/o.dat", {st_mode=S_IFREG|0600, st_size=8, ...}, AT_SYMLINK_NOFOLLOW) = 0 <0.000029>
3288  1790834062.405497 renameat(AT_FDCWD</home/runner/work/js-wf/js-wf/integration>, "/tmp/TestMixedWorkflowsRecoverFromFourServerFaults874006668/001/node-1/jetstream/$G/streams/WF_RUN/obs/WF_P_15/o.dat.tmp", AT_FDCWD</home/runner/work/js-wf/js-wf/integration>, "/tmp/TestMixedWorkflowsRecoverFromFourServerFaults874006668/001/node-1/jetstream/$G/streams/WF_RUN/obs/WF_P_15/o.dat") = 0 <0.000157>
3317  1790834062.411526 <... pwrite64 resumed>) = 149 (DELAYED) <0.025089>
3317  1790834062.411792 pwrite64(21</tmp/TestMixedWorkflowsRecoverFromFourServerFaults874006668/001/node-1/jetstream/$SYS/_js_/S-R3F-G9FrvoEG/msgs/2.blk>, "\224\0\0\0\245\0\0\0\0\0\0\0e\314\270m\27R\332\30\0\0St9I6EVH\3\0"..., 148, 44073 <unfinished ...>
3314  1790834062.416671 <... pwrite64 resumed>) = 122 (DELAYED) <0.025025>
3314  1790834062.416899 --- SIGURG {si_signo=SIGURG, si_code=SI_TKILL, si_pid=3265, si_uid=1001} ---
3314  1790834062.418040 pwrite64(40</tmp/TestMixedWorkflowsRecoverFromFourServerFaults874006668/001/node-1/jetstream/$SYS/_js_/C-R3F-MUBUTFU3/msgs/1.blk>, "l\0\0\0\35\0\0\0\0\0\0\0q\26\30n\27R\332\30\0\0St9I6EVH\3\0"..., 108, 3205 <unfinished ...>
3288  1790834062.418697 newfstatat(AT_FDCWD</home/runner/work/js-wf/js-wf/integration>, "/tmp/TestMixedWorkflowsRecoverFromFourServerFaults874006668/001/node-1/jetstream/$G/streams/WF_RUN/obs/WF_P_10/o.dat", {st_mode=S_IFREG|0600, st_size=9, ...}, AT_SYMLINK_NOFOLLOW) = 0 <0.000018>
3288  1790834062.418780 renameat(AT_FDCWD</home/runner/work/js-wf/js-wf/integration>, "/tmp/TestMixedWorkflowsRecoverFromFourServerFaults874006668/001/node-1/jetstream/$G/streams/WF_RUN/obs/WF_P_10/o.dat.tmp", AT_FDCWD</home/runner/work/js-wf/js-wf/integration>, "/tmp/TestMixedWorkflowsRecoverFromFourServerFaults874006668/001/node-1/jetstream/$G/streams/WF_RUN/obs/WF_P_10/o.dat") = 0 <0.000179>
3316  1790834062.421432 <... pwrite64 resumed>) = 765 (DELAYED) <0.025013>
3320  1790834062.427508 <... pwrite64 resumed>) = 96 (DELAYED) <0.025076>
3271  1790834062.427594 pwrite64(24</tmp/TestMixedWorkflowsRecoverFromFourServerFaults874006668/001/node-1/jetstream/$G/streams/WF_JRN/msgs/1.blk>, "?\1\0\2002\1\0\0\0\0\0\0\256y`n\27R\332\30\35\0wf.jrn.mix"..., 598, 84246 <unfinished ...>
3303  1790834062.429288 newfstatat(AT_FDCWD</home/runner/work/js-wf/js-wf/integration>, "/tmp/TestMixedWorkflowsRecoverFromFourServerFaults874006668/001/node-1/jetstream/$G/streams/WF_RUN/obs/WF_P_51/o.dat", {st_mode=S_IFREG|0600, st_size=17, ...}, AT_SYMLINK_NOFOLLOW) = 0 <0.000068>
3303  1790834062.429452 renameat(AT_FDCWD</home/runner/work/js-wf/js-wf/integration>, "/tmp/TestMixedWorkflowsRecoverFromFourServerFaults874006668/001/node-1/jetstream/$G/streams/WF_RUN/obs/WF_P_51/o.dat.tmp", AT_FDCWD</home/runner/work/js-wf/js-wf/integration>, "/tmp/TestMixedWorkflowsRecoverFromFourServerFaults874006668/001/node-1/jetstream/$G/streams/WF_RUN/obs/WF_P_51/o.dat" <unfinished ...>
3285  1790834062.429667 <... pwrite64 resumed>) = 493 (DELAYED) <0.025039>
3303  1790834062.429691 <... renameat resumed>) = 0 <0.000216>
3318  1790834062.429800 <... pwrite64 resumed>) = 225 (DELAYED) <0.025030>
3303  1790834062.432094 pwrite64(32</tmp/TestMixedWorkflowsRecoverFromFourServerFaults874006668/001/node-1/jetstream/$G/streams/KV_WF_STATE/msgs/1.blk>, "s\0\0\200\33\0\0\0\0\0\0\0003\216Fm\27R\332\30\33\0$KV.WF_STA"..., 115, 4233 <unfinished ...>
3316  1790834062.432166 pwrite64(46</tmp/TestMixedWorkflowsRecoverFromFourServerFaults874006668/001/node-1/jetstream/$SYS/_js_/C-R3F-mMm2NIUQ/msgs/1.blk>, "l\0\0\0\31\0\0\0\0\0\0\0\242\367\356n\27R\332\30\0\0St9I6EVH\3\0"..., 108, 2538 <unfinished ...>
3318  1790834062.435513 pwrite64(47</tmp/TestMixedWorkflowsRecoverFromFourServerFaults874006668/001/node-1/jetstream/$SYS/_js_/C-R3F-HvwsqB9S/msgs/1.blk>, "z\0\0\0\23\0\0\0\0\0\0\0O\326\"o\27R\332\30\0\0St9I6EVH\3\0"..., 122, 1988 <unfinished ...>
3317  1790834062.436887 <... pwrite64 resumed>) = 148 (DELAYED) <0.025056>
3317  1790834062.437221 pwrite64(21</tmp/TestMixedWorkflowsRecoverFromFourServerFaults874006668/001/node-1/jetstream/$SYS/_js_/S-R3F-G9FrvoEG/msgs/2.blk>, "\224\0\0\0\246\0\0\0\0\0\0\0\313\355<o\27R\332\30\0\0St9I6EVH\3\0"..., 148, 44221 <unfinished ...>
3288  1790834062.437433 pwrite64(30</tmp/TestMixedWorkflowsRecoverFromFourServerFaults874006668/001/node-1/jetstream/$G/streams/KV_WF_LEASE/msgs/1.blk>, "\264\0\0\200k\2\0\0\0\0\0\0\254l:m\27R\332\30:\0$KV.WF_LEA"..., 1186, 103023 <unfinished ...>
3320  1790834062.438234 pwrite64(22</tmp/TestMixedWorkflowsRecoverFromFourServerFaults874006668/001/node-1/jetstream/$G/streams/WF_RUN/msgs/1.blk>, "\36\0\0\0\206\0\0\0\0\0\0@\254\3\365U\27R\332\30\0\0\221\372,_\3358'*", 30, 25751 <unfinished ...>
3314  1790834062.443109 <... pwrite64 resumed>) = 108 (DELAYED) <0.025041>
3271  1790834062.452667 <... pwrite64 resumed>) = 598 (DELAYED) <0.025049>
3271  1790834062.453020 --- SIGURG {si_signo=SIGURG, si_code=SI_TKILL, si_pid=3265, si_uid=1001} ---
3285  1790834062.456680 pwrite64(24</tmp/TestMixedWorkflowsRecoverFromFourServerFaults874006668/001/node-1/jetstream/$G/streams/WF_JRN/msgs/1.blk>, "?\1\0\2004\1\0\0\0\0\0\0\271^Ap\27R\332\30\35\0wf.jrn.mix"..., 537, 84844 <unfinished ...>
3316  1790834062.457229 <... pwrite64 resumed>) = 108 (DELAYED) <0.025024>
3303  1790834062.457251 <... pwrite64 resumed>) = 115 (DELAYED) <0.025126>
3316  1790834062.457350 pwrite64(46</tmp/TestMixedWorkflowsRecoverFromFourServerFaults874006668/001/node-1/jetstream/$SYS/_js_/C-R3F-mMm2NIUQ/msgs/1.blk>, "\210\0\0\0\32\0\0\0\0\0\0\0LTpp\27R\332\30\0\0St9I6EVH\3\0"..., 136, 2646 <unfinished ...>
3318  1790834062.460565 <... pwrite64 resumed>) = 122 (DELAYED) <0.025025>
3318  1790834062.460690 pwrite64(47</tmp/TestMixedWorkflowsRecoverFromFourServerFaults874006668/001/node-1/jetstream/$SYS/_js_/C-R3F-HvwsqB9S/msgs/1.blk>, "l\0\0\0\24\0\0\0\0\0\0\0\273A\243p\27R\332\30\0\0St9I6EVH\3\0"..., 108, 2110 <unfinished ...>
3317  1790834062.462271 <... pwrite64 resumed>) = 148 (DELAYED) <0.025018>
3317  1790834062.462441 pwrite64(21</tmp/TestMixedWorkflowsRecoverFromFourServerFaults874006668/001/node-1/jetstream/$SYS/_js_/S-R3F-G9FrvoEG/msgs/2.blk>, "\225\0\0\0\247\0\0\0\0\0\0\0\225\364\275p\27R\332\30\0\0St9I6EVH\3\0"..., 149, 44369 <unfinished ...>
3288  1790834062.462512 <... pwrite64 resumed>) = 1186 (DELAYED) <0.025045>
3320  1790834062.463281 <... pwrite64 resumed>) = 30 (DELAYED) <0.025023>
3320  1790834062.463392 pwrite64(48</tmp/TestMixedWorkflowsRecoverFromFourServerFaults874006668/001/node-1/jetstream/$SYS/_js_/C-R3F-BJrVOQpv/msgs/1.blk>, "z\0\0\0\35\0\0\0\0\0\0\0t\363\313p\27R\332\30\0\0St9I6EVH\3\0"..., 122, 3142 <unfinished ...>
3303  1790834062.463614 pwrite64(45</tmp/TestMixedWorkflowsRecoverFromFourServerFaults874006668/001/node-1/jetstream/$SYS/_js_/C-R3F-Qi7jewV8/msgs/1.blk>, "z\0\0\0\35\0\0\0\0\0\0\0006\224\317p\27R\332\30\0\0St9I6EVH\3\0"..., 122, 3142 <unfinished ...>
3314  1790834062.464558 pwrite64(50</tmp/TestMixedWorkflowsRecoverFromFourServerFaults874006668/001/node-1/jetstream/$SYS/_js_/C-R3F-JHDR9qaz/msgs/1.blk>, "l\0\0\0\16\0\0\0\0\0\0\0\254)\336p\27R\332\30\0\0St9I6EVH\3\0"..., 108, 1466 <unfinished ...>
3271  1790834062.464799 pwrite64(30</tmp/TestMixedWorkflowsRecoverFromFourServerFaults874006668/001/node-1/jetstream/$G/streams/KV_WF_LEASE/msgs/1.blk>, "\245\0\0\200r\2\0\0\0\0\0\0\306:\301p\27R\332\30:\0$KV.WF_LEA"..., 483, 104209 <unfinished ...>
3288  1790834062.468994 newfstatat(AT_FDCWD</home/runner/work/js-wf/js-wf/integration>, "/tmp/TestMixedWorkflowsRecoverFromFourServerFaults874006668/001/node-1/jetstream/$G/streams/WF_RUN/obs/WF_P_33/o.dat", {st_mode=S_IFREG|0600, st_size=10, ...}, AT_SYMLINK_NOFOLLOW) = 0 <0.000028>
3288  1790834062.469088 renameat(AT_FDCWD</home/runner/work/js-wf/js-wf/integration>, "/tmp/TestMixedWorkflowsRecoverFromFourServerFaults874006668/001/node-1/jetstream/$G/streams/WF_RUN/obs/WF_P_33/o.dat.tmp", AT_FDCWD</home/runner/work/js-wf/js-wf/integration>, "/tmp/TestMixedWorkflowsRecoverFromFourServerFaults874006668/001/node-1/jetstream/$G/streams/WF_RUN/obs/WF_P_33/o.dat") = 0 <0.000214>
3285  1790834062.481739 <... pwrite64 resumed>) = 537 (DELAYED) <0.025031>
3285  1790834062.481939 --- SIGURG {si_signo=SIGURG, si_code=SI_TKILL, si_pid=3265, si_uid=1001} ---
3316  1790834062.482429 <... pwrite64 resumed>) = 136 (DELAYED) <0.025056>
3288  1790834062.484575 newfstatat(AT_FDCWD</home/runner/work/js-wf/js-wf/integration>, "/tmp/TestMixedWorkflowsRecoverFromFourServerFaults874006668/001/node-1/jetstream/$G/streams/WF_RUN/obs/WF_P_55/o.dat", {st_mode=S_IFREG|0600, st_size=17, ...}, AT_SYMLINK_NOFOLLOW) = 0 <0.000072>
3288  1790834062.484728 renameat(AT_FDCWD</home/runner/work/js-wf/js-wf/integration>, "/tmp/TestMixedWorkflowsRecoverFromFourServerFaults874006668/001/node-1/jetstream/$G/streams/WF_RUN/obs/WF_P_55/o.dat.tmp", AT_FDCWD</home/runner/work/js-wf/js-wf/integration>, "/tmp/TestMixedWorkflowsRecoverFromFourServerFaults874006668/001/node-1/jetstream/$G/streams/WF_RUN/obs/WF_P_55/o.dat") = 0 <0.000258>
3315  1790834062.485702 pwrite64(24</tmp/TestMixedWorkflowsRecoverFromFourServerFaults874006668/001/node-1/jetstream/$G/streams/WF_JRN/msgs/1.blk>, "\27\1\0\2006\1\0\0\0\0\0\0\3114\371q\27R\332\30\35\0wf.jrn.mix"..., 598, 85381 <unfinished ...>
3319  1790834062.490114 pwrite64(41</tmp/TestMixedWorkflowsRecoverFromFourServerFaults874006668/001/node-1/jetstream/$SYS/_js_/C-R3F-U2k39UyT/msgs/1.blk>, "z\0\0\0.\0\0\0\0\0\0\0\234;dr\27R\332\30\0\0St9I6EVH\3\0"..., 122, 5309 <unfinished ...>
3317  1790834062.510788 <... pwrite64 resumed>) = 149 (DELAYED) <0.048316>
3314  1790834062.510817 <... pwrite64 resumed>) = 108 (DELAYED) <0.046234>
3303  1790834062.510831 <... pwrite64 resumed>) = 122 (DELAYED) <0.047187>
3318  1790834062.510848 <... pwrite64 resumed>) = 108 (DELAYED) <0.050134>
3271  1790834062.510870 <... pwrite64 resumed>) = 483 (DELAYED) <0.046051>
3320  1790834062.510898 <... pwrite64 resumed>) = 122 (DELAYED) <0.047483>
3315  1790834062.510929 <... pwrite64 resumed>) = 598 (DELAYED) <0.025193>
3320  1790834062.511087 pwrite64(48</tmp/TestMixedWorkflowsRecoverFromFourServerFaults874006668/001/node-1/jetstream/$SYS/_js_/C-R3F-BJrVOQpv/msgs/1.blk>, "l\0\0\0\36\0\0\0\0\0\0\0D\354\243s\27R\332\30\0\0St9I6EVH\3\0"..., 108, 3264 <unfinished ...>
3314  1790834062.511127 pwrite64(50</tmp/TestMixedWorkflowsRecoverFromFourServerFaults874006668/001/node-1/jetstream/$SYS/_js_/C-R3F-JHDR9qaz/msgs/1.blk>, "_\0\0\0\17\0\0\0\0\0\0\0\203\365\243s\27R\332\30\0\0St9I6EVH\3\0"..., 95, 1574 <unfinished ...>
3285  1790834062.511237 pwrite64(45</tmp/TestMixedWorkflowsRecoverFromFourServerFaults874006668/001/node-1/jetstream/$SYS/_js_/C-R3F-Qi7jewV8/msgs/1.blk>, "l\0\0\0\36\0\0\0\0\0\0\0\354D\246s\27R\332\30\0\0St9I6EVH\3\0"..., 108, 3264 <unfinished ...>
3317  1790834062.511666 pwrite64(21</tmp/TestMixedWorkflowsRecoverFromFourServerFaults874006668/001/node-1/jetstream/$SYS/_js_/S-R3F-G9FrvoEG/msgs/2.blk>, "\225\0\0\0\250\0\0\0\0\0\0\0T\5\255s\27R\332\30\0\0St9I6EVH\3\0"..., 149, 44518 <unfinished ...>
3271  1790834062.512328 pwrite64(22</tmp/TestMixedWorkflowsRecoverFromFourServerFaults874006668/001/node-1/jetstream/$G/streams/WF_RUN/msgs/1.blk>, "\36\0\0\0002\0\0\0\0\0\0@\344E\316)\23R\332\30\0\0\273\256\226C\235\365\256\251", 30, 25781 <unfinished ...>
3315  1790834062.512536 newfstatat(AT_FDCWD</home/runner/work/js-wf/js-wf/integration>, "/tmp/TestMixedWorkflowsRecoverFromFourServerFaults874006668/001/node-1/jetstream/$G/streams/WF_RUN/obs/WF_P_48/o.dat", {st_mode=S_IFREG|0600, st_size=9, ...}, AT_SYMLINK_NOFOLLOW) = 0 <0.000047>
3315  1790834062.512664 renameat(AT_FDCWD</home/runner/work/js-wf/js-wf/integration>, "/tmp/TestMixedWorkflowsRecoverFromFourServerFaults874006668/001/node-1/jetstream/$G/streams/WF_RUN/obs/WF_P_48/o.dat.tmp", AT_FDCWD</home/runner/work/js-wf/js-wf/integration>, "/tmp/TestMixedWorkflowsRecoverFromFourServerFaults874006668/001/node-1/jetstream/$G/streams/WF_RUN/obs/WF_P_48/o.dat") = 0 <0.000368>
3315  1790834062.513145 pwrite64(47</tmp/TestMixedWorkflowsRecoverFromFourServerFaults874006668/001/node-1/jetstream/$SYS/_js_/C-R3F-HvwsqB9S/msgs/1.blk>, "l\0\0\0\25\0\0\0\0\0\0\0\22`\303s\27R\332\30\0\0St9I6EVH\3\0"..., 108, 2218 <unfinished ...>
3303  1790834062.514876 pwrite64(30</tmp/TestMixedWorkflowsRecoverFromFourServerFaults874006668/001/node-1/jetstream/$G/streams/KV_WF_LEASE/msgs/1.blk>, "\237\0\0\200u\2\0\0\0\0\0\0\377\30\263s\27R\332\30#\0$KV.WF_LEA"..., 318, 104692 <unfinished ...>
3319  1790834062.515209 <... pwrite64 resumed>) = 122 (DELAYED) <0.025066>
3319  1790834062.518209 newfstatat(AT_FDCWD</home/runner/work/js-wf/js-wf/integration>, "/tmp/TestMixedWorkflowsRecoverFromFourServerFaults874006668/001/node-1/jetstream/$G/streams/WF_RUN/obs/WF_P_26/o.dat", {st_mode=S_IFREG|0600, st_size=29, ...}, AT_SYMLINK_NOFOLLOW) = 0 <0.000023>
3319  1790834062.518307 renameat(AT_FDCWD</home/runner/work/js-wf/js-wf/integration>, "/tmp/TestMixedWorkflowsRecoverFromFourServerFaults874006668/001/node-1/jetstream/$G/streams/WF_RUN/obs/WF_P_26/o.dat.tmp", AT_FDCWD</home/runner/work/js-wf/js-wf/integration>, "/tmp/TestMixedWorkflowsRecoverFromFourServerFaults874006668/001/node-1/jetstream/$G/streams/WF_RUN/obs/WF_P_26/o.dat") = 0 <0.000213>
3321  1790834062.518731 pwrite64(24</tmp/TestMixedWorkflowsRecoverFromFourServerFaults874006668/001/node-1/jetstream/$G/streams/WF_JRN/msgs/1.blk>, "?\1\0\2008\1\0\0\0\0\0\0S\333\364s\27R\332\30\35\0wf.jrn.mix"..., 537, 85979 <unfinished ...>
3288  1790834062.531419 newfstatat(AT_FDCWD</home/runner/work/js-wf/js-wf/integration>, "/tmp/TestMixedWorkflowsRecoverFromFourServerFaults874006668/001/node-1/jetstream/$G/streams/WF_RUN/obs/WF_P_51/o.dat", {st_mode=S_IFREG|0600, st_size=10, ...}, AT_SYMLINK_NOFOLLOW) = 0 <0.000037>
3288  1790834062.531536 renameat(AT_FDCWD</home/runner/work/js-wf/js-wf/integration>, "/tmp/TestMixedWorkflowsRecoverFromFourServerFaults874006668/001/node-1/jetstream/$G/streams/WF_RUN/obs/WF_P_51/o.dat.tmp", AT_FDCWD</home/runner/work/js-wf/js-wf/integration>, "/tmp/TestMixedWorkflowsRecoverFromFourServerFaults874006668/001/node-1/jetstream/$G/streams/WF_RUN/obs/WF_P_51/o.dat") = 0 <0.000138>
3320  1790834062.536195 <... pwrite64 resumed>) = 108 (DELAYED) <0.025082>
3285  1790834062.536290 <... pwrite64 resumed>) = 108 (DELAYED) <0.025024>
3314  1790834062.536313 <... pwrite64 resumed>) = 95 (DELAYED) <0.025167>
3320  1790834062.536628 --- SIGURG {si_signo=SIGURG, si_code=SI_TKILL, si_pid=3265, si_uid=1001} ---
3317  1790834062.536747 <... pwrite64 resumed>) = 149 (DELAYED) <0.025053>
3271  1790834062.537474 <... pwrite64 resumed>) = 30 (DELAYED) <0.025114>
3285  1790834062.537641 newfstatat(AT_FDCWD</home/runner/work/js-wf/js-wf/integration>, "/tmp/TestMixedWorkflowsRecoverFromFourServerFaults874006668/001/node-1/jetstream/$G/streams/WF_RUN/obs/WF_P_28/o.dat", {st_mode=S_IFREG|0600, st_size=9, ...}, AT_SYMLINK_NOFOLLOW) = 0 <0.000061>
3285  1790834062.537815 renameat(AT_FDCWD</home/runner/work/js-wf/js-wf/integration>, "/tmp/TestMixedWorkflowsRecoverFromFourServerFaults874006668/001/node-1/jetstream/$G/streams/WF_RUN/obs/WF_P_28/o.dat.tmp", AT_FDCWD</home/runner/work/js-wf/js-wf/integration>, "/tmp/TestMixedWorkflowsRecoverFromFourServerFaults874006668/001/node-1/jetstream/$G/streams/WF_RUN/obs/WF_P_28/o.dat" <unfinished ...>
3314  1790834062.537945 newfstatat(AT_FDCWD</home/runner/work/js-wf/js-wf/integration>, "/tmp/TestMixedWorkflowsRecoverFromFourServerFaults874006668/001/node-1/jetstream/$G/streams/WF_RUN/obs/WF_P_43/o.dat",  <unfinished ...>
3285  1790834062.537999 <... renameat resumed>) = 0 <0.000164>
3314  1790834062.538041 <... newfstatat resumed>{st_mode=S_IFREG|0600, st_size=9, ...}, AT_SYMLINK_NOFOLLOW) = 0 <0.000076>
3314  1790834062.538148 renameat(AT_FDCWD</home/runner/work/js-wf/js-wf/integration>, "/tmp/TestMixedWorkflowsRecoverFromFourServerFaults874006668/001/node-1/jetstream/$G/streams/WF_RUN/obs/WF_P_43/o.dat.tmp", AT_FDCWD</home/runner/work/js-wf/js-wf/integration>, "/tmp/TestMixedWorkflowsRecoverFromFourServerFaults874006668/001/node-1/jetstream/$G/streams/WF_RUN/obs/WF_P_43/o.dat" <unfinished ...>
3285  1790834062.538314 pwrite64(21</tmp/TestMixedWorkflowsRecoverFromFourServerFaults874006668/001/node-1/jetstream/$SYS/_js_/S-R3F-G9FrvoEG/msgs/2.blk>, "\225\0\0\0\251\0\0\0\0\0\0\0.bCu\27R\332\30\0\0St9I6EVH\3\0"..., 149, 44667 <unfinished ...>
3315  1790834062.538367 <... pwrite64 resumed>) = 108 (DELAYED) <0.025191>
3314  1790834062.538521 <... renameat resumed>) = 0 <0.000332>
3315  1790834062.538590 pwrite64(47</tmp/TestMixedWorkflowsRecoverFromFourServerFaults874006668/001/node-1/jetstream/$SYS/_js_/C-R3F-HvwsqB9S/msgs/1.blk>, "l\0\0\0\26\0\0\0\0\0\0\0\213\254Eu\27R\332\30\0\0St9I6EVH\3\0"..., 108, 2326 <unfinished ...>
3317  1790834062.538644 newfstatat(AT_FDCWD</home/runner/work/js-wf/js-wf/integration>, "/tmp/TestMixedWorkflowsRecoverFromFourServerFaults874006668/001/node-1/jetstream/$G/streams/WF_RUN/obs/WF_P_15/o.dat", {st_mode=S_IFREG|0600, st_size=16, ...}, AT_SYMLINK_NOFOLLOW) = 0 <0.000080>
3317  1790834062.538836 renameat(AT_FDCWD</home/runner/work/js-wf/js-wf/integration>, "/tmp/TestMixedWorkflowsRecoverFromFourServerFaults874006668/001/node-1/jetstream/$G/streams/WF_RUN/obs/WF_P_15/o.dat.tmp", AT_FDCWD</home/runner/work/js-wf/js-wf/integration>, "/tmp/TestMixedWorkflowsRecoverFromFourServerFaults874006668/001/node-1/jetstream/$G/streams/WF_RUN/obs/WF_P_15/o.dat") = 0 <0.000511>
3271  1790834062.539407 pwrite64(22</tmp/TestMixedWorkflowsRecoverFromFourServerFaults874006668/001/node-1/jetstream/$G/streams/WF_RUN/msgs/1.blk>, "\36\0\0\0.\0\0\0\0\0\0@\v=:)\23R\332\30\0\0<#>*\17Sr^", 30, 25811 <unfinished ...>
3303  1790834062.539947 <... pwrite64 resumed>) = 318 (DELAYED) <0.025038>
3303  1790834062.540958 pwrite64(41</tmp/TestMixedWorkflowsRecoverFromFourServerFaults874006668/001/node-1/jetstream/$SYS/_js_/C-R3F-U2k39UyT/msgs/1.blk>, "l\0\0\0/\0\0\0\0\0\0\0_Bku\27R\332\30\0\0St9I6EVH\3\0"..., 108, 5431 <unfinished ...>
3314  1790834062.541067 pwrite64(30</tmp/TestMixedWorkflowsRecoverFromFourServerFaults874006668/001/node-1/jetstream/$G/streams/KV_WF_LEASE/msgs/1.blk>, "\235\0\0\200w\2\0\0\0\0\0\0\366\330\333s\27R\332\30#\0$KV.WF_LEA"..., 157, 105010 <unfinished ...>
3321  1790834062.543799 <... pwrite64 resumed>) = 537 (DELAYED) <0.025045>
3285  1790834062.563397 <... pwrite64 resumed>) = 149 (DELAYED) <0.025053>
3315  1790834062.563645 <... pwrite64 resumed>) = 108 (DELAYED) <0.025027>
3285  1790834062.563854 --- SIGURG {si_signo=SIGURG, si_code=SI_TKILL, si_pid=3265, si_uid=1001} ---
3271  1790834062.564505 <... pwrite64 resumed>) = 30 (DELAYED) <0.025065>
3303  1790834062.566089 <... pwrite64 resumed>) = 108 (DELAYED) <0.025095>
3314  1790834062.566215 <... pwrite64 resumed>) = 157 (DELAYED) <0.025118>
3314  1790834062.568244 pwrite64(22</tmp/TestMixedWorkflowsRecoverFromFourServerFaults874006668/001/node-1/jetstream/$G/streams/WF_RUN/msgs/1.blk>, "\36\0\0\0\200\0\0\0\0\0\0@G\16\216 \27R\332\30\0\0\351\2342\221\240\244X\3\36\0"..., 90, 25841 <unfinished ...>
3320  1790834062.569477 pwrite64(30</tmp/TestMixedWorkflowsRecoverFromFourServerFaults874006668/001/node-1/jetstream/$G/streams/KV_WF_LEASE/msgs/1.blk>, "\267\0\0\200x\2\0\0\0\0\0\0\207k^u\27R\332\30:\0$KV.WF_LEA"..., 842, 105167 <unfinished ...>
3315  1790834062.572798 pwrite64(24</tmp/TestMixedWorkflowsRecoverFromFourServerFaults874006668/001/node-1/jetstream/$G/streams/WF_JRN/msgs/1.blk>, "\177\1\0\200:\1\0\0\0\0\0\0W\346\rw\27R\332\0304\0wf.jrn.mix"..., 1364, 86516 <unfinished ...>
3271  1790834062.586719 newfstatat(AT_FDCWD</home/runner/work/js-wf/js-wf/integration>, "/tmp/TestMixedWorkflowsRecoverFromFourServerFaults874006668/001/node-1/jetstream/$G/streams/WF_RUN/obs/WF_P_55/o.dat", {st_mode=S_IFREG|0600, st_size=10, ...}, AT_SYMLINK_NOFOLLOW) = 0 <0.000046>
3285  1790834062.586966 renameat(AT_FDCWD</home/runner/work/js-wf/js-wf/integration>, "/tmp/TestMixedWorkflowsRecoverFromFourServerFaults874006668/001/node-1/jetstream/$G/streams/WF_RUN/obs/WF_P_55/o.dat.tmp", AT_FDCWD</home/runner/work/js-wf/js-wf/integration>, "/tmp/TestMixedWorkflowsRecoverFromFourServerFaults874006668/001/node-1/jetstream/$G/streams/WF_RUN/obs/WF_P_55/o.dat" <unfinished ...>
3271  1790834062.587048 --- SIGURG {si_signo=SIGURG, si_code=SI_TKILL, si_pid=3265, si_uid=1001} ---
3285  1790834062.587213 <... renameat resumed>) = 0 <0.000210>
3314  1790834062.593306 <... pwrite64 resumed>) = 90 (DELAYED) <0.025025>
3314  1790834062.593520 pwrite64(45</tmp/TestMixedWorkflowsRecoverFromFourServerFaults874006668/001/node-1/jetstream/$SYS/_js_/C-R3F-Qi7jewV8/msgs/1.blk>, "l\0\0\0\37\0\0\0\0\0\0\0\234\f\216x\27R\332\30\0\0St9I6EVH\3\0"..., 108, 3372 <unfinished ...>
3285  1790834062.593551 pwrite64(48</tmp/TestMixedWorkflowsRecoverFromFourServerFaults874006668/001/node-1/jetstream/$SYS/_js_/C-R3F-BJrVOQpv/msgs/1.blk>, "l\0\0\0\37\0\0\0\0\0\0\0)\t\216x\27R\332\30\0\0St9I6EVH\3\0"..., 108, 3372 <unfinished ...>
3320  1790834062.594545 <... pwrite64 resumed>) = 842 (DELAYED) <0.025034>
3271  1790834062.597165 pwrite64(30</tmp/TestMixedWorkflowsRecoverFromFourServerFaults874006668/001/node-1/jetstream/$G/streams/KV_WF_LEASE/msgs/1.blk>, "\266\0\0\200}\2\0\0\0\0\0\0\2\212\240x\27R\332\30:\0$KV.WF_LEA"..., 683, 106009 <unfinished ...>
3315  1790834062.597854 <... pwrite64 resumed>) = 1364 (DELAYED) <0.025028>
3320  1790834062.603261 pwrite64(24</tmp/TestMixedWorkflowsRecoverFromFourServerFaults874006668/001/node-1/jetstream/$G/streams/WF_JRN/msgs/1.blk>, "\362\0\0\200>\1\0\0\0\0\0\0\362C\341x\27R\332\0304\0wf.jrn.mix"..., 1020, 87880 <unfinished ...>
3314  1790834062.618609 <... pwrite64 resumed>) = 108 (DELAYED) <0.025060>
3285  1790834062.618741 <... pwrite64 resumed>) = 108 (DELAYED) <0.025174>
3314  1790834062.619019 --- SIGURG {si_signo=SIGURG, si_code=SI_TKILL, si_pid=3265, si_uid=1001} ---
3319  1790834062.620213 pwrite64(48</tmp/TestMixedWorkflowsRecoverFromFourServerFaults874006668/001/node-1/jetstream/$SYS/_js_/C-R3F-BJrVOQpv/msgs/1.blk>, "l\0\0\0 \0\0\0\0\0\0\0\223w%z\27R\332\30\0\0St9I6EVH\3\0"..., 108, 3480 <unfinished ...>
3314  1790834062.620244 pwrite64(45</tmp/TestMixedWorkflowsRecoverFromFourServerFaults874006668/001/node-1/jetstream/$SYS/_js_/C-R3F-Qi7jewV8/msgs/1.blk>, "l\0\0\0 \0\0\0\0\0\0\0.u%z\27R\332\30\0\0St9I6EVH\3\0"..., 108, 3480 <unfinished ...>
3271  1790834062.622248 <... pwrite64 resumed>) = 683 (DELAYED) <0.025055>
3271  1790834062.622461 --- SIGURG {si_signo=SIGURG, si_code=SI_TKILL, si_pid=3265, si_uid=1001} ---
3315  1790834062.624856 pwrite64(30</tmp/TestMixedWorkflowsRecoverFromFourServerFaults874006668/001/node-1/jetstream/$G/streams/KV_WF_LEASE/msgs/1.blk>, "\267\0\0\200\201\2\0\0\0\0\0\0i\256Fz\27R\332\30:\0$KV.WF_LEA"..., 683, 106692 <unfinished ...>
3320  1790834062.628366 <... pwrite64 resumed>) = 1020 (DELAYED) <0.025076>
3317  1790834062.631982 pwrite64(31</tmp/TestMixedWorkflowsRecoverFromFourServerFaults874006668/001/node-1/jetstream/$SYS/_js_/S-R3F-OEyp3t6z/msgs/2.blk>, "\34\1\0\0\33\0\0\0\0\0\0\0\273\7\327z\27R\332\30\0\0000WED9nmv\2\0"..., 284, 7241 <unfinished ...>
3321  1790834062.633062 pwrite64(24</tmp/TestMixedWorkflowsRecoverFromFourServerFaults874006668/001/node-1/jetstream/$G/streams/WF_JRN/msgs/1.blk>, "4\1\0\200B\1\0\0\0\0\0\0\311\355\260z\27R\332\0304\0wf.jrn.mix"..., 1156, 88900 <unfinished ...>
3271  1790834062.640360 newfstatat(AT_FDCWD</home/runner/work/js-wf/js-wf/integration>, "/tmp/TestMixedWorkflowsRecoverFromFourServerFaults874006668/001/node-1/jetstream/$G/streams/WF_RUN/obs/WF_P_15/o.dat", {st_mode=S_IFREG|0600, st_size=8, ...}, AT_SYMLINK_NOFOLLOW) = 0 <0.000042>
3271  1790834062.640488 renameat(AT_FDCWD</home/runner/work/js-wf/js-wf/integration>, "/tmp/TestMixedWorkflowsRecoverFromFourServerFaults874006668/001/node-1/jetstream/$G/streams/WF_RUN/obs/WF_P_15/o.dat.tmp", AT_FDCWD</home/runner/work/js-wf/js-wf/integration>, "/tmp/TestMixedWorkflowsRecoverFromFourServerFaults874006668/001/node-1/jetstream/$G/streams/WF_RUN/obs/WF_P_15/o.dat") = 0 <0.000175>
3303  1790834062.645264 pwrite64(40</tmp/TestMixedWorkflowsRecoverFromFourServerFaults874006668/001/node-1/jetstream/$SYS/_js_/C-R3F-MUBUTFU3/msgs/1.blk>, "l\0\0\0\36\0\0\0\0\0\0\0\227}\243{\27R\332\30\0\0St9I6EVH\3\0"..., 108, 3313 <unfinished ...>
3319  1790834062.645363 <... pwrite64 resumed>) = 108 (DELAYED) <0.025123>
3314  1790834062.645390 <... pwrite64 resumed>) = 108 (DELAYED) <0.025130>
3315  1790834062.649911 <... pwrite64 resumed>) = 683 (DELAYED) <0.025028>
3314  1790834062.652225 pwrite64(30</tmp/TestMixedWorkflowsRecoverFromFourServerFaults874006668/001/node-1/jetstream/$G/streams/KV_WF_LEASE/msgs/1.blk>, "\267\0\0\200\205\2\0\0\0\0\0\0\223v\355{\27R\332\30:\0$KV.WF_LEA"..., 501, 107375 <unfinished ...>
3317  1790834062.657048 <... pwrite64 resumed>) = 284 (DELAYED) <0.025031>
3321  1790834062.658126 <... pwrite64 resumed>) = 1156 (DELAYED) <0.025037>
3315  1790834062.659331 pwrite64(32</tmp/TestMixedWorkflowsRecoverFromFourServerFaults874006668/001/node-1/jetstream/$G/streams/KV_WF_STATE/msgs/1.blk>, "\256\0\0\200\34\0\0\0\0\0\0\0v\345\321z\27R\332\30:\0$KV.WF_STA"..., 174, 4348 <unfinished ...>
3317  1790834062.662252 pwrite64(24</tmp/TestMixedWorkflowsRecoverFromFourServerFaults874006668/001/node-1/jetstream/$G/streams/WF_JRN/msgs/1.blk>, "\362\0\0\200F\1\0\0\0\0\0\0\27$y|\27R\332\0304\0wf.jrn.mix"..., 677, 90056 <unfinished ...>
3271  1790834062.663245 pwrite64(21</tmp/TestMixedWorkflowsRecoverFromFourServerFaults874006668/001/node-1/jetstream/$SYS/_js_/S-R3F-G9FrvoEG/msgs/2.blk>, "\332\0\0\0\252\0\0\0\0\0\0\0\243\344\265|\27R\332\30\0\0St9I6EVH\3\0"..., 218, 44816 <unfinished ...>
3321  1790834062.664197 pwrite64(26</tmp/TestMixedWorkflowsRecoverFromFourServerFaults874006668/001/node-1/jetstream/$G/streams/WF_SIG/msgs/1.blk>, "R\1\0\2001\0\0\0\0\0\0\0\275\212\233|\27R\332\30%\0wf.sig.mix"..., 338, 13762 <unfinished ...>
3303  1790834062.670325 <... pwrite64 resumed>) = 108 (DELAYED) <0.025035>
3303  1790834062.670376 --- SIGURG {si_signo=SIGURG, si_code=SI_TKILL, si_pid=3265, si_uid=1001} ---
3303  1790834062.670575 pwrite64(40</tmp/TestMixedWorkflowsRecoverFromFourServerFaults874006668/001/node-1/jetstream/$SYS/_js_/C-R3F-MUBUTFU3/msgs/1.blk>, "l\0\0\0\37\0\0\0\0\0\0\0y\333%}\27R\332\30\0\0St9I6EVH\3\0"..., 108, 3421 <unfinished ...>
3314  1790834062.677283 <... pwrite64 resumed>) = 501 (DELAYED) <0.025029>
3320  1790834062.680521 pwrite64(30</tmp/TestMixedWorkflowsRecoverFromFourServerFaults874006668/001/node-1/jetstream/$G/streams/KV_WF_LEASE/msgs/1.blk>, "\267\0\0\200\210\2\0\0\0\0\0\0|\30\217}\27R\332\30:\0$KV.WF_LEA"..., 501, 107876 <unfinished ...>
3315  1790834062.684366 <... pwrite64 resumed>) = 174 (DELAYED) <0.025007>
3317  1790834062.687318 <... pwrite64 resumed>) = 677 (DELAYED) <0.025035>
3271  1790834062.688350 <... pwrite64 resumed>) = 218 (DELAYED) <0.025077>
3321  1790834062.689282 <... pwrite64 resumed>) = 338 (DELAYED) <0.025059>
3317  1790834062.690928 pwrite64(22</tmp/TestMixedWorkflowsRecoverFromFourServerFaults874006668/001/node-1/jetstream/$G/streams/WF_RUN/msgs/1.blk>, "l\0\0\200\211\0\0\0\0\0\0\0\202d\265|\27R\332\30\t\0wf.run.55+"..., 108, 25931 <unfinished ...>
3285  1790834062.690978 pwrite64(24</tmp/TestMixedWorkflowsRecoverFromFourServerFaults874006668/001/node-1/jetstream/$G/streams/WF_JRN/msgs/1.blk>, "\27\1\0\200I\1\0\0\0\0\0\0\330\254;~\27R\332\30\35\0wf.jrn.mix"..., 809, 90733 <unfinished ...>
3315  1790834062.691206 pwrite64(31</tmp/TestMixedWorkflowsRecoverFromFourServerFaults874006668/001/node-1/jetstream/$SYS/_js_/S-R3F-OEyp3t6z/msgs/2.blk>, "\34\1\0\0\34\0\0\0\0\0\0\0j\205`~\27R\332\30\0\0000WED9nmv\2\0"..., 284, 7525 <unfinished ...>
3303  1790834062.695664 <... pwrite64 resumed>) = 108 (DELAYED) <0.025068>
3320  1790834062.705604 <... pwrite64 resumed>) = 501 (DELAYED) <0.025056>
3320  1790834062.705999 --- SIGURG {si_signo=SIGURG, si_code=SI_TKILL, si_pid=3265, si_uid=1001} ---
3320  1790834062.708442 pwrite64(30</tmp/TestMixedWorkflowsRecoverFromFourServerFaults874006668/001/node-1/jetstream/$G/streams/KV_WF_LEASE/msgs/1.blk>, "\237\0\0\200\213\2\0\0\0\0\0\0!c@\177\27R\332\30#\0$KV.WF_LEA"..., 318, 108377 <unfinished ...>
3317  1790834062.716009 <... pwrite64 resumed>) = 108 (DELAYED) <0.025044>
3285  1790834062.716126 <... pwrite64 resumed>) = 809 (DELAYED) <0.025121>
3315  1790834062.716252 <... pwrite64 resumed>) = 284 (DELAYED) <0.025024>
3319  1790834062.719103 pwrite64(32</tmp/TestMixedWorkflowsRecoverFromFourServerFaults874006668/001/node-1/jetstream/$G/streams/KV_WF_STATE/msgs/1.blk>, "\256\0\0\200\35\0\0\0\0\0\0\0cF\\~\27R\332\30:\0$KV.WF_STA"..., 174, 4522 <unfinished ...>
3317  1790834062.720271 pwrite64(24</tmp/TestMixedWorkflowsRecoverFromFourServerFaults874006668/001/node-1/jetstream/$G/streams/WF_JRN/msgs/1.blk>, "\331\0\0\200L\1\0\0\0\0\0\0\233\35\364\177\27R\332\30\35\0wf.jrn.mix"..., 435, 91542 <unfinished ...>
3315  1790834062.723292 pwrite64(21</tmp/TestMixedWorkflowsRecoverFromFourServerFaults874006668/001/node-1/jetstream/$SYS/_js_/S-R3F-G9FrvoEG/msgs/2.blk>, "\332\0\0\0\253\0\0\0\0\0\0\0\205/J\200\27R\332\30\0\0St9I6EVH\3\0"..., 218, 45034 <unfinished ...>
3303  1790834062.724676 pwrite64(26</tmp/TestMixedWorkflowsRecoverFromFourServerFaults874006668/001/node-1/jetstream/$G/streams/WF_SIG/msgs/1.blk>, "R\1\0\2002\0\0\0\0\0\0\0!W5\200\27R\332\30%\0wf.sig.mix"..., 338, 14100 <unfinished ...>
3320  1790834062.733594 <... pwrite64 resumed>) = 318 (DELAYED) <0.025112>
3321  1790834062.735933 pwrite64(30</tmp/TestMixedWorkflowsRecoverFromFourServerFaults874006668/001/node-1/jetstream/$G/streams/KV_WF_LEASE/msgs/1.blk>, "\245\0\0\200\215\2\0\0\0\0\0\0Z\323\351\200\27R\332\30:\0$KV.WF_LEA"..., 483, 108695 <unfinished ...>
3285  1790834062.735982 pwrite64(51</tmp/TestMixedWorkflowsRecoverFromFourServerFaults874006668/001/node-1/jetstream/$SYS/_js_/C-R3F-tOdRrkzy/msgs/1.blk>, "u\0\0\0000\0\0\0\0\0\0\0\246\24\v\201\27R\332\30\0\0St9I6EVH\3\0"..., 117, 5074 <unfinished ...>
3319  1790834062.744170 <... pwrite64 resumed>) = 174 (DELAYED) <0.025030>
3317  1790834062.745326 <... pwrite64 resumed>) = 435 (DELAYED) <0.025022>
3315  1790834062.748470 <... pwrite64 resumed>) = 218 (DELAYED) <0.025150>
3271  1790834062.749308 pwrite64(24</tmp/TestMixedWorkflowsRecoverFromFourServerFaults874006668/001/node-1/jetstream/$G/streams/WF_JRN/msgs/1.blk>, "\27\1\0\200N\1\0\0\0\0\0\0000d\260\201\27R\332\30\35\0wf.jrn.mix"..., 558, 91977 <unfinished ...>
3303  1790834062.749781 <... pwrite64 resumed>) = 338 (DELAYED) <0.025079>
3319  1790834062.750968 pwrite64(22</tmp/TestMixedWorkflowsRecoverFromFourServerFaults874006668/001/node-1/jetstream/$G/streams/WF_RUN/msgs/1.blk>, "l\0\0\200\212\0\0\0\0\0\0\0\337\tJ\200\27R\332\30\t\0wf.run.55+"..., 108, 26039 <unfinished ...>
3321  1790834062.760987 <... pwrite64 resumed>) = 483 (DELAYED) <0.025015>
3285  1790834062.761147 <... pwrite64 resumed>) = 117 (DELAYED) <0.025144>
3303  1790834062.763127 newfstatat(AT_FDCWD</home/runner/work/js-wf/js-wf/integration>, "/tmp/TestMixedWorkflowsRecoverFromFourServerFaults874006668/001/node-1/jetstream/$G/streams/WF_RUN/obs/WF_P_33/o.dat", {st_mode=S_IFREG|0600, st_size=18, ...}, AT_SYMLINK_NOFOLLOW) = 0 <0.000020>
3303  1790834062.763216 renameat(AT_FDCWD</home/runner/work/js-wf/js-wf/integration>, "/tmp/TestMixedWorkflowsRecoverFromFourServerFaults874006668/001/node-1/jetstream/$G/streams/WF_RUN/obs/WF_P_33/o.dat.tmp", AT_FDCWD</home/runner/work/js-wf/js-wf/integration>, "/tmp/TestMixedWorkflowsRecoverFromFourServerFaults874006668/001/node-1/jetstream/$G/streams/WF_RUN/obs/WF_P_33/o.dat" <unfinished ...>
3314  1790834062.763469 pwrite64(30</tmp/TestMixedWorkflowsRecoverFromFourServerFaults874006668/001/node-1/jetstream/$G/streams/KV_WF_LEASE/msgs/1.blk>, "\237\0\0\200\220\2\0\0\0\0\0\0n\365\213\202\27R\332\30#\0$KV.WF_LEA"..., 477, 109178 <unfinished ...>
3303  1790834062.763494 <... renameat resumed>) = 0 <0.000256>
3271  1790834062.774360 <... pwrite64 resumed>) = 558 (DELAYED) <0.025020>
3271  1790834062.774679 --- SIGURG {si_signo=SIGURG, si_code=SI_TKILL, si_pid=3265, si_uid=1001} ---
3319  1790834062.776122 <... pwrite64 resumed>) = 108 (DELAYED) <0.025127>
3319  1790834062.776233 pwrite64(21</tmp/TestMixedWorkflowsRecoverFromFourServerFaults874006668/001/node-1/jetstream/$SYS/_js_/S-R3F-G9FrvoEG/msgs/2.blk>, "\225\0\0\0\254\0\0\0\0\0\0\0v\352q\203\27R\332\30\0\0St9I6EVH\3\0"..., 149, 45252 <unfinished ...>
3317  1790834062.778155 pwrite64(24</tmp/TestMixedWorkflowsRecoverFromFourServerFaults874006668/001/node-1/jetstream/$G/streams/WF_JRN/msgs/1.blk>, "h\1\0\200P\1\0\0\0\0\0\0v\266i\203\27R\332\30\35\0wf.jrn.mix"..., 795, 92535 <unfinished ...>
3314  1790834062.788539 <... pwrite64 resumed>) = 477 (DELAYED) <0.025043>
3314  1790834062.788730 --- SIGURG {si_signo=SIGURG, si_code=SI_TKILL, si_pid=3265, si_uid=1001} ---
3314  1790834062.790571 pwrite64(53</tmp/TestMixedWorkflowsRecoverFromFourServerFaults874006668/001/node-1/jetstream/$SYS/_js_/C-R3F-SvU2CKnb/msgs/1.blk>, "R\0\0\0&\0\0\0\0\0\0\0S\233L\204\27R\332\30\0\0St9I6EVH\3\0"..., 82, 3993 <unfinished ...>
3303  1790834062.791196 pwrite64(30</tmp/TestMixedWorkflowsRecoverFromFourServerFaults874006668/001/node-1/jetstream/$G/streams/KV_WF_LEASE/msgs/1.blk>, "\245\0\0\200\223\2\0\0\0\0\0\0\22460\204\27R\332\30:\0$KV.WF_LEA"..., 642, 109655 <unfinished ...>
3319  1790834062.801289 <... pwrite64 resumed>) = 149 (DELAYED) <0.025021>
3317  1790834062.803224 <... pwrite64 resumed>) = 795 (DELAYED) <0.025021>
3285  1790834062.803483 pwrite64(22</tmp/TestMixedWorkflowsRecoverFromFourServerFaults874006668/001/node-1/jetstream/$G/streams/WF_RUN/msgs/1.blk>, "\36\0\0\0\210\0\0\0\0\0\0@\377\213\233g\27R\332\30\0\0\335q\376\257\177\302\255\303", 30, 26147 <unfinished ...>
3321  1790834062.806379 pwrite64(24</tmp/TestMixedWorkflowsRecoverFromFourServerFaults874006668/001/node-1/jetstream/$G/streams/WF_JRN/msgs/1.blk>, "h\1\0\200S\1\0\0\0\0\0\0c\351\37\205\27R\332\30\35\0wf.jrn.mix"..., 918, 93330 <unfinished ...>
3319  1790834062.815644 pwrite64(39</tmp/TestMixedWorkflowsRecoverFromFourServerFaults874006668/001/node-1/jetstream/$SYS/_js_/C-R3F-7OjMKAQS/msgs/1.blk>, "l\0\0\0\"\0\0\0\0\0\0\0\311\353\312\205\27R\332\30\0\0St9I6EVH\3\0"..., 108, 3715 <unfinished ...>
3314  1790834062.815692 <... pwrite64 resumed>) = 82 (DELAYED) <0.025084>
3315  1790834062.815882 pwrite64(53</tmp/TestMixedWorkflowsRecoverFromFourServerFaults874006668/001/node-1/jetstream/$SYS/_js_/C-R3F-SvU2CKnb/msgs/1.blk>, "z\0\0\0'\0\0\0\0\0\0\0l\227\316\205\27R\332\30\0\0St9I6EVH\3\0"..., 122, 4075 <unfinished ...>
3303  1790834062.816329 <... pwrite64 resumed>) = 642 (DELAYED) <0.025109>
3314  1790834062.818388 pwrite64(30</tmp/TestMixedWorkflowsRecoverFromFourServerFaults874006668/001/node-1/jetstream/$G/streams/KV_WF_LEASE/msgs/1.blk>, "\237\0\0\200\227\2\0\0\0\0\0\0$?\327\205\27R\332\30#\0$KV.WF_LEA"..., 477, 110297 <unfinished ...>
3285  1790834062.828555 <... pwrite64 resumed>) = 30 (DELAYED) <0.025035>
3321  1790834062.831436 <... pwrite64 resumed>) = 918 (DELAYED) <0.025030>
3320  1790834062.835666 pwrite64(24</tmp/TestMixedWorkflowsRecoverFromFourServerFaults874006668/001/node-1/jetstream/$G/streams/WF_JRN/msgs/1.blk>, "\332\0\0\200V\1\0\0\0\0\0\0P\22\320\206\27R\332\30\35\0wf.jrn.mix"..., 653, 94248 <unfinished ...>
3319  1790834062.840709 <... pwrite64 resumed>) = 108 (DELAYED) <0.025037>
3315  1790834062.840973 <... pwrite64 resumed>) = 122 (DELAYED) <0.025065>
3315  1790834062.841309 pwrite64(21</tmp/TestMixedWorkflowsRecoverFromFourServerFaults874006668/001/node-1/jetstream/$SYS/_js_/S-R3F-G9FrvoEG/msgs/2.blk>, "\225\0\0\0\255\0\0\0\0\0\0\0j)R\207\27R\332\30\0\0St9I6EVH\3\0"..., 149, 45401 <unfinished ...>
3271  1790834062.841911 pwrite64(39</tmp/TestMixedWorkflowsRecoverFromFourServerFaults874006668/001/node-1/jetstream/$SYS/_js_/C-R3F-7OjMKAQS/msgs/1.blk>, "l\0\0\0#\0\0\0\0\0\0\0\234\24[\207\27R\332\30\0\0St9I6EVH\3\0"..., 108, 3823 <unfinished ...>
3319  1790834062.842595 newfstatat(AT_FDCWD</home/runner/work/js-wf/js-wf/integration>, "/tmp/TestMixedWorkflowsRecoverFromFourServerFaults874006668/001/node-1/jetstream/$G/streams/WF_RUN/obs/WF_P_63/o.dat", {st_mode=S_IFREG|0600, st_size=18, ...}, AT_SYMLINK_NOFOLLOW) = 0 <0.000028>
3319  1790834062.842700 renameat(AT_FDCWD</home/runner/work/js-wf/js-wf/integration>, "/tmp/TestMixedWorkflowsRecoverFromFourServerFaults874006668/001/node-1/jetstream/$G/streams/WF_RUN/obs/WF_P_63/o.dat.tmp", AT_FDCWD</home/runner/work/js-wf/js-wf/integration>, "/tmp/TestMixedWorkflowsRecoverFromFourServerFaults874006668/001/node-1/jetstream/$G/streams/WF_RUN/obs/WF_P_63/o.dat") = 0 <0.000194>
3314  1790834062.843424 <... pwrite64 resumed>) = 477 (DELAYED) <0.024999>
3321  1790834062.845562 pwrite64(30</tmp/TestMixedWorkflowsRecoverFromFourServerFaults874006668/001/node-1/jetstream/$G/streams/KV_WF_LEASE/msgs/1.blk>, "\237\0\0\200\232\2\0\0\0\0\0\0\37 u\207\27R\332\30#\0$KV.WF_LEA"..., 477, 110774 <unfinished ...>
3320  1790834062.860726 <... pwrite64 resumed>) = 653 (DELAYED) <0.025032>
3320  1790834062.860985 --- SIGURG {si_signo=SIGURG, si_code=SI_TKILL, si_pid=3265, si_uid=1001} ---
3285  1790834062.865293 pwrite64(24</tmp/TestMixedWorkflowsRecoverFromFourServerFaults874006668/001/node-1/jetstream/$G/streams/WF_JRN/msgs/1.blk>, "\27\1\0\200Y\1\0\0\0\0\0\0<\234\222\210\27R\332\30\35\0wf.jrn.mix"..., 842, 94901 <unfinished ...>
3315  1790834062.866362 <... pwrite64 resumed>) = 149 (DELAYED) <0.025022>
3271  1790834062.866978 <... pwrite64 resumed>) = 108 (DELAYED) <0.025038>
3271  1790834062.867122 pwrite64(39</tmp/TestMixedWorkflowsRecoverFromFourServerFaults874006668/001/node-1/jetstream/$SYS/_js_/C-R3F-7OjMKAQS/msgs/1.blk>, "W\0\0\0$\0\0\0\0\0\0\0b\271\334\210\27R\332\30\0\0St9I6EVH\3\0"..., 87, 3931 <unfinished ...>
3319  1790834062.868970 pwrite64(22</tmp/TestMixedWorkflowsRecoverFromFourServerFaults874006668/001/node-1/jetstream/$G/streams/WF_RUN/msgs/1.blk>, "\36\0\0\0\207\0\0\0\0\0\0@\312V\353e\27R\332\30\0\0\260\254\327\213\6\353\213\20", 30, 26177 <unfinished ...>
3321  1790834062.870614 <... pwrite64 resumed>) = 477 (DELAYED) <0.025024>
3314  1790834062.872705 pwrite64(30</tmp/TestMixedWorkflowsRecoverFromFourServerFaults874006668/001/node-1/jetstream/$G/streams/KV_WF_LEASE/msgs/1.blk>, "\237\0\0\200\235\2\0\0\0\0\0\0\254V\24\211\27R\332\30#\0$KV.WF_LEA"..., 477, 111251 <unfinished ...>
3285  1790834062.890368 <... pwrite64 resumed>) = 842 (DELAYED) <0.025043>
3285  1790834062.890707 --- SIGURG {si_signo=SIGURG, si_code=SI_TKILL, si_pid=3265, si_uid=1001} ---
3271  1790834062.892175 <... pwrite64 resumed>) = 87 (DELAYED) <0.025023>
3271  1790834062.894011 pwrite64(24</tmp/TestMixedWorkflowsRecoverFromFourServerFaults874006668/001/node-1/jetstream/$G/streams/WF_JRN/msgs/1.blk>, "\332\0\0\200\\\1\0\0\0\0\0\0\327\204V\212\27R\332\30\35\0wf.jrn.mix"..., 653, 95743 <unfinished ...>
3319  1790834062.894075 <... pwrite64 resumed>) = 30 (DELAYED) <0.025077>
3320  1790834062.894168 newfstatat(AT_FDCWD</home/runner/work/js-wf/js-wf/integration>, "/tmp/TestMixedWorkflowsRecoverFromFourServerFaults874006668/001/node-1/jetstream/$G/streams/WF_RUN/obs/WF_P_18/o.dat", {st_mode=S_IFREG|0600, st_size=9, ...}, AT_SYMLINK_NOFOLLOW) = 0 <0.000030>
3320  1790834062.894264 renameat(AT_FDCWD</home/runner/work/js-wf/js-wf/integration>, "/tmp/TestMixedWorkflowsRecoverFromFourServerFaults874006668/001/node-1/jetstream/$G/streams/WF_RUN/obs/WF_P_18/o.dat.tmp", AT_FDCWD</home/runner/work/js-wf/js-wf/integration>, "/tmp/TestMixedWorkflowsRecoverFromFourServerFaults874006668/001/node-1/jetstream/$G/streams/WF_RUN/obs/WF_P_18/o.dat") = 0 <0.000164>
3314  1790834062.897776 <... pwrite64 resumed>) = 477 (DELAYED) <0.025037>
3285  1790834062.899912 pwrite64(30</tmp/TestMixedWorkflowsRecoverFromFourServerFaults874006668/001/node-1/jetstream/$G/streams/KV_WF_LEASE/msgs/1.blk>, "\237\0\0\200\240\2\0\0\0\0\0\0z\312\262\212\27R\332\30#\0$KV.WF_LEA"..., 477, 111728 <unfinished ...>
3314  1790834062.900775 pwrite64(53</tmp/TestMixedWorkflowsRecoverFromFourServerFaults874006668/001/node-1/jetstream/$SYS/_js_/C-R3F-SvU2CKnb/msgs/1.blk>, "l\0\0\0(\0\0\0\0\0\0\0\4N\336\212\27R\332\30\0\0St9I6EVH\3\0"..., 108, 4197 <unfinished ...>
3271  1790834062.919113 <... pwrite64 resumed>) = 653 (DELAYED) <0.025070>
3271  1790834062.919485 --- SIGURG {si_signo=SIGURG, si_code=SI_TKILL, si_pid=3265, si_uid=1001} ---
3319  1790834062.924290 pwrite64(24</tmp/TestMixedWorkflowsRecoverFromFourServerFaults874006668/001/node-1/jetstream/$G/streams/WF_JRN/msgs/1.blk>, "\27\1\0\200_\1\0\0\0\0\0\0QA\20\214\27R\332\30\35\0wf.jrn.mix"..., 842, 96396 <unfinished ...>
3285  1790834062.924979 <... pwrite64 resumed>) = 477 (DELAYED) <0.025039>
3314  1790834062.925889 <... pwrite64 resumed>) = 108 (DELAYED) <0.025080>
3314  1790834062.925965 pwrite64(53</tmp/TestMixedWorkflowsRecoverFromFourServerFaults874006668/001/node-1/jetstream/$SYS/_js_/C-R3F-SvU2CKnb/msgs/1.blk>, "l\0\0\0)\0\0\0\0\0\0\0D\270^\214\27R\332\30\0\0St9I6EVH\3\0"..., 108, 4305 <unfinished ...>
3285  1790834062.928345 pwrite64(30</tmp/TestMixedWorkflowsRecoverFromFourServerFaults874006668/001/node-1/jetstream/$G/streams/KV_WF_LEASE/msgs/1.blk>, "\237\0\0\200\243\2\0\0\0\0\0\0\250\367R\214\27R\332\30#\0$KV.WF_LEA"..., 477, 112205 <unfinished ...>
3315  1790834062.944015 newfstatat(AT_FDCWD</home/runner/work/js-wf/js-wf/integration>, "/tmp/TestMixedWorkflowsRecoverFromFourServerFaults874006668/001/node-1/jetstream/$G/streams/WF_RUN/obs/WF_P_63/o.dat", {st_mode=S_IFREG|0600, st_size=10, ...}, AT_SYMLINK_NOFOLLOW) = 0 <0.000036>
3315  1790834062.944117 renameat(AT_FDCWD</home/runner/work/js-wf/js-wf/integration>, "/tmp/TestMixedWorkflowsRecoverFromFourServerFaults874006668/001/node-1/jetstream/$G/streams/WF_RUN/obs/WF_P_63/o.dat.tmp", AT_FDCWD</home/runner/work/js-wf/js-wf/integration>, "/tmp/TestMixedWorkflowsRecoverFromFourServerFaults874006668/001/node-1/jetstream/$G/streams/WF_RUN/obs/WF_P_63/o.dat") = 0 <0.000166>
3319  1790834062.949374 <... pwrite64 resumed>) = 842 (DELAYED) <0.025052>
3319  1790834062.949681 --- SIGURG {si_signo=SIGURG, si_code=SI_TKILL, si_pid=3265, si_uid=1001} ---
3314  1790834062.951080 <... pwrite64 resumed>) = 108 (DELAYED) <0.025093>
3285  1790834062.953413 <... pwrite64 resumed>) = 477 (DELAYED) <0.025041>
3285  1790834062.953571 pwrite64(24</tmp/TestMixedWorkflowsRecoverFromFourServerFaults874006668/001/node-1/jetstream/$G/streams/WF_JRN/msgs/1.blk>, "\331\0\0\200b\1\0\0\0\0\0\0\371\272\333\215\27R\332\30\35\0wf.jrn.mix"..., 653, 97238 <unfinished ...>
3315  1790834062.955635 pwrite64(30</tmp/TestMixedWorkflowsRecoverFromFourServerFaults874006668/001/node-1/jetstream/$G/streams/KV_WF_LEASE/msgs/1.blk>, "\237\0\0\200\246\2\0\0\0\0\0\0C\256\5\216\27R\332\30#\0$KV.WF_LEA"..., 477, 112682 <unfinished ...>
3314  1790834062.976081 --- SIGURG {si_signo=SIGURG, si_code=SI_TKILL, si_pid=3265, si_uid=1001} ---
3285  1790834062.978630 <... pwrite64 resumed>) = 653 (DELAYED) <0.025035>
3315  1790834062.980705 <... pwrite64 resumed>) = 477 (DELAYED) <0.025039>
3271  1790834062.982535 pwrite64(24</tmp/TestMixedWorkflowsRecoverFromFourServerFaults874006668/001/node-1/jetstream/$G/streams/WF_JRN/msgs/1.blk>, "\35\1\0\200e\1\0\0\0\0\0\0\326\25\225\217\27R\332\30\35\0wf.jrn.mix"..., 843, 97891 <unfinished ...>
3285  1790834062.984524 pwrite64(30</tmp/TestMixedWorkflowsRecoverFromFourServerFaults874006668/001/node-1/jetstream/$G/streams/KV_WF_LEASE/msgs/1.blk>, "\237\0\0\200\251\2\0\0\0\0\0\0\347\234\261\217\27R\332\30#\0$KV.WF_LEA"..., 477, 113159 <unfinished ...>
3319  1790834063.001228 --- SIGURG {si_signo=SIGURG, si_code=SI_TKILL, si_pid=3265, si_uid=1001} ---
3320  1790834063.006003 pwrite64(42</tmp/TestMixedWorkflowsRecoverFromFourServerFaults874006668/001/node-1/jetstream/$SYS/_js_/C-R3F-Fspi1V4u/msgs/1.blk>, "l\0\0\0)\0\0\0\0\0\0\0\331\253#\221\27R\332\30\0\0St9I6EVH\2\0"..., 108, 4568 <unfinished ...>
3271  1790834063.007605 <... pwrite64 resumed>) = 843 (DELAYED) <0.025029>
3285  1790834063.009599 <... pwrite64 resumed>) = 477 (DELAYED) <0.025049>
3319  1790834063.012695 pwrite64(30</tmp/TestMixedWorkflowsRecoverFromFourServerFaults874006668/001/node-1/jetstream/$G/streams/KV_WF_LEASE/msgs/1.blk>, "\237\0\0\200\254\2\0\0\0\0\0\0\375\242i\221\27R\332\30#\0$KV.WF_LEA"..., 477, 113636 <unfinished ...>
3285  1790834063.013300 pwrite64(24</tmp/TestMixedWorkflowsRecoverFromFourServerFaults874006668/001/node-1/jetstream/$G/streams/WF_JRN/msgs/1.blk>, "\332\0\0\200h\1\0\0\0\0\0\0\343&O\221\27R\332\30\35\0wf.jrn.mix"..., 653, 98734 <unfinished ...>
3320  1790834063.031101 <... pwrite64 resumed>) = 108 (DELAYED) <0.025067>
3320  1790834063.031377 pwrite64(42</tmp/TestMixedWorkflowsRecoverFromFourServerFaults874006668/001/node-1/jetstream/$SYS/_js_/C-R3F-Fspi1V4u/msgs/1.blk>, "z\0\0\0*\0\0\0\0\0\0\0\n\355\246\222\27R\332\30\0\0St9I6EVH\2\0"..., 122, 4676 <unfinished ...>
3315  1790834063.036198 pwrite64(43</tmp/TestMixedWorkflowsRecoverFromFourServerFaults874006668/001/node-1/jetstream/$SYS/_js_/C-R3F-HBMz3Eb7/msgs/1.blk>, "l\0\0\0#\0\0\0\0\0\0\0\261b\360\222\27R\332\30\0\0St9I6EVH\3\0"..., 108, 3661 <unfinished ...>
3319  1790834063.037753 <... pwrite64 resumed>) = 477 (DELAYED) <0.025030>
3285  1790834063.038363 <... pwrite64 resumed>) = 653 (DELAYED) <0.025020>
3314  1790834063.040472 pwrite64(24</tmp/TestMixedWorkflowsRecoverFromFourServerFaults874006668/001/node-1/jetstream/$G/streams/WF_JRN/msgs/1.blk>, "\343\0\0\200k\1\0\0\0\0\0\0\273\264\23\223\27R\332\30\35\0wf.jrn.mix"..., 785, 99387 <unfinished ...>
3321  1790834063.040519 pwrite64(31</tmp/TestMixedWorkflowsRecoverFromFourServerFaults874006668/001/node-1/jetstream/$SYS/_js_/S-R3F-OEyp3t6z/msgs/2.blk>, "\5\1\0\0\35\0\0\0\0\0\0\0\264b2\223\27R\332\30\0\0000WED9nmv\2\0"..., 261, 7809 <unfinished ...>
3285  1790834063.043323 pwrite64(30</tmp/TestMixedWorkflowsRecoverFromFourServerFaults874006668/001/node-1/jetstream/$G/streams/KV_WF_LEASE/msgs/1.blk>, "\237\0\0\200\257\2\0\0\0\0\0\0r!.\223\27R\332\30#\0$KV.WF_LEA"..., 318, 114113 <unfinished ...>
3320  1790834063.056531 <... pwrite64 resumed>) = 122 (DELAYED) <0.025117>
3320  1790834063.056575 --- SIGURG {si_signo=SIGURG, si_code=SI_TKILL, si_pid=3265, si_uid=1001} ---
3288  1790834063.058170 newfstatat(AT_FDCWD</home/runner/work/js-wf/js-wf/integration>, "/tmp/TestMixedWorkflowsRecoverFromFourServerFaults874006668/001/node-1/jetstream/$G/streams/WF_RUN/obs/WF_P_00/o.dat", {st_mode=S_IFREG|0600, st_size=10, ...}, AT_SYMLINK_NOFOLLOW) = 0 <0.000040>
3288  1790834063.058267 renameat(AT_FDCWD</home/runner/work/js-wf/js-wf/integration>, "/tmp/TestMixedWorkflowsRecoverFromFourServerFaults874006668/001/node-1/jetstream/$G/streams/WF_RUN/obs/WF_P_00/o.dat.tmp", AT_FDCWD</home/runner/work/js-wf/js-wf/integration>, "/tmp/TestMixedWorkflowsRecoverFromFourServerFaults874006668/001/node-1/jetstream/$G/streams/WF_RUN/obs/WF_P_00/o.dat") = 0 <0.000193>
3315  1790834063.061261 <... pwrite64 resumed>) = 108 (DELAYED) <0.025007>
3315  1790834063.061472 pwrite64(43</tmp/TestMixedWorkflowsRecoverFromFourServerFaults874006668/001/node-1/jetstream/$SYS/_js_/C-R3F-HBMz3Eb7/msgs/1.blk>, "~\0\0\0$\0\0\0\0\0\0\0\3249r\224\27R\332\30\0\0St9I6EVH\3\0"..., 126, 3769 <unfinished ...>
3314  1790834063.065566 <... pwrite64 resumed>) = 785 (DELAYED) <0.025066>
3321  1790834063.065596 <... pwrite64 resumed>) = 261 (DELAYED) <0.025053>
3320  1790834063.068254 pwrite64(32</tmp/TestMixedWorkflowsRecoverFromFourServerFaults874006668/001/node-1/jetstream/$G/streams/KV_WF_STATE/msgs/1.blk>, "\227\0\0\200\36\0\0\0\0\0\0\0\332\366'\223\27R\332\30#\0$KV.WF_STA"..., 151, 4696 <unfinished ...>
3285  1790834063.068426 <... pwrite64 resumed>) = 318 (DELAYED) <0.025069>
3317  1790834063.069577 pwrite64(24</tmp/TestMixedWorkflowsRecoverFromFourServerFaults874006668/001/node-1/jetstream/$G/streams/WF_JRN/msgs/1.blk>, "\332\0\0\200n\1\0\0\0\0\0\0\374\v\302\224\27R\332\30\35\0wf.jrn.mix"..., 436, 100172 <unfinished ...>
3314  1790834063.070219 pwrite64(46</tmp/TestMixedWorkflowsRecoverFromFourServerFaults874006668/001/node-1/jetstream/$SYS/_js_/C-R3F-mMm2NIUQ/msgs/1.blk>, "R\0\0\0\33\0\0\0\0\0\0\0\230\312\367\224\27R\332\30\0\0St9I6EVH\3\0"..., 82, 2782 <unfinished ...>
3288  1790834063.071602 pwrite64(30</tmp/TestMixedWorkflowsRecoverFromFourServerFaults874006668/001/node-1/jetstream/$G/streams/KV_WF_LEASE/msgs/1.blk>, "\216\0\0\200\261\2\0\0\0\0\0\0\5;\337\224\27R\332\30#\0$KV.WF_LEA"..., 460, 114431 <unfinished ...>
3315  1790834063.086551 <... pwrite64 resumed>) = 126 (DELAYED) <0.025044>
3315  1790834063.086914 --- SIGURG {si_signo=SIGURG, si_code=SI_TKILL, si_pid=3265, si_uid=1001} ---
3319  1790834063.088667 newfstatat(AT_FDCWD</home/runner/work/js-wf/js-wf/integration>, "/tmp/TestMixedWorkflowsRecoverFromFourServerFaults874006668/001/node-1/jetstream/$G/streams/WF_RUN/obs/WF_P_12/o.dat", {st_mode=S_IFREG|0600, st_size=16, ...}, AT_SYMLINK_NOFOLLOW) = 0 <0.000054>
3319  1790834063.088811 renameat(AT_FDCWD</home/runner/work/js-wf/js-wf/integration>, "/tmp/TestMixedWorkflowsRecoverFromFourServerFaults874006668/001/node-1/jetstream/$G/streams/WF_RUN/obs/WF_P_12/o.dat.tmp", AT_FDCWD</home/runner/work/js-wf/js-wf/integration>, "/tmp/TestMixedWorkflowsRecoverFromFourServerFaults874006668/001/node-1/jetstream/$G/streams/WF_RUN/obs/WF_P_12/o.dat") = 0 <0.000201>
3320  1790834063.093318 <... pwrite64 resumed>) = 151 (DELAYED) <0.025028>
3317  1790834063.094625 <... pwrite64 resumed>) = 436 (DELAYED) <0.025013>
3314  1790834063.095324 <... pwrite64 resumed>) = 82 (DELAYED) <0.025081>
3314  1790834063.095540 pwrite64(46</tmp/TestMixedWorkflowsRecoverFromFourServerFaults874006668/001/node-1/jetstream/$SYS/_js_/C-R3F-mMm2NIUQ/msgs/1.blk>, "\242\0\0\0\34\0\0\0\0\0\0\0\345\"z\226\27R\332\30\0\0St9I6EVH\3\0"..., 162, 2864 <unfinished ...>
3288  1790834063.096668 <... pwrite64 resumed>) = 460 (DELAYED) <0.025041>
3288  1790834063.097829 pwrite64(24</tmp/TestMixedWorkflowsRecoverFromFourServerFaults874006668/001/node-1/jetstream/$G/streams/WF_JRN/msgs/1.blk>, "\27\1\0\200p\1\0\0\0\0\0\0\3102\177\226\27R\332\30\35\0wf.jrn.mix"..., 558, 100608 <unfinished ...>
3285  1790834063.099781 pwrite64(43</tmp/TestMixedWorkflowsRecoverFromFourServerFaults874006668/001/node-1/jetstream/$SYS/_js_/C-R3F-HBMz3Eb7/msgs/1.blk>, "l\0\0\0%\0\0\0\0\0\0\0\211\265\272\226\27R\332\30\0\0St9I6EVH\3\0"..., 108, 3895 <unfinished ...>
3315  1790834063.099900 pwrite64(30</tmp/TestMixedWorkflowsRecoverFromFourServerFaults874006668/001/node-1/jetstream/$G/streams/KV_WF_LEASE/msgs/1.blk>, "\237\0\0\200\264\2\0\0\0\0\0\0\222\356\232\226\27R\332\30#\0$KV.WF_LEA"..., 318, 114891 <unfinished ...>
3314  1790834063.120634 <... pwrite64 resumed>) = 162 (DELAYED) <0.025052>
3314  1790834063.120994 --- SIGURG {si_signo=SIGURG, si_code=SI_TKILL, si_pid=3265, si_uid=1001} ---
3314  1790834063.121261 pwrite64(21</tmp/TestMixedWorkflowsRecoverFromFourServerFaults874006668/001/node-1/jetstream/$SYS/_js_/S-R3F-G9FrvoEG/msgs/2.blk>, "\225\0\0\0\256\0\0\0\0\0\0\0C\36\2\230\27R\332\30\0\0St9I6EVH\3\0"..., 149, 45550 <unfinished ...>
3317  1790834063.122604 newfstatat(AT_FDCWD</home/runner/work/js-wf/js-wf/integration>, "/tmp/TestMixedWorkflowsRecoverFromFourServerFaults874006668/001/node-1/jetstream/$G/streams/WF_RUN/obs/WF_P_55/o.dat", {st_mode=S_IFREG|0600, st_size=18, ...}, AT_SYMLINK_NOFOLLOW) = 0 <0.000028>
3317  1790834063.122724 renameat(AT_FDCWD</home/runner/work/js-wf/js-wf/integration>, "/tmp/TestMixedWorkflowsRecoverFromFourServerFaults874006668/001/node-1/jetstream/$G/streams/WF_RUN/obs/WF_P_55/o.dat.tmp", AT_FDCWD</home/runner/work/js-wf/js-wf/integration>, "/tmp/TestMixedWorkflowsRecoverFromFourServerFaults874006668/001/node-1/jetstream/$G/streams/WF_RUN/obs/WF_P_55/o.dat" <unfinished ...>
3288  1790834063.122912 <... pwrite64 resumed>) = 558 (DELAYED) <0.025049>
3317  1790834063.122959 <... renameat resumed>) = 0 <0.000207>
3285  1790834063.124959 <... pwrite64 resumed>) = 108 (DELAYED) <0.025150>
3315  1790834063.125020 <... pwrite64 resumed>) = 318 (DELAYED) <0.025090>
3285  1790834063.125228 pwrite64(43</tmp/TestMixedWorkflowsRecoverFromFourServerFaults874006668/001/node-1/jetstream/$SYS/_js_/C-R3F-HBMz3Eb7/msgs/1.blk>, "\220\0\0\0&\0\0\0\0\0\0\0\361\322>\230\27R\332\30\0\0St9I6EVH\3\0"..., 144, 4003 <unfinished ...>
3315  1790834063.126062 pwrite64(24</tmp/TestMixedWorkflowsRecoverFromFourServerFaults874006668/001/node-1/jetstream/$G/streams/WF_JRN/msgs/1.blk>, "\332\0\0\200r\1\0\0\0\0\0\0\311\370(\230\27R\332\30\35\0wf.jrn.mix"..., 436, 101166 <unfinished ...>
3317  1790834063.134964 pwrite64(30</tmp/TestMixedWorkflowsRecoverFromFourServerFaults874006668/001/node-1/jetstream/$G/streams/KV_WF_LEASE/msgs/1.blk>, "\237\0\0\200\266\2\0\0\0\0\0\0>MH\230\27R\332\30#\0$KV.WF_LEA"..., 634, 115209 <unfinished ...>
3314  1790834063.146358 <... pwrite64 resumed>) = 149 (DELAYED) <0.025058>
3314  1790834063.146787 --- SIGURG {si_signo=SIGURG, si_code=SI_TKILL, si_pid=3265, si_uid=1001} ---
3320  1790834063.149272 pwrite64(22</tmp/TestMixedWorkflowsRecoverFromFourServerFaults874006668/001/node-1/jetstream/$G/streams/WF_RUN/msgs/1.blk>, "\36\0\0\0\204\0\0\0\0\0\0@\325\213\10N\27R\332\30\0\0\205\270\211^*2\f\25", 30, 26207 <unfinished ...>
3285  1790834063.150405 <... pwrite64 resumed>) = 144 (DELAYED) <0.025132>
3315  1790834063.151140 <... pwrite64 resumed>) = 436 (DELAYED) <0.025044>
3319  1790834063.155321 pwrite64(24</tmp/TestMixedWorkflowsRecoverFromFourServerFaults874006668/001/node-1/jetstream/$G/streams/WF_JRN/msgs/1.blk>, "\27\1\0\200t\1\0\0\0\0\0\0\16W\347\231\27R\332\30\35\0wf.jrn.mix"..., 558, 101602 <unfinished ...>
3317  1790834063.160019 <... pwrite64 resumed>) = 634 (DELAYED) <0.025007>
3315  1790834063.162549 pwrite64(30</tmp/TestMixedWorkflowsRecoverFromFourServerFaults874006668/001/node-1/jetstream/$G/streams/KV_WF_LEASE/msgs/1.blk>, "\237\0\0\200\272\2\0\0\0\0\0\0M\260T\232\27R\332\30#\0$KV.WF_LEA"..., 318, 115843 <unfinished ...>
3314  1790834063.163099 pwrite64(43</tmp/TestMixedWorkflowsRecoverFromFourServerFaults874006668/001/node-1/jetstream/$SYS/_js_/C-R3F-HBMz3Eb7/msgs/1.blk>, "l\0\0\0'\0\0\0\0\0\0\0\362\7\201\232\27R\332\30\0\0St9I6EVH\3\0"..., 108, 4147 <unfinished ...>
3320  1790834063.174324 <... pwrite64 resumed>) = 30 (DELAYED) <0.025012>
3319  1790834063.180395 <... pwrite64 resumed>) = 558 (DELAYED) <0.025047>
3319  1790834063.180689 --- SIGURG {si_signo=SIGURG, si_code=SI_TKILL, si_pid=3265, si_uid=1001} ---
3321  1790834063.185165 pwrite64(24</tmp/TestMixedWorkflowsRecoverFromFourServerFaults874006668/001/node-1/jetstream/$G/streams/WF_JRN/msgs/1.blk>, "\332\0\0\200v\1\0\0\0\0\0\0\262\343\250\233\27R\332\30\35\0wf.jrn.mix"..., 436, 102160 <unfinished ...>
3315  1790834063.187598 <... pwrite64 resumed>) = 318 (DELAYED) <0.025016>
3314  1790834063.188142 <... pwrite64 resumed>) = 108 (DELAYED) <0.025019>
3314  1790834063.188348 pwrite64(43</tmp/TestMixedWorkflowsRecoverFromFourServerFaults874006668/001/node-1/jetstream/$SYS/_js_/C-R3F-HBMz3Eb7/msgs/1.blk>, "\220\0\0\0(\0\0\0\0\0\0\0\343\374\1\234\27R\332\30\0\0St9I6EVH\3\0"..., 144, 4255 <unfinished ...>
3319  1790834063.190443 newfstatat(AT_FDCWD</home/runner/work/js-wf/js-wf/integration>, "/tmp/TestMixedWorkflowsRecoverFromFourServerFaults874006668/001/node-1/jetstream/$G/streams/WF_RUN/obs/WF_P_12/o.dat",  <unfinished ...>
3285  1790834063.190500 pwrite64(30</tmp/TestMixedWorkflowsRecoverFromFourServerFaults874006668/001/node-1/jetstream/$G/streams/KV_WF_LEASE/msgs/1.blk>, "\237\0\0\200\274\2\0\0\0\0\0\0\6=\371\233\27R\332\30#\0$KV.WF_LEA"..., 318, 116161 <unfinished ...>
3319  1790834063.190549 <... newfstatat resumed>{st_mode=S_IFREG|0600, st_size=19, ...}, AT_SYMLINK_NOFOLLOW) = 0 <0.000075>
3319  1790834063.190611 renameat(AT_FDCWD</home/runner/work/js-wf/js-wf/integration>, "/tmp/TestMixedWorkflowsRecoverFromFourServerFaults874006668/001/node-1/jetstream/$G/streams/WF_RUN/obs/WF_P_12/o.dat.tmp", AT_FDCWD</home/runner/work/js-wf/js-wf/integration>, "/tmp/TestMixedWorkflowsRecoverFromFourServerFaults874006668/001/node-1/jetstream/$G/streams/WF_RUN/obs/WF_P_12/o.dat") = 0 <0.000302>
3319  1790834063.191299 pwrite64(49</tmp/TestMixedWorkflowsRecoverFromFourServerFaults874006668/001/node-1/jetstream/$SYS/_js_/C-R3F-JVHEu4zR/msgs/1.blk>, "l\0\0\0)\0\0\0\0\0\0\0\20P/\234\27R\332\30\0\0St9I6EVH\3\0"..., 108, 4350 <unfinished ...>
3317  1790834063.206816 --- SIGURG {si_signo=SIGURG, si_code=SI_TKILL, si_pid=3265, si_uid=1001} ---
3321  1790834063.210230 <... pwrite64 resumed>) = 436 (DELAYED) <0.025030>
3314  1790834063.213403 <... pwrite64 resumed>) = 144 (DELAYED) <0.024997>
3320  1790834063.213706 pwrite64(31</tmp/TestMixedWorkflowsRecoverFromFourServerFaults874006668/001/node-1/jetstream/$SYS/_js_/S-R3F-OEyp3t6z/msgs/2.blk>, "\4\1\0\0\36\0\0\0\0\0\0\0\2303\205\235\27R\332\30\0\0000WED9nmv\2\0"..., 260, 8070 <unfinished ...>
3285  1790834063.215560 <... pwrite64 resumed>) = 318 (DELAYED) <0.025031>
3315  1790834063.215695 pwrite64(24</tmp/TestMixedWorkflowsRecoverFromFourServerFaults874006668/001/node-1/jetstream/$G/streams/WF_JRN/msgs/1.blk>, "\342\0\0\200x\1\0\0\0\0\0\0\233\242b\235\27R\332\30\35\0wf.jrn.mix"..., 505, 102596 <unfinished ...>
3319  1790834063.216417 <... pwrite64 resumed>) = 108 (DELAYED) <0.025093>
3319  1790834063.216497 pwrite64(49</tmp/TestMixedWorkflowsRecoverFromFourServerFaults874006668/001/node-1/jetstream/$SYS/_js_/C-R3F-JVHEu4zR/msgs/1.blk>, "W\0\0\0*\0\0\0\0\0\0\0[\334\257\235\27R\332\30\0\0St9I6EVH\3\0"..., 87, 4458 <unfinished ...>
3321  1790834063.217503 pwrite64(43</tmp/TestMixedWorkflowsRecoverFromFourServerFaults874006668/001/node-1/jetstream/$SYS/_js_/C-R3F-HBMz3Eb7/msgs/1.blk>, "[\0\0\0)\0\0\0\0\0\0\0\2322\277\235\27R\332\30\0\0St9I6EVH\3\0"..., 91, 4399 <unfinished ...>
3288  1790834063.217726 pwrite64(41</tmp/TestMixedWorkflowsRecoverFromFourServerFaults874006668/001/node-1/jetstream/$SYS/_js_/C-R3F-U2k39UyT/msgs/1.blk>, "z\0\0\0000\0\0\0\0\0\0\0)~\302\235\27R\332\30\0\0St9I6EVH\3\0"..., 122, 5539 <unfinished ...>
3317  1790834063.217957 pwrite64(30</tmp/TestMixedWorkflowsRecoverFromFourServerFaults874006668/001/node-1/jetstream/$G/streams/KV_WF_LEASE/msgs/1.blk>, "\237\0\0\200\276\2\0\0\0\0\0\0\270\336\242\235\27R\332\30#\0$KV.WF_LEA"..., 159, 116479 <unfinished ...>
3314  1790834063.224458 newfstatat(AT_FDCWD</home/runner/work/js-wf/js-wf/integration>, "/tmp/TestMixedWorkflowsRecoverFromFourServerFaults874006668/001/node-1/jetstream/$G/streams/WF_RUN/obs/WF_P_55/o.dat", {st_mode=S_IFREG|0600, st_size=10, ...}, AT_SYMLINK_NOFOLLOW) = 0 <0.000022>
3314  1790834063.224544 renameat(AT_FDCWD</home/runner/work/js-wf/js-wf/integration>, "/tmp/TestMixedWorkflowsRecoverFromFourServerFaults874006668/001/node-1/jetstream/$G/streams/WF_RUN/obs/WF_P_55/o.dat.tmp", AT_FDCWD</home/runner/work/js-wf/js-wf/integration>, "/tmp/TestMixedWorkflowsRecoverFromFourServerFaults874006668/001/node-1/jetstream/$G/streams/WF_RUN/obs/WF_P_55/o.dat") = 0 <0.000166>
3320  1790834063.238777 <... pwrite64 resumed>) = 260 (DELAYED) <0.025028>
3315  1790834063.240759 <... pwrite64 resumed>) = 505 (DELAYED) <0.025033>
3320  1790834063.241239 pwrite64(32</tmp/TestMixedWorkflowsRecoverFromFourServerFaults874006668/001/node-1/jetstream/$G/streams/KV_WF_STATE/msgs/1.blk>, "\226\0\0\200\37\0\0\0\0\0\0\0\22\37z\235\27R\332\30#\0$KV.WF_STA"..., 150, 4847 <unfinished ...>
3319  1790834063.241609 <... pwrite64 resumed>) = 87 (DELAYED) <0.025090>
3321  1790834063.242596 <... pwrite64 resumed>) = 91 (DELAYED) <0.025066>
3321  1790834063.242681 pwrite64(43</tmp/TestMixedWorkflowsRecoverFromFourServerFaults874006668/001/node-1/jetstream/$SYS/_js_/C-R3F-HBMz3Eb7/msgs/1.blk>, "\241\0\0\0*\0\0\0\0\0\0\0\377\201?\237\27R\332\30\0\0St9I6EVH\3\0"..., 161, 4490 <unfinished ...>
3288  1790834063.242889 <... pwrite64 resumed>) = 122 (DELAYED) <0.025134>
3288  1790834063.242987 pwrite64(41</tmp/TestMixedWorkflowsRecoverFromFourServerFaults874006668/001/node-1/jetstream/$SYS/_js_/C-R3F-U2k39UyT/msgs/1.blk>, "l\0\0\0001\0\0\0\0\0\0\0\224\337C\237\27R\332\30\0\0St9I6EVH\3\0"..., 108, 5661 <unfinished ...>
3317  1790834063.243200 <... pwrite64 resumed>) = 159 (DELAYED) <0.025200>
3319  1790834063.243786 newfstatat(AT_FDCWD</home/runner/work/js-wf/js-wf/integration>, "/tmp/TestMixedWorkflowsRecoverFromFourServerFaults874006668/001/node-1/jetstream/$G/streams/WF_RUN/obs/WF_P_51/o.dat", {st_mode=S_IFREG|0600, st_size=10, ...}, AT_SYMLINK_NOFOLLOW) = 0 <0.000046>
3319  1790834063.243940 renameat(AT_FDCWD</home/runner/work/js-wf/js-wf/integration>, "/tmp/TestMixedWorkflowsRecoverFromFourServerFaults874006668/001/node-1/jetstream/$G/streams/WF_RUN/obs/WF_P_51/o.dat.tmp", AT_FDCWD</home/runner/work/js-wf/js-wf/integration>, "/tmp/TestMixedWorkflowsRecoverFromFourServerFaults874006668/001/node-1/jetstream/$G/streams/WF_RUN/obs/WF_P_51/o.dat") = 0 <0.000345>
3315  1790834063.245135 pwrite64(24</tmp/TestMixedWorkflowsRecoverFromFourServerFaults874006668/001/node-1/jetstream/$G/streams/WF_JRN/msgs/1.blk>, "\332\0\0\200z\1\0\0\0\0\0\0000t<\237\27R\332\30\35\0wf.jrn.mix"..., 218, 103101 <unfinished ...>
3317  1790834063.248771 pwrite64(30</tmp/TestMixedWorkflowsRecoverFromFourServerFaults874006668/001/node-1/jetstream/$G/streams/KV_WF_LEASE/msgs/1.blk>, "\216\0\0\200\277\2\0\0\0\0\0\0\320\246L\237\27R\332\30#\0$KV.WF_LEA"..., 301, 116638 <unfinished ...>
3320  1790834063.266310 <... pwrite64 resumed>) = 150 (DELAYED) <0.025034>
3321  1790834063.267732 <... pwrite64 resumed>) = 161 (DELAYED) <0.025023>
3321  1790834063.267916 pwrite64(43</tmp/TestMixedWorkflowsRecoverFromFourServerFaults874006668/001/node-1/jetstream/$SYS/_js_/C-R3F-HBMz3Eb7/msgs/1.blk>, "\251\0\0\0+\0\0\0\0\0\0\0ek\300\240\27R\332\30\0\0St9I6EVH\3\0"..., 169, 4651 <unfinished ...>
3288  1790834063.268033 <... pwrite64 resumed>) = 108 (DELAYED) <0.025014>
3288  1790834063.268972 newfstatat(AT_FDCWD</home/runner/work/js-wf/js-wf/integration>, "/tmp/TestMixedWorkflowsRecoverFromFourServerFaults874006668/001/node-1/jetstream/$G/streams/WF_RUN/obs/WF_P_26/o.dat", {st_mode=S_IFREG|0600, st_size=29, ...}, AT_SYMLINK_NOFOLLOW) = 0 <0.000027>
3288  1790834063.269107 renameat(AT_FDCWD</home/runner/work/js-wf/js-wf/integration>, "/tmp/TestMixedWorkflowsRecoverFromFourServerFaults874006668/001/node-1/jetstream/$G/streams/WF_RUN/obs/WF_P_26/o.dat.tmp", AT_FDCWD</home/runner/work/js-wf/js-wf/integration>, "/tmp/TestMixedWorkflowsRecoverFromFourServerFaults874006668/001/node-1/jetstream/$G/streams/WF_RUN/obs/WF_P_26/o.dat") = 0 <0.000272>
3315  1790834063.270204 <... pwrite64 resumed>) = 218 (DELAYED) <0.025035>
3317  1790834063.273828 <... pwrite64 resumed>) = 301 (DELAYED) <0.025029>
3315  1790834063.274017 pwrite64(24</tmp/TestMixedWorkflowsRecoverFromFourServerFaults874006668/001/node-1/jetstream/$G/streams/WF_JRN/msgs/1.blk>, "\27\1\0\200{\1\0\0\0\0\0\0a\270\376\240\27R\332\30\35\0wf.jrn.mix"..., 279, 103319 <unfinished ...>
3317  1790834063.276518 pwrite64(30</tmp/TestMixedWorkflowsRecoverFromFourServerFaults874006668/001/node-1/jetstream/$G/streams/KV_WF_LEASE/msgs/1.blk>, "\237\0\0\200\301\2\0\0\0\0\0\0\233\221\34\241\27R\332\30#\0$KV.WF_LEA"..., 159, 116939 <unfinished ...>
3320  1790834063.290259 --- SIGURG {si_signo=SIGURG, si_code=SI_TKILL, si_pid=3265, si_uid=1001} ---
3314  1790834063.291559 --- SIGURG {si_signo=SIGURG, si_code=SI_TKILL, si_pid=3265, si_uid=1001} ---
3314  1790834063.291792 newfstatat(AT_FDCWD</home/runner/work/js-wf/js-wf/integration>, "/tmp/TestMixedWorkflowsRecoverFromFourServerFaults874006668/001/node-1/jetstream/$G/streams/WF_RUN/obs/WF_P_12/o.dat", {st_mode=S_IFREG|0600, st_size=22, ...}, AT_SYMLINK_NOFOLLOW) = 0 <0.000032>
3314  1790834063.291891 renameat(AT_FDCWD</home/runner/work/js-wf/js-wf/integration>, "/tmp/TestMixedWorkflowsRecoverFromFourServerFaults874006668/001/node-1/jetstream/$G/streams/WF_RUN/obs/WF_P_12/o.dat.tmp", AT_FDCWD</home/runner/work/js-wf/js-wf/integration>, "/tmp/TestMixedWorkflowsRecoverFromFourServerFaults874006668/001/node-1/jetstream/$G/streams/WF_RUN/obs/WF_P_12/o.dat") = 0 <0.000157>
3321  1790834063.292972 <... pwrite64 resumed>) = 169 (DELAYED) <0.025031>
3288  1790834063.294531 pwrite64(21</tmp/TestMixedWorkflowsRecoverFromFourServerFaults874006668/001/node-1/jetstream/$SYS/_js_/S-R3F-G9FrvoEG/msgs/2.blk>, "\225\0\0\0\257\0\0\0\0\0\0\0v\rV\242\27R\332\30\0\0St9I6EVH\3\0"..., 149, 45699 <unfinished ...>
3315  1790834063.299074 <... pwrite64 resumed>) = 279 (DELAYED) <0.025025>
3317  1790834063.301690 <... pwrite64 resumed>) = 159 (DELAYED) <0.025145>
3320  1790834063.303114 pwrite64(24</tmp/TestMixedWorkflowsRecoverFromFourServerFaults874006668/001/node-1/jetstream/$G/streams/WF_JRN/msgs/1.blk>, "\332\0\0\200|\1\0\0\0\0\0\0\225$\263\242\27R\332\30\35\0wf.jrn.mix"..., 218, 103598 <unfinished ...>
3321  1790834063.307586 pwrite64(43</tmp/TestMixedWorkflowsRecoverFromFourServerFaults874006668/001/node-1/jetstream/$SYS/_js_/C-R3F-HBMz3Eb7/msgs/1.blk>, "l\0\0\0,\0\0\0\0\0\0\0\352\324\35\243\27R\332\30\0\0St9I6EVH\3\0"..., 108, 4820 <unfinished ...>
3314  1790834063.312433 pwrite64(30</tmp/TestMixedWorkflowsRecoverFromFourServerFaults874006668/001/node-1/jetstream/$G/streams/KV_WF_LEASE/msgs/1.blk>, "\237\0\0\200\302\2\0\0\0\0\0\0\0\220\330\242\27R\332\30#\0$KV.WF_LEA"..., 475, 117098 <unfinished ...>
3317  1790834063.315978 pwrite64(51</tmp/TestMixedWorkflowsRecoverFromFourServerFaults874006668/001/node-1/jetstream/$SYS/_js_/C-R3F-tOdRrkzy/msgs/1.blk>, "l\0\0\0001\0\0\0\0\0\0\0\\\246\235\243\27R\332\30\0\0St9I6EVH\3\0"..., 108, 5191 <unfinished ...>
3288  1790834063.319587 <... pwrite64 resumed>) = 149 (DELAYED) <0.025025>
3288  1790834063.322256 pwrite64(22</tmp/TestMixedWorkflowsRecoverFromFourServerFaults874006668/001/node-1/jetstream/$G/streams/WF_RUN/msgs/1.blk>, "\36\0\0\0m\0\0\0\0\0\0@\210\224\202\347\26R\332\30\0\0\346I(l\6;\313c", 30, 26237 <unfinished ...>
3320  1790834063.328179 <... pwrite64 resumed>) = 218 (DELAYED) <0.025037>
3320  1790834063.328481 --- SIGURG {si_signo=SIGURG, si_code=SI_TKILL, si_pid=3265, si_uid=1001} ---
3320  1790834063.331850 pwrite64(24</tmp/TestMixedWorkflowsRecoverFromFourServerFaults874006668/001/node-1/jetstream/$G/streams/WF_JRN/msgs/1.blk>, "\27\1\0\200}\1\0\0\0\0\0\09\325p\244\27R\332\30\35\0wf.jrn.mix"..., 279, 103816 <unfinished ...>
3321  1790834063.332721 <... pwrite64 resumed>) = 108 (DELAYED) <0.025098>
3321  1790834063.332863 pwrite64(43</tmp/TestMixedWorkflowsRecoverFromFourServerFaults874006668/001/node-1/jetstream/$SYS/_js_/C-R3F-HBMz3Eb7/msgs/1.blk>, "\220\0\0\0-\0\0\0\0\0\0\0\270t\237\244\27R\332\30\0\0St9I6EVH\3\0"..., 144, 4928 <unfinished ...>
3314  1790834063.337498 <... pwrite64 resumed>) = 475 (DELAYED) <0.025034>
3315  1790834063.340222 pwrite64(30</tmp/TestMixedWorkflowsRecoverFromFourServerFaults874006668/001/node-1/jetstream/$G/streams/KV_WF_LEASE/msgs/1.blk>, "\257\0\0\200\305\2\0\0\0\0\0\0p2\350\244\27R\332\30(\0$KV.WF_LEA"..., 334, 117573 <unfinished ...>
3317  1790834063.341089 <... pwrite64 resumed>) = 108 (DELAYED) <0.025081>
3317  1790834063.341162 pwrite64(51</tmp/TestMixedWorkflowsRecoverFromFourServerFaults874006668/001/node-1/jetstream/$SYS/_js_/C-R3F-tOdRrkzy/msgs/1.blk>, "l\0\0\0002\0\0\0\0\0\0\0\4&\36\245\27R\332\30\0\0St9I6EVH\3\0"..., 108, 5299 <unfinished ...>
3288  1790834063.347318 <... pwrite64 resumed>) = 30 (DELAYED) <0.025035>
3320  1790834063.356929 <... pwrite64 resumed>) = 279 (DELAYED) <0.025049>
3320  1790834063.357224 --- SIGURG {si_signo=SIGURG, si_code=SI_TKILL, si_pid=3265, si_uid=1001} ---
3320  1790834063.357901 --- SIGURG {si_signo=SIGURG, si_code=SI_TKILL, si_pid=3265, si_uid=1001} ---
3321  1790834063.358338 <... pwrite64 resumed>) = 144 (DELAYED) <0.025443>
3320  1790834063.363338 pwrite64(24</tmp/TestMixedWorkflowsRecoverFromFourServerFaults874006668/001/node-1/jetstream/$G/streams/WF_JRN/msgs/1.blk>, "\332\0\0\200~\1\0\0\0\0\0\0\275m:\246\27R\332\30\35\0wf.jrn.mix"..., 218, 104095 <unfinished ...>
3315  1790834063.365354 <... pwrite64 resumed>) = 334 (DELAYED) <0.025098>
3317  1790834063.366247 <... pwrite64 resumed>) = 108 (DELAYED) <0.025055>
3271  1790834063.367654 pwrite64(30</tmp/TestMixedWorkflowsRecoverFromFourServerFaults874006668/001/node-1/jetstream/$G/streams/KV_WF_LEASE/msgs/1.blk>, "\237\0\0\200\307\2\0\0\0\0\0\0LQ\222\246\27R\332\30#\0$KV.WF_LEA"..., 159, 117907 <unfinished ...>
3317  1790834063.367964 pwrite64(43</tmp/TestMixedWorkflowsRecoverFromFourServerFaults874006668/001/node-1/jetstream/$SYS/_js_/C-R3F-HBMz3Eb7/msgs/1.blk>, "l\0\0\0.\0\0\0\0\0\0\0\4\314\266\246\27R\332\30\0\0St9I6EVH\3\0"..., 108, 5072 <unfinished ...>
3314  1790834063.378288 pwrite64(49</tmp/TestMixedWorkflowsRecoverFromFourServerFaults874006668/001/node-1/jetstream/$SYS/_js_/C-R3F-JVHEu4zR/msgs/1.blk>, "l\0\0\0+\0\0\0\0\0\0\08tT\247\27R\332\30\0\0St9I6EVH\3\0"..., 108, 4545 <unfinished ...>
3320  1790834063.388402 <... pwrite64 resumed>) = 218 (DELAYED) <0.025020>
3271  1790834063.392731 <... pwrite64 resumed>) = 159 (DELAYED) <0.025035>
3315  1790834063.392810 pwrite64(24</tmp/TestMixedWorkflowsRecoverFromFourServerFaults874006668/001/node-1/jetstream/$G/streams/WF_JRN/msgs/1.blk>, "\27\1\0\200\177\1\0\0\0\0\0\08\326\4\250\27R\332\30\35\0wf.jrn.mix"..., 279, 104313 <unfinished ...>
3317  1790834063.393076 <... pwrite64 resumed>) = 108 (DELAYED) <0.025085>
3317  1790834063.393161 pwrite64(43</tmp/TestMixedWorkflowsRecoverFromFourServerFaults874006668/001/node-1/jetstream/$SYS/_js_/C-R3F-HBMz3Eb7/msgs/1.blk>, "\220\0\0\0/\0\0\0\0\0\0\0[\2057\250\27R\332\30\0\0St9I6EVH\3\0"..., 144, 5180 <unfinished ...>
3319  1790834063.393390 newfstatat(AT_FDCWD</home/runner/work/js-wf/js-wf/integration>, "/tmp/TestMixedWorkflowsRecoverFromFourServerFaults874006668/001/node-1/jetstream/$G/streams/WF_RUN/obs/WF_P_12/o.dat", {st_mode=S_IFREG|0600, st_size=25, ...}, AT_SYMLINK_NOFOLLOW) = 0 <0.000033>
3319  1790834063.393540 renameat(AT_FDCWD</home/runner/work/js-wf/js-wf/integration>, "/tmp/TestMixedWorkflowsRecoverFromFourServerFaults874006668/001/node-1/jetstream/$G/streams/WF_RUN/obs/WF_P_12/o.dat.tmp", AT_FDCWD</home/runner/work/js-wf/js-wf/integration>, "/tmp/TestMixedWorkflowsRecoverFromFourServerFaults874006668/001/node-1/jetstream/$G/streams/WF_RUN/obs/WF_P_12/o.dat") = 0 <0.000220>
3271  1790834063.395687 pwrite64(30</tmp/TestMixedWorkflowsRecoverFromFourServerFaults874006668/001/node-1/jetstream/$G/streams/KV_WF_LEASE/msgs/1.blk>, "\237\0\0\200\310\2\0\0\0\0\0\0a\3222\250\27R\332\30#\0$KV.WF_LEA"..., 159, 118066 <unfinished ...>
3314  1790834063.403361 <... pwrite64 resumed>) = 108 (DELAYED) <0.025038>
3314  1790834063.403541 pwrite64(49</tmp/TestMixedWorkflowsRecoverFromFourServerFaults874006668/001/node-1/jetstream/$SYS/_js_/C-R3F-JVHEu4zR/msgs/1.blk>, "l\0\0\0,\0\0\0\0\0\0\0\4\327\325\250\27R\332\30\0\0St9I6EVH\3\0"..., 108, 4653 <unfinished ...>
3315  1790834063.417885 <... pwrite64 resumed>) = 279 (DELAYED) <0.025044>
3315  1790834063.418223 --- SIGURG {si_signo=SIGURG, si_code=SI_TKILL, si_pid=3265, si_uid=1001} ---
3317  1790834063.418270 <... pwrite64 resumed>) = 144 (DELAYED) <0.025075>
3319  1790834063.418450 pwrite64(40</tmp/TestMixedWorkflowsRecoverFromFourServerFaults874006668/001/node-1/jetstream/$SYS/_js_/C-R3F-MUBUTFU3/msgs/1.blk>, "z\0\0\0 \0\0\0\0\0\0\0\343\207\270\251\27R\332\30\0\0St9I6EVH\3\0"..., 122, 3529 <unfinished ...>
3271  1790834063.420806 <... pwrite64 resumed>) = 159 (DELAYED) <0.025092>
3320  1790834063.423382 pwrite64(24</tmp/TestMixedWorkflowsRecoverFromFourServerFaults874006668/001/node-1/jetstream/$G/streams/WF_JRN/msgs/1.blk>, "\332\0\0\200\200\1\0\0\0\0\0\0s\375\324\251\27R\332\30\35\0wf.jrn.mix"..., 218, 104592 <unfinished ...>
3317  1790834063.424420 pwrite64(43</tmp/TestMixedWorkflowsRecoverFromFourServerFaults874006668/001/node-1/jetstream/$SYS/_js_/C-R3F-HBMz3Eb7/msgs/1.blk>, "l\0\0\0000\0\0\0\0\0\0\0T\225\24\252\27R\332\30\0\0St9I6EVH\3\0"..., 108, 5324 <unfinished ...>
3321  1790834063.426628 pwrite64(30</tmp/TestMixedWorkflowsRecoverFromFourServerFaults874006668/001/node-1/jetstream/$G/streams/KV_WF_LEASE/msgs/1.blk>, "\237\0\0\200\311\2\0\0\0\0\0\0P\355\5\252\27R\332\30#\0$KV.WF_LEA"..., 159, 118225 <unfinished ...>
3314  1790834063.428620 <... pwrite64 resumed>) = 108 (DELAYED) <0.025054>
3271  1790834063.435473 --- SIGURG {si_signo=SIGURG, si_code=SI_TKILL, si_pid=3265, si_uid=1001} ---
3314  1790834063.438694 pwrite64(47</tmp/TestMixedWorkflowsRecoverFromFourServerFaults874006668/001/node-1/jetstream/$SYS/_js_/C-R3F-HvwsqB9S/msgs/1.blk>, "z\0\0\0\27\0\0\0\0\0\0\08\322\355\252\27R\332\30\0\0St9I6EVH\3\0"..., 122, 2434 <unfinished ...>
3319  1790834063.443511 <... pwrite64 resumed>) = 122 (DELAYED) <0.025030>
3319  1790834063.443693 pwrite64(40</tmp/TestMixedWorkflowsRecoverFromFourServerFaults874006668/001/node-1/jetstream/$SYS/_js_/C-R3F-MUBUTFU3/msgs/1.blk>, "l\0\0\0!\0\0\0\0\0\0\0U\226:\253\27R\332\30\0\0St9I6EVH\3\0"..., 108, 3651 <unfinished ...>
3320  1790834063.448436 <... pwrite64 resumed>) = 218 (DELAYED) <0.025018>
3317  1790834063.449515 <... pwrite64 resumed>) = 108 (DELAYED) <0.025067>
3317  1790834063.449599 pwrite64(43</tmp/TestMixedWorkflowsRecoverFromFourServerFaults874006668/001/node-1/jetstream/$SYS/_js_/C-R3F-HBMz3Eb7/msgs/1.blk>, "\220\0\0\0001\0\0\0\0\0\0\0\315\324\224\253\27R\332\30\0\0St9I6EVH\3\0"..., 144, 5432 <unfinished ...>
3321  1790834063.451705 <... pwrite64 resumed>) = 159 (DELAYED) <0.025050>
3315  1790834063.452084 pwrite64(24</tmp/TestMixedWorkflowsRecoverFromFourServerFaults874006668/001/node-1/jetstream/$G/streams/WF_JRN/msgs/1.blk>, "\27\1\0\200\201\1\0\0\0\0\0\0G;\230\253\27R\332\30\35\0wf.jrn.mix"..., 279, 104810 <unfinished ...>
3271  1790834063.453750 pwrite64(46</tmp/TestMixedWorkflowsRecoverFromFourServerFaults874006668/001/node-1/jetstream/$SYS/_js_/C-R3F-mMm2NIUQ/msgs/1.blk>, "R\0\0\0\35\0\0\0\0\0\0\0\320\335\323\253\27R\332\30\0\0St9I6EVH\3\0"..., 82, 3026 <unfinished ...>
3320  1790834063.455078 pwrite64(30</tmp/TestMixedWorkflowsRecoverFromFourServerFaults874006668/001/node-1/jetstream/$G/streams/KV_WF_LEASE/msgs/1.blk>, "\216\0\0\200\312\2\0\0\0\0\0\0\257J\266\253\27R\332\30#\0$KV.WF_LEA"..., 301, 118384 <unfinished ...>
3314  1790834063.463749 <... pwrite64 resumed>) = 122 (DELAYED) <0.024987>
3314  1790834063.463883 pwrite64(47</tmp/TestMixedWorkflowsRecoverFromFourServerFaults874006668/001/node-1/jetstream/$SYS/_js_/C-R3F-HvwsqB9S/msgs/1.blk>, "l\0\0\0\30\0\0\0\0\0\0\0\270\261n\254\27R\332\30\0\0St9I6EVH\3\0"..., 108, 2556 <unfinished ...>
3321  1790834063.463913 pwrite64(48</tmp/TestMixedWorkflowsRecoverFromFourServerFaults874006668/001/node-1/jetstream/$SYS/_js_/C-R3F-BJrVOQpv/msgs/1.blk>, "z\0\0\0!\0\0\0\0\0\0\0\277\23o\254\27R\332\30\0\0St9I6EVH\3\0"..., 122, 3588 <unfinished ...>
3319  1790834063.468756 <... pwrite64 resumed>) = 108 (DELAYED) <0.025038>
3319  1790834063.468866 pwrite64(45</tmp/TestMixedWorkflowsRecoverFromFourServerFaults874006668/001/node-1/jetstream/$SYS/_js_/C-R3F-Qi7jewV8/msgs/1.blk>, "z\0\0\0!\0\0\0\0\0\0\0Y\203\272\254\27R\332\30\0\0St9I6EVH\3\0"..., 122, 3588 <unfinished ...>
3303  1790834063.469417 pwrite64(50</tmp/TestMixedWorkflowsRecoverFromFourServerFaults874006668/001/node-1/jetstream/$SYS/_js_/C-R3F-JHDR9qaz/msgs/1.blk>, "l\0\0\0\20\0\0\0\0\0\0\0\223\36\303\254\27R\332\30\0\0St9I6EVH\3\0"..., 108, 1669 <unfinished ...>
3288  1790834063.470554 newfstatat(AT_FDCWD</home/runner/work/js-wf/js-wf/integration>, "/tmp/TestMixedWorkflowsRecoverFromFourServerFaults874006668/001/node-1/jetstream/$G/streams/WF_RUN/obs/WF_P_10/o.dat", {st_mode=S_IFREG|0600, st_size=9, ...}, AT_SYMLINK_NOFOLLOW) = 0 <0.000032>
3288  1790834063.470716 renameat(AT_FDCWD</home/runner/work/js-wf/js-wf/integration>, "/tmp/TestMixedWorkflowsRecoverFromFourServerFaults874006668/001/node-1/jetstream/$G/streams/WF_RUN/obs/WF_P_10/o.dat.tmp", AT_FDCWD</home/runner/work/js-wf/js-wf/integration>, "/tmp/TestMixedWorkflowsRecoverFromFourServerFaults874006668/001/node-1/jetstream/$G/streams/WF_RUN/obs/WF_P_10/o.dat") = 0 <0.000229>
3317  1790834063.474642 <... pwrite64 resumed>) = 144 (DELAYED) <0.025014>
3318  1790834063.474710 pwrite64(41</tmp/TestMixedWorkflowsRecoverFromFourServerFaults874006668/001/node-1/jetstream/$SYS/_js_/C-R3F-U2k39UyT/msgs/1.blk>, "~\0\0\0002\0\0\0\0\0\0\0\33\320\23\255\27R\332\30\0\0St9I6EVH\3\0"..., 126, 5769 <unfinished ...>
3315  1790834063.477145 <... pwrite64 resumed>) = 279 (DELAYED) <0.025033>
3271  1790834063.478895 <... pwrite64 resumed>) = 82 (DELAYED) <0.025118>
3271  1790834063.479124 pwrite64(46</tmp/TestMixedWorkflowsRecoverFromFourServerFaults874006668/001/node-1/jetstream/$SYS/_js_/C-R3F-mMm2NIUQ/msgs/1.blk>, "\242\0\0\0\36\0\0\0\0\0\0\0\216\246U\255\27R\332\30\0\0St9I6EVH\3\0"..., 162, 3108 <unfinished ...>
3320  1790834063.480174 <... pwrite64 resumed>) = 301 (DELAYED) <0.025072>
3285  1790834063.481050 pwrite64(24</tmp/TestMixedWorkflowsRecoverFromFourServerFaults874006668/001/node-1/jetstream/$G/streams/WF_JRN/msgs/1.blk>, "\332\0\0\200\202\1\0\0\0\0\0\0003}I\255\27R\332\30\35\0wf.jrn.mix"..., 218, 105089 <unfinished ...>
3317  1790834063.483085 pwrite64(43</tmp/TestMixedWorkflowsRecoverFromFourServerFaults874006668/001/node-1/jetstream/$SYS/_js_/C-R3F-HBMz3Eb7/msgs/1.blk>, "[\0\0\0002\0\0\0\0\0\0\0%*\223\255\27R\332\30\0\0St9I6EVH\3\0"..., 91, 5576 <unfinished ...>
3288  1790834063.483417 pwrite64(30</tmp/TestMixedWorkflowsRecoverFromFourServerFaults874006668/001/node-1/jetstream/$G/streams/KV_WF_LEASE/msgs/1.blk>, "\237\0\0\200\314\2\0\0\0\0\0\0=Jo\255\27R\332\30#\0$KV.WF_LEA"..., 159, 118685 <unfinished ...>
3321  1790834063.489045 <... pwrite64 resumed>) = 122 (DELAYED) <0.025115>
3314  1790834063.489067 <... pwrite64 resumed>) = 108 (DELAYED) <0.025163>
3321  1790834063.489185 pwrite64(48</tmp/TestMixedWorkflowsRecoverFromFourServerFaults874006668/001/node-1/jetstream/$SYS/_js_/C-R3F-BJrVOQpv/msgs/1.blk>, "l\0\0\0\"\0\0\0\0\0\0\0\r\325\360\255\27R\332\30\0\0St9I6EVH\3\0"..., 108, 3710 <unfinished ...>
3314  1790834063.489977 newfstatat(AT_FDCWD</home/runner/work/js-wf/js-wf/integration>, "/tmp/TestMixedWorkflowsRecoverFromFourServerFaults874006668/001/node-1/jetstream/$G/streams/WF_RUN/obs/WF_P_48/o.dat", {st_mode=S_IFREG|0600, st_size=9, ...}, AT_SYMLINK_NOFOLLOW) = 0 <0.000038>
3314  1790834063.490114 renameat(AT_FDCWD</home/runner/work/js-wf/js-wf/integration>, "/tmp/TestMixedWorkflowsRecoverFromFourServerFaults874006668/001/node-1/jetstream/$G/streams/WF_RUN/obs/WF_P_48/o.dat.tmp", AT_FDCWD</home/runner/work/js-wf/js-wf/integration>, "/tmp/TestMixedWorkflowsRecoverFromFourServerFaults874006668/001/node-1/jetstream/$G/streams/WF_RUN/obs/WF_P_48/o.dat") = 0 <0.000250>
3319  1790834063.493922 <... pwrite64 resumed>) = 122 (DELAYED) <0.025034>
3315  1790834063.494076 pwrite64(45</tmp/TestMixedWorkflowsRecoverFromFourServerFaults874006668/001/node-1/jetstream/$SYS/_js_/C-R3F-Qi7jewV8/msgs/1.blk>, "l\0\0\0\"\0\0\0\0\0\0\0\nZ;\256\27R\332\30\0\0St9I6EVH\3\0"..., 108, 3710 <unfinished ...>
3319  1790834063.494220 --- SIGURG {si_signo=SIGURG, si_code=SI_TKILL, si_pid=3265, si_uid=1001} ---
3316  1790834063.494526 newfstatat(AT_FDCWD</home/runner/work/js-wf/js-wf/integration>, "/tmp/TestMixedWorkflowsRecoverFromFourServerFaults874006668/001/node-1/jetstream/$G/streams/WF_RUN/obs/WF_P_12/o.dat",  <unfinished ...>
3303  1790834063.494568 <... pwrite64 resumed>) = 108 (DELAYED) <0.025126>
3316  1790834063.494606 <... newfstatat resumed>{st_mode=S_IFREG|0600, st_size=31, ...}, AT_SYMLINK_NOFOLLOW) = 0 <0.000059>
3320  1790834063.494720 renameat(AT_FDCWD</home/runner/work/js-wf/js-wf/integration>, "/tmp/TestMixedWorkflowsRecoverFromFourServerFaults874006668/001/node-1/jetstream/$G/streams/WF_RUN/obs/WF_P_12/o.dat.tmp", AT_FDCWD</home/runner/work/js-wf/js-wf/integration>, "/tmp/TestMixedWorkflowsRecoverFromFourServerFaults874006668/001/node-1/jetstream/$G/streams/WF_RUN/obs/WF_P_12/o.dat" <unfinished ...>
3303  1790834063.494778 pwrite64(50</tmp/TestMixedWorkflowsRecoverFromFourServerFaults874006668/001/node-1/jetstream/$SYS/_js_/C-R3F-JHDR9qaz/msgs/1.blk>, "z\0\0\0\21\0\0\0\0\0\0\0 \300E\256\27R\332\30\0\0St9I6EVH\3\0"..., 122, 1777 <unfinished ...>
3320  1790834063.494924 <... renameat resumed>) = 0 <0.000181>
3318  1790834063.499766 <... pwrite64 resumed>) = 126 (DELAYED) <0.025031>
3314  1790834063.501411 newfstatat(AT_FDCWD</home/runner/work/js-wf/js-wf/integration>, "/tmp/TestMixedWorkflowsRecoverFromFourServerFaults874006668/001/node-1/jetstream/$G/streams/WF_RUN/obs/WF_P_26/o.dat", {st_mode=S_IFREG|0600, st_size=29, ...}, AT_SYMLINK_NOFOLLOW) = 0 <0.000038>
3314  1790834063.501533 renameat(AT_FDCWD</home/runner/work/js-wf/js-wf/integration>, "/tmp/TestMixedWorkflowsRecoverFromFourServerFaults874006668/001/node-1/jetstream/$G/streams/WF_RUN/obs/WF_P_26/o.dat.tmp", AT_FDCWD</home/runner/work/js-wf/js-wf/integration>, "/tmp/TestMixedWorkflowsRecoverFromFourServerFaults874006668/001/node-1/jetstream/$G/streams/WF_RUN/obs/WF_P_26/o.dat") = 0 <0.000153>
3271  1790834063.504176 <... pwrite64 resumed>) = 162 (DELAYED) <0.025018>
3271  1790834063.504380 pwrite64(21</tmp/TestMixedWorkflowsRecoverFromFourServerFaults874006668/001/node-1/jetstream/$SYS/_js_/S-R3F-G9FrvoEG/msgs/2.blk>, "\225\0\0\0\260\0\0\0\0\0\0\0\243a\330\256\27R\332\30\0\0St9I6EVH\3\0"..., 149, 45848 <unfinished ...>
3318  1790834063.505325 newfstatat(AT_FDCWD</home/runner/work/js-wf/js-wf/integration>, "/tmp/TestMixedWorkflowsRecoverFromFourServerFaults874006668/001/node-1/jetstream/$G/streams/WF_RUN/obs/WF_P_55/o.dat", {st_mode=S_IFREG|0600, st_size=18, ...}, AT_SYMLINK_NOFOLLOW) = 0 <0.000084>
3318  1790834063.505501 renameat(AT_FDCWD</home/runner/work/js-wf/js-wf/integration>, "/tmp/TestMixedWorkflowsRecoverFromFourServerFaults874006668/001/node-1/jetstream/$G/streams/WF_RUN/obs/WF_P_55/o.dat.tmp", AT_FDCWD</home/runner/work/js-wf/js-wf/integration>, "/tmp/TestMixedWorkflowsRecoverFromFourServerFaults874006668/001/node-1/jetstream/$G/streams/WF_RUN/obs/WF_P_55/o.dat") = 0 <0.000329>
3285  1790834063.506133 <... pwrite64 resumed>) = 218 (DELAYED) <0.025046>
3317  1790834063.508180 <... pwrite64 resumed>) = 91 (DELAYED) <0.025011>
3318  1790834063.508355 pwrite64(43</tmp/TestMixedWorkflowsRecoverFromFourServerFaults874006668/001/node-1/jetstream/$SYS/_js_/C-R3F-HBMz3Eb7/msgs/1.blk>, "\241\0\0\0003\0\0\0\0\0\0\0\3050\25\257\27R\332\30\0\0St9I6EVH\3\0"..., 161, 5667 <unfinished ...>
3288  1790834063.508590 <... pwrite64 resumed>) = 159 (DELAYED) <0.025144>
3314  1790834063.509956 pwrite64(24</tmp/TestMixedWorkflowsRecoverFromFourServerFaults874006668/001/node-1/jetstream/$G/streams/WF_JRN/msgs/1.blk>, "\27\1\0\200\203\1\0\0\0\0\0\0\304x\n\257\27R\332\30\35\0wf.jrn.mix"..., 279, 105307 <unfinished ...>
3317  1790834063.513328 pwrite64(47</tmp/TestMixedWorkflowsRecoverFromFourServerFaults874006668/001/node-1/jetstream/$SYS/_js_/C-R3F-HvwsqB9S/msgs/1.blk>, "l\0\0\0\31\0\0\0\0\0\0\0\31\324`\257\27R\332\30\0\0St9I6EVH\3\0"..., 108, 2664 <unfinished ...>
3321  1790834063.514226 <... pwrite64 resumed>) = 108 (DELAYED) <0.025000>
3321  1790834063.514997 newfstatat(AT_FDCWD</home/runner/work/js-wf/js-wf/integration>, "/tmp/TestMixedWorkflowsRecoverFromFourServerFaults874006668/001/node-1/jetstream/$G/streams/WF_RUN/obs/WF_P_43/o.dat", {st_mode=S_IFREG|0600, st_size=9, ...}, AT_SYMLINK_NOFOLLOW) = 0 <0.000029>
3320  1790834063.515085 pwrite64(30</tmp/TestMixedWorkflowsRecoverFromFourServerFaults874006668/001/node-1/jetstream/$G/streams/KV_WF_LEASE/msgs/1.blk>, "\235\0\0\200\315\2\0\0\0\0\0\0\352\0210\257\27R\332\30\"\0$KV.WF_LEA"..., 791, 118844 <unfinished ...>
3321  1790834063.515135 renameat(AT_FDCWD</home/runner/work/js-wf/js-wf/integration>, "/tmp/TestMixedWorkflowsRecoverFromFourServerFaults874006668/001/node-1/jetstream/$G/streams/WF_RUN/obs/WF_P_43/o.dat.tmp", AT_FDCWD</home/runner/work/js-wf/js-wf/integration>, "/tmp/TestMixedWorkflowsRecoverFromFourServerFaults874006668/001/node-1/jetstream/$G/streams/WF_RUN/obs/WF_P_43/o.dat") = 0 <0.000195>
3315  1790834063.519165 <... pwrite64 resumed>) = 108 (DELAYED) <0.025058>
3315  1790834063.520033 newfstatat(AT_FDCWD</home/runner/work/js-wf/js-wf/integration>, "/tmp/TestMixedWorkflowsRecoverFromFourServerFaults874006668/001/node-1/jetstream/$G/streams/WF_RUN/obs/WF_P_28/o.dat",  <unfinished ...>
3303  1790834063.520071 <... pwrite64 resumed>) = 122 (DELAYED) <0.025266>
3315  1790834063.520122 <... newfstatat resumed>{st_mode=S_IFREG|0600, st_size=9, ...}, AT_SYMLINK_NOFOLLOW) = 0 <0.000060>
3303  1790834063.520340 renameat(AT_FDCWD</home/runner/work/js-wf/js-wf/integration>, "/tmp/TestMixedWorkflowsRecoverFromFourServerFaults874006668/001/node-1/jetstream/$G/streams/WF_RUN/obs/WF_P_28/o.dat.tmp", AT_FDCWD</home/runner/work/js-wf/js-wf/integration>, "/tmp/TestMixedWorkflowsRecoverFromFourServerFaults874006668/001/node-1/jetstream/$G/streams/WF_RUN/obs/WF_P_28/o.dat") = 0 <0.000193>
3288  1790834063.521535 newfstatat(AT_FDCWD</home/runner/work/js-wf/js-wf/integration>, "/tmp/TestMixedWorkflowsRecoverFromFourServerFaults874006668/001/node-1/jetstream/$G/streams/WF_RUN/obs/WF_P_15/o.dat", {st_mode=S_IFREG|0600, st_size=9, ...}, AT_SYMLINK_NOFOLLOW) = 0 <0.000029>
3288  1790834063.521621 renameat(AT_FDCWD</home/runner/work/js-wf/js-wf/integration>, "/tmp/TestMixedWorkflowsRecoverFromFourServerFaults874006668/001/node-1/jetstream/$G/streams/WF_RUN/obs/WF_P_15/o.dat.tmp", AT_FDCWD</home/runner/work/js-wf/js-wf/integration>, "/tmp/TestMixedWorkflowsRecoverFromFourServerFaults874006668/001/node-1/jetstream/$G/streams/WF_RUN/obs/WF_P_15/o.dat") = 0 <0.000167>
3271  1790834063.529452 <... pwrite64 resumed>) = 149 (DELAYED) <0.025037>
3315  1790834063.532433 pwrite64(22</tmp/TestMixedWorkflowsRecoverFromFourServerFaults874006668/001/node-1/jetstream/$G/streams/WF_RUN/msgs/1.blk>, "\36\0\0\0\205\0\0\0\0\0\0@\322\rCQ\27R\332\30\0\0\330\274\357\254\331\21\261\211", 30, 26267 <unfinished ...>
3318  1790834063.533421 <... pwrite64 resumed>) = 161 (DELAYED) <0.025032>
3314  1790834063.535045 <... pwrite64 resumed>) = 279 (DELAYED) <0.025052>
3317  1790834063.538482 <... pwrite64 resumed>) = 108 (DELAYED) <0.025125>
3288  1790834063.538762 pwrite64(47</tmp/TestMixedWorkflowsRecoverFromFourServerFaults874006668/001/node-1/jetstream/$SYS/_js_/C-R3F-HvwsqB9S/msgs/1.blk>, "l\0\0\0\32\0\0\0\0\0\0\0_b\345\260\27R\332\30\0\0St9I6EVH\3\0"..., 108, 2772 <unfinished ...>
3303  1790834063.539601 pwrite64(24</tmp/TestMixedWorkflowsRecoverFromFourServerFaults874006668/001/node-1/jetstream/$G/streams/WF_JRN/msgs/1.blk>, "\332\0\0\200\204\1\0\0\0\0\0\0\253\0\300\260\27R\332\30\35\0wf.jrn.mix"..., 218, 105586 <unfinished ...>
3320  1790834063.540164 <... pwrite64 resumed>) = 791 (DELAYED) <0.025053>
3271  1790834063.542341 pwrite64(30</tmp/TestMixedWorkflowsRecoverFromFourServerFaults874006668/001/node-1/jetstream/$G/streams/KV_WF_LEASE/msgs/1.blk>, "\237\0\0\200\322\2\0\0\0\0\0\0+\30\375\260\27R\332\30#\0$KV.WF_LEA"..., 159, 119635 <unfinished ...>
3318  1790834063.543103 pwrite64(43</tmp/TestMixedWorkflowsRecoverFromFourServerFaults874006668/001/node-1/jetstream/$SYS/_js_/C-R3F-HBMz3Eb7/msgs/1.blk>, "[\0\0\0004\0\0\0\0\0\0\0\300Q'\261\27R\332\30\0\0St9I6EVH\3\0"..., 91, 5828 <unfinished ...>
3315  1790834063.557517 <... pwrite64 resumed>) = 30 (DELAYED) <0.025052>
3315  1790834063.557843 --- SIGURG {si_signo=SIGURG, si_code=SI_TKILL, si_pid=3265, si_uid=1001} ---
3315  1790834063.558048 pwrite64(41</tmp/TestMixedWorkflowsRecoverFromFourServerFaults874006668/001/node-1/jetstream/$SYS/_js_/C-R3F-U2k39UyT/msgs/1.blk>, "~\0\0\0003\0\0\0\0\0\0\0'1\v\262\27R\332\30\0\0St9I6EVH\3\0"..., 126, 5895 <unfinished ...>
3288  1790834063.563831 <... pwrite64 resumed>) = 108 (DELAYED) <0.025001>
3288  1790834063.564181 --- SIGURG {si_signo=SIGURG, si_code=SI_TKILL, si_pid=3265, si_uid=1001} ---
3303  1790834063.564748 <... pwrite64 resumed>) = 218 (DELAYED) <0.025111>
3271  1790834063.567650 <... pwrite64 resumed>) = 159 (DELAYED) <0.025273>
3318  1790834063.568221 <... pwrite64 resumed>) = 91 (DELAYED) <0.025094>
3318  1790834063.568425 pwrite64(43</tmp/TestMixedWorkflowsRecoverFromFourServerFaults874006668/001/node-1/jetstream/$SYS/_js_/C-R3F-HBMz3Eb7/msgs/1.blk>, "\241\0\0\0005\0\0\0\0\0\0\0\207\321\251\262\27R\332\30\0\0St9I6EVH\3\0"..., 161, 5919 <unfinished ...>
3320  1790834063.568525 pwrite64(31</tmp/TestMixedWorkflowsRecoverFromFourServerFaults874006668/001/node-1/jetstream/$SYS/_js_/S-R3F-OEyp3t6z/msgs/2.blk>, "\4\1\0\0\37\0\0\0\0\0\0\0$\265\252\262\27R\332\30\0\0000WED9nmv\2\0"..., 260, 8330 <unfinished ...>
3271  1790834063.569344 pwrite64(24</tmp/TestMixedWorkflowsRecoverFromFourServerFaults874006668/001/node-1/jetstream/$G/streams/WF_JRN/msgs/1.blk>, "\342\0\0\200\205\1\0\0\0\0\0\0#\n\207\262\27R\332\30\35\0wf.jrn.mix"..., 226, 105804 <unfinished ...>
3315  1790834063.583125 <... pwrite64 resumed>) = 126 (DELAYED) <0.025037>
3315  1790834063.583471 --- SIGURG {si_signo=SIGURG, si_code=SI_TKILL, si_pid=3265, si_uid=1001} ---
3315  1790834063.587922 pwrite64(41</tmp/TestMixedWorkflowsRecoverFromFourServerFaults874006668/001/node-1/jetstream/$SYS/_js_/C-R3F-U2k39UyT/msgs/1.blk>, "[\0\0\0004\0\0\0\0\0\0\0t.\323\263\27R\332\30\0\0St9I6EVH\3\0"..., 91, 6021 <unfinished ...>
3318  1790834063.593520 <... pwrite64 resumed>) = 161 (DELAYED) <0.025028>
3320  1790834063.593656 <... pwrite64 resumed>) = 260 (DELAYED) <0.025100>
3271  1790834063.594488 <... pwrite64 resumed>) = 226 (DELAYED) <0.025086>
3314  1790834063.596098 pwrite64(32</tmp/TestMixedWorkflowsRecoverFromFourServerFaults874006668/001/node-1/jetstream/$G/streams/KV_WF_STATE/msgs/1.blk>, "\226\0\0\200 \0\0\0\0\0\0\0V\260\240\262\27R\332\30#\0$KV.WF_STA"..., 150, 4997 <unfinished ...>
3318  1790834063.596185 newfstatat(AT_FDCWD</home/runner/work/js-wf/js-wf/integration>, "/tmp/TestMixedWorkflowsRecoverFromFourServerFaults874006668/001/node-1/jetstream/$G/streams/WF_RUN/obs/WF_P_12/o.dat", {st_mode=S_IFREG|0600, st_size=37, ...}, AT_SYMLINK_NOFOLLOW) = 0 <0.000043>
3318  1790834063.596317 renameat(AT_FDCWD</home/runner/work/js-wf/js-wf/integration>, "/tmp/TestMixedWorkflowsRecoverFromFourServerFaults874006668/001/node-1/jetstream/$G/streams/WF_RUN/obs/WF_P_12/o.dat.tmp", AT_FDCWD</home/runner/work/js-wf/js-wf/integration>, "/tmp/TestMixedWorkflowsRecoverFromFourServerFaults874006668/001/node-1/jetstream/$G/streams/WF_RUN/obs/WF_P_12/o.dat") = 0 <0.000357>
3320  1790834063.598588 pwrite64(43</tmp/TestMixedWorkflowsRecoverFromFourServerFaults874006668/001/node-1/jetstream/$SYS/_js_/C-R3F-HBMz3Eb7/msgs/1.blk>, "[\0\0\0006\0\0\0\0\0\0\0Z+u\264\27R\332\30\0\0St9I6EVH\3\0"..., 91, 6080 <unfinished ...>
3288  1790834063.600309 pwrite64(44</tmp/TestMixedWorkflowsRecoverFromFourServerFaults874006668/001/node-1/jetstream/$SYS/_js_/C-R3F-0AOoyDir/msgs/1.blk>, "Q\0\0\0\20\0\0\0\0\0\0\0)\17\220\264\27R\332\30\0\0St9I6EVH\3\0"..., 81, 1665 <unfinished ...>
3318  1790834063.600619 pwrite64(30</tmp/TestMixedWorkflowsRecoverFromFourServerFaults874006668/001/node-1/jetstream/$G/streams/KV_WF_LEASE/msgs/1.blk>, "\216\0\0\200\323\2\0\0\0\0\0\0\350:_\264\27R\332\30#\0$KV.WF_LEA"..., 142, 119794 <unfinished ...>
3317  1790834063.603153 newfstatat(AT_FDCWD</home/runner/work/js-wf/js-wf/integration>, "/tmp/TestMixedWorkflowsRecoverFromFourServerFaults874006668/001/node-1/jetstream/$G/streams/WF_RUN/obs/WF_P_26/o.dat", {st_mode=S_IFREG|0600, st_size=31, ...}, AT_SYMLINK_NOFOLLOW) = 0 <0.000050>
3317  1790834063.603338 renameat(AT_FDCWD</home/runner/work/js-wf/js-wf/integration>, "/tmp/TestMixedWorkflowsRecoverFromFourServerFaults874006668/001/node-1/jetstream/$G/streams/WF_RUN/obs/WF_P_26/o.dat.tmp", AT_FDCWD</home/runner/work/js-wf/js-wf/integration>, "/tmp/TestMixedWorkflowsRecoverFromFourServerFaults874006668/001/node-1/jetstream/$G/streams/WF_RUN/obs/WF_P_26/o.dat") = 0 <0.000371>
3321  1790834063.606752 newfstatat(AT_FDCWD</home/runner/work/js-wf/js-wf/integration>, "/tmp/TestMixedWorkflowsRecoverFromFourServerFaults874006668/001/node-1/jetstream/$G/streams/WF_RUN/obs/WF_P_55/o.dat", {st_mode=S_IFREG|0600, st_size=10, ...}, AT_SYMLINK_NOFOLLOW) = 0 <0.000029>
3321  1790834063.606862 renameat(AT_FDCWD</home/runner/work/js-wf/js-wf/integration>, "/tmp/TestMixedWorkflowsRecoverFromFourServerFaults874006668/001/node-1/jetstream/$G/streams/WF_RUN/obs/WF_P_55/o.dat.tmp", AT_FDCWD</home/runner/work/js-wf/js-wf/integration>, "/tmp/TestMixedWorkflowsRecoverFromFourServerFaults874006668/001/node-1/jetstream/$G/streams/WF_RUN/obs/WF_P_55/o.dat") = 0 <0.000384>
3315  1790834063.613012 <... pwrite64 resumed>) = 91 (DELAYED) <0.025050>
3315  1790834063.613171 pwrite64(41</tmp/TestMixedWorkflowsRecoverFromFourServerFaults874006668/001/node-1/jetstream/$SYS/_js_/C-R3F-U2k39UyT/msgs/1.blk>, "l\0\0\0005\0\0\0\0\0\0\0\24\216T\265\27R\332\30\0\0St9I6EVH\3\0"..., 108, 6112 <unfinished ...>
3303  1790834063.620423 pwrite64(45</tmp/TestMixedWorkflowsRecoverFromFourServerFaults874006668/001/node-1/jetstream/$SYS/_js_/C-R3F-Qi7jewV8/msgs/1.blk>, "l\0\0\0#\0\0\0\0\0\0\0\3\36\303\265\27R\332\30\0\0St9I6EVH\3\0"..., 108, 3818 <unfinished ...>
3321  1790834063.620599 pwrite64(48</tmp/TestMixedWorkflowsRecoverFromFourServerFaults874006668/001/node-1/jetstream/$SYS/_js_/C-R3F-BJrVOQpv/msgs/1.blk>, "l\0\0\0#\0\0\0\0\0\0\0\31\0\306\265\27R\332\30\0\0St9I6EVH\3\0"..., 108, 3818 <unfinished ...>
3314  1790834063.621206 <... pwrite64 resumed>) = 150 (DELAYED) <0.025072>
3320  1790834063.623680 <... pwrite64 resumed>) = 91 (DELAYED) <0.025056>
3320  1790834063.623757 pwrite64(43</tmp/TestMixedWorkflowsRecoverFromFourServerFaults874006668/001/node-1/jetstream/$SYS/_js_/C-R3F-HBMz3Eb7/msgs/1.blk>, "\241\0\0\0007\0\0\0\0\0\0\0k\"\366\265\27R\332\30\0\0St9I6EVH\3\0"..., 161, 6171 <unfinished ...>
3288  1790834063.625424 <... pwrite64 resumed>) = 81 (DELAYED) <0.025060>
3318  1790834063.625724 <... pwrite64 resumed>) = 142 (DELAYED) <0.025070>
3288  1790834063.625795 pwrite64(44</tmp/TestMixedWorkflowsRecoverFromFourServerFaults874006668/001/node-1/jetstream/$SYS/_js_/C-R3F-0AOoyDir/msgs/1.blk>, "\241\0\0\0\21\0\0\0\0\0\0\0\"\201\24\266\27R\332\30\0\0St9I6EVH\3\0"..., 161, 1746 <unfinished ...>
3317  1790834063.628392 pwrite64(30</tmp/TestMixedWorkflowsRecoverFromFourServerFaults874006668/001/node-1/jetstream/$G/streams/KV_WF_LEASE/msgs/1.blk>, "\257\0\0\200\324\2\0\0\0\0\0\0\315\360\26\266\27R\332\30(\0$KV.WF_LEA"..., 316, 119936 <unfinished ...>
3318  1790834063.628750 pwrite64(31</tmp/TestMixedWorkflowsRecoverFromFourServerFaults874006668/001/node-1/jetstream/$SYS/_js_/S-R3F-OEyp3t6z/msgs/2.blk>, "\341\0\0\0 \0\0\0\0\0\0\0\21aB\266\27R\332\30\0\0000WED9nmv\2\0"..., 225, 8590 <detached ...>
