665120 1790837221.244888 pwrite64(29</tmp/TestLeaseAppendPressureFixedPlacement1574030781/001/node-1/jetstream/$SYS/_js_/S-R3F-Cqy2Skni/msgs/1.blk>, "\23\1\0\0\320\1\0\0\0\0\0\0;\306\330\346\366T\332\30\0\0000m6vARoZ\2\0"..., 275, 160189 <unfinished ...>
665121 1790837221.280596 --- SIGURG {si_signo=SIGURG, si_code=SI_TKILL, si_pid=665088, si_uid=1000} ---
665120 1790837221.315012 <... pwrite64 resumed>) = 275 (DELAYED) <0.070033>
665099 1790837221.317885 pwrite64(30</tmp/TestLeaseAppendPressureFixedPlacement1574030781/001/node-1/jetstream/$G/streams/KV_WF_LEASE/msgs/1.blk>, "\245\0\0\200i\2\0\0\0\0\0\0\250\334\323\346\366T\332\30'\0$KV.WF_LEA"..., 165, 103507 <unfinished ...>
665121 1790837221.318338 pwrite64(29</tmp/TestLeaseAppendPressureFixedPlacement1574030781/001/node-1/jetstream/$SYS/_js_/S-R3F-Cqy2Skni/msgs/1.blk>, "\27\1\0\0\321\1\0\0\0\0\0\0!\3476\353\366T\332\30\0\0000m6vARoZ\2\0"..., 279, 160464 <unfinished ...>
665097 1790837221.376395 --- SIGURG {si_signo=SIGURG, si_code=SI_TKILL, si_pid=665088, si_uid=1000} ---
665099 1790837221.388051 <... pwrite64 resumed>) = 165 (DELAYED) <0.070131>
665121 1790837221.388445 <... pwrite64 resumed>) = 279 (DELAYED) <0.070093>
665121 1790837221.390675 pwrite64(29</tmp/TestLeaseAppendPressureFixedPlacement1574030781/001/node-1/jetstream/$SYS/_js_/S-R3F-Cqy2Skni/msgs/1.blk>, "\27\1\0\0\322\1\0\0\0\0\0\0\26\234\211\357\366T\332\30\0\0000m6vARoZ\2\0"..., 279, 160743 <unfinished ...>
665095 1790837221.390832 pwrite64(30</tmp/TestLeaseAppendPressureFixedPlacement1574030781/001/node-1/jetstream/$G/streams/KV_WF_LEASE/msgs/1.blk>, "\251\0\0\200j\2\0\0\0\0\0\0\261\361\27\353\366T\332\30'\0$KV.WF_LEA"..., 169, 103672 <unfinished ...>
665112 1790837221.455059 --- SIGURG {si_signo=SIGURG, si_code=SI_TKILL, si_pid=665088, si_uid=1000} ---
665121 1790837221.460864 <... pwrite64 resumed>) = 279 (DELAYED) <0.070130>
665095 1790837221.460937 <... pwrite64 resumed>) = 169 (DELAYED) <0.070079>
665121 1790837221.461830 --- SIGURG {si_signo=SIGURG, si_code=SI_TKILL, si_pid=665088, si_uid=1000} ---
665121 1790837221.462103 pwrite64(29</tmp/TestLeaseAppendPressureFixedPlacement1574030781/001/node-1/jetstream/$SYS/_js_/S-R3F-Cqy2Skni/msgs/1.blk>, "\27\1\0\0\323\1\0\0\0\0\0\0\250i\313\363\366T\332\30\0\0000m6vARoZ\2\0"..., 279, 161022 <unfinished ...>
665112 1790837221.463470 pwrite64(30</tmp/TestLeaseAppendPressureFixedPlacement1574030781/001/node-1/jetstream/$G/streams/KV_WF_LEASE/msgs/1.blk>, "\251\0\0\200k\2\0\0\0\0\0\0\221\224\200\357\366T\332\30'\0$KV.WF_LEA"..., 169, 103841 <unfinished ...>
665121 1790837221.532409 <... pwrite64 resumed>) = 279 (DELAYED) <0.070259>
665112 1790837221.533630 <... pwrite64 resumed>) = 169 (DELAYED) <0.070117>
665121 1790837221.534729 --- SIGURG {si_signo=SIGURG, si_code=SI_TKILL, si_pid=665088, si_uid=1000} ---
665099 1790837221.535518 pwrite64(29</tmp/TestLeaseAppendPressureFixedPlacement1574030781/001/node-1/jetstream/$SYS/_js_/S-R3F-Cqy2Skni/msgs/1.blk>, "\27\1\0\0\324\1\0\0\0\0\0\0\273\214+\370\366T\332\30\0\0000m6vARoZ\2\0"..., 279, 161301 <unfinished ...>
665121 1790837221.537590 pwrite64(30</tmp/TestLeaseAppendPressureFixedPlacement1574030781/001/node-1/jetstream/$G/streams/KV_WF_LEASE/msgs/1.blk>, "\251\0\0\200l\2\0\0\0\0\0\0\261)\310\363\366T\332\30'\0$KV.WF_LEA"..., 169, 104010 <unfinished ...>
665099 1790837221.605656 <... pwrite64 resumed>) = 279 (DELAYED) <0.070099>
665112 1790837221.607192 pwrite64(29</tmp/TestLeaseAppendPressureFixedPlacement1574030781/001/node-1/jetstream/$SYS/_js_/S-R3F-Cqy2Skni/msgs/1.blk>, "\27\1\0\0\325\1\0\0\0\0\0\0\311\201q\374\366T\332\30\0\0000m6vARoZ\2\0"..., 279, 161580 <unfinished ...>
665121 1790837221.607629 <... pwrite64 resumed>) = 169 (DELAYED) <0.070008>
665095 1790837221.609323 pwrite64(30</tmp/TestLeaseAppendPressureFixedPlacement1574030781/001/node-1/jetstream/$G/streams/KV_WF_LEASE/msgs/1.blk>, "\251\0\0\200m\2\0\0\0\0\0\0J\240(\370\366T\332\30'\0$KV.WF_LEA"..., 169, 104179 <unfinished ...>
665112 1790837221.677387 <... pwrite64 resumed>) = 279 (DELAYED) <0.070155>
665112 1790837221.678407 --- SIGURG {si_signo=SIGURG, si_code=SI_TKILL, si_pid=665088, si_uid=1000} ---
665095 1790837221.679350 <... pwrite64 resumed>) = 169 (DELAYED) <0.070007>
665097 1790837221.679874 pwrite64(29</tmp/TestLeaseAppendPressureFixedPlacement1574030781/001/node-1/jetstream/$SYS/_js_/S-R3F-Cqy2Skni/msgs/1.blk>, "\27\1\0\0\326\1\0\0\0\0\0\0005G\306\0\367T\332\30\0\0000m6vARoZ\2\0"..., 279, 161859 <unfinished ...>
665112 1790837221.681217 pwrite64(30</tmp/TestLeaseAppendPressureFixedPlacement1574030781/001/node-1/jetstream/$G/streams/KV_WF_LEASE/msgs/1.blk>, "\251\0\0\200n\2\0\0\0\0\0\0)\210n\374\366T\332\30'\0$KV.WF_LEA"..., 169, 104348 <unfinished ...>
665097 1790837221.749999 <... pwrite64 resumed>) = 279 (DELAYED) <0.070091>
665097 1790837221.750147 --- SIGURG {si_signo=SIGURG, si_code=SI_TKILL, si_pid=665088, si_uid=1000} ---
665099 1790837221.751240 pwrite64(29</tmp/TestLeaseAppendPressureFixedPlacement1574030781/001/node-1/jetstream/$SYS/_js_/S-R3F-Cqy2Skni/msgs/1.blk>, "\27\1\0\0\327\1\0\0\0\0\0\0\tN\7\5\367T\332\30\0\0000m6vARoZ\2\0"..., 279, 162138 <unfinished ...>
665112 1790837221.751282 <... pwrite64 resumed>) = 169 (DELAYED) <0.070049>
665121 1790837221.752484 pwrite64(30</tmp/TestLeaseAppendPressureFixedPlacement1574030781/001/node-1/jetstream/$G/streams/KV_WF_LEASE/msgs/1.blk>, "\251\0\0\200o\2\0\0\0\0\0\0F{\257\0\367T\332\30'\0$KV.WF_LEA"..., 169, 104517 <unfinished ...>
665099 1790837221.821391 <... pwrite64 resumed>) = 279 (DELAYED) <0.070107>
665099 1790837221.821574 --- SIGURG {si_signo=SIGURG, si_code=SI_TKILL, si_pid=665088, si_uid=1000} ---
665121 1790837221.822656 <... pwrite64 resumed>) = 169 (DELAYED) <0.070159>
665121 1790837221.822797 pwrite64(29</tmp/TestLeaseAppendPressureFixedPlacement1574030781/001/node-1/jetstream/$SYS/_js_/S-R3F-Cqy2Skni/msgs/1.blk>, "\27\1\0\0\330\1\0\0\0\0\0\0{2K\t\367T\332\30\0\0000m6vARoZ\2\0"..., 279, 162417 <unfinished ...>
665099 1790837221.823953 pwrite64(30</tmp/TestLeaseAppendPressureFixedPlacement1574030781/001/node-1/jetstream/$G/streams/KV_WF_LEASE/msgs/1.blk>, "\251\0\0\200p\2\0\0\0\0\0\0\26\272\4\5\367T\332\30'\0$KV.WF_LEA"..., 169, 104686 <unfinished ...>
665121 1790837221.892942 <... pwrite64 resumed>) = 279 (DELAYED) <0.070109>
665121 1790837221.893200 --- SIGURG {si_signo=SIGURG, si_code=SI_TKILL, si_pid=665088, si_uid=1000} ---
665099 1790837221.894141 <... pwrite64 resumed>) = 169 (DELAYED) <0.070178>
665099 1790837221.894423 pwrite64(29</tmp/TestLeaseAppendPressureFixedPlacement1574030781/001/node-1/jetstream/$SYS/_js_/S-R3F-Cqy2Skni/msgs/1.blk>, "\27\1\0\0\331\1\0\0\0\0\0\0'(\220\r\367T\332\30\0\0000m6vARoZ\2\0"..., 279, 162696 <unfinished ...>
665121 1790837221.895695 pwrite64(30</tmp/TestLeaseAppendPressureFixedPlacement1574030781/001/node-1/jetstream/$G/streams/KV_WF_LEASE/msgs/1.blk>, "\251\0\0\200q\2\0\0\0\0\0\0<\35H\t\367T\332\30'\0$KV.WF_LEA"..., 169, 104855 <unfinished ...>
665097 1790837221.916198 --- SIGURG {si_signo=SIGURG, si_code=SI_TKILL, si_pid=665088, si_uid=1000} ---
665099 1790837221.964497 <... pwrite64 resumed>) = 279 (DELAYED) <0.070043>
665099 1790837221.964985 --- SIGURG {si_signo=SIGURG, si_code=SI_TKILL, si_pid=665088, si_uid=1000} ---
665112 1790837221.965585 pwrite64(29</tmp/TestLeaseAppendPressureFixedPlacement1574030781/001/node-1/jetstream/$SYS/_js_/S-R3F-Cqy2Skni/msgs/1.blk>, "\27\1\0\0\332\1\0\0\0\0\0\0\270(\316\21\367T\332\30\0\0000m6vARoZ\2\0"..., 279, 162975 <unfinished ...>
665121 1790837221.965738 <... pwrite64 resumed>) = 169 (DELAYED) <0.070024>
665095 1790837221.966994 pwrite64(30</tmp/TestLeaseAppendPressureFixedPlacement1574030781/001/node-1/jetstream/$G/streams/KV_WF_LEASE/msgs/1.blk>, "\251\0\0\200r\2\0\0\0\0\0\0\361\5\214\r\367T\332\30'\0$KV.WF_LEA"..., 169, 105024 <unfinished ...>
665112 1790837222.035826 <... pwrite64 resumed>) = 279 (DELAYED) <0.070208>
665095 1790837222.037045 <... pwrite64 resumed>) = 169 (DELAYED) <0.070031>
665120 1790837222.037170 pwrite64(29</tmp/TestLeaseAppendPressureFixedPlacement1574030781/001/node-1/jetstream/$SYS/_js_/S-R3F-Cqy2Skni/msgs/1.blk>, "\27\1\0\0\333\1\0\0\0\0\0\0\266F\22\26\367T\332\30\0\0000m6vARoZ\2\0"..., 279, 163254 <unfinished ...>
665095 1790837222.038576 pwrite64(30</tmp/TestLeaseAppendPressureFixedPlacement1574030781/001/node-1/jetstream/$G/streams/KV_WF_LEASE/msgs/1.blk>, "\251\0\0\200s\2\0\0\0\0\0\0\213\33\311\21\367T\332\30'\0$KV.WF_LEA"..., 169, 105193 <unfinished ...>
665120 1790837222.107282 <... pwrite64 resumed>) = 279 (DELAYED) <0.070080>
665120 1790837222.107728 --- SIGURG {si_signo=SIGURG, si_code=SI_TKILL, si_pid=665088, si_uid=1000} ---
665095 1790837222.108956 <... pwrite64 resumed>) = 169 (DELAYED) <0.070360>
665112 1790837222.110567 pwrite64(30</tmp/TestLeaseAppendPressureFixedPlacement1574030781/001/node-1/jetstream/$G/streams/KV_WF_LEASE/msgs/1.blk>, "\251\0\0\200t\2\0\0\0\0\0\0\316\326\r\26\367T\332\30'\0$KV.WF_LEA"..., 169, 105362 <unfinished ...>
665099 1790837222.111071 pwrite64(29</tmp/TestLeaseAppendPressureFixedPlacement1574030781/001/node-1/jetstream/$SYS/_js_/S-R3F-Cqy2Skni/msgs/1.blk>, "\27\1\0\0\334\1\0\0\0\0\0\0\341&z\32\367T\332\30\0\0000m6vARoZ\2\0"..., 279, 163533 <unfinished ...>
665112 1790837222.180695 <... pwrite64 resumed>) = 169 (DELAYED) <0.070094>
665099 1790837222.181088 <... pwrite64 resumed>) = 279 (DELAYED) <0.070002>
665099 1790837222.181996 --- SIGURG {si_signo=SIGURG, si_code=SI_TKILL, si_pid=665088, si_uid=1000} ---
665099 1790837222.182110 pwrite64(29</tmp/TestLeaseAppendPressureFixedPlacement1574030781/001/node-1/jetstream/$SYS/_js_/S-R3F-Cqy2Skni/msgs/1.blk>, "\27\1\0\0\335\1\0\0\0\0\0\0>\335\265\36\367T\332\30\0\0000m6vARoZ\2\0"..., 279, 163812 <unfinished ...>
665112 1790837222.183361 pwrite64(30</tmp/TestLeaseAppendPressureFixedPlacement1574030781/001/node-1/jetstream/$G/streams/KV_WF_LEASE/msgs/1.blk>, "\251\0\0\200u\2\0\0\0\0\0\0fYx\32\367T\332\30'\0$KV.WF_LEA"..., 169, 105531 <unfinished ...>
665099 1790837222.252258 <... pwrite64 resumed>) = 279 (DELAYED) <0.070112>
665099 1790837222.252543 --- SIGURG {si_signo=SIGURG, si_code=SI_TKILL, si_pid=665088, si_uid=1000} ---
665112 1790837222.253580 <... pwrite64 resumed>) = 169 (DELAYED) <0.070191>
665121 1790837222.253836 pwrite64(29</tmp/TestLeaseAppendPressureFixedPlacement1574030781/001/node-1/jetstream/$SYS/_js_/S-R3F-Cqy2Skni/msgs/1.blk>, "\27\1\0\0\336\1\0\0\0\0\0\0\17z\374\"\367T\332\30\0\0000m6vARoZ\2\0"..., 279, 164091 <unfinished ...>
665112 1790837222.255400 pwrite64(30</tmp/TestLeaseAppendPressureFixedPlacement1574030781/001/node-1/jetstream/$G/streams/KV_WF_LEASE/msgs/1.blk>, "\251\0\0\200v\2\0\0\0\0\0\0o\22\262\36\367T\332\30'\0$KV.WF_LEA"..., 169, 105700 <unfinished ...>
665095 1790837222.280411 --- SIGURG {si_signo=SIGURG, si_code=SI_TKILL, si_pid=665088, si_uid=1000} ---
665121 1790837222.323941 <... pwrite64 resumed>) = 279 (DELAYED) <0.070071>
665121 1790837222.324085 --- SIGURG {si_signo=SIGURG, si_code=SI_TKILL, si_pid=665088, si_uid=1000} ---
665112 1790837222.325554 <... pwrite64 resumed>) = 169 (DELAYED) <0.070130>
665121 1790837222.325825 pwrite64(29</tmp/TestLeaseAppendPressureFixedPlacement1574030781/001/node-1/jetstream/$SYS/_js_/S-R3F-Cqy2Skni/msgs/1.blk>, "\27\1\0\0\337\1\0\0\0\0\0\0\342\377F'\367T\332\30\0\0000m6vARoZ\2\0"..., 279, 164370 <unfinished ...>
665112 1790837222.327167 pwrite64(30</tmp/TestLeaseAppendPressureFixedPlacement1574030781/001/node-1/jetstream/$G/streams/KV_WF_LEASE/msgs/1.blk>, "\251\0\0\200w\2\0\0\0\0\0\0\373z\370\"\367T\332\30'\0$KV.WF_LEA"..., 169, 105869 <unfinished ...>
665097 1790837222.359525 --- SIGURG {si_signo=SIGURG, si_code=SI_TKILL, si_pid=665088, si_uid=1000} ---
665121 1790837222.396036 <... pwrite64 resumed>) = 279 (DELAYED) <0.070182>
665121 1790837222.396232 --- SIGURG {si_signo=SIGURG, si_code=SI_TKILL, si_pid=665088, si_uid=1000} ---
665112 1790837222.397299 <... pwrite64 resumed>) = 169 (DELAYED) <0.070110>
665112 1790837222.397324 --- SIGURG {si_signo=SIGURG, si_code=SI_TKILL, si_pid=665088, si_uid=1000} ---
665097 1790837222.397441 pwrite64(29</tmp/TestLeaseAppendPressureFixedPlacement1574030781/001/node-1/jetstream/$SYS/_js_/S-R3F-Cqy2Skni/msgs/1.blk>, "\27\1\0\0\340\1\0\0\0\0\0\0?\261\213+\367T\332\30\0\0000m6vARoZ\2\0"..., 279, 164649 <unfinished ...>
665095 1790837222.398506 pwrite64(30</tmp/TestLeaseAppendPressureFixedPlacement1574030781/001/node-1/jetstream/$G/streams/KV_WF_LEASE/msgs/1.blk>, "\251\0\0\200x\2\0\0\0\0\0\0<\38'\367T\332\30'\0$KV.WF_LEA"..., 169, 106038 <unfinished ...>
665112 1790837222.455297 --- SIGURG {si_signo=SIGURG, si_code=SI_TKILL, si_pid=665088, si_uid=1000} ---
665097 1790837222.467506 <... pwrite64 resumed>) = 279 (DELAYED) <0.070032>
665095 1790837222.468570 <... pwrite64 resumed>) = 169 (DELAYED) <0.070051>
665112 1790837222.468710 pwrite64(29</tmp/TestLeaseAppendPressureFixedPlacement1574030781/001/node-1/jetstream/$SYS/_js_/S-R3F-Cqy2Skni/msgs/1.blk>, "\27\1\0\0\341\1\0\0\0\0\0\0\303H\313/\367T\332\30\0\0000m6vARoZ\2\0"..., 279, 164928 <unfinished ...>
665097 1790837222.469861 pwrite64(30</tmp/TestLeaseAppendPressureFixedPlacement1574030781/001/node-1/jetstream/$G/streams/KV_WF_LEASE/msgs/1.blk>, "\251\0\0\200y\2\0\0\0\0\0\0\2143\210+\367T\332\30'\0$KV.WF_LEA"..., 169, 106207 <unfinished ...>
665112 1790837222.538883 <... pwrite64 resumed>) = 279 (DELAYED) <0.070125>
665112 1790837222.539081 --- SIGURG {si_signo=SIGURG, si_code=SI_TKILL, si_pid=665088, si_uid=1000} ---
665097 1790837222.540166 <... pwrite64 resumed>) = 169 (DELAYED) <0.070291>
665097 1790837222.543269 pwrite64(30</tmp/TestLeaseAppendPressureFixedPlacement1574030781/001/node-1/jetstream/$G/streams/KV_WF_LEASE/msgs/1.blk>, "\251\0\0\200z\2\0\0\0\0\0\0\370\216\307/\367T\332\30'\0$KV.WF_LEA"..., 169, 106376 <unfinished ...>
665099 1790837222.543832 pwrite64(29</tmp/TestLeaseAppendPressureFixedPlacement1574030781/001/node-1/jetstream/$SYS/_js_/S-R3F-Cqy2Skni/msgs/1.blk>, "\27\1\0\0\342\1\0\0\0\0\0\0\3vE4\367T\332\30\0\0000m6vARoZ\2\0"..., 279, 165207 <unfinished ...>
665097 1790837222.613379 <... pwrite64 resumed>) = 169 (DELAYED) <0.070069>
665097 1790837222.613542 --- SIGURG {si_signo=SIGURG, si_code=SI_TKILL, si_pid=665088, si_uid=1000} ---
665099 1790837222.613908 <... pwrite64 resumed>) = 279 (DELAYED) <0.070057>
665099 1790837222.617365 pwrite64(30</tmp/TestLeaseAppendPressureFixedPlacement1574030781/001/node-1/jetstream/$G/streams/KV_WF_LEASE/msgs/1.blk>, "\251\0\0\200{\2\0\0\0\0\0\0\264\223B4\367T\332\30'\0$KV.WF_LEA"..., 169, 106545 <unfinished ...>
665121 1790837222.617401 pwrite64(29</tmp/TestLeaseAppendPressureFixedPlacement1574030781/001/node-1/jetstream/$SYS/_js_/S-R3F-Cqy2Skni/msgs/1.blk>, "\27\1\0\0\343\1\0\0\0\0\0\0$\177\2478\367T\332\30\0\0000m6vARoZ\2\0"..., 279, 165486) = 279 (DELAYED) <0.070074>
665099 1790837222.687511 <... pwrite64 resumed>) = 169 (DELAYED) <0.070115>
665121 1790837222.687987 --- SIGURG {si_signo=SIGURG, si_code=SI_TKILL, si_pid=665088, si_uid=1000} ---
665121 1790837222.688684 pwrite64(29</tmp/TestLeaseAppendPressureFixedPlacement1574030781/001/node-1/jetstream/$SYS/_js_/S-R3F-Cqy2Skni/msgs/1.blk>, "\27\1\0\0\344\1\0\0\0\0\0\0\33\301\347<\367T\332\30\0\0000m6vARoZ\2\0"..., 279, 165765 <unfinished ...>
665099 1790837222.689888 pwrite64(30</tmp/TestLeaseAppendPressureFixedPlacement1574030781/001/node-1/jetstream/$G/streams/KV_WF_LEASE/msgs/1.blk>, "\251\0\0\200|\2\0\0\0\0\0\0A\372\2268\367T\332\30'\0$KV.WF_LEA"..., 169, 106714 <unfinished ...>
665112 1790837222.707292 --- SIGURG {si_signo=SIGURG, si_code=SI_TKILL, si_pid=665088, si_uid=1000} ---
665121 1790837222.758759 <... pwrite64 resumed>) = 279 (DELAYED) <0.070047>
665121 1790837222.759415 --- SIGURG {si_signo=SIGURG, si_code=SI_TKILL, si_pid=665088, si_uid=1000} ---
665099 1790837222.759924 <... pwrite64 resumed>) = 169 (DELAYED) <0.070018>
665099 1790837222.760015 --- SIGURG {si_signo=SIGURG, si_code=SI_TKILL, si_pid=665088, si_uid=1000} ---
665097 1790837222.760042 pwrite64(29</tmp/TestLeaseAppendPressureFixedPlacement1574030781/001/node-1/jetstream/$SYS/_js_/S-R3F-Cqy2Skni/msgs/1.blk>, "\27\1\0\0\345\1\0\0\0\0\0\0I_(A\367T\332\30\0\0000m6vARoZ\2\0"..., 279, 166044 <unfinished ...>
665099 1790837222.761309 pwrite64(30</tmp/TestLeaseAppendPressureFixedPlacement1574030781/001/node-1/jetstream/$G/streams/KV_WF_LEASE/msgs/1.blk>, "\251\0\0\200}\2\0\0\0\0\0\0lA\345<\367T\332\30'\0$KV.WF_LEA"..., 169, 106883 <unfinished ...>
665120 1790837222.824751 --- SIGURG {si_signo=SIGURG, si_code=SI_TKILL, si_pid=665088, si_uid=1000} ---
665097 1790837222.830131 <... pwrite64 resumed>) = 279 (DELAYED) <0.070061>
665120 1790837222.831045 pwrite64(29</tmp/TestLeaseAppendPressureFixedPlacement1574030781/001/node-1/jetstream/$SYS/_js_/S-R3F-Cqy2Skni/msgs/1.blk>, "\27\1\0\0\346\1\0\0\0\0\0\0\345\370cE\367T\332\30\0\0000m6vARoZ\2\0"..., 279, 166323 <unfinished ...>
665099 1790837222.831340 <... pwrite64 resumed>) = 169 (DELAYED) <0.069990>
665112 1790837222.832583 pwrite64(30</tmp/TestLeaseAppendPressureFixedPlacement1574030781/001/node-1/jetstream/$G/streams/KV_WF_LEASE/msgs/1.blk>, "\251\0\0\200~\2\0\0\0\0\0\0006m%A\367T\332\30'\0$KV.WF_LEA"..., 169, 107052 <unfinished ...>
665120 1790837222.901200 <... pwrite64 resumed>) = 279 (DELAYED) <0.070122>
665120 1790837222.901866 --- SIGURG {si_signo=SIGURG, si_code=SI_TKILL, si_pid=665088, si_uid=1000} ---
665112 1790837222.902705 <... pwrite64 resumed>) = 169 (DELAYED) <0.070111>
665120 1790837222.902989 pwrite64(29</tmp/TestLeaseAppendPressureFixedPlacement1574030781/001/node-1/jetstream/$SYS/_js_/S-R3F-Cqy2Skni/msgs/1.blk>, "\27\1\0\0\347\1\0\0\0\0\0\0\353\230\255I\367T\332\30\0\0000m6vARoZ\2\0"..., 279, 166602 <unfinished ...>
665121 1790837222.904559 pwrite64(30</tmp/TestLeaseAppendPressureFixedPlacement1574030781/001/node-1/jetstream/$G/streams/KV_WF_LEASE/msgs/1.blk>, "\251\0\0\200\177\2\0\0\0\0\0\0$\260aE\367T\332\30'\0$KV.WF_LEA"..., 169, 107221 <unfinished ...>
665120 1790837222.973107 <... pwrite64 resumed>) = 279 (DELAYED) <0.069999>
665120 1790837222.973236 --- SIGURG {si_signo=SIGURG, si_code=SI_TKILL, si_pid=665088, si_uid=1000} ---
665112 1790837222.974185 pwrite64(29</tmp/TestLeaseAppendPressureFixedPlacement1574030781/001/node-1/jetstream/$SYS/_js_/S-R3F-Cqy2Skni/msgs/1.blk>, "\27\1\0\0\350\1\0\0\0\0\0\0\322\34\354M\367T\332\30\0\0000m6vARoZ\2\0"..., 279, 166881 <unfinished ...>
665121 1790837222.974603 <... pwrite64 resumed>) = 169 (DELAYED) <0.070004>
665095 1790837222.975833 pwrite64(30</tmp/TestLeaseAppendPressureFixedPlacement1574030781/001/node-1/jetstream/$G/streams/KV_WF_LEASE/msgs/1.blk>, "\251\0\0\200\200\2\0\0\0\0\0\0\17x\242I\367T\332\30'\0$KV.WF_LEA"..., 169, 107390 <unfinished ...>
665112 1790837223.044303 <... pwrite64 resumed>) = 279 (DELAYED) <0.070081>
665112 1790837223.044439 --- SIGURG {si_signo=SIGURG, si_code=SI_TKILL, si_pid=665088, si_uid=1000} ---
665121 1790837223.045485 pwrite64(29</tmp/TestLeaseAppendPressureFixedPlacement1574030781/001/node-1/jetstream/$SYS/_js_/S-R3F-Cqy2Skni/msgs/1.blk>, "\27\1\0\0\351\1\0\0\0\0\0\0h\30,R\367T\332\30\0\0000m6vARoZ\2\0"..., 279, 167160 <unfinished ...>
665095 1790837223.045856 <... pwrite64 resumed>) = 169 (DELAYED) <0.070007>
665095 1790837223.047121 pwrite64(30</tmp/TestLeaseAppendPressureFixedPlacement1574030781/001/node-1/jetstream/$G/streams/KV_WF_LEASE/msgs/1.blk>, "\251\0\0\200\201\2\0\0\0\0\0\0\254\346\350M\367T\332\30'\0$KV.WF_LEA"..., 169, 107559 <unfinished ...>
665121 1790837223.115615 <... pwrite64 resumed>) = 279 (DELAYED) <0.070084>
665121 1790837223.115788 --- SIGURG {si_signo=SIGURG, si_code=SI_TKILL, si_pid=665088, si_uid=1000} ---
665095 1790837223.117148 <... pwrite64 resumed>) = 169 (DELAYED) <0.069989>
665121 1790837223.118498 pwrite64(29</tmp/TestLeaseAppendPressureFixedPlacement1574030781/001/node-1/jetstream/$SYS/_js_/S-R3F-Cqy2Skni/msgs/1.blk>, "\27\1\0\0\352\1\0\0\0\0\0\0\t\37\206V\367T\332\30\0\0000m6vARoZ\2\0"..., 279, 167439 <unfinished ...>
665112 1790837223.119758 pwrite64(30</tmp/TestLeaseAppendPressureFixedPlacement1574030781/001/node-1/jetstream/$G/streams/KV_WF_LEASE/msgs/1.blk>, "\251\0\0\200\202\2\0\0\0\0\0\0\273\326)R\367T\332\30'\0$KV.WF_LEA"..., 169, 107728 <unfinished ...>
665121 1790837223.188635 <... pwrite64 resumed>) = 279 (DELAYED) <0.070099>
665121 1790837223.188802 --- SIGURG {si_signo=SIGURG, si_code=SI_TKILL, si_pid=665088, si_uid=1000} ---
665112 1790837223.189986 <... pwrite64 resumed>) = 169 (DELAYED) <0.070209>
665112 1790837223.190109 pwrite64(29</tmp/TestLeaseAppendPressureFixedPlacement1574030781/001/node-1/jetstream/$SYS/_js_/S-R3F-Cqy2Skni/msgs/1.blk>, "\27\1\0\0\353\1\0\0\0\0\0\0\231\276\312Z\367T\332\30\0\0000m6vARoZ\2\0"..., 279, 167718 <unfinished ...>
665099 1790837223.191248 pwrite64(30</tmp/TestLeaseAppendPressureFixedPlacement1574030781/001/node-1/jetstream/$G/streams/KV_WF_LEASE/msgs/1.blk>, "\251\0\0\200\203\2\0\0\0\0\0\0\344Q\203V\367T\332\30'\0$KV.WF_LEA"..., 169, 107897 <unfinished ...>
665112 1790837223.260161 <... pwrite64 resumed>) = 279 (DELAYED) <0.070027>
665112 1790837223.260201 --- SIGURG {si_signo=SIGURG, si_code=SI_TKILL, si_pid=665088, si_uid=1000} ---
665112 1790837223.260298 --- SIGURG {si_signo=SIGURG, si_code=SI_TKILL, si_pid=665088, si_uid=1000} ---
665099 1790837223.261290 <... pwrite64 resumed>) = 169 (DELAYED) <0.070024>
665112 1790837223.261367 pwrite64(29</tmp/TestLeaseAppendPressureFixedPlacement1574030781/001/node-1/jetstream/$SYS/_js_/S-R3F-Cqy2Skni/msgs/1.blk>, "\27\1\0\0\354\1\0\0\0\0\0\0\5\34\n_\367T\332\30\0\0000m6vARoZ\2\0"..., 279, 167997 <unfinished ...>
665121 1790837223.262503 pwrite64(30</tmp/TestLeaseAppendPressureFixedPlacement1574030781/001/node-1/jetstream/$G/streams/KV_WF_LEASE/msgs/1.blk>, "\251\0\0\200\204\2\0\0\0\0\0\0\32#\310Z\367T\332\30'\0$KV.WF_LEA"..., 169, 108066 <unfinished ...>
665099 1790837223.280041 --- SIGURG {si_signo=SIGURG, si_code=SI_TKILL, si_pid=665088, si_uid=1000} ---
665112 1790837223.331454 <... pwrite64 resumed>) = 279 (DELAYED) <0.070058>
665112 1790837223.331565 --- SIGURG {si_signo=SIGURG, si_code=SI_TKILL, si_pid=665088, si_uid=1000} ---
665121 1790837223.332539 <... pwrite64 resumed>) = 169 (DELAYED) <0.070025>
665112 1790837223.332564 pwrite64(29</tmp/TestLeaseAppendPressureFixedPlacement1574030781/001/node-1/jetstream/$SYS/_js_/S-R3F-Cqy2Skni/msgs/1.blk>, "\27\1\0\0\355\1\0\0\0\0\0\0\362jHc\367T\332\30\0\0000m6vARoZ\2\0"..., 279, 168276 <unfinished ...>
665099 1790837223.333784 pwrite64(30</tmp/TestLeaseAppendPressureFixedPlacement1574030781/001/node-1/jetstream/$G/streams/KV_WF_LEASE/msgs/1.blk>, "\251\0\0\200\205\2\0\0\0\0\0\0\256E\7_\367T\332\30'\0$KV.WF_LEA"..., 169, 108235 <unfinished ...>
665120 1790837223.376542 --- SIGURG {si_signo=SIGURG, si_code=SI_TKILL, si_pid=665088, si_uid=1000} ---
665112 1790837223.402736 <... pwrite64 resumed>) = 279 (DELAYED) <0.070143>
665099 1790837223.404749 <... pwrite64 resumed>) = 169 (DELAYED) <0.070952>
665112 1790837223.404800 --- SIGURG {si_signo=SIGURG, si_code=SI_TKILL, si_pid=665088, si_uid=1000} ---
665121 1790837223.405862 pwrite64(29</tmp/TestLeaseAppendPressureFixedPlacement1574030781/001/node-1/jetstream/$SYS/_js_/S-R3F-Cqy2Skni/msgs/1.blk>, "\27\1\0\0\356\1\0\0\0\0\0\0@\275\246g\367T\332\30\0\0000m6vARoZ\2\0"..., 279, 168555 <unfinished ...>
665099 1790837223.407051 pwrite64(30</tmp/TestLeaseAppendPressureFixedPlacement1574030781/001/node-1/jetstream/$G/streams/KV_WF_LEASE/msgs/1.blk>, "\251\0\0\200\206\2\0\0\0\0\0\0\364MEc\367T\332\30'\0$KV.WF_LEA"..., 169, 108404 <unfinished ...>
665121 1790837223.475966 <... pwrite64 resumed>) = 279 (DELAYED) <0.070067>
665121 1790837223.476107 --- SIGURG {si_signo=SIGURG, si_code=SI_TKILL, si_pid=665088, si_uid=1000} ---
665112 1790837223.477106 pwrite64(29</tmp/TestLeaseAppendPressureFixedPlacement1574030781/001/node-1/jetstream/$SYS/_js_/S-R3F-Cqy2Skni/msgs/1.blk>, "\27\1\0\0\357\1\0\0\0\0\0\0\"\213\345k\367T\332\30\0\0000m6vARoZ\2\0"..., 279, 168834 <unfinished ...>
665099 1790837223.477133 <... pwrite64 resumed>) = 169 (DELAYED) <0.070069>
665121 1790837223.478406 pwrite64(30</tmp/TestLeaseAppendPressureFixedPlacement1574030781/001/node-1/jetstream/$G/streams/KV_WF_LEASE/msgs/1.blk>, "\251\0\0\200\207\2\0\0\0\0\0\0R\35\243g\367T\332\30'\0$KV.WF_LEA"..., 169, 108573 <unfinished ...>
665112 1790837223.547216 <... pwrite64 resumed>) = 279 (DELAYED) <0.070075>
665112 1790837223.547368 --- SIGURG {si_signo=SIGURG, si_code=SI_TKILL, si_pid=665088, si_uid=1000} ---
665121 1790837223.548448 <... pwrite64 resumed>) = 169 (DELAYED) <0.070022>
665121 1790837223.548790 --- SIGURG {si_signo=SIGURG, si_code=SI_TKILL, si_pid=665088, si_uid=1000} ---
665099 1790837223.548924 pwrite64(29</tmp/TestLeaseAppendPressureFixedPlacement1574030781/001/node-1/jetstream/$SYS/_js_/S-R3F-Cqy2Skni/msgs/1.blk>, "\27\1\0\0\360\1\0\0\0\0\0\0)\372-p\367T\332\30\0\0000m6vARoZ\2\0"..., 279, 169113 <unfinished ...>
665112 1790837223.549873 pwrite64(30</tmp/TestLeaseAppendPressureFixedPlacement1574030781/001/node-1/jetstream/$G/streams/KV_WF_LEASE/msgs/1.blk>, "\251\0\0\200\210\2\0\0\0\0\0\0\334\f\343k\367T\332\30'\0$KV.WF_LEA"..., 169, 108742 <unfinished ...>
665099 1790837223.619048 <... pwrite64 resumed>) = 279 (DELAYED) <0.070094>
665099 1790837223.619526 --- SIGURG {si_signo=SIGURG, si_code=SI_TKILL, si_pid=665088, si_uid=1000} ---
665112 1790837223.619919 <... pwrite64 resumed>) = 169 (DELAYED) <0.070032>
665120 1790837223.620749 pwrite64(29</tmp/TestLeaseAppendPressureFixedPlacement1574030781/001/node-1/jetstream/$SYS/_js_/S-R3F-Cqy2Skni/msgs/1.blk>, "\27\1\0\0\361\1\0\0\0\0\0\0\257\335ut\367T\332\30\0\0000m6vARoZ\2\0"..., 279, 169392 <unfinished ...>
665112 1790837223.621857 pwrite64(30</tmp/TestLeaseAppendPressureFixedPlacement1574030781/001/node-1/jetstream/$G/streams/KV_WF_LEASE/msgs/1.blk>, "\251\0\0\200\211\2\0\0\0\0\0\0yS+p\367T\332\30'\0$KV.WF_LEA"..., 169, 108911 <unfinished ...>
665120 1790837223.690862 <... pwrite64 resumed>) = 279 (DELAYED) <0.070080>
665120 1790837223.690988 --- SIGURG {si_signo=SIGURG, si_code=SI_TKILL, si_pid=665088, si_uid=1000} ---
665112 1790837223.691904 <... pwrite64 resumed>) = 169 (DELAYED) <0.070032>
665121 1790837223.692022 pwrite64(29</tmp/TestLeaseAppendPressureFixedPlacement1574030781/001/node-1/jetstream/$SYS/_js_/S-R3F-Cqy2Skni/msgs/1.blk>, "\27\1\0\0\362\1\0\0\0\0\0\0\324c\265x\367T\332\30\0\0000m6vARoZ\2\0"..., 279, 169671 <unfinished ...>
665095 1790837223.693146 pwrite64(30</tmp/TestLeaseAppendPressureFixedPlacement1574030781/001/node-1/jetstream/$G/streams/KV_WF_LEASE/msgs/1.blk>, "\251\0\0\200\212\2\0\0\0\0\0\0\2Drt\367T\332\30'\0$KV.WF_LEA"..., 169, 109080 <unfinished ...>
665121 1790837223.762615 <... pwrite64 resumed>) = 279 (DELAYED) <0.070568>
665121 1790837223.762837 --- SIGURG {si_signo=SIGURG, si_code=SI_TKILL, si_pid=665088, si_uid=1000} ---
665095 1790837223.763169 <... pwrite64 resumed>) = 169 (DELAYED) <0.070012>
665099 1790837223.764048 pwrite64(29</tmp/TestLeaseAppendPressureFixedPlacement1574030781/001/node-1/jetstream/$SYS/_js_/S-R3F-Cqy2Skni/msgs/1.blk>, "\27\1\0\0\363\1\0\0\0\0\0\0\34\204\0}\367T\332\30\0\0000m6vARoZ\2\0"..., 279, 169950 <unfinished ...>
665112 1790837223.765345 pwrite64(30</tmp/TestLeaseAppendPressureFixedPlacement1574030781/001/node-1/jetstream/$G/streams/KV_WF_LEASE/msgs/1.blk>, "\251\0\0\200\213\2\0\0\0\0\0\0004\223\262x\367T\332\30'\0$KV.WF_LEA"..., 169, 109249 <unfinished ...>
665099 1790837223.834198 <... pwrite64 resumed>) = 279 (DELAYED) <0.070111>
665099 1790837223.834358 --- SIGURG {si_signo=SIGURG, si_code=SI_TKILL, si_pid=665088, si_uid=1000} ---
665112 1790837223.835379 <... pwrite64 resumed>) = 169 (DELAYED) <0.070015>
665099 1790837223.835619 pwrite64(29</tmp/TestLeaseAppendPressureFixedPlacement1574030781/001/node-1/jetstream/$SYS/_js_/S-R3F-Cqy2Skni/msgs/1.blk>, "\27\1\0\0\364\1\0\0\0\0\0\0\267\215D\201\367T\332\30\0\0000m6vARoZ\2\0"..., 279, 170229 <unfinished ...>
665112 1790837223.838764 pwrite64(30</tmp/TestLeaseAppendPressureFixedPlacement1574030781/001/node-1/jetstream/$G/streams/KV_WF_LEASE/msgs/1.blk>, "\251\0\0\200\214\2\0\0\0\0\0\0r(\375|\367T\332\30'\0$KV.WF_LEA"..., 169, 109418 <unfinished ...>
665099 1790837223.907166 <... pwrite64 resumed>) = 279 (DELAYED) <0.071494>
665099 1790837223.908180 --- SIGURG {si_signo=SIGURG, si_code=SI_TKILL, si_pid=665088, si_uid=1000} ---
665112 1790837223.908967 <... pwrite64 resumed>) = 169 (DELAYED) <0.070158>
665120 1790837223.909746 pwrite64(29</tmp/TestLeaseAppendPressureFixedPlacement1574030781/001/node-1/jetstream/$SYS/_js_/S-R3F-Cqy2Skni/msgs/1.blk>, "\27\1\0\0\365\1\0\0\0\0\0\0\273\226\257\205\367T\332\30\0\0000m6vARoZ\2\0"..., 279, 170508 <unfinished ...>
665099 1790837223.910838 pwrite64(30</tmp/TestLeaseAppendPressureFixedPlacement1574030781/001/node-1/jetstream/$G/streams/KV_WF_LEASE/msgs/1.blk>, "\251\0\0\200\215\2\0\0\0\0\0\0cT@\201\367T\332\30'\0$KV.WF_LEA"..., 169, 109587 <unfinished ...>
665112 1790837223.959800 --- SIGURG {si_signo=SIGURG, si_code=SI_TKILL, si_pid=665088, si_uid=1000} ---
665120 1790837223.979899 <... pwrite64 resumed>) = 279 (DELAYED) <0.070108>
665120 1790837223.980463 --- SIGURG {si_signo=SIGURG, si_code=SI_TKILL, si_pid=665088, si_uid=1000} ---
665099 1790837223.981381 <... pwrite64 resumed>) = 169 (DELAYED) <0.070505>
665120 1790837223.981476 pwrite64(29</tmp/TestLeaseAppendPressureFixedPlacement1574030781/001/node-1/jetstream/$SYS/_js_/S-R3F-Cqy2Skni/msgs/1.blk>, "\27\1\0\0\366\1\0\0\0\0\0\0\324(\366\211\367T\332\30\0\0000m6vARoZ\2\0"..., 279, 170787 <unfinished ...>
665099 1790837223.982904 pwrite64(30</tmp/TestLeaseAppendPressureFixedPlacement1574030781/001/node-1/jetstream/$G/streams/KV_WF_LEASE/msgs/1.blk>, "\251\0\0\200\216\2\0\0\0\0\0\0\356\221\252\205\367T\332\30'\0$KV.WF_LEA"..., 169, 109756 <unfinished ...>
665120 1790837224.051655 <... pwrite64 resumed>) = 279 (DELAYED) <0.070151>
665099 1790837224.053026 <... pwrite64 resumed>) = 169 (DELAYED) <0.070103>
665099 1790837224.053152 pwrite64(29</tmp/TestLeaseAppendPressureFixedPlacement1574030781/001/node-1/jetstream/$SYS/_js_/S-R3F-Cqy2Skni/msgs/1.blk>, "\27\1\0\0\367\1\0\0\0\0\0\0\200\251;\216\367T\332\30\0\0000m6vARoZ\2\0"..., 279, 171066 <unfinished ...>
665112 1790837224.054267 pwrite64(30</tmp/TestLeaseAppendPressureFixedPlacement1574030781/001/node-1/jetstream/$G/streams/KV_WF_LEASE/msgs/1.blk>, "\251\0\0\200\217\2\0\0\0\0\0\0\227Q\363\211\367T\332\30'\0$KV.WF_LEA"..., 169, 109925 <unfinished ...>
665099 1790837224.123768 <... pwrite64 resumed>) = 279 (DELAYED) <0.070580>
665112 1790837224.124647 <... pwrite64 resumed>) = 169 (DELAYED) <0.070362>
665099 1790837224.124661 --- SIGURG {si_signo=SIGURG, si_code=SI_TKILL, si_pid=665088, si_uid=1000} ---
665120 1790837224.127539 pwrite64(29</tmp/TestLeaseAppendPressureFixedPlacement1574030781/001/node-1/jetstream/$SYS/_js_/S-R3F-Cqy2Skni/msgs/1.blk>, "\27\1\0\0\370\1\0\0\0\0\0\0\307\316\252\222\367T\332\30\0\0000m6vARoZ\2\0"..., 279, 171345 <unfinished ...>
665099 1790837224.128941 pwrite64(30</tmp/TestLeaseAppendPressureFixedPlacement1574030781/001/node-1/jetstream/$G/streams/KV_WF_LEASE/msgs/1.blk>, "\251\0\0\200\220\2\0\0\0\0\0\0(\3058\216\367T\332\30'\0$KV.WF_LEA"..., 169, 110094 <unfinished ...>
665120 1790837224.198913 <... pwrite64 resumed>) = 279 (DELAYED) <0.071317>
665099 1790837224.198986 <... pwrite64 resumed>) = 169 (DELAYED) <0.070028>
665120 1790837224.201192 --- SIGURG {si_signo=SIGURG, si_code=SI_TKILL, si_pid=665088, si_uid=1000} ---
665120 1790837224.201708 pwrite64(29</tmp/TestLeaseAppendPressureFixedPlacement1574030781/001/node-1/jetstream/$SYS/_js_/S-R3F-Cqy2Skni/msgs/1.blk>, "\27\1\0\0\371\1\0\0\0\0\0\0q\242\26\227\367T\332\30\0\0000m6vARoZ\2\0"..., 279, 171624 <unfinished ...>
665112 1790837224.203369 pwrite64(30</tmp/TestLeaseAppendPressureFixedPlacement1574030781/001/node-1/jetstream/$G/streams/KV_WF_LEASE/msgs/1.blk>, "\251\0\0\200\221\2\0\0\0\0\0\0Y\361\230\222\367T\332\30'\0$KV.WF_LEA"..., 169, 110263 <unfinished ...>
665120 1790837224.271795 <... pwrite64 resumed>) = 279 (DELAYED) <0.070041>
665120 1790837224.272045 --- SIGURG {si_signo=SIGURG, si_code=SI_TKILL, si_pid=665088, si_uid=1000} ---
665099 1790837224.272901 pwrite64(29</tmp/TestLeaseAppendPressureFixedPlacement1574030781/001/node-1/jetstream/$SYS/_js_/S-R3F-Cqy2Skni/msgs/1.blk>, "\27\1\0\0\372\1\0\0\0\0\0\0#\341T\233\367T\332\30\0\0000m6vARoZ\2\0"..., 279, 171903 <unfinished ...>
665112 1790837224.273399 <... pwrite64 resumed>) = 169 (DELAYED) <0.070007>
665095 1790837224.274757 pwrite64(30</tmp/TestLeaseAppendPressureFixedPlacement1574030781/001/node-1/jetstream/$G/streams/KV_WF_LEASE/msgs/1.blk>, "\251\0\0\200\222\2\0\0\0\0\0\0004\313\23\227\367T\332\30'\0$KV.WF_LEA"..., 169, 110432 <unfinished ...>
665099 1790837224.343006 <... pwrite64 resumed>) = 279 (DELAYED) <0.070075>
665099 1790837224.343156 --- SIGURG {si_signo=SIGURG, si_code=SI_TKILL, si_pid=665088, si_uid=1000} ---
665095 1790837224.344803 <... pwrite64 resumed>) = 169 (DELAYED) <0.070031>
665112 1790837224.345971 pwrite64(30</tmp/TestLeaseAppendPressureFixedPlacement1574030781/001/node-1/jetstream/$G/streams/KV_WF_LEASE/msgs/1.blk>, "\251\0\0\200\223\2\0\0\0\0\0\0c(S\233\367T\332\30'\0$KV.WF_LEA"..., 169, 110601 <unfinished ...>
665120 1790837224.346030 pwrite64(29</tmp/TestLeaseAppendPressureFixedPlacement1574030781/001/node-1/jetstream/$SYS/_js_/S-R3F-Cqy2Skni/msgs/1.blk>, "\27\1\0\0\373\1\0\0\0\0\0\0Y\344\260\237\367T\332\30\0\0000m6vARoZ\2\0"..., 279, 172182 <unfinished ...>
665095 1790837224.376873 --- SIGURG {si_signo=SIGURG, si_code=SI_TKILL, si_pid=665088, si_uid=1000} ---
665112 1790837224.416057 <... pwrite64 resumed>) = 169 (DELAYED) <0.070053>
665120 1790837224.416098 <... pwrite64 resumed>) = 279 (DELAYED) <0.070060>
665112 1790837224.416434 --- SIGURG {si_signo=SIGURG, si_code=SI_TKILL, si_pid=665088, si_uid=1000} ---
665099 1790837224.417555 newfstatat(AT_FDCWD</home/exedev/js-wf/integration>, "/tmp/TestLeaseAppendPressureFixedPlacement1574030781/001/node-1/jetstream/$SYS/_js_/S-R3F-ieNkwd4Y/tav.idx",  <unfinished ...>
665112 1790837224.417632 pwrite64(29</tmp/TestLeaseAppendPressureFixedPlacement1574030781/001/node-1/jetstream/$SYS/_js_/S-R3F-Cqy2Skni/msgs/1.blk>, "\27\1\0\0\374\1\0\0\0\0\0\0Z\21\364\243\367T\332\30\0\0000m6vARoZ\2\0"..., 279, 172461 <unfinished ...>
665099 1790837224.417645 <... newfstatat resumed>{st_mode=S_IFREG|0600, st_size=16, ...}, 0) = 0 <0.000033>
665120 1790837224.418826 pwrite64(30</tmp/TestLeaseAppendPressureFixedPlacement1574030781/001/node-1/jetstream/$G/streams/KV_WF_LEASE/msgs/1.blk>, "\251\0\0\200\224\2\0\0\0\0\0\0\f\20\256\237\367T\332\30'\0$KV.WF_LEA"..., 169, 110770 <unfinished ...>
665099 1790837224.419197 newfstatat(AT_FDCWD</home/exedev/js-wf/integration>, "/tmp/TestLeaseAppendPressureFixedPlacement1574030781/001/node-1/jetstream/$SYS/_js_/S-R3F-ieNkwd4Y/tav.idx", {st_mode=S_IFREG|0600, st_size=16, ...}, AT_SYMLINK_NOFOLLOW) = 0 <0.000007>
665099 1790837224.419230 renameat(AT_FDCWD</home/exedev/js-wf/integration>, "/tmp/TestLeaseAppendPressureFixedPlacement1574030781/001/node-1/jetstream/$SYS/_js_/S-R3F-ieNkwd4Y/tav.idx.tmp", AT_FDCWD</home/exedev/js-wf/integration>, "/tmp/TestLeaseAppendPressureFixedPlacement1574030781/001/node-1/jetstream/$SYS/_js_/S-R3F-ieNkwd4Y/tav.idx") = 0 <0.000057>
665099 1790837224.420173 newfstatat(AT_FDCWD</home/exedev/js-wf/integration>, "/tmp/TestLeaseAppendPressureFixedPlacement1574030781/001/node-1/jetstream/$SYS/_js_/S-R3F-ieNkwd4Y/tav.idx", {st_mode=S_IFREG|0600, st_size=8, ...}, 0) = 0 <0.000008>
665099 1790837224.421338 newfstatat(AT_FDCWD</home/exedev/js-wf/integration>, "/tmp/TestLeaseAppendPressureFixedPlacement1574030781/001/node-1/jetstream/$SYS/_js_/S-R3F-ieNkwd4Y/tav.idx", {st_mode=S_IFREG|0600, st_size=8, ...}, AT_SYMLINK_NOFOLLOW) = 0 <0.000005>
665099 1790837224.421366 renameat(AT_FDCWD</home/exedev/js-wf/integration>, "/tmp/TestLeaseAppendPressureFixedPlacement1574030781/001/node-1/jetstream/$SYS/_js_/S-R3F-ieNkwd4Y/tav.idx.tmp", AT_FDCWD</home/exedev/js-wf/integration>, "/tmp/TestLeaseAppendPressureFixedPlacement1574030781/001/node-1/jetstream/$SYS/_js_/S-R3F-ieNkwd4Y/tav.idx") = 0 <0.000047>
665099 1790837224.423107 pwrite64(21</tmp/TestLeaseAppendPressureFixedPlacement1574030781/001/node-1/jetstream/$SYS/_js_/S-R3F-ieNkwd4Y/msgs/1.blk>, "p\0\0\0\2\0\0\0\0\0\0\0\354\214H\244\367T\332\30\0\0000m6vARoZ\2\0"..., 112, 112 <unfinished ...>
665112 1790837224.487771 <... pwrite64 resumed>) = 279 (DELAYED) <0.070116>
665112 1790837224.487956 --- SIGURG {si_signo=SIGURG, si_code=SI_TKILL, si_pid=665088, si_uid=1000} ---
665120 1790837224.488871 <... pwrite64 resumed>) = 169 (DELAYED) <0.070019>
665112 1790837224.489005 pwrite64(29</tmp/TestLeaseAppendPressureFixedPlacement1574030781/001/node-1/jetstream/$SYS/_js_/S-R3F-Cqy2Skni/msgs/1.blk>, "\27\1\0\0\375\1\0\0\0\0\0\0U\2136\250\367T\332\30\0\0000m6vARoZ\2\0"..., 279, 172740 <unfinished ...>
665097 1790837224.490242 pwrite64(30</tmp/TestLeaseAppendPressureFixedPlacement1574030781/001/node-1/jetstream/$G/streams/KV_WF_LEASE/msgs/1.blk>, "\251\0\0\200\225\2\0\0\0\0\0\0\201\333\357\243\367T\332\30'\0$KV.WF_LEA"..., 169, 110939 <unfinished ...>
665099 1790837224.493147 <... pwrite64 resumed>) = 112 (DELAYED) <0.070015>
665120 1790837224.493878 newfstatat(AT_FDCWD</home/exedev/js-wf/integration>, "/tmp/TestLeaseAppendPressureFixedPlacement1574030781/001/node-1/jetstream/$SYS/_js_/S-R3F-ieNkwd4Y/peers.idx", {st_mode=S_IFREG|0600, st_size=34, ...}, 0) = 0 <0.000021>
665120 1790837224.496419 newfstatat(AT_FDCWD</home/exedev/js-wf/integration>, "/tmp/TestLeaseAppendPressureFixedPlacement1574030781/001/node-1/jetstream/$SYS/_js_/S-R3F-ieNkwd4Y/peers.idx", {st_mode=S_IFREG|0600, st_size=34, ...}, AT_SYMLINK_NOFOLLOW) = 0 <0.000010>
665120 1790837224.496456 renameat(AT_FDCWD</home/exedev/js-wf/integration>, "/tmp/TestLeaseAppendPressureFixedPlacement1574030781/001/node-1/jetstream/$SYS/_js_/S-R3F-ieNkwd4Y/peers.idx.tmp", AT_FDCWD</home/exedev/js-wf/integration>, "/tmp/TestLeaseAppendPressureFixedPlacement1574030781/001/node-1/jetstream/$SYS/_js_/S-R3F-ieNkwd4Y/peers.idx") = 0 <0.000058>
665112 1790837224.559103 <... pwrite64 resumed>) = 279 (DELAYED) <0.070058>
665121 1790837224.560069 pwrite64(29</tmp/TestLeaseAppendPressureFixedPlacement1574030781/001/node-1/jetstream/$SYS/_js_/S-R3F-Cqy2Skni/msgs/1.blk>, "\27\1\0\0\376\1\0\0\0\0\0\0\273\316r\254\367T\332\30\0\0000m6vARoZ\2\0"..., 279, 173019 <unfinished ...>
665097 1790837224.560333 <... pwrite64 resumed>) = 169 (DELAYED) <0.070080>
665099 1790837224.561581 pwrite64(30</tmp/TestLeaseAppendPressureFixedPlacement1574030781/001/node-1/jetstream/$G/streams/KV_WF_LEASE/msgs/1.blk>, "\251\0\0\200\226\2\0\0\0\0\0\0\6\2003\250\367T\332\30'\0$KV.WF_LEA"..., 169, 111108 <unfinished ...>
665121 1790837224.630178 <... pwrite64 resumed>) = 279 (DELAYED) <0.070072>
665121 1790837224.630382 --- SIGURG {si_signo=SIGURG, si_code=SI_TKILL, si_pid=665088, si_uid=1000} ---
665095 1790837224.631573 pwrite64(29</tmp/TestLeaseAppendPressureFixedPlacement1574030781/001/node-1/jetstream/$SYS/_js_/S-R3F-Cqy2Skni/msgs/1.blk>, "\27\1\0\0\377\1\0\0\0\0\0\0\342\264\265\260\367T\332\30\0\0000m6vARoZ\2\0"..., 279, 173298 <unfinished ...>
665099 1790837224.631628 <... pwrite64 resumed>) = 169 (DELAYED) <0.070035>
665097 1790837224.632921 pwrite64(30</tmp/TestLeaseAppendPressureFixedPlacement1574030781/001/node-1/jetstream/$G/streams/KV_WF_LEASE/msgs/1.blk>, "\251\0\0\200\227\2\0\0\0\0\0\0\275ep\254\367T\332\30'\0$KV.WF_LEA"..., 169, 111277 <unfinished ...>
665095 1790837224.701638 <... pwrite64 resumed>) = 279 (DELAYED) <0.070018>
665095 1790837224.701815 --- SIGURG {si_signo=SIGURG, si_code=SI_TKILL, si_pid=665088, si_uid=1000} ---
665121 1790837224.702634 pwrite64(29</tmp/TestLeaseAppendPressureFixedPlacement1574030781/001/node-1/jetstream/$SYS/_js_/S-R3F-Cqy2Skni/msgs/1.blk>, "\27\1\0\0\0\2\0\0\0\0\0\0\365\26\362\264\367T\332\30\0\0000m6vARoZ\2\0"..., 279, 173577 <unfinished ...>
665097 1790837224.702943 <... pwrite64 resumed>) = 169 (DELAYED) <0.070005>
665112 1790837224.704492 pwrite64(30</tmp/TestLeaseAppendPressureFixedPlacement1574030781/001/node-1/jetstream/$G/streams/KV_WF_LEASE/msgs/1.blk>, "\251\0\0\200\230\2\0\0\0\0\0\0\343'\262\260\367T\332\30'\0$KV.WF_LEA"..., 169, 111446 <unfinished ...>
665121 1790837224.772707 <... pwrite64 resumed>) = 279 (DELAYED) <0.070038>
665121 1790837224.772992 --- SIGURG {si_signo=SIGURG, si_code=SI_TKILL, si_pid=665088, si_uid=1000} ---
665099 1790837224.774378 pwrite64(29</tmp/TestLeaseAppendPressureFixedPlacement1574030781/001/node-1/jetstream/$SYS/_js_/S-R3F-Cqy2Skni/msgs/1.blk>, "\27\1\0\0\1\2\0\0\0\0\0\0s\3478\271\367T\332\30\0\0000m6vARoZ\2\0"..., 279, 173856 <unfinished ...>
665112 1790837224.774532 <... pwrite64 resumed>) = 169 (DELAYED) <0.070025>
665095 1790837224.775729 pwrite64(30</tmp/TestLeaseAppendPressureFixedPlacement1574030781/001/node-1/jetstream/$G/streams/KV_WF_LEASE/msgs/1.blk>, "\251\0\0\200\231\2\0\0\0\0\0\0\26i\360\264\367T\332\30'\0$KV.WF_LEA"..., 169, 111615 <unfinished ...>
665097 1790837224.825109 --- SIGURG {si_signo=SIGURG, si_code=SI_TKILL, si_pid=665088, si_uid=1000} ---
665099 1790837224.844490 <... pwrite64 resumed>) = 279 (DELAYED) <0.070081>
665099 1790837224.844667 --- SIGURG {si_signo=SIGURG, si_code=SI_TKILL, si_pid=665088, si_uid=1000} ---
665095 1790837224.845797 <... pwrite64 resumed>) = 169 (DELAYED) <0.070043>
665099 1790837224.846851 pwrite64(29</tmp/TestLeaseAppendPressureFixedPlacement1574030781/001/node-1/jetstream/$SYS/_js_/S-R3F-Cqy2Skni/msgs/1.blk>, "\0\1\0\0\2\2\0\0\0\0\0\0\205\272\212\275\367T\332\30\0\0000m6vARoZ\2\0"..., 256, 174135 <unfinished ...>
665097 1790837224.847830 pwrite64(30</tmp/TestLeaseAppendPressureFixedPlacement1574030781/001/node-1/jetstream/$G/streams/KV_WF_LEASE/msgs/1.blk>, "\251\0\0\200\232\2\0\0\0\0\0\0\214E7\271\367T\332\30'\0$KV.WF_LEA"..., 169, 111784 <unfinished ...>
665095 1790837224.916534 --- SIGURG {si_signo=SIGURG, si_code=SI_TKILL, si_pid=665088, si_uid=1000} ---
665099 1790837224.916886 <... pwrite64 resumed>) = 256 (DELAYED) <0.070010>
665097 1790837224.917885 <... pwrite64 resumed>) = 169 (DELAYED) <0.070041>
665112 1790837224.919408 pwrite64(30</tmp/TestLeaseAppendPressureFixedPlacement1574030781/001/node-1/jetstream/$G/streams/KV_WF_LEASE/msgs/1.blk>, "\222\0\0\200\233\2\0\0\0\0\0\0y\33\203\275\367T\332\30'\0$KV.WF_LEA"..., 146, 111953 <unfinished ...>
665099 1790837224.924335 pwrite64(29</tmp/TestLeaseAppendPressureFixedPlacement1574030781/001/node-1/jetstream/$SYS/_js_/S-R3F-Cqy2Skni/msgs/1.blk>, "\21\1\0\0\3\2\0\0\0\0\0\0C\374(\302\367T\332\30\0\0000m6vARoZ\2\0"..., 273, 174391 <unfinished ...>
665112 1790837224.989594 <... pwrite64 resumed>) = 146 (DELAYED) <0.070144>
665112 1790837224.989988 --- SIGURG {si_signo=SIGURG, si_code=SI_TKILL, si_pid=665088, si_uid=1000} ---
665099 1790837224.994406 <... pwrite64 resumed>) = 273 (DELAYED) <0.070029>
665112 1790837224.995404 pwrite64(29</tmp/TestLeaseAppendPressureFixedPlacement1574030781/001/node-1/jetstream/$SYS/_js_/S-R3F-Cqy2Skni/msgs/1.blk>, "\25\1\0\0\4\2\0\0\0\0\0\0\306ce\306\367T\332\30\0\0000m6vARoZ\2\0"..., 277, 174664 <unfinished ...>
665099 1790837224.996653 pwrite64(30</tmp/TestLeaseAppendPressureFixedPlacement1574030781/001/node-1/jetstream/$G/streams/KV_WF_LEASE/msgs/1.blk>, "\243\0\0\200\234\2\0\0\0\0\0\0\264\"%\302\367T\332\30&\0$KV.WF_LEA"..., 163, 112099 <unfinished ...>
665112 1790837225.065689 <... pwrite64 resumed>) = 277 (DELAYED) <0.070233>
665112 1790837225.066040 --- SIGURG {si_signo=SIGURG, si_code=SI_TKILL, si_pid=665088, si_uid=1000} ---
665099 1790837225.066696 <... pwrite64 resumed>) = 163 (DELAYED) <0.070019>
665099 1790837225.068032 pwrite64(30</tmp/TestLeaseAppendPressureFixedPlacement1574030781/001/node-1/jetstream/$G/streams/KV_WF_LEASE/msgs/1.blk>, "\247\0\0\200\235\2\0\0\0\0\0\0pKb\306\367T\332\30&\0$KV.WF_LEA"..., 167, 112262 <unfinished ...>
665112 1790837225.068702 pwrite64(29</tmp/TestLeaseAppendPressureFixedPlacement1574030781/001/node-1/jetstream/$SYS/_js_/S-R3F-Cqy2Skni/msgs/1.blk>, "\25\1\0\0\5\2\0\0\0\0\0\0i\371\303\312\367T\332\30\0\0000m6vARoZ\2\0"..., 277, 174941 <unfinished ...>
665099 1790837225.138264 <... pwrite64 resumed>) = 167 (DELAYED) <0.070168>
665112 1790837225.142740 <... pwrite64 resumed>) = 277 (DELAYED) <0.073999>
665112 1790837225.143321 --- SIGURG {si_signo=SIGURG, si_code=SI_TKILL, si_pid=665088, si_uid=1000} ---
665097 1790837225.150911 pwrite64(30</tmp/TestLeaseAppendPressureFixedPlacement1574030781/001/node-1/jetstream/$G/streams/KV_WF_LEASE/msgs/1.blk>, "\247\0\0\200\236\2\0\0\0\0\0\0\316\334\275\312\367T\332\30&\0$KV.WF_LEA"..., 167, 112429 <unfinished ...>
665095 1790837225.151087 pwrite64(23</tmp/TestLeaseAppendPressureFixedPlacement1574030781/001/node-1/jetstream/$SYS/_js_/S-R3F-q7IG3WJb/msgs/2.blk>, "+\1\0\0t\1\0\0\0\0\0\0n\326\254\317\367T\332\30\0\0St9I6EVH\1\0"..., 299, 190162 <unfinished ...>
665097 1790837225.221051 <... pwrite64 resumed>) = 167 (DELAYED) <0.070086>
665095 1790837225.221190 <... pwrite64 resumed>) = 299 (DELAYED) <0.070086>
665095 1790837225.221570 --- SIGURG {si_signo=SIGURG, si_code=SI_TKILL, si_pid=665088, si_uid=1000} ---
665095 1790837225.223138 pwrite64(29</tmp/TestLeaseAppendPressureFixedPlacement1574030781/001/node-1/jetstream/$SYS/_js_/S-R3F-Cqy2Skni/msgs/1.blk>, "\25\1\0\0\6\2\0\0\0\0\0\0\214L\370\323\367T\332\30\0\0000m6vARoZ\2\0"..., 277, 175218 <unfinished ...>
665097 1790837225.224540 pwrite64(24</tmp/TestLeaseAppendPressureFixedPlacement1574030781/001/node-1/jetstream/$G/streams/WF_JRN/msgs/1.blk>, "\275\0\0\200\22\2\0\0\0\0\0\0*P\254\317\367T\332\30 \0wf.jrn.pre"..., 189, 143549 <unfinished ...>
665095 1790837225.293259 <... pwrite64 resumed>) = 277 (DELAYED) <0.070073>
665095 1790837225.293415 --- SIGURG {si_signo=SIGURG, si_code=SI_TKILL, si_pid=665088, si_uid=1000} ---
665095 1790837225.293620 --- SIGURG {si_signo=SIGURG, si_code=SI_TKILL, si_pid=665088, si_uid=1000} ---
665097 1790837225.294586 <... pwrite64 resumed>) = 189 (DELAYED) <0.070027>
665095 1790837225.295228 pwrite64(30</tmp/TestLeaseAppendPressureFixedPlacement1574030781/001/node-1/jetstream/$G/streams/KV_WF_LEASE/msgs/1.blk>, "\247\0\0\200\237\2\0\0\0\0\0\0\226*\365\323\367T\332\30&\0$KV.WF_LEA"..., 167, 112596 <unfinished ...>
665097 1790837225.295409 pwrite64(23</tmp/TestLeaseAppendPressureFixedPlacement1574030781/001/node-1/jetstream/$SYS/_js_/S-R3F-q7IG3WJb/msgs/2.blk>, "\256\1\0\0u\1\0\0\0\0\0\0;$G\330\367T\332\30\0\0St9I6EVH\1\0"..., 430, 190461 <unfinished ...>
665112 1790837225.332615 newfstatat(AT_FDCWD</home/exedev/js-wf/integration>, "/tmp/TestLeaseAppendPressureFixedPlacement1574030781/001/node-1/jetstream/$SYS/_js_/S-R3F-GgfS17An/tav.idx", {st_mode=S_IFREG|0600, st_size=16, ...}, 0) = 0 <0.000012>
665112 1790837225.335363 newfstatat(AT_FDCWD</home/exedev/js-wf/integration>, "/tmp/TestLeaseAppendPressureFixedPlacement1574030781/001/node-1/jetstream/$SYS/_js_/S-R3F-GgfS17An/tav.idx", {st_mode=S_IFREG|0600, st_size=16, ...}, AT_SYMLINK_NOFOLLOW) = 0 <0.000046>
665112 1790837225.336241 renameat(AT_FDCWD</home/exedev/js-wf/integration>, "/tmp/TestLeaseAppendPressureFixedPlacement1574030781/001/node-1/jetstream/$SYS/_js_/S-R3F-GgfS17An/tav.idx.tmp", AT_FDCWD</home/exedev/js-wf/integration>, "/tmp/TestLeaseAppendPressureFixedPlacement1574030781/001/node-1/jetstream/$SYS/_js_/S-R3F-GgfS17An/tav.idx") = 0 <0.000047>
665112 1790837225.337265 newfstatat(AT_FDCWD</home/exedev/js-wf/integration>, "/tmp/TestLeaseAppendPressureFixedPlacement1574030781/001/node-1/jetstream/$SYS/_js_/S-R3F-GgfS17An/tav.idx", {st_mode=S_IFREG|0600, st_size=8, ...}, 0) = 0 <0.000004>
665112 1790837225.338311 newfstatat(AT_FDCWD</home/exedev/js-wf/integration>, "/tmp/TestLeaseAppendPressureFixedPlacement1574030781/001/node-1/jetstream/$SYS/_js_/S-R3F-GgfS17An/tav.idx", {st_mode=S_IFREG|0600, st_size=8, ...}, AT_SYMLINK_NOFOLLOW) = 0 <0.000004>
665112 1790837225.338336 renameat(AT_FDCWD</home/exedev/js-wf/integration>, "/tmp/TestLeaseAppendPressureFixedPlacement1574030781/001/node-1/jetstream/$SYS/_js_/S-R3F-GgfS17An/tav.idx.tmp", AT_FDCWD</home/exedev/js-wf/integration>, "/tmp/TestLeaseAppendPressureFixedPlacement1574030781/001/node-1/jetstream/$SYS/_js_/S-R3F-GgfS17An/tav.idx") = 0 <0.000034>
665112 1790837225.338456 --- SIGURG {si_signo=SIGURG, si_code=SI_TKILL, si_pid=665088, si_uid=1000} ---
665099 1790837225.343971 pwrite64(26</tmp/TestLeaseAppendPressureFixedPlacement1574030781/001/node-1/jetstream/$SYS/_js_/S-R3F-GgfS17An/msgs/1.blk>, "p\0\0\0\2\0\0\0\0\0\0\0\243\217+\333\367T\332\30\0\0St9I6EVH\2\0"..., 112, 112 <unfinished ...>
665095 1790837225.365348 <... pwrite64 resumed>) = 167 (DELAYED) <0.070082>
665097 1790837225.365466 <... pwrite64 resumed>) = 430 (DELAYED) <0.070048>
665095 1790837225.365563 --- SIGURG {si_signo=SIGURG, si_code=SI_TKILL, si_pid=665088, si_uid=1000} ---
665097 1790837225.365662 --- SIGURG {si_signo=SIGURG, si_code=SI_TKILL, si_pid=665088, si_uid=1000} ---
665120 1790837225.367001 pwrite64(29</tmp/TestLeaseAppendPressureFixedPlacement1574030781/001/node-1/jetstream/$SYS/_js_/S-R3F-Cqy2Skni/msgs/1.blk>, "\25\1\0\0\7\2\0\0\0\0\0\0}\230\213\334\367T\332\30\0\0000m6vARoZ\2\0"..., 277, 175495 <unfinished ...>
665095 1790837225.368160 pwrite64(24</tmp/TestLeaseAppendPressureFixedPlacement1574030781/001/node-1/jetstream/$G/streams/WF_JRN/msgs/1.blk>, "@\1\0\200\23\2\0\0\0\0\0\0,\221F\330\367T\332\30 \0wf.jrn.pre"..., 320, 143738 <unfinished ...>
665099 1790837225.414078 <... pwrite64 resumed>) = 112 (DELAYED) <0.070063>
665099 1790837225.414212 --- SIGURG {si_signo=SIGURG, si_code=SI_TKILL, si_pid=665088, si_uid=1000} ---
665099 1790837225.414595 --- SIGURG {si_signo=SIGURG, si_code=SI_TKILL, si_pid=665088, si_uid=1000} ---
665097 1790837225.419926 --- SIGURG {si_signo=SIGURG, si_code=SI_TKILL, si_pid=665088, si_uid=1000} ---
665097 1790837225.426592 close(26</tmp/TestLeaseAppendPressureFixedPlacement1574030781/001/node-1/jetstream/$SYS/_js_/S-R3F-GgfS17An/msgs/1.blk>) = 0 <0.000023>
665120 1790837225.437102 <... pwrite64 resumed>) = 277 (DELAYED) <0.070048>
665120 1790837225.437309 --- SIGURG {si_signo=SIGURG, si_code=SI_TKILL, si_pid=665088, si_uid=1000} ---
665120 1790837225.437482 --- SIGURG {si_signo=SIGURG, si_code=SI_TKILL, si_pid=665088, si_uid=1000} ---
665095 1790837225.440751 <... pwrite64 resumed>) = 320 (DELAYED) <0.072558>
665099 1790837225.442817 pwrite64(30</tmp/TestLeaseAppendPressureFixedPlacement1574030781/001/node-1/jetstream/$G/streams/KV_WF_LEASE/msgs/1.blk>, "\247\0\0\200\240\2\0\0\0\0\0\0\201\220\205\334\367T\332\30&\0$KV.WF_LEA"..., 167, 112763 <unfinished ...>
665097 1790837225.443619 pwrite64(23</tmp/TestLeaseAppendPressureFixedPlacement1574030781/001/node-1/jetstream/$SYS/_js_/S-R3F-q7IG3WJb/msgs/2.blk>, "M\1\0\0v\1\0\0\0\0\0\0\326\270\34\341\367T\332\30\0\0St9I6EVH\1\0"..., 333, 190891 <unfinished ...>
665095 1790837225.458389 --- SIGURG {si_signo=SIGURG, si_code=SI_TKILL, si_pid=665088, si_uid=1000} ---
665099 1790837225.512919 <... pwrite64 resumed>) = 167 (DELAYED) <0.070056>
665097 1790837225.513739 <... pwrite64 resumed>) = 333 (DELAYED) <0.070094>
665097 1790837225.515043 --- SIGURG {si_signo=SIGURG, si_code=SI_TKILL, si_pid=665088, si_uid=1000} ---
665095 1790837225.516383 pwrite64(29</tmp/TestLeaseAppendPressureFixedPlacement1574030781/001/node-1/jetstream/$SYS/_js_/S-R3F-Cqy2Skni/msgs/1.blk>, "\25\1\0\0\10\2\0\0\0\0\0\0\366\377r\345\367T\332\30\0\0000m6vARoZ\2\0"..., 277, 175772 <unfinished ...>
665097 1790837225.517589 pwrite64(24</tmp/TestLeaseAppendPressureFixedPlacement1574030781/001/node-1/jetstream/$G/streams/WF_JRN/msgs/1.blk>, "\337\0\0\200\24\2\0\0\0\0\0\0\r\201\34\341\367T\332\30 \0wf.jrn.pre"..., 223, 144058 <unfinished ...>
665095 1790837225.586606 <... pwrite64 resumed>) = 277 (DELAYED) <0.070188>
665095 1790837225.586893 --- SIGURG {si_signo=SIGURG, si_code=SI_TKILL, si_pid=665088, si_uid=1000} ---
665097 1790837225.587681 <... pwrite64 resumed>) = 223 (DELAYED) <0.070081>
665112 1790837225.589331 pwrite64(30</tmp/TestLeaseAppendPressureFixedPlacement1574030781/001/node-1/jetstream/$G/streams/KV_WF_LEASE/msgs/1.blk>, "\247\0\0\200\241\2\0\0\0\0\0\0D\353o\345\367T\332\30&\0$KV.WF_LEA"..., 167, 112930 <unfinished ...>
665097 1790837225.589377 pwrite64(23</tmp/TestLeaseAppendPressureFixedPlacement1574030781/001/node-1/jetstream/$SYS/_js_/S-R3F-q7IG3WJb/msgs/2.blk>, "\256\1\0\0w\1\0\0\0\0\0\0x}\314\351\367T\332\30\0\0St9I6EVH\1\0"..., 430, 191224 <unfinished ...>
665112 1790837225.659411 <... pwrite64 resumed>) = 167 (DELAYED) <0.070044>
665097 1790837225.659449 <... pwrite64 resumed>) = 430 (DELAYED) <0.070061>
665097 1790837225.659793 --- SIGURG {si_signo=SIGURG, si_code=SI_TKILL, si_pid=665088, si_uid=1000} ---
665120 1790837225.662772 pwrite64(29</tmp/TestLeaseAppendPressureFixedPlacement1574030781/001/node-1/jetstream/$SYS/_js_/S-R3F-Cqy2Skni/msgs/1.blk>, "\25\1\0\0\t\2\0\0\0\0\0\0n\343+\356\367T\332\30\0\0000m6vARoZ\2\0"..., 277, 176049 <unfinished ...>
665095 1790837225.662888 pwrite64(24</tmp/TestLeaseAppendPressureFixedPlacement1574030781/001/node-1/jetstream/$G/streams/WF_JRN/msgs/1.blk>, "@\1\0\200\25\2\0\0\0\0\0\0\254I\314\351\367T\332\30 \0wf.jrn.pre"..., 320, 144281 <unfinished ...>
665120 1790837225.732942 <... pwrite64 resumed>) = 277 (DELAYED) <0.070101>
665095 1790837225.733008 <... pwrite64 resumed>) = 320 (DELAYED) <0.070098>
665095 1790837225.733139 --- SIGURG {si_signo=SIGURG, si_code=SI_TKILL, si_pid=665088, si_uid=1000} ---
665120 1790837225.733344 --- SIGURG {si_signo=SIGURG, si_code=SI_TKILL, si_pid=665088, si_uid=1000} ---
665112 1790837225.734977 pwrite64(30</tmp/TestLeaseAppendPressureFixedPlacement1574030781/001/node-1/jetstream/$G/streams/KV_WF_LEASE/msgs/1.blk>, "\247\0\0\200\242\2\0\0\0\0\0\0\256\226&\356\367T\332\30&\0$KV.WF_LEA"..., 167, 113097 <unfinished ...>
665120 1790837225.735030 pwrite64(23</tmp/TestLeaseAppendPressureFixedPlacement1574030781/001/node-1/jetstream/$SYS/_js_/S-R3F-q7IG3WJb/msgs/2.blk>, "M\1\0\0x\1\0\0\0\0\0\0\336\"{\362\367T\332\30\0\0St9I6EVH\1\0"..., 333, 191654 <unfinished ...>
665112 1790837225.805084 <... pwrite64 resumed>) = 167 (DELAYED) <0.070062>
665120 1790837225.805119 <... pwrite64 resumed>) = 333 (DELAYED) <0.070081>
665120 1790837225.805305 --- SIGURG {si_signo=SIGURG, si_code=SI_TKILL, si_pid=665088, si_uid=1000} ---
665112 1790837225.806734 pwrite64(29</tmp/TestLeaseAppendPressureFixedPlacement1574030781/001/node-1/jetstream/$SYS/_js_/S-R3F-Cqy2Skni/msgs/1.blk>, "\25\1\0\0\n\2\0\0\0\0\0\0&\36\301\366\367T\332\30\0\0000m6vARoZ\2\0"..., 277, 176326 <unfinished ...>
665095 1790837225.807956 pwrite64(24</tmp/TestLeaseAppendPressureFixedPlacement1574030781/001/node-1/jetstream/$G/streams/WF_JRN/msgs/1.blk>, "\337\0\0\200\26\2\0\0\0\0\0\0f\360z\362\367T\332\30 \0wf.jrn.pre"..., 223, 144601 <unfinished ...>
665112 1790837225.876817 <... pwrite64 resumed>) = 277 (DELAYED) <0.070050>
665112 1790837225.877064 --- SIGURG {si_signo=SIGURG, si_code=SI_TKILL, si_pid=665088, si_uid=1000} ---
665095 1790837225.877984 <... pwrite64 resumed>) = 223 (DELAYED) <0.070007>
665120 1790837225.878699 pwrite64(23</tmp/TestLeaseAppendPressureFixedPlacement1574030781/001/node-1/jetstream/$SYS/_js_/S-R3F-q7IG3WJb/msgs/2.blk>, "\256\1\0\0y\1\0\0\0\0\0\0\200|\v\373\367T\332\30\0\0St9I6EVH\1\0"..., 430, 191987 <unfinished ...>
665095 1790837225.881793 pwrite64(30</tmp/TestLeaseAppendPressureFixedPlacement1574030781/001/node-1/jetstream/$G/streams/KV_WF_LEASE/msgs/1.blk>, "\247\0\0\200\243\2\0\0\0\0\0\0\322\372\275\366\367T\332\30&\0$KV.WF_LEA"..., 167, 113264 <unfinished ...>
665097 1790837225.916651 --- SIGURG {si_signo=SIGURG, si_code=SI_TKILL, si_pid=665088, si_uid=1000} ---
665120 1790837225.948824 <... pwrite64 resumed>) = 430 (DELAYED) <0.070077>
665120 1790837225.950832 pwrite64(29</tmp/TestLeaseAppendPressureFixedPlacement1574030781/001/node-1/jetstream/$SYS/_js_/S-R3F-Cqy2Skni/msgs/1.blk>, "\25\1\0\0\v\2\0\0\0\0\0\0^\36X\377\367T\332\30\0\0000m6vARoZ\2\0"..., 277, 176603 <unfinished ...>
665095 1790837225.952063 <... pwrite64 resumed>) = 167 (DELAYED) <0.070248>
665099 1790837225.952156 pwrite64(24</tmp/TestLeaseAppendPressureFixedPlacement1574030781/001/node-1/jetstream/$G/streams/WF_JRN/msgs/1.blk>, "@\1\0\200\27\2\0\0\0\0\0\0\251\1\v\373\367T\332\30 \0wf.jrn.pre"..., 320, 144824 <unfinished ...>
665120 1790837226.021053 <... pwrite64 resumed>) = 277 (DELAYED) <0.070108>
665120 1790837226.021253 --- SIGURG {si_signo=SIGURG, si_code=SI_TKILL, si_pid=665088, si_uid=1000} ---
665099 1790837226.022195 <... pwrite64 resumed>) = 320 (DELAYED) <0.070021>
665099 1790837226.023123 pwrite64(23</tmp/TestLeaseAppendPressureFixedPlacement1574030781/001/node-1/jetstream/$SYS/_js_/S-R3F-q7IG3WJb/msgs/2.blk>, "M\1\0\0z\1\0\0\0\0\0\0\346\5\247\3\370T\332\30\0\0St9I6EVH\1\0"..., 333, 192417 <unfinished ...>
665121 1790837226.024182 pwrite64(30</tmp/TestLeaseAppendPressureFixedPlacement1574030781/001/node-1/jetstream/$G/streams/KV_WF_LEASE/msgs/1.blk>, "\247\0\0\200\244\2\0\0\0\0\0\0s\26T\377\367T\332\30&\0$KV.WF_LEA"..., 167, 113431 <unfinished ...>
665099 1790837226.093215 <... pwrite64 resumed>) = 333 (DELAYED) <0.070055>
665099 1790837226.093364 --- SIGURG {si_signo=SIGURG, si_code=SI_TKILL, si_pid=665088, si_uid=1000} ---
665121 1790837226.094362 <... pwrite64 resumed>) = 167 (DELAYED) <0.070166>
665121 1790837226.096891 pwrite64(24</tmp/TestLeaseAppendPressureFixedPlacement1574030781/001/node-1/jetstream/$G/streams/WF_JRN/msgs/1.blk>, "\337\0\0\200\30\2\0\0\0\0\0\0\334Z\246\3\370T\332\30 \0wf.jrn.pre"..., 223, 145144 <unfinished ...>
665095 1790837226.097061 pwrite64(29</tmp/TestLeaseAppendPressureFixedPlacement1574030781/001/node-1/jetstream/$SYS/_js_/S-R3F-Cqy2Skni/msgs/1.blk>, "\25\1\0\0\f\2\0\0\0\0\0\0\t\210\17\10\370T\332\30\0\0000m6vARoZ\2\0"..., 277, 176880 <unfinished ...>
665121 1790837226.167052 <... pwrite64 resumed>) = 223 (DELAYED) <0.070121>
665095 1790837226.167195 <... pwrite64 resumed>) = 277 (DELAYED) <0.070123>
665095 1790837226.167655 --- SIGURG {si_signo=SIGURG, si_code=SI_TKILL, si_pid=665088, si_uid=1000} ---
665121 1790837226.170862 pwrite64(23</tmp/TestLeaseAppendPressureFixedPlacement1574030781/001/node-1/jetstream/$SYS/_js_/S-R3F-q7IG3WJb/msgs/2.blk>, "\256\1\0\0{\1\0\0\0\0\0\0\2464r\f\370T\332\30\0\0St9I6EVH\1\0"..., 430, 192750 <unfinished ...>
665120 1790837226.172122 pwrite64(30</tmp/TestLeaseAppendPressureFixedPlacement1574030781/001/node-1/jetstream/$G/streams/KV_WF_LEASE/msgs/1.blk>, "\247\0\0\200\245\2\0\0\0\0\0\0\201\237\f\10\370T\332\30&\0$KV.WF_LEA"..., 167, 113598 <unfinished ...>
665121 1790837226.243105 <... pwrite64 resumed>) = 430 (DELAYED) <0.072167>
665120 1790837226.243154 <... pwrite64 resumed>) = 167 (DELAYED) <0.070998>
665121 1790837226.243284 --- SIGURG {si_signo=SIGURG, si_code=SI_TKILL, si_pid=665088, si_uid=1000} ---
665120 1790837226.245181 pwrite64(24</tmp/TestLeaseAppendPressureFixedPlacement1574030781/001/node-1/jetstream/$G/streams/WF_JRN/msgs/1.blk>, "@\1\0\200\31\2\0\0\0\0\0\0E\336q\f\370T\332\30 \0wf.jrn.pre"..., 320, 145367 <unfinished ...>
665121 1790837226.246183 pwrite64(29</tmp/TestLeaseAppendPressureFixedPlacement1574030781/001/node-1/jetstream/$SYS/_js_/S-R3F-Cqy2Skni/msgs/1.blk>, "\25\1\0\0\r\2\0\0\0\0\0\0U\317\362\20\370T\332\30\0\0000m6vARoZ\2\0"..., 277, 177157 <unfinished ...>
665120 1790837226.315304 <... pwrite64 resumed>) = 320 (DELAYED) <0.069242>
665120 1790837226.315438 --- SIGURG {si_signo=SIGURG, si_code=SI_TKILL, si_pid=665088, si_uid=1000} ---
665121 1790837226.316227 <... pwrite64 resumed>) = 277 (DELAYED) <0.070028>
665095 1790837226.318642 pwrite64(30</tmp/TestLeaseAppendPressureFixedPlacement1574030781/001/node-1/jetstream/$G/streams/KV_WF_LEASE/msgs/1.blk>, "\247\0\0\200\246\2\0\0\0\0\0\0|&\344\20\370T\332\30&\0$KV.WF_LEA"..., 167, 113765 <unfinished ...>
665121 1790837226.318928 pwrite64(23</tmp/TestLeaseAppendPressureFixedPlacement1574030781/001/node-1/jetstream/$SYS/_js_/S-R3F-q7IG3WJb/msgs/2.blk>, "M\1\0\0|\1\0\0\0\0\0\0\352\312H\25\370T\332\30\0\0St9I6EVH\1\0"..., 333, 193180 <unfinished ...>
665112 1790837226.376907 --- SIGURG {si_signo=SIGURG, si_code=SI_TKILL, si_pid=665088, si_uid=1000} ---
665095 1790837226.388745 <... pwrite64 resumed>) = 167 (DELAYED) <0.070058>
665121 1790837226.388947 <... pwrite64 resumed>) = 333 (DELAYED) <0.070002>
665121 1790837226.389030 --- SIGURG {si_signo=SIGURG, si_code=SI_TKILL, si_pid=665088, si_uid=1000} ---
665121 1790837226.389109 --- SIGURG {si_signo=SIGURG, si_code=SI_TKILL, si_pid=665088, si_uid=1000} ---
665095 1790837226.390580 pwrite64(29</tmp/TestLeaseAppendPressureFixedPlacement1574030781/001/node-1/jetstream/$SYS/_js_/S-R3F-Cqy2Skni/msgs/1.blk>, "\25\1\0\0\16\2\0\0\0\0\0\0\212/\216\31\370T\332\30\0\0000m6vARoZ\2\0"..., 277, 177434 <unfinished ...>
665121 1790837226.391685 pwrite64(24</tmp/TestLeaseAppendPressureFixedPlacement1574030781/001/node-1/jetstream/$G/streams/WF_JRN/msgs/1.blk>, "\337\0\0\200\32\2\0\0\0\0\0\0\263\36H\25\370T\332\30 \0wf.jrn.pre"..., 223, 145687 <unfinished ...>
665120 1790837226.415336 --- SIGURG {si_signo=SIGURG, si_code=SI_TKILL, si_pid=665088, si_uid=1000} ---
665121 1790837226.461827 <... pwrite64 resumed>) = 223 (DELAYED) <0.070124>
665095 1790837226.461858 <... pwrite64 resumed>) = 277 (DELAYED) <0.071247>
665099 1790837226.463533 pwrite64(30</tmp/TestLeaseAppendPressureFixedPlacement1574030781/001/node-1/jetstream/$G/streams/KV_WF_LEASE/msgs/1.blk>, "\247\0\0\200\247\2\0\0\0\0\0\0\217\"\214\31\370T\332\30&\0$KV.WF_LEA"..., 167, 113932 <unfinished ...>
665095 1790837226.464218 pwrite64(23</tmp/TestLeaseAppendPressureFixedPlacement1574030781/001/node-1/jetstream/$SYS/_js_/S-R3F-q7IG3WJb/msgs/2.blk>, "\256\1\0\0}\1\0\0\0\0\0\0(\340\361\35\370T\332\30\0\0St9I6EVH\1\0"..., 430, 193513 <unfinished ...>
665099 1790837226.533686 <... pwrite64 resumed>) = 167 (DELAYED) <0.070105>
665095 1790837226.534271 <... pwrite64 resumed>) = 430 (DELAYED) <0.070039>
665095 1790837226.534411 --- SIGURG {si_signo=SIGURG, si_code=SI_TKILL, si_pid=665088, si_uid=1000} ---
665095 1790837226.534678 --- SIGURG {si_signo=SIGURG, si_code=SI_TKILL, si_pid=665088, si_uid=1000} ---
665121 1790837226.537211 pwrite64(24</tmp/TestLeaseAppendPressureFixedPlacement1574030781/001/node-1/jetstream/$G/streams/WF_JRN/msgs/1.blk>, "@\1\0\200\33\2\0\0\0\0\0\0\306\202\361\35\370T\332\30 \0wf.jrn.pre"..., 320, 145910 <unfinished ...>
665112 1790837226.537421 pwrite64(29</tmp/TestLeaseAppendPressureFixedPlacement1574030781/001/node-1/jetstream/$SYS/_js_/S-R3F-Cqy2Skni/msgs/1.blk>, "\25\1\0\0\17\2\0\0\0\0\0\0P\257N\"\370T\332\30\0\0000m6vARoZ\2\0"..., 277, 177711 <unfinished ...>
665121 1790837226.607281 <... pwrite64 resumed>) = 320 (DELAYED) <0.069998>
665112 1790837226.607513 <... pwrite64 resumed>) = 277 (DELAYED) <0.070073>
665112 1790837226.607622 --- SIGURG {si_signo=SIGURG, si_code=SI_TKILL, si_pid=665088, si_uid=1000} ---
665095 1790837226.609800 pwrite64(30</tmp/TestLeaseAppendPressureFixedPlacement1574030781/001/node-1/jetstream/$G/streams/KV_WF_LEASE/msgs/1.blk>, "\247\0\0\200\250\2\0\0\0\0\0\0\240\212F\"\370T\332\30&\0$KV.WF_LEA"..., 167, 114099 <unfinished ...>
665121 1790837226.609867 pwrite64(23</tmp/TestLeaseAppendPressureFixedPlacement1574030781/001/node-1/jetstream/$SYS/_js_/S-R3F-q7IG3WJb/msgs/2.blk>, "N\1\0\0~\1\0\0\0\0\0\0iO\240&\370T\332\30\0\0St9I6EVH\1\0"..., 334, 193943) = 334 (DELAYED) <0.074605>
665095 1790837226.684517 <... pwrite64 resumed>) = 167 (DELAYED) <0.074693>
665121 1790837226.684645 --- SIGURG {si_signo=SIGURG, si_code=SI_TKILL, si_pid=665088, si_uid=1000} ---
665120 1790837226.687643 pwrite64(24</tmp/TestLeaseAppendPressureFixedPlacement1574030781/001/node-1/jetstream/$G/streams/WF_JRN/msgs/1.blk>, "\340\0\0\200\34\2\0\0\0\0\0\0000\31\240&\370T\332\30 \0wf.jrn.pre"..., 224, 146230 <unfinished ...>
665099 1790837226.688769 pwrite64(29</tmp/TestLeaseAppendPressureFixedPlacement1574030781/001/node-1/jetstream/$SYS/_js_/S-R3F-Cqy2Skni/msgs/1.blk>, "\25\1\0\0\20\2\0\0\0\0\0\0\354\350S+\370T\332\30\0\0000m6vARoZ\2\0"..., 277, 177988 <unfinished ...>
665120 1790837226.757910 <... pwrite64 resumed>) = 224 (DELAYED) <0.070203>
665120 1790837226.758594 --- SIGURG {si_signo=SIGURG, si_code=SI_TKILL, si_pid=665088, si_uid=1000} ---
665099 1790837226.758803 <... pwrite64 resumed>) = 277 (DELAYED) <0.070000>
665121 1790837226.760533 pwrite64(30</tmp/TestLeaseAppendPressureFixedPlacement1574030781/001/node-1/jetstream/$G/streams/KV_WF_LEASE/msgs/1.blk>, "\247\0\0\200\251\2\0\0\0\0\0\0x/O+\370T\332\30&\0$KV.WF_LEA"..., 167, 114266 <unfinished ...>
665120 1790837226.760565 pwrite64(23</tmp/TestLeaseAppendPressureFixedPlacement1574030781/001/node-1/jetstream/$SYS/_js_/S-R3F-q7IG3WJb/msgs/2.blk>, "\257\1\0\0\177\1\0\0\0\0\0\0G,\233/\370T\332\30\0\0St9I6EVH\1\0"..., 431, 194277 <unfinished ...>
665121 1790837226.830665 <... pwrite64 resumed>) = 167 (DELAYED) <0.070096>
665120 1790837226.830700 <... pwrite64 resumed>) = 431 (DELAYED) <0.070126>
665120 1790837226.830840 --- SIGURG {si_signo=SIGURG, si_code=SI_TKILL, si_pid=665088, si_uid=1000} ---
665095 1790837226.832263 pwrite64(29</tmp/TestLeaseAppendPressureFixedPlacement1574030781/001/node-1/jetstream/$SYS/_js_/S-R3F-Cqy2Skni/msgs/1.blk>, "\25\1\0\0\21\2\0\0\0\0\0\0\355\305\3413\370T\332\30\0\0000m6vARoZ\2\0"..., 277, 178265 <unfinished ...>
665121 1790837226.833353 pwrite64(24</tmp/TestLeaseAppendPressureFixedPlacement1574030781/001/node-1/jetstream/$G/streams/WF_JRN/msgs/1.blk>, "A\1\0\200\35\2\0\0\0\0\0\0\337\350\232/\370T\332\30 \0wf.jrn.pre"..., 321, 146454 <unfinished ...>
665120 1790837226.859891 --- SIGURG {si_signo=SIGURG, si_code=SI_TKILL, si_pid=665088, si_uid=1000} ---
665095 1790837226.902358 <... pwrite64 resumed>) = 277 (DELAYED) <0.070052>
665121 1790837226.903561 <... pwrite64 resumed>) = 321 (DELAYED) <0.070191>
665120 1790837226.904310 pwrite64(30</tmp/TestLeaseAppendPressureFixedPlacement1574030781/001/node-1/jetstream/$G/streams/KV_WF_LEASE/msgs/1.blk>, "\247\0\0\200\252\2\0\0\0\0\0\0H\304\3363\370T\332\30&\0$KV.WF_LEA"..., 167, 114433 <unfinished ...>
665095 1790837226.904916 pwrite64(23</tmp/TestLeaseAppendPressureFixedPlacement1574030781/001/node-1/jetstream/$SYS/_js_/S-R3F-q7IG3WJb/msgs/2.blk>, "N\1\0\0\200\1\0\0\0\0\0\0\360i68\370T\332\30\0\0St9I6EVH\1\0"..., 334, 194708 <unfinished ...>
665120 1790837226.974380 <... pwrite64 resumed>) = 167 (DELAYED) <0.070035>
665120 1790837226.974533 --- SIGURG {si_signo=SIGURG, si_code=SI_TKILL, si_pid=665088, si_uid=1000} ---
665095 1790837226.974934 <... pwrite64 resumed>) = 334 (DELAYED) <0.069996>
665099 1790837226.976668 pwrite64(24</tmp/TestLeaseAppendPressureFixedPlacement1574030781/001/node-1/jetstream/$G/streams/WF_JRN/msgs/1.blk>, "\340\0\0\200\36\2\0\0\0\0\0\0\240768\370T\332\30 \0wf.jrn.pre"..., 224, 146775 <unfinished ...>
665121 1790837226.976736 pwrite64(29</tmp/TestLeaseAppendPressureFixedPlacement1574030781/001/node-1/jetstream/$SYS/_js_/S-R3F-Cqy2Skni/msgs/1.blk>, "\25\1\0\0\22\2\0\0\0\0\0\0\267\n~<\370T\332\30\0\0000m6vARoZ\2\0"..., 277, 178542) = 277 (DELAYED) <0.070112>
665099 1790837227.046912 <... pwrite64 resumed>) = 224 (DELAYED) <0.070215>
665121 1790837227.047106 --- SIGURG {si_signo=SIGURG, si_code=SI_TKILL, si_pid=665088, si_uid=1000} ---
665121 1790837227.047400 --- SIGURG {si_signo=SIGURG, si_code=SI_TKILL, si_pid=665088, si_uid=1000} ---
665095 1790837227.050601 pwrite64(23</tmp/TestLeaseAppendPressureFixedPlacement1574030781/001/node-1/jetstream/$SYS/_js_/S-R3F-q7IG3WJb/msgs/2.blk>, "\257\1\0\0\201\1\0\0\0\0\0\0\303\330\344@\370T\332\30\0\0St9I6EVH\1\0"..., 431, 195042 <unfinished ...>
665099 1790837227.050713 pwrite64(30</tmp/TestLeaseAppendPressureFixedPlacement1574030781/001/node-1/jetstream/$G/streams/KV_WF_LEASE/msgs/1.blk>, "\247\0\0\200\253\2\0\0\0\0\0\0v\303y<\370T\332\30&\0$KV.WF_LEA"..., 167, 114600) = 167 (DELAYED) <0.070025>
665095 1790837227.120831 <... pwrite64 resumed>) = 431 (DELAYED) <0.070186>
665095 1790837227.121469 --- SIGURG {si_signo=SIGURG, si_code=SI_TKILL, si_pid=665088, si_uid=1000} ---
665120 1790837227.123960 pwrite64(24</tmp/TestLeaseAppendPressureFixedPlacement1574030781/001/node-1/jetstream/$G/streams/WF_JRN/msgs/1.blk>, "A\1\0\200\37\2\0\0\0\0\0\0a\233\344@\370T\332\30 \0wf.jrn.pre"..., 321, 146999 <unfinished ...>
665112 1790837227.124393 pwrite64(29</tmp/TestLeaseAppendPressureFixedPlacement1574030781/001/node-1/jetstream/$SYS/_js_/S-R3F-Cqy2Skni/msgs/1.blk>, "\25\1\0\0\23\2\0\0\0\0\0\0\4&KE\370T\332\30\0\0000m6vARoZ\2\0"..., 277, 178819 <unfinished ...>
665120 1790837227.194111 <... pwrite64 resumed>) = 321 (DELAYED) <0.070085>
665120 1790837227.194253 --- SIGURG {si_signo=SIGURG, si_code=SI_TKILL, si_pid=665088, si_uid=1000} ---
665112 1790837227.194465 <... pwrite64 resumed>) = 277 (DELAYED) <0.070024>
665095 1790837227.196699 pwrite64(30</tmp/TestLeaseAppendPressureFixedPlacement1574030781/001/node-1/jetstream/$G/streams/KV_WF_LEASE/msgs/1.blk>, "\247\0\0\200\254\2\0\0\0\0\0\0\33\vCE\370T\332\30&\0$KV.WF_LEA"..., 167, 114767 <unfinished ...>
665112 1790837227.196757 pwrite64(23</tmp/TestLeaseAppendPressureFixedPlacement1574030781/001/node-1/jetstream/$SYS/_js_/S-R3F-q7IG3WJb/msgs/2.blk>, "N\1\0\0\202\1\0\0\0\0\0\0O\332\232I\370T\332\30\0\0St9I6EVH\1\0"..., 334, 195473 <unfinished ...>
665095 1790837227.266883 <... pwrite64 resumed>) = 167 (DELAYED) <0.070136>
665112 1790837227.266952 <... pwrite64 resumed>) = 334 (DELAYED) <0.070183>
665112 1790837227.267124 --- SIGURG {si_signo=SIGURG, si_code=SI_TKILL, si_pid=665088, si_uid=1000} ---
665095 1790837227.269500 pwrite64(24</tmp/TestLeaseAppendPressureFixedPlacement1574030781/001/node-1/jetstream/$G/streams/WF_JRN/msgs/1.blk>, "\340\0\0\200 \2\0\0\0\0\0\0U\260\232I\370T\332\30 \0wf.jrn.pre"..., 224, 147320 <unfinished ...>
665099 1790837227.269912 pwrite64(29</tmp/TestLeaseAppendPressureFixedPlacement1574030781/001/node-1/jetstream/$SYS/_js_/S-R3F-Cqy2Skni/msgs/1.blk>, "\25\1\0\0\24\2\0\0\0\0\0\0=\300\367M\370T\332\30\0\0000m6vARoZ\2\0"..., 277, 179096 <unfinished ...>
665112 1790837227.280441 --- SIGURG {si_signo=SIGURG, si_code=SI_TKILL, si_pid=665088, si_uid=1000} ---
665095 1790837227.339616 <... pwrite64 resumed>) = 224 (DELAYED) <0.069935>
665099 1790837227.339941 <... pwrite64 resumed>) = 277 (DELAYED) <0.070013>
665099 1790837227.340145 --- SIGURG {si_signo=SIGURG, si_code=SI_TKILL, si_pid=665088, si_uid=1000} ---
665099 1790837227.340371 --- SIGURG {si_signo=SIGURG, si_code=SI_TKILL, si_pid=665088, si_uid=1000} ---
665120 1790837227.346351 pwrite64(23</tmp/TestLeaseAppendPressureFixedPlacement1574030781/001/node-1/jetstream/$SYS/_js_/S-R3F-q7IG3WJb/msgs/2.blk>, "\257\1\0\0\203\1\0\0\0\0\0\0\353\337\205R\370T\332\30\0\0St9I6EVH\1\0"..., 431, 195807 <unfinished ...>
665112 1790837227.346440 pwrite64(30</tmp/TestLeaseAppendPressureFixedPlacement1574030781/001/node-1/jetstream/$G/streams/KV_WF_LEASE/msgs/1.blk>, "\247\0\0\200\255\2\0\0\0\0\0\0004\343\353M\370T\332\30&\0$KV.WF_LEA"..., 167, 114934 <unfinished ...>
665095 1790837227.376279 --- SIGURG {si_signo=SIGURG, si_code=SI_TKILL, si_pid=665088, si_uid=1000} ---
665097 1790837227.415059 --- SIGURG {si_signo=SIGURG, si_code=SI_TKILL, si_pid=665088, si_uid=1000} ---
665120 1790837227.416404 <... pwrite64 resumed>) = 431 (DELAYED) <0.069996>
665112 1790837227.416533 <... pwrite64 resumed>) = 167 (DELAYED) <0.070061>
665095 1790837227.417933 pwrite64(29</tmp/TestLeaseAppendPressureFixedPlacement1574030781/001/node-1/jetstream/$SYS/_js_/S-R3F-Cqy2Skni/msgs/1.blk>, "\25\1\0\0\25\2\0\0\0\0\0\0\10.\312V\370T\332\30\0\0000m6vARoZ\2\0"..., 277, 179373 <unfinished ...>
665112 1790837227.419073 pwrite64(24</tmp/TestLeaseAppendPressureFixedPlacement1574030781/001/node-1/jetstream/$G/streams/WF_JRN/msgs/1.blk>, "A\1\0\200!\2\0\0\0\0\0\0\220\257\205R\370T\332\30 \0wf.jrn.pre"..., 321, 147544 <unfinished ...>
665095 1790837227.488043 <... pwrite64 resumed>) = 277 (DELAYED) <0.070071>
665095 1790837227.488233 --- SIGURG {si_signo=SIGURG, si_code=SI_TKILL, si_pid=665088, si_uid=1000} ---
665112 1790837227.489171 <... pwrite64 resumed>) = 321 (DELAYED) <0.070080>
665120 1790837227.490285 pwrite64(30</tmp/TestLeaseAppendPressureFixedPlacement1574030781/001/node-1/jetstream/$G/streams/KV_WF_LEASE/msgs/1.blk>, "\247\0\0\200\256\2\0\0\0\0\0\0\2\313\303V\370T\332\30&\0$KV.WF_LEA"..., 167, 115101 <unfinished ...>
665099 1790837227.491435 pwrite64(23</tmp/TestLeaseAppendPressureFixedPlacement1574030781/001/node-1/jetstream/$SYS/_js_/S-R3F-q7IG3WJb/msgs/2.blk>, "N\1\0\0\204\1\0\0\0\0\0\0\30\310+[\370T\332\30\0\0St9I6EVH\1\0"..., 334, 196238 <unfinished ...>
665120 1790837227.560390 <... pwrite64 resumed>) = 167 (DELAYED) <0.070036>
665120 1790837227.560551 --- SIGURG {si_signo=SIGURG, si_code=SI_TKILL, si_pid=665088, si_uid=1000} ---
665099 1790837227.561469 <... pwrite64 resumed>) = 334 (DELAYED) <0.069999>
665099 1790837227.561628 --- SIGURG {si_signo=SIGURG, si_code=SI_TKILL, si_pid=665088, si_uid=1000} ---
665097 1790837227.563772 pwrite64(29</tmp/TestLeaseAppendPressureFixedPlacement1574030781/001/node-1/jetstream/$SYS/_js_/S-R3F-Cqy2Skni/msgs/1.blk>, "\25\1\0\0\26\2\0\0\0\0\0\0\322Z{_\370T\332\30\0\0000m6vARoZ\2\0"..., 277, 179650 <unfinished ...>
665112 1790837227.567816 pwrite64(24</tmp/TestLeaseAppendPressureFixedPlacement1574030781/001/node-1/jetstream/$G/streams/WF_JRN/msgs/1.blk>, "\340\0\0\200\"\2\0\0\0\0\0\0\372\205+[\370T\332\30 \0wf.jrn.pre"..., 224, 147865 <unfinished ...>
665097 1790837227.633895 <... pwrite64 resumed>) = 277 (DELAYED) <0.070071>
665097 1790837227.634832 --- SIGURG {si_signo=SIGURG, si_code=SI_TKILL, si_pid=665088, si_uid=1000} ---
665099 1790837227.636301 pwrite64(30</tmp/TestLeaseAppendPressureFixedPlacement1574030781/001/node-1/jetstream/$G/streams/KV_WF_LEASE/msgs/1.blk>, "\247\0\0\200\257\2\0\0\0\0\0\0'Qu_\370T\332\30&\0$KV.WF_LEA"..., 167, 115268 <unfinished ...>
665112 1790837227.638482 <... pwrite64 resumed>) = 224 (DELAYED) <0.070624>
665112 1790837227.639369 pwrite64(23</tmp/TestLeaseAppendPressureFixedPlacement1574030781/001/node-1/jetstream/$SYS/_js_/S-R3F-q7IG3WJb/msgs/2.blk>, "\257\1\0\0\205\1\0\0\0\0\0\0&$\375c\370T\332\30\0\0St9I6EVH\1\0"..., 431, 196572 <unfinished ...>
665099 1790837227.706406 <... pwrite64 resumed>) = 167 (DELAYED) <0.070053>
665112 1790837227.709436 <... pwrite64 resumed>) = 431 (DELAYED) <0.070047>
665112 1790837227.709573 --- SIGURG {si_signo=SIGURG, si_code=SI_TKILL, si_pid=665088, si_uid=1000} ---
665097 1790837227.710687 pwrite64(29</tmp/TestLeaseAppendPressureFixedPlacement1574030781/001/node-1/jetstream/$SYS/_js_/S-R3F-Cqy2Skni/msgs/1.blk>, "\25\1\0\0\27\2\0\0\0\0\0\0fM=h\370T\332\30\0\0000m6vARoZ\2\0"..., 277, 179927 <unfinished ...>
665112 1790837227.711788 pwrite64(24</tmp/TestLeaseAppendPressureFixedPlacement1574030781/001/node-1/jetstream/$G/streams/WF_JRN/msgs/1.blk>, "A\1\0\200#\2\0\0\0\0\0\0\212\202\374c\370T\332\30 \0wf.jrn.pre"..., 321, 148089 <unfinished ...>
665097 1790837227.780875 <... pwrite64 resumed>) = 277 (DELAYED) <0.070109>
665097 1790837227.781177 --- SIGURG {si_signo=SIGURG, si_code=SI_TKILL, si_pid=665088, si_uid=1000} ---
665112 1790837227.781920 <... pwrite64 resumed>) = 321 (DELAYED) <0.070117>
665097 1790837227.785865 pwrite64(30</tmp/TestLeaseAppendPressureFixedPlacement1574030781/001/node-1/jetstream/$G/streams/KV_WF_LEASE/msgs/1.blk>, "\247\0\0\200\260\2\0\0\0\0\0\0\n\205;h\370T\332\30&\0$KV.WF_LEA"..., 167, 115435 <unfinished ...>
665099 1790837227.786448 pwrite64(23</tmp/TestLeaseAppendPressureFixedPlacement1574030781/001/node-1/jetstream/$SYS/_js_/S-R3F-q7IG3WJb/msgs/2.blk>, "N\1\0\0\206\1\0\0\0\0\0\0\10\16\301l\370T\332\30\0\0St9I6EVH\1\0"..., 334, 197003 <unfinished ...>
665097 1790837227.855970 <... pwrite64 resumed>) = 167 (DELAYED) <0.070052>
665097 1790837227.856139 --- SIGURG {si_signo=SIGURG, si_code=SI_TKILL, si_pid=665088, si_uid=1000} ---
665099 1790837227.858478 <... pwrite64 resumed>) = 334 (DELAYED) <0.072013>
665099 1790837227.859166 --- SIGURG {si_signo=SIGURG, si_code=SI_TKILL, si_pid=665088, si_uid=1000} ---
665099 1790837227.860517 pwrite64(29</tmp/TestLeaseAppendPressureFixedPlacement1574030781/001/node-1/jetstream/$SYS/_js_/S-R3F-Cqy2Skni/msgs/1.blk>, "\25\1\0\0\30\2\0\0\0\0\0\0\213>+q\370T\332\30\0\0000m6vARoZ\2\0"..., 277, 180204 <unfinished ...>
665112 1790837227.861709 pwrite64(24</tmp/TestLeaseAppendPressureFixedPlacement1574030781/001/node-1/jetstream/$G/streams/WF_JRN/msgs/1.blk>, "\340\0\0\200$\2\0\0\0\0\0\0\33\265\300l\370T\332\30 \0wf.jrn.pre"..., 224, 148410 <unfinished ...>
665099 1790837227.930650 <... pwrite64 resumed>) = 277 (DELAYED) <0.070101>
665099 1790837227.930890 --- SIGURG {si_signo=SIGURG, si_code=SI_TKILL, si_pid=665088, si_uid=1000} ---
665112 1790837227.932000 <... pwrite64 resumed>) = 224 (DELAYED) <0.070265>
665120 1790837227.932904 pwrite64(30</tmp/TestLeaseAppendPressureFixedPlacement1574030781/001/node-1/jetstream/$G/streams/KV_WF_LEASE/msgs/1.blk>, "\247\0\0\200\261\2\0\0\0\0\0\0\263\f(q\370T\332\30&\0$KV.WF_LEA"..., 167, 115602 <unfinished ...>
665112 1790837227.933045 pwrite64(23</tmp/TestLeaseAppendPressureFixedPlacement1574030781/001/node-1/jetstream/$SYS/_js_/S-R3F-q7IG3WJb/msgs/2.blk>, "\257\1\0\0\207\1\0\0\0\0\0\0\262R~u\370T\332\30\0\0St9I6EVH\1\0"..., 431, 197337 <unfinished ...>
665120 1790837228.003086 <... pwrite64 resumed>) = 167 (DELAYED) <0.070153>
665112 1790837228.003165 <... pwrite64 resumed>) = 431 (DELAYED) <0.070110>
665120 1790837228.003386 --- SIGURG {si_signo=SIGURG, si_code=SI_TKILL, si_pid=665088, si_uid=1000} ---
665112 1790837228.005334 pwrite64(29</tmp/TestLeaseAppendPressureFixedPlacement1574030781/001/node-1/jetstream/$SYS/_js_/S-R3F-Cqy2Skni/msgs/1.blk>, "\25\1\0\0\31\2\0\0\0\0\0\0\313)\315y\370T\332\30\0\0000m6vARoZ\2\0"..., 277, 180481 <unfinished ...>
665095 1790837228.005484 pwrite64(24</tmp/TestLeaseAppendPressureFixedPlacement1574030781/001/node-1/jetstream/$G/streams/WF_JRN/msgs/1.blk>, "A\1\0\200%\2\0\0\0\0\0\0\217\204}u\370T\332\30 \0wf.jrn.pre"..., 321, 148634 <unfinished ...>
665099 1790837228.059936 --- SIGURG {si_signo=SIGURG, si_code=SI_TKILL, si_pid=665088, si_uid=1000} ---
665112 1790837228.075526 <... pwrite64 resumed>) = 277 (DELAYED) <0.070123>
665095 1790837228.076137 <... pwrite64 resumed>) = 321 (DELAYED) <0.070634>
665112 1790837228.080033 pwrite64(30</tmp/TestLeaseAppendPressureFixedPlacement1574030781/001/node-1/jetstream/$G/streams/KV_WF_LEASE/msgs/1.blk>, "\247\0\0\200\262\2\0\0\0\0\0\0\350\236\306y\370T\332\30&\0$KV.WF_LEA"..., 167, 115769 <unfinished ...>
665095 1790837228.080776 pwrite64(23</tmp/TestLeaseAppendPressureFixedPlacement1574030781/001/node-1/jetstream/$SYS/_js_/S-R3F-q7IG3WJb/msgs/2.blk>, "N\1\0\0\210\1\0\0\0\0\0\0\30\201L~\370T\332\30\0\0St9I6EVH\1\0"..., 334, 197768 <unfinished ...>
665112 1790837228.150149 <... pwrite64 resumed>) = 167 (DELAYED) <0.070054>
665112 1790837228.150371 --- SIGURG {si_signo=SIGURG, si_code=SI_TKILL, si_pid=665088, si_uid=1000} ---
665095 1790837228.150826 <... pwrite64 resumed>) = 334 (DELAYED) <0.069994>
665099 1790837228.152456 pwrite64(29</tmp/TestLeaseAppendPressureFixedPlacement1574030781/001/node-1/jetstream/$SYS/_js_/S-R3F-Cqy2Skni/msgs/1.blk>, "\25\1\0\0\32\2\0\0\0\0\0\0\37D\222\202\370T\332\30\0\0000m6vARoZ\2\0"..., 277, 180758 <unfinished ...>
665097 1790837228.153619 pwrite64(24</tmp/TestLeaseAppendPressureFixedPlacement1574030781/001/node-1/jetstream/$G/streams/WF_JRN/msgs/1.blk>, "\340\0\0\200&\2\0\0\0\0\0\0,\tK~\370T\332\30 \0wf.jrn.pre"..., 224, 148955 <unfinished ...>
665099 1790837228.222595 <... pwrite64 resumed>) = 277 (DELAYED) <0.070098>
665099 1790837228.223127 --- SIGURG {si_signo=SIGURG, si_code=SI_TKILL, si_pid=665088, si_uid=1000} ---
665097 1790837228.223683 <... pwrite64 resumed>) = 224 (DELAYED) <0.070043>
665095 1790837228.224990 pwrite64(30</tmp/TestLeaseAppendPressureFixedPlacement1574030781/001/node-1/jetstream/$G/streams/KV_WF_LEASE/msgs/1.blk>, "\247\0\0\200\263\2\0\0\0\0\0\0l\241\214\202\370T\332\30&\0$KV.WF_LEA"..., 167, 115936 <unfinished ...>
665099 1790837228.225116 pwrite64(23</tmp/TestLeaseAppendPressureFixedPlacement1574030781/001/node-1/jetstream/$SYS/_js_/S-R3F-q7IG3WJb/msgs/2.blk>, "\257\1\0\0\211\1\0\0\0\0\0\0\306\311\346\206\370T\332\30\0\0St9I6EVH\1\0"..., 431, 198102 <unfinished ...>
665112 1790837228.280326 --- SIGURG {si_signo=SIGURG, si_code=SI_TKILL, si_pid=665088, si_uid=1000} ---
665095 1790837228.295139 <... pwrite64 resumed>) = 167 (DELAYED) <0.070105>
665099 1790837228.295179 <... pwrite64 resumed>) = 431 (DELAYED) <0.070046>
665099 1790837228.296973 --- SIGURG {si_signo=SIGURG, si_code=SI_TKILL, si_pid=665088, si_uid=1000} ---
665121 1790837228.298447 pwrite64(29</tmp/TestLeaseAppendPressureFixedPlacement1574030781/001/node-1/jetstream/$SYS/_js_/S-R3F-Cqy2Skni/msgs/1.blk>, "\25\1\0\0\33\2\0\0\0\0\0\0\370\275E\213\370T\332\30\0\0000m6vARoZ\2\0"..., 277, 181035 <unfinished ...>
665095 1790837228.299616 pwrite64(24</tmp/TestLeaseAppendPressureFixedPlacement1574030781/001/node-1/jetstream/$G/streams/WF_JRN/msgs/1.blk>, "A\1\0\200'\2\0\0\0\0\0\0<|\346\206\370T\332\30 \0wf.jrn.pre"..., 321, 149179 <unfinished ...>
665121 1790837228.369760 <... pwrite64 resumed>) = 277 (DELAYED) <0.070130>
665095 1790837228.369866 <... pwrite64 resumed>) = 321 (DELAYED) <0.070233>
665121 1790837228.369979 --- SIGURG {si_signo=SIGURG, si_code=SI_TKILL, si_pid=665088, si_uid=1000} ---
665095 1790837228.371775 pwrite64(23</tmp/TestLeaseAppendPressureFixedPlacement1574030781/001/node-1/jetstream/$SYS/_js_/S-R3F-q7IG3WJb/msgs/2.blk>, "N\1\0\0\212\1\0\0\0\0\0\0/\312\244\217\370T\332\30\0\0St9I6EVH\1\0"..., 334, 198533 <unfinished ...>
665099 1790837228.371830 pwrite64(30</tmp/TestLeaseAppendPressureFixedPlacement1574030781/001/node-1/jetstream/$G/streams/KV_WF_LEASE/msgs/1.blk>, "\247\0\0\200\264\2\0\0\0\0\0\0\267^@\213\370T\332\30&\0$KV.WF_LEA"..., 167, 116103 <unfinished ...>
665121 1790837228.414959 --- SIGURG {si_signo=SIGURG, si_code=SI_TKILL, si_pid=665088, si_uid=1000} ---
665095 1790837228.441905 <... pwrite64 resumed>) = 334 (DELAYED) <0.070088>
665099 1790837228.441948 <... pwrite64 resumed>) = 167 (DELAYED) <0.070101>
665095 1790837228.442125 --- SIGURG {si_signo=SIGURG, si_code=SI_TKILL, si_pid=665088, si_uid=1000} ---
665099 1790837228.444022 pwrite64(24</tmp/TestLeaseAppendPressureFixedPlacement1574030781/001/node-1/jetstream/$G/streams/WF_JRN/msgs/1.blk>, "\340\0\0\200(\2\0\0\0\0\0\0l]\244\217\370T\332\30 \0wf.jrn.pre"..., 224, 149500 <unfinished ...>
665120 1790837228.444684 pwrite64(29</tmp/TestLeaseAppendPressureFixedPlacement1574030781/001/node-1/jetstream/$SYS/_js_/S-R3F-Cqy2Skni/msgs/1.blk>, "\25\1\0\0\34\2\0\0\0\0\0\0\177Z\375\223\370T\332\30\0\0000m6vARoZ\2\0"..., 277, 181312 <unfinished ...>
665099 1790837228.514094 <... pwrite64 resumed>) = 224 (DELAYED) <0.070030>
665099 1790837228.514214 --- SIGURG {si_signo=SIGURG, si_code=SI_TKILL, si_pid=665088, si_uid=1000} ---
665120 1790837228.514733 <... pwrite64 resumed>) = 277 (DELAYED) <0.070034>
665099 1790837228.516541 pwrite64(23</tmp/TestLeaseAppendPressureFixedPlacement1574030781/001/node-1/jetstream/$SYS/_js_/S-R3F-q7IG3WJb/msgs/2.blk>, "\257\1\0\0\213\1\0\0\0\0\0\0\302\271E\230\370T\332\30\0\0St9I6EVH\1\0"..., 431, 198867 <unfinished ...>
665112 1790837228.518885 pwrite64(30</tmp/TestLeaseAppendPressureFixedPlacement1574030781/001/node-1/jetstream/$G/streams/KV_WF_LEASE/msgs/1.blk>, "\247\0\0\200\265\2\0\0\0\0\0\0\"\201\371\223\370T\332\30&\0$KV.WF_LEA"..., 167, 116270 <unfinished ...>
665099 1790837228.586707 <... pwrite64 resumed>) = 431 (DELAYED) <0.070126>
665099 1790837228.586882 --- SIGURG {si_signo=SIGURG, si_code=SI_TKILL, si_pid=665088, si_uid=1000} ---
665120 1790837228.588435 pwrite64(29</tmp/TestLeaseAppendPressureFixedPlacement1574030781/001/node-1/jetstream/$SYS/_js_/S-R3F-Cqy2Skni/msgs/1.blk>, "\25\1\0\0\35\2\0\0\0\0\0\0\302\323\216\234\370T\332\30\0\0000m6vARoZ\2\0"..., 277, 181589 <unfinished ...>
665112 1790837228.588913 <... pwrite64 resumed>) = 167 (DELAYED) <0.070003>
665112 1790837228.588983 pwrite64(24</tmp/TestLeaseAppendPressureFixedPlacement1574030781/001/node-1/jetstream/$G/streams/WF_JRN/msgs/1.blk>, "A\1\0\200)\2\0\0\0\0\0\0\271\25E\230\370T\332\30 \0wf.jrn.pre"..., 321, 149724 <unfinished ...>
665120 1790837228.658541 <... pwrite64 resumed>) = 277 (DELAYED) <0.070075>
665120 1790837228.658657 --- SIGURG {si_signo=SIGURG, si_code=SI_TKILL, si_pid=665088, si_uid=1000} ---
665112 1790837228.659664 <... pwrite64 resumed>) = 321 (DELAYED) <0.070671>
665121 1790837228.660789 pwrite64(23</tmp/TestLeaseAppendPressureFixedPlacement1574030781/001/node-1/jetstream/$SYS/_js_/S-R3F-q7IG3WJb/msgs/2.blk>, "N\1\0\0\214\1\0\0\0\0\0\0\364\270\336\240\370T\332\30\0\0St9I6EVH\1\0"..., 334, 199298 <unfinished ...>
665095 1790837228.661900 pwrite64(30</tmp/TestLeaseAppendPressureFixedPlacement1574030781/001/node-1/jetstream/$G/streams/KV_WF_LEASE/msgs/1.blk>, "\247\0\0\200\266\2\0\0\0\0\0\0GS\213\234\370T\332\30&\0$KV.WF_LEA"..., 167, 116437 <unfinished ...>
665121 1790837228.730904 <... pwrite64 resumed>) = 334 (DELAYED) <0.070078>
665121 1790837228.731118 --- SIGURG {si_signo=SIGURG, si_code=SI_TKILL, si_pid=665088, si_uid=1000} ---
665095 1790837228.731934 <... pwrite64 resumed>) = 167 (DELAYED) <0.070017>
665112 1790837228.732758 pwrite64(29</tmp/TestLeaseAppendPressureFixedPlacement1574030781/001/node-1/jetstream/$SYS/_js_/S-R3F-Cqy2Skni/msgs/1.blk>, "\25\1\0\0\36\2\0\0\0\0\0\0$\4)\245\370T\332\30\0\0000m6vARoZ\2\0"..., 277, 181866 <unfinished ...>
665097 1790837228.733919 pwrite64(24</tmp/TestLeaseAppendPressureFixedPlacement1574030781/001/node-1/jetstream/$G/streams/WF_JRN/msgs/1.blk>, "\340\0\0\200*\2\0\0\0\0\0\0d\332\335\240\370T\332\30 \0wf.jrn.pre"..., 224, 150045 <unfinished ...>
665112 1790837228.802954 <... pwrite64 resumed>) = 277 (DELAYED) <0.070165>
665112 1790837228.803092 --- SIGURG {si_signo=SIGURG, si_code=SI_TKILL, si_pid=665088, si_uid=1000} ---
665097 1790837228.805820 <... pwrite64 resumed>) = 224 (DELAYED) <0.071887>
665121 1790837228.806257 --- SIGURG {si_signo=SIGURG, si_code=SI_TKILL, si_pid=665088, si_uid=1000} ---
665112 1790837228.807327 pwrite64(23</tmp/TestLeaseAppendPressureFixedPlacement1574030781/001/node-1/jetstream/$SYS/_js_/S-R3F-q7IG3WJb/msgs/2.blk>, "\257\1\0\0\215\1\0\0\0\0\0\0\"\304\232\251\370T\332\30\0\0St9I6EVH\1\0"..., 431, 199632 <unfinished ...>
665097 1790837228.808567 pwrite64(30</tmp/TestLeaseAppendPressureFixedPlacement1574030781/001/node-1/jetstream/$G/streams/KV_WF_LEASE/msgs/1.blk>, "\247\0\0\200\267\2\0\0\0\0\0\0!\226%\245\370T\332\30&\0$KV.WF_LEA"..., 167, 116604 <unfinished ...>
665121 1790837228.859253 --- SIGURG {si_signo=SIGURG, si_code=SI_TKILL, si_pid=665088, si_uid=1000} ---
665112 1790837228.877583 <... pwrite64 resumed>) = 431 (DELAYED) <0.070159>
665097 1790837228.878911 <... pwrite64 resumed>) = 167 (DELAYED) <0.070328>
665095 1790837228.879093 pwrite64(29</tmp/TestLeaseAppendPressureFixedPlacement1574030781/001/node-1/jetstream/$SYS/_js_/S-R3F-Cqy2Skni/msgs/1.blk>, "\25\1\0\0\37\2\0\0\0\0\0\0\221\351\341\255\370T\332\30\0\0000m6vARoZ\2\0"..., 277, 182143 <unfinished ...>
665097 1790837228.880160 pwrite64(24</tmp/TestLeaseAppendPressureFixedPlacement1574030781/001/node-1/jetstream/$G/streams/WF_JRN/msgs/1.blk>, "A\1\0\200+\2\0\0\0\0\0\0\210w\232\251\370T\332\30 \0wf.jrn.pre"..., 321, 150269 <unfinished ...>
665121 1790837228.916616 --- SIGURG {si_signo=SIGURG, si_code=SI_TKILL, si_pid=665088, si_uid=1000} ---
665095 1790837228.949182 <... pwrite64 resumed>) = 277 (DELAYED) <0.070063>
665095 1790837228.949291 --- SIGURG {si_signo=SIGURG, si_code=SI_TKILL, si_pid=665088, si_uid=1000} ---
665097 1790837228.950204 <... pwrite64 resumed>) = 321 (DELAYED) <0.070031>
665097 1790837228.952589 pwrite64(30</tmp/TestLeaseAppendPressureFixedPlacement1574030781/001/node-1/jetstream/$G/streams/KV_WF_LEASE/msgs/1.blk>, "\247\0\0\200\270\2\0\0\0\0\0\0\245l\336\255\370T\332\30&\0$KV.WF_LEA"..., 167, 116771 <unfinished ...>
665095 1790837228.952632 pwrite64(23</tmp/TestLeaseAppendPressureFixedPlacement1574030781/001/node-1/jetstream/$SYS/_js_/S-R3F-q7IG3WJb/msgs/2.blk>, "N\1\0\0\216\1\0\0\0\0\0\0\206\315C\262\370T\332\30\0\0St9I6EVH\1\0"..., 334, 200063 <unfinished ...>
665097 1790837229.022727 <... pwrite64 resumed>) = 167 (DELAYED) <0.070081>
665095 1790837229.022772 <... pwrite64 resumed>) = 334 (DELAYED) <0.070130>
665095 1790837229.022939 --- SIGURG {si_signo=SIGURG, si_code=SI_TKILL, si_pid=665088, si_uid=1000} ---
665120 1790837229.024621 pwrite64(29</tmp/TestLeaseAppendPressureFixedPlacement1574030781/001/node-1/jetstream/$SYS/_js_/S-R3F-Cqy2Skni/msgs/1.blk>, "\25\1\0\0 \2\0\0\0\0\0\0\36u\216\266\370T\332\30\0\0000m6vARoZ\2\0"..., 277, 182420 <unfinished ...>
665095 1790837229.025799 pwrite64(24</tmp/TestLeaseAppendPressureFixedPlacement1574030781/001/node-1/jetstream/$G/streams/WF_JRN/msgs/1.blk>, "\340\0\0\200,\2\0\0\0\0\0\0j\231C\262\370T\332\30 \0wf.jrn.pre"..., 224, 150590) = 224 (DELAYED) <0.070088>
665095 1790837229.096021 --- SIGURG {si_signo=SIGURG, si_code=SI_TKILL, si_pid=665088, si_uid=1000} ---
665120 1790837229.096838 <... pwrite64 resumed>) = 277 (DELAYED) <0.072190>
665120 1790837229.100754 pwrite64(23</tmp/TestLeaseAppendPressureFixedPlacement1574030781/001/node-1/jetstream/$SYS/_js_/S-R3F-q7IG3WJb/msgs/2.blk>, "\257\1\0\0\217\1\0\0\0\0\0\0\274\231\27\273\370T\332\30\0\0St9I6EVH\1\0"..., 431, 200397 <unfinished ...>
665095 1790837229.101821 pwrite64(30</tmp/TestLeaseAppendPressureFixedPlacement1574030781/001/node-1/jetstream/$G/streams/KV_WF_LEASE/msgs/1.blk>, "\247\0\0\200\271\2\0\0\0\0\0\0\354\244\213\266\370T\332\30&\0$KV.WF_LEA"..., 167, 116938 <unfinished ...>
665120 1790837229.170891 <... pwrite64 resumed>) = 431 (DELAYED) <0.070098>
665120 1790837229.171014 --- SIGURG {si_signo=SIGURG, si_code=SI_TKILL, si_pid=665088, si_uid=1000} ---
665095 1790837229.172933 <... pwrite64 resumed>) = 167 (DELAYED) <0.071088>
665097 1790837229.174480 pwrite64(29</tmp/TestLeaseAppendPressureFixedPlacement1574030781/001/node-1/jetstream/$SYS/_js_/S-R3F-Cqy2Skni/msgs/1.blk>, "\25\1\0\0!\2\0\0\0\0\0\0\317\34}\277\370T\332\30\0\0000m6vARoZ\2\0"..., 277, 182697 <unfinished ...>
665112 1790837229.176496 pwrite64(24</tmp/TestLeaseAppendPressureFixedPlacement1574030781/001/node-1/jetstream/$G/streams/WF_JRN/msgs/1.blk>, "A\1\0\200-\2\0\0\0\0\0\0\204j\27\273\370T\332\30 \0wf.jrn.pre"..., 321, 150814 <unfinished ...>
665097 1790837229.244651 <... pwrite64 resumed>) = 277 (DELAYED) <0.070125>
665097 1790837229.245186 --- SIGURG {si_signo=SIGURG, si_code=SI_TKILL, si_pid=665088, si_uid=1000} ---
665112 1790837229.247364 <... pwrite64 resumed>) = 321 (DELAYED) <0.070844>
665112 1790837229.247584 pwrite64(30</tmp/TestLeaseAppendPressureFixedPlacement1574030781/001/node-1/jetstream/$G/streams/KV_WF_LEASE/msgs/1.blk>, "\247\0\0\200\272\2\0\0\0\0\0\08\201y\277\370T\332\30&\0$KV.WF_LEA"..., 167, 117105 <unfinished ...>
665097 1790837229.252905 pwrite64(23</tmp/TestLeaseAppendPressureFixedPlacement1574030781/001/node-1/jetstream/$SYS/_js_/S-R3F-q7IG3WJb/msgs/2.blk>, "N\1\0\0\220\1\0\0\0\0\0\0\355\221!\304\370T\332\30\0\0St9I6EVH\1\0"..., 334, 200828 <unfinished ...>
665095 1790837229.259822 --- SIGURG {si_signo=SIGURG, si_code=SI_TKILL, si_pid=665088, si_uid=1000} ---
665112 1790837229.318849 <... pwrite64 resumed>) = 167 (DELAYED) <0.071222>
665097 1790837229.322587 <... pwrite64 resumed>) = 334 (DELAYED) <0.069615>
665097 1790837229.323250 --- SIGURG {si_signo=SIGURG, si_code=SI_TKILL, si_pid=665088, si_uid=1000} ---
665112 1790837229.328096 pwrite64(24</tmp/TestLeaseAppendPressureFixedPlacement1574030781/001/node-1/jetstream/$G/streams/WF_JRN/msgs/1.blk>, "\340\0\0\200.\2\0\0\0\0\0\0\271\270 \304\370T\332\30 \0wf.jrn.pre"..., 224, 151135 <unfinished ...>
665121 1790837229.329782 pwrite64(29</tmp/TestLeaseAppendPressureFixedPlacement1574030781/001/node-1/jetstream/$SYS/_js_/S-R3F-Cqy2Skni/msgs/1.blk>, "\25\1\0\0\"\2\0\0\0\0\0\0002\250\276\310\370T\332\30\0\0000m6vARoZ\2\0"..., 277, 182974 <unfinished ...>
665097 1790837229.378337 --- SIGURG {si_signo=SIGURG, si_code=SI_TKILL, si_pid=665088, si_uid=1000} ---
665097 1790837229.379135 --- SIGURG {si_signo=SIGURG, si_code=SI_TKILL, si_pid=665088, si_uid=1000} ---
665112 1790837229.398275 <... pwrite64 resumed>) = 224 (DELAYED) <0.070131>
665112 1790837229.399349 --- SIGURG {si_signo=SIGURG, si_code=SI_TKILL, si_pid=665088, si_uid=1000} ---
665121 1790837229.399866 <... pwrite64 resumed>) = 277 (DELAYED) <0.070061>
665121 1790837229.400157 --- SIGURG {si_signo=SIGURG, si_code=SI_TKILL, si_pid=665088, si_uid=1000} ---
665120 1790837229.404140 pwrite64(23</tmp/TestLeaseAppendPressureFixedPlacement1574030781/001/node-1/jetstream/$SYS/_js_/S-R3F-q7IG3WJb/msgs/2.blk>, "\257\1\0\0\221\1\0\0\0\0\0\0\274_-\315\370T\332\30\0\0St9I6EVH\1\0"..., 431, 201162 <unfinished ...>
665121 1790837229.405243 pwrite64(30</tmp/TestLeaseAppendPressureFixedPlacement1574030781/001/node-1/jetstream/$G/streams/KV_WF_LEASE/msgs/1.blk>, "\247\0\0\200\273\2\0\0\0\0\0\0\246\330v\310\370T\332\30&\0$KV.WF_LEA"..., 167, 117272 <unfinished ...>
665095 1790837229.459515 --- SIGURG {si_signo=SIGURG, si_code=SI_TKILL, si_pid=665088, si_uid=1000} ---
665120 1790837229.474264 <... pwrite64 resumed>) = 431 (DELAYED) <0.070071>
665120 1790837229.474514 --- SIGURG {si_signo=SIGURG, si_code=SI_TKILL, si_pid=665088, si_uid=1000} ---
665121 1790837229.475375 <... pwrite64 resumed>) = 167 (DELAYED) <0.070118>
665120 1790837229.476951 pwrite64(24</tmp/TestLeaseAppendPressureFixedPlacement1574030781/001/node-1/jetstream/$G/streams/WF_JRN/msgs/1.blk>, "A\1\0\200/\2\0\0\0\0\0\0@\363,\315\370T\332\30 \0wf.jrn.pre"..., 321, 151359 <unfinished ...>
665095 1790837229.477027 pwrite64(29</tmp/TestLeaseAppendPressureFixedPlacement1574030781/001/node-1/jetstream/$SYS/_js_/S-R3F-Cqy2Skni/msgs/1.blk>, "\25\1\0\0#\2\0\0\0\0\0\0&\215\205\321\370T\332\30\0\0000m6vARoZ\2\0"..., 277, 183251) = 277 (DELAYED) <0.070060>
665120 1790837229.547120 <... pwrite64 resumed>) = 321 (DELAYED) <0.070129>
665095 1790837229.552407 --- SIGURG {si_signo=SIGURG, si_code=SI_TKILL, si_pid=665088, si_uid=1000} ---
665121 1790837229.557470 pwrite64(30</tmp/TestLeaseAppendPressureFixedPlacement1574030781/001/node-1/jetstream/$G/streams/KV_WF_LEASE/msgs/1.blk>, "\247\0\0\200\274\2\0\0\0\0\0\0\"\0~\321\370T\332\30&\0$KV.WF_LEA"..., 167, 117439 <unfinished ...>
665095 1790837229.558610 pwrite64(23</tmp/TestLeaseAppendPressureFixedPlacement1574030781/001/node-1/jetstream/$SYS/_js_/S-R3F-q7IG3WJb/msgs/2.blk>, "N\1\0\0\222\1\0\0\0\0\0\0\270Vb\326\370T\332\30\0\0St9I6EVH\1\0"..., 334, 201593 <unfinished ...>
665121 1790837229.628128 <... pwrite64 resumed>) = 167 (DELAYED) <0.070588>
665095 1790837229.628750 <... pwrite64 resumed>) = 334 (DELAYED) <0.070078>
665121 1790837229.628816 --- SIGURG {si_signo=SIGURG, si_code=SI_TKILL, si_pid=665088, si_uid=1000} ---
665120 1790837229.632571 pwrite64(24</tmp/TestLeaseAppendPressureFixedPlacement1574030781/001/node-1/jetstream/$G/streams/WF_JRN/msgs/1.blk>, "\340\0\0\2000\2\0\0\0\0\0\0\4\373a\326\370T\332\30 \0wf.jrn.pre"..., 224, 151680 <unfinished ...>
665099 1790837229.632664 pwrite64(29</tmp/TestLeaseAppendPressureFixedPlacement1574030781/001/node-1/jetstream/$SYS/_js_/S-R3F-Cqy2Skni/msgs/1.blk>, "\25\1\0\0$\2\0\0\0\0\0\0\vu\314\332\370T\332\30\0\0000m6vARoZ\2\0"..., 277, 183528 <unfinished ...>
665120 1790837229.702893 <... pwrite64 resumed>) = 224 (DELAYED) <0.070276>
665099 1790837229.702941 <... pwrite64 resumed>) = 277 (DELAYED) <0.070266>
665099 1790837229.703041 --- SIGURG {si_signo=SIGURG, si_code=SI_TKILL, si_pid=665088, si_uid=1000} ---
665120 1790837229.704918 pwrite64(23</tmp/TestLeaseAppendPressureFixedPlacement1574030781/001/node-1/jetstream/$SYS/_js_/S-R3F-q7IG3WJb/msgs/2.blk>, "\257\1\0\0\223\1\0\0\0\0\0\0[\344\32\337\370T\332\30\0\0St9I6EVH\1\0"..., 431, 201927 <unfinished ...>
665099 1790837229.704979 pwrite64(30</tmp/TestLeaseAppendPressureFixedPlacement1574030781/001/node-1/jetstream/$G/streams/KV_WF_LEASE/msgs/1.blk>, "\247\0\0\200\275\2\0\0\0\0\0\0mk\304\332\370T\332\30&\0$KV.WF_LEA"..., 167, 117606 <unfinished ...>
665120 1790837229.775011 <... pwrite64 resumed>) = 431 (DELAYED) <0.070052>
665099 1790837229.775050 <... pwrite64 resumed>) = 167 (DELAYED) <0.070062>
665120 1790837229.775180 --- SIGURG {si_signo=SIGURG, si_code=SI_TKILL, si_pid=665088, si_uid=1000} ---
665095 1790837229.776387 pwrite64(29</tmp/TestLeaseAppendPressureFixedPlacement1574030781/001/node-1/jetstream/$SYS/_js_/S-R3F-Cqy2Skni/msgs/1.blk>, "\25\1\0\0%\2\0\0\0\0\0\0sg]\343\370T\332\30\0\0000m6vARoZ\2\0"..., 277, 183805 <unfinished ...>
665099 1790837229.777544 pwrite64(24</tmp/TestLeaseAppendPressureFixedPlacement1574030781/001/node-1/jetstream/$G/streams/WF_JRN/msgs/1.blk>, "A\1\0\2001\2\0\0\0\0\0\0\335\273\32\337\370T\332\30 \0wf.jrn.pre"..., 321, 151904 <unfinished ...>
665095 1790837229.846487 <... pwrite64 resumed>) = 277 (DELAYED) <0.070069>
665095 1790837229.846627 --- SIGURG {si_signo=SIGURG, si_code=SI_TKILL, si_pid=665088, si_uid=1000} ---
665099 1790837229.847785 <... pwrite64 resumed>) = 321 (DELAYED) <0.070219>
665112 1790837229.848600 pwrite64(30</tmp/TestLeaseAppendPressureFixedPlacement1574030781/001/node-1/jetstream/$G/streams/KV_WF_LEASE/msgs/1.blk>, "\247\0\0\200\276\2\0\0\0\0\0\0\344\16[\343\370T\332\30&\0$KV.WF_LEA"..., 167, 117773 <unfinished ...>
665095 1790837229.848701 pwrite64(23</tmp/TestLeaseAppendPressureFixedPlacement1574030781/001/node-1/jetstream/$SYS/_js_/S-R3F-q7IG3WJb/msgs/2.blk>, "N\1\0\0\224\1\0\0\0\0\0\0F\4\255\347\370T\332\30\0\0St9I6EVH\1\0"..., 334, 202358 <unfinished ...>
665112 1790837229.918682 <... pwrite64 resumed>) = 167 (DELAYED) <0.070054>
665095 1790837229.918745 <... pwrite64 resumed>) = 334 (DELAYED) <0.070037>
665095 1790837229.918863 --- SIGURG {si_signo=SIGURG, si_code=SI_TKILL, si_pid=665088, si_uid=1000} ---
665097 1790837229.920091 pwrite64(29</tmp/TestLeaseAppendPressureFixedPlacement1574030781/001/node-1/jetstream/$SYS/_js_/S-R3F-Cqy2Skni/msgs/1.blk>, "\25\1\0\0&\2\0\0\0\0\0\0\n0\356\353\370T\332\30\0\0000m6vARoZ\2\0"..., 277, 184082 <unfinished ...>
665095 1790837229.921162 pwrite64(24</tmp/TestLeaseAppendPressureFixedPlacement1574030781/001/node-1/jetstream/$G/streams/WF_JRN/msgs/1.blk>, "\340\0\0\2002\2\0\0\0\0\0\0\321k\254\347\370T\332\30 \0wf.jrn.pre"..., 224, 152225 <unfinished ...>
665097 1790837229.990163 <... pwrite64 resumed>) = 277 (DELAYED) <0.070043>
665095 1790837229.991202 <... pwrite64 resumed>) = 224 (DELAYED) <0.070020>
665095 1790837229.992080 pwrite64(23</tmp/TestLeaseAppendPressureFixedPlacement1574030781/001/node-1/jetstream/$SYS/_js_/S-R3F-q7IG3WJb/msgs/2.blk>, "\257\1\0\0\225\1\0\0\0\0\0\0@\2618\360\370T\332\30\0\0St9I6EVH\1\0"..., 431, 202692 <unfinished ...>
665112 1790837229.993247 pwrite64(30</tmp/TestLeaseAppendPressureFixedPlacement1574030781/001/node-1/jetstream/$G/streams/KV_WF_LEASE/msgs/1.blk>, "\247\0\0\200\277\2\0\0\0\0\0\0\17\26\353\353\370T\332\30&\0$KV.WF_LEA"..., 167, 117940 <unfinished ...>
665095 1790837230.062135 <... pwrite64 resumed>) = 431 (DELAYED) <0.070025>
665095 1790837230.062279 --- SIGURG {si_signo=SIGURG, si_code=SI_TKILL, si_pid=665088, si_uid=1000} ---
665112 1790837230.063283 <... pwrite64 resumed>) = 167 (DELAYED) <0.070024>
665120 1790837230.063933 pwrite64(29</tmp/TestLeaseAppendPressureFixedPlacement1574030781/001/node-1/jetstream/$SYS/_js_/S-R3F-Cqy2Skni/msgs/1.blk>, "\25\1\0\0'\2\0\0\0\0\0\0\242\"\201\364\370T\332\30\0\0000m6vARoZ\2\0"..., 277, 184359 <unfinished ...>
665112 1790837230.065085 pwrite64(24</tmp/TestLeaseAppendPressureFixedPlacement1574030781/001/node-1/jetstream/$G/streams/WF_JRN/msgs/1.blk>, "A\1\0\2003\2\0\0\0\0\0\0\312s8\360\370T\332\30 \0wf.jrn.pre"..., 321, 152449 <unfinished ...>
665120 1790837230.134053 <... pwrite64 resumed>) = 277 (DELAYED) <0.070087>
665120 1790837230.134224 --- SIGURG {si_signo=SIGURG, si_code=SI_TKILL, si_pid=665088, si_uid=1000} ---
665112 1790837230.135113 <... pwrite64 resumed>) = 321 (DELAYED) <0.070016>
665112 1790837230.136319 pwrite64(30</tmp/TestLeaseAppendPressureFixedPlacement1574030781/001/node-1/jetstream/$G/streams/KV_WF_LEASE/msgs/1.blk>, "\247\0\0\200\300\2\0\0\0\0\0\0\n+~\364\370T\332\30&\0$KV.WF_LEA"..., 167, 118107 <unfinished ...>
665097 1790837230.136355 pwrite64(23</tmp/TestLeaseAppendPressureFixedPlacement1574030781/001/node-1/jetstream/$SYS/_js_/S-R3F-q7IG3WJb/msgs/2.blk>, "N\1\0\0\226\1\0\0\0\0\0\0O\n\322\370\370T\332\30\0\0St9I6EVH\1\0"..., 334, 203123 <unfinished ...>
665112 1790837230.210954 <... pwrite64 resumed>) = 167 (DELAYED) <0.074598>
665097 1790837230.210993 <... pwrite64 resumed>) = 334 (DELAYED) <0.074629>
665097 1790837230.211681 --- SIGURG {si_signo=SIGURG, si_code=SI_TKILL, si_pid=665088, si_uid=1000} ---
665097 1790837230.216033 --- SIGURG {si_signo=SIGURG, si_code=SI_TKILL, si_pid=665088, si_uid=1000} ---
665112 1790837230.218933 pwrite64(29</tmp/TestLeaseAppendPressureFixedPlacement1574030781/001/node-1/jetstream/$SYS/_js_/S-R3F-Cqy2Skni/msgs/1.blk>, "\25\1\0\0(\2\0\0\0\0\0\0\317'\276\375\370T\332\30\0\0000m6vARoZ\2\0"..., 277, 184636 <unfinished ...>
665121 1790837230.218980 pwrite64(24</tmp/TestLeaseAppendPressureFixedPlacement1574030781/001/node-1/jetstream/$G/streams/WF_JRN/msgs/1.blk>, "\340\0\0\2004\2\0\0\0\0\0\0>\324\321\370\370T\332\30 \0wf.jrn.pre"..., 224, 152770 <unfinished ...>
665097 1790837230.280298 --- SIGURG {si_signo=SIGURG, si_code=SI_TKILL, si_pid=665088, si_uid=1000} ---
665112 1790837230.289011 <... pwrite64 resumed>) = 277 (DELAYED) <0.070042>
665121 1790837230.289046 <... pwrite64 resumed>) = 224 (DELAYED) <0.070055>
665121 1790837230.290848 pwrite64(30</tmp/TestLeaseAppendPressureFixedPlacement1574030781/001/node-1/jetstream/$G/streams/KV_WF_LEASE/msgs/1.blk>, "\247\0\0\200\301\2\0\0\0\0\0\0\244\23\243\375\370T\332\30&\0$KV.WF_LEA"..., 167, 118274 <unfinished ...>
665112 1790837230.290888 pwrite64(23</tmp/TestLeaseAppendPressureFixedPlacement1574030781/001/node-1/jetstream/$SYS/_js_/S-R3F-q7IG3WJb/msgs/2.blk>, "\257\1\0\0\227\1\0\0\0\0\0\0d(\10\2\371T\332\30\0\0St9I6EVH\1\0"..., 431, 203457) = 431 (DELAYED) <0.071948>
665121 1790837230.362881 <... pwrite64 resumed>) = 167 (DELAYED) <0.071999>
665112 1790837230.363011 --- SIGURG {si_signo=SIGURG, si_code=SI_TKILL, si_pid=665088, si_uid=1000} ---
665120 1790837230.364413 pwrite64(29</tmp/TestLeaseAppendPressureFixedPlacement1574030781/001/node-1/jetstream/$SYS/_js_/S-R3F-Cqy2Skni/msgs/1.blk>, "\25\1\0\0)\2\0\0\0\0\0\0n\374i\6\371T\332\30\0\0000m6vARoZ\2\0"..., 277, 184913 <unfinished ...>
665112 1790837230.365572 pwrite64(24</tmp/TestLeaseAppendPressureFixedPlacement1574030781/001/node-1/jetstream/$G/streams/WF_JRN/msgs/1.blk>, "A\1\0\2005\2\0\0\0\0\0\0I\362\7\2\371T\332\30 \0wf.jrn.pre"..., 321, 152994 <unfinished ...>
665121 1790837230.415250 --- SIGURG {si_signo=SIGURG, si_code=SI_TKILL, si_pid=665088, si_uid=1000} ---
665120 1790837230.434512 <... pwrite64 resumed>) = 277 (DELAYED) <0.070065>
665120 1790837230.434883 --- SIGURG {si_signo=SIGURG, si_code=SI_TKILL, si_pid=665088, si_uid=1000} ---
665112 1790837230.435607 <... pwrite64 resumed>) = 321 (DELAYED) <0.070016>
665112 1790837230.436399 pwrite64(30</tmp/TestLeaseAppendPressureFixedPlacement1574030781/001/node-1/jetstream/$G/streams/KV_WF_LEASE/msgs/1.blk>, "\247\0\0\200\302\2\0\0\0\0\0\0y\330f\6\371T\332\30&\0$KV.WF_LEA"..., 167, 118441 <unfinished ...>
665095 1790837230.436490 pwrite64(23</tmp/TestLeaseAppendPressureFixedPlacement1574030781/001/node-1/jetstream/$SYS/_js_/S-R3F-q7IG3WJb/msgs/2.blk>, "N\1\0\0\230\1\0\0\0\0\0\0\240\355\265\n\371T\332\30\0\0St9I6EVH\1\0"..., 334, 203888 <unfinished ...>
665099 1790837230.456733 --- SIGURG {si_signo=SIGURG, si_code=SI_TKILL, si_pid=665088, si_uid=1000} ---
665112 1790837230.506501 <... pwrite64 resumed>) = 167 (DELAYED) <0.070075>
665095 1790837230.506568 <... pwrite64 resumed>) = 334 (DELAYED) <0.070070>
665095 1790837230.508489 pwrite64(29</tmp/TestLeaseAppendPressureFixedPlacement1574030781/001/node-1/jetstream/$SYS/_js_/S-R3F-Cqy2Skni/msgs/1.blk>, "\25\1\0\0*\2\0\0\0\0\0\0\22_\0\17\371T\332\30\0\0000m6vARoZ\2\0"..., 277, 185190 <unfinished ...>
665120 1790837230.508550 pwrite64(24</tmp/TestLeaseAppendPressureFixedPlacement1574030781/001/node-1/jetstream/$G/streams/WF_JRN/msgs/1.blk>, "\340\0\0\2006\2\0\0\0\0\0\0\25\231\265\n\371T\332\30 \0wf.jrn.pre"..., 224, 153315) = 224 (DELAYED) <0.070046>
665095 1790837230.578632 <... pwrite64 resumed>) = 277 (DELAYED) <0.070105>
665095 1790837230.578760 --- SIGURG {si_signo=SIGURG, si_code=SI_TKILL, si_pid=665088, si_uid=1000} ---
665095 1790837230.580751 pwrite64(30</tmp/TestLeaseAppendPressureFixedPlacement1574030781/001/node-1/jetstream/$G/streams/KV_WF_LEASE/msgs/1.blk>, "\247\0\0\200\303\2\0\0\0\0\0\0\367\247\373\16\371T\332\30&\0$KV.WF_LEA"..., 167, 118608 <unfinished ...>
665099 1790837230.586682 pwrite64(23</tmp/TestLeaseAppendPressureFixedPlacement1574030781/001/node-1/jetstream/$SYS/_js_/S-R3F-q7IG3WJb/msgs/2.blk>, "\257\1\0\0\231\1\0\0\0\0\0\0bw\251\23\371T\332\30\0\0St9I6EVH\1\0"..., 431, 204222 <unfinished ...>
665095 1790837230.650802 <... pwrite64 resumed>) = 167 (DELAYED) <0.069724>
665099 1790837230.656751 <... pwrite64 resumed>) = 431 (DELAYED) <0.069999>
665099 1790837230.656878 --- SIGURG {si_signo=SIGURG, si_code=SI_TKILL, si_pid=665088, si_uid=1000} ---
665120 1790837230.659256 pwrite64(29</tmp/TestLeaseAppendPressureFixedPlacement1574030781/001/node-1/jetstream/$SYS/_js_/S-R3F-Cqy2Skni/msgs/1.blk>, "\25\1\0\0+\2\0\0\0\0\0\0\37\365\374\27\371T\332\30\0\0000m6vARoZ\2\0"..., 277, 185467 <unfinished ...>
665099 1790837230.659879 pwrite64(24</tmp/TestLeaseAppendPressureFixedPlacement1574030781/001/node-1/jetstream/$G/streams/WF_JRN/msgs/1.blk>, "A\1\0\2007\2\0\0\0\0\0\0\305\325\250\23\371T\332\30 \0wf.jrn.pre"..., 321, 153539 <unfinished ...>
665095 1790837230.709842 --- SIGURG {si_signo=SIGURG, si_code=SI_TKILL, si_pid=665088, si_uid=1000} ---
665120 1790837230.729354 <... pwrite64 resumed>) = 277 (DELAYED) <0.070055>
665099 1790837230.729919 <... pwrite64 resumed>) = 321 (DELAYED) <0.070030>
665099 1790837230.731234 pwrite64(23</tmp/TestLeaseAppendPressureFixedPlacement1574030781/001/node-1/jetstream/$SYS/_js_/S-R3F-q7IG3WJb/msgs/2.blk>, "N\1\0\0\232\1\0\0\0\0\0\0\0<G\34\371T\332\30\0\0St9I6EVH\1\0"..., 334, 204653 <unfinished ...>
665095 1790837230.732304 pwrite64(30</tmp/TestLeaseAppendPressureFixedPlacement1574030781/001/node-1/jetstream/$G/streams/KV_WF_LEASE/msgs/1.blk>, "\247\0\0\200\304\2\0\0\0\0\0\0\261\362\371\27\371T\332\30&\0$KV.WF_LEA"..., 167, 118775 <unfinished ...>
665099 1790837230.801379 <... pwrite64 resumed>) = 334 (DELAYED) <0.070109>
665099 1790837230.801584 --- SIGURG {si_signo=SIGURG, si_code=SI_TKILL, si_pid=665088, si_uid=1000} ---
665095 1790837230.802363 <... pwrite64 resumed>) = 167 (DELAYED) <0.070038>
665121 1790837230.803084 pwrite64(29</tmp/TestLeaseAppendPressureFixedPlacement1574030781/001/node-1/jetstream/$SYS/_js_/S-R3F-Cqy2Skni/msgs/1.blk>, "\25\1\0\0,\2\0\0\0\0\0\0b\244\217 \371T\332\30\0\0000m6vARoZ\2\0"..., 277, 185744 <unfinished ...>
665095 1790837230.804161 pwrite64(24</tmp/TestLeaseAppendPressureFixedPlacement1574030781/001/node-1/jetstream/$G/streams/WF_JRN/msgs/1.blk>, "\340\0\0\2008\2\0\0\0\0\0\0\215\nG\34\371T\332\30 \0wf.jrn.pre"..., 224, 153860) = 224 (DELAYED) <0.071294>
665121 1790837230.877747 <... pwrite64 resumed>) = 277 (DELAYED) <0.074632>
665121 1790837230.877929 --- SIGURG {si_signo=SIGURG, si_code=SI_TKILL, si_pid=665088, si_uid=1000} ---
665121 1790837230.879568 pwrite64(23</tmp/TestLeaseAppendPressureFixedPlacement1574030781/001/node-1/jetstream/$SYS/_js_/S-R3F-q7IG3WJb/msgs/2.blk>, "\257\1\0\0\233\1\0\0\0\0\0\0j\263\36%\371T\332\30\0\0St9I6EVH\1\0"..., 431, 204987 <unfinished ...>
665095 1790837230.880607 pwrite64(30</tmp/TestLeaseAppendPressureFixedPlacement1574030781/001/node-1/jetstream/$G/streams/KV_WF_LEASE/msgs/1.blk>, "\247\0\0\200\305\2\0\0\0\0\0\0\242\361\213 \371T\332\30&\0$KV.WF_LEA"..., 167, 118942 <unfinished ...>
665121 1790837230.951551 <... pwrite64 resumed>) = 431 (DELAYED) <0.071945>
665095 1790837230.951583 <... pwrite64 resumed>) = 167 (DELAYED) <0.070964>
665121 1790837230.952547 --- SIGURG {si_signo=SIGURG, si_code=SI_TKILL, si_pid=665088, si_uid=1000} ---
665112 1790837230.954525 pwrite64(29</tmp/TestLeaseAppendPressureFixedPlacement1574030781/001/node-1/jetstream/$SYS/_js_/S-R3F-Cqy2Skni/msgs/1.blk>, "\25\1\0\0-\2\0\0\0\0\0\09z\226)\371T\332\30\0\0000m6vARoZ\2\0"..., 277, 186021 <unfinished ...>
665097 1790837230.955623 pwrite64(24</tmp/TestLeaseAppendPressureFixedPlacement1574030781/001/node-1/jetstream/$G/streams/WF_JRN/msgs/1.blk>, "A\1\0\2009\2\0\0\0\0\0\0v\35\36%\371T\332\30 \0wf.jrn.pre"..., 321, 154084 <unfinished ...>
665112 1790837231.024650 <... pwrite64 resumed>) = 277 (DELAYED) <0.070089>
665112 1790837231.024969 --- SIGURG {si_signo=SIGURG, si_code=SI_TKILL, si_pid=665088, si_uid=1000} ---
665097 1790837231.025759 <... pwrite64 resumed>) = 321 (DELAYED) <0.070117>
665121 1790837231.026972 pwrite64(23</tmp/TestLeaseAppendPressureFixedPlacement1574030781/001/node-1/jetstream/$SYS/_js_/S-R3F-q7IG3WJb/msgs/2.blk>, "N\1\0\0\234\1\0\0\0\0\0\0;\356\347-\371T\332\30\0\0St9I6EVH\1\0"..., 334, 205418 <unfinished ...>
665097 1790837231.027005 pwrite64(30</tmp/TestLeaseAppendPressureFixedPlacement1574030781/001/node-1/jetstream/$G/streams/KV_WF_LEASE/msgs/1.blk>, "\247\0\0\200\306\2\0\0\0\0\0\0=k\223)\371T\332\30&\0$KV.WF_LEA"..., 167, 119109 <unfinished ...>
665121 1790837231.097129 <... pwrite64 resumed>) = 334 (DELAYED) <0.070103>
665097 1790837231.097178 <... pwrite64 resumed>) = 167 (DELAYED) <0.070166>
665121 1790837231.097397 --- SIGURG {si_signo=SIGURG, si_code=SI_TKILL, si_pid=665088, si_uid=1000} ---
665099 1790837231.099225 pwrite64(29</tmp/TestLeaseAppendPressureFixedPlacement1574030781/001/node-1/jetstream/$SYS/_js_/S-R3F-Cqy2Skni/msgs/1.blk>, "\25\1\0\0.\2\0\0\0\0\0\0\31J62\371T\332\30\0\0000m6vARoZ\2\0"..., 277, 186298 <unfinished ...>
665112 1790837231.100568 pwrite64(24</tmp/TestLeaseAppendPressureFixedPlacement1574030781/001/node-1/jetstream/$G/streams/WF_JRN/msgs/1.blk>, "\340\0\0\200:\2\0\0\0\0\0\0\3539\347-\371T\332\30 \0wf.jrn.pre"..., 224, 154405 <unfinished ...>
665099 1790837231.169339 <... pwrite64 resumed>) = 277 (DELAYED) <0.070060>
665099 1790837231.169494 --- SIGURG {si_signo=SIGURG, si_code=SI_TKILL, si_pid=665088, si_uid=1000} ---
665112 1790837231.170682 <... pwrite64 resumed>) = 224 (DELAYED) <0.070088>
665095 1790837231.171577 pwrite64(30</tmp/TestLeaseAppendPressureFixedPlacement1574030781/001/node-1/jetstream/$G/streams/KV_WF_LEASE/msgs/1.blk>, "\247\0\0\200\307\2\0\0\0\0\0\0\366\35112\371T\332\30&\0$KV.WF_LEA"..., 167, 119276 <unfinished ...>
665112 1790837231.171612 pwrite64(23</tmp/TestLeaseAppendPressureFixedPlacement1574030781/001/node-1/jetstream/$SYS/_js_/S-R3F-q7IG3WJb/msgs/2.blk>, "\257\1\0\0\235\1\0\0\0\0\0\0\335\344\2066\371T\332\30\0\0St9I6EVH\1\0"..., 431, 205752) = 431 (DELAYED) <0.070063>
665095 1790837231.241706 <... pwrite64 resumed>) = 167 (DELAYED) <0.070100>
665112 1790837231.243822 --- SIGURG {si_signo=SIGURG, si_code=SI_TKILL, si_pid=665088, si_uid=1000} ---
665121 1790837231.245905 pwrite64(24</tmp/TestLeaseAppendPressureFixedPlacement1574030781/001/node-1/jetstream/$G/streams/WF_JRN/msgs/1.blk>, "A\1\0\200;\2\0\0\0\0\0\0\220\245\2066\371T\332\30 \0wf.jrn.pre"..., 321, 154629 <unfinished ...>
665112 1790837231.246208 pwrite64(29</tmp/TestLeaseAppendPressureFixedPlacement1574030781/001/node-1/jetstream/$SYS/_js_/S-R3F-Cqy2Skni/msgs/1.blk>, "\25\1\0\0/\2\0\0\0\0\0\0\343E\371:\371T\332\30\0\0000m6vARoZ\2\0"..., 277, 186575 <unfinished ...>
665121 1790837231.316012 <... pwrite64 resumed>) = 321 (DELAYED) <0.070068>
665112 1790837231.316250 <... pwrite64 resumed>) = 277 (DELAYED) <0.070032>
665112 1790837231.316493 --- SIGURG {si_signo=SIGURG, si_code=SI_TKILL, si_pid=665088, si_uid=1000} ---
665112 1790837231.317931 pwrite64(23</tmp/TestLeaseAppendPressureFixedPlacement1574030781/001/node-1/jetstream/$SYS/_js_/S-R3F-q7IG3WJb/msgs/2.blk>, "N\1\0\0\236\1\0\0\0\0\0\0005\223??\371T\332\30\0\0St9I6EVH\1\0"..., 334, 206183 <unfinished ...>
665121 1790837231.317966 pwrite64(30</tmp/TestLeaseAppendPressureFixedPlacement1574030781/001/node-1/jetstream/$G/streams/KV_WF_LEASE/msgs/1.blk>, "\247\0\0\200\310\2\0\0\0\0\0\0\360\253\365:\371T\332\30&\0$KV.WF_LEA"..., 167, 119443 <unfinished ...>
665099 1790837231.376931 --- SIGURG {si_signo=SIGURG, si_code=SI_TKILL, si_pid=665088, si_uid=1000} ---
665112 1790837231.388022 <... pwrite64 resumed>) = 334 (DELAYED) <0.070058>
665121 1790837231.388053 <... pwrite64 resumed>) = 167 (DELAYED) <0.070080>
665121 1790837231.389671 pwrite64(29</tmp/TestLeaseAppendPressureFixedPlacement1574030781/001/node-1/jetstream/$SYS/_js_/S-R3F-Cqy2Skni/msgs/1.blk>, "\25\1\0\0000\2\0\0\0\0\0\0\177@\206C\371T\332\30\0\0000m6vARoZ\2\0"..., 277, 186852 <unfinished ...>
665099 1790837231.390851 pwrite64(24</tmp/TestLeaseAppendPressureFixedPlacement1574030781/001/node-1/jetstream/$G/streams/WF_JRN/msgs/1.blk>, "\340\0\0\200<\2\0\0\0\0\0\0\274\20??\371T\332\30 \0wf.jrn.pre"..., 224, 154950 <unfinished ...>
665121 1790837231.459747 <... pwrite64 resumed>) = 277 (DELAYED) <0.070045>
665121 1790837231.460549 --- SIGURG {si_signo=SIGURG, si_code=SI_TKILL, si_pid=665088, si_uid=1000} ---
665099 1790837231.460905 <... pwrite64 resumed>) = 224 (DELAYED) <0.070034>
665112 1790837231.461838 pwrite64(23</tmp/TestLeaseAppendPressureFixedPlacement1574030781/001/node-1/jetstream/$SYS/_js_/S-R3F-q7IG3WJb/msgs/2.blk>, "\257\1\0\0\237\1\0\0\0\0\0\0\251l\323G\371T\332\30\0\0St9I6EVH\1\0"..., 431, 206517 <unfinished ...>
665099 1790837231.461864 pwrite64(30</tmp/TestLeaseAppendPressureFixedPlacement1574030781/001/node-1/jetstream/$G/streams/KV_WF_LEASE/msgs/1.blk>, "\247\0\0\200\311\2\0\0\0\0\0\0\217\35\203C\371T\332\30&\0$KV.WF_LEA"..., 167, 119610 <unfinished ...>
665112 1790837231.531959 <... pwrite64 resumed>) = 431 (DELAYED) <0.070086>
665099 1790837231.532014 <... pwrite64 resumed>) = 167 (DELAYED) <0.070142>
665112 1790837231.532265 --- SIGURG {si_signo=SIGURG, si_code=SI_TKILL, si_pid=665088, si_uid=1000} ---
665121 1790837231.533765 pwrite64(29</tmp/TestLeaseAppendPressureFixedPlacement1574030781/001/node-1/jetstream/$SYS/_js_/S-R3F-Cqy2Skni/msgs/1.blk>, "\25\1\0\0001\2\0\0\0\0\0\0\366\354\34L\371T\332\30\0\0000m6vARoZ\2\0"..., 277, 187129 <unfinished ...>
665112 1790837231.534883 pwrite64(24</tmp/TestLeaseAppendPressureFixedPlacement1574030781/001/node-1/jetstream/$G/streams/WF_JRN/msgs/1.blk>, "A\1\0\200=\2\0\0\0\0\0\0!=\323G\371T\332\30 \0wf.jrn.pre"..., 321, 155174 <unfinished ...>
665121 1790837231.604334 <... pwrite64 resumed>) = 277 (DELAYED) <0.070397>
665112 1790837231.604932 <... pwrite64 resumed>) = 321 (DELAYED) <0.070019>
665121 1790837231.604986 --- SIGURG {si_signo=SIGURG, si_code=SI_TKILL, si_pid=665088, si_uid=1000} ---
665112 1790837231.607281 pwrite64(30</tmp/TestLeaseAppendPressureFixedPlacement1574030781/001/node-1/jetstream/$G/streams/KV_WF_LEASE/msgs/1.blk>, "\247\0\0\200\312\2\0\0\0\0\0\0\367\376\27L\371T\332\30&\0$KV.WF_LEA"..., 167, 119777 <unfinished ...>
665121 1790837231.610156 pwrite64(23</tmp/TestLeaseAppendPressureFixedPlacement1574030781/001/node-1/jetstream/$SYS/_js_/S-R3F-q7IG3WJb/msgs/2.blk>, "N\1\0\0\240\1\0\0\0\0\0\0\360i\252P\371T\332\30\0\0St9I6EVH\1\0"..., 334, 206948 <unfinished ...>
665112 1790837231.677436 <... pwrite64 resumed>) = 167 (DELAYED) <0.070084>
665121 1790837231.680231 <... pwrite64 resumed>) = 334 (DELAYED) <0.070006>
665121 1790837231.680442 --- SIGURG {si_signo=SIGURG, si_code=SI_TKILL, si_pid=665088, si_uid=1000} ---
665121 1790837231.682019 pwrite64(29</tmp/TestLeaseAppendPressureFixedPlacement1574030781/001/node-1/jetstream/$SYS/_js_/S-R3F-Cqy2Skni/msgs/1.blk>, "\25\1\0\0002\2\0\0\0\0\0\0\220'\363T\371T\332\30\0\0000m6vARoZ\2\0"..., 277, 187406 <unfinished ...>
665099 1790837231.683108 pwrite64(24</tmp/TestLeaseAppendPressureFixedPlacement1574030781/001/node-1/jetstream/$G/streams/WF_JRN/msgs/1.blk>, "\340\0\0\200>\2\0\0\0\0\0\0\3210\252P\371T\332\30 \0wf.jrn.pre"..., 224, 155495 <unfinished ...>
665121 1790837231.752168 <... pwrite64 resumed>) = 277 (DELAYED) <0.070111>
665121 1790837231.752389 --- SIGURG {si_signo=SIGURG, si_code=SI_TKILL, si_pid=665088, si_uid=1000} ---
665099 1790837231.753253 <... pwrite64 resumed>) = 224 (DELAYED) <0.070127>
665095 1790837231.754613 pwrite64(30</tmp/TestLeaseAppendPressureFixedPlacement1574030781/001/node-1/jetstream/$G/streams/KV_WF_LEASE/msgs/1.blk>, "\247\0\0\200\313\2\0\0\0\0\0\0?\225\357T\371T\332\30&\0$KV.WF_LEA"..., 167, 119944 <unfinished ...>
665120 1790837231.755821 pwrite64(23</tmp/TestLeaseAppendPressureFixedPlacement1574030781/001/node-1/jetstream/$SYS/_js_/S-R3F-q7IG3WJb/msgs/2.blk>, "\257\1\0\0\241\1\0\0\0\0\0\0\n2YY\371T\332\30\0\0St9I6EVH\1\0"..., 431, 207282 <unfinished ...>
665095 1790837231.824687 <... pwrite64 resumed>) = 167 (DELAYED) <0.070030>
665120 1790837231.825887 <... pwrite64 resumed>) = 431 (DELAYED) <0.070033>
665120 1790837231.826129 --- SIGURG {si_signo=SIGURG, si_code=SI_TKILL, si_pid=665088, si_uid=1000} ---
665121 1790837231.827685 pwrite64(29</tmp/TestLeaseAppendPressureFixedPlacement1574030781/001/node-1/jetstream/$SYS/_js_/S-R3F-Cqy2Skni/msgs/1.blk>, "\25\1\0\0003\2\0\0\0\0\0\0\253\306\241]\371T\332\30\0\0000m6vARoZ\2\0"..., 277, 187683 <unfinished ...>
665120 1790837231.828866 pwrite64(24</tmp/TestLeaseAppendPressureFixedPlacement1574030781/001/node-1/jetstream/$G/streams/WF_JRN/msgs/1.blk>, "A\1\0\200?\2\0\0\0\0\0\0\20\204XY\371T\332\30 \0wf.jrn.pre"..., 321, 155719 <unfinished ...>
665121 1790837231.899831 <... pwrite64 resumed>) = 277 (DELAYED) <0.072074>
665120 1790837231.899890 <... pwrite64 resumed>) = 321 (DELAYED) <0.071007>
665121 1790837231.901047 --- SIGURG {si_signo=SIGURG, si_code=SI_TKILL, si_pid=665088, si_uid=1000} ---
665095 1790837231.902863 pwrite64(23</tmp/TestLeaseAppendPressureFixedPlacement1574030781/001/node-1/jetstream/$SYS/_js_/S-R3F-q7IG3WJb/msgs/2.blk>, "N\1\0\0\242\1\0\0\0\0\0\0)\310\34b\371T\332\30\0\0St9I6EVH\1\0"..., 334, 207713 <unfinished ...>
665099 1790837231.903988 pwrite64(30</tmp/TestLeaseAppendPressureFixedPlacement1574030781/001/node-1/jetstream/$G/streams/KV_WF_LEASE/msgs/1.blk>, "\247\0\0\200\314\2\0\0\0\0\0\0KL\236]\371T\332\30&\0$KV.WF_LEA"..., 167, 120111 <unfinished ...>
665095 1790837231.973039 <... pwrite64 resumed>) = 334 (DELAYED) <0.070136>
665095 1790837231.974356 --- SIGURG {si_signo=SIGURG, si_code=SI_TKILL, si_pid=665088, si_uid=1000} ---
665099 1790837231.979301 <... pwrite64 resumed>) = 167 (DELAYED) <0.075298>
665095 1790837231.982339 pwrite64(29</tmp/TestLeaseAppendPressureFixedPlacement1574030781/001/node-1/jetstream/$SYS/_js_/S-R3F-Cqy2Skni/msgs/1.blk>, "\25\1\0\0004\2\0\0\0\0\0\0\10\213\331f\371T\332\30\0\0000m6vARoZ\2\0"..., 277, 187960 <unfinished ...>
665099 1790837231.982391 pwrite64(24</tmp/TestLeaseAppendPressureFixedPlacement1574030781/001/node-1/jetstream/$G/streams/WF_JRN/msgs/1.blk>, "\340\0\0\200@\2\0\0\0\0\0\0\215V\34b\371T\332\30 \0wf.jrn.pre"..., 224, 156040) = 224 (DELAYED) <0.070079>
665095 1790837232.052510 <... pwrite64 resumed>) = 277 (DELAYED) <0.070125>
665112 1790837232.054640 pwrite64(30</tmp/TestLeaseAppendPressureFixedPlacement1574030781/001/node-1/jetstream/$G/streams/KV_WF_LEASE/msgs/1.blk>, "\247\0\0\200\315\2\0\0\0\0\0\0P\211\313f\371T\332\30&\0$KV.WF_LEA"..., 167, 120278 <unfinished ...>
665095 1790837232.055572 pwrite64(23</tmp/TestLeaseAppendPressureFixedPlacement1574030781/001/node-1/jetstream/$SYS/_js_/S-R3F-q7IG3WJb/msgs/2.blk>, "\\\1\0\0\243\1\0\0\0\0\0\0\35\3766k\371T\332\30\0\0St9I6EVH\1\0"..., 348, 208047 <unfinished ...>
665112 1790837232.124905 <... pwrite64 resumed>) = 167 (DELAYED) <0.070201>
665112 1790837232.125367 --- SIGURG {si_signo=SIGURG, si_code=SI_TKILL, si_pid=665088, si_uid=1000} ---
665095 1790837232.125616 <... pwrite64 resumed>) = 348 (DELAYED) <0.070010>
665095 1790837232.125710 --- SIGURG {si_signo=SIGURG, si_code=SI_TKILL, si_pid=665088, si_uid=1000} ---
665095 1790837232.127932 pwrite64(24</tmp/TestLeaseAppendPressureFixedPlacement1574030781/001/node-1/jetstream/$G/streams/WF_JRN/msgs/1.blk>, "\356\0\0\200A\2\0\0\0\0\0\0\371\2656k\371T\332\30 \0wf.jrn.pre"..., 238, 156264) = 238 (DELAYED) <0.070077>
665095 1790837232.198185 --- SIGURG {si_signo=SIGURG, si_code=SI_TKILL, si_pid=665088, si_uid=1000} ---
665095 1790837232.198386 --- SIGURG {si_signo=SIGURG, si_code=SI_TKILL, si_pid=665088, si_uid=1000} ---
665121 1790837232.232918 pwrite64(29</tmp/TestLeaseAppendPressureFixedPlacement1574030781/001/node-1/jetstream/$SYS/_js_/S-R3F-Cqy2Skni/msgs/1.blk>, "\377\0\0\0005\2\0\0\0\0\0\0\361\350\310u\371T\332\30\0\0000m6vARoZ\2\0"..., 255, 188237) = 255 (DELAYED) <0.070067>
665121 1790837232.303322 --- SIGURG {si_signo=SIGURG, si_code=SI_TKILL, si_pid=665088, si_uid=1000} ---
665112 1790837232.305422 pwrite64(30</tmp/TestLeaseAppendPressureFixedPlacement1574030781/001/node-1/jetstream/$G/streams/KV_WF_LEASE/msgs/1.blk>, "\221\0\0\200\316\2\0\0\0\0\0\0q\211\305u\371T\332\30&\0$KV.WF_LEA"..., 145, 120445 <unfinished ...>
665095 1790837232.309340 pwrite64(29</tmp/TestLeaseAppendPressureFixedPlacement1574030781/001/node-1/jetstream/$SYS/_js_/S-R3F-Cqy2Skni/msgs/1.blk>, "\21\1\0\0006\2\0\0\0\0\0\0\370EWz\371T\332\30\0\0000m6vARoZ\2\0"..., 273, 188492 <unfinished ...>
665112 1790837232.375479 <... pwrite64 resumed>) = 145 (DELAYED) <0.070020>
665099 1790837232.376271 --- SIGURG {si_signo=SIGURG, si_code=SI_TKILL, si_pid=665088, si_uid=1000} ---
665095 1790837232.379389 <... pwrite64 resumed>) = 273 (DELAYED) <0.070022>
665095 1790837232.380732 pwrite64(29</tmp/TestLeaseAppendPressureFixedPlacement1574030781/001/node-1/jetstream/$SYS/_js_/S-R3F-Cqy2Skni/msgs/1.blk>, "\25\1\0\0007\2\0\0\0\0\0\0\347t\230~\371T\332\30\0\0000m6vARoZ\2\0"..., 277, 188765 <unfinished ...>
665112 1790837232.381984 pwrite64(30</tmp/TestLeaseAppendPressureFixedPlacement1574030781/001/node-1/jetstream/$G/streams/KV_WF_LEASE/msgs/1.blk>, "\243\0\0\200\317\2\0\0\0\0\0\0\222\362Tz\371T\332\30&\0$KV.WF_LEA"..., 163, 120590 <unfinished ...>
665095 1790837232.450848 <... pwrite64 resumed>) = 277 (DELAYED) <0.070083>
665095 1790837232.451040 --- SIGURG {si_signo=SIGURG, si_code=SI_TKILL, si_pid=665088, si_uid=1000} ---
665112 1790837232.452007 <... pwrite64 resumed>) = 163 (DELAYED) <0.069993>
665121 1790837232.452828 pwrite64(29</tmp/TestLeaseAppendPressureFixedPlacement1574030781/001/node-1/jetstream/$SYS/_js_/S-R3F-Cqy2Skni/msgs/1.blk>, "\21\1\0\08\2\0\0\0\0\0\0\352\272\344\202\371T\332\30\0\0000m6vARoZ\2\0"..., 273, 189042 <unfinished ...>
665099 1790837232.453975 pwrite64(30</tmp/TestLeaseAppendPressureFixedPlacement1574030781/001/node-1/jetstream/$G/streams/KV_WF_LEASE/msgs/1.blk>, "\247\0\0\200\320\2\0\0\0\0\0\0We\223~\371T\332\30&\0$KV.WF_LEA"..., 167, 120753 <unfinished ...>
665112 1790837232.470374 --- SIGURG {si_signo=SIGURG, si_code=SI_TKILL, si_pid=665088, si_uid=1000} ---
665121 1790837232.522898 <... pwrite64 resumed>) = 273 (DELAYED) <0.070035>
665121 1790837232.523080 --- SIGURG {si_signo=SIGURG, si_code=SI_TKILL, si_pid=665088, si_uid=1000} ---
665099 1790837232.524073 <... pwrite64 resumed>) = 167 (DELAYED) <0.070069>
665121 1790837232.524374 pwrite64(29</tmp/TestLeaseAppendPressureFixedPlacement1574030781/001/node-1/jetstream/$SYS/_js_/S-R3F-Cqy2Skni/msgs/1.blk>, "\25\1\0\09\2\0\0\0\0\0\0\24q(\207\371T\332\30\0\0000m6vARoZ\2\0"..., 277, 189315 <unfinished ...>
665097 1790837232.525422 pwrite64(30</tmp/TestLeaseAppendPressureFixedPlacement1574030781/001/node-1/jetstream/$G/streams/KV_WF_LEASE/msgs/1.blk>, "\243\0\0\200\321\2\0\0\0\0\0\0\343p\333\202\371T\332\30&\0$KV.WF_LEA"..., 163, 120920 <unfinished ...>
665121 1790837232.594481 <... pwrite64 resumed>) = 277 (DELAYED) <0.070068>
665121 1790837232.594819 --- SIGURG {si_signo=SIGURG, si_code=SI_TKILL, si_pid=665088, si_uid=1000} ---
665097 1790837232.595706 <... pwrite64 resumed>) = 163 (DELAYED) <0.070271>
665095 1790837232.596851 pwrite64(29</tmp/TestLeaseAppendPressureFixedPlacement1574030781/001/node-1/jetstream/$SYS/_js_/S-R3F-Cqy2Skni/msgs/1.blk>, "\25\1\0\0:\2\0\0\0\0\0\0uaz\213\371T\332\30\0\0000m6vARoZ\2\0"..., 277, 189592 <unfinished ...>
665097 1790837232.596904 pwrite64(30</tmp/TestLeaseAppendPressureFixedPlacement1574030781/001/node-1/jetstream/$G/streams/KV_WF_LEASE/msgs/1.blk>, "\247\0\0\200\322\2\0\0\0\0\0\0I\t%\207\371T\332\30&\0$KV.WF_LEA"..., 167, 121083 <unfinished ...>
665095 1790837232.666954 <... pwrite64 resumed>) = 277 (DELAYED) <0.070071>
665097 1790837232.666988 <... pwrite64 resumed>) = 167 (DELAYED) <0.070075>
665095 1790837232.667123 pwrite64(29</tmp/TestLeaseAppendPressureFixedPlacement1574030781/001/node-1/jetstream/$SYS/_js_/S-R3F-Cqy2Skni/msgs/1.blk>, "\25\1\0\0;\2\0\0\0\0\0\0at\252\217\371T\332\30\0\0000m6vARoZ\2\0"..., 277, 189869 <unfinished ...>
665112 1790837232.668907 pwrite64(23</tmp/TestLeaseAppendPressureFixedPlacement1574030781/001/node-1/jetstream/$SYS/_js_/S-R3F-q7IG3WJb/msgs/2.blk>, "+\1\0\0\244\1\0\0\0\0\0\0j\300\305\217\371T\332\30\0\0St9I6EVH\1\0"..., 299, 208395 <unfinished ...>
665095 1790837232.737226 <... pwrite64 resumed>) = 277 (DELAYED) <0.070073>
665095 1790837232.737264 --- SIGURG {si_signo=SIGURG, si_code=SI_TKILL, si_pid=665088, si_uid=1000} ---
665095 1790837232.737653 --- SIGURG {si_signo=SIGURG, si_code=SI_TKILL, si_pid=665088, si_uid=1000} ---
665097 1790837232.738553 pwrite64(30</tmp/TestLeaseAppendPressureFixedPlacement1574030781/001/node-1/jetstream/$G/streams/KV_WF_LEASE/msgs/1.blk>, "\247\0\0\200\323\2\0\0\0\0\0\0\37\265v\213\371T\332\30&\0$KV.WF_LEA"..., 167, 121250 <unfinished ...>
665112 1790837232.738933 <... pwrite64 resumed>) = 299 (DELAYED) <0.069999>
665095 1790837232.739577 pwrite64(23</tmp/TestLeaseAppendPressureFixedPlacement1574030781/001/node-1/jetstream/$SYS/_js_/S-R3F-q7IG3WJb/msgs/2.blk>, "+\1\0\0\245\1\0\0\0\0\0\0\234\7\374\223\371T\332\30\0\0St9I6EVH\1\0"..., 299, 208694 <unfinished ...>
665097 1790837232.808645 <... pwrite64 resumed>) = 167 (DELAYED) <0.070053>
665097 1790837232.808831 --- SIGURG {si_signo=SIGURG, si_code=SI_TKILL, si_pid=665088, si_uid=1000} ---
665095 1790837232.809625 <... pwrite64 resumed>) = 299 (DELAYED) <0.070026>
665095 1790837232.809772 --- SIGURG {si_signo=SIGURG, si_code=SI_TKILL, si_pid=665088, si_uid=1000} ---
665097 1790837232.809969 pwrite64(30</tmp/TestLeaseAppendPressureFixedPlacement1574030781/001/node-1/jetstream/$G/streams/KV_WF_LEASE/msgs/1.blk>, "\247\0\0\200\324\2\0\0\0\0\0\0y\335w\213\371T\332\30&\0$KV.WF_LEA"..., 167, 121417 <unfinished ...>
665095 1790837232.811135 pwrite64(29</tmp/TestLeaseAppendPressureFixedPlacement1574030781/001/node-1/jetstream/$SYS/_js_/S-R3F-Cqy2Skni/msgs/1.blk>, "\25\1\0\0<\2\0\0\0\0\0\0\2\205?\230\371T\332\30\0\0000m6vARoZ\2\0"..., 277, 190146 <unfinished ...>
665112 1790837232.813754 pwrite64(24</tmp/TestLeaseAppendPressureFixedPlacement1574030781/001/node-1/jetstream/$G/streams/WF_JRN/msgs/1.blk>, "\275\0\0\200B\2\0\0\0\0\0\0\367u\305\217\371T\332\30 \0wf.jrn.pre"..., 378, 156502 <unfinished ...>
665097 1790837232.880072 <... pwrite64 resumed>) = 167 (DELAYED) <0.070077>
665095 1790837232.881171 <... pwrite64 resumed>) = 277 (DELAYED) <0.070008>
665095 1790837232.881274 pwrite64(29</tmp/TestLeaseAppendPressureFixedPlacement1574030781/001/node-1/jetstream/$SYS/_js_/S-R3F-Cqy2Skni/msgs/1.blk>, "\25\1\0\0=\2\0\0\0\0\0\0Z=n\234\371T\332\30\0\0000m6vARoZ\2\0"..., 277, 190423 <unfinished ...>
665112 1790837232.883832 <... pwrite64 resumed>) = 378 (DELAYED) <0.070058>
665121 1790837232.885216 pwrite64(23</tmp/TestLeaseAppendPressureFixedPlacement1574030781/001/node-1/jetstream/$SYS/_js_/S-R3F-q7IG3WJb/msgs/2.blk>, "\256\1\0\0\246\1\0\0\0\0\0\0#p\252\234\371T\332\30\0\0St9I6EVH\1\0"..., 430, 208993 <unfinished ...>
665112 1790837232.915509 --- SIGURG {si_signo=SIGURG, si_code=SI_TKILL, si_pid=665088, si_uid=1000} ---
665097 1790837232.917386 --- SIGURG {si_signo=SIGURG, si_code=SI_TKILL, si_pid=665088, si_uid=1000} ---
665095 1790837232.951387 <... pwrite64 resumed>) = 277 (DELAYED) <0.070086>
665095 1790837232.952226 pwrite64(29</tmp/TestLeaseAppendPressureFixedPlacement1574030781/001/node-1/jetstream/$SYS/_js_/S-R3F-Cqy2Skni/msgs/1.blk>, "\27\3\0\0>\2\0\0\0\0\0\0\267t\250\240\371T\332\30\0\0000m6vARoZ\2\0"..., 791, 190700 <unfinished ...>
665121 1790837232.955250 <... pwrite64 resumed>) = 430 (DELAYED) <0.070000>
665121 1790837232.955333 pwrite64(23</tmp/TestLeaseAppendPressureFixedPlacement1574030781/001/node-1/jetstream/$SYS/_js_/S-R3F-q7IG3WJb/msgs/2.blk>, "\256\1\0\0\247\1\0\0\0\0\0\0\301k\330\240\371T\332\30\0\0St9I6EVH\1\0"..., 430, 209423 <unfinished ...>
665095 1790837233.022471 <... pwrite64 resumed>) = 791 (DELAYED) <0.070212>
665121 1790837233.025469 <... pwrite64 resumed>) = 430 (DELAYED) <0.070121>
665112 1790837233.027549 pwrite64(29</tmp/TestLeaseAppendPressureFixedPlacement1574030781/001/node-1/jetstream/$SYS/_js_/S-R3F-Cqy2Skni/msgs/1.blk>, "\25\1\0\0?\2\0\0\0\0\0\0\305I&\245\371T\332\30\0\0000m6vARoZ\2\0"..., 277, 191491 <unfinished ...>
665099 1790837233.029662 pwrite64(30</tmp/TestLeaseAppendPressureFixedPlacement1574030781/001/node-1/jetstream/$G/streams/KV_WF_LEASE/msgs/1.blk>, "\247\0\0\200\325\2\0\0\0\0\0\0\260+9\230\371T\332\30&\0$KV.WF_LEA"..., 1057, 121584 <unfinished ...>
665120 1790837233.029759 pwrite64(24</tmp/TestLeaseAppendPressureFixedPlacement1574030781/001/node-1/jetstream/$G/streams/WF_JRN/msgs/1.blk>, "@\1\0\200D\2\0\0\0\0\0\0\374\302\251\234\371T\332\30 \0wf.jrn.pre"..., 640, 156880 <unfinished ...>
665112 1790837233.097693 <... pwrite64 resumed>) = 277 (DELAYED) <0.070106>
665112 1790837233.097871 --- SIGURG {si_signo=SIGURG, si_code=SI_TKILL, si_pid=665088, si_uid=1000} ---
665112 1790837233.097951 pwrite64(29</tmp/TestLeaseAppendPressureFixedPlacement1574030781/001/node-1/jetstream/$SYS/_js_/S-R3F-Cqy2Skni/msgs/1.blk>, "\25\1\0\0@\2\0\0\0\0\0\0\334KX\251\371T\332\30\0\0000m6vARoZ\2\0"..., 277, 191768 <unfinished ...>
665099 1790837233.099711 <... pwrite64 resumed>) = 1057 (DELAYED) <0.070031>
665120 1790837233.099799 <... pwrite64 resumed>) = 640 (DELAYED) <0.070033>
665095 1790837233.100575 pwrite64(23</tmp/TestLeaseAppendPressureFixedPlacement1574030781/001/node-1/jetstream/$SYS/_js_/S-R3F-q7IG3WJb/msgs/2.blk>, "M\1\0\0\250\1\0\0\0\0\0\0i\227\200\251\371T\332\30\0\0St9I6EVH\1\0"..., 333, 209853 <unfinished ...>
665112 1790837233.168033 <... pwrite64 resumed>) = 277 (DELAYED) <0.070054>
665112 1790837233.168390 --- SIGURG {si_signo=SIGURG, si_code=SI_TKILL, si_pid=665088, si_uid=1000} ---
665095 1790837233.170619 <... pwrite64 resumed>) = 333 (DELAYED) <0.070023>
665095 1790837233.170697 pwrite64(23</tmp/TestLeaseAppendPressureFixedPlacement1574030781/001/node-1/jetstream/$SYS/_js_/S-R3F-q7IG3WJb/msgs/2.blk>, "M\1\0\0\251\1\0\0\0\0\0\0\243\231\256\255\371T\332\30\0\0St9I6EVH\1\0"..., 333, 210186 <unfinished ...>
665097 1790837233.172087 pwrite64(30</tmp/TestLeaseAppendPressureFixedPlacement1574030781/001/node-1/jetstream/$G/streams/KV_WF_LEASE/msgs/1.blk>, "\247\0\0\200\334\2\0\0\0\0\0\0\24O\32\245\371T\332\30&\0$KV.WF_LEA"..., 334, 122641 <unfinished ...>
665095 1790837233.240945 <... pwrite64 resumed>) = 333 (DELAYED) <0.070205>
665095 1790837233.241133 --- SIGURG {si_signo=SIGURG, si_code=SI_TKILL, si_pid=665088, si_uid=1000} ---
665097 1790837233.242287 <... pwrite64 resumed>) = 334 (DELAYED) <0.070182>
665121 1790837233.243853 pwrite64(29</tmp/TestLeaseAppendPressureFixedPlacement1574030781/001/node-1/jetstream/$SYS/_js_/S-R3F-Cqy2Skni/msgs/1.blk>, "\25\1\0\0A\2\0\0\0\0\0\0006\222\n\262\371T\332\30\0\0000m6vARoZ\2\0"..., 277, 192045 <unfinished ...>
665099 1790837233.246411 pwrite64(24</tmp/TestLeaseAppendPressureFixedPlacement1574030781/001/node-1/jetstream/$G/streams/WF_JRN/msgs/1.blk>, "\337\0\0\200F\2\0\0\0\0\0\0]\16\200\251\371T\332\30 \0wf.jrn.pre"..., 446, 157520 <unfinished ...>
665097 1790837233.280678 --- SIGURG {si_signo=SIGURG, si_code=SI_TKILL, si_pid=665088, si_uid=1000} ---
665121 1790837233.314000 <... pwrite64 resumed>) = 277 (DELAYED) <0.070077>
665097 1790837233.314333 pwrite64(29</tmp/TestLeaseAppendPressureFixedPlacement1574030781/001/node-1/jetstream/$SYS/_js_/S-R3F-Cqy2Skni/msgs/1.blk>, "\25\1\0\0B\2\0\0\0\0\0\0\360\317=\266\371T\332\30\0\0000m6vARoZ\2\0"..., 277, 192322 <unfinished ...>
665121 1790837233.314442 --- SIGURG {si_signo=SIGURG, si_code=SI_TKILL, si_pid=665088, si_uid=1000} ---
665099 1790837233.316521 <... pwrite64 resumed>) = 446 (DELAYED) <0.070071>
665121 1790837233.318149 pwrite64(23</tmp/TestLeaseAppendPressureFixedPlacement1574030781/001/node-1/jetstream/$SYS/_js_/S-R3F-q7IG3WJb/msgs/2.blk>, "\256\1\0\0\252\1\0\0\0\0\0\0\237[x\266\371T\332\30\0\0St9I6EVH\1\0"..., 430, 210519 <unfinished ...>
665097 1790837233.384429 <... pwrite64 resumed>) = 277 (DELAYED) <0.070058>
665099 1790837233.384714 pwrite64(29</tmp/TestLeaseAppendPressureFixedPlacement1574030781/001/node-1/jetstream/$SYS/_js_/S-R3F-Cqy2Skni/msgs/1.blk>, "\331\4\0\0C\2\0\0\0\0\0\0y\224n\272\371T\332\30\0\0000m6vARoZ\2\0"..., 1241, 192599 <unfinished ...>
665097 1790837233.384789 --- SIGURG {si_signo=SIGURG, si_code=SI_TKILL, si_pid=665088, si_uid=1000} ---
665097 1790837233.385973 pwrite64(30</tmp/TestLeaseAppendPressureFixedPlacement1574030781/001/node-1/jetstream/$G/streams/KV_WF_LEASE/msgs/1.blk>, "\247\0\0\200\336\2\0\0\0\0\0\0\217'\360\261\371T\332\30&\0$KV.WF_LEA"..., 167, 122975 <unfinished ...>
665121 1790837233.388172 <... pwrite64 resumed>) = 430 (DELAYED) <0.069979>
665121 1790837233.388243 pwrite64(23</tmp/TestLeaseAppendPressureFixedPlacement1574030781/001/node-1/jetstream/$SYS/_js_/S-R3F-q7IG3WJb/msgs/2.blk>, "\256\1\0\0\253\1\0\0\0\0\0\0p\23\246\272\371T\332\30\0\0St9I6EVH\1\0"..., 430, 210949 <unfinished ...>
665099 1790837233.454893 <... pwrite64 resumed>) = 1241 (DELAYED) <0.070120>
665099 1790837233.455107 --- SIGURG {si_signo=SIGURG, si_code=SI_TKILL, si_pid=665088, si_uid=1000} ---
665097 1790837233.456390 <... pwrite64 resumed>) = 167 (DELAYED) <0.070395>
665121 1790837233.459516 <... pwrite64 resumed>) = 430 (DELAYED) <0.071258>
665120 1790837233.459747 pwrite64(30</tmp/TestLeaseAppendPressureFixedPlacement1574030781/001/node-1/jetstream/$G/streams/KV_WF_LEASE/msgs/1.blk>, "\247\0\0\200\337\2\0\0\0\0\0\0\f\34\365\261\371T\332\30&\0$KV.WF_LEA"..., 1343, 123142 <unfinished ...>
665121 1790837233.460636 pwrite64(29</tmp/TestLeaseAppendPressureFixedPlacement1574030781/001/node-1/jetstream/$SYS/_js_/S-R3F-Cqy2Skni/msgs/1.blk>, "\341\1\0\0D\2\0\0\0\0\0\0\312\300\366\276\371T\332\30\0\0000m6vARoZ\2\0"..., 481, 193840 <unfinished ...>
665097 1790837233.463996 pwrite64(24</tmp/TestLeaseAppendPressureFixedPlacement1574030781/001/node-1/jetstream/$G/streams/WF_JRN/msgs/1.blk>, "@\1\0\200H\2\0\0\0\0\0\0\207\30x\266\371T\332\30 \0wf.jrn.pre"..., 640, 157966 <unfinished ...>
665099 1790837233.471658 --- SIGURG {si_signo=SIGURG, si_code=SI_TKILL, si_pid=665088, si_uid=1000} ---
665120 1790837233.532356 <... pwrite64 resumed>) = 1343 (DELAYED) <0.071131>
665121 1790837233.532403 <... pwrite64 resumed>) = 481 (DELAYED) <0.071754>
665097 1790837233.534056 <... pwrite64 resumed>) = 640 (DELAYED) <0.070041>
665099 1790837233.535051 pwrite64(23</tmp/TestLeaseAppendPressureFixedPlacement1574030781/001/node-1/jetstream/$SYS/_js_/S-R3F-q7IG3WJb/msgs/2.blk>, "M\1\0\0\254\1\0\0\0\0\0\0\223\361e\303\371T\332\30\0\0St9I6EVH\1\0"..., 333, 211379 <unfinished ...>
665120 1790837233.537435 pwrite64(30</tmp/TestLeaseAppendPressureFixedPlacement1574030781/001/node-1/jetstream/$G/streams/KV_WF_LEASE/msgs/1.blk>, "\247\0\0\200\350\2\0\0\0\0\0\0\f\227\363\276\371T\332\30&\0$KV.WF_LEA"..., 334, 124485 <unfinished ...>
665099 1790837233.605181 <... pwrite64 resumed>) = 333 (DELAYED) <0.070085>
665099 1790837233.605381 --- SIGURG {si_signo=SIGURG, si_code=SI_TKILL, si_pid=665088, si_uid=1000} ---
665097 1790837233.605499 pwrite64(23</tmp/TestLeaseAppendPressureFixedPlacement1574030781/001/node-1/jetstream/$SYS/_js_/S-R3F-q7IG3WJb/msgs/2.blk>, "M\1\0\0\255\1\0\0\0\0\0\0J\270\230\307\371T\332\30\0\0St9I6EVH\1\0"..., 333, 211712 <unfinished ...>
665099 1790837233.605572 --- SIGURG {si_signo=SIGURG, si_code=SI_TKILL, si_pid=665088, si_uid=1000} ---
665120 1790837233.607462 <... pwrite64 resumed>) = 334 (DELAYED) <0.070008>
665097 1790837233.675636 <... pwrite64 resumed>) = 333 (DELAYED) <0.070105>
665097 1790837233.675828 --- SIGURG {si_signo=SIGURG, si_code=SI_TKILL, si_pid=665088, si_uid=1000} ---
665120 1790837233.677010 pwrite64(29</tmp/TestLeaseAppendPressureFixedPlacement1574030781/001/node-1/jetstream/$SYS/_js_/S-R3F-Cqy2Skni/msgs/1.blk>, "\25\1\0\0E\2\0\0\0\0\0\0\317E\334\313\371T\332\30\0\0000m6vARoZ\2\0"..., 277, 194321 <unfinished ...>
665099 1790837233.680464 pwrite64(24</tmp/TestLeaseAppendPressureFixedPlacement1574030781/001/node-1/jetstream/$G/streams/WF_JRN/msgs/1.blk>, "\337\0\0\200J\2\0\0\0\0\0\0\33\277e\303\371T\332\30 \0wf.jrn.pre"..., 446, 158606 <unfinished ...>
665120 1790837233.747160 <... pwrite64 resumed>) = 277 (DELAYED) <0.070116>
665120 1790837233.747519 --- SIGURG {si_signo=SIGURG, si_code=SI_TKILL, si_pid=665088, si_uid=1000} ---
665121 1790837233.747619 pwrite64(29</tmp/TestLeaseAppendPressureFixedPlacement1574030781/001/node-1/jetstream/$SYS/_js_/S-R3F-Cqy2Skni/msgs/1.blk>, "\25\1\0\0F\2\0\0\0\0\0\0\37\227\21\320\371T\332\30\0\0000m6vARoZ\2\0"..., 277, 194598 <unfinished ...>
665099 1790837233.750512 <... pwrite64 resumed>) = 446 (DELAYED) <0.070026>
665099 1790837233.751305 pwrite64(23</tmp/TestLeaseAppendPressureFixedPlacement1574030781/001/node-1/jetstream/$SYS/_js_/S-R3F-q7IG3WJb/msgs/2.blk>, "\256\1\0\0\256\1\0\0\0\0\0\0\33\364I\320\371T\332\30\0\0St9I6EVH\1\0"..., 430, 212045 <unfinished ...>
665121 1790837233.817794 <... pwrite64 resumed>) = 277 (DELAYED) <0.070141>
665121 1790837233.818032 --- SIGURG {si_signo=SIGURG, si_code=SI_TKILL, si_pid=665088, si_uid=1000} ---
665112 1790837233.820105 pwrite64(30</tmp/TestLeaseAppendPressureFixedPlacement1574030781/001/node-1/jetstream/$G/streams/KV_WF_LEASE/msgs/1.blk>, "\247\0\0\200\352\2\0\0\0\0\0\0~\270\325\313\371T\332\30&\0$KV.WF_LEA"..., 167, 124819 <unfinished ...>
665099 1790837233.821358 <... pwrite64 resumed>) = 430 (DELAYED) <0.070031>
665099 1790837233.822169 pwrite64(23</tmp/TestLeaseAppendPressureFixedPlacement1574030781/001/node-1/jetstream/$SYS/_js_/S-R3F-q7IG3WJb/msgs/2.blk>, "\256\1\0\0\257\1\0\0\0\0\0\0\3459\203\324\371T\332\30\0\0St9I6EVH\1\0"..., 430, 212475 <unfinished ...>
665097 1790837233.823130 pwrite64(29</tmp/TestLeaseAppendPressureFixedPlacement1574030781/001/node-1/jetstream/$SYS/_js_/S-R3F-Cqy2Skni/msgs/1.blk>, "\25\1\0\0G\2\0\0\0\0\0\0&\315\221\324\371T\332\30\0\0000m6vARoZ\2\0"..., 277, 194875 <unfinished ...>
665120 1790837233.823222 pwrite64(24</tmp/TestLeaseAppendPressureFixedPlacement1574030781/001/node-1/jetstream/$G/streams/WF_JRN/msgs/1.blk>, "@\1\0\200L\2\0\0\0\0\0\0\243\217I\320\371T\332\30 \0wf.jrn.pre"..., 320, 159052 <unfinished ...>
665112 1790837233.890311 <... pwrite64 resumed>) = 167 (DELAYED) <0.070138>
665121 1790837233.891728 pwrite64(30</tmp/TestLeaseAppendPressureFixedPlacement1574030781/001/node-1/jetstream/$G/streams/KV_WF_LEASE/msgs/1.blk>, "\247\0\0\200\353\2\0\0\0\0\0\0\21\372\333\313\371T\332\30&\0$KV.WF_LEA"..., 167, 124986 <unfinished ...>
665099 1790837233.892240 <... pwrite64 resumed>) = 430 (DELAYED) <0.070054>
665099 1790837233.892333 --- SIGURG {si_signo=SIGURG, si_code=SI_TKILL, si_pid=665088, si_uid=1000} ---
665097 1790837233.893158 <... pwrite64 resumed>) = 277 (DELAYED) <0.070004>
665120 1790837233.893244 <... pwrite64 resumed>) = 320 (DELAYED) <0.070012>
665099 1790837233.894989 pwrite64(29</tmp/TestLeaseAppendPressureFixedPlacement1574030781/001/node-1/jetstream/$SYS/_js_/S-R3F-Cqy2Skni/msgs/1.blk>, "\25\1\0\0H\2\0\0\0\0\0\0{b\332\330\371T\332\30\0\0000m6vARoZ\2\0"..., 277, 195152 <unfinished ...>
665137 1790837233.895527 pwrite64(24</tmp/TestLeaseAppendPressureFixedPlacement1574030781/001/node-1/jetstream/$G/streams/WF_JRN/msgs/1.blk>, "@\1\0\200M\2\0\0\0\0\0\0^~\201\324\371T\332\30 \0wf.jrn.pre"..., 320, 159372 <unfinished ...>
665121 1790837233.961789 <... pwrite64 resumed>) = 167 (DELAYED) <0.070033>
665112 1790837233.963193 pwrite64(30</tmp/TestLeaseAppendPressureFixedPlacement1574030781/001/node-1/jetstream/$G/streams/KV_WF_LEASE/msgs/1.blk>, "\247\0\0\200\354\2\0\0\0\0\0\0\355\241\214\324\371T\332\30&\0$KV.WF_LEA"..., 167, 125153 <unfinished ...>
665099 1790837233.965027 <... pwrite64 resumed>) = 277 (DELAYED) <0.070018>
665137 1790837233.965578 <... pwrite64 resumed>) = 320 (DELAYED) <0.070028>
665137 1790837233.965677 pwrite64(23</tmp/TestLeaseAppendPressureFixedPlacement1574030781/001/node-1/jetstream/$SYS/_js_/S-R3F-q7IG3WJb/msgs/2.blk>, "M\1\0\0\260\1\0\0\0\0\0\0\323r\20\335\371T\332\30\0\0St9I6EVH\1\0"..., 333, 212905 <unfinished ...>
665112 1790837234.033249 <... pwrite64 resumed>) = 167 (DELAYED) <0.070025>
665097 1790837234.034776 pwrite64(30</tmp/TestLeaseAppendPressureFixedPlacement1574030781/001/node-1/jetstream/$G/streams/KV_WF_LEASE/msgs/1.blk>, "\247\0\0\200\355\2\0\0\0\0\0\0r\326\325\330\371T\332\30&\0$KV.WF_LEA"..., 167, 125320 <unfinished ...>
665137 1790837234.035793 <... pwrite64 resumed>) = 333 (DELAYED) <0.070102>
665137 1790837234.036161 --- SIGURG {si_signo=SIGURG, si_code=SI_TKILL, si_pid=665088, si_uid=1000} ---
665120 1790837234.036178 pwrite64(23</tmp/TestLeaseAppendPressureFixedPlacement1574030781/001/node-1/jetstream/$SYS/_js_/S-R3F-q7IG3WJb/msgs/2.blk>, "M\1\0\0\261\1\0\0\0\0\0\0\350\315D\341\371T\332\30\0\0St9I6EVH\1\0"..., 333, 213238 <unfinished ...>
665099 1790837234.059671 --- SIGURG {si_signo=SIGURG, si_code=SI_TKILL, si_pid=665088, si_uid=1000} ---
665097 1790837234.105086 <... pwrite64 resumed>) = 167 (DELAYED) <0.070258>
665120 1790837234.106243 <... pwrite64 resumed>) = 333 (DELAYED) <0.070053>
665137 1790837234.107742 pwrite64(24</tmp/TestLeaseAppendPressureFixedPlacement1574030781/001/node-1/jetstream/$G/streams/WF_JRN/msgs/1.blk>, "\337\0\0\200N\2\0\0\0\0\0\0\2159\20\335\371T\332\30 \0wf.jrn.pre"..., 223, 159692 <unfinished ...>
665112 1790837234.107897 pwrite64(29</tmp/TestLeaseAppendPressureFixedPlacement1574030781/001/node-1/jetstream/$SYS/_js_/S-R3F-Cqy2Skni/msgs/1.blk>, "\25\1\0\0I\2\0\0\0\0\0\0003 \213\345\371T\332\30\0\0000m6vARoZ\2\0"..., 277, 195429 <unfinished ...>
665137 1790837234.177929 <... pwrite64 resumed>) = 223 (DELAYED) <0.070140>
665112 1790837234.177976 <... pwrite64 resumed>) = 277 (DELAYED) <0.070064>
665099 1790837234.179207 pwrite64(29</tmp/TestLeaseAppendPressureFixedPlacement1574030781/001/node-1/jetstream/$SYS/_js_/S-R3F-Cqy2Skni/msgs/1.blk>, "\25\1\0\0J\2\0\0\0\0\0\0007@\313\351\371T\332\30\0\0000m6vARoZ\2\0"..., 277, 195706 <unfinished ...>
665097 1790837234.179414 pwrite64(24</tmp/TestLeaseAppendPressureFixedPlacement1574030781/001/node-1/jetstream/$G/streams/WF_JRN/msgs/1.blk>, "\337\0\0\200O\2\0\0\0\0\0\0\\Z \335\371T\332\30 \0wf.jrn.pre"..., 223, 159915 <unfinished ...>
665137 1790837234.179832 pwrite64(30</tmp/TestLeaseAppendPressureFixedPlacement1574030781/001/node-1/jetstream/$G/streams/KV_WF_LEASE/msgs/1.blk>, "\247\0\0\200\356\2\0\0\0\0\0\0Qj\204\345\371T\332\30&\0$KV.WF_LEA"..., 167, 125487 <unfinished ...>
665099 1790837234.249399 <... pwrite64 resumed>) = 277 (DELAYED) <0.070152>
665097 1790837234.249517 <... pwrite64 resumed>) = 223 (DELAYED) <0.070095>
665097 1790837234.249730 pwrite64(23</tmp/TestLeaseAppendPressureFixedPlacement1574030781/001/node-1/jetstream/$SYS/_js_/S-R3F-q7IG3WJb/msgs/2.blk>, "\256\1\0\0\262\1\0\0\0\0\0\0)\r\377\355\371T\332\30\0\0St9I6EVH\1\0"..., 430, 213571 <unfinished ...>
665137 1790837234.249871 <... pwrite64 resumed>) = 167 (DELAYED) <0.070008>
665112 1790837234.252198 pwrite64(30</tmp/TestLeaseAppendPressureFixedPlacement1574030781/001/node-1/jetstream/$G/streams/KV_WF_LEASE/msgs/1.blk>, "\247\0\0\200\357\2\0\0\0\0\0\0\0101\310\351\371T\332\30&\0$KV.WF_LEA"..., 167, 125654 <unfinished ...>
665097 1790837234.319874 <... pwrite64 resumed>) = 430 (DELAYED) <0.070115>
665097 1790837234.319934 --- SIGURG {si_signo=SIGURG, si_code=SI_TKILL, si_pid=665088, si_uid=1000} ---
665097 1790837234.320106 pwrite64(23</tmp/TestLeaseAppendPressureFixedPlacement1574030781/001/node-1/jetstream/$SYS/_js_/S-R3F-q7IG3WJb/msgs/2.blk>, "\256\1\0\0\263\1\0\0\0\0\0\0\317\3510\362\371T\332\30\0\0St9I6EVH\1\0"..., 430, 214001 <unfinished ...>
665112 1790837234.322241 <... pwrite64 resumed>) = 167 (DELAYED) <0.070015>
665097 1790837234.390406 <... pwrite64 resumed>) = 430 (DELAYED) <0.070270>
665097 1790837234.394615 --- SIGURG {si_signo=SIGURG, si_code=SI_TKILL, si_pid=665088, si_uid=1000} ---
665120 1790837234.396730 pwrite64(29</tmp/TestLeaseAppendPressureFixedPlacement1574030781/001/node-1/jetstream/$SYS/_js_/S-R3F-Cqy2Skni/msgs/1.blk>, "\25\1\0\0K\2\0\0\0\0\0\0I\350\301\366\371T\332\30\0\0000m6vARoZ\2\0"..., 277, 195983 <unfinished ...>
665099 1790837234.400874 pwrite64(24</tmp/TestLeaseAppendPressureFixedPlacement1574030781/001/node-1/jetstream/$G/streams/WF_JRN/msgs/1.blk>, "@\1\0\200P\2\0\0\0\0\0\0s\217\375\355\371T\332\30 \0wf.jrn.pre"..., 640, 160138 <unfinished ...>
665120 1790837234.466936 <... pwrite64 resumed>) = 277 (DELAYED) <0.070162>
665120 1790837234.469029 pwrite64(29</tmp/TestLeaseAppendPressureFixedPlacement1574030781/001/node-1/jetstream/$SYS/_js_/S-R3F-Cqy2Skni/msgs/1.blk>, "\25\1\0\0L\2\0\0\0\0\0\0\252k\20\373\371T\332\30\0\0000m6vARoZ\2\0"..., 277, 196260 <unfinished ...>
665099 1790837234.470933 <... pwrite64 resumed>) = 640 (DELAYED) <0.070009>
665137 1790837234.471756 pwrite64(23</tmp/TestLeaseAppendPressureFixedPlacement1574030781/001/node-1/jetstream/$SYS/_js_/S-R3F-q7IG3WJb/msgs/2.blk>, "M\1\0\0\264\1\0\0\0\0\0\0\272#;\373\371T\332\30\0\0St9I6EVH\1\0"..., 333, 214431 <unfinished ...>
665120 1790837234.539129 <... pwrite64 resumed>) = 277 (DELAYED) <0.070050>
665120 1790837234.539288 --- SIGURG {si_signo=SIGURG, si_code=SI_TKILL, si_pid=665088, si_uid=1000} ---
665137 1790837234.541796 <... pwrite64 resumed>) = 333 (DELAYED) <0.070016>
665112 1790837234.542122 pwrite64(23</tmp/TestLeaseAppendPressureFixedPlacement1574030781/001/node-1/jetstream/$SYS/_js_/S-R3F-q7IG3WJb/msgs/2.blk>, "M\1\0\0\265\1\0\0\0\0\0\0J\344l\377\371T\332\30\0\0St9I6EVH\1\0"..., 333, 214764 <unfinished ...>
665137 1790837234.542627 pwrite64(29</tmp/TestLeaseAppendPressureFixedPlacement1574030781/001/node-1/jetstream/$SYS/_js_/S-R3F-Cqy2Skni/msgs/1.blk>, "\25\1\0\0M\2\0\0\0\0\0\0\311dt\377\371T\332\30\0\0000m6vARoZ\2\0"..., 277, 196537 <unfinished ...>
665120 1790837234.543711 pwrite64(24</tmp/TestLeaseAppendPressureFixedPlacement1574030781/001/node-1/jetstream/$G/streams/WF_JRN/msgs/1.blk>, "\337\0\0\200R\2\0\0\0\0\0\0007\201:\373\371T\332\30 \0wf.jrn.pre"..., 223, 160778 <unfinished ...>
665099 1790837234.543793 pwrite64(30</tmp/TestLeaseAppendPressureFixedPlacement1574030781/001/node-1/jetstream/$G/streams/KV_WF_LEASE/msgs/1.blk>, "\247\0\0\200\360\2\0\0\0\0\0\0p\31\270\366\371T\332\30&\0$KV.WF_LEA"..., 334, 125821 <unfinished ...>
665112 1790837234.612293 <... pwrite64 resumed>) = 333 (DELAYED) <0.070141>
665137 1790837234.612704 <... pwrite64 resumed>) = 277 (DELAYED) <0.070067>
665112 1790837234.612793 --- SIGURG {si_signo=SIGURG, si_code=SI_TKILL, si_pid=665088, si_uid=1000} ---
665120 1790837234.613774 <... pwrite64 resumed>) = 223 (DELAYED) <0.070002>
665099 1790837234.613831 <... pwrite64 resumed>) = 334 (DELAYED) <0.070030>
665120 1790837234.613885 --- SIGURG {si_signo=SIGURG, si_code=SI_TKILL, si_pid=665088, si_uid=1000} ---
665138 1790837234.615327 pwrite64(24</tmp/TestLeaseAppendPressureFixedPlacement1574030781/001/node-1/jetstream/$G/streams/WF_JRN/msgs/1.blk>, "\337\0\0\200S\2\0\0\0\0\0\0\344\325l\377\371T\332\30 \0wf.jrn.pre"..., 223, 161001 <unfinished ...>
665095 1790837234.615391 pwrite64(30</tmp/TestLeaseAppendPressureFixedPlacement1574030781/001/node-1/jetstream/$G/streams/KV_WF_LEASE/msgs/1.blk>, "\247\0\0\200\362\2\0\0\0\0\0\0\357\257q\377\371T\332\30&\0$KV.WF_LEA"..., 167, 126155 <unfinished ...>
665120 1790837234.616327 pwrite64(29</tmp/TestLeaseAppendPressureFixedPlacement1574030781/001/node-1/jetstream/$SYS/_js_/S-R3F-Cqy2Skni/msgs/1.blk>, "\25\1\0\0N\2\0\0\0\0\0\0 \37\331\3\372T\332\30\0\0000m6vARoZ\2\0"..., 277, 196814 <unfinished ...>
665138 1790837234.685473 <... pwrite64 resumed>) = 223 (DELAYED) <0.070094>
665095 1790837234.685517 <... pwrite64 resumed>) = 167 (DELAYED) <0.070115>
665138 1790837234.685767 pwrite64(23</tmp/TestLeaseAppendPressureFixedPlacement1574030781/001/node-1/jetstream/$SYS/_js_/S-R3F-q7IG3WJb/msgs/2.blk>, "\256\1\0\0\266\1\0\0\0\0\0\0u\31\374\7\372T\332\30\0\0St9I6EVH\1\0"..., 430, 215097 <unfinished ...>
665120 1790837234.686414 <... pwrite64 resumed>) = 277 (DELAYED) <0.070072>
665120 1790837234.686606 --- SIGURG {si_signo=SIGURG, si_code=SI_TKILL, si_pid=665088, si_uid=1000} ---
665097 1790837234.688432 pwrite64(30</tmp/TestLeaseAppendPressureFixedPlacement1574030781/001/node-1/jetstream/$G/streams/KV_WF_LEASE/msgs/1.blk>, "\247\0\0\200\363\2\0\0\0\0\0\0\20Y\326\3\372T\332\30&\0$KV.WF_LEA"..., 167, 126322 <unfinished ...>
665138 1790837234.755883 <... pwrite64 resumed>) = 430 (DELAYED) <0.070076>
665138 1790837234.755932 --- SIGURG {si_signo=SIGURG, si_code=SI_TKILL, si_pid=665088, si_uid=1000} ---
665138 1790837234.756115 --- SIGURG {si_signo=SIGURG, si_code=SI_TKILL, si_pid=665088, si_uid=1000} ---
665095 1790837234.756220 pwrite64(23</tmp/TestLeaseAppendPressureFixedPlacement1574030781/001/node-1/jetstream/$SYS/_js_/S-R3F-q7IG3WJb/msgs/2.blk>, "\256\1\0\0\267\1\0\0\0\0\0\0\263c/\f\372T\332\30\0\0St9I6EVH\1\0"..., 430, 215527 <unfinished ...>
665138 1790837234.756673 --- SIGURG {si_signo=SIGURG, si_code=SI_TKILL, si_pid=665088, si_uid=1000} ---
665097 1790837234.758535 <... pwrite64 resumed>) = 167 (DELAYED) <0.070056>
665095 1790837234.826343 <... pwrite64 resumed>) = 430 (DELAYED) <0.070086>
665095 1790837234.826578 --- SIGURG {si_signo=SIGURG, si_code=SI_TKILL, si_pid=665088, si_uid=1000} ---
665095 1790837234.827016 --- SIGURG {si_signo=SIGURG, si_code=SI_TKILL, si_pid=665088, si_uid=1000} ---
665138 1790837234.828021 pwrite64(29</tmp/TestLeaseAppendPressureFixedPlacement1574030781/001/node-1/jetstream/$SYS/_js_/S-R3F-Cqy2Skni/msgs/1.blk>, "\25\1\0\0O\2\0\0\0\0\0\0\215*w\20\372T\332\30\0\0000m6vARoZ\2\0"..., 277, 197091 <unfinished ...>
665120 1790837234.831460 pwrite64(24</tmp/TestLeaseAppendPressureFixedPlacement1574030781/001/node-1/jetstream/$G/streams/WF_JRN/msgs/1.blk>, "@\1\0\200T\2\0\0\0\0\0\0\245p\373\7\372T\332\30 \0wf.jrn.pre"..., 640, 161224 <unfinished ...>
665138 1790837234.898145 <... pwrite64 resumed>) = 277 (DELAYED) <0.070085>
665138 1790837234.898353 --- SIGURG {si_signo=SIGURG, si_code=SI_TKILL, si_pid=665088, si_uid=1000} ---
665112 1790837234.898420 pwrite64(29</tmp/TestLeaseAppendPressureFixedPlacement1574030781/001/node-1/jetstream/$SYS/_js_/S-R3F-Cqy2Skni/msgs/1.blk>, "\25\1\0\0P\2\0\0\0\0\0\0\34-\251\24\372T\332\30\0\0000m6vARoZ\2\0"..., 277, 197368 <unfinished ...>
665120 1790837234.901519 <... pwrite64 resumed>) = 640 (DELAYED) <0.070015>
665095 1790837234.902973 pwrite64(23</tmp/TestLeaseAppendPressureFixedPlacement1574030781/001/node-1/jetstream/$SYS/_js_/S-R3F-q7IG3WJb/msgs/2.blk>, "N\1\0\0\270\1\0\0\0\0\0\0l\336\356\24\372T\332\30\0\0St9I6EVH\1\0"..., 334, 215957 <unfinished ...>
665120 1790837234.915330 --- SIGURG {si_signo=SIGURG, si_code=SI_TKILL, si_pid=665088, si_uid=1000} ---
665112 1790837234.968956 <... pwrite64 resumed>) = 277 (DELAYED) <0.070504>
665095 1790837234.973082 <... pwrite64 resumed>) = 334 (DELAYED) <0.070058>
665138 1790837234.973238 --- SIGURG {si_signo=SIGURG, si_code=SI_TKILL, si_pid=665088, si_uid=1000} ---
665138 1790837234.975666 pwrite64(24</tmp/TestLeaseAppendPressureFixedPlacement1574030781/001/node-1/jetstream/$G/streams/WF_JRN/msgs/1.blk>, "\340\0\0\200V\2\0\0\0\0\0\0\241\26\356\24\372T\332\30 \0wf.jrn.pre"..., 224, 161864 <unfinished ...>
665095 1790837234.976074 pwrite64(30</tmp/TestLeaseAppendPressureFixedPlacement1574030781/001/node-1/jetstream/$G/streams/KV_WF_LEASE/msgs/1.blk>, "\247\0\0\200\364\2\0\0\0\0\0\0Z\345q\20\372T\332\30&\0$KV.WF_LEA"..., 334, 126489 <unfinished ...>
665097 1790837234.976710 pwrite64(29</tmp/TestLeaseAppendPressureFixedPlacement1574030781/001/node-1/jetstream/$SYS/_js_/S-R3F-Cqy2Skni/msgs/1.blk>, "\25\1\0\0Q\2\0\0\0\0\0\0\374\0T\31\372T\332\30\0\0000m6vARoZ\2\0"..., 277, 197645 <unfinished ...>
665138 1790837235.045776 <... pwrite64 resumed>) = 224 (DELAYED) <0.070064>
665138 1790837235.046039 pwrite64(23</tmp/TestLeaseAppendPressureFixedPlacement1574030781/001/node-1/jetstream/$SYS/_js_/S-R3F-q7IG3WJb/msgs/2.blk>, "N\1\0\0\271\1\0\0\0\0\0\0\335\305u\35\372T\332\30\0\0St9I6EVH\1\0"..., 334, 216291 <unfinished ...>
665095 1790837235.046103 <... pwrite64 resumed>) = 334 (DELAYED) <0.070001>
665097 1790837235.046810 <... pwrite64 resumed>) = 277 (DELAYED) <0.070061>
665120 1790837235.053581 pwrite64(30</tmp/TestLeaseAppendPressureFixedPlacement1574030781/001/node-1/jetstream/$G/streams/KV_WF_LEASE/msgs/1.blk>, "\247\0\0\200\366\2\0\0\0\0\0\0006\340N\31\372T\332\30&\0$KV.WF_LEA"..., 167, 126823 <unfinished ...>
665138 1790837235.116184 <... pwrite64 resumed>) = 334 (DELAYED) <0.070112>
665138 1790837235.116231 --- SIGURG {si_signo=SIGURG, si_code=SI_TKILL, si_pid=665088, si_uid=1000} ---
665138 1790837235.116400 --- SIGURG {si_signo=SIGURG, si_code=SI_TKILL, si_pid=665088, si_uid=1000} ---
665138 1790837235.116573 pwrite64(23</tmp/TestLeaseAppendPressureFixedPlacement1574030781/001/node-1/jetstream/$SYS/_js_/S-R3F-q7IG3WJb/msgs/2.blk>, "\257\1\0\0\272\1\0\0\0\0\0\0\256\26\251!\372T\332\30\0\0St9I6EVH\1\0"..., 431, 216625 <unfinished ...>
665120 1790837235.123691 <... pwrite64 resumed>) = 167 (DELAYED) <0.070070>
665138 1790837235.186864 <... pwrite64 resumed>) = 431 (DELAYED) <0.070251>
665138 1790837235.187034 --- SIGURG {si_signo=SIGURG, si_code=SI_TKILL, si_pid=665088, si_uid=1000} ---
665138 1790837235.188555 pwrite64(29</tmp/TestLeaseAppendPressureFixedPlacement1574030781/001/node-1/jetstream/$SYS/_js_/S-R3F-Cqy2Skni/msgs/1.blk>, "\341\1\0\0R\2\0\0\0\0\0\0\1\211\364%\372T\332\30\0\0000m6vARoZ\2\0"..., 481, 197922 <unfinished ...>
665099 1790837235.190867 pwrite64(24</tmp/TestLeaseAppendPressureFixedPlacement1574030781/001/node-1/jetstream/$G/streams/WF_JRN/msgs/1.blk>, "\340\0\0\200W\2\0\0\0\0\0\0)Qu\35\372T\332\30 \0wf.jrn.pre"..., 545, 162088 <unfinished ...>
665138 1790837235.258668 <... pwrite64 resumed>) = 481 (DELAYED) <0.070075>
665138 1790837235.258863 --- SIGURG {si_signo=SIGURG, si_code=SI_TKILL, si_pid=665088, si_uid=1000} ---
665099 1790837235.260936 <... pwrite64 resumed>) = 545 (DELAYED) <0.070045>
665099 1790837235.261694 pwrite64(30</tmp/TestLeaseAppendPressureFixedPlacement1574030781/001/node-1/jetstream/$G/streams/KV_WF_LEASE/msgs/1.blk>, "\247\0\0\200\367\2\0\0\0\0\0\0\310'\361%\372T\332\30&\0$KV.WF_LEA"..., 334, 126990 <unfinished ...>
665112 1790837235.261855 pwrite64(23</tmp/TestLeaseAppendPressureFixedPlacement1574030781/001/node-1/jetstream/$SYS/_js_/S-R3F-q7IG3WJb/msgs/2.blk>, "\264\2\0\0\273\1\0\0\0\0\0\0\214\24S*\372T\332\30\0\0St9I6EVH\1\0"..., 692, 217056 <unfinished ...>
665097 1790837235.282295 --- SIGURG {si_signo=SIGURG, si_code=SI_TKILL, si_pid=665088, si_uid=1000} ---
665097 1790837235.282996 --- SIGURG {si_signo=SIGURG, si_code=SI_TKILL, si_pid=665088, si_uid=1000} ---
665099 1790837235.331877 <... pwrite64 resumed>) = 334 (DELAYED) <0.070141>
665112 1790837235.331965 <... pwrite64 resumed>) = 692 (DELAYED) <0.070100>
665112 1790837235.332296 --- SIGURG {si_signo=SIGURG, si_code=SI_TKILL, si_pid=665088, si_uid=1000} ---
665120 1790837235.333789 pwrite64(29</tmp/TestLeaseAppendPressureFixedPlacement1574030781/001/node-1/jetstream/$SYS/_js_/S-R3F-Cqy2Skni/msgs/1.blk>, "\341\1\0\0S\2\0\0\0\0\0\0\332\320\233.\372T\332\30\0\0000m6vARoZ\2\0"..., 481, 198403 <unfinished ...>
665138 1790837235.334966 pwrite64(24</tmp/TestLeaseAppendPressureFixedPlacement1574030781/001/node-1/jetstream/$G/streams/WF_JRN/msgs/1.blk>, "A\1\0\200Y\2\0\0\0\0\0\0\203wR*\372T\332\30 \0wf.jrn.pre"..., 545, 162633 <unfinished ...>
665120 1790837235.403935 <... pwrite64 resumed>) = 481 (DELAYED) <0.070102>
665120 1790837235.404123 --- SIGURG {si_signo=SIGURG, si_code=SI_TKILL, si_pid=665088, si_uid=1000} ---
665138 1790837235.404994 <... pwrite64 resumed>) = 545 (DELAYED) <0.070004>
665138 1790837235.408850 pwrite64(30</tmp/TestLeaseAppendPressureFixedPlacement1574030781/001/node-1/jetstream/$G/streams/KV_WF_LEASE/msgs/1.blk>, "\247\0\0\200\371\2\0\0\0\0\0\0\230\251\227.\372T\332\30&\0$KV.WF_LEA"..., 334, 127324 <unfinished ...>
665112 1790837235.408994 pwrite64(23</tmp/TestLeaseAppendPressureFixedPlacement1574030781/001/node-1/jetstream/$SYS/_js_/S-R3F-q7IG3WJb/msgs/2.blk>, "\264\2\0\0\274\1\0\0\0\0\0\0hI\0303\372T\332\30\0\0St9I6EVH\1\0"..., 692, 217748 <unfinished ...>
665138 1790837235.478913 <... pwrite64 resumed>) = 334 (DELAYED) <0.070030>
665112 1790837235.479066 <... pwrite64 resumed>) = 692 (DELAYED) <0.070064>
665112 1790837235.479461 --- SIGURG {si_signo=SIGURG, si_code=SI_TKILL, si_pid=665088, si_uid=1000} ---
665120 1790837235.480646 pwrite64(29</tmp/TestLeaseAppendPressureFixedPlacement1574030781/001/node-1/jetstream/$SYS/_js_/S-R3F-Cqy2Skni/msgs/1.blk>, "\341\1\0\0T\2\0\0\0\0\0\0\216\230]7\372T\332\30\0\0000m6vARoZ\2\0"..., 481, 198884 <unfinished ...>
665112 1790837235.481861 pwrite64(24</tmp/TestLeaseAppendPressureFixedPlacement1574030781/001/node-1/jetstream/$G/streams/WF_JRN/msgs/1.blk>, "\340\0\0\200[\2\0\0\0\0\0\0mk\0273\372T\332\30 \0wf.jrn.pre"..., 545, 163178 <unfinished ...>
665120 1790837235.550835 <... pwrite64 resumed>) = 481 (DELAYED) <0.070154>
665112 1790837235.552442 <... pwrite64 resumed>) = 545 (DELAYED) <0.070567>
665112 1790837235.553245 pwrite64(30</tmp/TestLeaseAppendPressureFixedPlacement1574030781/001/node-1/jetstream/$G/streams/KV_WF_LEASE/msgs/1.blk>, "\247\0\0\200\373\2\0\0\0\0\0\0\33bX7\372T\332\30&\0$KV.WF_LEA"..., 334, 127658 <unfinished ...>
665138 1790837235.554329 pwrite64(23</tmp/TestLeaseAppendPressureFixedPlacement1574030781/001/node-1/jetstream/$SYS/_js_/S-R3F-q7IG3WJb/msgs/2.blk>, "\264\2\0\0\275\1\0\0\0\0\0\0y\363\301;\372T\332\30\0\0St9I6EVH\1\0"..., 692, 218440 <unfinished ...>
665112 1790837235.623462 <... pwrite64 resumed>) = 334 (DELAYED) <0.070176>
665138 1790837235.624514 <... pwrite64 resumed>) = 692 (DELAYED) <0.070163>
665138 1790837235.625514 --- SIGURG {si_signo=SIGURG, si_code=SI_TKILL, si_pid=665088, si_uid=1000} ---
665120 1790837235.631443 pwrite64(29</tmp/TestLeaseAppendPressureFixedPlacement1574030781/001/node-1/jetstream/$SYS/_js_/S-R3F-Cqy2Skni/msgs/1.blk>, "\341\1\0\0U\2\0\0\0\0\0\0\263\276R@\372T\332\30\0\0000m6vARoZ\2\0"..., 481, 199365 <unfinished ...>
665112 1790837235.631838 pwrite64(24</tmp/TestLeaseAppendPressureFixedPlacement1574030781/001/node-1/jetstream/$G/streams/WF_JRN/msgs/1.blk>, "A\1\0\200]\2\0\0\0\0\0\0H\250\301;\372T\332\30 \0wf.jrn.pre"..., 545, 163723 <unfinished ...>
665120 1790837235.702993 <... pwrite64 resumed>) = 481 (DELAYED) <0.071348>
665112 1790837235.703032 <... pwrite64 resumed>) = 545 (DELAYED) <0.071158>
665120 1790837235.703246 --- SIGURG {si_signo=SIGURG, si_code=SI_TKILL, si_pid=665088, si_uid=1000} ---
665120 1790837235.705509 pwrite64(30</tmp/TestLeaseAppendPressureFixedPlacement1574030781/001/node-1/jetstream/$G/streams/KV_WF_LEASE/msgs/1.blk>, "\247\0\0\200\375\2\0\0\0\0\0\0}[D@\372T\332\30&\0$KV.WF_LEA"..., 334, 127992 <unfinished ...>
665112 1790837235.705741 pwrite64(23</tmp/TestLeaseAppendPressureFixedPlacement1574030781/001/node-1/jetstream/$SYS/_js_/S-R3F-q7IG3WJb/msgs/2.blk>, "\257\1\0\0\276\1\0\0\0\0\0\0;\22\310D\372T\332\30\0\0St9I6EVH\1\0"..., 431, 219132 <unfinished ...>
665120 1790837235.775704 <... pwrite64 resumed>) = 334 (DELAYED) <0.070133>
665112 1790837235.775959 <... pwrite64 resumed>) = 431 (DELAYED) <0.070202>
665112 1790837235.776320 pwrite64(23</tmp/TestLeaseAppendPressureFixedPlacement1574030781/001/node-1/jetstream/$SYS/_js_/S-R3F-q7IG3WJb/msgs/2.blk>, "N\1\0\0\277\1\0\0\0\0\0\0Q\344\374H\372T\332\30\0\0St9I6EVH\1\0"..., 334, 219563) = 334 (DELAYED) <0.070127>
665112 1790837235.846756 --- SIGURG {si_signo=SIGURG, si_code=SI_TKILL, si_pid=665088, si_uid=1000} ---
665095 1790837235.848395 pwrite64(24</tmp/TestLeaseAppendPressureFixedPlacement1574030781/001/node-1/jetstream/$G/streams/WF_JRN/msgs/1.blk>, "A\1\0\200_\2\0\0\0\0\0\0\274\200\307D\372T\332\30 \0wf.jrn.pre"..., 321, 164268 <unfinished ...>
665099 1790837235.848641 pwrite64(29</tmp/TestLeaseAppendPressureFixedPlacement1574030781/001/node-1/jetstream/$SYS/_js_/S-R3F-Cqy2Skni/msgs/1.blk>, "\25\1\0\0V\2\0\0\0\0\0\0ETLM\372T\332\30\0\0000m6vARoZ\2\0"..., 277, 199846 <unfinished ...>
665097 1790837235.916624 --- SIGURG {si_signo=SIGURG, si_code=SI_TKILL, si_pid=665088, si_uid=1000} ---
665095 1790837235.918993 <... pwrite64 resumed>) = 321 (DELAYED) <0.070444>
665099 1790837235.919084 <... pwrite64 resumed>) = 277 (DELAYED) <0.070415>
665099 1790837235.921359 pwrite64(24</tmp/TestLeaseAppendPressureFixedPlacement1574030781/001/node-1/jetstream/$G/streams/WF_JRN/msgs/1.blk>, "\340\0\0\200`\2\0\0\0\0\0\0M\260\322D\372T\332\30 \0wf.jrn.pre"..., 224, 164589 <unfinished ...>
665112 1790837235.921890 pwrite64(29</tmp/TestLeaseAppendPressureFixedPlacement1574030781/001/node-1/jetstream/$SYS/_js_/S-R3F-Cqy2Skni/msgs/1.blk>, "\25\1\0\0W\2\0\0\0\0\0\0007\2\251Q\372T\332\30\0\0000m6vARoZ\2\0"..., 277, 200123 <unfinished ...>
665097 1790837235.924117 pwrite64(30</tmp/TestLeaseAppendPressureFixedPlacement1574030781/001/node-1/jetstream/$G/streams/KV_WF_LEASE/msgs/1.blk>, "\247\0\0\200\377\2\0\0\0\0\0\0/$FM\372T\332\30&\0$KV.WF_LEA"..., 167, 128326 <unfinished ...>
665099 1790837235.991463 <... pwrite64 resumed>) = 224 (DELAYED) <0.070058>
665112 1790837235.992329 <... pwrite64 resumed>) = 277 (DELAYED) <0.070385>
665097 1790837235.994971 <... pwrite64 resumed>) = 167 (DELAYED) <0.070786>
665097 1790837235.995703 --- SIGURG {si_signo=SIGURG, si_code=SI_TKILL, si_pid=665088, si_uid=1000} ---
665097 1790837235.996014 --- SIGURG {si_signo=SIGURG, si_code=SI_TKILL, si_pid=665088, si_uid=1000} ---
665097 1790837235.996595 --- SIGURG {si_signo=SIGURG, si_code=SI_TKILL, si_pid=665088, si_uid=1000} ---
665097 1790837235.997201 --- SIGURG {si_signo=SIGURG, si_code=SI_TKILL, si_pid=665088, si_uid=1000} ---
665097 1790837235.997319 --- SIGURG {si_signo=SIGURG, si_code=SI_TKILL, si_pid=665088, si_uid=1000} ---
665095 1790837235.998688 pwrite64(30</tmp/TestLeaseAppendPressureFixedPlacement1574030781/001/node-1/jetstream/$G/streams/KV_WF_LEASE/msgs/1.blk>, "\247\0\0\200\0\3\0\0\0\0\0\0\321B\226Q\372T\332\30&\0$KV.WF_LEA"..., 167, 128493 <unfinished ...>
665138 1790837235.998945 pwrite64(23</tmp/TestLeaseAppendPressureFixedPlacement1574030781/001/node-1/jetstream/$SYS/_js_/S-R3F-q7IG3WJb/msgs/2.blk>, "\264\2\0\0\300\1\0\0\0\0\0\0\237MAV\372T\332\30\0\0St9I6EVH\1\0"..., 692, 219897 <unfinished ...>
665095 1790837236.068963 <... pwrite64 resumed>) = 167 (DELAYED) <0.070203>
665138 1790837236.069050 <... pwrite64 resumed>) = 692 (DELAYED) <0.070078>
665095 1790837236.069203 --- SIGURG {si_signo=SIGURG, si_code=SI_TKILL, si_pid=665088, si_uid=1000} ---
665120 1790837236.072457 pwrite64(29</tmp/TestLeaseAppendPressureFixedPlacement1574030781/001/node-1/jetstream/$SYS/_js_/S-R3F-Cqy2Skni/msgs/1.blk>, "\25\1\0\0X\2\0\0\0\0\0\0\215\232\243Z\372T\332\30\0\0000m6vARoZ\2\0"..., 277, 200400 <unfinished ...>
665095 1790837236.072623 pwrite64(24</tmp/TestLeaseAppendPressureFixedPlacement1574030781/001/node-1/jetstream/$G/streams/WF_JRN/msgs/1.blk>, "\340\0\0\200a\2\0\0\0\0\0\0\235\247?V\372T\332\30 \0wf.jrn.pre"..., 545, 164813 <unfinished ...>
665120 1790837236.142638 <... pwrite64 resumed>) = 277 (DELAYED) <0.070075>
665095 1790837236.143086 <... pwrite64 resumed>) = 545 (DELAYED) <0.070406>
665120 1790837236.143341 --- SIGURG {si_signo=SIGURG, si_code=SI_TKILL, si_pid=665088, si_uid=1000} ---
665095 1790837236.143574 --- SIGURG {si_signo=SIGURG, si_code=SI_TKILL, si_pid=665088, si_uid=1000} ---
665112 1790837236.143813 pwrite64(29</tmp/TestLeaseAppendPressureFixedPlacement1574030781/001/node-1/jetstream/$SYS/_js_/S-R3F-Cqy2Skni/msgs/1.blk>, "\25\1\0\0Y\2\0\0\0\0\0\0\244\370\342^\372T\332\30\0\0000m6vARoZ\2\0"..., 277, 200677 <unfinished ...>
665138 1790837236.147925 pwrite64(23</tmp/TestLeaseAppendPressureFixedPlacement1574030781/001/node-1/jetstream/$SYS/_js_/S-R3F-q7IG3WJb/msgs/2.blk>, "\257\1\0\0\301\1\0\0\0\0\0\0005\33#_\372T\332\30\0\0St9I6EVH\1\0"..., 431, 220589 <unfinished ...>
665112 1790837236.213946 <... pwrite64 resumed>) = 277 (DELAYED) <0.070090>
665112 1790837236.214121 --- SIGURG {si_signo=SIGURG, si_code=SI_TKILL, si_pid=665088, si_uid=1000} ---
665097 1790837236.215702 pwrite64(30</tmp/TestLeaseAppendPressureFixedPlacement1574030781/001/node-1/jetstream/$G/streams/KV_WF_LEASE/msgs/1.blk>, "\247\0\0\200\1\3\0\0\0\0\0\0\263D\234Z\372T\332\30&\0$KV.WF_LEA"..., 167, 128660 <unfinished ...>
665138 1790837236.218002 <... pwrite64 resumed>) = 431 (DELAYED) <0.070005>
665112 1790837236.219164 pwrite64(23</tmp/TestLeaseAppendPressureFixedPlacement1574030781/001/node-1/jetstream/$SYS/_js_/S-R3F-q7IG3WJb/msgs/2.blk>, "N\1\0\0\302\1\0\0\0\0\0\0<1bc\372T\332\30\0\0St9I6EVH\1\0"..., 334, 221020 <unfinished ...>
665099 1790837236.220558 pwrite64(24</tmp/TestLeaseAppendPressureFixedPlacement1574030781/001/node-1/jetstream/$G/streams/WF_JRN/msgs/1.blk>, "A\1\0\200c\2\0\0\0\0\0\0D\301\"_\372T\332\30 \0wf.jrn.pre"..., 321, 165358 <unfinished ...>
665095 1790837236.220715 pwrite64(29</tmp/TestLeaseAppendPressureFixedPlacement1574030781/001/node-1/jetstream/$SYS/_js_/S-R3F-Cqy2Skni/msgs/1.blk>, "\25\1\0\0Z\2\0\0\0\0\0\0T\270yc\372T\332\30\0\0000m6vARoZ\2\0"..., 277, 200954 <unfinished ...>
665138 1790837236.281451 --- SIGURG {si_signo=SIGURG, si_code=SI_TKILL, si_pid=665088, si_uid=1000} ---
665138 1790837236.281575 --- SIGURG {si_signo=SIGURG, si_code=SI_TKILL, si_pid=665088, si_uid=1000} ---
665097 1790837236.286448 <... pwrite64 resumed>) = 167 (DELAYED) <0.070625>
665099 1790837236.290651 <... pwrite64 resumed>) = 321 (DELAYED) <0.070050>
665112 1790837236.290953 <... pwrite64 resumed>) = 334 (DELAYED) <0.071742>
665099 1790837236.290990 pwrite64(30</tmp/TestLeaseAppendPressureFixedPlacement1574030781/001/node-1/jetstream/$G/streams/KV_WF_LEASE/msgs/1.blk>, "\247\0\0\200\2\3\0\0\0\0\0\0\354\222\243Z\372T\332\30&\0$KV.WF_LEA"..., 167, 128827 <unfinished ...>
665095 1790837236.291323 <... pwrite64 resumed>) = 277 (DELAYED) <0.070566>
665097 1790837236.294053 pwrite64(29</tmp/TestLeaseAppendPressureFixedPlacement1574030781/001/node-1/jetstream/$SYS/_js_/S-R3F-Cqy2Skni/msgs/1.blk>, "\25\1\0\0[\2\0\0\0\0\0\0\275\6\331g\372T\332\30\0\0000m6vARoZ\2\0"..., 277, 201231 <unfinished ...>
665121 1790837236.294112 pwrite64(24</tmp/TestLeaseAppendPressureFixedPlacement1574030781/001/node-1/jetstream/$G/streams/WF_JRN/msgs/1.blk>, "\340\0\0\200d\2\0\0\0\0\0\0\4\2bc\372T\332\30 \0wf.jrn.pre"..., 224, 165679 <unfinished ...>
665099 1790837236.361092 <... pwrite64 resumed>) = 167 (DELAYED) <0.069788>
665099 1790837236.361461 --- SIGURG {si_signo=SIGURG, si_code=SI_TKILL, si_pid=665088, si_uid=1000} ---
665095 1790837236.362863 pwrite64(30</tmp/TestLeaseAppendPressureFixedPlacement1574030781/001/node-1/jetstream/$G/streams/KV_WF_LEASE/msgs/1.blk>, "\247\0\0\200\3\3\0\0\0\0\0\0\215Lnc\372T\332\30&\0$KV.WF_LEA"..., 167, 128994 <unfinished ...>
665097 1790837236.364078 <... pwrite64 resumed>) = 277 (DELAYED) <0.069995>
665121 1790837236.364175 <... pwrite64 resumed>) = 224 (DELAYED) <0.070052>
665121 1790837236.364292 pwrite64(23</tmp/TestLeaseAppendPressureFixedPlacement1574030781/001/node-1/jetstream/$SYS/_js_/S-R3F-q7IG3WJb/msgs/2.blk>, "N\1\0\0\303\1\0\0\0\0\0\0\364\352\10l\372T\332\30\0\0St9I6EVH\1\0"..., 334, 221354 <unfinished ...>
665095 1790837236.432946 <... pwrite64 resumed>) = 167 (DELAYED) <0.070047>
665095 1790837236.434267 pwrite64(30</tmp/TestLeaseAppendPressureFixedPlacement1574030781/001/node-1/jetstream/$G/streams/KV_WF_LEASE/msgs/1.blk>, "\247\0\0\200\4\3\0\0\0\0\0\0\7I\317g\372T\332\30&\0$KV.WF_LEA"..., 167, 129161 <unfinished ...>
665121 1790837236.434390 <... pwrite64 resumed>) = 334 (DELAYED) <0.070086>
665121 1790837236.434511 pwrite64(23</tmp/TestLeaseAppendPressureFixedPlacement1574030781/001/node-1/jetstream/$SYS/_js_/S-R3F-q7IG3WJb/msgs/2.blk>, "\257\1\0\0\304\1\0\0\0\0\0\0\10l8p\372T\332\30\0\0St9I6EVH\1\0"..., 431, 221688 <unfinished ...>
665112 1790837236.474470 --- SIGURG {si_signo=SIGURG, si_code=SI_TKILL, si_pid=665088, si_uid=1000} ---
665095 1790837236.504443 <... pwrite64 resumed>) = 167 (DELAYED) <0.070133>
665121 1790837236.504582 <... pwrite64 resumed>) = 431 (DELAYED) <0.070059>
665095 1790837236.504751 --- SIGURG {si_signo=SIGURG, si_code=SI_TKILL, si_pid=665088, si_uid=1000} ---
665121 1790837236.506366 pwrite64(29</tmp/TestLeaseAppendPressureFixedPlacement1574030781/001/node-1/jetstream/$SYS/_js_/S-R3F-Cqy2Skni/msgs/1.blk>, "\25\1\0\0\\\2\0\0\0\0\0\0\24\257\177t\372T\332\30\0\0000m6vARoZ\2\0"..., 277, 201508 <unfinished ...>
665112 1790837236.509091 pwrite64(24</tmp/TestLeaseAppendPressureFixedPlacement1574030781/001/node-1/jetstream/$G/streams/WF_JRN/msgs/1.blk>, "\340\0\0\200e\2\0\0\0\0\0\0Yw\10l\372T\332\30 \0wf.jrn.pre"..., 545, 165903 <unfinished ...>
665121 1790837236.576519 <... pwrite64 resumed>) = 277 (DELAYED) <0.070098>
665095 1790837236.576991 pwrite64(29</tmp/TestLeaseAppendPressureFixedPlacement1574030781/001/node-1/jetstream/$SYS/_js_/S-R3F-Cqy2Skni/msgs/1.blk>, "\25\1\0\0]\2\0\0\0\0\0\0}Y\266x\372T\332\30\0\0000m6vARoZ\2\0"..., 277, 201785 <unfinished ...>
665121 1790837236.577037 --- SIGURG {si_signo=SIGURG, si_code=SI_TKILL, si_pid=665088, si_uid=1000} ---
665112 1790837236.579137 <... pwrite64 resumed>) = 545 (DELAYED) <0.069992>
665121 1790837236.580204 pwrite64(23</tmp/TestLeaseAppendPressureFixedPlacement1574030781/001/node-1/jetstream/$SYS/_js_/S-R3F-q7IG3WJb/msgs/2.blk>, "\257\1\0\0\305\1\0\0\0\0\0\0B\227\346x\372T\332\30\0\0St9I6EVH\1\0"..., 431, 222119 <unfinished ...>
665095 1790837236.647079 <... pwrite64 resumed>) = 277 (DELAYED) <0.070054>
665112 1790837236.649344 pwrite64(30</tmp/TestLeaseAppendPressureFixedPlacement1574030781/001/node-1/jetstream/$G/streams/KV_WF_LEASE/msgs/1.blk>, "\247\0\0\200\5\3\0\0\0\0\0\0K\r{t\372T\332\30&\0$KV.WF_LEA"..., 167, 129328 <unfinished ...>
665121 1790837236.650199 <... pwrite64 resumed>) = 431 (DELAYED) <0.069967>
665095 1790837236.650379 pwrite64(23</tmp/TestLeaseAppendPressureFixedPlacement1574030781/001/node-1/jetstream/$SYS/_js_/S-R3F-q7IG3WJb/msgs/2.blk>, "N\1\0\0\306\1\0\0\0\0\0\0\2142\26}\372T\332\30\0\0St9I6EVH\1\0"..., 334, 222550 <unfinished ...>
665112 1790837236.719504 <... pwrite64 resumed>) = 167 (DELAYED) <0.070111>
665112 1790837236.720618 --- SIGURG {si_signo=SIGURG, si_code=SI_TKILL, si_pid=665088, si_uid=1000} ---
665095 1790837236.720698 <... pwrite64 resumed>) = 334 (DELAYED) <0.070304>
665121 1790837236.722510 pwrite64(30</tmp/TestLeaseAppendPressureFixedPlacement1574030781/001/node-1/jetstream/$G/streams/KV_WF_LEASE/msgs/1.blk>, "\247\0\0\200\6\3\0\0\0\0\0\0J\207\215t\372T\332\30&\0$KV.WF_LEA"..., 167, 129495 <unfinished ...>
665099 1790837236.722867 pwrite64(24</tmp/TestLeaseAppendPressureFixedPlacement1574030781/001/node-1/jetstream/$G/streams/WF_JRN/msgs/1.blk>, "A\1\0\200g\2\0\0\0\0\0\0\351\371\345x\372T\332\30 \0wf.jrn.pre"..., 321, 166448 <unfinished ...>
665137 1790837236.723655 pwrite64(29</tmp/TestLeaseAppendPressureFixedPlacement1574030781/001/node-1/jetstream/$SYS/_js_/S-R3F-Cqy2Skni/msgs/1.blk>, "\25\1\0\0^\2\0\0\0\0\0\0<2t\201\372T\332\30\0\0000m6vARoZ\2\0"..., 277, 202062 <unfinished ...>
665121 1790837236.792664 <... pwrite64 resumed>) = 167 (DELAYED) <0.070091>
665099 1790837236.792925 <... pwrite64 resumed>) = 321 (DELAYED) <0.069688>
665099 1790837236.793675 --- SIGURG {si_signo=SIGURG, si_code=SI_TKILL, si_pid=665088, si_uid=1000} ---
665137 1790837236.793705 <... pwrite64 resumed>) = 277 (DELAYED) <0.070010>
665137 1790837236.793983 --- SIGURG {si_signo=SIGURG, si_code=SI_TKILL, si_pid=665088, si_uid=1000} ---
665095 1790837236.794426 pwrite64(29</tmp/TestLeaseAppendPressureFixedPlacement1574030781/001/node-1/jetstream/$SYS/_js_/S-R3F-Cqy2Skni/msgs/1.blk>, "\25\1\0\0_\2\0\0\0\0\0\0\351&\254\205\372T\332\30\0\0000m6vARoZ\2\0"..., 277, 202339 <unfinished ...>
665112 1790837236.794619 pwrite64(24</tmp/TestLeaseAppendPressureFixedPlacement1574030781/001/node-1/jetstream/$G/streams/WF_JRN/msgs/1.blk>, "\340\0\0\200h\2\0\0\0\0\0\0'\2\26}\372T\332\30 \0wf.jrn.pre"..., 224, 166769 <unfinished ...>
665095 1790837236.864525 <... pwrite64 resumed>) = 277 (DELAYED) <0.070066>
665112 1790837236.864661 <... pwrite64 resumed>) = 224 (DELAYED) <0.070030>
665121 1790837236.866484 pwrite64(30</tmp/TestLeaseAppendPressureFixedPlacement1574030781/001/node-1/jetstream/$G/streams/KV_WF_LEASE/msgs/1.blk>, "\247\0\0\200\7\3\0\0\0\0\0\0\304\303c\201\372T\332\30&\0$KV.WF_LEA"..., 167, 129662 <unfinished ...>
665095 1790837236.867121 --- SIGURG {si_signo=SIGURG, si_code=SI_TKILL, si_pid=665088, si_uid=1000} ---
665112 1790837236.867353 --- SIGURG {si_signo=SIGURG, si_code=SI_TKILL, si_pid=665088, si_uid=1000} ---
665099 1790837236.869662 pwrite64(23</tmp/TestLeaseAppendPressureFixedPlacement1574030781/001/node-1/jetstream/$SYS/_js_/S-R3F-q7IG3WJb/msgs/2.blk>, "N\1\0\0\307\1\0\0\0\0\0\0001\200'\212\372T\332\30\0\0St9I6EVH\1\0"..., 334, 222884 <unfinished ...>
665137 1790837236.916855 --- SIGURG {si_signo=SIGURG, si_code=SI_TKILL, si_pid=665088, si_uid=1000} ---
665121 1790837236.936760 <... pwrite64 resumed>) = 167 (DELAYED) <0.070146>
665121 1790837236.937012 --- SIGURG {si_signo=SIGURG, si_code=SI_TKILL, si_pid=665088, si_uid=1000} ---
665137 1790837236.938387 pwrite64(30</tmp/TestLeaseAppendPressureFixedPlacement1574030781/001/node-1/jetstream/$G/streams/KV_WF_LEASE/msgs/1.blk>, "\247\0\0\200\10\3\0\0\0\0\0\0GI\242\205\372T\332\30&\0$KV.WF_LEA"..., 167, 129829 <unfinished ...>
665099 1790837236.939801 <... pwrite64 resumed>) = 334 (DELAYED) <0.069996>
665099 1790837236.940057 --- SIGURG {si_signo=SIGURG, si_code=SI_TKILL, si_pid=665088, si_uid=1000} ---
665112 1790837236.940410 pwrite64(23</tmp/TestLeaseAppendPressureFixedPlacement1574030781/001/node-1/jetstream/$SYS/_js_/S-R3F-q7IG3WJb/msgs/2.blk>, "\257\1\0\0\310\1\0\0\0\0\0\0\341`_\216\372T\332\30\0\0St9I6EVH\1\0"..., 431, 223218 <unfinished ...>
665121 1790837236.942133 pwrite64(29</tmp/TestLeaseAppendPressureFixedPlacement1574030781/001/node-1/jetstream/$SYS/_js_/S-R3F-Cqy2Skni/msgs/1.blk>, "\333\0\0\0`\2\0\0\0\0\0\0\365\377y\216\372T\332\30\0\0000m6vARoZ\2\0"..., 219, 202616 <unfinished ...>
665137 1790837237.009813 <... pwrite64 resumed>) = 167 (DELAYED) <0.071382>
665137 1790837237.010037 --- SIGURG {si_signo=SIGURG, si_code=SI_TKILL, si_pid=665088, si_uid=1000} ---
665112 1790837237.010463 <... pwrite64 resumed>) = 431 (DELAYED) <0.070019>
665112 1790837237.010829 --- SIGURG {si_signo=SIGURG, si_code=SI_TKILL, si_pid=665088, si_uid=1000} ---
665121 1790837237.012351 <... pwrite64 resumed>) = 219 (DELAYED) <0.070189>
665097 1790837237.012428 pwrite64(24</tmp/TestLeaseAppendPressureFixedPlacement1574030781/001/node-1/jetstream/$G/streams/WF_JRN/msgs/1.blk>, "\340\0\0\200i\2\0\0\0\0\0\0\3312'\212\372T\332\30 \0wf.jrn.pre"..., 545, 166993 <unfinished ...>
665121 1790837237.012471 pwrite64(29</tmp/TestLeaseAppendPressureFixedPlacement1574030781/001/node-1/jetstream/$SYS/_js_/S-R3F-Cqy2Skni/msgs/1.blk>, "\341\1\0\0a\2\0\0\0\0\0\0<Y\253\222\372T\332\30\0\0000m6vARoZ\2\0"..., 481, 202835 <unfinished ...>
665097 1790837237.082544 <... pwrite64 resumed>) = 545 (DELAYED) <0.070087>
665121 1790837237.082667 <... pwrite64 resumed>) = 481 (DELAYED) <0.070189>
665121 1790837237.083019 --- SIGURG {si_signo=SIGURG, si_code=SI_TKILL, si_pid=665088, si_uid=1000} ---
665137 1790837237.085702 pwrite64(23</tmp/TestLeaseAppendPressureFixedPlacement1574030781/001/node-1/jetstream/$SYS/_js_/S-R3F-q7IG3WJb/msgs/2.blk>, "\264\2\0\0\311\1\0\0\0\0\0\0,\266\10\227\372T\332\30\0\0St9I6EVH\1\0"..., 692, 223649 <unfinished ...>
665121 1790837237.086960 pwrite64(30</tmp/TestLeaseAppendPressureFixedPlacement1574030781/001/node-1/jetstream/$G/streams/KV_WF_LEASE/msgs/1.blk>, "\223\0\0\200\t\3\0\0\0\0\0\0=\31u\216\372T\332\30'\0$KV.WF_LEA"..., 481, 129996 <unfinished ...>
665137 1790837237.155803 <... pwrite64 resumed>) = 692 (DELAYED) <0.070044>
665121 1790837237.157084 <... pwrite64 resumed>) = 481 (DELAYED) <0.070099>
665097 1790837237.161470 pwrite64(29</tmp/TestLeaseAppendPressureFixedPlacement1574030781/001/node-1/jetstream/$SYS/_js_/S-R3F-Cqy2Skni/msgs/1.blk>, "\341\1\0\0b\2\0\0\0\0\0\0\r\245\214\233\372T\332\30\0\0000m6vARoZ\2\0"..., 481, 203316 <unfinished ...>
665121 1790837237.162737 pwrite64(24</tmp/TestLeaseAppendPressureFixedPlacement1574030781/001/node-1/jetstream/$G/streams/WF_JRN/msgs/1.blk>, "\340\0\0\200k\2\0\0\0\0\0\0\21W\10\227\372T\332\30 \0wf.jrn.pre"..., 545, 167538 <unfinished ...>
665097 1790837237.231555 <... pwrite64 resumed>) = 481 (DELAYED) <0.070032>
665097 1790837237.231813 --- SIGURG {si_signo=SIGURG, si_code=SI_TKILL, si_pid=665088, si_uid=1000} ---
665121 1790837237.232934 <... pwrite64 resumed>) = 545 (DELAYED) <0.070179>
665137 1790837237.233428 pwrite64(30</tmp/TestLeaseAppendPressureFixedPlacement1574030781/001/node-1/jetstream/$G/streams/KV_WF_LEASE/msgs/1.blk>, "\247\0\0\200\f\3\0\0\0\0\0\0001\254\205\233\372T\332\30&\0$KV.WF_LEA"..., 334, 130477 <unfinished ...>
665099 1790837237.234101 pwrite64(23</tmp/TestLeaseAppendPressureFixedPlacement1574030781/001/node-1/jetstream/$SYS/_js_/S-R3F-q7IG3WJb/msgs/2.blk>, "\264\2\0\0\312\1\0\0\0\0\0\0\357\36\341\237\372T\332\30\0\0St9I6EVH\1\0"..., 692, 224341 <unfinished ...>
665121 1790837237.282222 --- SIGURG {si_signo=SIGURG, si_code=SI_TKILL, si_pid=665088, si_uid=1000} ---
665097 1790837237.282567 --- SIGURG {si_signo=SIGURG, si_code=SI_TKILL, si_pid=665088, si_uid=1000} ---
665137 1790837237.303540 <... pwrite64 resumed>) = 334 (DELAYED) <0.070073>
665099 1790837237.304190 <... pwrite64 resumed>) = 692 (DELAYED) <0.070069>
665121 1790837237.308548 pwrite64(29</tmp/TestLeaseAppendPressureFixedPlacement1574030781/001/node-1/jetstream/$SYS/_js_/S-R3F-Cqy2Skni/msgs/1.blk>, "\341\1\0\0c\2\0\0\0\0\0\0\312\365P\244\372T\332\30\0\0000m6vARoZ\2\0"..., 481, 203797 <unfinished ...>
665112 1790837237.308651 pwrite64(24</tmp/TestLeaseAppendPressureFixedPlacement1574030781/001/node-1/jetstream/$G/streams/WF_JRN/msgs/1.blk>, "\340\0\0\200m\2\0\0\0\0\0\0Oz\340\237\372T\332\30 \0wf.jrn.pre"..., 545, 168083 <unfinished ...>
665099 1790837237.376587 --- SIGURG {si_signo=SIGURG, si_code=SI_TKILL, si_pid=665088, si_uid=1000} ---
665121 1790837237.378711 <... pwrite64 resumed>) = 481 (DELAYED) <0.070102>
665112 1790837237.378771 <... pwrite64 resumed>) = 545 (DELAYED) <0.070103>
665121 1790837237.379069 --- SIGURG {si_signo=SIGURG, si_code=SI_TKILL, si_pid=665088, si_uid=1000} ---
665112 1790837237.380833 pwrite64(30</tmp/TestLeaseAppendPressureFixedPlacement1574030781/001/node-1/jetstream/$G/streams/KV_WF_LEASE/msgs/1.blk>, "\247\0\0\200\16\3\0\0\0\0\0\0}\300I\244\372T\332\30&\0$KV.WF_LEA"..., 334, 130811 <unfinished ...>
665099 1790837237.384921 pwrite64(23</tmp/TestLeaseAppendPressureFixedPlacement1574030781/001/node-1/jetstream/$SYS/_js_/S-R3F-q7IG3WJb/msgs/2.blk>, "\264\2\0\0\313\1\0\0\0\0\0\0\330B\336\250\372T\332\30\0\0St9I6EVH\1\0"..., 692, 225033 <unfinished ...>
665112 1790837237.451015 <... pwrite64 resumed>) = 334 (DELAYED) <0.068142>
665099 1790837237.455217 <... pwrite64 resumed>) = 692 (DELAYED) <0.070259>
665099 1790837237.455677 --- SIGURG {si_signo=SIGURG, si_code=SI_TKILL, si_pid=665088, si_uid=1000} ---
665112 1790837237.457945 pwrite64(29</tmp/TestLeaseAppendPressureFixedPlacement1574030781/001/node-1/jetstream/$SYS/_js_/S-R3F-Cqy2Skni/msgs/1.blk>, "\25\1\0\0d\2\0\0\0\0\0\0q\2518\255\372T\332\30\0\0000m6vARoZ\2\0"..., 277, 204278 <unfinished ...>
665099 1790837237.458002 pwrite64(24</tmp/TestLeaseAppendPressureFixedPlacement1574030781/001/node-1/jetstream/$G/streams/WF_JRN/msgs/1.blk>, "A\1\0\200o\2\0\0\0\0\0\0\205b\335\250\372T\332\30 \0wf.jrn.pre"..., 545, 168628 <unfinished ...>
665112 1790837237.528184 <... pwrite64 resumed>) = 277 (DELAYED) <0.070184>
665099 1790837237.528255 <... pwrite64 resumed>) = 545 (DELAYED) <0.070242>
665095 1790837237.528589 pwrite64(29</tmp/TestLeaseAppendPressureFixedPlacement1574030781/001/node-1/jetstream/$SYS/_js_/S-R3F-Cqy2Skni/msgs/1.blk>, "\25\1\0\0e\2\0\0\0\0\0\0\320pm\261\372T\332\30\0\0000m6vARoZ\2\0"..., 277, 204555 <unfinished ...>
665112 1790837237.529306 --- SIGURG {si_signo=SIGURG, si_code=SI_TKILL, si_pid=665088, si_uid=1000} ---
665112 1790837237.532182 pwrite64(23</tmp/TestLeaseAppendPressureFixedPlacement1574030781/001/node-1/jetstream/$SYS/_js_/S-R3F-q7IG3WJb/msgs/2.blk>, "N\1\0\0\314\1\0\0\0\0\0\0\343U\245\261\372T\332\30\0\0St9I6EVH\1\0"..., 334, 225725 <unfinished ...>
665095 1790837237.598750 <... pwrite64 resumed>) = 277 (DELAYED) <0.069758>
665095 1790837237.599248 --- SIGURG {si_signo=SIGURG, si_code=SI_TKILL, si_pid=665088, si_uid=1000} ---
665121 1790837237.601660 pwrite64(30</tmp/TestLeaseAppendPressureFixedPlacement1574030781/001/node-1/jetstream/$G/streams/KV_WF_LEASE/msgs/1.blk>, "\247\0\0\200\20\3\0\0\0\0\0\0\207\0044\255\372T\332\30&\0$KV.WF_LEA"..., 334, 131145 <unfinished ...>
665112 1790837237.602233 <... pwrite64 resumed>) = 334 (DELAYED) <0.069998>
665112 1790837237.602381 pwrite64(23</tmp/TestLeaseAppendPressureFixedPlacement1574030781/001/node-1/jetstream/$SYS/_js_/S-R3F-q7IG3WJb/msgs/2.blk>, "\257\1\0\0\315\1\0\0\0\0\0\0\225\242\324\265\372T\332\30\0\0St9I6EVH\1\0"..., 431, 226059 <unfinished ...>
665121 1790837237.671828 <... pwrite64 resumed>) = 334 (DELAYED) <0.070125>
665112 1790837237.673817 <... pwrite64 resumed>) = 431 (DELAYED) <0.071417>
665112 1790837237.674533 --- SIGURG {si_signo=SIGURG, si_code=SI_TKILL, si_pid=665088, si_uid=1000} ---
665121 1790837237.676158 pwrite64(29</tmp/TestLeaseAppendPressureFixedPlacement1574030781/001/node-1/jetstream/$SYS/_js_/S-R3F-Cqy2Skni/msgs/1.blk>, "\25\1\0\0f\2\0\0\0\0\0\0005\35:\272\372T\332\30\0\0000m6vARoZ\2\0"..., 277, 204832 <unfinished ...>
665099 1790837237.678749 pwrite64(24</tmp/TestLeaseAppendPressureFixedPlacement1574030781/001/node-1/jetstream/$G/streams/WF_JRN/msgs/1.blk>, "\340\0\0\200q\2\0\0\0\0\0\0\3413\244\261\372T\332\30 \0wf.jrn.pre"..., 545, 169173 <unfinished ...>
665121 1790837237.746248 <... pwrite64 resumed>) = 277 (DELAYED) <0.070012>
665121 1790837237.746778 --- SIGURG {si_signo=SIGURG, si_code=SI_TKILL, si_pid=665088, si_uid=1000} ---
665112 1790837237.746847 pwrite64(29</tmp/TestLeaseAppendPressureFixedPlacement1574030781/001/node-1/jetstream/$SYS/_js_/S-R3F-Cqy2Skni/msgs/1.blk>, "\25\1\0\0g\2\0\0\0\0\0\0}\355p\276\372T\332\30\0\0000m6vARoZ\2\0"..., 277, 205109 <unfinished ...>
665099 1790837237.748843 <... pwrite64 resumed>) = 545 (DELAYED) <0.070061>
665121 1790837237.749576 pwrite64(23</tmp/TestLeaseAppendPressureFixedPlacement1574030781/001/node-1/jetstream/$SYS/_js_/S-R3F-q7IG3WJb/msgs/2.blk>, "\257\1\0\0\316\1\0\0\0\0\0\0\247\265\232\276\372T\332\30\0\0St9I6EVH\1\0"..., 431, 226490 <unfinished ...>
665112 1790837237.817012 <... pwrite64 resumed>) = 277 (DELAYED) <0.070130>
665112 1790837237.817263 --- SIGURG {si_signo=SIGURG, si_code=SI_TKILL, si_pid=665088, si_uid=1000} ---
665121 1790837237.819605 <... pwrite64 resumed>) = 431 (DELAYED) <0.070009>
665137 1790837237.819714 pwrite64(30</tmp/TestLeaseAppendPressureFixedPlacement1574030781/001/node-1/jetstream/$G/streams/KV_WF_LEASE/msgs/1.blk>, "\247\0\0\200\22\3\0\0\0\0\0\0\32\0013\272\372T\332\30&\0$KV.WF_LEA"..., 167, 131479 <unfinished ...>
665121 1790837237.822516 pwrite64(29</tmp/TestLeaseAppendPressureFixedPlacement1574030781/001/node-1/jetstream/$SYS/_js_/S-R3F-Cqy2Skni/msgs/1.blk>, "\25\1\0\0h\2\0\0\0\0\0\0t\262\363\302\372T\332\30\0\0000m6vARoZ\2\0"..., 277, 205386 <unfinished ...>
665095 1790837237.822560 pwrite64(24</tmp/TestLeaseAppendPressureFixedPlacement1574030781/001/node-1/jetstream/$G/streams/WF_JRN/msgs/1.blk>, "A\1\0\200s\2\0\0\0\0\0\0<x\232\276\372T\332\30 \0wf.jrn.pre"..., 321, 169718 <unfinished ...>
665137 1790837237.889793 <... pwrite64 resumed>) = 167 (DELAYED) <0.070027>
665137 1790837237.889985 --- SIGURG {si_signo=SIGURG, si_code=SI_TKILL, si_pid=665088, si_uid=1000} ---
665099 1790837237.891861 pwrite64(30</tmp/TestLeaseAppendPressureFixedPlacement1574030781/001/node-1/jetstream/$G/streams/KV_WF_LEASE/msgs/1.blk>, "\247\0\0\200\23\3\0\0\0\0\0\0 w;\272\372T\332\30&\0$KV.WF_LEA"..., 167, 131646 <unfinished ...>
665121 1790837237.892537 <... pwrite64 resumed>) = 277 (DELAYED) <0.069990>
665095 1790837237.892586 <... pwrite64 resumed>) = 321 (DELAYED) <0.070016>
665121 1790837237.894070 pwrite64(23</tmp/TestLeaseAppendPressureFixedPlacement1574030781/001/node-1/jetstream/$SYS/_js_/S-R3F-q7IG3WJb/msgs/2.blk>, "N\1\0\0\317\1\0\0\0\0\0\0\245\2167\307\372T\332\30\0\0St9I6EVH\1\0"..., 334, 226921 <unfinished ...>
665112 1790837237.915429 --- SIGURG {si_signo=SIGURG, si_code=SI_TKILL, si_pid=665088, si_uid=1000} ---
665099 1790837237.961919 <... pwrite64 resumed>) = 167 (DELAYED) <0.070028>
665099 1790837237.962060 --- SIGURG {si_signo=SIGURG, si_code=SI_TKILL, si_pid=665088, si_uid=1000} ---
665112 1790837237.963244 pwrite64(30</tmp/TestLeaseAppendPressureFixedPlacement1574030781/001/node-1/jetstream/$G/streams/KV_WF_LEASE/msgs/1.blk>, "\247\0\0\200\24\3\0\0\0\0\0\0[\301\360\302\372T\332\30&\0$KV.WF_LEA"..., 167, 131813 <unfinished ...>
665121 1790837237.964088 <... pwrite64 resumed>) = 334 (DELAYED) <0.070001>
665121 1790837237.964149 --- SIGURG {si_signo=SIGURG, si_code=SI_TKILL, si_pid=665088, si_uid=1000} ---
665121 1790837237.964218 pwrite64(23</tmp/TestLeaseAppendPressureFixedPlacement1574030781/001/node-1/jetstream/$SYS/_js_/S-R3F-q7IG3WJb/msgs/2.blk>, "N\1\0\0\320\1\0\0\0\0\0\0\347\370e\313\372T\332\30\0\0St9I6EVH\1\0"..., 334, 227255 <unfinished ...>
665112 1790837238.033361 <... pwrite64 resumed>) = 167 (DELAYED) <0.070082>
665121 1790837238.034376 <... pwrite64 resumed>) = 334 (DELAYED) <0.070044>
665121 1790837238.036204 --- SIGURG {si_signo=SIGURG, si_code=SI_TKILL, si_pid=665088, si_uid=1000} ---
665112 1790837238.036409 --- SIGURG {si_signo=SIGURG, si_code=SI_TKILL, si_pid=665088, si_uid=1000} ---
665095 1790837238.038356 pwrite64(29</tmp/TestLeaseAppendPressureFixedPlacement1574030781/001/node-1/jetstream/$SYS/_js_/S-R3F-Cqy2Skni/msgs/1.blk>, "\341\1\0\0i\2\0\0\0\0\0\0\362\367\320\317\372T\332\30\0\0000m6vARoZ\2\0"..., 481, 205663 <unfinished ...>
665121 1790837238.041017 pwrite64(24</tmp/TestLeaseAppendPressureFixedPlacement1574030781/001/node-1/jetstream/$G/streams/WF_JRN/msgs/1.blk>, "\340\0\0\200t\2\0\0\0\0\0\0\265d7\307\372T\332\30 \0wf.jrn.pre"..., 448, 170039 <unfinished ...>
665095 1790837238.108449 <... pwrite64 resumed>) = 481 (DELAYED) <0.070058>
665095 1790837238.108740 --- SIGURG {si_signo=SIGURG, si_code=SI_TKILL, si_pid=665088, si_uid=1000} ---
665121 1790837238.111082 <... pwrite64 resumed>) = 448 (DELAYED) <0.070042>
665121 1790837238.111182 pwrite64(30</tmp/TestLeaseAppendPressureFixedPlacement1574030781/001/node-1/jetstream/$G/streams/KV_WF_LEASE/msgs/1.blk>, "\247\0\0\200\25\3\0\0\0\0\0\0\251a\311\317\372T\332\30&\0$KV.WF_LEA"..., 334, 131980 <unfinished ...>
665095 1790837238.113229 pwrite64(23</tmp/TestLeaseAppendPressureFixedPlacement1574030781/001/node-1/jetstream/$SYS/_js_/S-R3F-q7IG3WJb/msgs/2.blk>, "\25\3\0\0\321\1\0\0\0\0\0\0\274\200G\324\372T\332\30\0\0St9I6EVH\1\0"..., 789, 227589 <unfinished ...>
665121 1790837238.181323 <... pwrite64 resumed>) = 334 (DELAYED) <0.070088>
665095 1790837238.183342 <... pwrite64 resumed>) = 789 (DELAYED) <0.070082>
665095 1790837238.183743 --- SIGURG {si_signo=SIGURG, si_code=SI_TKILL, si_pid=665088, si_uid=1000} ---
665121 1790837238.186714 pwrite64(29</tmp/TestLeaseAppendPressureFixedPlacement1574030781/001/node-1/jetstream/$SYS/_js_/S-R3F-Cqy2Skni/msgs/1.blk>, "\341\1\0\0j\2\0\0\0\0\0\0\27b\247\330\372T\332\30\0\0000m6vARoZ\2\0"..., 481, 206144 <unfinished ...>
665095 1790837238.186911 pwrite64(24</tmp/TestLeaseAppendPressureFixedPlacement1574030781/001/node-1/jetstream/$G/streams/WF_JRN/msgs/1.blk>, "A\1\0\200v\2\0\0\0\0\0\0\346\26F\324\372T\332\30 \0wf.jrn.pre"..., 642, 170487 <unfinished ...>
665121 1790837238.256859 <... pwrite64 resumed>) = 481 (DELAYED) <0.070027>
665095 1790837238.257009 <... pwrite64 resumed>) = 642 (DELAYED) <0.070074>
665121 1790837238.257410 --- SIGURG {si_signo=SIGURG, si_code=SI_TKILL, si_pid=665088, si_uid=1000} ---
665137 1790837238.262647 pwrite64(30</tmp/TestLeaseAppendPressureFixedPlacement1574030781/001/node-1/jetstream/$G/streams/KV_WF_LEASE/msgs/1.blk>, "\247\0\0\200\27\3\0\0\0\0\0\0%\313\242\330\372T\332\30&\0$KV.WF_LEA"..., 334, 132314 <unfinished ...>
665112 1790837238.263069 pwrite64(23</tmp/TestLeaseAppendPressureFixedPlacement1574030781/001/node-1/jetstream/$SYS/_js_/S-R3F-q7IG3WJb/msgs/2.blk>, "S\2\0\0\322\1\0\0\0\0\0\0\201\f6\335\372T\332\30\0\0St9I6EVH\1\0"..., 595, 228378 <unfinished ...>
665137 1790837238.332829 <... pwrite64 resumed>) = 334 (DELAYED) <0.070134>
665112 1790837238.333139 <... pwrite64 resumed>) = 595 (DELAYED) <0.070056>
665112 1790837238.333295 --- SIGURG {si_signo=SIGURG, si_code=SI_TKILL, si_pid=665088, si_uid=1000} ---
665099 1790837238.336379 pwrite64(29</tmp/TestLeaseAppendPressureFixedPlacement1574030781/001/node-1/jetstream/$SYS/_js_/S-R3F-Cqy2Skni/msgs/1.blk>, "\341\1\0\0k\2\0\0\0\0\0\0\212W\224\341\372T\332\30\0\0000m6vARoZ\2\0"..., 481, 206625 <unfinished ...>
665097 1790837238.336517 pwrite64(24</tmp/TestLeaseAppendPressureFixedPlacement1574030781/001/node-1/jetstream/$G/streams/WF_JRN/msgs/1.blk>, "\340\0\0\200x\2\0\0\0\0\0\0\267\3155\335\372T\332\30 \0wf.jrn.pre"..., 448, 171129 <unfinished ...>
665137 1790837238.377291 --- SIGURG {si_signo=SIGURG, si_code=SI_TKILL, si_pid=665088, si_uid=1000} ---
665099 1790837238.408880 <... pwrite64 resumed>) = 481 (DELAYED) <0.072436>
665097 1790837238.408930 <... pwrite64 resumed>) = 448 (DELAYED) <0.072390>
665099 1790837238.413227 --- SIGURG {si_signo=SIGURG, si_code=SI_TKILL, si_pid=665088, si_uid=1000} ---
665097 1790837238.415181 pwrite64(23</tmp/TestLeaseAppendPressureFixedPlacement1574030781/001/node-1/jetstream/$SYS/_js_/S-R3F-q7IG3WJb/msgs/2.blk>, "\25\3\0\0\323\1\0\0\0\0\0\0\315\311F\346\372T\332\30\0\0St9I6EVH\1\0"..., 789, 228973 <unfinished ...>
665099 1790837238.415266 pwrite64(30</tmp/TestLeaseAppendPressureFixedPlacement1574030781/001/node-1/jetstream/$G/streams/KV_WF_LEASE/msgs/1.blk>, "\247\0\0\200\31\3\0\0\0\0\0\0ok\215\341\372T\332\30&\0$KV.WF_LEA"..., 334, 132648 <unfinished ...>
665097 1790837238.485311 <... pwrite64 resumed>) = 789 (DELAYED) <0.070091>
665099 1790837238.485373 <... pwrite64 resumed>) = 334 (DELAYED) <0.070095>
665095 1790837238.487507 pwrite64(24</tmp/TestLeaseAppendPressureFixedPlacement1574030781/001/node-1/jetstream/$G/streams/WF_JRN/msgs/1.blk>, "A\1\0\200z\2\0\0\0\0\0\0D\212F\346\372T\332\30 \0wf.jrn.pre"..., 642, 171577 <unfinished ...>
665099 1790837238.487578 pwrite64(29</tmp/TestLeaseAppendPressureFixedPlacement1574030781/001/node-1/jetstream/$SYS/_js_/S-R3F-Cqy2Skni/msgs/1.blk>, "\341\1\0\0l\2\0\0\0\0\0\0\226\247\227\352\372T\332\30\0\0000m6vARoZ\2\0"..., 481, 207106 <unfinished ...>
665095 1790837238.557595 <... pwrite64 resumed>) = 642 (DELAYED) <0.070047>
665099 1790837238.557640 <... pwrite64 resumed>) = 481 (DELAYED) <0.070050>
665099 1790837238.559871 pwrite64(30</tmp/TestLeaseAppendPressureFixedPlacement1574030781/001/node-1/jetstream/$G/streams/KV_WF_LEASE/msgs/1.blk>, "\247\0\0\200\33\3\0\0\0\0\0\0\323\2\220\352\372T\332\30&\0$KV.WF_LEA"..., 334, 132982 <unfinished ...>
665095 1790837238.560649 pwrite64(23</tmp/TestLeaseAppendPressureFixedPlacement1574030781/001/node-1/jetstream/$SYS/_js_/S-R3F-q7IG3WJb/msgs/2.blk>, "S\2\0\0\324\1\0\0\0\0\0\0\334\236\362\356\372T\332\30\0\0St9I6EVH\1\0"..., 595, 229762 <unfinished ...>
665099 1790837238.630348 <... pwrite64 resumed>) = 334 (DELAYED) <0.069979>
665095 1790837238.630840 <... pwrite64 resumed>) = 595 (DELAYED) <0.070174>
665095 1790837238.631225 --- SIGURG {si_signo=SIGURG, si_code=SI_TKILL, si_pid=665088, si_uid=1000} ---
665095 1790837238.631477 --- SIGURG {si_signo=SIGURG, si_code=SI_TKILL, si_pid=665088, si_uid=1000} ---
665099 1790837238.633352 pwrite64(29</tmp/TestLeaseAppendPressureFixedPlacement1574030781/001/node-1/jetstream/$SYS/_js_/S-R3F-Cqy2Skni/msgs/1.blk>, "\25\1\0\0m\2\0\0\0\0\0\0\n\25H\363\372T\332\30\0\0000m6vARoZ\2\0"..., 277, 207587 <unfinished ...>
665097 1790837238.634691 pwrite64(24</tmp/TestLeaseAppendPressureFixedPlacement1574030781/001/node-1/jetstream/$G/streams/WF_JRN/msgs/1.blk>, "\340\0\0\200|\2\0\0\0\0\0\0<*\362\356\372T\332\30 \0wf.jrn.pre"..., 448, 172219 <unfinished ...>
665099 1790837238.703468 <... pwrite64 resumed>) = 277 (DELAYED) <0.070071>
665099 1790837238.703673 pwrite64(29</tmp/TestLeaseAppendPressureFixedPlacement1574030781/001/node-1/jetstream/$SYS/_js_/S-R3F-Cqy2Skni/msgs/1.blk>, "\25\1\0\0n\2\0\0\0\0\0\0\230\312x\367\372T\332\30\0\0000m6vARoZ\2\0"..., 277, 207864 <unfinished ...>
665097 1790837238.704744 <... pwrite64 resumed>) = 448 (DELAYED) <0.070039>
665121 1790837238.705774 pwrite64(23</tmp/TestLeaseAppendPressureFixedPlacement1574030781/001/node-1/jetstream/$SYS/_js_/S-R3F-q7IG3WJb/msgs/2.blk>, "\257\1\0\0\325\1\0\0\0\0\0\0-\23\231\367\372T\332\30\0\0St9I6EVH\1\0"..., 431, 230357 <unfinished ...>
665099 1790837238.773788 <... pwrite64 resumed>) = 277 (DELAYED) <0.070074>
665099 1790837238.774018 --- SIGURG {si_signo=SIGURG, si_code=SI_TKILL, si_pid=665088, si_uid=1000} ---
665095 1790837238.775949 pwrite64(30</tmp/TestLeaseAppendPressureFixedPlacement1574030781/001/node-1/jetstream/$G/streams/KV_WF_LEASE/msgs/1.blk>, "\247\0\0\200\35\3\0\0\0\0\0\0\3\212E\363\372T\332\30&\0$KV.WF_LEA"..., 167, 133316 <unfinished ...>
665121 1790837238.776271 <... pwrite64 resumed>) = 431 (DELAYED) <0.070476>
665137 1790837238.777930 pwrite64(29</tmp/TestLeaseAppendPressureFixedPlacement1574030781/001/node-1/jetstream/$SYS/_js_/S-R3F-Cqy2Skni/msgs/1.blk>, "\25\1\0\0o\2\0\0\0\0\0\0+\25\346\373\372T\332\30\0\0000m6vARoZ\2\0"..., 277, 208141 <unfinished ...>
665097 1790837238.778382 pwrite64(24</tmp/TestLeaseAppendPressureFixedPlacement1574030781/001/node-1/jetstream/$G/streams/WF_JRN/msgs/1.blk>, "A\1\0\200~\2\0\0\0\0\0\0\233\344\227\367\372T\332\30 \0wf.jrn.pre"..., 321, 172667 <unfinished ...>
665095 1790837238.846311 <... pwrite64 resumed>) = 167 (DELAYED) <0.070290>
665095 1790837238.846632 --- SIGURG {si_signo=SIGURG, si_code=SI_TKILL, si_pid=665088, si_uid=1000} ---
665137 1790837238.847984 <... pwrite64 resumed>) = 277 (DELAYED) <0.070013>
665099 1790837238.848309 pwrite64(30</tmp/TestLeaseAppendPressureFixedPlacement1574030781/001/node-1/jetstream/$G/streams/KV_WF_LEASE/msgs/1.blk>, "\247\0\0\200\36\3\0\0\0\0\0\0\323\216H\363\372T\332\30&\0$KV.WF_LEA"..., 167, 133483 <unfinished ...>
665097 1790837238.848479 <... pwrite64 resumed>) = 321 (DELAYED) <0.070081>
665097 1790837238.848839 pwrite64(23</tmp/TestLeaseAppendPressureFixedPlacement1574030781/001/node-1/jetstream/$SYS/_js_/S-R3F-q7IG3WJb/msgs/2.blk>, "\257\1\0\0\326\1\0\0\0\0\0\0\241\324\37\0\373T\332\30\0\0St9I6EVH\1\0"..., 431, 230788 <unfinished ...>
665099 1790837238.918759 <... pwrite64 resumed>) = 167 (DELAYED) <0.070399>
665097 1790837238.918996 <... pwrite64 resumed>) = 431 (DELAYED) <0.070134>
665097 1790837238.919071 --- SIGURG {si_signo=SIGURG, si_code=SI_TKILL, si_pid=665088, si_uid=1000} ---
665097 1790837238.919353 pwrite64(23</tmp/TestLeaseAppendPressureFixedPlacement1574030781/001/node-1/jetstream/$SYS/_js_/S-R3F-q7IG3WJb/msgs/2.blk>, "N\1\0\0\327\1\0\0\0\0\0\0\30\320S\4\373T\332\30\0\0St9I6EVH\1\0"..., 334, 231219 <unfinished ...>
665137 1790837238.920986 pwrite64(30</tmp/TestLeaseAppendPressureFixedPlacement1574030781/001/node-1/jetstream/$G/streams/KV_WF_LEASE/msgs/1.blk>, "\247\0\0\200\37\3\0\0\0\0\0\0\303\16\341\373\372T\332\30&\0$KV.WF_LEA"..., 167, 133650 <unfinished ...>
665095 1790837238.960192 --- SIGURG {si_signo=SIGURG, si_code=SI_TKILL, si_pid=665088, si_uid=1000} ---
665097 1790837238.989460 <... pwrite64 resumed>) = 334 (DELAYED) <0.070048>
665097 1790837238.989603 --- SIGURG {si_signo=SIGURG, si_code=SI_TKILL, si_pid=665088, si_uid=1000} ---
665121 1790837238.990965 pwrite64(29</tmp/TestLeaseAppendPressureFixedPlacement1574030781/001/node-1/jetstream/$SYS/_js_/S-R3F-Cqy2Skni/msgs/1.blk>, "\25\1\0\0p\2\0\0\0\0\0\0\205\264\230\10\373T\332\30\0\0000m6vARoZ\2\0"..., 277, 208418 <unfinished ...>
665137 1790837238.991044 <... pwrite64 resumed>) = 167 (DELAYED) <0.070031>
665137 1790837238.994379 pwrite64(24</tmp/TestLeaseAppendPressureFixedPlacement1574030781/001/node-1/jetstream/$G/streams/WF_JRN/msgs/1.blk>, "A\1\0\200\177\2\0\0\0\0\0\0\256\245\34\0\373T\332\30 \0wf.jrn.pre"..., 545, 172988 <unfinished ...>
665121 1790837239.061047 <... pwrite64 resumed>) = 277 (DELAYED) <0.070028>
665121 1790837239.061192 --- SIGURG {si_signo=SIGURG, si_code=SI_TKILL, si_pid=665088, si_uid=1000} ---
665121 1790837239.061311 pwrite64(29</tmp/TestLeaseAppendPressureFixedPlacement1574030781/001/node-1/jetstream/$SYS/_js_/S-R3F-Cqy2Skni/msgs/1.blk>, "\25\1\0\0q\2\0\0\0\0\0\0}\353\311\f\373T\332\30\0\0000m6vARoZ\2\0"..., 277, 208695 <unfinished ...>
665137 1790837239.064769 <... pwrite64 resumed>) = 545 (DELAYED) <0.070358>
665099 1790837239.066471 pwrite64(23</tmp/TestLeaseAppendPressureFixedPlacement1574030781/001/node-1/jetstream/$SYS/_js_/S-R3F-q7IG3WJb/msgs/2.blk>, "N\1\0\0\330\1\0\0\0\0\0\0\360\343\30\r\373T\332\30\0\0St9I6EVH\1\0"..., 334, 231553 <unfinished ...>
665121 1790837239.131468 <... pwrite64 resumed>) = 277 (DELAYED) <0.070125>
665121 1790837239.131618 --- SIGURG {si_signo=SIGURG, si_code=SI_TKILL, si_pid=665088, si_uid=1000} ---
665137 1790837239.133465 pwrite64(30</tmp/TestLeaseAppendPressureFixedPlacement1574030781/001/node-1/jetstream/$G/streams/KV_WF_LEASE/msgs/1.blk>, "\247\0\0\200 \3\0\0\0\0\0\0\211j\225\10\373T\332\30&\0$KV.WF_LEA"..., 167, 133817 <unfinished ...>
665099 1790837239.136507 <... pwrite64 resumed>) = 334 (DELAYED) <0.070009>
665099 1790837239.136591 pwrite64(23</tmp/TestLeaseAppendPressureFixedPlacement1574030781/001/node-1/jetstream/$SYS/_js_/S-R3F-q7IG3WJb/msgs/2.blk>, "\257\1\0\0\331\1\0\0\0\0\0\0007\342F\21\373T\332\30\0\0St9I6EVH\1\0"..., 431, 231887 <unfinished ...>
665137 1790837239.203659 <... pwrite64 resumed>) = 167 (DELAYED) <0.070144>
665137 1790837239.203909 --- SIGURG {si_signo=SIGURG, si_code=SI_TKILL, si_pid=665088, si_uid=1000} ---
665121 1790837239.205364 pwrite64(30</tmp/TestLeaseAppendPressureFixedPlacement1574030781/001/node-1/jetstream/$G/streams/KV_WF_LEASE/msgs/1.blk>, "\247\0\0\200!\3\0\0\0\0\0\0{\26\231\10\373T\332\30&\0$KV.WF_LEA"..., 167, 133984 <unfinished ...>
665099 1790837239.206891 <... pwrite64 resumed>) = 431 (DELAYED) <0.070283>
665099 1790837239.206979 --- SIGURG {si_signo=SIGURG, si_code=SI_TKILL, si_pid=665088, si_uid=1000} ---
665095 1790837239.208201 pwrite64(29</tmp/TestLeaseAppendPressureFixedPlacement1574030781/001/node-1/jetstream/$SYS/_js_/S-R3F-Cqy2Skni/msgs/1.blk>, "\25\1\0\0r\2\0\0\0\0\0\0\33\220\213\25\373T\332\30\0\0000m6vARoZ\2\0"..., 277, 208972 <unfinished ...>
665097 1790837239.211361 pwrite64(24</tmp/TestLeaseAppendPressureFixedPlacement1574030781/001/node-1/jetstream/$G/streams/WF_JRN/msgs/1.blk>, "\340\0\0\200\201\2\0\0\0\0\0\0\260\240\30\r\373T\332\30 \0wf.jrn.pre"..., 545, 173533 <unfinished ...>
665121 1790837239.275569 <... pwrite64 resumed>) = 167 (DELAYED) <0.070158>
665121 1790837239.275949 --- SIGURG {si_signo=SIGURG, si_code=SI_TKILL, si_pid=665088, si_uid=1000} ---
665121 1790837239.276169 --- SIGURG {si_signo=SIGURG, si_code=SI_TKILL, si_pid=665088, si_uid=1000} ---
665095 1790837239.278336 <... pwrite64 resumed>) = 277 (DELAYED) <0.070109>
665095 1790837239.278459 --- SIGURG {si_signo=SIGURG, si_code=SI_TKILL, si_pid=665088, si_uid=1000} ---
665095 1790837239.278629 pwrite64(29</tmp/TestLeaseAppendPressureFixedPlacement1574030781/001/node-1/jetstream/$SYS/_js_/S-R3F-Cqy2Skni/msgs/1.blk>, "\25\1\0\0s\2\0\0\0\0\0\0\f\351\275\31\373T\332\30\0\0000m6vARoZ\2\0"..., 277, 209249 <unfinished ...>
665097 1790837239.281435 <... pwrite64 resumed>) = 545 (DELAYED) <0.070041>
665137 1790837239.284218 pwrite64(23</tmp/TestLeaseAppendPressureFixedPlacement1574030781/001/node-1/jetstream/$SYS/_js_/S-R3F-q7IG3WJb/msgs/2.blk>, "\257\1\0\0\332\1\0\0\0\0\0\0\360O\23\32\373T\332\30\0\0St9I6EVH\1\0"..., 431, 232318 <unfinished ...>
665095 1790837239.348773 <... pwrite64 resumed>) = 277 (DELAYED) <0.070083>
665095 1790837239.348929 --- SIGURG {si_signo=SIGURG, si_code=SI_TKILL, si_pid=665088, si_uid=1000} ---
665097 1790837239.351039 pwrite64(30</tmp/TestLeaseAppendPressureFixedPlacement1574030781/001/node-1/jetstream/$G/streams/KV_WF_LEASE/msgs/1.blk>, "\247\0\0\200\"\3\0\0\0\0\0\0\367\346\206\25\373T\332\30&\0$KV.WF_LEA"..., 167, 134151 <unfinished ...>
665137 1790837239.354555 <... pwrite64 resumed>) = 431 (DELAYED) <0.070270>
665137 1790837239.355108 --- SIGURG {si_signo=SIGURG, si_code=SI_TKILL, si_pid=665088, si_uid=1000} ---
665099 1790837239.355370 pwrite64(23</tmp/TestLeaseAppendPressureFixedPlacement1574030781/001/node-1/jetstream/$SYS/_js_/S-R3F-q7IG3WJb/msgs/2.blk>, "N\1\0\0\333\1\0\0\0\0\0\0\331\375P\36\373T\332\30\0\0St9I6EVH\1\0"..., 334, 232749 <unfinished ...>
665137 1790837239.415949 --- SIGURG {si_signo=SIGURG, si_code=SI_TKILL, si_pid=665088, si_uid=1000} ---
665112 1790837239.416224 --- SIGURG {si_signo=SIGURG, si_code=SI_TKILL, si_pid=665088, si_uid=1000} ---
665097 1790837239.421154 <... pwrite64 resumed>) = 167 (DELAYED) <0.070080>
665095 1790837239.422678 pwrite64(30</tmp/TestLeaseAppendPressureFixedPlacement1574030781/001/node-1/jetstream/$G/streams/KV_WF_LEASE/msgs/1.blk>, "\247\0\0\200#\3\0\0\0\0\0\0\362\330\226\25\373T\332\30&\0$KV.WF_LEA"..., 167, 134318 <unfinished ...>
665099 1790837239.425425 <... pwrite64 resumed>) = 334 (DELAYED) <0.070024>
665112 1790837239.426936 pwrite64(29</tmp/TestLeaseAppendPressureFixedPlacement1574030781/001/node-1/jetstream/$SYS/_js_/S-R3F-Cqy2Skni/msgs/1.blk>, "\341\1\0\0t\2\0\0\0\0\0\0\243*\225\"\373T\332\30\0\0000m6vARoZ\2\0"..., 481, 209526 <unfinished ...>
665097 1790837239.430049 pwrite64(24</tmp/TestLeaseAppendPressureFixedPlacement1574030781/001/node-1/jetstream/$G/streams/WF_JRN/msgs/1.blk>, "A\1\0\200\203\2\0\0\0\0\0\0P\304\22\32\373T\332\30 \0wf.jrn.pre"..., 545, 174078 <unfinished ...>
665095 1790837239.493184 <... pwrite64 resumed>) = 167 (DELAYED) <0.070381>
665095 1790837239.496816 --- SIGURG {si_signo=SIGURG, si_code=SI_TKILL, si_pid=665088, si_uid=1000} ---
665112 1790837239.497576 <... pwrite64 resumed>) = 481 (DELAYED) <0.070484>
665097 1790837239.500182 <... pwrite64 resumed>) = 545 (DELAYED) <0.070113>
665099 1790837239.502370 pwrite64(30</tmp/TestLeaseAppendPressureFixedPlacement1574030781/001/node-1/jetstream/$G/streams/KV_WF_LEASE/msgs/1.blk>, "\247\0\0\200$\3\0\0\0\0\0\0\246+\217\"\373T\332\30&\0$KV.WF_LEA"..., 334, 134485 <unfinished ...>
665112 1790837239.505126 pwrite64(23</tmp/TestLeaseAppendPressureFixedPlacement1574030781/001/node-1/jetstream/$SYS/_js_/S-R3F-q7IG3WJb/msgs/2.blk>, "\257\1\0\0\334\1\0\0\0\0\0\0xV\31'\373T\332\30\0\0St9I6EVH\1\0"..., 431, 233083 <unfinished ...>
665099 1790837239.572500 <... pwrite64 resumed>) = 334 (DELAYED) <0.070085>
665112 1790837239.572789 <... pwrite64 resumed>) = 431 (DELAYED) <0.065891>
665099 1790837239.572937 pwrite64(23</tmp/TestLeaseAppendPressureFixedPlacement1574030781/001/node-1/jetstream/$SYS/_js_/S-R3F-q7IG3WJb/msgs/2.blk>, "N\1\0\0\335\1\0\0\0\0\0\0\375\241H+\373T\332\30\0\0St9I6EVH\1\0"..., 334, 233514 <unfinished ...>
665112 1790837239.573178 --- SIGURG {si_signo=SIGURG, si_code=SI_TKILL, si_pid=665088, si_uid=1000} ---
665099 1790837239.643000 <... pwrite64 resumed>) = 334 (DELAYED) <0.070041>
665099 1790837239.643176 --- SIGURG {si_signo=SIGURG, si_code=SI_TKILL, si_pid=665088, si_uid=1000} ---
665112 1790837239.652555 pwrite64(29</tmp/TestLeaseAppendPressureFixedPlacement1574030781/001/node-1/jetstream/$SYS/_js_/S-R3F-Cqy2Skni/msgs/1.blk>, "\25\1\0\0u\2\0\0\0\0\0\0\337\256\0070\373T\332\30\0\0000m6vARoZ\2\0"..., 277, 210007 <unfinished ...>
665095 1790837239.654201 pwrite64(24</tmp/TestLeaseAppendPressureFixedPlacement1574030781/001/node-1/jetstream/$G/streams/WF_JRN/msgs/1.blk>, "A\1\0\200\205\2\0\0\0\0\0\0s\f\31'\373T\332\30 \0wf.jrn.pre"..., 545, 174623 <unfinished ...>
665112 1790837239.722678 <... pwrite64 resumed>) = 277 (DELAYED) <0.070063>
665112 1790837239.725216 --- SIGURG {si_signo=SIGURG, si_code=SI_TKILL, si_pid=665088, si_uid=1000} ---
665095 1790837239.727799 <... pwrite64 resumed>) = 545 (DELAYED) <0.073572>
665137 1790837239.729003 pwrite64(29</tmp/TestLeaseAppendPressureFixedPlacement1574030781/001/node-1/jetstream/$SYS/_js_/S-R3F-Cqy2Skni/msgs/1.blk>, "\25\1\0\0v\2\0\0\0\0\0\0\2758\2264\373T\332\30\0\0000m6vARoZ\2\0"..., 277, 210284 <unfinished ...>
665099 1790837239.730975 pwrite64(23</tmp/TestLeaseAppendPressureFixedPlacement1574030781/001/node-1/jetstream/$SYS/_js_/S-R3F-q7IG3WJb/msgs/2.blk>, "\257\1\0\0\336\1\0\0\0\0\0\0\10t\2644\373T\332\30\0\0St9I6EVH\1\0"..., 431, 233848 <unfinished ...>
665137 1790837239.801600 <... pwrite64 resumed>) = 277 (DELAYED) <0.070908>
665099 1790837239.801761 <... pwrite64 resumed>) = 431 (DELAYED) <0.070755>
665137 1790837239.801858 --- SIGURG {si_signo=SIGURG, si_code=SI_TKILL, si_pid=665088, si_uid=1000} ---
665099 1790837239.802163 --- SIGURG {si_signo=SIGURG, si_code=SI_TKILL, si_pid=665088, si_uid=1000} ---
665095 1790837239.803907 pwrite64(29</tmp/TestLeaseAppendPressureFixedPlacement1574030781/001/node-1/jetstream/$SYS/_js_/S-R3F-Cqy2Skni/msgs/1.blk>, "\25\1\0\0w\2\0\0\0\0\0\0\277)\r9\373T\332\30\0\0000m6vARoZ\2\0"..., 277, 210561 <unfinished ...>
665112 1790837239.804518 pwrite64(24</tmp/TestLeaseAppendPressureFixedPlacement1574030781/001/node-1/jetstream/$G/streams/WF_JRN/msgs/1.blk>, "A\1\0\200\207\2\0\0\0\0\0\0\37\363\2634\373T\332\30 \0wf.jrn.pre"..., 321, 175168 <unfinished ...>
665137 1790837239.805687 pwrite64(30</tmp/TestLeaseAppendPressureFixedPlacement1574030781/001/node-1/jetstream/$G/streams/KV_WF_LEASE/msgs/1.blk>, "\247\0\0\200&\3\0\0\0\0\0\0\323\356\272/\373T\332\30&\0$KV.WF_LEA"..., 334, 134819 <unfinished ...>
665095 1790837239.874030 <... pwrite64 resumed>) = 277 (DELAYED) <0.070080>
665112 1790837239.874565 <... pwrite64 resumed>) = 321 (DELAYED) <0.070031>
665137 1790837239.876864 <... pwrite64 resumed>) = 334 (DELAYED) <0.071162>
665112 1790837239.878907 pwrite64(23</tmp/TestLeaseAppendPressureFixedPlacement1574030781/001/node-1/jetstream/$SYS/_js_/S-R3F-q7IG3WJb/msgs/2.blk>, "N\1\0\0\337\1\0\0\0\0\0\0Lw\205=\373T\332\30\0\0St9I6EVH\1\0"..., 334, 234279 <unfinished ...>
665137 1790837239.880866 --- SIGURG {si_signo=SIGURG, si_code=SI_TKILL, si_pid=665088, si_uid=1000} ---
665121 1790837239.883468 pwrite64(30</tmp/TestLeaseAppendPressureFixedPlacement1574030781/001/node-1/jetstream/$G/streams/KV_WF_LEASE/msgs/1.blk>, "\247\0\0\200(\3\0\0\0\0\0\0@C\79\373T\332\30&\0$KV.WF_LEA"..., 167, 135153 <unfinished ...>
665112 1790837239.949040 <... pwrite64 resumed>) = 334 (DELAYED) <0.068267>
665112 1790837239.949587 --- SIGURG {si_signo=SIGURG, si_code=SI_TKILL, si_pid=665088, si_uid=1000} ---
665099 1790837239.949652 pwrite64(23</tmp/TestLeaseAppendPressureFixedPlacement1574030781/001/node-1/jetstream/$SYS/_js_/S-R3F-q7IG3WJb/msgs/2.blk>, "N\1\0\0\340\1\0\0\0\0\0\0\v\252\274A\373T\332\30\0\0St9I6EVH\1\0"..., 334, 234613 <unfinished ...>
665121 1790837239.953538 <... pwrite64 resumed>) = 167 (DELAYED) <0.070032>
665099 1790837240.019780 <... pwrite64 resumed>) = 334 (DELAYED) <0.070079>
665099 1790837240.019979 --- SIGURG {si_signo=SIGURG, si_code=SI_TKILL, si_pid=665088, si_uid=1000} ---
665137 1790837240.021706 pwrite64(29</tmp/TestLeaseAppendPressureFixedPlacement1574030781/001/node-1/jetstream/$SYS/_js_/S-R3F-Cqy2Skni/msgs/1.blk>, "\25\1\0\0x\2\0\0\0\0\0\0bh\10F\373T\332\30\0\0000m6vARoZ\2\0"..., 277, 210838 <unfinished ...>
665095 1790837240.024715 pwrite64(24</tmp/TestLeaseAppendPressureFixedPlacement1574030781/001/node-1/jetstream/$G/streams/WF_JRN/msgs/1.blk>, "\340\0\0\200\210\2\0\0\0\0\0\0\352\7\205=\373T\332\30 \0wf.jrn.pre"..., 448, 175489 <unfinished ...>
665137 1790837240.094928 <... pwrite64 resumed>) = 277 (DELAYED) <0.073173>
665095 1790837240.094973 <... pwrite64 resumed>) = 448 (DELAYED) <0.070207>
665137 1790837240.095166 pwrite64(29</tmp/TestLeaseAppendPressureFixedPlacement1574030781/001/node-1/jetstream/$SYS/_js_/S-R3F-Cqy2Skni/msgs/1.blk>, "\25\1\0\0y\2\0\0\0\0\0\0\3456iJ\373T\332\30\0\0000m6vARoZ\2\0"..., 277, 211115 <unfinished ...>
665095 1790837240.096963 pwrite64(23</tmp/TestLeaseAppendPressureFixedPlacement1574030781/001/node-1/jetstream/$SYS/_js_/S-R3F-q7IG3WJb/msgs/2.blk>, "\257\1\0\0\341\1\0\0\0\0\0\0D\375\204J\373T\332\30\0\0St9I6EVH\1\0"..., 431, 234947 <unfinished ...>
665137 1790837240.165304 <... pwrite64 resumed>) = 277 (DELAYED) <0.070109>
665137 1790837240.165462 --- SIGURG {si_signo=SIGURG, si_code=SI_TKILL, si_pid=665088, si_uid=1000} ---
665095 1790837240.167002 <... pwrite64 resumed>) = 431 (DELAYED) <0.070009>
665099 1790837240.167656 pwrite64(23</tmp/TestLeaseAppendPressureFixedPlacement1574030781/001/node-1/jetstream/$SYS/_js_/S-R3F-q7IG3WJb/msgs/2.blk>, "\257\1\0\0\342\1\0\0\0\0\0\0w\255\273N\373T\332\30\0\0St9I6EVH\1\0"..., 431, 235378 <unfinished ...>
665137 1790837240.170102 pwrite64(30</tmp/TestLeaseAppendPressureFixedPlacement1574030781/001/node-1/jetstream/$G/streams/KV_WF_LEASE/msgs/1.blk>, "\247\0\0\200)\3\0\0\0\0\0\0\354[\1F\373T\332\30&\0$KV.WF_LEA"..., 334, 135320 <unfinished ...>
665099 1790837240.237888 <... pwrite64 resumed>) = 431 (DELAYED) <0.070199>
665099 1790837240.238119 --- SIGURG {si_signo=SIGURG, si_code=SI_TKILL, si_pid=665088, si_uid=1000} ---
665095 1790837240.239638 pwrite64(29</tmp/TestLeaseAppendPressureFixedPlacement1574030781/001/node-1/jetstream/$SYS/_js_/S-R3F-Cqy2Skni/msgs/1.blk>, "\25\1\0\0z\2\0\0\0\0\0\0,\16\6S\373T\332\30\0\0000m6vARoZ\2\0"..., 277, 211392 <unfinished ...>
665137 1790837240.240159 <... pwrite64 resumed>) = 334 (DELAYED) <0.070035>
665097 1790837240.241983 pwrite64(24</tmp/TestLeaseAppendPressureFixedPlacement1574030781/001/node-1/jetstream/$G/streams/WF_JRN/msgs/1.blk>, "A\1\0\200\212\2\0\0\0\0\0\0\272\206\204J\373T\332\30 \0wf.jrn.pre"..., 642, 175937 <unfinished ...>
665137 1790837240.259574 --- SIGURG {si_signo=SIGURG, si_code=SI_TKILL, si_pid=665088, si_uid=1000} ---
665095 1790837240.312778 <... pwrite64 resumed>) = 277 (DELAYED) <0.073091>
665097 1790837240.312860 <... pwrite64 resumed>) = 642 (DELAYED) <0.070850>
665095 1790837240.313055 --- SIGURG {si_signo=SIGURG, si_code=SI_TKILL, si_pid=665088, si_uid=1000} ---
665097 1790837240.313165 pwrite64(29</tmp/TestLeaseAppendPressureFixedPlacement1574030781/001/node-1/jetstream/$SYS/_js_/S-R3F-Cqy2Skni/msgs/1.blk>, "\25\1\0\0{\2\0\0\0\0\0\0\201agW\373T\332\30\0\0000m6vARoZ\2\0"..., 277, 211669 <unfinished ...>
665137 1790837240.314714 pwrite64(23</tmp/TestLeaseAppendPressureFixedPlacement1574030781/001/node-1/jetstream/$SYS/_js_/S-R3F-q7IG3WJb/msgs/2.blk>, "N\1\0\0\343\1\0\0\0\0\0\0\16\252\177W\373T\332\30\0\0St9I6EVH\1\0"..., 334, 235809 <unfinished ...>
665095 1790837240.376578 --- SIGURG {si_signo=SIGURG, si_code=SI_TKILL, si_pid=665088, si_uid=1000} ---
665097 1790837240.383277 <... pwrite64 resumed>) = 277 (DELAYED) <0.070084>
665137 1790837240.384750 <... pwrite64 resumed>) = 334 (DELAYED) <0.070015>
665121 1790837240.385158 pwrite64(23</tmp/TestLeaseAppendPressureFixedPlacement1574030781/001/node-1/jetstream/$SYS/_js_/S-R3F-q7IG3WJb/msgs/2.blk>, "N\1\0\0\344\1\0\0\0\0\0\0z\201\262[\373T\332\30\0\0St9I6EVH\1\0"..., 334, 236143 <unfinished ...>
665099 1790837240.385553 pwrite64(29</tmp/TestLeaseAppendPressureFixedPlacement1574030781/001/node-1/jetstream/$SYS/_js_/S-R3F-Cqy2Skni/msgs/1.blk>, "\25\1\0\0|\2\0\0\0\0\0\0\254\214\270[\373T\332\30\0\0000m6vARoZ\2\0"..., 277, 211946 <unfinished ...>
665097 1790837240.386704 pwrite64(24</tmp/TestLeaseAppendPressureFixedPlacement1574030781/001/node-1/jetstream/$G/streams/WF_JRN/msgs/1.blk>, "\340\0\0\200\214\2\0\0\0\0\0\0\265\f\177W\373T\332\30 \0wf.jrn.pre"..., 224, 176579 <unfinished ...>
665137 1790837240.386744 pwrite64(30</tmp/TestLeaseAppendPressureFixedPlacement1574030781/001/node-1/jetstream/$G/streams/KV_WF_LEASE/msgs/1.blk>, "\247\0\0\200+\3\0\0\0\0\0\0\207\372\377R\373T\332\30&\0$KV.WF_LEA"..., 334, 135654 <unfinished ...>
665121 1790837240.455392 <... pwrite64 resumed>) = 334 (DELAYED) <0.070203>
665099 1790837240.455619 <... pwrite64 resumed>) = 277 (DELAYED) <0.070052>
665099 1790837240.455815 --- SIGURG {si_signo=SIGURG, si_code=SI_TKILL, si_pid=665088, si_uid=1000} ---
665121 1790837240.455890 --- SIGURG {si_signo=SIGURG, si_code=SI_TKILL, si_pid=665088, si_uid=1000} ---
665099 1790837240.456184 --- SIGURG {si_signo=SIGURG, si_code=SI_TKILL, si_pid=665088, si_uid=1000} ---
665121 1790837240.456399 --- SIGURG {si_signo=SIGURG, si_code=SI_TKILL, si_pid=665088, si_uid=1000} ---
665137 1790837240.456785 <... pwrite64 resumed>) = 334 (DELAYED) <0.070027>
665097 1790837240.456876 <... pwrite64 resumed>) = 224 (DELAYED) <0.070143>
665120 1790837240.458596 pwrite64(29</tmp/TestLeaseAppendPressureFixedPlacement1574030781/001/node-1/jetstream/$SYS/_js_/S-R3F-Cqy2Skni/msgs/1.blk>, "\25\1\0\0}\2\0\0\0\0\0\0\313\315\22`\373T\332\30\0\0000m6vARoZ\2\0"..., 277, 212223 <unfinished ...>
665097 1790837240.458917 pwrite64(24</tmp/TestLeaseAppendPressureFixedPlacement1574030781/001/node-1/jetstream/$G/streams/WF_JRN/msgs/1.blk>, "\340\0\0\200\215\2\0\0\0\0\0\0^f\262[\373T\332\30 \0wf.jrn.pre"..., 224, 176803 <unfinished ...>
665112 1790837240.459595 pwrite64(30</tmp/TestLeaseAppendPressureFixedPlacement1574030781/001/node-1/jetstream/$G/streams/KV_WF_LEASE/msgs/1.blk>, "\247\0\0\200-\3\0\0\0\0\0\0{%\266[\373T\332\30&\0$KV.WF_LEA"..., 167, 135988 <unfinished ...>
665121 1790837240.472387 --- SIGURG {si_signo=SIGURG, si_code=SI_TKILL, si_pid=665088, si_uid=1000} ---
665099 1790837240.482231 --- SIGURG {si_signo=SIGURG, si_code=SI_TKILL, si_pid=665088, si_uid=1000} ---
665120 1790837240.528779 <... pwrite64 resumed>) = 277 (DELAYED) <0.070140>
665097 1790837240.529038 <... pwrite64 resumed>) = 224 (DELAYED) <0.070097>
665120 1790837240.529138 --- SIGURG {si_signo=SIGURG, si_code=SI_TKILL, si_pid=665088, si_uid=1000} ---
665097 1790837240.529259 pwrite64(23</tmp/TestLeaseAppendPressureFixedPlacement1574030781/001/node-1/jetstream/$SYS/_js_/S-R3F-q7IG3WJb/msgs/2.blk>, "\257\1\0\0\345\1\0\0\0\0\0\0\233\351Hd\373T\332\30\0\0St9I6EVH\1\0"..., 431, 236477 <unfinished ...>
665112 1790837240.530172 <... pwrite64 resumed>) = 167 (DELAYED) <0.070546>
665112 1790837240.532647 pwrite64(30</tmp/TestLeaseAppendPressureFixedPlacement1574030781/001/node-1/jetstream/$G/streams/KV_WF_LEASE/msgs/1.blk>, "\247\0\0\200.\3\0\0\0\0\0\0\236\275\10`\373T\332\30&\0$KV.WF_LEA"..., 167, 136155 <unfinished ...>
665097 1790837240.599398 <... pwrite64 resumed>) = 431 (DELAYED) <0.070104>
665097 1790837240.599668 --- SIGURG {si_signo=SIGURG, si_code=SI_TKILL, si_pid=665088, si_uid=1000} ---
665097 1790837240.599794 --- SIGURG {si_signo=SIGURG, si_code=SI_TKILL, si_pid=665088, si_uid=1000} ---
665097 1790837240.599917 --- SIGURG {si_signo=SIGURG, si_code=SI_TKILL, si_pid=665088, si_uid=1000} ---
665121 1790837240.599971 pwrite64(23</tmp/TestLeaseAppendPressureFixedPlacement1574030781/001/node-1/jetstream/$SYS/_js_/S-R3F-q7IG3WJb/msgs/2.blk>, "\257\1\0\0\346\1\0\0\0\0\0\0g\330\177h\373T\332\30\0\0St9I6EVH\1\0"..., 431, 236908 <unfinished ...>
665097 1790837240.600035 --- SIGURG {si_signo=SIGURG, si_code=SI_TKILL, si_pid=665088, si_uid=1000} ---
665112 1790837240.602850 <... pwrite64 resumed>) = 167 (DELAYED) <0.070159>
665121 1790837240.670119 <... pwrite64 resumed>) = 431 (DELAYED) <0.070101>
665121 1790837240.670257 --- SIGURG {si_signo=SIGURG, si_code=SI_TKILL, si_pid=665088, si_uid=1000} ---
665097 1790837240.671821 pwrite64(24</tmp/TestLeaseAppendPressureFixedPlacement1574030781/001/node-1/jetstream/$G/streams/WF_JRN/msgs/1.blk>, "A\1\0\200\216\2\0\0\0\0\0\0\306qHd\373T\332\30 \0wf.jrn.pre"..., 321, 177027 <unfinished ...>
665112 1790837240.671948 pwrite64(29</tmp/TestLeaseAppendPressureFixedPlacement1574030781/001/node-1/jetstream/$SYS/_js_/S-R3F-Cqy2Skni/msgs/1.blk>, "\25\1\0\0~\2\0\0\0\0\0\0\354\246\312l\373T\332\30\0\0000m6vARoZ\2\0"..., 277, 212500 <unfinished ...>
665121 1790837240.710037 --- SIGURG {si_signo=SIGURG, si_code=SI_TKILL, si_pid=665088, si_uid=1000} ---
665097 1790837240.741931 <... pwrite64 resumed>) = 321 (DELAYED) <0.070055>
665112 1790837240.742033 <... pwrite64 resumed>) = 277 (DELAYED) <0.070057>
665097 1790837240.742062 --- SIGURG {si_signo=SIGURG, si_code=SI_TKILL, si_pid=665088, si_uid=1000} ---
665112 1790837240.746835 pwrite64(24</tmp/TestLeaseAppendPressureFixedPlacement1574030781/001/node-1/jetstream/$G/streams/WF_JRN/msgs/1.blk>, "A\1\0\200\217\2\0\0\0\0\0\0\255\375jd\373T\332\30 \0wf.jrn.pre"..., 321, 177348 <unfinished ...>
665137 1790837240.747083 pwrite64(29</tmp/TestLeaseAppendPressureFixedPlacement1574030781/001/node-1/jetstream/$SYS/_js_/S-R3F-Cqy2Skni/msgs/1.blk>, "\25\1\0\0\177\2\0\0\0\0\0\0,\310Dq\373T\332\30\0\0000m6vARoZ\2\0"..., 277, 212777 <unfinished ...>
665097 1790837240.748376 pwrite64(30</tmp/TestLeaseAppendPressureFixedPlacement1574030781/001/node-1/jetstream/$G/streams/KV_WF_LEASE/msgs/1.blk>, "\247\0\0\200/\3\0\0\0\0\0\0\205{\303l\373T\332\30&\0$KV.WF_LEA"..., 167, 136322 <unfinished ...>
665112 1790837240.816964 <... pwrite64 resumed>) = 321 (DELAYED) <0.070069>
665112 1790837240.817125 --- SIGURG {si_signo=SIGURG, si_code=SI_TKILL, si_pid=665088, si_uid=1000} ---
665137 1790837240.817203 <... pwrite64 resumed>) = 277 (DELAYED) <0.070111>
665137 1790837240.817575 --- SIGURG {si_signo=SIGURG, si_code=SI_TKILL, si_pid=665088, si_uid=1000} ---
665137 1790837240.817644 --- SIGURG {si_signo=SIGURG, si_code=SI_TKILL, si_pid=665088, si_uid=1000} ---
665097 1790837240.818418 <... pwrite64 resumed>) = 167 (DELAYED) <0.070029>
665097 1790837240.818667 pwrite64(23</tmp/TestLeaseAppendPressureFixedPlacement1574030781/001/node-1/jetstream/$SYS/_js_/S-R3F-q7IG3WJb/msgs/2.blk>, "N\1\0\0\347\1\0\0\0\0\0\0\216\310\210u\373T\332\30\0\0St9I6EVH\1\0"..., 334, 237339 <unfinished ...>
665120 1790837240.820058 pwrite64(30</tmp/TestLeaseAppendPressureFixedPlacement1574030781/001/node-1/jetstream/$G/streams/KV_WF_LEASE/msgs/1.blk>, "\247\0\0\2000\3\0\0\0\0\0\0\177\325\rq\373T\332\30&\0$KV.WF_LEA"..., 167, 136489) = 167 (DELAYED) <0.070850>
665097 1790837240.890956 <... pwrite64 resumed>) = 334 (DELAYED) <0.072267>
665097 1790837240.891325 --- SIGURG {si_signo=SIGURG, si_code=SI_TKILL, si_pid=665088, si_uid=1000} ---
665097 1790837240.891421 pwrite64(23</tmp/TestLeaseAppendPressureFixedPlacement1574030781/001/node-1/jetstream/$SYS/_js_/S-R3F-q7IG3WJb/msgs/2.blk>, "N\1\0\0\350\1\0\0\0\0\0\0*>\337y\373T\332\30\0\0St9I6EVH\1\0"..., 334, 237673 <unfinished ...>
665137 1790837240.916200 --- SIGURG {si_signo=SIGURG, si_code=SI_TKILL, si_pid=665088, si_uid=1000} ---
665137 1790837240.916906 --- SIGURG {si_signo=SIGURG, si_code=SI_TKILL, si_pid=665088, si_uid=1000} ---
665097 1790837240.961540 <... pwrite64 resumed>) = 334 (DELAYED) <0.070088>
665120 1790837240.964160 pwrite64(24</tmp/TestLeaseAppendPressureFixedPlacement1574030781/001/node-1/jetstream/$G/streams/WF_JRN/msgs/1.blk>, "\340\0\0\200\220\2\0\0\0\0\0\0h\224\210u\373T\332\30 \0wf.jrn.pre"..., 224, 177669 <unfinished ...>
665097 1790837240.965736 pwrite64(29</tmp/TestLeaseAppendPressureFixedPlacement1574030781/001/node-1/jetstream/$SYS/_js_/S-R3F-Cqy2Skni/msgs/1.blk>, "\25\1\0\0\200\2\0\0\0\0\0\0\367\305L~\373T\332\30\0\0000m6vARoZ\2\0"..., 277, 213054 <unfinished ...>
665120 1790837241.034297 <... pwrite64 resumed>) = 224 (DELAYED) <0.070088>
665120 1790837241.035020 --- SIGURG {si_signo=SIGURG, si_code=SI_TKILL, si_pid=665088, si_uid=1000} ---
665097 1790837241.035773 <... pwrite64 resumed>) = 277 (DELAYED) <0.070013>
665095 1790837241.036405 pwrite64(24</tmp/TestLeaseAppendPressureFixedPlacement1574030781/001/node-1/jetstream/$G/streams/WF_JRN/msgs/1.blk>, "\340\0\0\200\221\2\0\0\0\0\0\0-X\235u\373T\332\30 \0wf.jrn.pre"..., 224, 177893 <unfinished ...>
665099 1790837241.038918 pwrite64(29</tmp/TestLeaseAppendPressureFixedPlacement1574030781/001/node-1/jetstream/$SYS/_js_/S-R3F-Cqy2Skni/msgs/1.blk>, "\25\1\0\0\201\2\0\0\0\0\0\0\2\360\251\202\373T\332\30\0\0000m6vARoZ\2\0"..., 277, 213331 <unfinished ...>
665095 1790837241.106576 <... pwrite64 resumed>) = 224 (DELAYED) <0.070128>
665095 1790837241.106772 --- SIGURG {si_signo=SIGURG, si_code=SI_TKILL, si_pid=665088, si_uid=1000} ---
665097 1790837241.107952 pwrite64(23</tmp/TestLeaseAppendPressureFixedPlacement1574030781/001/node-1/jetstream/$SYS/_js_/S-R3F-q7IG3WJb/msgs/2.blk>, "\257\1\0\0\351\1\0\0\0\0\0\0\32^\307\206\373T\332\30\0\0St9I6EVH\1\0"..., 431, 238007 <unfinished ...>
665099 1790837241.108971 <... pwrite64 resumed>) = 277 (DELAYED) <0.070007>
665099 1790837241.109084 --- SIGURG {si_signo=SIGURG, si_code=SI_TKILL, si_pid=665088, si_uid=1000} ---
665095 1790837241.110107 pwrite64(30</tmp/TestLeaseAppendPressureFixedPlacement1574030781/001/node-1/jetstream/$G/streams/KV_WF_LEASE/msgs/1.blk>, "\247\0\0\2001\3\0\0\0\0\0\0\270\322I~\373T\332\30&\0$KV.WF_LEA"..., 167, 136656 <unfinished ...>
665097 1790837241.178101 <... pwrite64 resumed>) = 431 (DELAYED) <0.070102>
665097 1790837241.178249 --- SIGURG {si_signo=SIGURG, si_code=SI_TKILL, si_pid=665088, si_uid=1000} ---
665137 1790837241.178359 pwrite64(23</tmp/TestLeaseAppendPressureFixedPlacement1574030781/001/node-1/jetstream/$SYS/_js_/S-R3F-q7IG3WJb/msgs/2.blk>, "\257\1\0\0\352\1\0\0\0\0\0\0\365\241\371\212\373T\332\30\0\0St9I6EVH\1\0"..., 431, 238438 <unfinished ...>
665095 1790837241.180155 <... pwrite64 resumed>) = 167 (DELAYED) <0.070022>
665095 1790837241.181519 pwrite64(30</tmp/TestLeaseAppendPressureFixedPlacement1574030781/001/node-1/jetstream/$G/streams/KV_WF_LEASE/msgs/1.blk>, "\247\0\0\2002\3\0\0\0\0\0\0\343\375{\202\373T\332\30&\0$KV.WF_LEA"..., 167, 136823 <unfinished ...>
665137 1790837241.248525 <... pwrite64 resumed>) = 431 (DELAYED) <0.070135>
665137 1790837241.248782 --- SIGURG {si_signo=SIGURG, si_code=SI_TKILL, si_pid=665088, si_uid=1000} ---
665099 1790837241.250246 pwrite64(29</tmp/TestLeaseAppendPressureFixedPlacement1574030781/001/node-1/jetstream/$SYS/_js_/S-R3F-Cqy2Skni/msgs/1.blk>, "\25\1\0\0\202\2\0\0\0\0\0\0\361\230B\217\373T\332\30\0\0000m6vARoZ\2\0"..., 277, 213608 <unfinished ...>
665112 1790837241.250348 pwrite64(24</tmp/TestLeaseAppendPressureFixedPlacement1574030781/001/node-1/jetstream/$G/streams/WF_JRN/msgs/1.blk>, "A\1\0\200\222\2\0\0\0\0\0\0\20\332\306\206\373T\332\30 \0wf.jrn.pre"..., 321, 178117 <unfinished ...>
665095 1790837241.251577 <... pwrite64 resumed>) = 167 (DELAYED) <0.070043>
665095 1790837241.280755 --- SIGURG {si_signo=SIGURG, si_code=SI_TKILL, si_pid=665088, si_uid=1000} ---
665099 1790837241.320446 <... pwrite64 resumed>) = 277 (DELAYED) <0.070102>
665112 1790837241.320493 <... pwrite64 resumed>) = 321 (DELAYED) <0.070128>
665112 1790837241.320922 --- SIGURG {si_signo=SIGURG, si_code=SI_TKILL, si_pid=665088, si_uid=1000} ---
665112 1790837241.321054 --- SIGURG {si_signo=SIGURG, si_code=SI_TKILL, si_pid=665088, si_uid=1000} ---
665095 1790837241.322906 pwrite64(24</tmp/TestLeaseAppendPressureFixedPlacement1574030781/001/node-1/jetstream/$G/streams/WF_JRN/msgs/1.blk>, "A\1\0\200\223\2\0\0\0\0\0\0\237\253\360\206\373T\332\30 \0wf.jrn.pre"..., 321, 178438 <unfinished ...>
665099 1790837241.323028 pwrite64(30</tmp/TestLeaseAppendPressureFixedPlacement1574030781/001/node-1/jetstream/$G/streams/KV_WF_LEASE/msgs/1.blk>, "\247\0\0\2003\3\0\0\0\0\0\0\240x<\217\373T\332\30&\0$KV.WF_LEA"..., 167, 136990 <unfinished ...>
665137 1790837241.323167 pwrite64(29</tmp/TestLeaseAppendPressureFixedPlacement1574030781/001/node-1/jetstream/$SYS/_js_/S-R3F-Cqy2Skni/msgs/1.blk>, "\25\1\0\0\203\2\0\0\0\0\0\0\365T\233\223\373T\332\30\0\0000m6vARoZ\2\0"..., 277, 213885 <unfinished ...>
665095 1790837241.393080 <... pwrite64 resumed>) = 321 (DELAYED) <0.070100>
665099 1790837241.393129 <... pwrite64 resumed>) = 167 (DELAYED) <0.070088>
665137 1790837241.393256 <... pwrite64 resumed>) = 277 (DELAYED) <0.070061>
665095 1790837241.393503 --- SIGURG {si_signo=SIGURG, si_code=SI_TKILL, si_pid=665088, si_uid=1000} ---
665095 1790837241.393966 --- SIGURG {si_signo=SIGURG, si_code=SI_TKILL, si_pid=665088, si_uid=1000} ---
665099 1790837241.395343 pwrite64(23</tmp/TestLeaseAppendPressureFixedPlacement1574030781/001/node-1/jetstream/$SYS/_js_/S-R3F-q7IG3WJb/msgs/2.blk>, "N\1\0\0\353\1\0\0\0\0\0\0\237\365\347\227\373T\332\30\0\0St9I6EVH\1\0"..., 334, 238869 <unfinished ...>
665120 1790837241.396469 pwrite64(30</tmp/TestLeaseAppendPressureFixedPlacement1574030781/001/node-1/jetstream/$G/streams/KV_WF_LEASE/msgs/1.blk>, "\247\0\0\2004\3\0\0\0\0\0\0q\266\222\223\373T\332\30&\0$KV.WF_LEA"..., 167, 137157 <unfinished ...>
665095 1790837241.415452 --- SIGURG {si_signo=SIGURG, si_code=SI_TKILL, si_pid=665088, si_uid=1000} ---
665099 1790837241.465509 <... pwrite64 resumed>) = 334 (DELAYED) <0.070109>
665099 1790837241.468183 pwrite64(23</tmp/TestLeaseAppendPressureFixedPlacement1574030781/001/node-1/jetstream/$SYS/_js_/S-R3F-q7IG3WJb/msgs/2.blk>, "N\1\0\0\354\1\0\0\0\0\0\0\327\340?\234\373T\332\30\0\0St9I6EVH\1\0"..., 334, 239203 <unfinished ...>
665120 1790837241.470799 <... pwrite64 resumed>) = 167 (DELAYED) <0.074286>
665099 1790837241.538423 <... pwrite64 resumed>) = 334 (DELAYED) <0.070050>
665099 1790837241.538687 --- SIGURG {si_signo=SIGURG, si_code=SI_TKILL, si_pid=665088, si_uid=1000} ---
665121 1790837241.540974 pwrite64(24</tmp/TestLeaseAppendPressureFixedPlacement1574030781/001/node-1/jetstream/$G/streams/WF_JRN/msgs/1.blk>, "\340\0\0\200\224\2\0\0\0\0\0\0t\247\347\227\373T\332\30 \0wf.jrn.pre"..., 224, 178759 <unfinished ...>
665137 1790837241.541269 pwrite64(29</tmp/TestLeaseAppendPressureFixedPlacement1574030781/001/node-1/jetstream/$SYS/_js_/S-R3F-Cqy2Skni/msgs/1.blk>, "\25\1\0\0\204\2\0\0\0\0\0\0ib\233\240\373T\332\30\0\0000m6vARoZ\2\0"..., 277, 214162 <unfinished ...>
665121 1790837241.611081 <... pwrite64 resumed>) = 224 (DELAYED) <0.069960>
665121 1790837241.611208 --- SIGURG {si_signo=SIGURG, si_code=SI_TKILL, si_pid=665088, si_uid=1000} ---
665137 1790837241.611294 <... pwrite64 resumed>) = 277 (DELAYED) <0.070011>
665137 1790837241.612403 pwrite64(29</tmp/TestLeaseAppendPressureFixedPlacement1574030781/001/node-1/jetstream/$SYS/_js_/S-R3F-Cqy2Skni/msgs/1.blk>, "\25\1\0\0\205\2\0\0\0\0\0\0:\315\330\244\373T\332\30\0\0000m6vARoZ\2\0"..., 277, 214439 <unfinished ...>
665121 1790837241.612512 pwrite64(24</tmp/TestLeaseAppendPressureFixedPlacement1574030781/001/node-1/jetstream/$G/streams/WF_JRN/msgs/1.blk>, "\340\0\0\200\225\2\0\0\0\0\0\0\327\356\372\227\373T\332\30 \0wf.jrn.pre"..., 224, 178983 <unfinished ...>
665095 1790837241.614380 pwrite64(30</tmp/TestLeaseAppendPressureFixedPlacement1574030781/001/node-1/jetstream/$G/streams/KV_WF_LEASE/msgs/1.blk>, "\247\0\0\2005\3\0\0\0\0\0\0\261\303\211\240\373T\332\30&\0$KV.WF_LEA"..., 167, 137324 <unfinished ...>
665137 1790837241.682541 <... pwrite64 resumed>) = 277 (DELAYED) <0.070105>
665121 1790837241.682598 <... pwrite64 resumed>) = 224 (DELAYED) <0.070073>
665137 1790837241.682811 --- SIGURG {si_signo=SIGURG, si_code=SI_TKILL, si_pid=665088, si_uid=1000} ---
665121 1790837241.682852 pwrite64(23</tmp/TestLeaseAppendPressureFixedPlacement1574030781/001/node-1/jetstream/$SYS/_js_/S-R3F-q7IG3WJb/msgs/2.blk>, "\257\1\0\0\355\1\0\0\0\0\0\0\353\302\n\251\373T\332\30\0\0St9I6EVH\1\0"..., 431, 239537 <unfinished ...>
665095 1790837241.684467 <... pwrite64 resumed>) = 167 (DELAYED) <0.070071>
665095 1790837241.686388 pwrite64(30</tmp/TestLeaseAppendPressureFixedPlacement1574030781/001/node-1/jetstream/$G/streams/KV_WF_LEASE/msgs/1.blk>, "\247\0\0\2006\3\0\0\0\0\0\0%X\323\244\373T\332\30&\0$KV.WF_LEA"..., 167, 137491 <unfinished ...>
665121 1790837241.753025 <... pwrite64 resumed>) = 431 (DELAYED) <0.070132>
665121 1790837241.753267 --- SIGURG {si_signo=SIGURG, si_code=SI_TKILL, si_pid=665088, si_uid=1000} ---
665121 1790837241.753468 pwrite64(23</tmp/TestLeaseAppendPressureFixedPlacement1574030781/001/node-1/jetstream/$SYS/_js_/S-R3F-q7IG3WJb/msgs/2.blk>, "\257\1\0\0\356\1\0\0\0\0\0\0\255\344@\255\373T\332\30\0\0St9I6EVH\1\0"..., 431, 239968 <unfinished ...>
665095 1790837241.756784 <... pwrite64 resumed>) = 167 (DELAYED) <0.070337>
665121 1790837241.823630 <... pwrite64 resumed>) = 431 (DELAYED) <0.070108>
665121 1790837241.823861 --- SIGURG {si_signo=SIGURG, si_code=SI_TKILL, si_pid=665088, si_uid=1000} ---
665112 1790837241.825182 pwrite64(29</tmp/TestLeaseAppendPressureFixedPlacement1574030781/001/node-1/jetstream/$SYS/_js_/S-R3F-Cqy2Skni/msgs/1.blk>, "\25\1\0\0\206\2\0\0\0\0\0\0\220U\207\261\373T\332\30\0\0000m6vARoZ\2\0"..., 277, 214716 <unfinished ...>
665120 1790837241.825518 pwrite64(24</tmp/TestLeaseAppendPressureFixedPlacement1574030781/001/node-1/jetstream/$G/streams/WF_JRN/msgs/1.blk>, "A\1\0\200\226\2\0\0\0\0\0\0wH\n\251\373T\332\30 \0wf.jrn.pre"..., 321, 179207 <unfinished ...>
665112 1790837241.895361 <... pwrite64 resumed>) = 277 (DELAYED) <0.070102>
665120 1790837241.895636 <... pwrite64 resumed>) = 321 (DELAYED) <0.070071>
665112 1790837241.895650 --- SIGURG {si_signo=SIGURG, si_code=SI_TKILL, si_pid=665088, si_uid=1000} ---
665120 1790837241.897935 pwrite64(24</tmp/TestLeaseAppendPressureFixedPlacement1574030781/001/node-1/jetstream/$G/streams/WF_JRN/msgs/1.blk>, "A\1\0\200\227\2\0\0\0\0\0\0003\177/\251\373T\332\30 \0wf.jrn.pre"..., 321, 179528 <unfinished ...>
665112 1790837241.898277 pwrite64(29</tmp/TestLeaseAppendPressureFixedPlacement1574030781/001/node-1/jetstream/$SYS/_js_/S-R3F-Cqy2Skni/msgs/1.blk>, "\25\1\0\0\207\2\0\0\0\0\0\0\25\324\342\265\373T\332\30\0\0000m6vARoZ\2\0"..., 277, 214993 <unfinished ...>
665121 1790837241.900755 pwrite64(30</tmp/TestLeaseAppendPressureFixedPlacement1574030781/001/node-1/jetstream/$G/streams/KV_WF_LEASE/msgs/1.blk>, "\247\0\0\2007\3\0\0\0\0\0\0\33\r\201\261\373T\332\30&\0$KV.WF_LEA"..., 167, 137658 <unfinished ...>
665120 1790837241.968025 <... pwrite64 resumed>) = 321 (DELAYED) <0.070011>
665120 1790837241.968155 --- SIGURG {si_signo=SIGURG, si_code=SI_TKILL, si_pid=665088, si_uid=1000} ---
665112 1790837241.968324 <... pwrite64 resumed>) = 277 (DELAYED) <0.070029>
665112 1790837241.968445 --- SIGURG {si_signo=SIGURG, si_code=SI_TKILL, si_pid=665088, si_uid=1000} ---
665121 1790837241.970899 <... pwrite64 resumed>) = 167 (DELAYED) <0.070094>
665112 1790837241.971474 pwrite64(23</tmp/TestLeaseAppendPressureFixedPlacement1574030781/001/node-1/jetstream/$SYS/_js_/S-R3F-q7IG3WJb/msgs/2.blk>, "N\1\0\0\357\1\0\0\0\0\0\0G\247?\272\373T\332\30\0\0St9I6EVH\1\0"..., 334, 240399 <unfinished ...>
665095 1790837241.973005 pwrite64(30</tmp/TestLeaseAppendPressureFixedPlacement1574030781/001/node-1/jetstream/$G/streams/KV_WF_LEASE/msgs/1.blk>, "\247\0\0\2008\3\0\0\0\0\0\0\302n\321\265\373T\332\30&\0$KV.WF_LEA"..., 167, 137825 <unfinished ...>
665112 1790837242.041616 <... pwrite64 resumed>) = 334 (DELAYED) <0.070106>
665112 1790837242.041852 --- SIGURG {si_signo=SIGURG, si_code=SI_TKILL, si_pid=665088, si_uid=1000} ---
665112 1790837242.042022 pwrite64(23</tmp/TestLeaseAppendPressureFixedPlacement1574030781/001/node-1/jetstream/$SYS/_js_/S-R3F-q7IG3WJb/msgs/2.blk>, "N\1\0\0\360\1\0\0\0\0\0\0\332\337s\276\373T\332\30\0\0St9I6EVH\1\0"..., 334, 240733 <unfinished ...>
665095 1790837242.043066 <... pwrite64 resumed>) = 167 (DELAYED) <0.070045>
665112 1790837242.112200 <... pwrite64 resumed>) = 334 (DELAYED) <0.070143>
665112 1790837242.112386 --- SIGURG {si_signo=SIGURG, si_code=SI_TKILL, si_pid=665088, si_uid=1000} ---
665120 1790837242.115413 pwrite64(24</tmp/TestLeaseAppendPressureFixedPlacement1574030781/001/node-1/jetstream/$G/streams/WF_JRN/msgs/1.blk>, "\340\0\0\200\230\2\0\0\0\0\0\0\247\3278\272\373T\332\30 \0wf.jrn.pre"..., 224, 179849 <unfinished ...>
665095 1790837242.115502 pwrite64(29</tmp/TestLeaseAppendPressureFixedPlacement1574030781/001/node-1/jetstream/$SYS/_js_/S-R3F-Cqy2Skni/msgs/1.blk>, "\25\1\0\0\210\2\0\0\0\0\0\0\347\265\323\302\373T\332\30\0\0000m6vARoZ\2\0"..., 277, 215270 <unfinished ...>
665120 1790837242.185618 <... pwrite64 resumed>) = 224 (DELAYED) <0.070111>
665095 1790837242.185681 <... pwrite64 resumed>) = 277 (DELAYED) <0.070160>
665095 1790837242.185910 --- SIGURG {si_signo=SIGURG, si_code=SI_TKILL, si_pid=665088, si_uid=1000} ---
665120 1790837242.185936 --- SIGURG {si_signo=SIGURG, si_code=SI_TKILL, si_pid=665088, si_uid=1000} ---
665095 1790837242.186971 --- SIGURG {si_signo=SIGURG, si_code=SI_TKILL, si_pid=665088, si_uid=1000} ---
665120 1790837242.187655 pwrite64(24</tmp/TestLeaseAppendPressureFixedPlacement1574030781/001/node-1/jetstream/$G/streams/WF_JRN/msgs/1.blk>, "\340\0\0\200\231\2\0\0\0\0\0\0\203AD\272\373T\332\30 \0wf.jrn.pre"..., 224, 180073 <unfinished ...>
665121 1790837242.188185 pwrite64(29</tmp/TestLeaseAppendPressureFixedPlacement1574030781/001/node-1/jetstream/$SYS/_js_/S-R3F-Cqy2Skni/msgs/1.blk>, "\25\1\0\0\211\2\0\0\0\0\0\0\361}*\307\373T\332\30\0\0000m6vARoZ\2\0"..., 277, 215547 <unfinished ...>
665099 1790837242.189410 pwrite64(30</tmp/TestLeaseAppendPressureFixedPlacement1574030781/001/node-1/jetstream/$G/streams/KV_WF_LEASE/msgs/1.blk>, "\247\0\0\2009\3\0\0\0\0\0\0\2772\314\302\373T\332\30&\0$KV.WF_LEA"..., 167, 137992 <unfinished ...>
665120 1790837242.257862 <... pwrite64 resumed>) = 224 (DELAYED) <0.070162>
665120 1790837242.258055 --- SIGURG {si_signo=SIGURG, si_code=SI_TKILL, si_pid=665088, si_uid=1000} ---
665121 1790837242.258344 <... pwrite64 resumed>) = 277 (DELAYED) <0.070137>
665121 1790837242.258503 --- SIGURG {si_signo=SIGURG, si_code=SI_TKILL, si_pid=665088, si_uid=1000} ---
665121 1790837242.258991 --- SIGURG {si_signo=SIGURG, si_code=SI_TKILL, si_pid=665088, si_uid=1000} ---
665099 1790837242.259697 <... pwrite64 resumed>) = 167 (DELAYED) <0.070260>
665137 1790837242.260192 pwrite64(23</tmp/TestLeaseAppendPressureFixedPlacement1574030781/001/node-1/jetstream/$SYS/_js_/S-R3F-q7IG3WJb/msgs/2.blk>, "\257\1\0\0\361\1\0\0\0\0\0\0\25\30u\313\373T\332\30\0\0St9I6EVH\1\0"..., 431, 241067 <unfinished ...>
665095 1790837242.261643 pwrite64(30</tmp/TestLeaseAppendPressureFixedPlacement1574030781/001/node-1/jetstream/$G/streams/KV_WF_LEASE/msgs/1.blk>, "\247\0\0\200:\3\0\0\0\0\0\0G`\36\307\373T\332\30&\0$KV.WF_LEA"..., 167, 138159 <unfinished ...>
665121 1790837242.280972 --- SIGURG {si_signo=SIGURG, si_code=SI_TKILL, si_pid=665088, si_uid=1000} ---
665137 1790837242.330412 <... pwrite64 resumed>) = 431 (DELAYED) <0.070134>
665137 1790837242.330857 --- SIGURG {si_signo=SIGURG, si_code=SI_TKILL, si_pid=665088, si_uid=1000} ---
665120 1790837242.331023 pwrite64(23</tmp/TestLeaseAppendPressureFixedPlacement1574030781/001/node-1/jetstream/$SYS/_js_/S-R3F-q7IG3WJb/msgs/2.blk>, "\257\1\0\0\362\1\0\0\0\0\0\0\365e\255\317\373T\332\30\0\0St9I6EVH\1\0"..., 431, 241498 <unfinished ...>
665137 1790837242.331496 --- SIGURG {si_signo=SIGURG, si_code=SI_TKILL, si_pid=665088, si_uid=1000} ---
665095 1790837242.331716 <... pwrite64 resumed>) = 167 (DELAYED) <0.070041>
665120 1790837242.401164 <... pwrite64 resumed>) = 431 (DELAYED) <0.070095>
665120 1790837242.401666 --- SIGURG {si_signo=SIGURG, si_code=SI_TKILL, si_pid=665088, si_uid=1000} ---
665137 1790837242.403255 pwrite64(29</tmp/TestLeaseAppendPressureFixedPlacement1574030781/001/node-1/jetstream/$SYS/_js_/S-R3F-Cqy2Skni/msgs/1.blk>, "\25\1\0\0\212\2\0\0\0\0\0\0\365\37\374\323\373T\332\30\0\0000m6vARoZ\2\0"..., 277, 215824 <unfinished ...>
665095 1790837242.403464 pwrite64(24</tmp/TestLeaseAppendPressureFixedPlacement1574030781/001/node-1/jetstream/$G/streams/WF_JRN/msgs/1.blk>, "A\1\0\200\232\2\0\0\0\0\0\0\20\265t\313\373T\332\30 \0wf.jrn.pre"..., 321, 180297 <unfinished ...>
665099 1790837242.415434 --- SIGURG {si_signo=SIGURG, si_code=SI_TKILL, si_pid=665088, si_uid=1000} ---
665137 1790837242.473446 <... pwrite64 resumed>) = 277 (DELAYED) <0.070138>
665095 1790837242.473523 <... pwrite64 resumed>) = 321 (DELAYED) <0.070038>
665137 1790837242.473928 --- SIGURG {si_signo=SIGURG, si_code=SI_TKILL, si_pid=665088, si_uid=1000} ---
665095 1790837242.475044 pwrite64(24</tmp/TestLeaseAppendPressureFixedPlacement1574030781/001/node-1/jetstream/$G/streams/WF_JRN/msgs/1.blk>, "A\1\0\200\233\2\0\0\0\0\0\0\334\276\245\313\373T\332\30 \0wf.jrn.pre"..., 321, 180618 <unfinished ...>
665112 1790837242.475100 pwrite64(29</tmp/TestLeaseAppendPressureFixedPlacement1574030781/001/node-1/jetstream/$SYS/_js_/S-R3F-Cqy2Skni/msgs/1.blk>, "\25\1\0\0\213\2\0\0\0\0\0\0\"\323C\330\373T\332\30\0\0000m6vARoZ\2\0"..., 277, 216101 <unfinished ...>
665099 1790837242.476029 pwrite64(30</tmp/TestLeaseAppendPressureFixedPlacement1574030781/001/node-1/jetstream/$G/streams/KV_WF_LEASE/msgs/1.blk>, "\247\0\0\200;\3\0\0\0\0\0\0-j\361\323\373T\332\30&\0$KV.WF_LEA"..., 167, 138326 <unfinished ...>
665095 1790837242.545381 <... pwrite64 resumed>) = 321 (DELAYED) <0.070283>
665112 1790837242.545461 <... pwrite64 resumed>) = 277 (DELAYED) <0.070333>
665099 1790837242.546274 <... pwrite64 resumed>) = 167 (DELAYED) <0.070224>
665112 1790837242.546323 --- SIGURG {si_signo=SIGURG, si_code=SI_TKILL, si_pid=665088, si_uid=1000} ---
665120 1790837242.547285 pwrite64(23</tmp/TestLeaseAppendPressureFixedPlacement1574030781/001/node-1/jetstream/$SYS/_js_/S-R3F-q7IG3WJb/msgs/2.blk>, "N\1\0\0\363\1\0\0\0\0\0\0E\250\221\334\373T\332\30\0\0St9I6EVH\1\0"..., 334, 241929 <unfinished ...>
665112 1790837242.547985 pwrite64(30</tmp/TestLeaseAppendPressureFixedPlacement1574030781/001/node-1/jetstream/$G/streams/KV_WF_LEASE/msgs/1.blk>, "\247\0\0\200<\3\0\0\0\0\0\0\306\250>\330\373T\332\30&\0$KV.WF_LEA"..., 167, 138493 <unfinished ...>
665120 1790837242.617413 <... pwrite64 resumed>) = 334 (DELAYED) <0.070061>
665120 1790837242.617557 pwrite64(23</tmp/TestLeaseAppendPressureFixedPlacement1574030781/001/node-1/jetstream/$SYS/_js_/S-R3F-q7IG3WJb/msgs/2.blk>, "N\1\0\0\364\1\0\0\0\0\0\0\344\10\302\340\373T\332\30\0\0St9I6EVH\1\0"..., 334, 242263 <unfinished ...>
665112 1790837242.619857 <... pwrite64 resumed>) = 167 (DELAYED) <0.071828>
665120 1790837242.687689 <... pwrite64 resumed>) = 334 (DELAYED) <0.070101>
665095 1790837242.689307 pwrite64(24</tmp/TestLeaseAppendPressureFixedPlacement1574030781/001/node-1/jetstream/$G/streams/WF_JRN/msgs/1.blk>, "\340\0\0\200\234\2\0\0\0\0\0\0\327L\221\334\373T\332\30 \0wf.jrn.pre"..., 224, 180939 <unfinished ...>
665120 1790837242.689413 pwrite64(29</tmp/TestLeaseAppendPressureFixedPlacement1574030781/001/node-1/jetstream/$SYS/_js_/S-R3F-Cqy2Skni/msgs/1.blk>, "\25\1\0\0\214\2\0\0\0\0\0\0j\242\n\345\373T\332\30\0\0000m6vARoZ\2\0"..., 277, 216378 <unfinished ...>
665095 1790837242.759384 <... pwrite64 resumed>) = 224 (DELAYED) <0.070036>
665120 1790837242.759457 <... pwrite64 resumed>) = 277 (DELAYED) <0.070032>
665095 1790837242.759858 --- SIGURG {si_signo=SIGURG, si_code=SI_TKILL, si_pid=665088, si_uid=1000} ---
665120 1790837242.760697 pwrite64(29</tmp/TestLeaseAppendPressureFixedPlacement1574030781/001/node-1/jetstream/$SYS/_js_/S-R3F-Cqy2Skni/msgs/1.blk>, "\25\1\0\0\215\2\0\0\0\0\0\0\226bJ\351\373T\332\30\0\0000m6vARoZ\2\0"..., 277, 216655 <unfinished ...>
665095 1790837242.760746 pwrite64(24</tmp/TestLeaseAppendPressureFixedPlacement1574030781/001/node-1/jetstream/$G/streams/WF_JRN/msgs/1.blk>, "\340\0\0\200\235\2\0\0\0\0\0\0\215p\270\334\373T\332\30 \0wf.jrn.pre"..., 224, 181163 <unfinished ...>
665099 1790837242.761386 pwrite64(30</tmp/TestLeaseAppendPressureFixedPlacement1574030781/001/node-1/jetstream/$G/streams/KV_WF_LEASE/msgs/1.blk>, "\247\0\0\200=\3\0\0\0\0\0\0y&\4\345\373T\332\30&\0$KV.WF_LEA"..., 167, 138660 <unfinished ...>
665120 1790837242.830857 <... pwrite64 resumed>) = 277 (DELAYED) <0.070117>
665095 1790837242.830897 <... pwrite64 resumed>) = 224 (DELAYED) <0.070144>
665099 1790837242.831544 <... pwrite64 resumed>) = 167 (DELAYED) <0.070121>
665095 1790837242.831568 --- SIGURG {si_signo=SIGURG, si_code=SI_TKILL, si_pid=665088, si_uid=1000} ---
665112 1790837242.831695 pwrite64(23</tmp/TestLeaseAppendPressureFixedPlacement1574030781/001/node-1/jetstream/$SYS/_js_/S-R3F-q7IG3WJb/msgs/2.blk>, "\257\1\0\0\365\1\0\0\0\0\0\0o:\205\355\373T\332\30\0\0St9I6EVH\1\0"..., 431, 242597 <unfinished ...>
665099 1790837242.833411 pwrite64(30</tmp/TestLeaseAppendPressureFixedPlacement1574030781/001/node-1/jetstream/$G/streams/KV_WF_LEASE/msgs/1.blk>, "\247\0\0\200>\3\0\0\0\0\0\0?fF\351\373T\332\30&\0$KV.WF_LEA"..., 167, 138827 <unfinished ...>
665112 1790837242.901890 <... pwrite64 resumed>) = 431 (DELAYED) <0.070117>
665112 1790837242.902165 --- SIGURG {si_signo=SIGURG, si_code=SI_TKILL, si_pid=665088, si_uid=1000} ---
665120 1790837242.902294 pwrite64(23</tmp/TestLeaseAppendPressureFixedPlacement1574030781/001/node-1/jetstream/$SYS/_js_/S-R3F-q7IG3WJb/msgs/2.blk>, "\\\1\0\0\366\1\0\0\0\0\0\0\266\222\272\361\373T\332\30\0\0St9I6EVH\1\0"..., 348, 243028 <unfinished ...>
665112 1790837242.902409 --- SIGURG {si_signo=SIGURG, si_code=SI_TKILL, si_pid=665088, si_uid=1000} ---
665099 1790837242.903470 <... pwrite64 resumed>) = 167 (DELAYED) <0.070031>
665121 1790837242.915318 --- SIGURG {si_signo=SIGURG, si_code=SI_TKILL, si_pid=665088, si_uid=1000} ---
665120 1790837242.972445 <... pwrite64 resumed>) = 348 (DELAYED) <0.070105>
665120 1790837242.972879 --- SIGURG {si_signo=SIGURG, si_code=SI_TKILL, si_pid=665088, si_uid=1000} ---
665099 1790837242.974408 pwrite64(29</tmp/TestLeaseAppendPressureFixedPlacement1574030781/001/node-1/jetstream/$SYS/_js_/S-R3F-Cqy2Skni/msgs/1.blk>, "\25\1\0\0\216\2\0\0\0\0\0\0\236\346\6\366\373T\332\30\0\0000m6vARoZ\2\0"..., 277, 216932 <unfinished ...>
665112 1790837242.976866 pwrite64(24</tmp/TestLeaseAppendPressureFixedPlacement1574030781/001/node-1/jetstream/$G/streams/WF_JRN/msgs/1.blk>, "A\1\0\200\236\2\0\0\0\0\0\0U\366\202\355\373T\332\30 \0wf.jrn.pre"..., 559, 181387 <unfinished ...>
665099 1790837243.044527 <... pwrite64 resumed>) = 277 (DELAYED) <0.070073>
665099 1790837243.044867 --- SIGURG {si_signo=SIGURG, si_code=SI_TKILL, si_pid=665088, si_uid=1000} ---
665112 1790837243.046925 <... pwrite64 resumed>) = 559 (DELAYED) <0.070017>
665137 1790837243.047544 pwrite64(30</tmp/TestLeaseAppendPressureFixedPlacement1574030781/001/node-1/jetstream/$G/streams/KV_WF_LEASE/msgs/1.blk>, "\247\0\0\200?\3\0\0\0\0\0\0\304\277\0\366\373T\332\30&\0$KV.WF_LEA"..., 167, 138994 <unfinished ...>
665112 1790837243.048848 pwrite64(23</tmp/TestLeaseAppendPressureFixedPlacement1574030781/001/node-1/jetstream/$SYS/_js_/S-R3F-q7IG3WJb/msgs/2.blk>, "N\1\0\0\367\1\0\0\0\0\0\0\347!w\372\373T\332\30\0\0St9I6EVH\1\0"..., 334, 243376 <unfinished ...>
665137 1790837243.117954 <... pwrite64 resumed>) = 167 (DELAYED) <0.070366>
665112 1790837243.118951 <... pwrite64 resumed>) = 334 (DELAYED) <0.070076>
665112 1790837243.119675 --- SIGURG {si_signo=SIGURG, si_code=SI_TKILL, si_pid=665088, si_uid=1000} ---
665137 1790837243.123494 pwrite64(24</tmp/TestLeaseAppendPressureFixedPlacement1574030781/001/node-1/jetstream/$G/streams/WF_JRN/msgs/1.blk>, "\340\0\0\200\240\2\0\0\0\0\0\0\"7v\372\373T\332\30 \0wf.jrn.pre"..., 224, 181946 <unfinished ...>
665120 1790837243.123559 pwrite64(29</tmp/TestLeaseAppendPressureFixedPlacement1574030781/001/node-1/jetstream/$SYS/_js_/S-R3F-Cqy2Skni/msgs/1.blk>, "\25\1\0\0\217\2\0\0\0\0\0\0\34p\351\376\373T\332\30\0\0000m6vARoZ\2\0"..., 277, 217209 <unfinished ...>
665137 1790837243.193781 <... pwrite64 resumed>) = 224 (DELAYED) <0.070217>
665120 1790837243.193856 <... pwrite64 resumed>) = 277 (DELAYED) <0.070275>
665120 1790837243.194034 --- SIGURG {si_signo=SIGURG, si_code=SI_TKILL, si_pid=665088, si_uid=1000} ---
665121 1790837243.200171 pwrite64(23</tmp/TestLeaseAppendPressureFixedPlacement1574030781/001/node-1/jetstream/$SYS/_js_/S-R3F-q7IG3WJb/msgs/2.blk>, "\\\1\0\0\370\1\0\0\0\0\0\0\200\23|\3\374T\332\30\0\0St9I6EVH\1\0"..., 348, 243710 <unfinished ...>
665120 1790837243.200261 pwrite64(30</tmp/TestLeaseAppendPressureFixedPlacement1574030781/001/node-1/jetstream/$G/streams/KV_WF_LEASE/msgs/1.blk>, "\247\0\0\200@\3\0\0\0\0\0\0\343E\335\376\373T\332\30&\0$KV.WF_LEA"..., 167, 139161 <unfinished ...>
665121 1790837243.270975 <... pwrite64 resumed>) = 348 (DELAYED) <0.070716>
665120 1790837243.271039 <... pwrite64 resumed>) = 167 (DELAYED) <0.070760>
665121 1790837243.271465 --- SIGURG {si_signo=SIGURG, si_code=SI_TKILL, si_pid=665088, si_uid=1000} ---
665120 1790837243.273443 pwrite64(24</tmp/TestLeaseAppendPressureFixedPlacement1574030781/001/node-1/jetstream/$G/streams/WF_JRN/msgs/1.blk>, "\356\0\0\200\241\2\0\0\0\0\0\0B\325{\3\374T\332\30 \0wf.jrn.pre"..., 238, 182170) = 238 (DELAYED) <0.070119>
665120 1790837243.343882 --- SIGURG {si_signo=SIGURG, si_code=SI_TKILL, si_pid=665088, si_uid=1000} ---
665137 1790837243.396310 pwrite64(29</tmp/TestLeaseAppendPressureFixedPlacement1574030781/001/node-1/jetstream/$SYS/_js_/S-R3F-Cqy2Skni/msgs/1.blk>, "\377\0\0\0\220\2\0\0\0\0\0\0\301\365,\17\374T\332\30\0\0000m6vARoZ\2\0"..., 255, 217486 <unfinished ...>
665099 1790837243.415070 --- SIGURG {si_signo=SIGURG, si_code=SI_TKILL, si_pid=665088, si_uid=1000} ---
665137 1790837243.466488 <... pwrite64 resumed>) = 255 (DELAYED) <0.070112>
665120 1790837243.469316 pwrite64(30</tmp/TestLeaseAppendPressureFixedPlacement1574030781/001/node-1/jetstream/$G/streams/KV_WF_LEASE/msgs/1.blk>, "\221\0\0\200A\3\0\0\0\0\0\0Z\332(\17\374T\332\30&\0$KV.WF_LEA"..., 145, 139328 <unfinished ...>
665137 1790837243.513898 pwrite64(29</tmp/TestLeaseAppendPressureFixedPlacement1574030781/001/node-1/jetstream/$SYS/_js_/S-R3F-Cqy2Skni/msgs/1.blk>, "\377\0\0\0\221\2\0\0\0\0\0\0\31!/\26\374T\332\30\0\0000m6vARoZ\2\0"..., 255, 217741 <unfinished ...>
665120 1790837243.539473 <... pwrite64 resumed>) = 145 (DELAYED) <0.070100>
665137 1790837243.584023 <... pwrite64 resumed>) = 255 (DELAYED) <0.070053>
665120 1790837243.587241 pwrite64(30</tmp/TestLeaseAppendPressureFixedPlacement1574030781/001/node-1/jetstream/$G/streams/KV_WF_LEASE/msgs/1.blk>, "\221\0\0\200B\3\0\0\0\0\0\0\226\231)\26\374T\332\30&\0$KV.WF_LEA"..., 145, 139473 <unfinished ...>
665099 1790837243.592172 pwrite64(29</tmp/TestLeaseAppendPressureFixedPlacement1574030781/001/node-1/jetstream/$SYS/_js_/S-R3F-Cqy2Skni/msgs/1.blk>, "\21\1\0\0\222\2\0\0\0\0\0\0\371{\331\32\374T\332\30\0\0000m6vARoZ\2\0"..., 273, 217996 <unfinished ...>
665120 1790837243.658933 <... pwrite64 resumed>) = 145 (DELAYED) <0.071644>
665099 1790837243.662259 <... pwrite64 resumed>) = 273 (DELAYED) <0.070045>
665099 1790837243.662647 --- SIGURG {si_signo=SIGURG, si_code=SI_TKILL, si_pid=665088, si_uid=1000} ---
665099 1790837243.664158 pwrite64(29</tmp/TestLeaseAppendPressureFixedPlacement1574030781/001/node-1/jetstream/$SYS/_js_/S-R3F-Cqy2Skni/msgs/1.blk>, "\25\1\0\0\223\2\0\0\0\0\0\0\371\355#\37\374T\332\30\0\0000m6vARoZ\2\0"..., 277, 218269 <unfinished ...>
665137 1790837243.664792 pwrite64(30</tmp/TestLeaseAppendPressureFixedPlacement1574030781/001/node-1/jetstream/$G/streams/KV_WF_LEASE/msgs/1.blk>, "\243\0\0\200C\3\0\0\0\0\0\0\360z\325\32\374T\332\30&\0$KV.WF_LEA"..., 163, 139618 <unfinished ...>
665099 1790837243.734243 <... pwrite64 resumed>) = 277 (DELAYED) <0.070019>
665099 1790837243.734444 --- SIGURG {si_signo=SIGURG, si_code=SI_TKILL, si_pid=665088, si_uid=1000} ---
665137 1790837243.735335 <... pwrite64 resumed>) = 163 (DELAYED) <0.070507>
665137 1790837243.736453 pwrite64(29</tmp/TestLeaseAppendPressureFixedPlacement1574030781/001/node-1/jetstream/$SYS/_js_/S-R3F-Cqy2Skni/msgs/1.blk>, "\21\1\0\0\224\2\0\0\0\0\0\0001\"s#\374T\332\30\0\0000m6vARoZ\2\0"..., 273, 218546 <unfinished ...>
665099 1790837243.737001 pwrite64(30</tmp/TestLeaseAppendPressureFixedPlacement1574030781/001/node-1/jetstream/$G/streams/KV_WF_LEASE/msgs/1.blk>, "\247\0\0\200D\3\0\0\0\0\0\0\234\236\26\37\374T\332\30&\0$KV.WF_LEA"..., 167, 139781 <unfinished ...>
665137 1790837243.807161 <... pwrite64 resumed>) = 273 (DELAYED) <0.070325>
665099 1790837243.807205 <... pwrite64 resumed>) = 167 (DELAYED) <0.070182>
665137 1790837243.809302 --- SIGURG {si_signo=SIGURG, si_code=SI_TKILL, si_pid=665088, si_uid=1000} ---
665120 1790837243.812992 pwrite64(29</tmp/TestLeaseAppendPressureFixedPlacement1574030781/001/node-1/jetstream/$SYS/_js_/S-R3F-Cqy2Skni/msgs/1.blk>, "\25\1\0\0\225\2\0\0\0\0\0\0d\26\2(\374T\332\30\0\0000m6vARoZ\2\0"..., 277, 218819 <unfinished ...>
665112 1790837243.814636 pwrite64(30</tmp/TestLeaseAppendPressureFixedPlacement1574030781/001/node-1/jetstream/$G/streams/KV_WF_LEASE/msgs/1.blk>, "\243\0\0\200E\3\0\0\0\0\0\0002\257n#\374T\332\30&\0$KV.WF_LEA"..., 163, 139948 <unfinished ...>
665120 1790837243.883158 <... pwrite64 resumed>) = 277 (DELAYED) <0.070088>
665120 1790837243.883448 --- SIGURG {si_signo=SIGURG, si_code=SI_TKILL, si_pid=665088, si_uid=1000} ---
665112 1790837243.885228 <... pwrite64 resumed>) = 163 (DELAYED) <0.070553>
665099 1790837243.885951 pwrite64(29</tmp/TestLeaseAppendPressureFixedPlacement1574030781/001/node-1/jetstream/$SYS/_js_/S-R3F-Cqy2Skni/msgs/1.blk>, "\21\1\0\0\226\2\0\0\0\0\0\0\260\37\\,\374T\332\30\0\0000m6vARoZ\2\0"..., 273, 219096 <unfinished ...>
665137 1790837243.887747 pwrite64(30</tmp/TestLeaseAppendPressureFixedPlacement1574030781/001/node-1/jetstream/$G/streams/KV_WF_LEASE/msgs/1.blk>, "\247\0\0\200F\3\0\0\0\0\0\0@=\357'\374T\332\30&\0$KV.WF_LEA"..., 167, 140111 <unfinished ...>
665112 1790837243.915576 --- SIGURG {si_signo=SIGURG, si_code=SI_TKILL, si_pid=665088, si_uid=1000} ---
665120 1790837243.915956 --- SIGURG {si_signo=SIGURG, si_code=SI_TKILL, si_pid=665088, si_uid=1000} ---
665099 1790837243.956102 <... pwrite64 resumed>) = 273 (DELAYED) <0.070095>
665099 1790837243.956457 --- SIGURG {si_signo=SIGURG, si_code=SI_TKILL, si_pid=665088, si_uid=1000} ---
665137 1790837243.957787 <... pwrite64 resumed>) = 167 (DELAYED) <0.069997>
665137 1790837243.958889 pwrite64(29</tmp/TestLeaseAppendPressureFixedPlacement1574030781/001/node-1/jetstream/$SYS/_js_/S-R3F-Cqy2Skni/msgs/1.blk>, "\25\1\0\0\227\2\0\0\0\0\0\0/\10\2650\374T\332\30\0\0000m6vARoZ\2\0"..., 277, 219369 <unfinished ...>
665120 1790837243.960134 pwrite64(30</tmp/TestLeaseAppendPressureFixedPlacement1574030781/001/node-1/jetstream/$G/streams/KV_WF_LEASE/msgs/1.blk>, "\243\0\0\200G\3\0\0\0\0\0\0s0R,\374T\332\30&\0$KV.WF_LEA"..., 163, 140278 <unfinished ...>
665137 1790837244.028999 <... pwrite64 resumed>) = 277 (DELAYED) <0.070067>
665112 1790837244.029576 --- SIGURG {si_signo=SIGURG, si_code=SI_TKILL, si_pid=665088, si_uid=1000} ---
665137 1790837244.030097 --- SIGURG {si_signo=SIGURG, si_code=SI_TKILL, si_pid=665088, si_uid=1000} ---
665120 1790837244.030198 <... pwrite64 resumed>) = 163 (DELAYED) <0.070050>
665120 1790837244.030300 --- SIGURG {si_signo=SIGURG, si_code=SI_TKILL, si_pid=665088, si_uid=1000} ---
665121 1790837244.030661 pwrite64(29</tmp/TestLeaseAppendPressureFixedPlacement1574030781/001/node-1/jetstream/$SYS/_js_/S-R3F-Cqy2Skni/msgs/1.blk>, "\21\1\0\0\230\2\0\0\0\0\0\0\226}\3744\374T\332\30\0\0000m6vARoZ\2\0"..., 273, 219646 <unfinished ...>
665099 1790837244.031689 pwrite64(30</tmp/TestLeaseAppendPressureFixedPlacement1574030781/001/node-1/jetstream/$G/streams/KV_WF_LEASE/msgs/1.blk>, "\247\0\0\200H\3\0\0\0\0\0\0\252\t\2570\374T\332\30&\0$KV.WF_LEA"..., 167, 140441 <unfinished ...>
665121 1790837244.100864 <... pwrite64 resumed>) = 273 (DELAYED) <0.070172>
665121 1790837244.101187 --- SIGURG {si_signo=SIGURG, si_code=SI_TKILL, si_pid=665088, si_uid=1000} ---
665099 1790837244.101740 <... pwrite64 resumed>) = 167 (DELAYED) <0.070010>
665137 1790837244.103531 pwrite64(29</tmp/TestLeaseAppendPressureFixedPlacement1574030781/001/node-1/jetstream/$SYS/_js_/S-R3F-Cqy2Skni/msgs/1.blk>, "\25\1\0\0\231\2\0\0\0\0\0\0\327ST9\374T\332\30\0\0000m6vARoZ\2\0"..., 277, 219919 <unfinished ...>
665099 1790837244.104670 pwrite64(30</tmp/TestLeaseAppendPressureFixedPlacement1574030781/001/node-1/jetstream/$G/streams/KV_WF_LEASE/msgs/1.blk>, "\243\0\0\200I\3\0\0\0\0\0\0\2073\3714\374T\332\30&\0$KV.WF_LEA"..., 163, 140608 <unfinished ...>
665137 1790837244.173619 <... pwrite64 resumed>) = 277 (DELAYED) <0.070045>
665137 1790837244.174035 --- SIGURG {si_signo=SIGURG, si_code=SI_TKILL, si_pid=665088, si_uid=1000} ---
665099 1790837244.175134 <... pwrite64 resumed>) = 163 (DELAYED) <0.070446>
665099 1790837244.175308 pwrite64(29</tmp/TestLeaseAppendPressureFixedPlacement1574030781/001/node-1/jetstream/$SYS/_js_/S-R3F-Cqy2Skni/msgs/1.blk>, "\21\1\0\0\232\2\0\0\0\0\0\0\333\235\233=\374T\332\30\0\0000m6vARoZ\2\0"..., 273, 220196 <unfinished ...>
665121 1790837244.176424 pwrite64(30</tmp/TestLeaseAppendPressureFixedPlacement1574030781/001/node-1/jetstream/$G/streams/KV_WF_LEASE/msgs/1.blk>, "\247\0\0\200J\3\0\0\0\0\0\0\255bO9\374T\332\30&\0$KV.WF_LEA"..., 167, 140771 <unfinished ...>
665099 1790837244.245423 <... pwrite64 resumed>) = 273 (DELAYED) <0.070086>
665099 1790837244.245626 --- SIGURG {si_signo=SIGURG, si_code=SI_TKILL, si_pid=665088, si_uid=1000} ---
665121 1790837244.246531 <... pwrite64 resumed>) = 167 (DELAYED) <0.070097>
665099 1790837244.247053 pwrite64(29</tmp/TestLeaseAppendPressureFixedPlacement1574030781/001/node-1/jetstream/$SYS/_js_/S-R3F-Cqy2Skni/msgs/1.blk>, "\25\1\0\0\233\2\0\0\0\0\0\0\214P\342A\374T\332\30\0\0000m6vARoZ\2\0"..., 277, 220469 <unfinished ...>
665120 1790837244.248146 pwrite64(30</tmp/TestLeaseAppendPressureFixedPlacement1574030781/001/node-1/jetstream/$G/streams/KV_WF_LEASE/msgs/1.blk>, "\243\0\0\200K\3\0\0\0\0\0\0\350\311\230=\374T\332\30&\0$KV.WF_LEA"..., 163, 140938 <unfinished ...>
665121 1790837244.280705 --- SIGURG {si_signo=SIGURG, si_code=SI_TKILL, si_pid=665088, si_uid=1000} ---
665121 1790837244.280951 --- SIGURG {si_signo=SIGURG, si_code=SI_TKILL, si_pid=665088, si_uid=1000} ---
665099 1790837244.317140 <... pwrite64 resumed>) = 277 (DELAYED) <0.070049>
665099 1790837244.317289 --- SIGURG {si_signo=SIGURG, si_code=SI_TKILL, si_pid=665088, si_uid=1000} ---
665099 1790837244.317373 pwrite64(29</tmp/TestLeaseAppendPressureFixedPlacement1574030781/001/node-1/jetstream/$SYS/_js_/S-R3F-Cqy2Skni/msgs/1.blk>, "\332\0\0\0\234\2\0\0\0\0\0\0U*\23F\374T\332\30\0\0000m6vARoZ\2\0"..., 218, 220746 <unfinished ...>
665120 1790837244.318291 <... pwrite64 resumed>) = 163 (DELAYED) <0.070130>
665099 1790837244.387485 <... pwrite64 resumed>) = 218 (DELAYED) <0.070081>
665120 1790837244.387962 pwrite64(29</tmp/TestLeaseAppendPressureFixedPlacement1574030781/001/node-1/jetstream/$SYS/_js_/S-R3F-Cqy2Skni/msgs/1.blk>, "\21\1\0\0\235\2\0\0\0\0\0\0SlFJ\374T\332\30\0\0000m6vARoZ\2\0"..., 273, 220964 <unfinished ...>
665099 1790837244.387989 --- SIGURG {si_signo=SIGURG, si_code=SI_TKILL, si_pid=665088, si_uid=1000} ---
665137 1790837244.389279 pwrite64(30</tmp/TestLeaseAppendPressureFixedPlacement1574030781/001/node-1/jetstream/$G/streams/KV_WF_LEASE/msgs/1.blk>, "\247\0\0\200L\3\0\0\0\0\0\0\366o\337A\374T\332\30&\0$KV.WF_LEA"..., 167, 141101 <unfinished ...>
665112 1790837244.415048 --- SIGURG {si_signo=SIGURG, si_code=SI_TKILL, si_pid=665088, si_uid=1000} ---
665120 1790837244.458096 <... pwrite64 resumed>) = 273 (DELAYED) <0.070108>
665120 1790837244.458458 --- SIGURG {si_signo=SIGURG, si_code=SI_TKILL, si_pid=665088, si_uid=1000} ---
665137 1790837244.459368 <... pwrite64 resumed>) = 167 (DELAYED) <0.070031>
665121 1790837244.459969 pwrite64(29</tmp/TestLeaseAppendPressureFixedPlacement1574030781/001/node-1/jetstream/$SYS/_js_/S-R3F-Cqy2Skni/msgs/1.blk>, "\25\1\0\0\236\2\0\0\0\0\0\0\305P\222N\374T\332\30\0\0000m6vARoZ\2\0"..., 277, 221237 <unfinished ...>
665099 1790837244.463349 pwrite64(30</tmp/TestLeaseAppendPressureFixedPlacement1574030781/001/node-1/jetstream/$G/streams/KV_WF_LEASE/msgs/1.blk>, "\222\0\0\200M\3\0\0\0\0\0\0\354\340-D\374T\332\30&\0$KV.WF_LEA"..., 309, 141268 <unfinished ...>
665121 1790837244.530099 <... pwrite64 resumed>) = 277 (DELAYED) <0.070069>
665121 1790837244.531899 --- SIGURG {si_signo=SIGURG, si_code=SI_TKILL, si_pid=665088, si_uid=1000} ---
665099 1790837244.533465 <... pwrite64 resumed>) = 309 (DELAYED) <0.070068>
665137 1790837244.535130 pwrite64(30</tmp/TestLeaseAppendPressureFixedPlacement1574030781/001/node-1/jetstream/$G/streams/KV_WF_LEASE/msgs/1.blk>, "\247\0\0\200O\3\0\0\0\0\0\0\236\321\210N\374T\332\30&\0$KV.WF_LEA"..., 167, 141577 <unfinished ...>
665120 1790837244.535233 pwrite64(29</tmp/TestLeaseAppendPressureFixedPlacement1574030781/001/node-1/jetstream/$SYS/_js_/S-R3F-Cqy2Skni/msgs/1.blk>, "\21\1\0\0\237\2\0\0\0\0\0\0y\203\17S\374T\332\30\0\0000m6vARoZ\2\0"..., 273, 221514 <unfinished ...>
665137 1790837244.605539 <... pwrite64 resumed>) = 167 (DELAYED) <0.070347>
665120 1790837244.605606 <... pwrite64 resumed>) = 273 (DELAYED) <0.070356>
665120 1790837244.607574 --- SIGURG {si_signo=SIGURG, si_code=SI_TKILL, si_pid=665088, si_uid=1000} ---
665137 1790837244.610609 pwrite64(29</tmp/TestLeaseAppendPressureFixedPlacement1574030781/001/node-1/jetstream/$SYS/_js_/S-R3F-Cqy2Skni/msgs/1.blk>, "\25\1\0\0\240\2\0\0\0\0\0\0T\274\215W\374T\332\30\0\0000m6vARoZ\2\0"..., 277, 221787 <unfinished ...>
665121 1790837244.610689 pwrite64(30</tmp/TestLeaseAppendPressureFixedPlacement1574030781/001/node-1/jetstream/$G/streams/KV_WF_LEASE/msgs/1.blk>, "\243\0\0\200P\3\0\0\0\0\0\0\375q\4S\374T\332\30&\0$KV.WF_LEA"..., 163, 141744 <unfinished ...>
665137 1790837244.680748 <... pwrite64 resumed>) = 277 (DELAYED) <0.070097>
665121 1790837244.680806 <... pwrite64 resumed>) = 163 (DELAYED) <0.070099>
665137 1790837244.681251 --- SIGURG {si_signo=SIGURG, si_code=SI_TKILL, si_pid=665088, si_uid=1000} ---
665121 1790837244.682284 pwrite64(29</tmp/TestLeaseAppendPressureFixedPlacement1574030781/001/node-1/jetstream/$SYS/_js_/S-R3F-Cqy2Skni/msgs/1.blk>, "\21\1\0\0\241\2\0\0\0\0\0\0\356w\323[\374T\332\30\0\0000m6vARoZ\2\0"..., 273, 222064 <unfinished ...>
665137 1790837244.683373 pwrite64(30</tmp/TestLeaseAppendPressureFixedPlacement1574030781/001/node-1/jetstream/$G/streams/KV_WF_LEASE/msgs/1.blk>, "\247\0\0\200Q\3\0\0\0\0\0\0\327\236\210W\374T\332\30&\0$KV.WF_LEA"..., 167, 141907 <unfinished ...>
665121 1790837244.752475 <... pwrite64 resumed>) = 273 (DELAYED) <0.070158>
665121 1790837244.752664 --- SIGURG {si_signo=SIGURG, si_code=SI_TKILL, si_pid=665088, si_uid=1000} ---
665137 1790837244.753736 <... pwrite64 resumed>) = 167 (DELAYED) <0.070343>
665137 1790837244.753885 pwrite64(29</tmp/TestLeaseAppendPressureFixedPlacement1574030781/001/node-1/jetstream/$SYS/_js_/S-R3F-Cqy2Skni/msgs/1.blk>, "\25\1\0\0\242\2\0\0\0\0\0\0\231\377\27`\374T\332\30\0\0000m6vARoZ\2\0"..., 277, 222337 <unfinished ...>
665121 1790837244.755197 pwrite64(30</tmp/TestLeaseAppendPressureFixedPlacement1574030781/001/node-1/jetstream/$G/streams/KV_WF_LEASE/msgs/1.blk>, "\243\0\0\200R\3\0\0\0\0\0\0ln\320[\374T\332\30&\0$KV.WF_LEA"..., 163, 142074 <unfinished ...>
665137 1790837244.823977 <... pwrite64 resumed>) = 277 (DELAYED) <0.070059>
665137 1790837244.824126 --- SIGURG {si_signo=SIGURG, si_code=SI_TKILL, si_pid=665088, si_uid=1000} ---
665121 1790837244.825340 <... pwrite64 resumed>) = 163 (DELAYED) <0.070122>
665099 1790837244.826894 pwrite64(30</tmp/TestLeaseAppendPressureFixedPlacement1574030781/001/node-1/jetstream/$G/streams/KV_WF_LEASE/msgs/1.blk>, "\247\0\0\200S\3\0\0\0\0\0\0\240\17\24`\374T\332\30&\0$KV.WF_LEA"..., 167, 142237 <unfinished ...>
665137 1790837244.827159 pwrite64(29</tmp/TestLeaseAppendPressureFixedPlacement1574030781/001/node-1/jetstream/$SYS/_js_/S-R3F-Cqy2Skni/msgs/1.blk>, "\251\6\0\0\243\2\0\0\0\0\0\0\217\32vd\374T\332\30\0\0000m6vARoZ\2\0"..., 1705, 222614 <unfinished ...>
665099 1790837244.896983 <... pwrite64 resumed>) = 167 (DELAYED) <0.070042>
665137 1790837244.897208 <... pwrite64 resumed>) = 1705 (DELAYED) <0.070023>
665137 1790837244.897529 --- SIGURG {si_signo=SIGURG, si_code=SI_TKILL, si_pid=665088, si_uid=1000} ---
665137 1790837244.899410 pwrite64(30</tmp/TestLeaseAppendPressureFixedPlacement1574030781/001/node-1/jetstream/$G/streams/KV_WF_LEASE/msgs/1.blk>, "\247\0\0\200T\3\0\0\0\0\0\0\231\374pd\374T\332\30&\0$KV.WF_LEA"..., 1336, 142404 <unfinished ...>
665112 1790837244.899768 pwrite64(23</tmp/TestLeaseAppendPressureFixedPlacement1574030781/001/node-1/jetstream/$SYS/_js_/S-R3F-q7IG3WJb/msgs/2.blk>, "+\1\0\0\371\1\0\0\0\0\0\0\233\334\311h\374T\332\30\0\0St9I6EVH\1\0"..., 299, 244058 <unfinished ...>
665120 1790837244.915752 --- SIGURG {si_signo=SIGURG, si_code=SI_TKILL, si_pid=665088, si_uid=1000} ---
665120 1790837244.916000 --- SIGURG {si_signo=SIGURG, si_code=SI_TKILL, si_pid=665088, si_uid=1000} ---
665137 1790837244.969774 <... pwrite64 resumed>) = 1336 (DELAYED) <0.070318>
665112 1790837244.970098 <... pwrite64 resumed>) = 299 (DELAYED) <0.070314>
665137 1790837244.971178 --- SIGURG {si_signo=SIGURG, si_code=SI_TKILL, si_pid=665088, si_uid=1000} ---
665112 1790837244.971342 --- SIGURG {si_signo=SIGURG, si_code=SI_TKILL, si_pid=665088, si_uid=1000} ---
665095 1790837244.971412 pwrite64(23</tmp/TestLeaseAppendPressureFixedPlacement1574030781/001/node-1/jetstream/$SYS/_js_/S-R3F-q7IG3WJb/msgs/2.blk>, "w\6\0\0\372\1\0\0\0\0\0\0\25\244\16m\374T\332\30\0\0St9I6EVH\1\0"..., 1655, 244357 <unfinished ...>
665112 1790837244.972034 --- SIGURG {si_signo=SIGURG, si_code=SI_TKILL, si_pid=665088, si_uid=1000} ---
665095 1790837245.041512 <... pwrite64 resumed>) = 1655 (DELAYED) <0.070058>
665095 1790837245.041680 --- SIGURG {si_signo=SIGURG, si_code=SI_TKILL, si_pid=665088, si_uid=1000} ---
665112 1790837245.042995 pwrite64(29</tmp/TestLeaseAppendPressureFixedPlacement1574030781/001/node-1/jetstream/$SYS/_js_/S-R3F-Cqy2Skni/msgs/1.blk>, "\25\1\0\0\244\2\0\0\0\0\0\0\310sSq\374T\332\30\0\0000m6vARoZ\2\0"..., 277, 224319 <unfinished ...>
665095 1790837245.045350 pwrite64(24</tmp/TestLeaseAppendPressureFixedPlacement1574030781/001/node-1/jetstream/$G/streams/WF_JRN/msgs/1.blk>, "\275\0\0\200\242\2\0\0\0\0\0\0\34]\311h\374T\332\30 \0wf.jrn.pre"..., 1512, 182408 <unfinished ...>
665112 1790837245.113103 <... pwrite64 resumed>) = 277 (DELAYED) <0.070068>
665112 1790837245.113373 --- SIGURG {si_signo=SIGURG, si_code=SI_TKILL, si_pid=665088, si_uid=1000} ---
665121 1790837245.113455 pwrite64(29</tmp/TestLeaseAppendPressureFixedPlacement1574030781/001/node-1/jetstream/$SYS/_js_/S-R3F-Cqy2Skni/msgs/1.blk>, "y\3\0\0\245\2\0\0\0\0\0\0\tj\206u\374T\332\30\0\0000m6vARoZ\2\0"..., 889, 224596 <unfinished ...>
665095 1790837245.115389 <... pwrite64 resumed>) = 1512 (DELAYED) <0.070018>
665112 1790837245.116838 pwrite64(23</tmp/TestLeaseAppendPressureFixedPlacement1574030781/001/node-1/jetstream/$SYS/_js_/S-R3F-q7IG3WJb/msgs/2.blk>, "\256\1\0\0\373\1\0\0\0\0\0\0\247B\272u\374T\332\30\0\0St9I6EVH\1\0"..., 430, 246012 <unfinished ...>
665121 1790837245.183755 <... pwrite64 resumed>) = 889 (DELAYED) <0.070273>
665121 1790837245.184021 --- SIGURG {si_signo=SIGURG, si_code=SI_TKILL, si_pid=665088, si_uid=1000} ---
665095 1790837245.184197 pwrite64(29</tmp/TestLeaseAppendPressureFixedPlacement1574030781/001/node-1/jetstream/$SYS/_js_/S-R3F-Cqy2Skni/msgs/1.blk>, "\25\1\0\0\246\2\0\0\0\0\0\0\347\265\275y\374T\332\30\0\0000m6vARoZ\2\0"..., 277, 225485 <unfinished ...>
665112 1790837245.186866 <... pwrite64 resumed>) = 430 (DELAYED) <0.070010>
665137 1790837245.188799 pwrite64(24</tmp/TestLeaseAppendPressureFixedPlacement1574030781/001/node-1/jetstream/$G/streams/WF_JRN/msgs/1.blk>, "@\1\0\200\252\2\0\0\0\0\0\0\232\r\272u\374T\332\30 \0wf.jrn.pre"..., 320, 183920 <unfinished ...>
665112 1790837245.221765 --- SIGURG {si_signo=SIGURG, si_code=SI_TKILL, si_pid=665088, si_uid=1000} ---
665095 1790837245.254333 <... pwrite64 resumed>) = 277 (DELAYED) <0.070093>
665095 1790837245.254615 pwrite64(29</tmp/TestLeaseAppendPressureFixedPlacement1574030781/001/node-1/jetstream/$SYS/_js_/S-R3F-Cqy2Skni/msgs/1.blk>, "\341\1\0\0\247\2\0\0\0\0\0\0\223\25\360}\374T\332\30\0\0000m6vARoZ\2\0"..., 481, 225762 <unfinished ...>
665137 1790837245.258881 <... pwrite64 resumed>) = 320 (DELAYED) <0.070047>
665121 1790837245.260606 pwrite64(23</tmp/TestLeaseAppendPressureFixedPlacement1574030781/001/node-1/jetstream/$SYS/_js_/S-R3F-q7IG3WJb/msgs/2.blk>, "x\4\0\0\374\1\0\0\0\0\0\0\277\316K~\374T\332\30\0\0St9I6EVH\1\0"..., 1144, 246442 <unfinished ...>
665137 1790837245.280913 --- SIGURG {si_signo=SIGURG, si_code=SI_TKILL, si_pid=665088, si_uid=1000} ---
665095 1790837245.326361 <... pwrite64 resumed>) = 481 (DELAYED) <0.071698>
665095 1790837245.327299 --- SIGURG {si_signo=SIGURG, si_code=SI_TKILL, si_pid=665088, si_uid=1000} ---
665099 1790837245.327349 pwrite64(29</tmp/TestLeaseAppendPressureFixedPlacement1574030781/001/node-1/jetstream/$SYS/_js_/S-R3F-Cqy2Skni/msgs/1.blk>, "\336\1\0\0\250\2\0\0\0\0\0\0K\242E\202\374T\332\30\0\0000m6vARoZ\2\0"..., 478, 226243 <unfinished ...>
665137 1790837245.330144 pwrite64(30</tmp/TestLeaseAppendPressureFixedPlacement1574030781/001/node-1/jetstream/$G/streams/KV_WF_LEASE/msgs/1.blk>, "\247\0\0\200\\\3\0\0\0\0\0\09rNq\374T\332\30&\0$KV.WF_LEA"..., 167, 143740 <unfinished ...>
665121 1790837245.330656 <... pwrite64 resumed>) = 1144 (DELAYED) <0.069994>
665121 1790837245.330751 pwrite64(23</tmp/TestLeaseAppendPressureFixedPlacement1574030781/001/node-1/jetstream/$SYS/_js_/S-R3F-q7IG3WJb/msgs/2.blk>, "\23\3\0\0\375\1\0\0\0\0\0\0\3671z\202\374T\332\30\0\0St9I6EVH\1\0"..., 787, 247586 <unfinished ...>
665112 1790837245.359797 --- SIGURG {si_signo=SIGURG, si_code=SI_TKILL, si_pid=665088, si_uid=1000} ---
665099 1790837245.398967 <... pwrite64 resumed>) = 478 (DELAYED) <0.071582>
665095 1790837245.399707 pwrite64(29</tmp/TestLeaseAppendPressureFixedPlacement1574030781/001/node-1/jetstream/$SYS/_js_/S-R3F-Cqy2Skni/msgs/1.blk>, "\25\1\0\0\251\2\0\0\0\0\0\0i/\226\206\374T\332\30\0\0000m6vARoZ\2\0"..., 277, 226721 <unfinished ...>
665137 1790837245.400256 <... pwrite64 resumed>) = 167 (DELAYED) <0.070065>
665121 1790837245.400807 <... pwrite64 resumed>) = 787 (DELAYED) <0.070040>
665121 1790837245.400876 pwrite64(23</tmp/TestLeaseAppendPressureFixedPlacement1574030781/001/node-1/jetstream/$SYS/_js_/S-R3F-q7IG3WJb/msgs/2.blk>, "\23\3\0\0\376\1\0\0\0\0\0\0UE\250\206\374T\332\30\0\0St9I6EVH\1\0"..., 787, 248373 <unfinished ...>
665099 1790837245.400892 --- SIGURG {si_signo=SIGURG, si_code=SI_TKILL, si_pid=665088, si_uid=1000} ---
665137 1790837245.404579 pwrite64(30</tmp/TestLeaseAppendPressureFixedPlacement1574030781/001/node-1/jetstream/$G/streams/KV_WF_LEASE/msgs/1.blk>, "\247\0\0\200]\3\0\0\0\0\0\0?H_q\374T\332\30&\0$KV.WF_LEA"..., 668, 143907 <unfinished ...>
665112 1790837245.415014 --- SIGURG {si_signo=SIGURG, si_code=SI_TKILL, si_pid=665088, si_uid=1000} ---
665095 1790837245.469874 <... pwrite64 resumed>) = 277 (DELAYED) <0.070126>
665121 1790837245.470914 <... pwrite64 resumed>) = 787 (DELAYED) <0.070024>
665097 1790837245.472634 pwrite64(29</tmp/TestLeaseAppendPressureFixedPlacement1574030781/001/node-1/jetstream/$SYS/_js_/S-R3F-Cqy2Skni/msgs/1.blk>, "\335\5\0\0\252\2\0\0\0\0\0\0001M\357\212\374T\332\30\0\0000m6vARoZ\2\0"..., 1501, 226998 <unfinished ...>
665121 1790837245.472798 --- SIGURG {si_signo=SIGURG, si_code=SI_TKILL, si_pid=665088, si_uid=1000} ---
665099 1790837245.472813 pwrite64(24</tmp/TestLeaseAppendPressureFixedPlacement1574030781/001/node-1/jetstream/$G/streams/WF_JRN/msgs/1.blk>, "@\1\0\200\253\2\0\0\0\0\0\0n<K~\374T\332\30 \0wf.jrn.pre"..., 2240, 184240 <unfinished ...>
665137 1790837245.474603 <... pwrite64 resumed>) = 668 (DELAYED) <0.069995>
665112 1790837245.475926 pwrite64(30</tmp/TestLeaseAppendPressureFixedPlacement1574030781/001/node-1/jetstream/$G/streams/KV_WF_LEASE/msgs/1.blk>, "\247\0\0\200a\3\0\0\0\0\0\0\242\265bq\374T\332\30&\0$KV.WF_LEA"..., 167, 144575 <unfinished ...>
665137 1790837245.489563 --- SIGURG {si_signo=SIGURG, si_code=SI_TKILL, si_pid=665088, si_uid=1000} ---
665137 1790837245.489675 --- SIGURG {si_signo=SIGURG, si_code=SI_TKILL, si_pid=665088, si_uid=1000} ---
665097 1790837245.542752 <... pwrite64 resumed>) = 1501 (DELAYED) <0.070087>
665099 1790837245.542848 <... pwrite64 resumed>) = 2240 (DELAYED) <0.070027>
665099 1790837245.543160 pwrite64(23</tmp/TestLeaseAppendPressureFixedPlacement1574030781/001/node-1/jetstream/$SYS/_js_/S-R3F-q7IG3WJb/msgs/2.blk>, "M\1\0\0\377\1\0\0\0\0\0\0\251Z#\217\374T\332\30\0\0St9I6EVH\1\0"..., 333, 249160 <unfinished ...>
665112 1790837245.546028 <... pwrite64 resumed>) = 167 (DELAYED) <0.070082>
665112 1790837245.549519 pwrite64(30</tmp/TestLeaseAppendPressureFixedPlacement1574030781/001/node-1/jetstream/$G/streams/KV_WF_LEASE/msgs/1.blk>, "\247\0\0\200b\3\0\0\0\0\0\0\354\10cq\374T\332\30&\0$KV.WF_LEA"..., 1820, 144742 <unfinished ...>
665099 1790837245.613547 <... pwrite64 resumed>) = 333 (DELAYED) <0.070350>
665099 1790837245.613872 --- SIGURG {si_signo=SIGURG, si_code=SI_TKILL, si_pid=665088, si_uid=1000} ---
665095 1790837245.614107 pwrite64(23</tmp/TestLeaseAppendPressureFixedPlacement1574030781/001/node-1/jetstream/$SYS/_js_/S-R3F-q7IG3WJb/msgs/2.blk>, "e\7\0\0\0\2\0\0\0\0\0\0x%]\223\374T\332\30\0\0St9I6EVH\1\0"..., 1893, 249493 <unfinished ...>
665099 1790837245.614175 --- SIGURG {si_signo=SIGURG, si_code=SI_TKILL, si_pid=665088, si_uid=1000} ---
665112 1790837245.619591 <... pwrite64 resumed>) = 1820 (DELAYED) <0.070036>
665095 1790837245.684318 <... pwrite64 resumed>) = 1893 (DELAYED) <0.070166>
665095 1790837245.684594 --- SIGURG {si_signo=SIGURG, si_code=SI_TKILL, si_pid=665088, si_uid=1000} ---
665112 1790837245.687965 pwrite64(29</tmp/TestLeaseAppendPressureFixedPlacement1574030781/001/node-1/jetstream/$SYS/_js_/S-R3F-Cqy2Skni/msgs/1.blk>, "\25\1\0\0\253\2\0\0\0\0\0\0\210\252\304\227\374T\332\30\0\0000m6vARoZ\2\0"..., 277, 228499 <unfinished ...>
665095 1790837245.690625 pwrite64(24</tmp/TestLeaseAppendPressureFixedPlacement1574030781/001/node-1/jetstream/$G/streams/WF_JRN/msgs/1.blk>, "\337\0\0\200\262\2\0\0\0\0\0\0\231\227\"\217\374T\332\30 \0wf.jrn.pre"..., 1784, 186480 <unfinished ...>
665112 1790837245.758080 <... pwrite64 resumed>) = 277 (DELAYED) <0.070055>
665112 1790837245.758408 --- SIGURG {si_signo=SIGURG, si_code=SI_TKILL, si_pid=665088, si_uid=1000} ---
665120 1790837245.758526 pwrite64(29</tmp/TestLeaseAppendPressureFixedPlacement1574030781/001/node-1/jetstream/$SYS/_js_/S-R3F-Cqy2Skni/msgs/1.blk>, "E\4\0\0\254\2\0\0\0\0\0\0Z\203\371\233\374T\332\30\0\0000m6vARoZ\2\0"..., 1093, 228776 <unfinished ...>
665095 1790837245.760661 <... pwrite64 resumed>) = 1784 (DELAYED) <0.070006>
665112 1790837245.761333 pwrite64(23</tmp/TestLeaseAppendPressureFixedPlacement1574030781/001/node-1/jetstream/$SYS/_js_/S-R3F-q7IG3WJb/msgs/2.blk>, "\256\1\0\0\1\2\0\0\0\0\0\0Qu$\234\374T\332\30\0\0St9I6EVH\1\0"..., 430, 251386 <unfinished ...>
665120 1790837245.828637 <... pwrite64 resumed>) = 1093 (DELAYED) <0.070084>
665120 1790837245.828893 pwrite64(29</tmp/TestLeaseAppendPressureFixedPlacement1574030781/001/node-1/jetstream/$SYS/_js_/S-R3F-Cqy2Skni/msgs/1.blk>, "\25\1\0\0\255\2\0\0\0\0\0\0\334\31+\240\374T\332\30\0\0000m6vARoZ\2\0"..., 277, 229869 <unfinished ...>
665112 1790837245.831381 <... pwrite64 resumed>) = 430 (DELAYED) <0.070031>
665112 1790837245.831459 pwrite64(23</tmp/TestLeaseAppendPressureFixedPlacement1574030781/001/node-1/jetstream/$SYS/_js_/S-R3F-q7IG3WJb/msgs/2.blk>, "\23\3\0\0\2\2\0\0\0\0\0\0\36.R\240\374T\332\30\0\0St9I6EVH\1\0"..., 787, 251816 <unfinished ...>
665120 1790837245.899035 <... pwrite64 resumed>) = 277 (DELAYED) <0.070100>
665120 1790837245.899106 --- SIGURG {si_signo=SIGURG, si_code=SI_TKILL, si_pid=665088, si_uid=1000} ---
665097 1790837245.899578 pwrite64(29</tmp/TestLeaseAppendPressureFixedPlacement1574030781/001/node-1/jetstream/$SYS/_js_/S-R3F-Cqy2Skni/msgs/1.blk>, "\25\1\0\0\256\2\0\0\0\0\0\0\304\252a\244\374T\332\30\0\0000m6vARoZ\2\0"..., 277, 230146 <unfinished ...>
665120 1790837245.899628 --- SIGURG {si_signo=SIGURG, si_code=SI_TKILL, si_pid=665088, si_uid=1000} ---
665112 1790837245.901498 <... pwrite64 resumed>) = 787 (DELAYED) <0.070023>
665112 1790837245.901618 pwrite64(23</tmp/TestLeaseAppendPressureFixedPlacement1574030781/001/node-1/jetstream/$SYS/_js_/S-R3F-q7IG3WJb/msgs/2.blk>, "x\4\0\0\3\2\0\0\0\0\0\0Y\355\200\244\374T\332\30\0\0St9I6EVH\1\0"..., 1144, 252603 <unfinished ...>
665121 1790837245.903012 pwrite64(24</tmp/TestLeaseAppendPressureFixedPlacement1574030781/001/node-1/jetstream/$G/streams/WF_JRN/msgs/1.blk>, "@\1\0\200\272\2\0\0\0\0\0\0RA$\234\374T\332\30 \0wf.jrn.pre"..., 320, 188264 <unfinished ...>
665097 1790837245.971125 <... pwrite64 resumed>) = 277 (DELAYED) <0.071505>
665112 1790837245.971737 <... pwrite64 resumed>) = 1144 (DELAYED) <0.070075>
665112 1790837245.971938 pwrite64(23</tmp/TestLeaseAppendPressureFixedPlacement1574030781/001/node-1/jetstream/$SYS/_js_/S-R3F-q7IG3WJb/msgs/2.blk>, "\256\1\0\0\4\2\0\0\0\0\0\0005~\261\250\374T\332\30\0\0St9I6EVH\1\0"..., 430, 253747 <unfinished ...>
665097 1790837245.972041 --- SIGURG {si_signo=SIGURG, si_code=SI_TKILL, si_pid=665088, si_uid=1000} ---
665120 1790837245.972154 pwrite64(29</tmp/TestLeaseAppendPressureFixedPlacement1574030781/001/node-1/jetstream/$SYS/_js_/S-R3F-Cqy2Skni/msgs/1.blk>, "\321\2\0\0\257\2\0\0\0\0\0\0g4\265\250\374T\332\30\0\0000m6vARoZ\2\0"..., 721, 230423 <unfinished ...>
665121 1790837245.974030 <... pwrite64 resumed>) = 320 (DELAYED) <0.070982>
665112 1790837246.042173 <... pwrite64 resumed>) = 430 (DELAYED) <0.070183>
665120 1790837246.042279 <... pwrite64 resumed>) = 721 (DELAYED) <0.070111>
665120 1790837246.042425 pwrite64(29</tmp/TestLeaseAppendPressureFixedPlacement1574030781/001/node-1/jetstream/$SYS/_js_/S-R3F-Cqy2Skni/msgs/1.blk>, "\25\1\0\0\260\2\0\0\0\0\0\0\355\32\345\254\374T\332\30\0\0000m6vARoZ\2\0"..., 277, 231144 <unfinished ...>
665112 1790837246.042499 --- SIGURG {si_signo=SIGURG, si_code=SI_TKILL, si_pid=665088, si_uid=1000} ---
665099 1790837246.042846 --- SIGURG {si_signo=SIGURG, si_code=SI_TKILL, si_pid=665088, si_uid=1000} ---
665099 1790837246.043324 --- SIGURG {si_signo=SIGURG, si_code=SI_TKILL, si_pid=665088, si_uid=1000} ---
665099 1790837246.043567 --- SIGURG {si_signo=SIGURG, si_code=SI_TKILL, si_pid=665088, si_uid=1000} ---
665099 1790837246.043841 --- SIGURG {si_signo=SIGURG, si_code=SI_TKILL, si_pid=665088, si_uid=1000} ---
665099 1790837246.044639 --- SIGURG {si_signo=SIGURG, si_code=SI_TKILL, si_pid=665088, si_uid=1000} ---
665097 1790837246.044687 pwrite64(23</tmp/TestLeaseAppendPressureFixedPlacement1574030781/001/node-1/jetstream/$SYS/_js_/S-R3F-q7IG3WJb/msgs/2.blk>, "\256\1\0\0\5\2\0\0\0\0\0\0\245h\0\255\374T\332\30\0\0St9I6EVH\1\0"..., 430, 254177 <unfinished ...>
665099 1790837246.045072 --- SIGURG {si_signo=SIGURG, si_code=SI_TKILL, si_pid=665088, si_uid=1000} ---
665099 1790837246.045256 pwrite64(24</tmp/TestLeaseAppendPressureFixedPlacement1574030781/001/node-1/jetstream/$G/streams/WF_JRN/msgs/1.blk>, "@\1\0\200\273\2\0\0\0\0\0\0P\23I\240\374T\332\30 \0wf.jrn.pre"..., 640, 188584 <unfinished ...>
665112 1790837246.046568 pwrite64(30</tmp/TestLeaseAppendPressureFixedPlacement1574030781/001/node-1/jetstream/$G/streams/KV_WF_LEASE/msgs/1.blk>, "\247\0\0\200l\3\0\0\0\0\0\0000N\257\227\374T\332\30&\0$KV.WF_LEA"..., 167, 146562 <unfinished ...>
665120 1790837246.112623 <... pwrite64 resumed>) = 277 (DELAYED) <0.070144>
665120 1790837246.112972 --- SIGURG {si_signo=SIGURG, si_code=SI_TKILL, si_pid=665088, si_uid=1000} ---
665120 1790837246.113131 pwrite64(29</tmp/TestLeaseAppendPressureFixedPlacement1574030781/001/node-1/jetstream/$SYS/_js_/S-R3F-Cqy2Skni/msgs/1.blk>, "\25\1\0\0\261\2\0\0\0\0\0\0]\313\33\261\374T\332\30\0\0000m6vARoZ\2\0"..., 277, 231421 <unfinished ...>
665097 1790837246.115189 <... pwrite64 resumed>) = 430 (DELAYED) <0.070469>
665099 1790837246.115343 <... pwrite64 resumed>) = 640 (DELAYED) <0.070060>
665095 1790837246.115564 --- SIGURG {si_signo=SIGURG, si_code=SI_TKILL, si_pid=665088, si_uid=1000} ---
665112 1790837246.117118 <... pwrite64 resumed>) = 167 (DELAYED) <0.070521>
665099 1790837246.117197 pwrite64(24</tmp/TestLeaseAppendPressureFixedPlacement1574030781/001/node-1/jetstream/$G/streams/WF_JRN/msgs/1.blk>, "@\1\0\200\275\2\0\0\0\0\0\0\263\26V\240\374T\332\30 \0wf.jrn.pre"..., 1280, 189224 <unfinished ...>
665095 1790837246.120685 pwrite64(30</tmp/TestLeaseAppendPressureFixedPlacement1574030781/001/node-1/jetstream/$G/streams/KV_WF_LEASE/msgs/1.blk>, "\247\0\0\200m\3\0\0\0\0\0\0\253\362\276\227\374T\332\30&\0$KV.WF_LEA"..., 835, 146729 <unfinished ...>
665120 1790837246.183305 <... pwrite64 resumed>) = 277 (DELAYED) <0.070122>
665120 1790837246.183580 --- SIGURG {si_signo=SIGURG, si_code=SI_TKILL, si_pid=665088, si_uid=1000} ---
665120 1790837246.183975 pwrite64(29</tmp/TestLeaseAppendPressureFixedPlacement1574030781/001/node-1/jetstream/$SYS/_js_/S-R3F-Cqy2Skni/msgs/1.blk>, "\25\1\0\0\262\2\0\0\0\0\0\0\22\201T\265\374T\332\30\0\0000m6vARoZ\2\0"..., 277, 231698 <unfinished ...>
665099 1790837246.187278 <... pwrite64 resumed>) = 1280 (DELAYED) <0.070046>
665097 1790837246.187940 pwrite64(23</tmp/TestLeaseAppendPressureFixedPlacement1574030781/001/node-1/jetstream/$SYS/_js_/S-R3F-q7IG3WJb/msgs/2.blk>, "M\1\0\0\6\2\0\0\0\0\0\0\330\300\215\265\374T\332\30\0\0St9I6EVH\1\0"..., 333, 254607 <unfinished ...>
665137 1790837246.189369 pwrite64(24</tmp/TestLeaseAppendPressureFixedPlacement1574030781/001/node-1/jetstream/$G/streams/WF_JRN/msgs/1.blk>, "@\1\0\200\301\2\0\0\0\0\0\0j1\365\250\374T\332\30 \0wf.jrn.pre"..., 320, 190504 <unfinished ...>
665095 1790837246.190843 <... pwrite64 resumed>) = 835 (DELAYED) <0.070095>
665120 1790837246.254083 <... pwrite64 resumed>) = 277 (DELAYED) <0.070064>
665120 1790837246.254258 --- SIGURG {si_signo=SIGURG, si_code=SI_TKILL, si_pid=665088, si_uid=1000} ---
665095 1790837246.254359 pwrite64(29</tmp/TestLeaseAppendPressureFixedPlacement1574030781/001/node-1/jetstream/$SYS/_js_/S-R3F-Cqy2Skni/msgs/1.blk>, "y\3\0\0\263\2\0\0\0\0\0\0Y4\207\271\374T\332\30\0\0000m6vARoZ\2\0"..., 889, 231975 <unfinished ...>
665112 1790837246.255929 pwrite64(30</tmp/TestLeaseAppendPressureFixedPlacement1574030781/001/node-1/jetstream/$G/streams/KV_WF_LEASE/msgs/1.blk>, "\247\0\0\200r\3\0\0\0\0\0\0\303\t\300\227\374T\332\30&\0$KV.WF_LEA"..., 167, 147564 <unfinished ...>
665097 1790837246.258025 <... pwrite64 resumed>) = 333 (DELAYED) <0.069991>
665137 1790837246.259418 <... pwrite64 resumed>) = 320 (DELAYED) <0.070031>
665120 1790837246.259865 pwrite64(23</tmp/TestLeaseAppendPressureFixedPlacement1574030781/001/node-1/jetstream/$SYS/_js_/S-R3F-q7IG3WJb/msgs/2.blk>, "M\1\0\0\7\2\0\0\0\0\0\0\351\277\332\271\374T\332\30\0\0St9I6EVH\1\0"..., 333, 254940 <unfinished ...>
665099 1790837246.260815 pwrite64(24</tmp/TestLeaseAppendPressureFixedPlacement1574030781/001/node-1/jetstream/$G/streams/WF_JRN/msgs/1.blk>, "\337\0\0\200\302\2\0\0\0\0\0\0\236\350\211\265\374T\332\30 \0wf.jrn.pre"..., 223, 190824 <unfinished ...>
665097 1790837246.280421 --- SIGURG {si_signo=SIGURG, si_code=SI_TKILL, si_pid=665088, si_uid=1000} ---
665095 1790837246.324562 <... pwrite64 resumed>) = 889 (DELAYED) <0.070172>
665095 1790837246.324890 --- SIGURG {si_signo=SIGURG, si_code=SI_TKILL, si_pid=665088, si_uid=1000} ---
665095 1790837246.325018 pwrite64(29</tmp/TestLeaseAppendPressureFixedPlacement1574030781/001/node-1/jetstream/$SYS/_js_/S-R3F-Cqy2Skni/msgs/1.blk>, "\25\1\0\0\264\2\0\0\0\0\0\0\1776\275\275\374T\332\30\0\0000m6vARoZ\2\0"..., 277, 232864 <unfinished ...>
665112 1790837246.326343 <... pwrite64 resumed>) = 167 (DELAYED) <0.070390>
665120 1790837246.329939 <... pwrite64 resumed>) = 333 (DELAYED) <0.070058>
665099 1790837246.330967 <... pwrite64 resumed>) = 223 (DELAYED) <0.070134>
665099 1790837246.331098 pwrite64(23</tmp/TestLeaseAppendPressureFixedPlacement1574030781/001/node-1/jetstream/$SYS/_js_/S-R3F-q7IG3WJb/msgs/2.blk>, "M\1\0\0\10\2\0\0\0\0\0\0x\336\31\276\374T\332\30\0\0St9I6EVH\1\0"..., 333, 255273 <unfinished ...>
665120 1790837246.333343 pwrite64(24</tmp/TestLeaseAppendPressureFixedPlacement1574030781/001/node-1/jetstream/$G/streams/WF_JRN/msgs/1.blk>, "\337\0\0\200\303\2\0\0\0\0\0\0C\r\326\271\374T\332\30 \0wf.jrn.pre"..., 223, 191047 <unfinished ...>
665121 1790837246.376464 --- SIGURG {si_signo=SIGURG, si_code=SI_TKILL, si_pid=665088, si_uid=1000} ---
665095 1790837246.395270 <... pwrite64 resumed>) = 277 (DELAYED) <0.070211>
665095 1790837246.395573 --- SIGURG {si_signo=SIGURG, si_code=SI_TKILL, si_pid=665088, si_uid=1000} ---
665095 1790837246.395793 --- SIGURG {si_signo=SIGURG, si_code=SI_TKILL, si_pid=665088, si_uid=1000} ---
665095 1790837246.395962 pwrite64(29</tmp/TestLeaseAppendPressureFixedPlacement1574030781/001/node-1/jetstream/$SYS/_js_/S-R3F-Cqy2Skni/msgs/1.blk>, "\25\1\0\0\265\2\0\0\0\0\0\0=\261\367\301\374T\332\30\0\0000m6vARoZ\2\0"..., 277, 233141 <unfinished ...>
665138 1790837246.398906 pwrite64(30</tmp/TestLeaseAppendPressureFixedPlacement1574030781/001/node-1/jetstream/$G/streams/KV_WF_LEASE/msgs/1.blk>, "\247\0\0\200s\3\0\0\0\0\0\0\276\340\306\227\374T\332\30&\0$KV.WF_LEA"..., 167, 147731 <unfinished ...>
665099 1790837246.401178 <... pwrite64 resumed>) = 333 (DELAYED) <0.070050>
665120 1790837246.403396 <... pwrite64 resumed>) = 223 (DELAYED) <0.070021>
665120 1790837246.404401 pwrite64(23</tmp/TestLeaseAppendPressureFixedPlacement1574030781/001/node-1/jetstream/$SYS/_js_/S-R3F-q7IG3WJb/msgs/2.blk>, "Y\4\0\0\t\2\0\0\0\0\0\0\3169w\302\374T\332\30\0\0St9I6EVH\1\0"..., 1113, 255606 <unfinished ...>
665097 1790837246.406160 pwrite64(24</tmp/TestLeaseAppendPressureFixedPlacement1574030781/001/node-1/jetstream/$G/streams/WF_JRN/msgs/1.blk>, "\337\0\0\200\304\2\0\0\0\0\0\0;\\\31\276\374T\332\30 \0wf.jrn.pre"..., 223, 191270 <unfinished ...>
665095 1790837246.466112 <... pwrite64 resumed>) = 277 (DELAYED) <0.070096>
665095 1790837246.466398 pwrite64(29</tmp/TestLeaseAppendPressureFixedPlacement1574030781/001/node-1/jetstream/$SYS/_js_/S-R3F-Cqy2Skni/msgs/1.blk>, "\25\1\0\0\266\2\0\0\0\0\0\0\353\5*\306\374T\332\30\0\0000m6vARoZ\2\0"..., 277, 233418 <unfinished ...>
665138 1790837246.468945 <... pwrite64 resumed>) = 167 (DELAYED) <0.069993>
665120 1790837246.474697 <... pwrite64 resumed>) = 1113 (DELAYED) <0.070255>
665120 1790837246.474967 pwrite64(23</tmp/TestLeaseAppendPressureFixedPlacement1574030781/001/node-1/jetstream/$SYS/_js_/S-R3F-q7IG3WJb/msgs/2.blk>, "M\1\0\0\n\2\0\0\0\0\0\0\16D\255\306\374T\332\30\0\0St9I6EVH\1\0"..., 333, 256719 <unfinished ...>
665097 1790837246.476205 <... pwrite64 resumed>) = 223 (DELAYED) <0.070020>
665097 1790837246.490955 --- SIGURG {si_signo=SIGURG, si_code=SI_TKILL, si_pid=665088, si_uid=1000} ---
665095 1790837246.536575 <... pwrite64 resumed>) = 277 (DELAYED) <0.070123>
665095 1790837246.536837 --- SIGURG {si_signo=SIGURG, si_code=SI_TKILL, si_pid=665088, si_uid=1000} ---
665099 1790837246.536980 pwrite64(29</tmp/TestLeaseAppendPressureFixedPlacement1574030781/001/node-1/jetstream/$SYS/_js_/S-R3F-Cqy2Skni/msgs/1.blk>, "\25\1\0\0\267\2\0\0\0\0\0\0\353\201_\312\374T\332\30\0\0000m6vARoZ\2\0"..., 277, 233695 <unfinished ...>
665095 1790837246.538275 pwrite64(30</tmp/TestLeaseAppendPressureFixedPlacement1574030781/001/node-1/jetstream/$G/streams/KV_WF_LEASE/msgs/1.blk>, "\36\0\0\0\340\2\0\0\0\0\0@\213\231\303\271\371T\332\30\0\0Y\273\252\f\365L\354\256\36\0"..., 240, 147898 <unfinished ...>
665120 1790837246.545064 <... pwrite64 resumed>) = 333 (DELAYED) <0.070058>
665120 1790837246.545213 pwrite64(23</tmp/TestLeaseAppendPressureFixedPlacement1574030781/001/node-1/jetstream/$SYS/_js_/S-R3F-q7IG3WJb/msgs/2.blk>, "\23\3\0\0\v\2\0\0\0\0\0\0\223l\335\312\374T\332\30\0\0St9I6EVH\1\0"..., 787, 257052 <unfinished ...>
665137 1790837246.547349 pwrite64(24</tmp/TestLeaseAppendPressureFixedPlacement1574030781/001/node-1/jetstream/$G/streams/WF_JRN/msgs/1.blk>, "\337\0\0\200\305\2\0\0\0\0\0\0\2517l\302\374T\332\30 \0wf.jrn.pre"..., 892, 191493 <unfinished ...>
665099 1790837246.607885 <... pwrite64 resumed>) = 277 (DELAYED) <0.070875>
665099 1790837246.608127 --- SIGURG {si_signo=SIGURG, si_code=SI_TKILL, si_pid=665088, si_uid=1000} ---
665138 1790837246.608198 pwrite64(29</tmp/TestLeaseAppendPressureFixedPlacement1574030781/001/node-1/jetstream/$SYS/_js_/S-R3F-Cqy2Skni/msgs/1.blk>, "\341\1\0\0\270\2\0\0\0\0\0\0LO\236\316\374T\332\30\0\0000m6vARoZ\2\0"..., 481, 233972 <unfinished ...>
665095 1790837246.608331 <... pwrite64 resumed>) = 240 (DELAYED) <0.070029>
665121 1790837246.609496 pwrite64(30</tmp/TestLeaseAppendPressureFixedPlacement1574030781/001/node-1/jetstream/$G/streams/KV_WF_LEASE/msgs/1.blk>, "\247\0\0\200t\3\0\0\0\0\0\0GW\221\244\374T\332\30&\0$KV.WF_LEA"..., 167, 148138 <unfinished ...>
665120 1790837246.615303 <... pwrite64 resumed>) = 787 (DELAYED) <0.070072>
665137 1790837246.617422 <... pwrite64 resumed>) = 892 (DELAYED) <0.070052>
665120 1790837246.618664 pwrite64(23</tmp/TestLeaseAppendPressureFixedPlacement1574030781/001/node-1/jetstream/$SYS/_js_/S-R3F-q7IG3WJb/msgs/2.blk>, "\256\1\0\0\f\2\0\0\0\0\0\0\265\30>\317\374T\332\30\0\0St9I6EVH\1\0"..., 430, 257839 <unfinished ...>
665137 1790837246.619217 pwrite64(24</tmp/TestLeaseAppendPressureFixedPlacement1574030781/001/node-1/jetstream/$G/streams/WF_JRN/msgs/1.blk>, "\337\0\0\200\311\2\0\0\0\0\0\0\254h\202\302\374T\332\30 \0wf.jrn.pre"..., 863, 192385 <unfinished ...>
665095 1790837246.659893 --- SIGURG {si_signo=SIGURG, si_code=SI_TKILL, si_pid=665088, si_uid=1000} ---
665138 1790837246.678290 <... pwrite64 resumed>) = 481 (DELAYED) <0.070060>
665138 1790837246.678558 --- SIGURG {si_signo=SIGURG, si_code=SI_TKILL, si_pid=665088, si_uid=1000} ---
665099 1790837246.678684 pwrite64(29</tmp/TestLeaseAppendPressureFixedPlacement1574030781/001/node-1/jetstream/$SYS/_js_/S-R3F-Cqy2Skni/msgs/1.blk>, "\341\1\0\0\271\2\0\0\0\0\0\0\262\244\321\322\374T\332\30\0\0000m6vARoZ\2\0"..., 481, 234453 <unfinished ...>
665121 1790837246.679688 <... pwrite64 resumed>) = 167 (DELAYED) <0.070168>
665120 1790837246.688792 <... pwrite64 resumed>) = 430 (DELAYED) <0.070100>
665137 1790837246.689396 <... pwrite64 resumed>) = 863 (DELAYED) <0.070157>
665137 1790837246.690954 pwrite64(23</tmp/TestLeaseAppendPressureFixedPlacement1574030781/001/node-1/jetstream/$SYS/_js_/S-R3F-q7IG3WJb/msgs/2.blk>, "\256\1\0\0\r\2\0\0\0\0\0\0\2018\215\323\374T\332\30\0\0St9I6EVH\1\0"..., 430, 258269 <unfinished ...>
665121 1790837246.692285 pwrite64(24</tmp/TestLeaseAppendPressureFixedPlacement1574030781/001/node-1/jetstream/$G/streams/WF_JRN/msgs/1.blk>, "@\1\0\200\314\2\0\0\0\0\0\0\361\346=\317\374T\332\30 \0wf.jrn.pre"..., 320, 193248 <unfinished ...>
665099 1790837246.748837 <... pwrite64 resumed>) = 481 (DELAYED) <0.070125>
665099 1790837246.749061 pwrite64(29</tmp/TestLeaseAppendPressureFixedPlacement1574030781/001/node-1/jetstream/$SYS/_js_/S-R3F-Cqy2Skni/msgs/1.blk>, "\255\2\0\0\272\2\0\0\0\0\0\0\215\270\3\327\374T\332\30\0\0000m6vARoZ\2\0"..., 685, 234934 <unfinished ...>
665095 1790837246.751001 pwrite64(30</tmp/TestLeaseAppendPressureFixedPlacement1574030781/001/node-1/jetstream/$G/streams/KV_WF_LEASE/msgs/1.blk>, "\247\0\0\200u\3\0\0\0\0\0\0\207\263\6\255\374T\332\30&\0$KV.WF_LEA"..., 167, 148305 <unfinished ...>
665137 1790837246.761045 <... pwrite64 resumed>) = 430 (DELAYED) <0.070025>
665137 1790837246.761185 pwrite64(23</tmp/TestLeaseAppendPressureFixedPlacement1574030781/001/node-1/jetstream/$SYS/_js_/S-R3F-q7IG3WJb/msgs/2.blk>, "\256\1\0\0\16\2\0\0\0\0\0\0p\336\274\327\374T\332\30\0\0St9I6EVH\1\0"..., 430, 258699 <unfinished ...>
665121 1790837246.762340 <... pwrite64 resumed>) = 320 (DELAYED) <0.070024>
665121 1790837246.762519 --- SIGURG {si_signo=SIGURG, si_code=SI_TKILL, si_pid=665088, si_uid=1000} ---
665099 1790837246.820671 <... pwrite64 resumed>) = 685 (DELAYED) <0.071571>
665099 1790837246.820911 --- SIGURG {si_signo=SIGURG, si_code=SI_TKILL, si_pid=665088, si_uid=1000} ---
665095 1790837246.821706 <... pwrite64 resumed>) = 167 (DELAYED) <0.070662>
665099 1790837246.822019 --- SIGURG {si_signo=SIGURG, si_code=SI_TKILL, si_pid=665088, si_uid=1000} ---
665099 1790837246.822547 pwrite64(29</tmp/TestLeaseAppendPressureFixedPlacement1574030781/001/node-1/jetstream/$SYS/_js_/S-R3F-Cqy2Skni/msgs/1.blk>, "\25\1\0\0\273\2\0\0\0\0\0\0\242\250d\333\374T\332\30\0\0000m6vARoZ\2\0"..., 277, 235619 <unfinished ...>
665139 1790837246.825169 pwrite64(30</tmp/TestLeaseAppendPressureFixedPlacement1574030781/001/node-1/jetstream/$G/streams/KV_WF_LEASE/msgs/1.blk>, "\247\0\0\200v\3\0\0\0\0\0\0\305I\10\255\374T\332\30&\0$KV.WF_LEA"..., 167, 148472 <unfinished ...>
665137 1790837246.831810 <... pwrite64 resumed>) = 430 (DELAYED) <0.070601>
665137 1790837246.831955 pwrite64(23</tmp/TestLeaseAppendPressureFixedPlacement1574030781/001/node-1/jetstream/$SYS/_js_/S-R3F-q7IG3WJb/msgs/2.blk>, "\200\6\0\0\17\2\0\0\0\0\0\0\36\241\364\333\374T\332\30\0\0St9I6EVH\1\0"..., 1664, 259129 <unfinished ...>
665099 1790837246.892951 <... pwrite64 resumed>) = 277 (DELAYED) <0.070334>
665099 1790837246.893280 --- SIGURG {si_signo=SIGURG, si_code=SI_TKILL, si_pid=665088, si_uid=1000} ---
665139 1790837246.895809 <... pwrite64 resumed>) = 167 (DELAYED) <0.070583>
665121 1790837246.899876 pwrite64(30</tmp/TestLeaseAppendPressureFixedPlacement1574030781/001/node-1/jetstream/$G/streams/KV_WF_LEASE/msgs/1.blk>, "\247\0\0\200w\3\0\0\0\0\0\0\177nW\261\374T\332\30&\0$KV.WF_LEA"..., 2672, 148639 <unfinished ...>
665137 1790837246.902016 <... pwrite64 resumed>) = 1664 (DELAYED) <0.070044>
665137 1790837246.902142 pwrite64(23</tmp/TestLeaseAppendPressureFixedPlacement1574030781/001/node-1/jetstream/$SYS/_js_/S-R3F-q7IG3WJb/msgs/2.blk>, "M\1\0\0\20\2\0\0\0\0\0\0\27\265#\340\374T\332\30\0\0St9I6EVH\1\0"..., 333, 260793 <unfinished ...>
665095 1790837246.916356 --- SIGURG {si_signo=SIGURG, si_code=SI_TKILL, si_pid=665088, si_uid=1000} ---
665121 1790837246.971804 <... pwrite64 resumed>) = 2672 (DELAYED) <0.071862>
665137 1790837246.972193 <... pwrite64 resumed>) = 333 (DELAYED) <0.070036>
665137 1790837246.977048 --- SIGURG {si_signo=SIGURG, si_code=SI_TKILL, si_pid=665088, si_uid=1000} ---
665139 1790837246.977129 pwrite64(29</tmp/TestLeaseAppendPressureFixedPlacement1574030781/001/node-1/jetstream/$SYS/_js_/S-R3F-Cqy2Skni/msgs/1.blk>, "\25\1\0\0\274\2\0\0\0\0\0\0v\343\233\344\374T\332\30\0\0000m6vARoZ\2\0"..., 277, 235896 <unfinished ...>
665121 1790837246.983609 pwrite64(24</tmp/TestLeaseAppendPressureFixedPlacement1574030781/001/node-1/jetstream/$G/streams/WF_JRN/msgs/1.blk>, "@\1\0\200\315\2\0\0\0\0\0\0\372\r\215\323\374T\332\30 \0wf.jrn.pre"..., 2269, 193568 <unfinished ...>
665139 1790837247.047279 <... pwrite64 resumed>) = 277 (DELAYED) <0.070120>
665139 1790837247.047626 pwrite64(29</tmp/TestLeaseAppendPressureFixedPlacement1574030781/001/node-1/jetstream/$SYS/_js_/S-R3F-Cqy2Skni/msgs/1.blk>, "y\3\0\0\275\2\0\0\0\0\0\0[\210\317\350\374T\332\30\0\0000m6vARoZ\2\0"..., 889, 236173 <unfinished ...>
665121 1790837247.053790 <... pwrite64 resumed>) = 2269 (DELAYED) <0.070143>
665137 1790837247.055471 pwrite64(23</tmp/TestLeaseAppendPressureFixedPlacement1574030781/001/node-1/jetstream/$SYS/_js_/S-R3F-q7IG3WJb/msgs/2.blk>, "M\1\0\0\21\2\0\0\0\0\0\0Y7G\351\374T\332\30\0\0St9I6EVH\1\0"..., 333, 261126 <unfinished ...>
665139 1790837247.117846 <... pwrite64 resumed>) = 889 (DELAYED) <0.070173>
665139 1790837247.117950 --- SIGURG {si_signo=SIGURG, si_code=SI_TKILL, si_pid=665088, si_uid=1000} ---
665139 1790837247.118818 pwrite64(29</tmp/TestLeaseAppendPressureFixedPlacement1574030781/001/node-1/jetstream/$SYS/_js_/S-R3F-Cqy2Skni/msgs/1.blk>, "\25\1\0\0\276\2\0\0\0\0\0\0\336C\f\355\374T\332\30\0\0000m6vARoZ\2\0"..., 277, 237062 <unfinished ...>
665137 1790837247.125628 <... pwrite64 resumed>) = 333 (DELAYED) <0.070108>
665137 1790837247.126799 pwrite64(23</tmp/TestLeaseAppendPressureFixedPlacement1574030781/001/node-1/jetstream/$SYS/_js_/S-R3F-q7IG3WJb/msgs/2.blk>, "\33\5\0\0\22\2\0\0\0\0\0\0\320\5z\355\374T\332\30\0\0St9I6EVH\1\0"..., 1307, 261459 <unfinished ...>
665139 1790837247.188907 <... pwrite64 resumed>) = 277 (DELAYED) <0.070019>
665139 1790837247.188943 --- SIGURG {si_signo=SIGURG, si_code=SI_TKILL, si_pid=665088, si_uid=1000} ---
665139 1790837247.189211 pwrite64(29</tmp/TestLeaseAppendPressureFixedPlacement1574030781/001/node-1/jetstream/$SYS/_js_/S-R3F-Cqy2Skni/msgs/1.blk>, "\25\1\0\0\277\2\0\0\0\0\0\0\277\364=\361\374T\332\30\0\0000m6vARoZ\2\0"..., 277, 237339 <unfinished ...>
665137 1790837247.196869 <... pwrite64 resumed>) = 1307 (DELAYED) <0.070034>
665137 1790837247.197109 pwrite64(23</tmp/TestLeaseAppendPressureFixedPlacement1574030781/001/node-1/jetstream/$SYS/_js_/S-R3F-q7IG3WJb/msgs/2.blk>, "M\1\0\0\23\2\0\0\0\0\0\0\316\200\270\361\374T\332\30\0\0St9I6EVH\1\0"..., 333, 262766 <unfinished ...>
665112 1790837247.198858 pwrite64(24</tmp/TestLeaseAppendPressureFixedPlacement1574030781/001/node-1/jetstream/$G/streams/WF_JRN/msgs/1.blk>, "\337\0\0\200\325\2\0\0\0\0\0\0\t\345F\351\374T\332\30 \0wf.jrn.pre"..., 223, 195837 <unfinished ...>
665139 1790837247.259522 <... pwrite64 resumed>) = 277 (DELAYED) <0.070276>
665139 1790837247.259598 --- SIGURG {si_signo=SIGURG, si_code=SI_TKILL, si_pid=665088, si_uid=1000} ---
665139 1790837247.259829 pwrite64(29</tmp/TestLeaseAppendPressureFixedPlacement1574030781/001/node-1/jetstream/$SYS/_js_/S-R3F-Cqy2Skni/msgs/1.blk>, "\25\1\0\0\300\2\0\0\0\0\0\0\200>u\365\374T\332\30\0\0000m6vARoZ\2\0"..., 277, 237616 <unfinished ...>
665137 1790837247.267291 <... pwrite64 resumed>) = 333 (DELAYED) <0.070154>
665112 1790837247.268956 <... pwrite64 resumed>) = 223 (DELAYED) <0.070067>
665112 1790837247.269443 --- SIGURG {si_signo=SIGURG, si_code=SI_TKILL, si_pid=665088, si_uid=1000} ---
665112 1790837247.271524 pwrite64(24</tmp/TestLeaseAppendPressureFixedPlacement1574030781/001/node-1/jetstream/$G/streams/WF_JRN/msgs/1.blk>, "@\1\0\200\326\2\0\0\0\0\0\0\374G:\355\374T\332\30 \0wf.jrn.pre"..., 1309, 196060 <unfinished ...>
665139 1790837247.329935 <... pwrite64 resumed>) = 277 (DELAYED) <0.070053>
665139 1790837247.330465 pwrite64(29</tmp/TestLeaseAppendPressureFixedPlacement1574030781/001/node-1/jetstream/$SYS/_js_/S-R3F-Cqy2Skni/msgs/1.blk>, "\25\1\0\0\301\2\0\0\0\0\0\0\2038\253\371\374T\332\30\0\0000m6vARoZ\2\0"..., 277, 237893 <unfinished ...>
665097 1790837247.333833 pwrite64(30</tmp/TestLeaseAppendPressureFixedPlacement1574030781/001/node-1/jetstream/$G/streams/KV_WF_LEASE/msgs/1.blk>, "\247\0\0\200\207\3\0\0\0\0\0\0~2\224\344\374T\332\30&\0$KV.WF_LEA"..., 167, 151311 <unfinished ...>
665112 1790837247.341666 <... pwrite64 resumed>) = 1309 (DELAYED) <0.070076>
665112 1790837247.341926 pwrite64(23</tmp/TestLeaseAppendPressureFixedPlacement1574030781/001/node-1/jetstream/$SYS/_js_/S-R3F-q7IG3WJb/msgs/2.blk>, "M\1\0\0\24\2\0\0\0\0\0\0K\376Y\372\374T\332\30\0\0St9I6EVH\1\0"..., 333, 263099 <unfinished ...>
665139 1790837247.400619 <... pwrite64 resumed>) = 277 (DELAYED) <0.070105>
665139 1790837247.400750 --- SIGURG {si_signo=SIGURG, si_code=SI_TKILL, si_pid=665088, si_uid=1000} ---
665139 1790837247.401020 --- SIGURG {si_signo=SIGURG, si_code=SI_TKILL, si_pid=665088, si_uid=1000} ---
665137 1790837247.402386 pwrite64(29</tmp/TestLeaseAppendPressureFixedPlacement1574030781/001/node-1/jetstream/$SYS/_js_/S-R3F-Cqy2Skni/msgs/1.blk>, "\25\1\0\0\302\2\0\0\0\0\0\0\345x\364\375\374T\332\30\0\0000m6vARoZ\2\0"..., 277, 238170 <unfinished ...>
665097 1790837247.403941 <... pwrite64 resumed>) = 167 (DELAYED) <0.070073>
665112 1790837247.412061 <... pwrite64 resumed>) = 333 (DELAYED) <0.070108>
665112 1790837247.412437 pwrite64(23</tmp/TestLeaseAppendPressureFixedPlacement1574030781/001/node-1/jetstream/$SYS/_js_/S-R3F-q7IG3WJb/msgs/2.blk>, "\23\3\0\0\25\2\0\0\0\0\0\0M\0\216\376\374T\332\30\0\0St9I6EVH\1\0"..., 787, 263432 <unfinished ...>
665137 1790837247.472563 <... pwrite64 resumed>) = 277 (DELAYED) <0.070135>
665139 1790837247.473654 pwrite64(29</tmp/TestLeaseAppendPressureFixedPlacement1574030781/001/node-1/jetstream/$SYS/_js_/S-R3F-Cqy2Skni/msgs/1.blk>, "\25\1\0\0\303\2\0\0\0\0\0\0J\r4\2\375T\332\30\0\0000m6vARoZ\2\0"..., 277, 238447 <unfinished ...>
665137 1790837247.475074 pwrite64(30</tmp/TestLeaseAppendPressureFixedPlacement1574030781/001/node-1/jetstream/$G/streams/KV_WF_LEASE/msgs/1.blk>, "\247\0\0\200\210\3\0\0\0\0\0\0\223\347\241\344\374T\332\30&\0$KV.WF_LEA"..., 668, 151478 <unfinished ...>
665112 1790837247.482497 <... pwrite64 resumed>) = 787 (DELAYED) <0.070025>
665112 1790837247.482617 pwrite64(23</tmp/TestLeaseAppendPressureFixedPlacement1574030781/001/node-1/jetstream/$SYS/_js_/S-R3F-q7IG3WJb/msgs/2.blk>, "M\1\0\0\26\2\0\0\0\0\0\0\360\v\275\2\375T\332\30\0\0St9I6EVH\1\0"..., 333, 264219 <unfinished ...>
665097 1790837247.484567 pwrite64(24</tmp/TestLeaseAppendPressureFixedPlacement1574030781/001/node-1/jetstream/$G/streams/WF_JRN/msgs/1.blk>, "\337\0\0\200\333\2\0\0\0\0\0\0\\\200Y\372\374T\332\30 \0wf.jrn.pre"..., 223, 197369 <unfinished ...>
665099 1790837247.536029 --- SIGURG {si_signo=SIGURG, si_code=SI_TKILL, si_pid=665088, si_uid=1000} ---
665139 1790837247.543813 <... pwrite64 resumed>) = 277 (DELAYED) <0.070120>
665139 1790837247.543980 pwrite64(29</tmp/TestLeaseAppendPressureFixedPlacement1574030781/001/node-1/jetstream/$SYS/_js_/S-R3F-Cqy2Skni/msgs/1.blk>, "\25\1\0\0\304\2\0\0\0\0\0\0\2520e\6\375T\332\30\0\0000m6vARoZ\2\0"..., 277, 238724 <unfinished ...>
665137 1790837247.545223 <... pwrite64 resumed>) = 668 (DELAYED) <0.070110>
665137 1790837247.550122 --- SIGURG {si_signo=SIGURG, si_code=SI_TKILL, si_pid=665088, si_uid=1000} ---
665112 1790837247.552714 <... pwrite64 resumed>) = 333 (DELAYED) <0.070076>
665097 1790837247.554656 <... pwrite64 resumed>) = 223 (DELAYED) <0.070057>
665099 1790837247.556938 pwrite64(24</tmp/TestLeaseAppendPressureFixedPlacement1574030781/001/node-1/jetstream/$G/streams/WF_JRN/msgs/1.blk>, "@\1\0\200\334\2\0\0\0\0\0\0\301\311j\372\374T\332\30 \0wf.jrn.pre"..., 863, 197592 <unfinished ...>
665139 1790837247.614152 <... pwrite64 resumed>) = 277 (DELAYED) <0.070119>
665112 1790837247.614500 pwrite64(29</tmp/TestLeaseAppendPressureFixedPlacement1574030781/001/node-1/jetstream/$SYS/_js_/S-R3F-Cqy2Skni/msgs/1.blk>, "\25\1\0\0\305\2\0\0\0\0\0\0\346\353\230\n\375T\332\30\0\0000m6vARoZ\2\0"..., 277, 239001 <unfinished ...>
665139 1790837247.614556 --- SIGURG {si_signo=SIGURG, si_code=SI_TKILL, si_pid=665088, si_uid=1000} ---
665121 1790837247.616576 pwrite64(30</tmp/TestLeaseAppendPressureFixedPlacement1574030781/001/node-1/jetstream/$G/streams/KV_WF_LEASE/msgs/1.blk>, "\247\0\0\200\214\3\0\0\0\0\0\0\276\271\253\344\374T\332\30&\0$KV.WF_LEA"..., 334, 152146 <unfinished ...>
665099 1790837247.627058 <... pwrite64 resumed>) = 863 (DELAYED) <0.070052>
665099 1790837247.627243 --- SIGURG {si_signo=SIGURG, si_code=SI_TKILL, si_pid=665088, si_uid=1000} ---
665099 1790837247.627464 pwrite64(23</tmp/TestLeaseAppendPressureFixedPlacement1574030781/001/node-1/jetstream/$SYS/_js_/S-R3F-q7IG3WJb/msgs/2.blk>, "\256\1\0\0\27\2\0\0\0\0\0\0r\363^\v\375T\332\30\0\0St9I6EVH\1\0"..., 430, 264552 <unfinished ...>
665112 1790837247.684747 <... pwrite64 resumed>) = 277 (DELAYED) <0.070180>
665112 1790837247.684972 --- SIGURG {si_signo=SIGURG, si_code=SI_TKILL, si_pid=665088, si_uid=1000} ---
665112 1790837247.685071 pwrite64(29</tmp/TestLeaseAppendPressureFixedPlacement1574030781/001/node-1/jetstream/$SYS/_js_/S-R3F-Cqy2Skni/msgs/1.blk>, "\25\1\0\0\306\2\0\0\0\0\0\0\355\2\316\16\375T\332\30\0\0000m6vARoZ\2\0"..., 277, 239278 <unfinished ...>
665121 1790837247.686642 <... pwrite64 resumed>) = 334 (DELAYED) <0.070008>
665099 1790837247.697637 <... pwrite64 resumed>) = 430 (DELAYED) <0.070128>
665099 1790837247.697895 pwrite64(23</tmp/TestLeaseAppendPressureFixedPlacement1574030781/001/node-1/jetstream/$SYS/_js_/S-R3F-q7IG3WJb/msgs/2.blk>, "\23\3\0\0\30\2\0\0\0\0\0\0e\265\221\17\375T\332\30\0\0St9I6EVH\1\0"..., 787, 264982 <unfinished ...>
665112 1790837247.756096 <... pwrite64 resumed>) = 277 (DELAYED) <0.070990>
665112 1790837247.756516 pwrite64(29</tmp/TestLeaseAppendPressureFixedPlacement1574030781/001/node-1/jetstream/$SYS/_js_/S-R3F-Cqy2Skni/msgs/1.blk>, "\25\1\0\0\307\2\0\0\0\0\0\0\10\351\17\23\375T\332\30\0\0000m6vARoZ\2\0"..., 277, 239555 <unfinished ...>
665121 1790837247.758624 pwrite64(30</tmp/TestLeaseAppendPressureFixedPlacement1574030781/001/node-1/jetstream/$G/streams/KV_WF_LEASE/msgs/1.blk>, "\247\0\0\200\216\3\0\0\0\0\0\0\3\211\321\344\374T\332\30&\0$KV.WF_LEA"..., 167, 152480 <unfinished ...>
665099 1790837247.768022 <... pwrite64 resumed>) = 787 (DELAYED) <0.070092>
665099 1790837247.768248 pwrite64(23</tmp/TestLeaseAppendPressureFixedPlacement1574030781/001/node-1/jetstream/$SYS/_js_/S-R3F-q7IG3WJb/msgs/2.blk>, "M\1\0\0\31\2\0\0\0\0\0\0\3431\303\23\375T\332\30\0\0St9I6EVH\1\0"..., 333, 265769 <unfinished ...>
665139 1790837247.769814 pwrite64(24</tmp/TestLeaseAppendPressureFixedPlacement1574030781/001/node-1/jetstream/$G/streams/WF_JRN/msgs/1.blk>, "@\1\0\200\337\2\0\0\0\0\0\0\261)^\v\375T\332\30 \0wf.jrn.pre"..., 320, 198455 <unfinished ...>
665112 1790837247.826626 <... pwrite64 resumed>) = 277 (DELAYED) <0.070048>
665112 1790837247.826771 --- SIGURG {si_signo=SIGURG, si_code=SI_TKILL, si_pid=665088, si_uid=1000} ---
665112 1790837247.827166 --- SIGURG {si_signo=SIGURG, si_code=SI_TKILL, si_pid=665088, si_uid=1000} ---
665095 1790837247.827231 pwrite64(29</tmp/TestLeaseAppendPressureFixedPlacement1574030781/001/node-1/jetstream/$SYS/_js_/S-R3F-Cqy2Skni/msgs/1.blk>, "\255\2\0\0\310\2\0\0\0\0\0\0\200kF\27\375T\332\30\0\0000m6vARoZ\2\0"..., 685, 239832 <unfinished ...>
665112 1790837247.827514 --- SIGURG {si_signo=SIGURG, si_code=SI_TKILL, si_pid=665088, si_uid=1000} ---
665121 1790837247.828934 <... pwrite64 resumed>) = 167 (DELAYED) <0.070251>
665120 1790837247.830258 pwrite64(30</tmp/TestLeaseAppendPressureFixedPlacement1574030781/001/node-1/jetstream/$G/streams/KV_WF_LEASE/msgs/1.blk>, "\247\0\0\200\217\3\0\0\0\0\0\0|.\316\361\374T\332\30&\0$KV.WF_LEA"..., 167, 152647 <unfinished ...>
665099 1790837247.838372 <... pwrite64 resumed>) = 333 (DELAYED) <0.070090>
665139 1790837247.839891 <... pwrite64 resumed>) = 320 (DELAYED) <0.070036>
665137 1790837247.844223 pwrite64(23</tmp/TestLeaseAppendPressureFixedPlacement1574030781/001/node-1/jetstream/$SYS/_js_/S-R3F-q7IG3WJb/msgs/2.blk>, "\256\1\0\0\32\2\0\0\0\0\0\0\227\267J\30\375T\332\30\0\0St9I6EVH\1\0"..., 430, 266102 <unfinished ...>
665097 1790837247.844348 pwrite64(24</tmp/TestLeaseAppendPressureFixedPlacement1574030781/001/node-1/jetstream/$G/streams/WF_JRN/msgs/1.blk>, "@\1\0\200\340\2\0\0\0\0\0\0b\322w\v\375T\332\30 \0wf.jrn.pre"..., 863, 198775 <unfinished ...>
665095 1790837247.897344 <... pwrite64 resumed>) = 685 (DELAYED) <0.070075>
665095 1790837247.897517 pwrite64(29</tmp/TestLeaseAppendPressureFixedPlacement1574030781/001/node-1/jetstream/$SYS/_js_/S-R3F-Cqy2Skni/msgs/1.blk>, "\25\1\0\0\311\2\0\0\0\0\0\0q\300w\33\375T\332\30\0\0000m6vARoZ\2\0"..., 277, 240517 <unfinished ...>
665120 1790837247.900309 <... pwrite64 resumed>) = 167 (DELAYED) <0.070022>
665137 1790837247.914363 <... pwrite64 resumed>) = 430 (DELAYED) <0.070061>
665097 1790837247.914465 <... pwrite64 resumed>) = 863 (DELAYED) <0.070100>
665097 1790837247.914681 --- SIGURG {si_signo=SIGURG, si_code=SI_TKILL, si_pid=665088, si_uid=1000} ---
665097 1790837247.916475 --- SIGURG {si_signo=SIGURG, si_code=SI_TKILL, si_pid=665088, si_uid=1000} ---
665137 1790837247.916795 --- SIGURG {si_signo=SIGURG, si_code=SI_TKILL, si_pid=665088, si_uid=1000} ---
665112 1790837247.917160 pwrite64(23</tmp/TestLeaseAppendPressureFixedPlacement1574030781/001/node-1/jetstream/$SYS/_js_/S-R3F-q7IG3WJb/msgs/2.blk>, "Q\2\0\0\33\2\0\0\0\0\0\0&V\243\34\375T\332\30\0\0St9I6EVH\1\0"..., 593, 266532 <unfinished ...>
665137 1790837247.919622 pwrite64(24</tmp/TestLeaseAppendPressureFixedPlacement1574030781/001/node-1/jetstream/$G/streams/WF_JRN/msgs/1.blk>, "@\1\0\200\343\2\0\0\0\0\0\0)\216J\30\375T\332\30 \0wf.jrn.pre"..., 320, 199638 <unfinished ...>
665095 1790837247.967612 <... pwrite64 resumed>) = 277 (DELAYED) <0.070063>
665095 1790837247.967817 pwrite64(29</tmp/TestLeaseAppendPressureFixedPlacement1574030781/001/node-1/jetstream/$SYS/_js_/S-R3F-Cqy2Skni/msgs/1.blk>, "\25\1\0\0\312\2\0\0\0\0\0\0\216\204\250\37\375T\332\30\0\0000m6vARoZ\2\0"..., 277, 240794 <unfinished ...>
665097 1790837247.969186 pwrite64(30</tmp/TestLeaseAppendPressureFixedPlacement1574030781/001/node-1/jetstream/$G/streams/KV_WF_LEASE/msgs/1.blk>, "\247\0\0\200\220\3\0\0\0\0\0\0\300\221\26\366\374T\332\30&\0$KV.WF_LEA"..., 167, 152814 <unfinished ...>
665112 1790837247.987274 <... pwrite64 resumed>) = 593 (DELAYED) <0.070074>
665120 1790837247.987746 pwrite64(23</tmp/TestLeaseAppendPressureFixedPlacement1574030781/001/node-1/jetstream/$SYS/_js_/S-R3F-q7IG3WJb/msgs/2.blk>, "\256\1\0\0\34\2\0\0\0\0\0\0001,\330 \375T\332\30\0\0St9I6EVH\1\0"..., 430, 267125 <unfinished ...>
665112 1790837247.987791 --- SIGURG {si_signo=SIGURG, si_code=SI_TKILL, si_pid=665088, si_uid=1000} ---
665137 1790837247.989678 <... pwrite64 resumed>) = 320 (DELAYED) <0.070015>
665095 1790837248.037891 <... pwrite64 resumed>) = 277 (DELAYED) <0.070044>
665095 1790837248.037938 --- SIGURG {si_signo=SIGURG, si_code=SI_TKILL, si_pid=665088, si_uid=1000} ---
665095 1790837248.038062 pwrite64(29</tmp/TestLeaseAppendPressureFixedPlacement1574030781/001/node-1/jetstream/$SYS/_js_/S-R3F-Cqy2Skni/msgs/1.blk>, "\341\1\0\0\313\2\0\0\0\0\0\0\212V\330#\375T\332\30\0\0000m6vARoZ\2\0"..., 481, 241071 <unfinished ...>
665097 1790837248.039264 <... pwrite64 resumed>) = 167 (DELAYED) <0.070050>
665120 1790837248.057844 <... pwrite64 resumed>) = 430 (DELAYED) <0.070043>
665099 1790837248.058162 pwrite64(23</tmp/TestLeaseAppendPressureFixedPlacement1574030781/001/node-1/jetstream/$SYS/_js_/S-R3F-q7IG3WJb/msgs/2.blk>, "Q\2\0\0\35\2\0\0\0\0\0\0\252\32\v%\375T\332\30\0\0St9I6EVH\1\0"..., 593, 267555 <unfinished ...>
665120 1790837248.058255 --- SIGURG {si_signo=SIGURG, si_code=SI_TKILL, si_pid=665088, si_uid=1000} ---
665120 1790837248.060531 pwrite64(24</tmp/TestLeaseAppendPressureFixedPlacement1574030781/001/node-1/jetstream/$G/streams/WF_JRN/msgs/1.blk>, "\337\0\0\200\344\2\0\0\0\0\0\0\261\37\243\34\375T\332\30 \0wf.jrn.pre"..., 446, 199958 <unfinished ...>
665095 1790837248.108186 <... pwrite64 resumed>) = 481 (DELAYED) <0.070086>
665121 1790837248.108590 pwrite64(29</tmp/TestLeaseAppendPressureFixedPlacement1574030781/001/node-1/jetstream/$SYS/_js_/S-R3F-Cqy2Skni/msgs/1.blk>, "\25\1\0\0\314\2\0\0\0\0\0\0\343L\f(\375T\332\30\0\0000m6vARoZ\2\0"..., 277, 241552 <unfinished ...>
665095 1790837248.108635 --- SIGURG {si_signo=SIGURG, si_code=SI_TKILL, si_pid=665088, si_uid=1000} ---
665095 1790837248.112439 pwrite64(30</tmp/TestLeaseAppendPressureFixedPlacement1574030781/001/node-1/jetstream/$G/streams/KV_WF_LEASE/msgs/1.blk>, "\247\0\0\200\221\3\0\0\0\0\0\0\4\0\36\366\374T\332\30&\0$KV.WF_LEA"..., 1336, 152981 <unfinished ...>
665099 1790837248.128247 <... pwrite64 resumed>) = 593 (DELAYED) <0.070050>
665099 1790837248.128609 --- SIGURG {si_signo=SIGURG, si_code=SI_TKILL, si_pid=665088, si_uid=1000} ---
665120 1790837248.130563 <... pwrite64 resumed>) = 446 (DELAYED) <0.070003>
665120 1790837248.130801 --- SIGURG {si_signo=SIGURG, si_code=SI_TKILL, si_pid=665088, si_uid=1000} ---
665099 1790837248.131750 pwrite64(23</tmp/TestLeaseAppendPressureFixedPlacement1574030781/001/node-1/jetstream/$SYS/_js_/S-R3F-q7IG3WJb/msgs/2.blk>, "\262\2\0\0\36\2\0\0\0\0\0\0k\241m)\375T\332\30\0\0St9I6EVH\1\0"..., 690, 268148 <unfinished ...>
665137 1790837248.133083 pwrite64(24</tmp/TestLeaseAppendPressureFixedPlacement1574030781/001/node-1/jetstream/$G/streams/WF_JRN/msgs/1.blk>, "@\1\0\200\346\2\0\0\0\0\0\0\260\321\250\34\375T\332\30 \0wf.jrn.pre"..., 766, 200404 <unfinished ...>
665121 1790837248.178692 <... pwrite64 resumed>) = 277 (DELAYED) <0.070046>
665121 1790837248.178949 --- SIGURG {si_signo=SIGURG, si_code=SI_TKILL, si_pid=665088, si_uid=1000} ---
665121 1790837248.179059 pwrite64(29</tmp/TestLeaseAppendPressureFixedPlacement1574030781/001/node-1/jetstream/$SYS/_js_/S-R3F-Cqy2Skni/msgs/1.blk>, "\341\1\0\0\315\2\0\0\0\0\0\0c\261?,\375T\332\30\0\0000m6vARoZ\2\0"..., 481, 241829 <unfinished ...>
665095 1790837248.182497 <... pwrite64 resumed>) = 1336 (DELAYED) <0.070020>
665099 1790837248.201865 <... pwrite64 resumed>) = 690 (DELAYED) <0.070077>
665099 1790837248.202509 --- SIGURG {si_signo=SIGURG, si_code=SI_TKILL, si_pid=665088, si_uid=1000} ---
665137 1790837248.203268 <... pwrite64 resumed>) = 766 (DELAYED) <0.070169>
665137 1790837248.205309 pwrite64(24</tmp/TestLeaseAppendPressureFixedPlacement1574030781/001/node-1/jetstream/$G/streams/WF_JRN/msgs/1.blk>, "@\1\0\200\351\2\0\0\0\0\0\0\322[m)\375T\332\30 \0wf.jrn.pre"..., 543, 201170 <unfinished ...>
665121 1790837248.251757 <... pwrite64 resumed>) = 481 (DELAYED) <0.072658>
665099 1790837248.252074 pwrite64(29</tmp/TestLeaseAppendPressureFixedPlacement1574030781/001/node-1/jetstream/$SYS/_js_/S-R3F-Cqy2Skni/msgs/1.blk>, "\255\2\0\0\316\2\0\0\0\0\0\0\263\264\2310\375T\332\30\0\0000m6vARoZ\2\0"..., 685, 242310 <unfinished ...>
665097 1790837248.253545 pwrite64(30</tmp/TestLeaseAppendPressureFixedPlacement1574030781/001/node-1/jetstream/$G/streams/KV_WF_LEASE/msgs/1.blk>, "\247\0\0\200\231\3\0\0\0\0\0\0\304\341\323\23\375T\332\30&\0$KV.WF_LEA"..., 167, 154317 <unfinished ...>
665137 1790837248.275394 <... pwrite64 resumed>) = 543 (DELAYED) <0.070043>
665137 1790837248.275633 pwrite64(23</tmp/TestLeaseAppendPressureFixedPlacement1574030781/001/node-1/jetstream/$SYS/_js_/S-R3F-q7IG3WJb/msgs/2.blk>, "M\1\0\0\37\2\0\0\0\0\0\0`:\0012\375T\332\30\0\0St9I6EVH\1\0"..., 333, 268838 <unfinished ...>
665099 1790837248.322566 <... pwrite64 resumed>) = 685 (DELAYED) <0.070437>
665099 1790837248.322820 pwrite64(29</tmp/TestLeaseAppendPressureFixedPlacement1574030781/001/node-1/jetstream/$SYS/_js_/S-R3F-Cqy2Skni/msgs/1.blk>, "\341\1\0\0\317\2\0\0\0\0\0\0_\360\3204\375T\332\30\0\0000m6vARoZ\2\0"..., 481, 242995 <unfinished ...>
665097 1790837248.324133 <... pwrite64 resumed>) = 167 (DELAYED) <0.070567>
665121 1790837248.325405 pwrite64(30</tmp/TestLeaseAppendPressureFixedPlacement1574030781/001/node-1/jetstream/$G/streams/KV_WF_LEASE/msgs/1.blk>, "\247\0\0\200\232\3\0\0\0\0\0\0\322\366&\30\375T\332\30&\0$KV.WF_LEA"..., 167, 154484 <unfinished ...>
665137 1790837248.345818 <... pwrite64 resumed>) = 333 (DELAYED) <0.070110>
665137 1790837248.346125 --- SIGURG {si_signo=SIGURG, si_code=SI_TKILL, si_pid=665088, si_uid=1000} ---
665139 1790837248.346502 pwrite64(23</tmp/TestLeaseAppendPressureFixedPlacement1574030781/001/node-1/jetstream/$SYS/_js_/S-R3F-q7IG3WJb/msgs/2.blk>, "\342\6\0\0 \2\0\0\0\0\0\0\377\307:6\375T\332\30\0\0St9I6EVH\1\0"..., 1762, 269171 <unfinished ...>
665099 1790837248.392956 <... pwrite64 resumed>) = 481 (DELAYED) <0.070078>
665099 1790837248.393006 --- SIGURG {si_signo=SIGURG, si_code=SI_TKILL, si_pid=665088, si_uid=1000} ---
665099 1790837248.394605 --- SIGURG {si_signo=SIGURG, si_code=SI_TKILL, si_pid=665088, si_uid=1000} ---
665121 1790837248.395948 <... pwrite64 resumed>) = 167 (DELAYED) <0.070514>
665121 1790837248.400444 pwrite64(30</tmp/TestLeaseAppendPressureFixedPlacement1574030781/001/node-1/jetstream/$G/streams/KV_WF_LEASE/msgs/1.blk>, "\247\0\0\200\233\3\0\0\0\0\0\0\377r*\30\375T\332\30&\0$KV.WF_LEA"..., 1670, 154651 <unfinished ...>
665139 1790837248.416609 <... pwrite64 resumed>) = 1762 (DELAYED) <0.070065>
665139 1790837248.416768 pwrite64(23</tmp/TestLeaseAppendPressureFixedPlacement1574030781/001/node-1/jetstream/$SYS/_js_/S-R3F-q7IG3WJb/msgs/2.blk>, "\263\2\0\0!\2\0\0\0\0\0\0l\370j:\375T\332\30\0\0St9I6EVH\1\0"..., 691, 270933 <unfinished ...>
665121 1790837248.470608 <... pwrite64 resumed>) = 1670 (DELAYED) <0.070117>
665139 1790837248.486917 <... pwrite64 resumed>) = 691 (DELAYED) <0.070109>
665120 1790837248.488991 pwrite64(29</tmp/TestLeaseAppendPressureFixedPlacement1574030781/001/node-1/jetstream/$SYS/_js_/S-R3F-Cqy2Skni/msgs/1.blk>, "\255\2\0\0\320\2\0\0\0\0\0\0\31\33\271>\375T\332\30\0\0000m6vARoZ\2\0"..., 685, 243476 <unfinished ...>
665121 1790837248.493438 pwrite64(24</tmp/TestLeaseAppendPressureFixedPlacement1574030781/001/node-1/jetstream/$G/streams/WF_JRN/msgs/1.blk>, "\337\0\0\200\353\2\0\0\0\0\0\0004\234\0002\375T\332\30 \0wf.jrn.pre"..., 2271, 201713 <unfinished ...>
665120 1790837248.559150 <... pwrite64 resumed>) = 685 (DELAYED) <0.070115>
665120 1790837248.559300 pwrite64(29</tmp/TestLeaseAppendPressureFixedPlacement1574030781/001/node-1/jetstream/$SYS/_js_/S-R3F-Cqy2Skni/msgs/1.blk>, "\25\1\0\0\321\2\0\0\0\0\0\0\244\270\351B\375T\332\30\0\0000m6vARoZ\2\0"..., 277, 244161 <unfinished ...>
665121 1790837248.563502 <... pwrite64 resumed>) = 2271 (DELAYED) <0.070024>
665121 1790837248.565517 pwrite64(23</tmp/TestLeaseAppendPressureFixedPlacement1574030781/001/node-1/jetstream/$SYS/_js_/S-R3F-q7IG3WJb/msgs/2.blk>, "S\2\0\0\"\2\0\0\0\0\0\0w\217HC\375T\332\30\0\0St9I6EVH\1\0"..., 595, 271624 <unfinished ...>
665120 1790837248.629587 <... pwrite64 resumed>) = 277 (DELAYED) <0.070241>
665139 1790837248.630012 pwrite64(29</tmp/TestLeaseAppendPressureFixedPlacement1574030781/001/node-1/jetstream/$SYS/_js_/S-R3F-Cqy2Skni/msgs/1.blk>, "\341\1\0\0\322\2\0\0\0\0\0\0\306\204 G\375T\332\30\0\0000m6vARoZ\2\0"..., 481, 244438 <unfinished ...>
665120 1790837248.630612 --- SIGURG {si_signo=SIGURG, si_code=SI_TKILL, si_pid=665088, si_uid=1000} ---
665121 1790837248.637413 <... pwrite64 resumed>) = 595 (DELAYED) <0.071856>
665121 1790837248.637759 pwrite64(23</tmp/TestLeaseAppendPressureFixedPlacement1574030781/001/node-1/jetstream/$SYS/_js_/S-R3F-q7IG3WJb/msgs/2.blk>, "\264\2\0\0#\2\0\0\0\0\0\0004\252\226G\375T\332\30\0\0St9I6EVH\1\0"..., 692, 272219 <unfinished ...>
665139 1790837248.700112 <... pwrite64 resumed>) = 481 (DELAYED) <0.070057>
665139 1790837248.700237 --- SIGURG {si_signo=SIGURG, si_code=SI_TKILL, si_pid=665088, si_uid=1000} ---
665095 1790837248.700433 pwrite64(29</tmp/TestLeaseAppendPressureFixedPlacement1574030781/001/node-1/jetstream/$SYS/_js_/S-R3F-Cqy2Skni/msgs/1.blk>, "\25\1\0\0\323\2\0\0\0\0\0\0\343+SK\375T\332\30\0\0000m6vARoZ\2\0"..., 277, 244919 <unfinished ...>
665121 1790837248.707818 <... pwrite64 resumed>) = 692 (DELAYED) <0.070012>
665121 1790837248.707936 pwrite64(23</tmp/TestLeaseAppendPressureFixedPlacement1574030781/001/node-1/jetstream/$SYS/_js_/S-R3F-q7IG3WJb/msgs/2.blk>, "\263\2\0\0$\2\0\0\0\0\0\0G\364\305K\375T\332\30\0\0St9I6EVH\1\0"..., 691, 272911 <unfinished ...>
665095 1790837248.770617 <... pwrite64 resumed>) = 277 (DELAYED) <0.070152>
665095 1790837248.770924 --- SIGURG {si_signo=SIGURG, si_code=SI_TKILL, si_pid=665088, si_uid=1000} ---
665120 1790837248.771033 pwrite64(29</tmp/TestLeaseAppendPressureFixedPlacement1574030781/001/node-1/jetstream/$SYS/_js_/S-R3F-Cqy2Skni/msgs/1.blk>, "\25\1\0\0\324\2\0\0\0\0\0\0\273<\210O\375T\332\30\0\0000m6vARoZ\2\0"..., 277, 245196 <unfinished ...>
665121 1790837248.778022 <... pwrite64 resumed>) = 691 (DELAYED) <0.070066>
665121 1790837248.778168 pwrite64(23</tmp/TestLeaseAppendPressureFixedPlacement1574030781/001/node-1/jetstream/$SYS/_js_/S-R3F-q7IG3WJb/msgs/2.blk>, "\257\1\0\0%\2\0\0\0\0\0\0\363\225\365O\375T\332\30\0\0St9I6EVH\1\0"..., 431, 273602 <unfinished ...>
665139 1790837248.779590 pwrite64(24</tmp/TestLeaseAppendPressureFixedPlacement1574030781/001/node-1/jetstream/$G/streams/WF_JRN/msgs/1.blk>, "\340\0\0\200\363\2\0\0\0\0\0\0\370\335GC\375T\332\30 \0wf.jrn.pre"..., 448, 203984 <unfinished ...>
665120 1790837248.841150 <... pwrite64 resumed>) = 277 (DELAYED) <0.070078>
665120 1790837248.841298 --- SIGURG {si_signo=SIGURG, si_code=SI_TKILL, si_pid=665088, si_uid=1000} ---
665120 1790837248.841473 pwrite64(29</tmp/TestLeaseAppendPressureFixedPlacement1574030781/001/node-1/jetstream/$SYS/_js_/S-R3F-Cqy2Skni/msgs/1.blk>, "\25\1\0\0\325\2\0\0\0\0\0\0e+\273S\375T\332\30\0\0000m6vARoZ\2\0"..., 277, 245473 <unfinished ...>
665097 1790837248.843897 pwrite64(30</tmp/TestLeaseAppendPressureFixedPlacement1574030781/001/node-1/jetstream/$G/streams/KV_WF_LEASE/msgs/1.blk>, "\247\0\0\200\245\3\0\0\0\0\0\0\22\326\264>\375T\332\30&\0$KV.WF_LEA"..., 501, 156321 <unfinished ...>
665121 1790837248.848237 <... pwrite64 resumed>) = 431 (DELAYED) <0.070049>
665139 1790837248.849826 <... pwrite64 resumed>) = 448 (DELAYED) <0.070209>
665121 1790837248.851423 pwrite64(23</tmp/TestLeaseAppendPressureFixedPlacement1574030781/001/node-1/jetstream/$SYS/_js_/S-R3F-q7IG3WJb/msgs/2.blk>, "N\1\0\0&\2\0\0\0\0\0\0002@ST\375T\332\30\0\0St9I6EVH\1\0"..., 334, 274033 <unfinished ...>
665099 1790837248.853694 pwrite64(24</tmp/TestLeaseAppendPressureFixedPlacement1574030781/001/node-1/jetstream/$G/streams/WF_JRN/msgs/1.blk>, "\340\0\0\200\365\2\0\0\0\0\0\0K>NC\375T\332\30 \0wf.jrn.pre"..., 1410, 204432 <unfinished ...>
665120 1790837248.911713 <... pwrite64 resumed>) = 277 (DELAYED) <0.070205>
665120 1790837248.911920 --- SIGURG {si_signo=SIGURG, si_code=SI_TKILL, si_pid=665088, si_uid=1000} ---
665120 1790837248.912194 pwrite64(29</tmp/TestLeaseAppendPressureFixedPlacement1574030781/001/node-1/jetstream/$SYS/_js_/S-R3F-Cqy2Skni/msgs/1.blk>, "\25\1\0\0\326\2\0\0\0\0\0\0\242\244\361W\375T\332\30\0\0000m6vARoZ\2\0"..., 277, 245750 <unfinished ...>
665097 1790837248.913976 <... pwrite64 resumed>) = 501 (DELAYED) <0.070036>
665121 1790837248.921564 <... pwrite64 resumed>) = 334 (DELAYED) <0.070098>
665099 1790837248.925444 <... pwrite64 resumed>) = 1410 (DELAYED) <0.071714>
665099 1790837248.928022 pwrite64(24</tmp/TestLeaseAppendPressureFixedPlacement1574030781/001/node-1/jetstream/$G/streams/WF_JRN/msgs/1.blk>, "\340\0\0\200\372\2\0\0\0\0\0\0\333\22ST\375T\332\30 \0wf.jrn.pre"..., 224, 205842 <unfinished ...>
665120 1790837248.982307 <... pwrite64 resumed>) = 277 (DELAYED) <0.070071>
665097 1790837248.982983 pwrite64(29</tmp/TestLeaseAppendPressureFixedPlacement1574030781/001/node-1/jetstream/$SYS/_js_/S-R3F-Cqy2Skni/msgs/1.blk>, "E\4\0\0\327\2\0\0\0\0\0\0\213\332*\\\375T\332\30\0\0000m6vARoZ\2\0"..., 1093, 246027 <unfinished ...>
665120 1790837248.983044 --- SIGURG {si_signo=SIGURG, si_code=SI_TKILL, si_pid=665088, si_uid=1000} ---
665121 1790837248.986903 pwrite64(30</tmp/TestLeaseAppendPressureFixedPlacement1574030781/001/node-1/jetstream/$G/streams/KV_WF_LEASE/msgs/1.blk>, "\247\0\0\200\250\3\0\0\0\0\0\0)\333\267>\375T\332\30&\0$KV.WF_LEA"..., 835, 156822 <unfinished ...>
665099 1790837248.998167 <... pwrite64 resumed>) = 224 (DELAYED) <0.069927>
665099 1790837248.998484 pwrite64(23</tmp/TestLeaseAppendPressureFixedPlacement1574030781/001/node-1/jetstream/$SYS/_js_/S-R3F-q7IG3WJb/msgs/2.blk>, "\257\1\0\0'\2\0\0\0\0\0\0\253\265\26]\375T\332\30\0\0St9I6EVH\1\0"..., 431, 274367 <unfinished ...>
665097 1790837249.053083 <... pwrite64 resumed>) = 1093 (DELAYED) <0.070031>
665097 1790837249.053220 --- SIGURG {si_signo=SIGURG, si_code=SI_TKILL, si_pid=665088, si_uid=1000} ---
665097 1790837249.053326 pwrite64(29</tmp/TestLeaseAppendPressureFixedPlacement1574030781/001/node-1/jetstream/$SYS/_js_/S-R3F-Cqy2Skni/msgs/1.blk>, "\25\1\0\0\330\2\0\0\0\0\0\0\335\23\\`\375T\332\30\0\0000m6vARoZ\2\0"..., 277, 247120 <unfinished ...>
665121 1790837249.057134 <... pwrite64 resumed>) = 835 (DELAYED) <0.070178>
665112 1790837249.059665 pwrite64(30</tmp/TestLeaseAppendPressureFixedPlacement1574030781/001/node-1/jetstream/$G/streams/KV_WF_LEASE/msgs/1.blk>, "\247\0\0\200\255\3\0\0\0\0\0\0\202]\4P\375T\332\30&\0$KV.WF_LEA"..., 167, 157657 <unfinished ...>
665099 1790837249.068572 <... pwrite64 resumed>) = 431 (DELAYED) <0.070039>
665099 1790837249.068806 --- SIGURG {si_signo=SIGURG, si_code=SI_TKILL, si_pid=665088, si_uid=1000} ---
665137 1790837249.068850 pwrite64(23</tmp/TestLeaseAppendPressureFixedPlacement1574030781/001/node-1/jetstream/$SYS/_js_/S-R3F-q7IG3WJb/msgs/2.blk>, "\212\7\0\0(\2\0\0\0\0\0\0\350\335Ha\375T\332\30\0\0St9I6EVH\1\0"..., 1930, 274798 <unfinished ...>
665097 1790837249.123422 <... pwrite64 resumed>) = 277 (DELAYED) <0.070066>
665097 1790837249.124008 --- SIGURG {si_signo=SIGURG, si_code=SI_TKILL, si_pid=665088, si_uid=1000} ---
665099 1790837249.124352 pwrite64(29</tmp/TestLeaseAppendPressureFixedPlacement1574030781/001/node-1/jetstream/$SYS/_js_/S-R3F-Cqy2Skni/msgs/1.blk>, "\232\0\0\0\331\2\0\0\0\0\0\0\234y\224d\375T\332\30\0\0000m6vARoZ\2\0"..., 154, 247397 <unfinished ...>
665112 1790837249.129707 <... pwrite64 resumed>) = 167 (DELAYED) <0.070015>
665137 1790837249.138975 <... pwrite64 resumed>) = 1930 (DELAYED) <0.070093>
665137 1790837249.139359 --- SIGURG {si_signo=SIGURG, si_code=SI_TKILL, si_pid=665088, si_uid=1000} ---
665137 1790837249.139540 pwrite64(23</tmp/TestLeaseAppendPressureFixedPlacement1574030781/001/node-1/jetstream/$SYS/_js_/S-R3F-q7IG3WJb/msgs/2.blk>, "\257\1\0\0)\2\0\0\0\0\0\0\276$~e\375T\332\30\0\0St9I6EVH\1\0"..., 431, 276728 <unfinished ...>
665139 1790837249.141002 pwrite64(24</tmp/TestLeaseAppendPressureFixedPlacement1574030781/001/node-1/jetstream/$G/streams/WF_JRN/msgs/1.blk>, "A\1\0\200\373\2\0\0\0\0\0\0\325/\26]\375T\332\30 \0wf.jrn.pre"..., 321, 206066 <unfinished ...>
665099 1790837249.194532 <... pwrite64 resumed>) = 154 (DELAYED) <0.070142>
665099 1790837249.194917 --- SIGURG {si_signo=SIGURG, si_code=SI_TKILL, si_pid=665088, si_uid=1000} ---
665097 1790837249.194981 pwrite64(29</tmp/TestLeaseAppendPressureFixedPlacement1574030781/001/node-1/jetstream/$SYS/_js_/S-R3F-Cqy2Skni/msgs/1.blk>, "\25\1\0\0\332\2\0\0\0\0\0\0\245\236\314h\375T\332\30\0\0000m6vARoZ\2\0"..., 277, 247551 <unfinished ...>
665112 1790837249.198921 pwrite64(30</tmp/TestLeaseAppendPressureFixedPlacement1574030781/001/node-1/jetstream/$G/streams/KV_WF_LEASE/msgs/1.blk>, "\247\0\0\200\256\3\0\0\0\0\0\0\377\260\7P\375T\332\30&\0$KV.WF_LEA"..., 1002, 157824 <unfinished ...>
665137 1790837249.209645 <... pwrite64 resumed>) = 431 (DELAYED) <0.070067>
665137 1790837249.209936 --- SIGURG {si_signo=SIGURG, si_code=SI_TKILL, si_pid=665088, si_uid=1000} ---
665139 1790837249.211110 <... pwrite64 resumed>) = 321 (DELAYED) <0.070078>
665120 1790837249.215749 pwrite64(24</tmp/TestLeaseAppendPressureFixedPlacement1574030781/001/node-1/jetstream/$G/streams/WF_JRN/msgs/1.blk>, "A\1\0\200\374\2\0\0\0\0\0\0\32A.]\375T\332\30 \0wf.jrn.pre"..., 1956, 206387 <unfinished ...>
665097 1790837249.265082 <... pwrite64 resumed>) = 277 (DELAYED) <0.070063>
665097 1790837249.265247 --- SIGURG {si_signo=SIGURG, si_code=SI_TKILL, si_pid=665088, si_uid=1000} ---
665097 1790837249.265360 pwrite64(29</tmp/TestLeaseAppendPressureFixedPlacement1574030781/001/node-1/jetstream/$SYS/_js_/S-R3F-Cqy2Skni/msgs/1.blk>, "\25\1\0\0\333\2\0\0\0\0\0\0\313w\377l\375T\332\30\0\0000m6vARoZ\2\0"..., 277, 247828 <unfinished ...>
665112 1790837249.269009 <... pwrite64 resumed>) = 1002 (DELAYED) <0.070041>
665139 1790837249.281200 --- SIGURG {si_signo=SIGURG, si_code=SI_TKILL, si_pid=665088, si_uid=1000} ---
665120 1790837249.285868 <... pwrite64 resumed>) = 1956 (DELAYED) <0.070051>
665139 1790837249.287911 pwrite64(23</tmp/TestLeaseAppendPressureFixedPlacement1574030781/001/node-1/jetstream/$SYS/_js_/S-R3F-q7IG3WJb/msgs/2.blk>, "N\1\0\0*\2\0\0\0\0\0\0g\230Wn\375T\332\30\0\0St9I6EVH\1\0"..., 334, 277159 <unfinished ...>
665097 1790837249.335478 <... pwrite64 resumed>) = 277 (DELAYED) <0.070082>
665097 1790837249.335978 --- SIGURG {si_signo=SIGURG, si_code=SI_TKILL, si_pid=665088, si_uid=1000} ---
665137 1790837249.336005 pwrite64(29</tmp/TestLeaseAppendPressureFixedPlacement1574030781/001/node-1/jetstream/$SYS/_js_/S-R3F-Cqy2Skni/msgs/1.blk>, "E\4\0\0\334\2\0\0\0\0\0\0AZ5q\375T\332\30\0\0000m6vARoZ\2\0"..., 1093, 248105 <unfinished ...>
665099 1790837249.337460 pwrite64(30</tmp/TestLeaseAppendPressureFixedPlacement1574030781/001/node-1/jetstream/$G/streams/KV_WF_LEASE/msgs/1.blk>, "\247\0\0\200\264\3\0\0\0\0\0\0Z\252\337X\375T\332\30&\0$KV.WF_LEA"..., 197, 158826 <unfinished ...>
665139 1790837249.358072 <... pwrite64 resumed>) = 334 (DELAYED) <0.070114>
665097 1790837249.358388 pwrite64(23</tmp/TestLeaseAppendPressureFixedPlacement1574030781/001/node-1/jetstream/$SYS/_js_/S-R3F-q7IG3WJb/msgs/2.blk>, "N\1\0\0+\2\0\0\0\0\0\0[h\212r\375T\332\30\0\0St9I6EVH\1\0"..., 334, 277493 <unfinished ...>
665139 1790837249.358477 --- SIGURG {si_signo=SIGURG, si_code=SI_TKILL, si_pid=665088, si_uid=1000} ---
665139 1790837249.376911 --- SIGURG {si_signo=SIGURG, si_code=SI_TKILL, si_pid=665088, si_uid=1000} ---
665137 1790837249.406237 <... pwrite64 resumed>) = 1093 (DELAYED) <0.070198>
665137 1790837249.406533 pwrite64(29</tmp/TestLeaseAppendPressureFixedPlacement1574030781/001/node-1/jetstream/$SYS/_js_/S-R3F-Cqy2Skni/msgs/1.blk>, "\25\1\0\0\335\2\0\0\0\0\0\0\210Ciu\375T\332\30\0\0000m6vARoZ\2\0"..., 277, 249198 <unfinished ...>
665099 1790837249.407632 <... pwrite64 resumed>) = 197 (DELAYED) <0.070143>
665097 1790837249.429834 <... pwrite64 resumed>) = 334 (DELAYED) <0.071413>
665097 1790837249.430241 pwrite64(23</tmp/TestLeaseAppendPressureFixedPlacement1574030781/001/node-1/jetstream/$SYS/_js_/S-R3F-q7IG3WJb/msgs/2.blk>, "\205\6\0\0,\2\0\0\0\0\0\0\254R\323v\375T\332\30\0\0St9I6EVH\1\0"..., 1669, 277827 <unfinished ...>
665137 1790837249.476636 <... pwrite64 resumed>) = 277 (DELAYED) <0.070059>
665137 1790837249.476966 --- SIGURG {si_signo=SIGURG, si_code=SI_TKILL, si_pid=665088, si_uid=1000} ---
665137 1790837249.477392 --- SIGURG {si_signo=SIGURG, si_code=SI_TKILL, si_pid=665088, si_uid=1000} ---
665099 1790837249.479043 pwrite64(30</tmp/TestLeaseAppendPressureFixedPlacement1574030781/001/node-1/jetstream/$G/streams/KV_WF_LEASE/msgs/1.blk>, "\247\0\0\200\265\3\0\0\0\0\0\0\337\234\216e\375T\332\30&\0$KV.WF_LEA"..., 1169, 159023 <unfinished ...>
665137 1790837249.495220 --- SIGURG {si_signo=SIGURG, si_code=SI_TKILL, si_pid=665088, si_uid=1000} ---
665097 1790837249.500358 <... pwrite64 resumed>) = 1669 (DELAYED) <0.070088>
665097 1790837249.500563 pwrite64(23</tmp/TestLeaseAppendPressureFixedPlacement1574030781/001/node-1/jetstream/$SYS/_js_/S-R3F-q7IG3WJb/msgs/2.blk>, "N\1\0\0-\2\0\0\0\0\0\0zM\4{\375T\332\30\0\0St9I6EVH\1\0"..., 334, 279496 <unfinished ...>
665137 1790837249.501886 pwrite64(29</tmp/TestLeaseAppendPressureFixedPlacement1574030781/001/node-1/jetstream/$SYS/_js_/S-R3F-Cqy2Skni/msgs/1.blk>, "\25\1\0\0\336\2\0\0\0\0\0\0\361\272\30{\375T\332\30\0\0000m6vARoZ\2\0"..., 277, 249475 <unfinished ...>
665121 1790837249.501952 pwrite64(24</tmp/TestLeaseAppendPressureFixedPlacement1574030781/001/node-1/jetstream/$G/streams/WF_JRN/msgs/1.blk>, "\340\0\0\200\3\3\0\0\0\0\0\08\267Vn\375T\332\30 \0wf.jrn.pre"..., 224, 208343 <unfinished ...>
665099 1790837249.549201 <... pwrite64 resumed>) = 1169 (DELAYED) <0.069863>
665099 1790837249.549527 --- SIGURG {si_signo=SIGURG, si_code=SI_TKILL, si_pid=665088, si_uid=1000} ---
665112 1790837249.551183 pwrite64(30</tmp/TestLeaseAppendPressureFixedPlacement1574030781/001/node-1/jetstream/$G/streams/KV_WF_LEASE/msgs/1.blk>, "\247\0\0\200\274\3\0\0\0\0\0\0\367\204\343i\375T\332\30&\0$KV.WF_LEA"..., 167, 160192 <unfinished ...>
665097 1790837249.570677 <... pwrite64 resumed>) = 334 (DELAYED) <0.070071>
665097 1790837249.570868 --- SIGURG {si_signo=SIGURG, si_code=SI_TKILL, si_pid=665088, si_uid=1000} ---
665137 1790837249.572066 <... pwrite64 resumed>) = 277 (DELAYED) <0.070157>
665121 1790837249.572086 <... pwrite64 resumed>) = 224 (DELAYED) <0.070124>
665099 1790837249.573210 pwrite64(29</tmp/TestLeaseAppendPressureFixedPlacement1574030781/001/node-1/jetstream/$SYS/_js_/S-R3F-Cqy2Skni/msgs/1.blk>, "\25\1\0\0\337\2\0\0\0\0\0\0\253\vY\177\375T\332\30\0\0000m6vARoZ\2\0"..., 277, 249752 <unfinished ...>
665137 1790837249.573962 pwrite64(23</tmp/TestLeaseAppendPressureFixedPlacement1574030781/001/node-1/jetstream/$SYS/_js_/S-R3F-q7IG3WJb/msgs/2.blk>, "\257\1\0\0.\2\0\0\0\0\0\0\252\226d\177\375T\332\30\0\0St9I6EVH\1\0"..., 431, 279830 <unfinished ...>
665121 1790837249.576980 pwrite64(24</tmp/TestLeaseAppendPressureFixedPlacement1574030781/001/node-1/jetstream/$G/streams/WF_JRN/msgs/1.blk>, "\340\0\0\200\4\3\0\0\0\0\0\0E\370Zq\375T\332\30 \0wf.jrn.pre"..., 1859, 208567 <unfinished ...>
665112 1790837249.621312 <... pwrite64 resumed>) = 167 (DELAYED) <0.070071>
665112 1790837249.621523 --- SIGURG {si_signo=SIGURG, si_code=SI_TKILL, si_pid=665088, si_uid=1000} ---
665139 1790837249.623137 pwrite64(30</tmp/TestLeaseAppendPressureFixedPlacement1574030781/001/node-1/jetstream/$G/streams/KV_WF_LEASE/msgs/1.blk>, "\247\0\0\200\275\3\0\0\0\0\0\0+I\22{\375T\332\30&\0$KV.WF_LEA"..., 167, 160359 <unfinished ...>
665099 1790837249.643308 <... pwrite64 resumed>) = 277 (DELAYED) <0.070070>
665099 1790837249.643456 pwrite64(29</tmp/TestLeaseAppendPressureFixedPlacement1574030781/001/node-1/jetstream/$SYS/_js_/S-R3F-Cqy2Skni/msgs/1.blk>, "y\3\0\0\340\2\0\0\0\0\0\0\242\316\210\203\375T\332\30\0\0000m6vARoZ\2\0"..., 889, 250029 <unfinished ...>
665137 1790837249.643987 <... pwrite64 resumed>) = 431 (DELAYED) <0.070008>
665121 1790837249.647030 <... pwrite64 resumed>) = 1859 (DELAYED) <0.070029>
665137 1790837249.648033 pwrite64(23</tmp/TestLeaseAppendPressureFixedPlacement1574030781/001/node-1/jetstream/$SYS/_js_/S-R3F-q7IG3WJb/msgs/2.blk>, "\257\1\0\0/\2\0\0\0\0\0\0\30\306\316\203\375T\332\30\0\0St9I6EVH\1\0"..., 431, 280261 <unfinished ...>
665112 1790837249.649008 pwrite64(24</tmp/TestLeaseAppendPressureFixedPlacement1574030781/001/node-1/jetstream/$G/streams/WF_JRN/msgs/1.blk>, "A\1\0\200\v\3\0\0\0\0\0\0Iyd\177\375T\332\30 \0wf.jrn.pre"..., 321, 210426 <unfinished ...>
665139 1790837249.693267 <... pwrite64 resumed>) = 167 (DELAYED) <0.070095>
665099 1790837249.713742 <... pwrite64 resumed>) = 889 (DELAYED) <0.070255>
665099 1790837249.714922 --- SIGURG {si_signo=SIGURG, si_code=SI_TKILL, si_pid=665088, si_uid=1000} ---
665099 1790837249.715626 pwrite64(29</tmp/TestLeaseAppendPressureFixedPlacement1574030781/001/node-1/jetstream/$SYS/_js_/S-R3F-Cqy2Skni/msgs/1.blk>, "\341\1\0\0\341\2\0\0\0\0\0\0f\256\325\207\375T\332\30\0\0000m6vARoZ\2\0"..., 481, 250918 <unfinished ...>
665137 1790837249.718084 <... pwrite64 resumed>) = 431 (DELAYED) <0.070023>
665112 1790837249.719069 <... pwrite64 resumed>) = 321 (DELAYED) <0.070047>
665097 1790837249.724410 pwrite64(23</tmp/TestLeaseAppendPressureFixedPlacement1574030781/001/node-1/jetstream/$SYS/_js_/S-R3F-q7IG3WJb/msgs/2.blk>, "\257\1\0\0000\2\0\0\0\0\0\0T\325Z\210\375T\332\30\0\0St9I6EVH\1\0"..., 431, 280692 <unfinished ...>
665137 1790837249.725940 pwrite64(24</tmp/TestLeaseAppendPressureFixedPlacement1574030781/001/node-1/jetstream/$G/streams/WF_JRN/msgs/1.blk>, "A\1\0\200\f\3\0\0\0\0\0\0\320\247\316\203\375T\332\30 \0wf.jrn.pre"..., 321, 210747 <unfinished ...>
665099 1790837249.785769 <... pwrite64 resumed>) = 481 (DELAYED) <0.070097>
665099 1790837249.786003 --- SIGURG {si_signo=SIGURG, si_code=SI_TKILL, si_pid=665088, si_uid=1000} ---
665112 1790837249.786916 pwrite64(29</tmp/TestLeaseAppendPressureFixedPlacement1574030781/001/node-1/jetstream/$SYS/_js_/S-R3F-Cqy2Skni/msgs/1.blk>, "\25\1\0\0\342\2\0\0\0\0\0\0\310\303\25\214\375T\332\30\0\0000m6vARoZ\2\0"..., 277, 251399 <unfinished ...>
665139 1790837249.788204 pwrite64(30</tmp/TestLeaseAppendPressureFixedPlacement1574030781/001/node-1/jetstream/$G/streams/KV_WF_LEASE/msgs/1.blk>, "\247\0\0\200\276\3\0\0\0\0\0\0ajS\177\375T\332\30&\0$KV.WF_LEA"..., 167, 160526 <unfinished ...>
665097 1790837249.794467 <... pwrite64 resumed>) = 431 (DELAYED) <0.070005>
665137 1790837249.795965 <... pwrite64 resumed>) = 321 (DELAYED) <0.069981>
665137 1790837249.796077 pwrite64(23</tmp/TestLeaseAppendPressureFixedPlacement1574030781/001/node-1/jetstream/$SYS/_js_/S-R3F-q7IG3WJb/msgs/2.blk>, "\271\3\0\0001\2\0\0\0\0\0\0+\265\241\214\375T\332\30\0\0St9I6EVH\1\0"..., 953, 281123 <unfinished ...>
665121 1790837249.798506 pwrite64(24</tmp/TestLeaseAppendPressureFixedPlacement1574030781/001/node-1/jetstream/$G/streams/WF_JRN/msgs/1.blk>, "A\1\0\200\r\3\0\0\0\0\0\0_\303L\210\375T\332\30 \0wf.jrn.pre"..., 321, 211068 <unfinished ...>
665112 1790837249.857127 <... pwrite64 resumed>) = 277 (DELAYED) <0.070113>
665112 1790837249.857390 --- SIGURG {si_signo=SIGURG, si_code=SI_TKILL, si_pid=665088, si_uid=1000} ---
665112 1790837249.857495 pwrite64(29</tmp/TestLeaseAppendPressureFixedPlacement1574030781/001/node-1/jetstream/$SYS/_js_/S-R3F-Cqy2Skni/msgs/1.blk>, "\25\1\0\0\343\2\0\0\0\0\0\0,|J\220\375T\332\30\0\0000m6vARoZ\2\0"..., 277, 251676 <unfinished ...>
665139 1790837249.858225 <... pwrite64 resumed>) = 167 (DELAYED) <0.070002>
665139 1790837249.862525 pwrite64(30</tmp/TestLeaseAppendPressureFixedPlacement1574030781/001/node-1/jetstream/$G/streams/KV_WF_LEASE/msgs/1.blk>, "\247\0\0\200\277\3\0\0\0\0\0\0\345IU\177\375T\332\30&\0$KV.WF_LEA"..., 668, 160693 <unfinished ...>
665137 1790837249.867657 <... pwrite64 resumed>) = 953 (DELAYED) <0.071557>
665137 1790837249.867767 pwrite64(23</tmp/TestLeaseAppendPressureFixedPlacement1574030781/001/node-1/jetstream/$SYS/_js_/S-R3F-q7IG3WJb/msgs/2.blk>, "\264\2\0\0002\2\0\0\0\0\0\0\n\212\347\220\375T\332\30\0\0St9I6EVH\1\0"..., 692, 282076 <unfinished ...>
665121 1790837249.869131 <... pwrite64 resumed>) = 321 (DELAYED) <0.070603>
665120 1790837249.915880 --- SIGURG {si_signo=SIGURG, si_code=SI_TKILL, si_pid=665088, si_uid=1000} ---
665112 1790837249.927612 <... pwrite64 resumed>) = 277 (DELAYED) <0.070092>
665112 1790837249.927793 --- SIGURG {si_signo=SIGURG, si_code=SI_TKILL, si_pid=665088, si_uid=1000} ---
665120 1790837249.928167 pwrite64(29</tmp/TestLeaseAppendPressureFixedPlacement1574030781/001/node-1/jetstream/$SYS/_js_/S-R3F-Cqy2Skni/msgs/1.blk>, "\25\1\0\0\344\2\0\0\0\0\0\0\320\254~\224\375T\332\30\0\0000m6vARoZ\2\0"..., 277, 251953 <unfinished ...>
665139 1790837249.933215 <... pwrite64 resumed>) = 668 (DELAYED) <0.070500>
665139 1790837249.933442 --- SIGURG {si_signo=SIGURG, si_code=SI_TKILL, si_pid=665088, si_uid=1000} ---
665095 1790837249.937085 pwrite64(30</tmp/TestLeaseAppendPressureFixedPlacement1574030781/001/node-1/jetstream/$G/streams/KV_WF_LEASE/msgs/1.blk>, "\247\0\0\200\303\3\0\0\0\0\0\0]\313V\177\375T\332\30&\0$KV.WF_LEA"..., 334, 161361 <unfinished ...>
665137 1790837249.937871 <... pwrite64 resumed>) = 692 (DELAYED) <0.070087>
665137 1790837249.938031 pwrite64(23</tmp/TestLeaseAppendPressureFixedPlacement1574030781/001/node-1/jetstream/$SYS/_js_/S-R3F-q7IG3WJb/msgs/2.blk>, "S\2\0\0003\2\0\0\0\0\0\0\26\204\27\225\375T\332\30\0\0St9I6EVH\1\0"..., 595, 282768 <unfinished ...>
665139 1790837249.960549 --- SIGURG {si_signo=SIGURG, si_code=SI_TKILL, si_pid=665088, si_uid=1000} ---
665120 1790837249.998281 <... pwrite64 resumed>) = 277 (DELAYED) <0.070055>
665095 1790837250.007174 <... pwrite64 resumed>) = 334 (DELAYED) <0.070053>
665137 1790837250.008066 <... pwrite64 resumed>) = 595 (DELAYED) <0.070013>
665137 1790837250.008153 pwrite64(23</tmp/TestLeaseAppendPressureFixedPlacement1574030781/001/node-1/jetstream/$SYS/_js_/S-R3F-q7IG3WJb/msgs/2.blk>, "N\1\0\0004\2\0\0\0\0\0\0S\277E\231\375T\332\30\0\0St9I6EVH\1\0"..., 334, 283363 <unfinished ...>
665099 1790837250.010852 pwrite64(30</tmp/TestLeaseAppendPressureFixedPlacement1574030781/001/node-1/jetstream/$G/streams/KV_WF_LEASE/msgs/1.blk>, "\247\0\0\200\305\3\0\0\0\0\0\0\3\323\311\203\375T\332\30&\0$KV.WF_LEA"..., 501, 161695 <unfinished ...>
665137 1790837250.081146 <... pwrite64 resumed>) = 334 (DELAYED) <0.072960>
665099 1790837250.081345 <... pwrite64 resumed>) = 501 (DELAYED) <0.070458>
665137 1790837250.082874 --- SIGURG {si_signo=SIGURG, si_code=SI_TKILL, si_pid=665088, si_uid=1000} ---
665139 1790837250.084970 pwrite64(24</tmp/TestLeaseAppendPressureFixedPlacement1574030781/001/node-1/jetstream/$G/streams/WF_JRN/msgs/1.blk>, "\340\0\0\200\16\3\0\0\0\0\0\0\265\f\241\214\375T\332\30 \0wf.jrn.pre"..., 1986, 211389 <unfinished ...>
665099 1790837250.086403 pwrite64(29</tmp/TestLeaseAppendPressureFixedPlacement1574030781/001/node-1/jetstream/$SYS/_js_/S-R3F-Cqy2Skni/msgs/1.blk>, "\25\1\0\0\345\2\0\0\0\0\0\0pF\357\235\375T\332\30\0\0000m6vARoZ\2\0"..., 277, 252230 <unfinished ...>
665139 1790837250.155165 <... pwrite64 resumed>) = 1986 (DELAYED) <0.070146>
665099 1790837250.156502 <... pwrite64 resumed>) = 277 (DELAYED) <0.070068>
665099 1790837250.156739 --- SIGURG {si_signo=SIGURG, si_code=SI_TKILL, si_pid=665088, si_uid=1000} ---
665139 1790837250.156790 pwrite64(29</tmp/TestLeaseAppendPressureFixedPlacement1574030781/001/node-1/jetstream/$SYS/_js_/S-R3F-Cqy2Skni/msgs/1.blk>, "\341\1\0\0\346\2\0\0\0\0\0\0\203`!\242\375T\332\30\0\0000m6vARoZ\2\0"..., 481, 252507 <unfinished ...>
665137 1790837250.160081 pwrite64(23</tmp/TestLeaseAppendPressureFixedPlacement1574030781/001/node-1/jetstream/$SYS/_js_/S-R3F-q7IG3WJb/msgs/2.blk>, "\257\1\0\0005\2\0\0\0\0\0\0\363\332S\242\375T\332\30\0\0St9I6EVH\1\0"..., 431, 283697 <unfinished ...>
665139 1790837250.227005 <... pwrite64 resumed>) = 481 (DELAYED) <0.070181>
665139 1790837250.227347 pwrite64(29</tmp/TestLeaseAppendPressureFixedPlacement1574030781/001/node-1/jetstream/$SYS/_js_/S-R3F-Cqy2Skni/msgs/1.blk>, "\25\1\0\0\347\2\0\0\0\0\0\0K5U\246\375T\332\30\0\0000m6vARoZ\2\0"..., 277, 252988 <unfinished ...>
665137 1790837250.230258 <... pwrite64 resumed>) = 431 (DELAYED) <0.070146>
665120 1790837250.232873 pwrite64(23</tmp/TestLeaseAppendPressureFixedPlacement1574030781/001/node-1/jetstream/$SYS/_js_/S-R3F-q7IG3WJb/msgs/2.blk>, "\257\1\0\0006\2\0\0\0\0\0\0\304\221\251\246\375T\332\30\0\0St9I6EVH\1\0"..., 431, 284128 <unfinished ...>
665137 1790837250.234151 pwrite64(24</tmp/TestLeaseAppendPressureFixedPlacement1574030781/001/node-1/jetstream/$G/streams/WF_JRN/msgs/1.blk>, "A\1\0\200\26\3\0\0\0\0\0\0]\324R\242\375T\332\30 \0wf.jrn.pre"..., 321, 213375 <unfinished ...>
665121 1790837250.280786 --- SIGURG {si_signo=SIGURG, si_code=SI_TKILL, si_pid=665088, si_uid=1000} ---
665139 1790837250.297507 <... pwrite64 resumed>) = 277 (DELAYED) <0.070110>
665139 1790837250.297688 --- SIGURG {si_signo=SIGURG, si_code=SI_TKILL, si_pid=665088, si_uid=1000} ---
665139 1790837250.297802 pwrite64(29</tmp/TestLeaseAppendPressureFixedPlacement1574030781/001/node-1/jetstream/$SYS/_js_/S-R3F-Cqy2Skni/msgs/1.blk>, "\255\2\0\0\350\2\0\0\0\0\0\0\22\f\211\252\375T\332\30\0\0000m6vARoZ\2\0"..., 685, 253265 <unfinished ...>
665120 1790837250.302983 <... pwrite64 resumed>) = 431 (DELAYED) <0.070052>
665120 1790837250.303866 --- SIGURG {si_signo=SIGURG, si_code=SI_TKILL, si_pid=665088, si_uid=1000} ---
665099 1790837250.304081 pwrite64(23</tmp/TestLeaseAppendPressureFixedPlacement1574030781/001/node-1/jetstream/$SYS/_js_/S-R3F-q7IG3WJb/msgs/2.blk>, "\257\1\0\0007\2\0\0\0\0\0\0\221\316\350\252\375T\332\30\0\0St9I6EVH\1\0"..., 431, 284559 <unfinished ...>
665137 1790837250.304219 <... pwrite64 resumed>) = 321 (DELAYED) <0.070030>
665139 1790837250.367948 <... pwrite64 resumed>) = 685 (DELAYED) <0.070113>
665139 1790837250.368215 --- SIGURG {si_signo=SIGURG, si_code=SI_TKILL, si_pid=665088, si_uid=1000} ---
665139 1790837250.368478 pwrite64(29</tmp/TestLeaseAppendPressureFixedPlacement1574030781/001/node-1/jetstream/$SYS/_js_/S-R3F-Cqy2Skni/msgs/1.blk>, "\25\1\0\0\351\2\0\0\0\0\0\0\16\371\276\256\375T\332\30\0\0000m6vARoZ\2\0"..., 277, 253950 <unfinished ...>
665099 1790837250.374149 <... pwrite64 resumed>) = 431 (DELAYED) <0.070043>
665099 1790837250.374299 pwrite64(23</tmp/TestLeaseAppendPressureFixedPlacement1574030781/001/node-1/jetstream/$SYS/_js_/S-R3F-q7IG3WJb/msgs/2.blk>, "\200\5\0\08\2\0\0\0\0\0\0\344]\30\257\375T\332\30\0\0St9I6EVH\1\0"..., 1408, 284990 <unfinished ...>
665095 1790837250.415993 --- SIGURG {si_signo=SIGURG, si_code=SI_TKILL, si_pid=665088, si_uid=1000} ---
665139 1790837250.438647 <... pwrite64 resumed>) = 277 (DELAYED) <0.070117>
665139 1790837250.438989 --- SIGURG {si_signo=SIGURG, si_code=SI_TKILL, si_pid=665088, si_uid=1000} ---
665121 1790837250.439235 pwrite64(29</tmp/TestLeaseAppendPressureFixedPlacement1574030781/001/node-1/jetstream/$SYS/_js_/S-R3F-Cqy2Skni/msgs/1.blk>, "\25\1\0\0\352\2\0\0\0\0\0\0\265+\367\262\375T\332\30\0\0000m6vARoZ\2\0"..., 277, 254227 <unfinished ...>
665139 1790837250.439667 --- SIGURG {si_signo=SIGURG, si_code=SI_TKILL, si_pid=665088, si_uid=1000} ---
665120 1790837250.441164 pwrite64(30</tmp/TestLeaseAppendPressureFixedPlacement1574030781/001/node-1/jetstream/$G/streams/KV_WF_LEASE/msgs/1.blk>, "\247\0\0\200\310\3\0\0\0\0\0\0=\212\326\235\375T\332\30&\0$KV.WF_LEA"..., 167, 162196 <unfinished ...>
665099 1790837250.444358 <... pwrite64 resumed>) = 1408 (DELAYED) <0.070030>
665099 1790837250.444493 pwrite64(23</tmp/TestLeaseAppendPressureFixedPlacement1574030781/001/node-1/jetstream/$SYS/_js_/S-R3F-q7IG3WJb/msgs/2.blk>, "N\1\0\09\2\0\0\0\0\0\0\345lG\263\375T\332\30\0\0St9I6EVH\1\0"..., 334, 286398 <unfinished ...>
665139 1790837250.498869 --- SIGURG {si_signo=SIGURG, si_code=SI_TKILL, si_pid=665088, si_uid=1000} ---
665121 1790837250.509366 <... pwrite64 resumed>) = 277 (DELAYED) <0.070065>
665121 1790837250.509587 --- SIGURG {si_signo=SIGURG, si_code=SI_TKILL, si_pid=665088, si_uid=1000} ---
665120 1790837250.511269 <... pwrite64 resumed>) = 167 (DELAYED) <0.070060>
665099 1790837250.514593 <... pwrite64 resumed>) = 334 (DELAYED) <0.070071>
665099 1790837250.515130 pwrite64(23</tmp/TestLeaseAppendPressureFixedPlacement1574030781/001/node-1/jetstream/$SYS/_js_/S-R3F-q7IG3WJb/msgs/2.blk>, "N\1\0\0:\2\0\0\0\0\0\0bcw\267\375T\332\30\0\0St9I6EVH\1\0"..., 334, 286732 <unfinished ...>
665121 1790837250.515293 pwrite64(30</tmp/TestLeaseAppendPressureFixedPlacement1574030781/001/node-1/jetstream/$G/streams/KV_WF_LEASE/msgs/1.blk>, "\247\0\0\200\311\3\0\0\0\0\0\0\31\376\332\235\375T\332\30&\0$KV.WF_LEA"..., 1336, 162363 <unfinished ...>
665099 1790837250.585631 <... pwrite64 resumed>) = 334 (DELAYED) <0.070435>
665121 1790837250.585945 <... pwrite64 resumed>) = 1336 (DELAYED) <0.070632>
665099 1790837250.588312 --- SIGURG {si_signo=SIGURG, si_code=SI_TKILL, si_pid=665088, si_uid=1000} ---
665120 1790837250.589116 pwrite64(29</tmp/TestLeaseAppendPressureFixedPlacement1574030781/001/node-1/jetstream/$SYS/_js_/S-R3F-Cqy2Skni/msgs/1.blk>, "\25\1\0\0\353\2\0\0\0\0\0\0w\\\346\273\375T\332\30\0\0000m6vARoZ\2\0"..., 277, 254504 <unfinished ...>
665099 1790837250.592233 pwrite64(24</tmp/TestLeaseAppendPressureFixedPlacement1574030781/001/node-1/jetstream/$G/streams/WF_JRN/msgs/1.blk>, "A\1\0\200\27\3\0\0\0\0\0\0@\36\247\246\375T\332\30 \0wf.jrn.pre"..., 2277, 213696 <unfinished ...>
665120 1790837250.659195 <... pwrite64 resumed>) = 277 (DELAYED) <0.070029>
665120 1790837250.659325 pwrite64(29</tmp/TestLeaseAppendPressureFixedPlacement1574030781/001/node-1/jetstream/$SYS/_js_/S-R3F-Cqy2Skni/msgs/1.blk>, "\25\1\0\0\354\2\0\0\0\0\0\0\367\241\25\300\375T\332\30\0\0000m6vARoZ\2\0"..., 277, 254781 <unfinished ...>
665099 1790837250.662281 <... pwrite64 resumed>) = 2277 (DELAYED) <0.070002>
665121 1790837250.663236 pwrite64(23</tmp/TestLeaseAppendPressureFixedPlacement1574030781/001/node-1/jetstream/$SYS/_js_/S-R3F-q7IG3WJb/msgs/2.blk>, "N\1\0\0;\2\0\0\0\0\0\0\357hQ\300\375T\332\30\0\0St9I6EVH\1\0"..., 334, 287066 <unfinished ...>
665095 1790837250.710960 --- SIGURG {si_signo=SIGURG, si_code=SI_TKILL, si_pid=665088, si_uid=1000} ---
665095 1790837250.711150 --- SIGURG {si_signo=SIGURG, si_code=SI_TKILL, si_pid=665088, si_uid=1000} ---
665120 1790837250.729482 <... pwrite64 resumed>) = 277 (DELAYED) <0.070121>
665120 1790837250.729955 --- SIGURG {si_signo=SIGURG, si_code=SI_TKILL, si_pid=665088, si_uid=1000} ---
665095 1790837250.730217 pwrite64(29</tmp/TestLeaseAppendPressureFixedPlacement1574030781/001/node-1/jetstream/$SYS/_js_/S-R3F-Cqy2Skni/msgs/1.blk>, "\21\5\0\0\355\2\0\0\0\0\0\0\21\201N\304\375T\332\30\0\0000m6vARoZ\2\0"..., 1297, 255058 <unfinished ...>
665121 1790837250.733324 <... pwrite64 resumed>) = 334 (DELAYED) <0.070040>
665121 1790837250.733473 pwrite64(23</tmp/TestLeaseAppendPressureFixedPlacement1574030781/001/node-1/jetstream/$SYS/_js_/S-R3F-q7IG3WJb/msgs/2.blk>, "N\1\0\0<\2\0\0\0\0\0\0\35\v\201\304\375T\332\30\0\0St9I6EVH\1\0"..., 334, 287400 <unfinished ...>
665095 1790837250.800372 <... pwrite64 resumed>) = 1297 (DELAYED) <0.070109>
665095 1790837250.801776 --- SIGURG {si_signo=SIGURG, si_code=SI_TKILL, si_pid=665088, si_uid=1000} ---
665121 1790837250.803609 <... pwrite64 resumed>) = 334 (DELAYED) <0.070098>
665121 1790837250.803773 pwrite64(23</tmp/TestLeaseAppendPressureFixedPlacement1574030781/001/node-1/jetstream/$SYS/_js_/S-R3F-q7IG3WJb/msgs/2.blk>, "N\1\0\0=\2\0\0\0\0\0\0\272\335\260\310\375T\332\30\0\0St9I6EVH\1\0"..., 334, 287734 <unfinished ...>
665099 1790837250.804949 pwrite64(29</tmp/TestLeaseAppendPressureFixedPlacement1574030781/001/node-1/jetstream/$SYS/_js_/S-R3F-Cqy2Skni/msgs/1.blk>, "\25\1\0\0\356\2\0\0\0\0\0\0\362\326\303\310\375T\332\30\0\0000m6vARoZ\2\0"..., 277, 256355 <unfinished ...>
665137 1790837250.805047 pwrite64(24</tmp/TestLeaseAppendPressureFixedPlacement1574030781/001/node-1/jetstream/$G/streams/WF_JRN/msgs/1.blk>, "\340\0\0\200\37\3\0\0\0\0\0\0\227\247P\300\375T\332\30 \0wf.jrn.pre"..., 224, 215973 <unfinished ...>
665095 1790837250.805226 pwrite64(30</tmp/TestLeaseAppendPressureFixedPlacement1574030781/001/node-1/jetstream/$G/streams/KV_WF_LEASE/msgs/1.blk>, "\247\0\0\200\321\3\0\0\0\0\0\0\317\354\342\273\375T\332\30&\0$KV.WF_LEA"..., 1336, 163699 <unfinished ...>
665121 1790837250.873878 <... pwrite64 resumed>) = 334 (DELAYED) <0.070069>
665121 1790837250.874030 --- SIGURG {si_signo=SIGURG, si_code=SI_TKILL, si_pid=665088, si_uid=1000} ---
665121 1790837250.874177 pwrite64(23</tmp/TestLeaseAppendPressureFixedPlacement1574030781/001/node-1/jetstream/$SYS/_js_/S-R3F-q7IG3WJb/msgs/2.blk>, "\257\1\0\0>\2\0\0\0\0\0\0q\1\344\314\375T\332\30\0\0St9I6EVH\1\0"..., 431, 288068 <unfinished ...>
665099 1790837250.874978 <... pwrite64 resumed>) = 277 (DELAYED) <0.069997>
665137 1790837250.875094 <... pwrite64 resumed>) = 224 (DELAYED) <0.070032>
665095 1790837250.875951 <... pwrite64 resumed>) = 1336 (DELAYED) <0.070709>
665137 1790837250.877977 pwrite64(30</tmp/TestLeaseAppendPressureFixedPlacement1574030781/001/node-1/jetstream/$G/streams/KV_WF_LEASE/msgs/1.blk>, "\247\0\0\200\331\3\0\0\0\0\0\0<\275\272\310\375T\332\30&\0$KV.WF_LEA"..., 167, 165035 <unfinished ...>
665121 1790837250.944514 <... pwrite64 resumed>) = 431 (DELAYED) <0.070302>
665121 1790837250.944881 --- SIGURG {si_signo=SIGURG, si_code=SI_TKILL, si_pid=665088, si_uid=1000} ---
665120 1790837250.945310 pwrite64(23</tmp/TestLeaseAppendPressureFixedPlacement1574030781/001/node-1/jetstream/$SYS/_js_/S-R3F-q7IG3WJb/msgs/2.blk>, "\205\6\0\0?\2\0\0\0\0\0\0b= \321\375T\332\30\0\0St9I6EVH\1\0"..., 1669, 288499 <unfinished ...>
665099 1790837250.947252 pwrite64(24</tmp/TestLeaseAppendPressureFixedPlacement1574030781/001/node-1/jetstream/$G/streams/WF_JRN/msgs/1.blk>, "\340\0\0\200 \3\0\0\0\0\0\0\236\3q\304\375T\332\30 \0wf.jrn.pre"..., 224, 216197 <unfinished ...>
665137 1790837250.948038 <... pwrite64 resumed>) = 167 (DELAYED) <0.070039>
665137 1790837250.949248 pwrite64(29</tmp/TestLeaseAppendPressureFixedPlacement1574030781/001/node-1/jetstream/$SYS/_js_/S-R3F-Cqy2Skni/msgs/1.blk>, "\25\1\0\0\357\2\0\0\0\0\0\0\254\232]\321\375T\332\30\0\0000m6vARoZ\2\0"..., 277, 256632 <unfinished ...>
665120 1790837251.015449 <... pwrite64 resumed>) = 1669 (DELAYED) <0.070096>
665120 1790837251.015657 --- SIGURG {si_signo=SIGURG, si_code=SI_TKILL, si_pid=665088, si_uid=1000} ---
665099 1790837251.017294 <... pwrite64 resumed>) = 224 (DELAYED) <0.069992>
665137 1790837251.019305 <... pwrite64 resumed>) = 277 (DELAYED) <0.070022>
665137 1790837251.019401 pwrite64(29</tmp/TestLeaseAppendPressureFixedPlacement1574030781/001/node-1/jetstream/$SYS/_js_/S-R3F-Cqy2Skni/msgs/1.blk>, "\25\1\0\0\360\2\0\0\0\0\0\0;\2\214\325\375T\332\30\0\0000m6vARoZ\2\0"..., 277, 256909 <unfinished ...>
665112 1790837251.020854 pwrite64(24</tmp/TestLeaseAppendPressureFixedPlacement1574030781/001/node-1/jetstream/$G/streams/WF_JRN/msgs/1.blk>, "\340\0\0\200!\3\0\0\0\0\0\0C\362\255\310\375T\332\30 \0wf.jrn.pre"..., 1956, 216421 <unfinished ...>
665137 1790837251.089935 <... pwrite64 resumed>) = 277 (DELAYED) <0.070502>
665099 1790837251.090992 pwrite64(29</tmp/TestLeaseAppendPressureFixedPlacement1574030781/001/node-1/jetstream/$SYS/_js_/S-R3F-Cqy2Skni/msgs/1.blk>, "y\3\0\0\361\2\0\0\0\0\0\0\247\1\316\331\375T\332\30\0\0000m6vARoZ\2\0"..., 889, 257186 <unfinished ...>
665112 1790837251.091074 <... pwrite64 resumed>) = 1956 (DELAYED) <0.070193>
665137 1790837251.091101 --- SIGURG {si_signo=SIGURG, si_code=SI_TKILL, si_pid=665088, si_uid=1000} ---
665112 1790837251.091678 --- SIGURG {si_signo=SIGURG, si_code=SI_TKILL, si_pid=665088, si_uid=1000} ---
665120 1790837251.091966 pwrite64(23</tmp/TestLeaseAppendPressureFixedPlacement1574030781/001/node-1/jetstream/$SYS/_js_/S-R3F-q7IG3WJb/msgs/2.blk>, "\257\1\0\0@\2\0\0\0\0\0\0vQ\337\331\375T\332\30\0\0St9I6EVH\1\0"..., 431, 290168 <unfinished ...>
665112 1790837251.092008 --- SIGURG {si_signo=SIGURG, si_code=SI_TKILL, si_pid=665088, si_uid=1000} ---
665099 1790837251.162995 <... pwrite64 resumed>) = 889 (DELAYED) <0.071966>
665120 1790837251.164792 <... pwrite64 resumed>) = 431 (DELAYED) <0.072807>
665120 1790837251.165323 pwrite64(23</tmp/TestLeaseAppendPressureFixedPlacement1574030781/001/node-1/jetstream/$SYS/_js_/S-R3F-q7IG3WJb/msgs/2.blk>, "\257\1\0\0A\2\0\0\0\0\0\0\301\254>\336\375T\332\30\0\0St9I6EVH\1\0"..., 431, 290599 <unfinished ...>
665099 1790837251.165376 --- SIGURG {si_signo=SIGURG, si_code=SI_TKILL, si_pid=665088, si_uid=1000} ---
665112 1790837251.165707 pwrite64(29</tmp/TestLeaseAppendPressureFixedPlacement1574030781/001/node-1/jetstream/$SYS/_js_/S-R3F-Cqy2Skni/msgs/1.blk>, "\25\1\0\0\362\2\0\0\0\0\0\0\366\221D\336\375T\332\30\0\0000m6vARoZ\2\0"..., 277, 258075 <unfinished ...>
665120 1790837251.235403 <... pwrite64 resumed>) = 431 (DELAYED) <0.070044>
665112 1790837251.235729 <... pwrite64 resumed>) = 277 (DELAYED) <0.069995>
665112 1790837251.235804 pwrite64(29</tmp/TestLeaseAppendPressureFixedPlacement1574030781/001/node-1/jetstream/$SYS/_js_/S-R3F-Cqy2Skni/msgs/1.blk>, "\25\1\0\0\363\2\0\0\0\0\0\0\3273r\342\375T\332\30\0\0000m6vARoZ\2\0"..., 277, 258352 <unfinished ...>
665120 1790837251.236784 --- SIGURG {si_signo=SIGURG, si_code=SI_TKILL, si_pid=665088, si_uid=1000} ---
665120 1790837251.236875 pwrite64(23</tmp/TestLeaseAppendPressureFixedPlacement1574030781/001/node-1/jetstream/$SYS/_js_/S-R3F-q7IG3WJb/msgs/2.blk>, "\276\4\0\0B\2\0\0\0\0\0\0(\216\202\342\375T\332\30\0\0St9I6EVH\1\0"..., 1214, 291030 <unfinished ...>
665137 1790837251.237946 pwrite64(30</tmp/TestLeaseAppendPressureFixedPlacement1574030781/001/node-1/jetstream/$G/streams/KV_WF_LEASE/msgs/1.blk>, "\247\0\0\200\332\3\0\0\0\0\0\0\216AO\321\375T\332\30&\0$KV.WF_LEA"..., 167, 165202 <unfinished ...>
665121 1790837251.280624 --- SIGURG {si_signo=SIGURG, si_code=SI_TKILL, si_pid=665088, si_uid=1000} ---
665120 1790837251.307976 <... pwrite64 resumed>) = 1214 (DELAYED) <0.071083>
665112 1790837251.308031 <... pwrite64 resumed>) = 277 (DELAYED) <0.072209>
665137 1790837251.308149 <... pwrite64 resumed>) = 167 (DELAYED) <0.070186>
665120 1790837251.308422 pwrite64(23</tmp/TestLeaseAppendPressureFixedPlacement1574030781/001/node-1/jetstream/$SYS/_js_/S-R3F-q7IG3WJb/msgs/2.blk>, "\257\1\0\0C\2\0\0\0\0\0\0\3\264\305\346\375T\332\30\0\0St9I6EVH\1\0"..., 431, 292244 <unfinished ...>
665121 1790837251.312282 pwrite64(29</tmp/TestLeaseAppendPressureFixedPlacement1574030781/001/node-1/jetstream/$SYS/_js_/S-R3F-Cqy2Skni/msgs/1.blk>, "\25\1\0\0\364\2\0\0\0\0\0\0\262\25\1\347\375T\332\30\0\0000m6vARoZ\2\0"..., 277, 258629 <unfinished ...>
665139 1790837251.313334 pwrite64(24</tmp/TestLeaseAppendPressureFixedPlacement1574030781/001/node-1/jetstream/$G/streams/WF_JRN/msgs/1.blk>, "A\1\0\200(\3\0\0\0\0\0\0\263\346\336\331\375T\332\30 \0wf.jrn.pre"..., 321, 218377 <unfinished ...>
665095 1790837251.317613 pwrite64(30</tmp/TestLeaseAppendPressureFixedPlacement1574030781/001/node-1/jetstream/$G/streams/KV_WF_LEASE/msgs/1.blk>, "\247\0\0\200\333\3\0\0\0\0\0\0^\321z\325\375T\332\30&\0$KV.WF_LEA"..., 1169, 165369 <unfinished ...>
665112 1790837251.360157 --- SIGURG {si_signo=SIGURG, si_code=SI_TKILL, si_pid=665088, si_uid=1000} ---
665120 1790837251.378541 <... pwrite64 resumed>) = 431 (DELAYED) <0.070093>
665121 1790837251.382588 <... pwrite64 resumed>) = 277 (DELAYED) <0.070269>
665139 1790837251.385518 <... pwrite64 resumed>) = 321 (DELAYED) <0.072169>
665139 1790837251.385879 pwrite64(23</tmp/TestLeaseAppendPressureFixedPlacement1574030781/001/node-1/jetstream/$SYS/_js_/S-R3F-q7IG3WJb/msgs/2.blk>, "N\1\0\0D\2\0\0\0\0\0\0\342.d\353\375T\332\30\0\0St9I6EVH\1\0"..., 334, 292675 <unfinished ...>
665112 1790837251.386641 pwrite64(29</tmp/TestLeaseAppendPressureFixedPlacement1574030781/001/node-1/jetstream/$SYS/_js_/S-R3F-Cqy2Skni/msgs/1.blk>, "y\3\0\0\365\2\0\0\0\0\0\0{\324o\353\375T\332\30\0\0000m6vARoZ\2\0"..., 889, 258906 <unfinished ...>
665099 1790837251.387524 pwrite64(24</tmp/TestLeaseAppendPressureFixedPlacement1574030781/001/node-1/jetstream/$G/streams/WF_JRN/msgs/1.blk>, "A\1\0\200)\3\0\0\0\0\0\0YF\35\332\375T\332\30 \0wf.jrn.pre"..., 1635, 218698 <unfinished ...>
665095 1790837251.387649 <... pwrite64 resumed>) = 1169 (DELAYED) <0.070004>
665137 1790837251.389094 pwrite64(30</tmp/TestLeaseAppendPressureFixedPlacement1574030781/001/node-1/jetstream/$G/streams/KV_WF_LEASE/msgs/1.blk>, "\247\0\0\200\342\3\0\0\0\0\0\0\260\203\372\346\375T\332\30&\0$KV.WF_LEA"..., 167, 166538 <unfinished ...>
665095 1790837251.415355 --- SIGURG {si_signo=SIGURG, si_code=SI_TKILL, si_pid=665088, si_uid=1000} ---
665139 1790837251.456123 <... pwrite64 resumed>) = 334 (DELAYED) <0.070216>
665139 1790837251.456343 pwrite64(23</tmp/TestLeaseAppendPressureFixedPlacement1574030781/001/node-1/jetstream/$SYS/_js_/S-R3F-q7IG3WJb/msgs/2.blk>, "N\1\0\0E\2\0\0\0\0\0\0\315\27\227\357\375T\332\30\0\0St9I6EVH\1\0"..., 334, 293009 <unfinished ...>
665112 1790837251.456670 <... pwrite64 resumed>) = 889 (DELAYED) <0.070012>
665112 1790837251.456725 pwrite64(29</tmp/TestLeaseAppendPressureFixedPlacement1574030781/001/node-1/jetstream/$SYS/_js_/S-R3F-Cqy2Skni/msgs/1.blk>, "\25\1\0\0\366\2\0\0\0\0\0\0\20'\235\357\375T\332\30\0\0000m6vARoZ\2\0"..., 277, 259795 <unfinished ...>
665099 1790837251.457779 <... pwrite64 resumed>) = 1635 (DELAYED) <0.070232>
665137 1790837251.459500 <... pwrite64 resumed>) = 167 (DELAYED) <0.070392>
665139 1790837251.526604 <... pwrite64 resumed>) = 334 (DELAYED) <0.070221>
665112 1790837251.526817 <... pwrite64 resumed>) = 277 (DELAYED) <0.070082>
665112 1790837251.526943 pwrite64(29</tmp/TestLeaseAppendPressureFixedPlacement1574030781/001/node-1/jetstream/$SYS/_js_/S-R3F-Cqy2Skni/msgs/1.blk>, "\25\1\0\0\367\2\0\0\0\0\0\0|L\314\363\375T\332\30\0\0000m6vARoZ\2\0"..., 277, 260072 <unfinished ...>
665139 1790837251.526990 pwrite64(23</tmp/TestLeaseAppendPressureFixedPlacement1574030781/001/node-1/jetstream/$SYS/_js_/S-R3F-q7IG3WJb/msgs/2.blk>, "\37\5\0\0F\2\0\0\0\0\0\0!\267\314\363\375T\332\30\0\0St9I6EVH\1\0"..., 1311, 293343 <unfinished ...>
665137 1790837251.528477 pwrite64(24</tmp/TestLeaseAppendPressureFixedPlacement1574030781/001/node-1/jetstream/$G/streams/WF_JRN/msgs/1.blk>, "\340\0\0\200/\3\0\0\0\0\0\0\234\263`\353\375T\332\30 \0wf.jrn.pre"..., 224, 220333 <unfinished ...>
665139 1790837251.597085 <... pwrite64 resumed>) = 1311 (DELAYED) <0.070068>
665112 1790837251.597150 <... pwrite64 resumed>) = 277 (DELAYED) <0.070175>
665112 1790837251.597338 pwrite64(29</tmp/TestLeaseAppendPressureFixedPlacement1574030781/001/node-1/jetstream/$SYS/_js_/S-R3F-Cqy2Skni/msgs/1.blk>, "\25\1\0\0\370\2\0\0\0\0\0\0|}\376\367\375T\332\30\0\0000m6vARoZ\2\0"..., 277, 260349 <unfinished ...>
665137 1790837251.599653 <... pwrite64 resumed>) = 224 (DELAYED) <0.071141>
665095 1790837251.600077 pwrite64(30</tmp/TestLeaseAppendPressureFixedPlacement1574030781/001/node-1/jetstream/$G/streams/KV_WF_LEASE/msgs/1.blk>, "\247\0\0\200\343\3\0\0\0\0\0\0\230\6m\353\375T\332\30&\0$KV.WF_LEA"..., 668, 166705 <unfinished ...>
665137 1790837251.601781 pwrite64(23</tmp/TestLeaseAppendPressureFixedPlacement1574030781/001/node-1/jetstream/$SYS/_js_/S-R3F-q7IG3WJb/msgs/2.blk>, "\264\2\0\0G\2\0\0\0\0\0\0\32\224B\370\375T\332\30\0\0St9I6EVH\1\0"..., 692, 294654 <unfinished ...>
665139 1790837251.602298 pwrite64(24</tmp/TestLeaseAppendPressureFixedPlacement1574030781/001/node-1/jetstream/$G/streams/WF_JRN/msgs/1.blk>, "\340\0\0\2000\3\0\0\0\0\0\0\227\260|\353\375T\332\30 \0wf.jrn.pre"..., 1314, 220557 <unfinished ...>
665112 1790837251.667399 <... pwrite64 resumed>) = 277 (DELAYED) <0.070020>
665112 1790837251.667440 --- SIGURG {si_signo=SIGURG, si_code=SI_TKILL, si_pid=665088, si_uid=1000} ---
665112 1790837251.667569 --- SIGURG {si_signo=SIGURG, si_code=SI_TKILL, si_pid=665088, si_uid=1000} ---
665099 1790837251.667788 pwrite64(29</tmp/TestLeaseAppendPressureFixedPlacement1574030781/001/node-1/jetstream/$SYS/_js_/S-R3F-Cqy2Skni/msgs/1.blk>, "\341\1\0\0\371\2\0\0\0\0\0\0\261\2511\374\375T\332\30\0\0000m6vARoZ\2\0"..., 481, 260626 <unfinished ...>
665095 1790837251.670909 <... pwrite64 resumed>) = 668 (DELAYED) <0.070812>
665139 1790837251.672337 <... pwrite64 resumed>) = 1314 (DELAYED) <0.070030>
665097 1790837251.672420 pwrite64(30</tmp/TestLeaseAppendPressureFixedPlacement1574030781/001/node-1/jetstream/$G/streams/KV_WF_LEASE/msgs/1.blk>, "\247\0\0\200\347\3\0\0\0\0\0\0\355\222m\353\375T\332\30&\0$KV.WF_LEA"..., 167, 167373 <unfinished ...>
665137 1790837251.672891 <... pwrite64 resumed>) = 692 (DELAYED) <0.071090>
665112 1790837251.673636 pwrite64(23</tmp/TestLeaseAppendPressureFixedPlacement1574030781/001/node-1/jetstream/$SYS/_js_/S-R3F-q7IG3WJb/msgs/2.blk>, "\257\1\0\0H\2\0\0\0\0\0\0\202\375\212\374\375T\332\30\0\0St9I6EVH\1\0"..., 431, 295346 <unfinished ...>
665095 1790837251.675282 pwrite64(24</tmp/TestLeaseAppendPressureFixedPlacement1574030781/001/node-1/jetstream/$G/streams/WF_JRN/msgs/1.blk>, "\340\0\0\2005\3\0\0\0\0\0\0000\314A\370\375T\332\30 \0wf.jrn.pre"..., 545, 221871 <unfinished ...>
665099 1790837251.738033 <... pwrite64 resumed>) = 481 (DELAYED) <0.070208>
665099 1790837251.738489 --- SIGURG {si_signo=SIGURG, si_code=SI_TKILL, si_pid=665088, si_uid=1000} ---
665139 1790837251.738540 pwrite64(29</tmp/TestLeaseAppendPressureFixedPlacement1574030781/001/node-1/jetstream/$SYS/_js_/S-R3F-Cqy2Skni/msgs/1.blk>, "\255\2\0\0\372\2\0\0\0\0\0\0\365\354h\0\376T\332\30\0\0000m6vARoZ\2\0"..., 685, 261107 <unfinished ...>
665097 1790837251.742468 <... pwrite64 resumed>) = 167 (DELAYED) <0.070026>
665112 1790837251.743693 <... pwrite64 resumed>) = 431 (DELAYED) <0.070037>
665097 1790837251.744074 pwrite64(30</tmp/TestLeaseAppendPressureFixedPlacement1574030781/001/node-1/jetstream/$G/streams/KV_WF_LEASE/msgs/1.blk>, "\247\0\0\200\350\3\0\0\0\0\0\0.Xn\353\375T\332\30&\0$KV.WF_LEA"..., 167, 167540 <unfinished ...>
665095 1790837251.745332 <... pwrite64 resumed>) = 545 (DELAYED) <0.070026>
665099 1790837251.747395 pwrite64(24</tmp/TestLeaseAppendPressureFixedPlacement1574030781/001/node-1/jetstream/$G/streams/WF_JRN/msgs/1.blk>, "A\1\0\2007\3\0\0\0\0\0\0\360\32\211\374\375T\332\30 \0wf.jrn.pre"..., 321, 222416 <unfinished ...>
665139 1790837251.808679 <... pwrite64 resumed>) = 685 (DELAYED) <0.070099>
665139 1790837251.808904 --- SIGURG {si_signo=SIGURG, si_code=SI_TKILL, si_pid=665088, si_uid=1000} ---
665139 1790837251.809011 pwrite64(29</tmp/TestLeaseAppendPressureFixedPlacement1574030781/001/node-1/jetstream/$SYS/_js_/S-R3F-Cqy2Skni/msgs/1.blk>, "\26\1\0\0\373\2\0\0\0\0\0\0\207l\234\4\376T\332\30\0\0000m6vARoZ\2\0"..., 278, 261792 <unfinished ...>
665097 1790837251.814103 <... pwrite64 resumed>) = 167 (DELAYED) <0.069999>
665099 1790837251.817457 <... pwrite64 resumed>) = 321 (DELAYED) <0.070025>
665099 1790837251.817645 pwrite64(23</tmp/TestLeaseAppendPressureFixedPlacement1574030781/001/node-1/jetstream/$SYS/_js_/S-R3F-q7IG3WJb/msgs/2.blk>, "\264\2\0\0I\2\0\0\0\0\0\0\25\363\37\5\376T\332\30\0\0St9I6EVH\1\0"..., 692, 295777 <unfinished ...>
665139 1790837251.879119 <... pwrite64 resumed>) = 278 (DELAYED) <0.070081>
665120 1790837251.879552 pwrite64(29</tmp/TestLeaseAppendPressureFixedPlacement1574030781/001/node-1/jetstream/$SYS/_js_/S-R3F-Cqy2Skni/msgs/1.blk>, "\25\1\0\0\374\2\0\0\0\0\0\0\r/\316\10\376T\332\30\0\0000m6vARoZ\2\0"..., 277, 262070 <unfinished ...>
665097 1790837251.880754 pwrite64(30</tmp/TestLeaseAppendPressureFixedPlacement1574030781/001/node-1/jetstream/$G/streams/KV_WF_LEASE/msgs/1.blk>, "\247\0\0\200\351\3\0\0\0\0\0\0\346[\335\363\375T\332\30&\0$KV.WF_LEA"..., 167, 167707 <unfinished ...>
665099 1790837251.887709 <... pwrite64 resumed>) = 692 (DELAYED) <0.070038>
665099 1790837251.888917 pwrite64(23</tmp/TestLeaseAppendPressureFixedPlacement1574030781/001/node-1/jetstream/$SYS/_js_/S-R3F-q7IG3WJb/msgs/2.blk>, "\200\5\0\0J\2\0\0\0\0\0\0\213\315_\t\376T\332\30\0\0St9I6EVH\1\0"..., 1408, 296469 <unfinished ...>
665095 1790837251.891016 --- SIGURG {si_signo=SIGURG, si_code=SI_TKILL, si_pid=665088, si_uid=1000} ---
665137 1790837251.915705 --- SIGURG {si_signo=SIGURG, si_code=SI_TKILL, si_pid=665088, si_uid=1000} ---
665120 1790837251.949799 <... pwrite64 resumed>) = 277 (DELAYED) <0.070219>
665120 1790837251.950009 --- SIGURG {si_signo=SIGURG, si_code=SI_TKILL, si_pid=665088, si_uid=1000} ---
665139 1790837251.950162 pwrite64(29</tmp/TestLeaseAppendPressureFixedPlacement1574030781/001/node-1/jetstream/$SYS/_js_/S-R3F-Cqy2Skni/msgs/1.blk>, "\26\1\0\0\375\2\0\0\0\0\0\0\0050\6\r\376T\332\30\0\0000m6vARoZ\2\0"..., 278, 262347 <unfinished ...>
665097 1790837251.951068 <... pwrite64 resumed>) = 167 (DELAYED) <0.070285>
665097 1790837251.954933 pwrite64(30</tmp/TestLeaseAppendPressureFixedPlacement1574030781/001/node-1/jetstream/$G/streams/KV_WF_LEASE/msgs/1.blk>, "\247\0\0\200\352\3\0\0\0\0\0\0b\3062\370\375T\332\30&\0$KV.WF_LEA"..., 334, 167874 <unfinished ...>
665099 1790837251.959209 <... pwrite64 resumed>) = 1408 (DELAYED) <0.070258>
665099 1790837251.959931 pwrite64(23</tmp/TestLeaseAppendPressureFixedPlacement1574030781/001/node-1/jetstream/$SYS/_js_/S-R3F-q7IG3WJb/msgs/2.blk>, "N\1\0\0K\2\0\0\0\0\0\0\"C\233\r\376T\332\30\0\0St9I6EVH\1\0"..., 334, 297877 <unfinished ...>
665112 1790837251.962145 pwrite64(24</tmp/TestLeaseAppendPressureFixedPlacement1574030781/001/node-1/jetstream/$G/streams/WF_JRN/msgs/1.blk>, "A\1\0\2008\3\0\0\0\0\0\0)o\37\5\376T\332\30 \0wf.jrn.pre"..., 545, 222737 <unfinished ...>
665139 1790837252.020421 <... pwrite64 resumed>) = 278 (DELAYED) <0.070219>
665139 1790837252.020712 --- SIGURG {si_signo=SIGURG, si_code=SI_TKILL, si_pid=665088, si_uid=1000} ---
665139 1790837252.020950 pwrite64(29</tmp/TestLeaseAppendPressureFixedPlacement1574030781/001/node-1/jetstream/$SYS/_js_/S-R3F-Cqy2Skni/msgs/1.blk>, "\343\1\0\0\376\2\0\0\0\0\0\0L!>\21\376T\332\30\0\0000m6vARoZ\2\0"..., 483, 262625 <unfinished ...>
665097 1790837252.024996 <... pwrite64 resumed>) = 334 (DELAYED) <0.070024>
665099 1790837252.030196 <... pwrite64 resumed>) = 334 (DELAYED) <0.070228>
665112 1790837252.032183 <... pwrite64 resumed>) = 545 (DELAYED) <0.070012>
665112 1790837252.033473 --- SIGURG {si_signo=SIGURG, si_code=SI_TKILL, si_pid=665088, si_uid=1000} ---
665112 1790837252.035856 --- SIGURG {si_signo=SIGURG, si_code=SI_TKILL, si_pid=665088, si_uid=1000} ---
665120 1790837252.037351 pwrite64(24</tmp/TestLeaseAppendPressureFixedPlacement1574030781/001/node-1/jetstream/$G/streams/WF_JRN/msgs/1.blk>, "A\1\0\200:\3\0\0\0\0\0\0\215\372-\5\376T\332\30 \0wf.jrn.pre"..., 1411, 223282 <unfinished ...>
665139 1790837252.091035 <... pwrite64 resumed>) = 483 (DELAYED) <0.070027>
665139 1790837252.091350 --- SIGURG {si_signo=SIGURG, si_code=SI_TKILL, si_pid=665088, si_uid=1000} ---
665112 1790837252.091405 pwrite64(29</tmp/TestLeaseAppendPressureFixedPlacement1574030781/001/node-1/jetstream/$SYS/_js_/S-R3F-Cqy2Skni/msgs/1.blk>, "J\4\0\0\377\2\0\0\0\0\0\0\246\223q\25\376T\332\30\0\0000m6vARoZ\2\0"..., 1098, 263108 <unfinished ...>
665097 1790837252.095333 pwrite64(30</tmp/TestLeaseAppendPressureFixedPlacement1574030781/001/node-1/jetstream/$G/streams/KV_WF_LEASE/msgs/1.blk>, "\247\0\0\200\354\3\0\0\0\0\0\0\372H6\370\375T\332\30&\0$KV.WF_LEA"..., 1004, 168208 <unfinished ...>
665120 1790837252.107413 <... pwrite64 resumed>) = 1411 (DELAYED) <0.070033>
665120 1790837252.107559 --- SIGURG {si_signo=SIGURG, si_code=SI_TKILL, si_pid=665088, si_uid=1000} ---
665120 1790837252.107716 pwrite64(23</tmp/TestLeaseAppendPressureFixedPlacement1574030781/001/node-1/jetstream/$SYS/_js_/S-R3F-q7IG3WJb/msgs/2.blk>, "N\1\0\0L\2\0\0\0\0\0\0\"\nj\26\376T\332\30\0\0St9I6EVH\1\0"..., 334, 298211 <unfinished ...>
665099 1790837252.161239 --- SIGURG {si_signo=SIGURG, si_code=SI_TKILL, si_pid=665088, si_uid=1000} ---
665112 1790837252.161459 <... pwrite64 resumed>) = 1098 (DELAYED) <0.070026>
665112 1790837252.161688 --- SIGURG {si_signo=SIGURG, si_code=SI_TKILL, si_pid=665088, si_uid=1000} ---
665097 1790837252.165387 <... pwrite64 resumed>) = 1004 (DELAYED) <0.070010>
665097 1790837252.169338 pwrite64(30</tmp/TestLeaseAppendPressureFixedPlacement1574030781/001/node-1/jetstream/$G/streams/KV_WF_LEASE/msgs/1.blk>, "\250\0\0\200\362\3\0\0\0\0\0\0F\202\251\r\376T\332\30&\0$KV.WF_LEA"..., 1176, 169212 <unfinished ...>
665120 1790837252.177859 <... pwrite64 resumed>) = 334 (DELAYED) <0.070095>
665120 1790837252.178060 pwrite64(23</tmp/TestLeaseAppendPressureFixedPlacement1574030781/001/node-1/jetstream/$SYS/_js_/S-R3F-q7IG3WJb/msgs/2.blk>, "\217\10\0\0M\2\0\0\0\0\0\0\340\202\233\32\376T\332\30\0\0St9I6EVH\1\0"..., 2191, 298545 <unfinished ...>
665097 1790837252.239624 <... pwrite64 resumed>) = 1176 (DELAYED) <0.070224>
665120 1790837252.248162 <... pwrite64 resumed>) = 2191 (DELAYED) <0.070070>
665120 1790837252.248337 --- SIGURG {si_signo=SIGURG, si_code=SI_TKILL, si_pid=665088, si_uid=1000} ---
665120 1790837252.249616 pwrite64(29</tmp/TestLeaseAppendPressureFixedPlacement1574030781/001/node-1/jetstream/$SYS/_js_/S-R3F-Cqy2Skni/msgs/1.blk>, "\26\1\0\0\0\3\0\0\0\0\0\0\217\264\337\36\376T\332\30\0\0000m6vARoZ\2\0"..., 278, 264206 <unfinished ...>
665097 1790837252.252536 pwrite64(24</tmp/TestLeaseAppendPressureFixedPlacement1574030781/001/node-1/jetstream/$G/streams/WF_JRN/msgs/1.blk>, "\340\0\0\200?\3\0\0\0\0\0\0\36ui\26\376T\332\30 \0wf.jrn.pre"..., 2083, 224693 <unfinished ...>
665120 1790837252.319731 <... pwrite64 resumed>) = 278 (DELAYED) <0.070070>
665120 1790837252.319907 --- SIGURG {si_signo=SIGURG, si_code=SI_TKILL, si_pid=665088, si_uid=1000} ---
665120 1790837252.320187 pwrite64(29</tmp/TestLeaseAppendPressureFixedPlacement1574030781/001/node-1/jetstream/$SYS/_js_/S-R3F-Cqy2Skni/msgs/1.blk>, "\26\1\0\0\1\3\0\0\0\0\0\09M\24#\376T\332\30\0\0000m6vARoZ\2\0"..., 278, 264484 <unfinished ...>
665097 1790837252.322581 <... pwrite64 resumed>) = 2083 (DELAYED) <0.070004>
665112 1790837252.323833 pwrite64(23</tmp/TestLeaseAppendPressureFixedPlacement1574030781/001/node-1/jetstream/$SYS/_js_/S-R3F-q7IG3WJb/msgs/2.blk>, "\257\1\0\0N\2\0\0\0\0\0\0\241\310K#\376T\332\30\0\0St9I6EVH\1\0"..., 431, 300736 <unfinished ...>
665120 1790837252.390372 <... pwrite64 resumed>) = 278 (DELAYED) <0.070149>
665120 1790837252.390698 --- SIGURG {si_signo=SIGURG, si_code=SI_TKILL, si_pid=665088, si_uid=1000} ---
665095 1790837252.390934 pwrite64(29</tmp/TestLeaseAppendPressureFixedPlacement1574030781/001/node-1/jetstream/$SYS/_js_/S-R3F-Cqy2Skni/msgs/1.blk>, "\260\2\0\0\2\3\0\0\0\0\0\0;\332K'\376T\332\30\0\0000m6vARoZ\2\0"..., 688, 264762 <unfinished ...>
665112 1790837252.394452 <... pwrite64 resumed>) = 431 (DELAYED) <0.070446>
665097 1790837252.394915 pwrite64(23</tmp/TestLeaseAppendPressureFixedPlacement1574030781/001/node-1/jetstream/$SYS/_js_/S-R3F-q7IG3WJb/msgs/2.blk>, "N\1\0\0O\2\0\0\0\0\0\0$\10\206'\376T\332\30\0\0St9I6EVH\1\0"..., 334, 301167 <unfinished ...>
665095 1790837252.461005 <... pwrite64 resumed>) = 688 (DELAYED) <0.070039>
665095 1790837252.461131 pwrite64(29</tmp/TestLeaseAppendPressureFixedPlacement1574030781/001/node-1/jetstream/$SYS/_js_/S-R3F-Cqy2Skni/msgs/1.blk>, "\260\2\0\0\3\3\0\0\0\0\0\0\263\24{+\376T\332\30\0\0000m6vARoZ\2\0"..., 688, 265450 <unfinished ...>
665097 1790837252.464944 <... pwrite64 resumed>) = 334 (DELAYED) <0.069992>
665097 1790837252.465040 pwrite64(23</tmp/TestLeaseAppendPressureFixedPlacement1574030781/001/node-1/jetstream/$SYS/_js_/S-R3F-q7IG3WJb/msgs/2.blk>, "\32\4\0\0P\2\0\0\0\0\0\0\17\354\266+\376T\332\30\0\0St9I6EVH\1\0"..., 1050, 301501 <unfinished ...>
665099 1790837252.466999 pwrite64(24</tmp/TestLeaseAppendPressureFixedPlacement1574030781/001/node-1/jetstream/$G/streams/WF_JRN/msgs/1.blk>, "A\1\0\200G\3\0\0\0\0\0\0\236|K#\376T\332\30 \0wf.jrn.pre"..., 321, 226776 <unfinished ...>
665120 1790837252.502049 --- SIGURG {si_signo=SIGURG, si_code=SI_TKILL, si_pid=665088, si_uid=1000} ---
665120 1790837252.502306 --- SIGURG {si_signo=SIGURG, si_code=SI_TKILL, si_pid=665088, si_uid=1000} ---
665095 1790837252.531345 <... pwrite64 resumed>) = 688 (DELAYED) <0.070179>
665120 1790837252.531845 pwrite64(29</tmp/TestLeaseAppendPressureFixedPlacement1574030781/001/node-1/jetstream/$SYS/_js_/S-R3F-Cqy2Skni/msgs/1.blk>, "\26\1\0\0\4\3\0\0\0\0\0\0N\272\261/\376T\332\30\0\0000m6vARoZ\2\0"..., 278, 266138 <unfinished ...>
665095 1790837252.531875 --- SIGURG {si_signo=SIGURG, si_code=SI_TKILL, si_pid=665088, si_uid=1000} ---
665137 1790837252.535086 pwrite64(30</tmp/TestLeaseAppendPressureFixedPlacement1574030781/001/node-1/jetstream/$G/streams/KV_WF_LEASE/msgs/1.blk>, "\250\0\0\200\371\3\0\0\0\0\0\0\17\347\331\36\376T\332\30&\0$KV.WF_LEA"..., 168, 170388 <unfinished ...>
665097 1790837252.535107 <... pwrite64 resumed>) = 1050 (DELAYED) <0.070053>
665099 1790837252.537043 <... pwrite64 resumed>) = 321 (DELAYED) <0.070024>
665095 1790837252.538974 pwrite64(23</tmp/TestLeaseAppendPressureFixedPlacement1574030781/001/node-1/jetstream/$SYS/_js_/S-R3F-q7IG3WJb/msgs/2.blk>, "\32\4\0\0Q\2\0\0\0\0\0\0&\353\0360\376T\332\30\0\0St9I6EVH\1\0"..., 1050, 302551 <unfinished ...>
665099 1790837252.541670 pwrite64(24</tmp/TestLeaseAppendPressureFixedPlacement1574030781/001/node-1/jetstream/$G/streams/WF_JRN/msgs/1.blk>, "\340\0\0\200H\3\0\0\0\0\0\0\267\274\205'\376T\332\30 \0wf.jrn.pre"..., 1090, 227097 <unfinished ...>
665120 1790837252.602182 <... pwrite64 resumed>) = 278 (DELAYED) <0.070301>
665120 1790837252.602509 --- SIGURG {si_signo=SIGURG, si_code=SI_TKILL, si_pid=665088, si_uid=1000} ---
665120 1790837252.602755 pwrite64(29</tmp/TestLeaseAppendPressureFixedPlacement1574030781/001/node-1/jetstream/$SYS/_js_/S-R3F-Cqy2Skni/msgs/1.blk>, "\26\1\0\0\5\3\0\0\0\0\0\0\345n\3533\376T\332\30\0\0000m6vARoZ\2\0"..., 278, 266416 <unfinished ...>
665137 1790837252.605331 <... pwrite64 resumed>) = 168 (DELAYED) <0.070220>
665097 1790837252.606630 pwrite64(30</tmp/TestLeaseAppendPressureFixedPlacement1574030781/001/node-1/jetstream/$G/streams/KV_WF_LEASE/msgs/1.blk>, "\250\0\0\200\372\3\0\0\0\0\0\0\320s\342\36\376T\332\30&\0$KV.WF_LEA"..., 168, 170556 <unfinished ...>
665095 1790837252.609034 <... pwrite64 resumed>) = 1050 (DELAYED) <0.070040>
665099 1790837252.611833 <... pwrite64 resumed>) = 1090 (DELAYED) <0.070141>
665137 1790837252.613520 pwrite64(24</tmp/TestLeaseAppendPressureFixedPlacement1574030781/001/node-1/jetstream/$G/streams/WF_JRN/msgs/1.blk>, "A\1\0\200L\3\0\0\0\0\0\0\4\217\0360\376T\332\30 \0wf.jrn.pre"..., 866, 228187 <unfinished ...>
665120 1790837252.674842 <... pwrite64 resumed>) = 278 (DELAYED) <0.072016>
665120 1790837252.675830 --- SIGURG {si_signo=SIGURG, si_code=SI_TKILL, si_pid=665088, si_uid=1000} ---
665120 1790837252.676317 pwrite64(29</tmp/TestLeaseAppendPressureFixedPlacement1574030781/001/node-1/jetstream/$SYS/_js_/S-R3F-Cqy2Skni/msgs/1.blk>, "\26\1\0\0\6\3\0\0\0\0\0\0\263CN8\376T\332\30\0\0000m6vARoZ\2\0"..., 278, 266694 <unfinished ...>
665097 1790837252.676698 <... pwrite64 resumed>) = 168 (DELAYED) <0.070045>
665095 1790837252.680329 pwrite64(30</tmp/TestLeaseAppendPressureFixedPlacement1574030781/001/node-1/jetstream/$G/streams/KV_WF_LEASE/msgs/1.blk>, "\250\0\0\200\373\3\0\0\0\0\0\0*\341\353\36\376T\332\30&\0$KV.WF_LEA"..., 504, 170724 <unfinished ...>
665137 1790837252.683873 <... pwrite64 resumed>) = 866 (DELAYED) <0.070323>
665137 1790837252.684121 pwrite64(23</tmp/TestLeaseAppendPressureFixedPlacement1574030781/001/node-1/jetstream/$SYS/_js_/S-R3F-q7IG3WJb/msgs/2.blk>, "N\1\0\0R\2\0\0\0\0\0\0,B\3058\376T\332\30\0\0St9I6EVH\1\0"..., 334, 303601 <unfinished ...>
665120 1790837252.746651 <... pwrite64 resumed>) = 278 (DELAYED) <0.070284>
665120 1790837252.746996 --- SIGURG {si_signo=SIGURG, si_code=SI_TKILL, si_pid=665088, si_uid=1000} ---
665120 1790837252.747223 pwrite64(29</tmp/TestLeaseAppendPressureFixedPlacement1574030781/001/node-1/jetstream/$SYS/_js_/S-R3F-Cqy2Skni/msgs/1.blk>, "\343\1\0\0\7\3\0\0\0\0\0\0|]\207<\376T\332\30\0\0000m6vARoZ\2\0"..., 483, 266972 <unfinished ...>
665095 1790837252.750417 <... pwrite64 resumed>) = 504 (DELAYED) <0.070032>
665137 1790837252.754184 <... pwrite64 resumed>) = 334 (DELAYED) <0.070039>
665137 1790837252.754365 pwrite64(23</tmp/TestLeaseAppendPressureFixedPlacement1574030781/001/node-1/jetstream/$SYS/_js_/S-R3F-q7IG3WJb/msgs/2.blk>, "\264\2\0\0S\2\0\0\0\0\0\08^\365<\376T\332\30\0\0St9I6EVH\1\0"..., 692, 303935 <unfinished ...>
665099 1790837252.754613 pwrite64(30</tmp/TestLeaseAppendPressureFixedPlacement1574030781/001/node-1/jetstream/$G/streams/KV_WF_LEASE/msgs/1.blk>, "\250\0\0\200\376\3\0\0\0\0\0\0\314\6\367\36\376T\332\30&\0$KV.WF_LEA"..., 504, 171228 <unfinished ...>
665120 1790837252.817464 <... pwrite64 resumed>) = 483 (DELAYED) <0.070191>
665120 1790837252.817775 --- SIGURG {si_signo=SIGURG, si_code=SI_TKILL, si_pid=665088, si_uid=1000} ---
665120 1790837252.817914 pwrite64(29</tmp/TestLeaseAppendPressureFixedPlacement1574030781/001/node-1/jetstream/$SYS/_js_/S-R3F-Cqy2Skni/msgs/1.blk>, "\260\2\0\0\10\3\0\0\0\0\0\0E\202\276@\376T\332\30\0\0000m6vARoZ\2\0"..., 688, 267455 <unfinished ...>
665137 1790837252.824416 <... pwrite64 resumed>) = 692 (DELAYED) <0.070018>
665137 1790837252.824517 pwrite64(23</tmp/TestLeaseAppendPressureFixedPlacement1574030781/001/node-1/jetstream/$SYS/_js_/S-R3F-q7IG3WJb/msgs/2.blk>, "\264\2\0\0T\2\0\0\0\0\0\0o\376#A\376T\332\30\0\0St9I6EVH\1\0"..., 692, 304627 <unfinished ...>
665099 1790837252.824669 <... pwrite64 resumed>) = 504 (DELAYED) <0.069894>
665112 1790837252.826239 pwrite64(30</tmp/TestLeaseAppendPressureFixedPlacement1574030781/001/node-1/jetstream/$G/streams/KV_WF_LEASE/msgs/1.blk>, "\250\0\0\200\1\4\0\0\0\0\0\0\250\267\300+\376T\332\30&\0$KV.WF_LEA"..., 168, 171732 <unfinished ...>
665120 1790837252.888036 <... pwrite64 resumed>) = 688 (DELAYED) <0.070083>
665120 1790837252.889061 --- SIGURG {si_signo=SIGURG, si_code=SI_TKILL, si_pid=665088, si_uid=1000} ---
665137 1790837252.894588 <... pwrite64 resumed>) = 692 (DELAYED) <0.070051>
665137 1790837252.894770 pwrite64(23</tmp/TestLeaseAppendPressureFixedPlacement1574030781/001/node-1/jetstream/$SYS/_js_/S-R3F-q7IG3WJb/msgs/2.blk>, "\271\3\0\0U\2\0\0\0\0\0\0*\341SE\376T\332\30\0\0St9I6EVH\1\0"..., 953, 305319 <unfinished ...>
665112 1790837252.896283 <... pwrite64 resumed>) = 168 (DELAYED) <0.070020>
665112 1790837252.901152 pwrite64(30</tmp/TestLeaseAppendPressureFixedPlacement1574030781/001/node-1/jetstream/$G/streams/KV_WF_LEASE/msgs/1.blk>, "\250\0\0\200\2\4\0\0\0\0\0\0y\352#0\376T\332\30&\0$KV.WF_LEA"..., 1176, 171900 <unfinished ...>
665137 1790837252.964905 <... pwrite64 resumed>) = 953 (DELAYED) <0.070077>
665137 1790837252.965163 --- SIGURG {si_signo=SIGURG, si_code=SI_TKILL, si_pid=665088, si_uid=1000} ---
665095 1790837252.967320 pwrite64(29</tmp/TestLeaseAppendPressureFixedPlacement1574030781/001/node-1/jetstream/$SYS/_js_/S-R3F-Cqy2Skni/msgs/1.blk>, "\26\1\0\0\t\3\0\0\0\0\0\0\352\332\246I\376T\332\30\0\0000m6vARoZ\2\0"..., 278, 268143 <unfinished ...>
665099 1790837252.968801 pwrite64(24</tmp/TestLeaseAppendPressureFixedPlacement1574030781/001/node-1/jetstream/$G/streams/WF_JRN/msgs/1.blk>, "\340\0\0\200O\3\0\0\0\0\0\0\10\332\3048\376T\332\30 \0wf.jrn.pre"..., 2083, 229053 <unfinished ...>
665112 1790837252.971232 <... pwrite64 resumed>) = 1176 (DELAYED) <0.070047>
665095 1790837253.037622 <... pwrite64 resumed>) = 278 (DELAYED) <0.070231>
665095 1790837253.038397 --- SIGURG {si_signo=SIGURG, si_code=SI_TKILL, si_pid=665088, si_uid=1000} ---
665121 1790837253.038832 pwrite64(29</tmp/TestLeaseAppendPressureFixedPlacement1574030781/001/node-1/jetstream/$SYS/_js_/S-R3F-Cqy2Skni/msgs/1.blk>, "\26\1\0\0\n\3\0\0\0\0\0\0\366#\351M\376T\332\30\0\0000m6vARoZ\2\0"..., 278, 268421 <unfinished ...>
665099 1790837253.038975 <... pwrite64 resumed>) = 2083 (DELAYED) <0.070141>
665112 1790837253.045968 pwrite64(23</tmp/TestLeaseAppendPressureFixedPlacement1574030781/001/node-1/jetstream/$SYS/_js_/S-R3F-q7IG3WJb/msgs/2.blk>, "N\1\0\0V\2\0\0\0\0\0\0\241\351VN\376T\332\30\0\0St9I6EVH\1\0"..., 334, 306272 <unfinished ...>
665121 1790837253.108911 <... pwrite64 resumed>) = 278 (DELAYED) <0.070022>
665121 1790837253.109047 --- SIGURG {si_signo=SIGURG, si_code=SI_TKILL, si_pid=665088, si_uid=1000} ---
665099 1790837253.109165 pwrite64(29</tmp/TestLeaseAppendPressureFixedPlacement1574030781/001/node-1/jetstream/$SYS/_js_/S-R3F-Cqy2Skni/msgs/1.blk>, "\26\1\0\0\v\3\0\0\0\0\0\0\2068\33R\376T\332\30\0\0000m6vARoZ\2\0"..., 278, 268699 <unfinished ...>
665112 1790837253.116030 <... pwrite64 resumed>) = 334 (DELAYED) <0.070008>
665112 1790837253.116154 pwrite64(23</tmp/TestLeaseAppendPressureFixedPlacement1574030781/001/node-1/jetstream/$SYS/_js_/S-R3F-q7IG3WJb/msgs/2.blk>, "\257\1\0\0W\2\0\0\0\0\0\0\377\4\206R\376T\332\30\0\0St9I6EVH\1\0"..., 431, 306606 <unfinished ...>
665099 1790837253.179452 <... pwrite64 resumed>) = 278 (DELAYED) <0.070256>
665099 1790837253.179701 --- SIGURG {si_signo=SIGURG, si_code=SI_TKILL, si_pid=665088, si_uid=1000} ---
665099 1790837253.179853 pwrite64(29</tmp/TestLeaseAppendPressureFixedPlacement1574030781/001/node-1/jetstream/$SYS/_js_/S-R3F-Cqy2Skni/msgs/1.blk>, "J\4\0\0\f\3\0\0\0\0\0\0wbQV\376T\332\30\0\0000m6vARoZ\2\0"..., 1098, 268977 <unfinished ...>
665112 1790837253.186220 <... pwrite64 resumed>) = 431 (DELAYED) <0.070041>
665112 1790837253.186359 pwrite64(23</tmp/TestLeaseAppendPressureFixedPlacement1574030781/001/node-1/jetstream/$SYS/_js_/S-R3F-q7IG3WJb/msgs/2.blk>, "\257\1\0\0X\2\0\0\0\0\0\0W*\265V\376T\332\30\0\0St9I6EVH\1\0"..., 431, 307037 <unfinished ...>
665097 1790837253.188682 pwrite64(24</tmp/TestLeaseAppendPressureFixedPlacement1574030781/001/node-1/jetstream/$G/streams/WF_JRN/msgs/1.blk>, "\340\0\0\200W\3\0\0\0\0\0\0`-VN\376T\332\30 \0wf.jrn.pre"..., 224, 231136 <unfinished ...>
665099 1790837253.250012 <... pwrite64 resumed>) = 1098 (DELAYED) <0.070126>
665099 1790837253.252072 --- SIGURG {si_signo=SIGURG, si_code=SI_TKILL, si_pid=665088, si_uid=1000} ---
665137 1790837253.252128 pwrite64(29</tmp/TestLeaseAppendPressureFixedPlacement1574030781/001/node-1/jetstream/$SYS/_js_/S-R3F-Cqy2Skni/msgs/1.blk>, "\26\1\0\0\r\3\0\0\0\0\0\0\7B\240Z\376T\332\30\0\0000m6vARoZ\2\0"..., 278, 270075 <unfinished ...>
665120 1790837253.254592 pwrite64(30</tmp/TestLeaseAppendPressureFixedPlacement1574030781/001/node-1/jetstream/$G/streams/KV_WF_LEASE/msgs/1.blk>, "\250\0\0\200\t\4\0\0\0\0\0\0\223U\227I\376T\332\30&\0$KV.WF_LEA"..., 168, 173076 <unfinished ...>
665112 1790837253.256418 <... pwrite64 resumed>) = 431 (DELAYED) <0.070036>
665097 1790837253.258709 <... pwrite64 resumed>) = 224 (DELAYED) <0.069997>
665112 1790837253.259855 pwrite64(23</tmp/TestLeaseAppendPressureFixedPlacement1574030781/001/node-1/jetstream/$SYS/_js_/S-R3F-q7IG3WJb/msgs/2.blk>, "\257\1\0\0Y\2\0\0\0\0\0\0\210\273\26[\376T\332\30\0\0St9I6EVH\1\0"..., 431, 307468 <unfinished ...>
665095 1790837253.261349 pwrite64(24</tmp/TestLeaseAppendPressureFixedPlacement1574030781/001/node-1/jetstream/$G/streams/WF_JRN/msgs/1.blk>, "A\1\0\200X\3\0\0\0\0\0\0\377\314QR\376T\332\30 \0wf.jrn.pre"..., 642, 231360 <unfinished ...>
665121 1790837253.280056 --- SIGURG {si_signo=SIGURG, si_code=SI_TKILL, si_pid=665088, si_uid=1000} ---
665137 1790837253.322219 <... pwrite64 resumed>) = 278 (DELAYED) <0.070061>
665137 1790837253.322413 pwrite64(29</tmp/TestLeaseAppendPressureFixedPlacement1574030781/001/node-1/jetstream/$SYS/_js_/S-R3F-Cqy2Skni/msgs/1.blk>, "\343\1\0\0\16\3\0\0\0\0\0\0A\21\321^\376T\332\30\0\0000m6vARoZ\2\0"..., 483, 270353 <unfinished ...>
665120 1790837253.324627 <... pwrite64 resumed>) = 168 (DELAYED) <0.070015>
665112 1790837253.329915 <... pwrite64 resumed>) = 431 (DELAYED) <0.070019>
665095 1790837253.331407 <... pwrite64 resumed>) = 642 (DELAYED) <0.070033>
665097 1790837253.331569 pwrite64(23</tmp/TestLeaseAppendPressureFixedPlacement1574030781/001/node-1/jetstream/$SYS/_js_/S-R3F-q7IG3WJb/msgs/2.blk>, "\32\4\0\0Z\2\0\0\0\0\0\0\300\6]_\376T\332\30\0\0St9I6EVH\1\0"..., 1050, 307899 <unfinished ...>
665138 1790837253.334017 pwrite64(24</tmp/TestLeaseAppendPressureFixedPlacement1574030781/001/node-1/jetstream/$G/streams/WF_JRN/msgs/1.blk>, "A\1\0\200Z\3\0\0\0\0\0\0\266\177\26[\376T\332\30 \0wf.jrn.pre"..., 321, 232002 <unfinished ...>
665137 1790837253.401765 <... pwrite64 resumed>) = 483 (DELAYED) <0.079312>
665097 1790837253.401861 <... pwrite64 resumed>) = 1050 (DELAYED) <0.070273>
665097 1790837253.402013 --- SIGURG {si_signo=SIGURG, si_code=SI_TKILL, si_pid=665088, si_uid=1000} ---
665097 1790837253.402073 pwrite64(23</tmp/TestLeaseAppendPressureFixedPlacement1574030781/001/node-1/jetstream/$SYS/_js_/S-R3F-q7IG3WJb/msgs/2.blk>, "\264\2\0\0[\2\0\0\0\0\0\0006\264\220c\376T\332\30\0\0St9I6EVH\1\0"..., 692, 308949 <unfinished ...>
665095 1790837253.402096 pwrite64(29</tmp/TestLeaseAppendPressureFixedPlacement1574030781/001/node-1/jetstream/$SYS/_js_/S-R3F-Cqy2Skni/msgs/1.blk>, "\26\1\0\0\17\3\0\0\0\0\0\0\306\327\220c\376T\332\30\0\0000m6vARoZ\2\0"..., 278, 270836 <unfinished ...>
665137 1790837253.402199 --- SIGURG {si_signo=SIGURG, si_code=SI_TKILL, si_pid=665088, si_uid=1000} ---
665138 1790837253.404057 <... pwrite64 resumed>) = 321 (DELAYED) <0.069950>
665120 1790837253.406187 pwrite64(30</tmp/TestLeaseAppendPressureFixedPlacement1574030781/001/node-1/jetstream/$G/streams/KV_WF_LEASE/msgs/1.blk>, "\250\0\0\200\n\4\0\0\0\0\0\0\17\202\232I\376T\332\30&\0$KV.WF_LEA"..., 1176, 173244 <unfinished ...>
665112 1790837253.415611 --- SIGURG {si_signo=SIGURG, si_code=SI_TKILL, si_pid=665088, si_uid=1000} ---
665097 1790837253.472195 <... pwrite64 resumed>) = 692 (DELAYED) <0.070094>
665095 1790837253.472238 <... pwrite64 resumed>) = 278 (DELAYED) <0.070134>
665097 1790837253.472481 pwrite64(23</tmp/TestLeaseAppendPressureFixedPlacement1574030781/001/node-1/jetstream/$SYS/_js_/S-R3F-q7IG3WJb/msgs/2.blk>, "S\2\0\0\\\2\0\0\0\0\0\0G\313\302g\376T\332\30\0\0St9I6EVH\1\0"..., 595, 309641 <unfinished ...>
665138 1790837253.473794 pwrite64(24</tmp/TestLeaseAppendPressureFixedPlacement1574030781/001/node-1/jetstream/$G/streams/WF_JRN/msgs/1.blk>, "A\1\0\200[\3\0\0\0\0\0\0}\23\\_\376T\332\30 \0wf.jrn.pre"..., 866, 232323 <unfinished ...>
665095 1790837253.473954 pwrite64(29</tmp/TestLeaseAppendPressureFixedPlacement1574030781/001/node-1/jetstream/$SYS/_js_/S-R3F-Cqy2Skni/msgs/1.blk>, "\26\1\0\0\20\3\0\0\0\0\0\0005\262\331g\376T\332\30\0\0000m6vARoZ\2\0"..., 278, 271114 <unfinished ...>
665120 1790837253.476228 <... pwrite64 resumed>) = 1176 (DELAYED) <0.070018>
665112 1790837253.477713 pwrite64(30</tmp/TestLeaseAppendPressureFixedPlacement1574030781/001/node-1/jetstream/$G/streams/KV_WF_LEASE/msgs/1.blk>, "\250\0\0\200\21\4\0\0\0\0\0\0\250\246\305V\376T\332\30&\0$KV.WF_LEA"..., 168, 174420 <unfinished ...>
665121 1790837253.503636 --- SIGURG {si_signo=SIGURG, si_code=SI_TKILL, si_pid=665088, si_uid=1000} ---
665097 1790837253.542629 <... pwrite64 resumed>) = 595 (DELAYED) <0.070113>
665097 1790837253.542684 --- SIGURG {si_signo=SIGURG, si_code=SI_TKILL, si_pid=665088, si_uid=1000} ---
665097 1790837253.543131 --- SIGURG {si_signo=SIGURG, si_code=SI_TKILL, si_pid=665088, si_uid=1000} ---
665138 1790837253.543879 <... pwrite64 resumed>) = 866 (DELAYED) <0.070058>
665095 1790837253.543989 <... pwrite64 resumed>) = 278 (DELAYED) <0.070023>
665095 1790837253.544162 pwrite64(29</tmp/TestLeaseAppendPressureFixedPlacement1574030781/001/node-1/jetstream/$SYS/_js_/S-R3F-Cqy2Skni/msgs/1.blk>, "\343\1\0\0\21\3\0\0\0\0\0\0Y\331\10l\376T\332\30\0\0000m6vARoZ\2\0"..., 483, 271392 <unfinished ...>
665112 1790837253.547851 <... pwrite64 resumed>) = 168 (DELAYED) <0.070083>
665138 1790837253.548302 pwrite64(23</tmp/TestLeaseAppendPressureFixedPlacement1574030781/001/node-1/jetstream/$SYS/_js_/S-R3F-q7IG3WJb/msgs/2.blk>, "N\1\0\0]\2\0\0\0\0\0\0\271\345Gl\376T\332\30\0\0St9I6EVH\1\0"..., 334, 310236 <unfinished ...>
665137 1790837253.550076 pwrite64(24</tmp/TestLeaseAppendPressureFixedPlacement1574030781/001/node-1/jetstream/$G/streams/WF_JRN/msgs/1.blk>, "\340\0\0\200^\3\0\0\0\0\0\0Da__\376T\332\30 \0wf.jrn.pre"..., 993, 233189 <unfinished ...>
665095 1790837253.614332 <... pwrite64 resumed>) = 483 (DELAYED) <0.070128>
665095 1790837253.614800 --- SIGURG {si_signo=SIGURG, si_code=SI_TKILL, si_pid=665088, si_uid=1000} ---
665097 1790837253.614943 pwrite64(29</tmp/TestLeaseAppendPressureFixedPlacement1574030781/001/node-1/jetstream/$SYS/_js_/S-R3F-Cqy2Skni/msgs/1.blk>, "}\3\0\0\22\3\0\0\0\0\0\0\361\323@p\376T\332\30\0\0000m6vARoZ\2\0"..., 893, 271875 <unfinished ...>
665120 1790837253.616330 pwrite64(30</tmp/TestLeaseAppendPressureFixedPlacement1574030781/001/node-1/jetstream/$G/streams/KV_WF_LEASE/msgs/1.blk>, "\250\0\0\200\22\4\0\0\0\0\0\0\357\237&[\376T\332\30&\0$KV.WF_LEA"..., 336, 174588 <unfinished ...>
665138 1790837253.618328 <... pwrite64 resumed>) = 334 (DELAYED) <0.069997>
665138 1790837253.618412 pwrite64(23</tmp/TestLeaseAppendPressureFixedPlacement1574030781/001/node-1/jetstream/$SYS/_js_/S-R3F-q7IG3WJb/msgs/2.blk>, "\257\1\0\0^\2\0\0\0\0\0\0\f\364up\376T\332\30\0\0St9I6EVH\1\0"..., 431, 310570 <unfinished ...>
665137 1790837253.620111 <... pwrite64 resumed>) = 993 (DELAYED) <0.070010>
665112 1790837253.664179 --- SIGURG {si_signo=SIGURG, si_code=SI_TKILL, si_pid=665088, si_uid=1000} ---
665097 1790837253.685056 <... pwrite64 resumed>) = 893 (DELAYED) <0.070083>
665120 1790837253.686408 <... pwrite64 resumed>) = 336 (DELAYED) <0.070059>
665138 1790837253.689407 <... pwrite64 resumed>) = 431 (DELAYED) <0.070981>
665138 1790837253.689490 pwrite64(23</tmp/TestLeaseAppendPressureFixedPlacement1574030781/001/node-1/jetstream/$SYS/_js_/S-R3F-q7IG3WJb/msgs/2.blk>, "S\2\0\0_\2\0\0\0\0\0\0\366k\262t\376T\332\30\0\0St9I6EVH\1\0"..., 595, 311001 <unfinished ...>
665097 1790837253.689942 pwrite64(30</tmp/TestLeaseAppendPressureFixedPlacement1574030781/001/node-1/jetstream/$G/streams/KV_WF_LEASE/msgs/1.blk>, "\250\0\0\200\24\4\0\0\0\0\0\0<4m_\376T\332\30&\0$KV.WF_LEA"..., 1344, 174924 <unfinished ...>
665138 1790837253.759532 <... pwrite64 resumed>) = 595 (DELAYED) <0.070014>
665138 1790837253.759647 pwrite64(23</tmp/TestLeaseAppendPressureFixedPlacement1574030781/001/node-1/jetstream/$SYS/_js_/S-R3F-q7IG3WJb/msgs/2.blk>, "\200\5\0\0`\2\0\0\0\0\0\0/\337\340x\376T\332\30\0\0St9I6EVH\1\0"..., 1408, 311596 <unfinished ...>
665097 1790837253.760244 <... pwrite64 resumed>) = 1344 (DELAYED) <0.070280>
665138 1790837253.829886 <... pwrite64 resumed>) = 1408 (DELAYED) <0.070206>
665138 1790837253.830457 --- SIGURG {si_signo=SIGURG, si_code=SI_TKILL, si_pid=665088, si_uid=1000} ---
665097 1790837253.831594 pwrite64(29</tmp/TestLeaseAppendPressureFixedPlacement1574030781/001/node-1/jetstream/$SYS/_js_/S-R3F-Cqy2Skni/msgs/1.blk>, "\26\1\0\0\23\3\0\0\0\0\0\0\364\214*}\376T\332\30\0\0000m6vARoZ\2\0"..., 278, 272768 <unfinished ...>
665138 1790837253.834194 pwrite64(24</tmp/TestLeaseAppendPressureFixedPlacement1574030781/001/node-1/jetstream/$G/streams/WF_JRN/msgs/1.blk>, "\340\0\0\200b\3\0\0\0\0\0\0\5\274Gl\376T\332\30 \0wf.jrn.pre"..., 2180, 234182 <unfinished ...>
665097 1790837253.901690 <... pwrite64 resumed>) = 278 (DELAYED) <0.070035>
665097 1790837253.901856 --- SIGURG {si_signo=SIGURG, si_code=SI_TKILL, si_pid=665088, si_uid=1000} ---
665097 1790837253.901921 pwrite64(29</tmp/TestLeaseAppendPressureFixedPlacement1574030781/001/node-1/jetstream/$SYS/_js_/S-R3F-Cqy2Skni/msgs/1.blk>, "\26\1\0\0\24\3\0\0\0\0\0\0\372\310[\201\376T\332\30\0\0000m6vARoZ\2\0"..., 278, 273046 <unfinished ...>
665138 1790837253.904244 <... pwrite64 resumed>) = 2180 (DELAYED) <0.070011>
665137 1790837253.905364 pwrite64(23</tmp/TestLeaseAppendPressureFixedPlacement1574030781/001/node-1/jetstream/$SYS/_js_/S-R3F-q7IG3WJb/msgs/2.blk>, "N\1\0\0a\2\0\0\0\0\0\0t\177\220\201\376T\332\30\0\0St9I6EVH\1\0"..., 334, 313004 <unfinished ...>
665097 1790837253.972065 <... pwrite64 resumed>) = 278 (DELAYED) <0.070104>
665097 1790837253.972283 pwrite64(29</tmp/TestLeaseAppendPressureFixedPlacement1574030781/001/node-1/jetstream/$SYS/_js_/S-R3F-Cqy2Skni/msgs/1.blk>, "\26\1\0\0\25\3\0\0\0\0\0\0s$\215\205\376T\332\30\0\0000m6vARoZ\2\0"..., 278, 273324 <unfinished ...>
665137 1790837253.975450 <... pwrite64 resumed>) = 334 (DELAYED) <0.070064>
665137 1790837253.976013 pwrite64(23</tmp/TestLeaseAppendPressureFixedPlacement1574030781/001/node-1/jetstream/$SYS/_js_/S-R3F-q7IG3WJb/msgs/2.blk>, "\257\1\0\0b\2\0\0\0\0\0\0\355]\306\205\376T\332\30\0\0St9I6EVH\1\0"..., 431, 313338 <unfinished ...>
665097 1790837254.042547 <... pwrite64 resumed>) = 278 (DELAYED) <0.070089>
665097 1790837254.043389 pwrite64(29</tmp/TestLeaseAppendPressureFixedPlacement1574030781/001/node-1/jetstream/$SYS/_js_/S-R3F-Cqy2Skni/msgs/1.blk>, "\26\1\0\0\26\3\0\0\0\0\0\0\17,\312\211\376T\332\30\0\0000m6vARoZ\2\0"..., 278, 273602 <unfinished ...>
665137 1790837254.046311 <... pwrite64 resumed>) = 431 (DELAYED) <0.070256>
665121 1790837254.049179 pwrite64(23</tmp/TestLeaseAppendPressureFixedPlacement1574030781/001/node-1/jetstream/$SYS/_js_/S-R3F-q7IG3WJb/msgs/2.blk>, "\257\1\0\0c\2\0\0\0\0\0\0\273l\"\212\376T\332\30\0\0St9I6EVH\1\0"..., 431, 313769 <unfinished ...>
665137 1790837254.051530 pwrite64(24</tmp/TestLeaseAppendPressureFixedPlacement1574030781/001/node-1/jetstream/$G/streams/WF_JRN/msgs/1.blk>, "\340\0\0\200j\3\0\0\0\0\0\0\"Q\220\201\376T\332\30 \0wf.jrn.pre"..., 545, 236362 <unfinished ...>
665097 1790837254.113512 <... pwrite64 resumed>) = 278 (DELAYED) <0.070053>
665097 1790837254.113864 --- SIGURG {si_signo=SIGURG, si_code=SI_TKILL, si_pid=665088, si_uid=1000} ---
665120 1790837254.113937 pwrite64(29</tmp/TestLeaseAppendPressureFixedPlacement1574030781/001/node-1/jetstream/$SYS/_js_/S-R3F-Cqy2Skni/msgs/1.blk>, "\343\1\0\0\27\3\0\0\0\0\0\0\27\330\376\215\376T\332\30\0\0000m6vARoZ\2\0"..., 483, 273880 <unfinished ...>
665121 1790837254.119271 <... pwrite64 resumed>) = 431 (DELAYED) <0.070004>
665137 1790837254.121625 <... pwrite64 resumed>) = 545 (DELAYED) <0.070046>
665121 1790837254.123058 pwrite64(23</tmp/TestLeaseAppendPressureFixedPlacement1574030781/001/node-1/jetstream/$SYS/_js_/S-R3F-q7IG3WJb/msgs/2.blk>, "N\1\0\0d\2\0\0\0\0\0\0a\35\212\216\376T\332\30\0\0St9I6EVH\1\0"..., 334, 314200 <unfinished ...>
665112 1790837254.124168 pwrite64(24</tmp/TestLeaseAppendPressureFixedPlacement1574030781/001/node-1/jetstream/$G/streams/WF_JRN/msgs/1.blk>, "A\1\0\200l\3\0\0\0\0\0\0\204+\"\212\376T\332\30 \0wf.jrn.pre"..., 321, 236907 <unfinished ...>
665120 1790837254.184087 <... pwrite64 resumed>) = 483 (DELAYED) <0.070103>
665120 1790837254.184335 --- SIGURG {si_signo=SIGURG, si_code=SI_TKILL, si_pid=665088, si_uid=1000} ---
665138 1790837254.184546 pwrite64(29</tmp/TestLeaseAppendPressureFixedPlacement1574030781/001/node-1/jetstream/$SYS/_js_/S-R3F-Cqy2Skni/msgs/1.blk>, "\26\1\0\0\30\3\0\0\0\0\0\0\356C3\222\376T\332\30\0\0000m6vARoZ\2\0"..., 278, 274363 <unfinished ...>
665121 1790837254.193177 <... pwrite64 resumed>) = 334 (DELAYED) <0.070073>
665112 1790837254.194265 <... pwrite64 resumed>) = 321 (DELAYED) <0.070074>
665095 1790837254.196214 pwrite64(23</tmp/TestLeaseAppendPressureFixedPlacement1574030781/001/node-1/jetstream/$SYS/_js_/S-R3F-q7IG3WJb/msgs/2.blk>, "N\1\0\0e\2\0\0\0\0\0\0\321<\346\222\376T\332\30\0\0St9I6EVH\1\0"..., 334, 314534 <unfinished ...>
665138 1790837254.254856 <... pwrite64 resumed>) = 278 (DELAYED) <0.070280>
665138 1790837254.255020 --- SIGURG {si_signo=SIGURG, si_code=SI_TKILL, si_pid=665088, si_uid=1000} ---
665138 1790837254.255107 pwrite64(29</tmp/TestLeaseAppendPressureFixedPlacement1574030781/001/node-1/jetstream/$SYS/_js_/S-R3F-Cqy2Skni/msgs/1.blk>, "\26\1\0\0\31\3\0\0\0\0\0\0\321\355h\226\376T\332\30\0\0000m6vARoZ\2\0"..., 278, 274641 <unfinished ...>
665095 1790837254.266267 <... pwrite64 resumed>) = 334 (DELAYED) <0.069994>
665095 1790837254.266376 pwrite64(23</tmp/TestLeaseAppendPressureFixedPlacement1574030781/001/node-1/jetstream/$SYS/_js_/S-R3F-q7IG3WJb/msgs/2.blk>, "\264\2\0\0f\2\0\0\0\0\0\0\363\332\24\227\376T\332\30\0\0St9I6EVH\1\0"..., 692, 314868 <unfinished ...>
665121 1790837254.280209 --- SIGURG {si_signo=SIGURG, si_code=SI_TKILL, si_pid=665088, si_uid=1000} ---
665138 1790837254.325188 <... pwrite64 resumed>) = 278 (DELAYED) <0.070048>
665138 1790837254.325323 --- SIGURG {si_signo=SIGURG, si_code=SI_TKILL, si_pid=665088, si_uid=1000} ---
665138 1790837254.325410 pwrite64(29</tmp/TestLeaseAppendPressureFixedPlacement1574030781/001/node-1/jetstream/$SYS/_js_/S-R3F-Cqy2Skni/msgs/1.blk>, "\26\1\0\0\32\3\0\0\0\0\0\0\312\233\231\232\376T\332\30\0\0000m6vARoZ\2\0"..., 278, 274919 <unfinished ...>
665097 1790837254.327012 pwrite64(30</tmp/TestLeaseAppendPressureFixedPlacement1574030781/001/node-1/jetstream/$G/streams/KV_WF_LEASE/msgs/1.blk>, "\250\0\0\200\34\4\0\0\0\0\0\0\330M$}\376T\332\30&\0$KV.WF_LEA"..., 168, 176268 <unfinished ...>
665095 1790837254.336493 <... pwrite64 resumed>) = 692 (DELAYED) <0.070096>
665095 1790837254.336709 pwrite64(23</tmp/TestLeaseAppendPressureFixedPlacement1574030781/001/node-1/jetstream/$SYS/_js_/S-R3F-q7IG3WJb/msgs/2.blk>, "\257\1\0\0g\2\0\0\0\0\0\0\374\2F\233\376T\332\30\0\0St9I6EVH\1\0"..., 431, 315560 <unfinished ...>
665120 1790837254.338931 pwrite64(24</tmp/TestLeaseAppendPressureFixedPlacement1574030781/001/node-1/jetstream/$G/streams/WF_JRN/msgs/1.blk>, "\340\0\0\200m\3\0\0\0\0\0\0\30\341\211\216\376T\332\30 \0wf.jrn.pre"..., 224, 237228 <unfinished ...>
665121 1790837254.377068 --- SIGURG {si_signo=SIGURG, si_code=SI_TKILL, si_pid=665088, si_uid=1000} ---
665138 1790837254.395557 <... pwrite64 resumed>) = 278 (DELAYED) <0.070116>
665138 1790837254.395754 pwrite64(29</tmp/TestLeaseAppendPressureFixedPlacement1574030781/001/node-1/jetstream/$SYS/_js_/S-R3F-Cqy2Skni/msgs/1.blk>, "\26\1\0\0\33\3\0\0\0\0\0\0\215\341\312\236\376T\332\30\0\0000m6vARoZ\2\0"..., 278, 275197 <unfinished ...>
665097 1790837254.397074 <... pwrite64 resumed>) = 168 (DELAYED) <0.070039>
665095 1790837254.406857 <... pwrite64 resumed>) = 431 (DELAYED) <0.070112>
665120 1790837254.408972 <... pwrite64 resumed>) = 224 (DELAYED) <0.070015>
665112 1790837254.410275 pwrite64(24</tmp/TestLeaseAppendPressureFixedPlacement1574030781/001/node-1/jetstream/$G/streams/WF_JRN/msgs/1.blk>, "\340\0\0\200n\3\0\0\0\0\0\0\372\372\345\222\376T\332\30 \0wf.jrn.pre"..., 1090, 237452 <unfinished ...>
665095 1790837254.410314 pwrite64(23</tmp/TestLeaseAppendPressureFixedPlacement1574030781/001/node-1/jetstream/$SYS/_js_/S-R3F-q7IG3WJb/msgs/2.blk>, "\257\1\0\0h\2\0\0\0\0\0\0=\2\251\237\376T\332\30\0\0St9I6EVH\1\0"..., 431, 315991 <unfinished ...>
665138 1790837254.465853 <... pwrite64 resumed>) = 278 (DELAYED) <0.070070>
665138 1790837254.467957 --- SIGURG {si_signo=SIGURG, si_code=SI_TKILL, si_pid=665088, si_uid=1000} ---
665097 1790837254.468245 pwrite64(29</tmp/TestLeaseAppendPressureFixedPlacement1574030781/001/node-1/jetstream/$SYS/_js_/S-R3F-Cqy2Skni/msgs/1.blk>, "\26\1\0\0\34\3\0\0\0\0\0\0?\37\35\243\376T\332\30\0\0000m6vARoZ\2\0"..., 278, 275475 <unfinished ...>
665120 1790837254.469563 pwrite64(30</tmp/TestLeaseAppendPressureFixedPlacement1574030781/001/node-1/jetstream/$G/streams/KV_WF_LEASE/msgs/1.blk>, "\250\0\0\200\35\4\0\0\0\0\0\0?\206&}\376T\332\30&\0$KV.WF_LEA"..., 168, 176436 <unfinished ...>
665112 1790837254.480390 <... pwrite64 resumed>) = 1090 (DELAYED) <0.070077>
665095 1790837254.480433 <... pwrite64 resumed>) = 431 (DELAYED) <0.070111>
665095 1790837254.481766 pwrite64(23</tmp/TestLeaseAppendPressureFixedPlacement1574030781/001/node-1/jetstream/$SYS/_js_/S-R3F-q7IG3WJb/msgs/2.blk>, "N\1\0\0i\2\0\0\0\0\0\0KY\353\243\376T\332\30\0\0St9I6EVH\1\0"..., 334, 316422 <unfinished ...>
665112 1790837254.483328 pwrite64(24</tmp/TestLeaseAppendPressureFixedPlacement1574030781/001/node-1/jetstream/$G/streams/WF_JRN/msgs/1.blk>, "A\1\0\200r\3\0\0\0\0\0\0\272\217\250\237\376T\332\30 \0wf.jrn.pre"..., 321, 238542 <unfinished ...>
665121 1790837254.505311 --- SIGURG {si_signo=SIGURG, si_code=SI_TKILL, si_pid=665088, si_uid=1000} ---
665097 1790837254.538587 <... pwrite64 resumed>) = 278 (DELAYED) <0.070237>
665097 1790837254.539041 --- SIGURG {si_signo=SIGURG, si_code=SI_TKILL, si_pid=665088, si_uid=1000} ---
665097 1790837254.539285 pwrite64(29</tmp/TestLeaseAppendPressureFixedPlacement1574030781/001/node-1/jetstream/$SYS/_js_/S-R3F-Cqy2Skni/msgs/1.blk>, "\26\1\0\0\35\3\0\0\0\0\0\0\362\251T\247\376T\332\30\0\0000m6vARoZ\2\0"..., 278, 275753 <unfinished ...>
665120 1790837254.539690 <... pwrite64 resumed>) = 168 (DELAYED) <0.070099>
665095 1790837254.551901 <... pwrite64 resumed>) = 334 (DELAYED) <0.070095>
665095 1790837254.552255 --- SIGURG {si_signo=SIGURG, si_code=SI_TKILL, si_pid=665088, si_uid=1000} ---
665112 1790837254.553394 <... pwrite64 resumed>) = 321 (DELAYED) <0.070040>
665112 1790837254.555034 pwrite64(24</tmp/TestLeaseAppendPressureFixedPlacement1574030781/001/node-1/jetstream/$G/streams/WF_JRN/msgs/1.blk>, "\340\0\0\200s\3\0\0\0\0\0\0C\"\351\243\376T\332\30 \0wf.jrn.pre"..., 224, 238863 <unfinished ...>
665097 1790837254.609469 <... pwrite64 resumed>) = 278 (DELAYED) <0.070128>
665120 1790837254.609829 pwrite64(29</tmp/TestLeaseAppendPressureFixedPlacement1574030781/001/node-1/jetstream/$SYS/_js_/S-R3F-Cqy2Skni/msgs/1.blk>, "}\3\0\0\36\3\0\0\0\0\0\0\334d\215\253\376T\332\30\0\0000m6vARoZ\2\0"..., 893, 276031 <unfinished ...>
665097 1790837254.609861 --- SIGURG {si_signo=SIGURG, si_code=SI_TKILL, si_pid=665088, si_uid=1000} ---
665138 1790837254.612330 pwrite64(30</tmp/TestLeaseAppendPressureFixedPlacement1574030781/001/node-1/jetstream/$G/streams/KV_WF_LEASE/msgs/1.blk>, "\250\0\0\200\36\4\0\0\0\0\0\0_\207(}\376T\332\30&\0$KV.WF_LEA"..., 168, 176604 <unfinished ...>
665112 1790837254.625167 <... pwrite64 resumed>) = 224 (DELAYED) <0.070069>
665112 1790837254.625446 --- SIGURG {si_signo=SIGURG, si_code=SI_TKILL, si_pid=665088, si_uid=1000} ---
665112 1790837254.625595 pwrite64(23</tmp/TestLeaseAppendPressureFixedPlacement1574030781/001/node-1/jetstream/$SYS/_js_/S-R3F-q7IG3WJb/msgs/2.blk>, "N\1\0\0j\2\0\0\0\0\0\0\231\316}\254\376T\332\30\0\0St9I6EVH\1\0"..., 334, 316756 <unfinished ...>
665120 1790837254.679918 <... pwrite64 resumed>) = 893 (DELAYED) <0.070046>
665120 1790837254.680091 --- SIGURG {si_signo=SIGURG, si_code=SI_TKILL, si_pid=665088, si_uid=1000} ---
665137 1790837254.680213 pwrite64(29</tmp/TestLeaseAppendPressureFixedPlacement1574030781/001/node-1/jetstream/$SYS/_js_/S-R3F-Cqy2Skni/msgs/1.blk>, "\26\1\0\0\37\3\0\0\0\0\0\0\225p\277\257\376T\332\30\0\0000m6vARoZ\2\0"..., 278, 276924 <unfinished ...>
665138 1790837254.682455 <... pwrite64 resumed>) = 168 (DELAYED) <0.070062>
665112 1790837254.695664 <... pwrite64 resumed>) = 334 (DELAYED) <0.070027>
665099 1790837254.696073 pwrite64(23</tmp/TestLeaseAppendPressureFixedPlacement1574030781/001/node-1/jetstream/$SYS/_js_/S-R3F-q7IG3WJb/msgs/2.blk>, "\205\6\0\0k\2\0\0\0\0\0\0\207\213\257\260\376T\332\30\0\0St9I6EVH\1\0"..., 1669, 317090 <unfinished ...>
665112 1790837254.696117 --- SIGURG {si_signo=SIGURG, si_code=SI_TKILL, si_pid=665088, si_uid=1000} ---
665137 1790837254.751450 <... pwrite64 resumed>) = 278 (DELAYED) <0.071195>
665137 1790837254.751711 --- SIGURG {si_signo=SIGURG, si_code=SI_TKILL, si_pid=665088, si_uid=1000} ---
665095 1790837254.751994 pwrite64(29</tmp/TestLeaseAppendPressureFixedPlacement1574030781/001/node-1/jetstream/$SYS/_js_/S-R3F-Cqy2Skni/msgs/1.blk>, "\26\1\0\0 \3\0\0\0\0\0\0\303\16\5\264\376T\332\30\0\0000m6vARoZ\2\0"..., 278, 277202 <unfinished ...>
665112 1790837254.754340 pwrite64(30</tmp/TestLeaseAppendPressureFixedPlacement1574030781/001/node-1/jetstream/$G/streams/KV_WF_LEASE/msgs/1.blk>, "\250\0\0\200\37\4\0\0\0\0\0\0\30\206)}\376T\332\30&\0$KV.WF_LEA"..., 168, 176772 <unfinished ...>
665099 1790837254.766169 <... pwrite64 resumed>) = 1669 (DELAYED) <0.070057>
665099 1790837254.766673 --- SIGURG {si_signo=SIGURG, si_code=SI_TKILL, si_pid=665088, si_uid=1000} ---
665097 1790837254.766768 pwrite64(23</tmp/TestLeaseAppendPressureFixedPlacement1574030781/001/node-1/jetstream/$SYS/_js_/S-R3F-q7IG3WJb/msgs/2.blk>, "N\1\0\0l\2\0\0\0\0\0\0007\340\347\264\376T\332\30\0\0St9I6EVH\1\0"..., 334, 318759 <unfinished ...>
665138 1790837254.768804 pwrite64(24</tmp/TestLeaseAppendPressureFixedPlacement1574030781/001/node-1/jetstream/$G/streams/WF_JRN/msgs/1.blk>, "\340\0\0\200t\3\0\0\0\0\0\0\236\212{\254\376T\332\30 \0wf.jrn.pre"..., 224, 239087 <unfinished ...>
665095 1790837254.822175 <... pwrite64 resumed>) = 278 (DELAYED) <0.070137>
665095 1790837254.822446 --- SIGURG {si_signo=SIGURG, si_code=SI_TKILL, si_pid=665088, si_uid=1000} ---
665120 1790837254.822669 pwrite64(29</tmp/TestLeaseAppendPressureFixedPlacement1574030781/001/node-1/jetstream/$SYS/_js_/S-R3F-Cqy2Skni/msgs/1.blk>, "\26\1\0\0!\3\0\0\0\0\0\0\314\f=\270\376T\332\30\0\0000m6vARoZ\2\0"..., 278, 277480 <unfinished ...>
665112 1790837254.824410 <... pwrite64 resumed>) = 168 (DELAYED) <0.070024>
665137 1790837254.828231 pwrite64(30</tmp/TestLeaseAppendPressureFixedPlacement1574030781/001/node-1/jetstream/$G/streams/KV_WF_LEASE/msgs/1.blk>, "\250\0\0\200 \4\0\0\0\0\0\0\245\331+}\376T\332\30&\0$KV.WF_LEA"..., 336, 176940 <unfinished ...>
665097 1790837254.836952 <... pwrite64 resumed>) = 334 (DELAYED) <0.070123>
665097 1790837254.837102 --- SIGURG {si_signo=SIGURG, si_code=SI_TKILL, si_pid=665088, si_uid=1000} ---
665097 1790837254.837470 --- SIGURG {si_signo=SIGURG, si_code=SI_TKILL, si_pid=665088, si_uid=1000} ---
665138 1790837254.839042 <... pwrite64 resumed>) = 224 (DELAYED) <0.070203>
665099 1790837254.840550 pwrite64(23</tmp/TestLeaseAppendPressureFixedPlacement1574030781/001/node-1/jetstream/$SYS/_js_/S-R3F-q7IG3WJb/msgs/2.blk>, "\257\1\0\0m\2\0\0\0\0\0\0\247'N\271\376T\332\30\0\0St9I6EVH\1\0"..., 431, 319093 <unfinished ...>
665097 1790837254.841848 pwrite64(24</tmp/TestLeaseAppendPressureFixedPlacement1574030781/001/node-1/jetstream/$G/streams/WF_JRN/msgs/1.blk>, "A\1\0\200u\3\0\0\0\0\0\0_Y\230\254\376T\332\30 \0wf.jrn.pre"..., 1635, 239311 <unfinished ...>
665120 1790837254.894139 <... pwrite64 resumed>) = 278 (DELAYED) <0.071426>
665138 1790837254.895033 pwrite64(29</tmp/TestLeaseAppendPressureFixedPlacement1574030781/001/node-1/jetstream/$SYS/_js_/S-R3F-Cqy2Skni/msgs/1.blk>, "\26\1\0\0\"\3\0\0\0\0\0\0L5\215\274\376T\332\30\0\0000m6vARoZ\2\0"..., 278, 277758 <unfinished ...>
665120 1790837254.895078 --- SIGURG {si_signo=SIGURG, si_code=SI_TKILL, si_pid=665088, si_uid=1000} ---
665137 1790837254.898275 <... pwrite64 resumed>) = 336 (DELAYED) <0.069993>
665112 1790837254.902837 pwrite64(30</tmp/TestLeaseAppendPressureFixedPlacement1574030781/001/node-1/jetstream/$G/streams/KV_WF_LEASE/msgs/1.blk>, "\250\0\0\200\"\4\0\0\0\0\0\0Zl,}\376T\332\30&\0$KV.WF_LEA"..., 168, 177276 <unfinished ...>
665099 1790837254.910925 <... pwrite64 resumed>) = 431 (DELAYED) <0.070342>
665097 1790837254.911894 <... pwrite64 resumed>) = 1635 (DELAYED) <0.070025>
665120 1790837254.913711 pwrite64(23</tmp/TestLeaseAppendPressureFixedPlacement1574030781/001/node-1/jetstream/$SYS/_js_/S-R3F-q7IG3WJb/msgs/2.blk>, "\257\1\0\0n\2\0\0\0\0\0\0\320\35\252\275\376T\332\30\0\0St9I6EVH\1\0"..., 431, 319524 <unfinished ...>
665097 1790837254.913864 pwrite64(24</tmp/TestLeaseAppendPressureFixedPlacement1574030781/001/node-1/jetstream/$G/streams/WF_JRN/msgs/1.blk>, "A\1\0\200{\3\0\0\0\0\0\0\332\5N\271\376T\332\30 \0wf.jrn.pre"..., 321, 240946 <unfinished ...>
665138 1790837254.965696 <... pwrite64 resumed>) = 278 (DELAYED) <0.070430>
665138 1790837254.965843 --- SIGURG {si_signo=SIGURG, si_code=SI_TKILL, si_pid=665088, si_uid=1000} ---
665138 1790837254.965964 pwrite64(29</tmp/TestLeaseAppendPressureFixedPlacement1574030781/001/node-1/jetstream/$SYS/_js_/S-R3F-Cqy2Skni/msgs/1.blk>, "}\3\0\0#\3\0\0\0\0\0\0#\206\307\300\376T\332\30\0\0000m6vARoZ\2\0"..., 893, 278036 <unfinished ...>
665112 1790837254.972893 <... pwrite64 resumed>) = 168 (DELAYED) <0.068668>
665120 1790837254.983805 <... pwrite64 resumed>) = 431 (DELAYED) <0.069999>
665097 1790837254.984440 <... pwrite64 resumed>) = 321 (DELAYED) <0.070561>
665120 1790837254.984458 --- SIGURG {si_signo=SIGURG, si_code=SI_TKILL, si_pid=665088, si_uid=1000} ---
665120 1790837254.989518 pwrite64(23</tmp/TestLeaseAppendPressureFixedPlacement1574030781/001/node-1/jetstream/$SYS/_js_/S-R3F-q7IG3WJb/msgs/2.blk>, "N\1\0\0o\2\0\0\0\0\0\0\17Q/\302\376T\332\30\0\0St9I6EVH\1\0"..., 334, 319955 <unfinished ...>
665137 1790837254.991372 pwrite64(24</tmp/TestLeaseAppendPressureFixedPlacement1574030781/001/node-1/jetstream/$G/streams/WF_JRN/msgs/1.blk>, "A\1\0\200|\3\0\0\0\0\0\0\36\0\252\275\376T\332\30 \0wf.jrn.pre"..., 321, 241267 <unfinished ...>
665138 1790837255.036119 <... pwrite64 resumed>) = 893 (DELAYED) <0.070126>
665138 1790837255.036256 --- SIGURG {si_signo=SIGURG, si_code=SI_TKILL, si_pid=665088, si_uid=1000} ---
665112 1790837255.036505 pwrite64(29</tmp/TestLeaseAppendPressureFixedPlacement1574030781/001/node-1/jetstream/$SYS/_js_/S-R3F-Cqy2Skni/msgs/1.blk>, "\26\1\0\0$\3\0\0\0\0\0\0\333\21\374\304\376T\332\30\0\0000m6vARoZ\2\0"..., 278, 278929 <unfinished ...>
665099 1790837255.038278 pwrite64(30</tmp/TestLeaseAppendPressureFixedPlacement1574030781/001/node-1/jetstream/$G/streams/KV_WF_LEASE/msgs/1.blk>, "\250\0\0\200#\4\0\0\0\0\0\0\v\333-}\376T\332\30&\0$KV.WF_LEA"..., 1848, 177444 <unfinished ...>
665120 1790837255.059573 <... pwrite64 resumed>) = 334 (DELAYED) <0.069893>
665120 1790837255.059770 --- SIGURG {si_signo=SIGURG, si_code=SI_TKILL, si_pid=665088, si_uid=1000} ---
665137 1790837255.061414 <... pwrite64 resumed>) = 321 (DELAYED) <0.070007>
665095 1790837255.062702 pwrite64(23</tmp/TestLeaseAppendPressureFixedPlacement1574030781/001/node-1/jetstream/$SYS/_js_/S-R3F-q7IG3WJb/msgs/2.blk>, "\32\4\0\0p\2\0\0\0\0\0\09\t\214\306\376T\332\30\0\0St9I6EVH\1\0"..., 1050, 320289 <unfinished ...>
665137 1790837255.063035 pwrite64(24</tmp/TestLeaseAppendPressureFixedPlacement1574030781/001/node-1/jetstream/$G/streams/WF_JRN/msgs/1.blk>, "\340\0\0\200}\3\0\0\0\0\0\0\313\n/\302\376T\332\30 \0wf.jrn.pre"..., 224, 241588 <unfinished ...>
665112 1790837255.106627 <... pwrite64 resumed>) = 278 (DELAYED) <0.070077>
665112 1790837255.106779 --- SIGURG {si_signo=SIGURG, si_code=SI_TKILL, si_pid=665088, si_uid=1000} ---
665138 1790837255.106999 pwrite64(29</tmp/TestLeaseAppendPressureFixedPlacement1574030781/001/node-1/jetstream/$SYS/_js_/S-R3F-Cqy2Skni/msgs/1.blk>, "\26\1\0\0%\3\0\0\0\0\0\0\242\257/\311\376T\332\30\0\0000m6vARoZ\2\0"..., 278, 279207 <unfinished ...>
665099 1790837255.108313 <... pwrite64 resumed>) = 1848 (DELAYED) <0.070007>
665120 1790837255.109532 pwrite64(30</tmp/TestLeaseAppendPressureFixedPlacement1574030781/001/node-1/jetstream/$G/streams/KV_WF_LEASE/msgs/1.blk>, "\250\0\0\200.\4\0\0\0\0\0\0\232\241\361\264\376T\332\30&\0$KV.WF_LEA"..., 168, 179292 <unfinished ...>
665095 1790837255.132838 <... pwrite64 resumed>) = 1050 (DELAYED) <0.070077>
665095 1790837255.132972 --- SIGURG {si_signo=SIGURG, si_code=SI_TKILL, si_pid=665088, si_uid=1000} ---
665137 1790837255.133084 <... pwrite64 resumed>) = 224 (DELAYED) <0.070024>
665099 1790837255.133464 pwrite64(23</tmp/TestLeaseAppendPressureFixedPlacement1574030781/001/node-1/jetstream/$SYS/_js_/S-R3F-q7IG3WJb/msgs/2.blk>, "\257\1\0\0q\2\0\0\0\0\0\0\366\225\303\312\376T\332\30\0\0St9I6EVH\1\0"..., 431, 321339 <unfinished ...>
665138 1790837255.177163 <... pwrite64 resumed>) = 278 (DELAYED) <0.070130>
665138 1790837255.178005 --- SIGURG {si_signo=SIGURG, si_code=SI_TKILL, si_pid=665088, si_uid=1000} ---
665097 1790837255.178192 pwrite64(29</tmp/TestLeaseAppendPressureFixedPlacement1574030781/001/node-1/jetstream/$SYS/_js_/S-R3F-Cqy2Skni/msgs/1.blk>, "\26\1\0\0&\3\0\0\0\0\0\0A\371m\315\376T\332\30\0\0000m6vARoZ\2\0"..., 278, 279485 <unfinished ...>
665120 1790837255.179590 <... pwrite64 resumed>) = 168 (DELAYED) <0.070036>
665099 1790837255.203574 <... pwrite64 resumed>) = 431 (DELAYED) <0.070046>
665099 1790837255.203755 --- SIGURG {si_signo=SIGURG, si_code=SI_TKILL, si_pid=665088, si_uid=1000} ---
665121 1790837255.203963 pwrite64(23</tmp/TestLeaseAppendPressureFixedPlacement1574030781/001/node-1/jetstream/$SYS/_js_/S-R3F-q7IG3WJb/msgs/2.blk>, "S\2\0\0r\2\0\0\0\0\0\0\320E\367\316\376T\332\30\0\0St9I6EVH\1\0"..., 595, 321770 <unfinished ...>
665097 1790837255.248290 <... pwrite64 resumed>) = 278 (DELAYED) <0.070057>
665097 1790837255.248424 --- SIGURG {si_signo=SIGURG, si_code=SI_TKILL, si_pid=665088, si_uid=1000} ---
665099 1790837255.248599 pwrite64(29</tmp/TestLeaseAppendPressureFixedPlacement1574030781/001/node-1/jetstream/$SYS/_js_/S-R3F-Cqy2Skni/msgs/1.blk>, "\26\1\0\0'\3\0\0\0\0\0\0\313W\240\321\376T\332\30\0\0000m6vARoZ\2\0"..., 278, 279763 <unfinished ...>
665095 1790837255.252908 pwrite64(30</tmp/TestLeaseAppendPressureFixedPlacement1574030781/001/node-1/jetstream/$G/streams/KV_WF_LEASE/msgs/1.blk>, "\250\0\0\200/\4\0\0\0\0\0\0\233MQ\271\376T\332\30&\0$KV.WF_LEA"..., 840, 179460 <unfinished ...>
665121 1790837255.274119 <... pwrite64 resumed>) = 595 (DELAYED) <0.070103>
665121 1790837255.274326 --- SIGURG {si_signo=SIGURG, si_code=SI_TKILL, si_pid=665088, si_uid=1000} ---
665137 1790837255.274529 pwrite64(23</tmp/TestLeaseAppendPressureFixedPlacement1574030781/001/node-1/jetstream/$SYS/_js_/S-R3F-q7IG3WJb/msgs/2.blk>, "N\1\0\0s\2\0\0\0\0\0\0T\363+\323\376T\332\30\0\0St9I6EVH\1\0"..., 334, 322365 <unfinished ...>
665120 1790837255.278760 pwrite64(24</tmp/TestLeaseAppendPressureFixedPlacement1574030781/001/node-1/jetstream/$G/streams/WF_JRN/msgs/1.blk>, "A\1\0\200~\3\0\0\0\0\0\0\353\233\213\306\376T\332\30 \0wf.jrn.pre"..., 866, 241812 <unfinished ...>
665099 1790837255.319390 <... pwrite64 resumed>) = 278 (DELAYED) <0.070757>
665099 1790837255.320424 pwrite64(29</tmp/TestLeaseAppendPressureFixedPlacement1574030781/001/node-1/jetstream/$SYS/_js_/S-R3F-Cqy2Skni/msgs/1.blk>, "\26\1\0\0(\3\0\0\0\0\0\0\0$\347\325\376T\332\30\0\0000m6vARoZ\2\0"..., 278, 280041 <unfinished ...>
665095 1790837255.322939 <... pwrite64 resumed>) = 840 (DELAYED) <0.069997>
665137 1790837255.344663 <... pwrite64 resumed>) = 334 (DELAYED) <0.070099>
665137 1790837255.345713 --- SIGURG {si_signo=SIGURG, si_code=SI_TKILL, si_pid=665088, si_uid=1000} ---
665120 1790837255.349711 <... pwrite64 resumed>) = 866 (DELAYED) <0.070870>
665120 1790837255.351956 pwrite64(24</tmp/TestLeaseAppendPressureFixedPlacement1574030781/001/node-1/jetstream/$G/streams/WF_JRN/msgs/1.blk>, "A\1\0\200\201\3\0\0\0\0\0\0\0\361\220\306\376T\332\30 \0wf.jrn.pre"..., 993, 242678 <unfinished ...>
665099 1790837255.390680 <... pwrite64 resumed>) = 278 (DELAYED) <0.070214>
665097 1790837255.391124 pwrite64(29</tmp/TestLeaseAppendPressureFixedPlacement1574030781/001/node-1/jetstream/$SYS/_js_/S-R3F-Cqy2Skni/msgs/1.blk>, "\343\1\0\0)\3\0\0\0\0\0\0\302\330\36\332\376T\332\30\0\0000m6vARoZ\2\0"..., 483, 280319 <unfinished ...>
665099 1790837255.391183 --- SIGURG {si_signo=SIGURG, si_code=SI_TKILL, si_pid=665088, si_uid=1000} ---
665095 1790837255.392463 pwrite64(30</tmp/TestLeaseAppendPressureFixedPlacement1574030781/001/node-1/jetstream/$G/streams/KV_WF_LEASE/msgs/1.blk>, "\250\0\0\2004\4\0\0\0\0\0\0\342\3^\271\376T\332\30&\0$KV.WF_LEA"..., 504, 180300 <unfinished ...>
665099 1790837255.406505 --- SIGURG {si_signo=SIGURG, si_code=SI_TKILL, si_pid=665088, si_uid=1000} ---
665120 1790837255.422110 <... pwrite64 resumed>) = 993 (DELAYED) <0.070112>
665120 1790837255.422501 pwrite64(23</tmp/TestLeaseAppendPressureFixedPlacement1574030781/001/node-1/jetstream/$SYS/_js_/S-R3F-q7IG3WJb/msgs/2.blk>, "\257\1\0\0t\2\0\0\0\0\0\0t\341\375\333\376T\332\30\0\0St9I6EVH\1\0"..., 431, 322699 <unfinished ...>
665097 1790837255.461286 <... pwrite64 resumed>) = 483 (DELAYED) <0.070036>
665097 1790837255.461417 pwrite64(29</tmp/TestLeaseAppendPressureFixedPlacement1574030781/001/node-1/jetstream/$SYS/_js_/S-R3F-Cqy2Skni/msgs/1.blk>, "}\3\0\0*\3\0\0\0\0\0\0q\305O\336\376T\332\30\0\0000m6vARoZ\2\0"..., 893, 280802 <unfinished ...>
665095 1790837255.462758 <... pwrite64 resumed>) = 504 (DELAYED) <0.070275>
665137 1790837255.464359 pwrite64(30</tmp/TestLeaseAppendPressureFixedPlacement1574030781/001/node-1/jetstream/$G/streams/KV_WF_LEASE/msgs/1.blk>, "\250\0\0\2007\4\0\0\0\0\0\0l\n\210\306\376T\332\30&\0$KV.WF_LEA"..., 168, 180804 <unfinished ...>
665120 1790837255.492619 <... pwrite64 resumed>) = 431 (DELAYED) <0.070061>
665120 1790837255.492954 --- SIGURG {si_signo=SIGURG, si_code=SI_TKILL, si_pid=665088, si_uid=1000} ---
665120 1790837255.493126 pwrite64(23</tmp/TestLeaseAppendPressureFixedPlacement1574030781/001/node-1/jetstream/$SYS/_js_/S-R3F-q7IG3WJb/msgs/2.blk>, "\271\3\0\0u\2\0\0\0\0\0\0\361p3\340\376T\332\30\0\0St9I6EVH\1\0"..., 953, 323130 <unfinished ...>
665097 1790837255.531593 <... pwrite64 resumed>) = 893 (DELAYED) <0.070134>
665097 1790837255.531912 --- SIGURG {si_signo=SIGURG, si_code=SI_TKILL, si_pid=665088, si_uid=1000} ---
665137 1790837255.534544 <... pwrite64 resumed>) = 168 (DELAYED) <0.070133>
665099 1790837255.539361 pwrite64(30</tmp/TestLeaseAppendPressureFixedPlacement1574030781/001/node-1/jetstream/$G/streams/KV_WF_LEASE/msgs/1.blk>, "\250\0\0\2008\4\0\0\0\0\0\0A\3@\323\376T\332\30&\0$KV.WF_LEA"..., 1176, 180972 <unfinished ...>
665120 1790837255.564849 <... pwrite64 resumed>) = 953 (DELAYED) <0.071681>
665120 1790837255.565195 pwrite64(23</tmp/TestLeaseAppendPressureFixedPlacement1574030781/001/node-1/jetstream/$SYS/_js_/S-R3F-q7IG3WJb/msgs/2.blk>, "\200\5\0\0v\2\0\0\0\0\0\0\271$\177\344\376T\332\30\0\0St9I6EVH\1\0"..., 1408, 324083 <unfinished ...>
665099 1790837255.609451 <... pwrite64 resumed>) = 1176 (DELAYED) <0.070032>
665099 1790837255.611794 --- SIGURG {si_signo=SIGURG, si_code=SI_TKILL, si_pid=665088, si_uid=1000} ---
665120 1790837255.635333 <... pwrite64 resumed>) = 1408 (DELAYED) <0.070104>
665121 1790837255.637035 pwrite64(29</tmp/TestLeaseAppendPressureFixedPlacement1574030781/001/node-1/jetstream/$SYS/_js_/S-R3F-Cqy2Skni/msgs/1.blk>, "}\3\0\0+\3\0\0\0\0\0\0\344\261\307\350\376T\332\30\0\0000m6vARoZ\2\0"..., 893, 281695 <unfinished ...>
665095 1790837255.639312 pwrite64(24</tmp/TestLeaseAppendPressureFixedPlacement1574030781/001/node-1/jetstream/$G/streams/WF_JRN/msgs/1.blk>, "A\1\0\200\205\3\0\0\0\0\0\0Eb\375\333\376T\332\30 \0wf.jrn.pre"..., 2277, 243671 <unfinished ...>
665121 1790837255.707125 <... pwrite64 resumed>) = 893 (DELAYED) <0.070052>
665121 1790837255.707420 --- SIGURG {si_signo=SIGURG, si_code=SI_TKILL, si_pid=665088, si_uid=1000} ---
665121 1790837255.707551 pwrite64(29</tmp/TestLeaseAppendPressureFixedPlacement1574030781/001/node-1/jetstream/$SYS/_js_/S-R3F-Cqy2Skni/msgs/1.blk>, "\260\2\0\0,\3\0\0\0\0\0\0[\335\372\354\376T\332\30\0\0000m6vARoZ\2\0"..., 688, 282588 <unfinished ...>
665095 1790837255.709363 <... pwrite64 resumed>) = 2277 (DELAYED) <0.070022>
665095 1790837255.710407 pwrite64(23</tmp/TestLeaseAppendPressureFixedPlacement1574030781/001/node-1/jetstream/$SYS/_js_/S-R3F-q7IG3WJb/msgs/2.blk>, "N\1\0\0w\2\0\0\0\0\0\0\2\354&\355\376T\332\30\0\0St9I6EVH\1\0"..., 334, 325491 <unfinished ...>
665121 1790837255.777716 <... pwrite64 resumed>) = 688 (DELAYED) <0.070130>
665121 1790837255.777963 --- SIGURG {si_signo=SIGURG, si_code=SI_TKILL, si_pid=665088, si_uid=1000} ---
665120 1790837255.778029 pwrite64(29</tmp/TestLeaseAppendPressureFixedPlacement1574030781/001/node-1/jetstream/$SYS/_js_/S-R3F-Cqy2Skni/msgs/1.blk>, "\26\1\0\0-\3\0\0\0\0\0\0\201\305.\361\376T\332\30\0\0000m6vARoZ\2\0"..., 278, 283276 <unfinished ...>
665095 1790837255.780465 <... pwrite64 resumed>) = 334 (DELAYED) <0.070030>
665095 1790837255.780584 pwrite64(23</tmp/TestLeaseAppendPressureFixedPlacement1574030781/001/node-1/jetstream/$SYS/_js_/S-R3F-q7IG3WJb/msgs/2.blk>, "\212\7\0\0x\2\0\0\0\0\0\0\314\vV\361\376T\332\30\0\0St9I6EVH\1\0"..., 1930, 325825 <unfinished ...>
665120 1790837255.848182 <... pwrite64 resumed>) = 278 (DELAYED) <0.070119>
665137 1790837255.848923 pwrite64(29</tmp/TestLeaseAppendPressureFixedPlacement1574030781/001/node-1/jetstream/$SYS/_js_/S-R3F-Cqy2Skni/msgs/1.blk>, "k\1\0\0.\3\0\0\0\0\0\0\342Vh\365\376T\332\30\0\0000m6vARoZ\2\0"..., 363, 283554 <unfinished ...>
665120 1790837255.849449 --- SIGURG {si_signo=SIGURG, si_code=SI_TKILL, si_pid=665088, si_uid=1000} ---
665095 1790837255.851299 <... pwrite64 resumed>) = 1930 (DELAYED) <0.070703>
665095 1790837255.852312 --- SIGURG {si_signo=SIGURG, si_code=SI_TKILL, si_pid=665088, si_uid=1000} ---
665097 1790837255.854923 pwrite64(23</tmp/TestLeaseAppendPressureFixedPlacement1574030781/001/node-1/jetstream/$SYS/_js_/S-R3F-q7IG3WJb/msgs/2.blk>, "N\1\0\0y\2\0\0\0\0\0\0\3777\304\365\376T\332\30\0\0St9I6EVH\1\0"..., 334, 327755 <unfinished ...>
665099 1790837255.856919 pwrite64(24</tmp/TestLeaseAppendPressureFixedPlacement1574030781/001/node-1/jetstream/$G/streams/WF_JRN/msgs/1.blk>, "\340\0\0\200\215\3\0\0\0\0\0\0\217\344%\355\376T\332\30 \0wf.jrn.pre"..., 1859, 245948 <unfinished ...>
665137 1790837255.919019 <... pwrite64 resumed>) = 363 (DELAYED) <0.070036>
665137 1790837255.919177 pwrite64(29</tmp/TestLeaseAppendPressureFixedPlacement1574030781/001/node-1/jetstream/$SYS/_js_/S-R3F-Cqy2Skni/msgs/1.blk>, "\26\1\0\0/\3\0\0\0\0\0\0\236\273\230\371\376T\332\30\0\0000m6vARoZ\2\0"..., 278, 283917 <unfinished ...>
665120 1790837255.920992 pwrite64(30</tmp/TestLeaseAppendPressureFixedPlacement1574030781/001/node-1/jetstream/$G/streams/KV_WF_LEASE/msgs/1.blk>, "\250\0\0\200?\4\0\0\0\0\0\0\326\253\277\350\376T\332\30&\0$KV.WF_LEA"..., 672, 182148 <unfinished ...>
665097 1790837255.924953 <... pwrite64 resumed>) = 334 (DELAYED) <0.069998>
665099 1790837255.927014 <... pwrite64 resumed>) = 1859 (DELAYED) <0.070070>
665112 1790837255.929371 pwrite64(24</tmp/TestLeaseAppendPressureFixedPlacement1574030781/001/node-1/jetstream/$G/streams/WF_JRN/msgs/1.blk>, "\340\0\0\200\224\3\0\0\0\0\0\0L\25\304\365\376T\332\30 \0wf.jrn.pre"..., 224, 247807 <unfinished ...>
665097 1790837255.960120 --- SIGURG {si_signo=SIGURG, si_code=SI_TKILL, si_pid=665088, si_uid=1000} ---
665137 1790837255.989312 <... pwrite64 resumed>) = 278 (DELAYED) <0.070105>
665137 1790837255.989513 --- SIGURG {si_signo=SIGURG, si_code=SI_TKILL, si_pid=665088, si_uid=1000} ---
665099 1790837255.989658 pwrite64(29</tmp/TestLeaseAppendPressureFixedPlacement1574030781/001/node-1/jetstream/$SYS/_js_/S-R3F-Cqy2Skni/msgs/1.blk>, "J\4\0\0000\3\0\0\0\0\0\0N\24\314\375\376T\332\30\0\0000m6vARoZ\2\0"..., 1098, 284195 <unfinished ...>
665120 1790837255.991107 <... pwrite64 resumed>) = 672 (DELAYED) <0.070098>
665137 1790837255.994771 pwrite64(30</tmp/TestLeaseAppendPressureFixedPlacement1574030781/001/node-1/jetstream/$G/streams/KV_WF_LEASE/msgs/1.blk>, "\250\0\0\200C\4\0\0\0\0\0\0M\221\304\350\376T\332\30&\0$KV.WF_LEA"..., 504, 182820 <unfinished ...>
665112 1790837255.999416 <... pwrite64 resumed>) = 224 (DELAYED) <0.070010>
665112 1790837256.000612 pwrite64(23</tmp/TestLeaseAppendPressureFixedPlacement1574030781/001/node-1/jetstream/$SYS/_js_/S-R3F-q7IG3WJb/msgs/2.blk>, "\257\1\0\0z\2\0\0\0\0\0\0ebs\376\376T\332\30\0\0St9I6EVH\1\0"..., 431, 328089 <unfinished ...>
665099 1790837256.059716 <... pwrite64 resumed>) = 1098 (DELAYED) <0.070021>
665099 1790837256.059844 pwrite64(29</tmp/TestLeaseAppendPressureFixedPlacement1574030781/001/node-1/jetstream/$SYS/_js_/S-R3F-Cqy2Skni/msgs/1.blk>, "\26\1\0\0001\3\0\0\0\0\0\0m,\373\1\377T\332\30\0\0000m6vARoZ\2\0"..., 278, 285293 <unfinished ...>
665137 1790837256.064832 <... pwrite64 resumed>) = 504 (DELAYED) <0.070005>
665112 1790837256.070737 <... pwrite64 resumed>) = 431 (DELAYED) <0.070092>
665112 1790837256.072840 pwrite64(23</tmp/TestLeaseAppendPressureFixedPlacement1574030781/001/node-1/jetstream/$SYS/_js_/S-R3F-q7IG3WJb/msgs/2.blk>, "$\6\0\0{\2\0\0\0\0\0\0\340-\301\2\377T\332\30\0\0St9I6EVH\1\0"..., 1572, 328520 <unfinished ...>
665099 1790837256.129958 <... pwrite64 resumed>) = 278 (DELAYED) <0.070084>
665099 1790837256.130160 pwrite64(29</tmp/TestLeaseAppendPressureFixedPlacement1574030781/001/node-1/jetstream/$SYS/_js_/S-R3F-Cqy2Skni/msgs/1.blk>, "\26\1\0\0002\3\0\0\0\0\0\0U\357+\6\377T\332\30\0\0000m6vARoZ\2\0"..., 278, 285571 <unfinished ...>
665097 1790837256.131529 pwrite64(30</tmp/TestLeaseAppendPressureFixedPlacement1574030781/001/node-1/jetstream/$G/streams/KV_WF_LEASE/msgs/1.blk>, "\250\0\0\200F\4\0\0\0\0\0\0w`\306\350\376T\332\30&\0$KV.WF_LEA"..., 168, 183324 <unfinished ...>
665112 1790837256.143086 <... pwrite64 resumed>) = 1572 (DELAYED) <0.070210>
665112 1790837256.143262 pwrite64(23</tmp/TestLeaseAppendPressureFixedPlacement1574030781/001/node-1/jetstream/$SYS/_js_/S-R3F-q7IG3WJb/msgs/2.blk>, "\257\1\0\0|\2\0\0\0\0\0\0\367\345\363\6\377T\332\30\0\0St9I6EVH\1\0"..., 431, 330092 <unfinished ...>
665120 1790837256.159938 --- SIGURG {si_signo=SIGURG, si_code=SI_TKILL, si_pid=665088, si_uid=1000} ---
665099 1790837256.200274 <... pwrite64 resumed>) = 278 (DELAYED) <0.070082>
665099 1790837256.200323 --- SIGURG {si_signo=SIGURG, si_code=SI_TKILL, si_pid=665088, si_uid=1000} ---
665097 1790837256.201713 <... pwrite64 resumed>) = 168 (DELAYED) <0.070151>
665097 1790837256.202576 --- SIGURG {si_signo=SIGURG, si_code=SI_TKILL, si_pid=665088, si_uid=1000} ---
665097 1790837256.206342 pwrite64(30</tmp/TestLeaseAppendPressureFixedPlacement1574030781/001/node-1/jetstream/$G/streams/KV_WF_LEASE/msgs/1.blk>, "\222\0\0\200G\4\0\0\0\0\0\0005&#\353\376T\332\30&\0$KV.WF_LEA"..., 1636, 183492 <unfinished ...>
665112 1790837256.213354 <... pwrite64 resumed>) = 431 (DELAYED) <0.070064>
665112 1790837256.213581 pwrite64(23</tmp/TestLeaseAppendPressureFixedPlacement1574030781/001/node-1/jetstream/$SYS/_js_/S-R3F-q7IG3WJb/msgs/2.blk>, "\257\1\0\0}\2\0\0\0\0\0\0\246\251$\v\377T\332\30\0\0St9I6EVH\1\0"..., 431, 330523 <unfinished ...>
665120 1790837256.215138 pwrite64(29</tmp/TestLeaseAppendPressureFixedPlacement1574030781/001/node-1/jetstream/$SYS/_js_/S-R3F-Cqy2Skni/msgs/1.blk>, "\26\1\0\0003\3\0\0\0\0\0\0005l<\v\377T\332\30\0\0000m6vARoZ\2\0"..., 278, 285849 <unfinished ...>
665099 1790837256.215233 pwrite64(24</tmp/TestLeaseAppendPressureFixedPlacement1574030781/001/node-1/jetstream/$G/streams/WF_JRN/msgs/1.blk>, "A\1\0\200\225\3\0\0\0\0\0\0005\303r\376\376T\332\30 \0wf.jrn.pre"..., 321, 248031 <unfinished ...>
665097 1790837256.276474 <... pwrite64 resumed>) = 1636 (DELAYED) <0.070068>
665138 1790837256.280149 --- SIGURG {si_signo=SIGURG, si_code=SI_TKILL, si_pid=665088, si_uid=1000} ---
665112 1790837256.283684 <... pwrite64 resumed>) = 431 (DELAYED) <0.070068>
665120 1790837256.285230 <... pwrite64 resumed>) = 278 (DELAYED) <0.070046>
665099 1790837256.285295 <... pwrite64 resumed>) = 321 (DELAYED) <0.070040>
665099 1790837256.285315 --- SIGURG {si_signo=SIGURG, si_code=SI_TKILL, si_pid=665088, si_uid=1000} ---
665120 1790837256.287432 pwrite64(29</tmp/TestLeaseAppendPressureFixedPlacement1574030781/001/node-1/jetstream/$SYS/_js_/S-R3F-Cqy2Skni/msgs/1.blk>, "\26\1\0\0004\3\0\0\0\0\0\0C{\210\17\377T\332\30\0\0000m6vARoZ\2\0"..., 278, 286127 <unfinished ...>
665137 1790837256.288388 pwrite64(30</tmp/TestLeaseAppendPressureFixedPlacement1574030781/001/node-1/jetstream/$G/streams/KV_WF_LEASE/msgs/1.blk>, "\250\0\0\200Q\4\0\0\0\0\0\0\260\2234\v\377T\332\30&\0$KV.WF_LEA"..., 168, 185128 <unfinished ...>
665112 1790837256.289495 pwrite64(24</tmp/TestLeaseAppendPressureFixedPlacement1574030781/001/node-1/jetstream/$G/streams/WF_JRN/msgs/1.blk>, "\340\0\0\200\226\3\0\0\0\0\0\0^\2(\2\377T\332\30 \0wf.jrn.pre"..., 1956, 248352 <unfinished ...>
665120 1790837256.357582 <... pwrite64 resumed>) = 278 (DELAYED) <0.070093>
665120 1790837256.357869 --- SIGURG {si_signo=SIGURG, si_code=SI_TKILL, si_pid=665088, si_uid=1000} ---
665120 1790837256.358000 pwrite64(29</tmp/TestLeaseAppendPressureFixedPlacement1574030781/001/node-1/jetstream/$SYS/_js_/S-R3F-Cqy2Skni/msgs/1.blk>, "\26\1\0\0005\3\0\0\0\0\0\0\303[\300\23\377T\332\30\0\0000m6vARoZ\2\0"..., 278, 286405 <unfinished ...>
665137 1790837256.358416 <... pwrite64 resumed>) = 168 (DELAYED) <0.070001>
665112 1790837256.359586 <... pwrite64 resumed>) = 1956 (DELAYED) <0.070067>
665112 1790837256.359669 pwrite64(23</tmp/TestLeaseAppendPressureFixedPlacement1574030781/001/node-1/jetstream/$SYS/_js_/S-R3F-q7IG3WJb/msgs/2.blk>, "N\1\0\0~\2\0\0\0\0\0\0G*\332\23\377T\332\30\0\0St9I6EVH\1\0"..., 334, 330954 <unfinished ...>
665097 1790837256.377104 --- SIGURG {si_signo=SIGURG, si_code=SI_TKILL, si_pid=665088, si_uid=1000} ---
665120 1790837256.428211 <... pwrite64 resumed>) = 278 (DELAYED) <0.070183>
665120 1790837256.428701 pwrite64(29</tmp/TestLeaseAppendPressureFixedPlacement1574030781/001/node-1/jetstream/$SYS/_js_/S-R3F-Cqy2Skni/msgs/1.blk>, "\26\1\0\0006\3\0\0\0\0\0\0u\v\367\27\377T\332\30\0\0000m6vARoZ\2\0"..., 278, 286683 <unfinished ...>
665112 1790837256.429871 <... pwrite64 resumed>) = 334 (DELAYED) <0.070180>
665112 1790837256.430119 pwrite64(23</tmp/TestLeaseAppendPressureFixedPlacement1574030781/001/node-1/jetstream/$SYS/_js_/S-R3F-q7IG3WJb/msgs/2.blk>, "\257\1\0\0\177\2\0\0\0\0\0\0\345\f\r\30\377T\332\30\0\0St9I6EVH\1\0"..., 431, 331288 <unfinished ...>
665120 1790837256.498922 <... pwrite64 resumed>) = 278 (DELAYED) <0.070144>
665120 1790837256.499143 pwrite64(29</tmp/TestLeaseAppendPressureFixedPlacement1574030781/001/node-1/jetstream/$SYS/_js_/S-R3F-Cqy2Skni/msgs/1.blk>, "\26\1\0\0007\3\0\0\0\0\0\0;\20*\34\377T\332\30\0\0000m6vARoZ\2\0"..., 278, 286961 <unfinished ...>
665112 1790837256.500176 <... pwrite64 resumed>) = 431 (DELAYED) <0.070036>
665112 1790837256.500481 pwrite64(23</tmp/TestLeaseAppendPressureFixedPlacement1574030781/001/node-1/jetstream/$SYS/_js_/S-R3F-q7IG3WJb/msgs/2.blk>, "N\1\0\0\200\2\0\0\0\0\0\0\234\210>\34\377T\332\30\0\0St9I6EVH\1\0"..., 334, 331719 <unfinished ...>
665138 1790837256.507139 --- SIGURG {si_signo=SIGURG, si_code=SI_TKILL, si_pid=665088, si_uid=1000} ---
665120 1790837256.569383 <... pwrite64 resumed>) = 278 (DELAYED) <0.070201>
665138 1790837256.570121 pwrite64(29</tmp/TestLeaseAppendPressureFixedPlacement1574030781/001/node-1/jetstream/$SYS/_js_/S-R3F-Cqy2Skni/msgs/1.blk>, "\343\1\0\08\3\0\0\0\0\0\0\342Ke \377T\332\30\0\0000m6vARoZ\2\0"..., 483, 287239 <unfinished ...>
665120 1790837256.570530 --- SIGURG {si_signo=SIGURG, si_code=SI_TKILL, si_pid=665088, si_uid=1000} ---
665112 1790837256.570888 <... pwrite64 resumed>) = 334 (DELAYED) <0.070387>
665112 1790837256.571120 pwrite64(23</tmp/TestLeaseAppendPressureFixedPlacement1574030781/001/node-1/jetstream/$SYS/_js_/S-R3F-q7IG3WJb/msgs/2.blk>, "\257\1\0\0\201\2\0\0\0\0\0\0\24rt \377T\332\30\0\0St9I6EVH\1\0"..., 431, 332053 <unfinished ...>
665137 1790837256.609551 --- SIGURG {si_signo=SIGURG, si_code=SI_TKILL, si_pid=665088, si_uid=1000} ---
665138 1790837256.640222 <... pwrite64 resumed>) = 483 (DELAYED) <0.070057>
665138 1790837256.640377 pwrite64(29</tmp/TestLeaseAppendPressureFixedPlacement1574030781/001/node-1/jetstream/$SYS/_js_/S-R3F-Cqy2Skni/msgs/1.blk>, "\26\1\0\09\3\0\0\0\0\0\0\3516\225$\377T\332\30\0\0000m6vARoZ\2\0"..., 278, 287722 <unfinished ...>
665112 1790837256.641351 <... pwrite64 resumed>) = 431 (DELAYED) <0.070213>
665112 1790837256.641441 pwrite64(23</tmp/TestLeaseAppendPressureFixedPlacement1574030781/001/node-1/jetstream/$SYS/_js_/S-R3F-q7IG3WJb/msgs/2.blk>, "N\1\0\0\202\2\0\0\0\0\0\0gr\245$\377T\332\30\0\0St9I6EVH\1\0"..., 334, 332484 <unfinished ...>
665138 1790837256.710467 <... pwrite64 resumed>) = 278 (DELAYED) <0.070062>
665138 1790837256.710605 --- SIGURG {si_signo=SIGURG, si_code=SI_TKILL, si_pid=665088, si_uid=1000} ---
665097 1790837256.710703 pwrite64(29</tmp/TestLeaseAppendPressureFixedPlacement1574030781/001/node-1/jetstream/$SYS/_js_/S-R3F-Cqy2Skni/msgs/1.blk>, "\232\0\0\0:\3\0\0\0\0\0\0(W\306(\377T\332\30\0\0000m6vARoZ\2\0"..., 154, 288000 <unfinished ...>
665112 1790837256.711482 <... pwrite64 resumed>) = 334 (DELAYED) <0.070028>
665112 1790837256.712027 pwrite64(23</tmp/TestLeaseAppendPressureFixedPlacement1574030781/001/node-1/jetstream/$SYS/_js_/S-R3F-q7IG3WJb/msgs/2.blk>, "\264\2\0\0\203\2\0\0\0\0\0\0\2155\324(\377T\332\30\0\0St9I6EVH\1\0"..., 692, 332818 <unfinished ...>
665137 1790837256.712060 pwrite64(30</tmp/TestLeaseAppendPressureFixedPlacement1574030781/001/node-1/jetstream/$G/streams/KV_WF_LEASE/msgs/1.blk>, "\250\0\0\200R\4\0\0\0\0\0\0\4m\177\17\377T\332\30&\0$KV.WF_LEA"..., 168, 185296 <unfinished ...>
665099 1790837256.714101 pwrite64(24</tmp/TestLeaseAppendPressureFixedPlacement1574030781/001/node-1/jetstream/$G/streams/WF_JRN/msgs/1.blk>, "\340\0\0\200\235\3\0\0\0\0\0\0\376\344\331\23\377T\332\30 \0wf.jrn.pre"..., 224, 250308 <unfinished ...>
665097 1790837256.780810 <... pwrite64 resumed>) = 154 (DELAYED) <0.070070>
665097 1790837256.780960 --- SIGURG {si_signo=SIGURG, si_code=SI_TKILL, si_pid=665088, si_uid=1000} ---
665121 1790837256.781092 pwrite64(29</tmp/TestLeaseAppendPressureFixedPlacement1574030781/001/node-1/jetstream/$SYS/_js_/S-R3F-Cqy2Skni/msgs/1.blk>, "\26\1\0\0;\3\0\0\0\0\0\0^t\370,\377T\332\30\0\0000m6vARoZ\2\0"..., 278, 288154 <unfinished ...>
665112 1790837256.782072 <... pwrite64 resumed>) = 692 (DELAYED) <0.070029>
665137 1790837256.782085 <... pwrite64 resumed>) = 168 (DELAYED) <0.070016>
665112 1790837256.782169 pwrite64(23</tmp/TestLeaseAppendPressureFixedPlacement1574030781/001/node-1/jetstream/$SYS/_js_/S-R3F-q7IG3WJb/msgs/2.blk>, "N\1\0\0\204\2\0\0\0\0\0\0\201\32\t-\377T\332\30\0\0St9I6EVH\1\0"..., 334, 333510 <unfinished ...>
665120 1790837256.783513 pwrite64(30</tmp/TestLeaseAppendPressureFixedPlacement1574030781/001/node-1/jetstream/$G/streams/KV_WF_LEASE/msgs/1.blk>, "\250\0\0\200S\4\0\0\0\0\0\0\347/\212\17\377T\332\30&\0$KV.WF_LEA"..., 168, 185464 <unfinished ...>
665099 1790837256.784128 <... pwrite64 resumed>) = 224 (DELAYED) <0.070001>
665121 1790837256.852093 <... pwrite64 resumed>) = 278 (DELAYED) <0.070971>
665112 1790837256.852944 <... pwrite64 resumed>) = 334 (DELAYED) <0.070760>
665121 1790837256.853052 --- SIGURG {si_signo=SIGURG, si_code=SI_TKILL, si_pid=665088, si_uid=1000} ---
665120 1790837256.853547 <... pwrite64 resumed>) = 168 (DELAYED) <0.070013>
665120 1790837256.854982 pwrite64(29</tmp/TestLeaseAppendPressureFixedPlacement1574030781/001/node-1/jetstream/$SYS/_js_/S-R3F-Cqy2Skni/msgs/1.blk>, "\343\1\0\0<\3\0\0\0\0\0\0|\5`1\377T\332\30\0\0000m6vARoZ\2\0"..., 483, 288432 <unfinished ...>
665099 1790837256.856002 pwrite64(23</tmp/TestLeaseAppendPressureFixedPlacement1574030781/001/node-1/jetstream/$SYS/_js_/S-R3F-q7IG3WJb/msgs/2.blk>, "\257\1\0\0\205\2\0\0\0\0\0\0\215\201o1\377T\332\30\0\0St9I6EVH\1\0"..., 431, 333844 <unfinished ...>
665097 1790837256.857259 pwrite64(24</tmp/TestLeaseAppendPressureFixedPlacement1574030781/001/node-1/jetstream/$G/streams/WF_JRN/msgs/1.blk>, "A\1\0\200\236\3\0\0\0\0\0\0\232\257\345\23\377T\332\30 \0wf.jrn.pre"..., 1859, 250532 <unfinished ...>
665137 1790837256.857284 pwrite64(30</tmp/TestLeaseAppendPressureFixedPlacement1574030781/001/node-1/jetstream/$G/streams/KV_WF_LEASE/msgs/1.blk>, "\250\0\0\200T\4\0\0\0\0\0\0\213\321\214\17\377T\332\30&\0$KV.WF_LEA"..., 870, 185632 <unfinished ...>
665138 1790837256.916223 --- SIGURG {si_signo=SIGURG, si_code=SI_TKILL, si_pid=665088, si_uid=1000} ---
665120 1790837256.925104 <... pwrite64 resumed>) = 483 (DELAYED) <0.070080>
665112 1790837256.926027 pwrite64(29</tmp/TestLeaseAppendPressureFixedPlacement1574030781/001/node-1/jetstream/$SYS/_js_/S-R3F-Cqy2Skni/msgs/1.blk>, "\26\1\0\0=\3\0\0\0\0\0\0\377\265\2335\377T\332\30\0\0000m6vARoZ\2\0"..., 278, 288915 <unfinished ...>
665120 1790837256.926200 --- SIGURG {si_signo=SIGURG, si_code=SI_TKILL, si_pid=665088, si_uid=1000} ---
665099 1790837256.926609 <... pwrite64 resumed>) = 431 (DELAYED) <0.070577>
665097 1790837256.927324 <... pwrite64 resumed>) = 1859 (DELAYED) <0.070043>
665137 1790837256.927356 <... pwrite64 resumed>) = 870 (DELAYED) <0.070062>
665137 1790837256.929219 pwrite64(24</tmp/TestLeaseAppendPressureFixedPlacement1574030781/001/node-1/jetstream/$G/streams/WF_JRN/msgs/1.blk>, "A\1\0\200\245\3\0\0\0\0\0\0kNo1\377T\332\30 \0wf.jrn.pre"..., 321, 252391 <unfinished ...>
665095 1790837256.929279 pwrite64(30</tmp/TestLeaseAppendPressureFixedPlacement1574030781/001/node-1/jetstream/$G/streams/KV_WF_LEASE/msgs/1.blk>, "\250\0\0\200Y\4\0\0\0\0\0\0\230\367\345(\377T\332\30&\0$KV.WF_LEA"..., 168, 186502 <unfinished ...>
665112 1790837256.996110 <... pwrite64 resumed>) = 278 (DELAYED) <0.070030>
665112 1790837256.996365 pwrite64(29</tmp/TestLeaseAppendPressureFixedPlacement1574030781/001/node-1/jetstream/$SYS/_js_/S-R3F-Cqy2Skni/msgs/1.blk>, "\260\2\0\0>\3\0\0\0\0\0\0|\234\3139\377T\332\30\0\0000m6vARoZ\2\0"..., 688, 289193 <unfinished ...>
665137 1790837256.999290 <... pwrite64 resumed>) = 321 (DELAYED) <0.070027>
665095 1790837256.999310 <... pwrite64 resumed>) = 168 (DELAYED) <0.070010>
665137 1790837256.999433 pwrite64(23</tmp/TestLeaseAppendPressureFixedPlacement1574030781/001/node-1/jetstream/$SYS/_js_/S-R3F-q7IG3WJb/msgs/2.blk>, "S\2\0\0\206\2\0\0\0\0\0\0\2471\3749\377T\332\30\0\0St9I6EVH\1\0"..., 595, 334275 <unfinished ...>
665112 1790837257.066638 <... pwrite64 resumed>) = 688 (DELAYED) <0.070234>
665112 1790837257.068075 --- SIGURG {si_signo=SIGURG, si_code=SI_TKILL, si_pid=665088, si_uid=1000} ---
665095 1790837257.068104 pwrite64(29</tmp/TestLeaseAppendPressureFixedPlacement1574030781/001/node-1/jetstream/$SYS/_js_/S-R3F-Cqy2Skni/msgs/1.blk>, "\26\1\0\0?\3\0\0\0\0\0\0\220\24\3>\377T\332\30\0\0000m6vARoZ\2\0"..., 278, 289881 <unfinished ...>
665137 1790837257.069579 <... pwrite64 resumed>) = 595 (DELAYED) <0.070133>
665137 1790837257.070323 pwrite64(23</tmp/TestLeaseAppendPressureFixedPlacement1574030781/001/node-1/jetstream/$SYS/_js_/S-R3F-q7IG3WJb/msgs/2.blk>, "\257\1\0\0\207\2\0\0\0\0\0\0\\\3343>\377T\332\30\0\0St9I6EVH\1\0"..., 431, 334870 <unfinished ...>
665095 1790837257.138299 <... pwrite64 resumed>) = 278 (DELAYED) <0.070166>
665112 1790837257.138853 pwrite64(29</tmp/TestLeaseAppendPressureFixedPlacement1574030781/001/node-1/jetstream/$SYS/_js_/S-R3F-Cqy2Skni/msgs/1.blk>, "\26\1\0\0@\3\0\0\0\0\0\0\316\232HB\377T\332\30\0\0000m6vARoZ\2\0"..., 278, 290159 <unfinished ...>
665095 1790837257.139276 --- SIGURG {si_signo=SIGURG, si_code=SI_TKILL, si_pid=665088, si_uid=1000} ---
665137 1790837257.140386 <... pwrite64 resumed>) = 431 (DELAYED) <0.070040>
665120 1790837257.140432 pwrite64(30</tmp/TestLeaseAppendPressureFixedPlacement1574030781/001/node-1/jetstream/$G/streams/KV_WF_LEASE/msgs/1.blk>, "\250\0\0\200Z\4\0\0\0\0\0\0\214\251N1\377T\332\30&\0$KV.WF_LEA"..., 336, 186670 <unfinished ...>
665137 1790837257.140463 pwrite64(23</tmp/TestLeaseAppendPressureFixedPlacement1574030781/001/node-1/jetstream/$SYS/_js_/S-R3F-q7IG3WJb/msgs/2.blk>, "\32\4\0\0\210\2\0\0\0\0\0\0Y)dB\377T\332\30\0\0St9I6EVH\1\0"..., 1050, 335301 <unfinished ...>
665097 1790837257.142053 pwrite64(24</tmp/TestLeaseAppendPressureFixedPlacement1574030781/001/node-1/jetstream/$G/streams/WF_JRN/msgs/1.blk>, "\340\0\0\200\246\3\0\0\0\0\0\0\274k\3739\377T\332\30 \0wf.jrn.pre"..., 448, 252712 <unfinished ...>
665112 1790837257.209371 <... pwrite64 resumed>) = 278 (DELAYED) <0.070470>
665112 1790837257.209669 --- SIGURG {si_signo=SIGURG, si_code=SI_TKILL, si_pid=665088, si_uid=1000} ---
665112 1790837257.209769 pwrite64(29</tmp/TestLeaseAppendPressureFixedPlacement1574030781/001/node-1/jetstream/$SYS/_js_/S-R3F-Cqy2Skni/msgs/1.blk>, "\26\1\0\0A\3\0\0\0\0\0\0\334\373\203F\377T\332\30\0\0000m6vARoZ\2\0"..., 278, 290437 <unfinished ...>
665120 1790837257.210487 <... pwrite64 resumed>) = 336 (DELAYED) <0.070039>
665137 1790837257.210732 <... pwrite64 resumed>) = 1050 (DELAYED) <0.070258>
665137 1790837257.210892 pwrite64(23</tmp/TestLeaseAppendPressureFixedPlacement1574030781/001/node-1/jetstream/$SYS/_js_/S-R3F-q7IG3WJb/msgs/2.blk>, "\257\1\0\0\211\2\0\0\0\0\0\0Q\303\226F\377T\332\30\0\0St9I6EVH\1\0"..., 431, 336351 <unfinished ...>
665097 1790837257.212162 <... pwrite64 resumed>) = 448 (DELAYED) <0.070084>
665112 1790837257.279861 <... pwrite64 resumed>) = 278 (DELAYED) <0.070065>
665112 1790837257.279968 --- SIGURG {si_signo=SIGURG, si_code=SI_TKILL, si_pid=665088, si_uid=1000} ---
665120 1790837257.280082 pwrite64(29</tmp/TestLeaseAppendPressureFixedPlacement1574030781/001/node-1/jetstream/$SYS/_js_/S-R3F-Cqy2Skni/msgs/1.blk>, "\26\1\0\0B\3\0\0\0\0\0\0\352Z\266J\377T\332\30\0\0000m6vARoZ\2\0"..., 278, 290715 <unfinished ...>
665137 1790837257.281189 <... pwrite64 resumed>) = 431 (DELAYED) <0.070204>
665097 1790837257.281217 --- SIGURG {si_signo=SIGURG, si_code=SI_TKILL, si_pid=665088, si_uid=1000} ---
665137 1790837257.281425 pwrite64(30</tmp/TestLeaseAppendPressureFixedPlacement1574030781/001/node-1/jetstream/$G/streams/KV_WF_LEASE/msgs/1.blk>, "\250\0\0\200\\\4\0\0\0\0\0\0+vP1\377T\332\30&\0$KV.WF_LEA"..., 168, 187006 <unfinished ...>
665121 1790837257.281462 pwrite64(23</tmp/TestLeaseAppendPressureFixedPlacement1574030781/001/node-1/jetstream/$SYS/_js_/S-R3F-q7IG3WJb/msgs/2.blk>, "N\1\0\0\212\2\0\0\0\0\0\0 \227\312J\377T\332\30\0\0St9I6EVH\1\0"..., 334, 336782 <unfinished ...>
665099 1790837257.283174 pwrite64(24</tmp/TestLeaseAppendPressureFixedPlacement1574030781/001/node-1/jetstream/$G/streams/WF_JRN/msgs/1.blk>, "A\1\0\200\250\3\0\0\0\0\0\0U\24\6:\377T\332\30 \0wf.jrn.pre"..., 321, 253160 <unfinished ...>
665120 1790837257.351174 <... pwrite64 resumed>) = 278 (DELAYED) <0.071059>
665137 1790837257.351695 <... pwrite64 resumed>) = 168 (DELAYED) <0.070242>
665121 1790837257.351707 <... pwrite64 resumed>) = 334 (DELAYED) <0.070238>
665137 1790837257.352206 pwrite64(29</tmp/TestLeaseAppendPressureFixedPlacement1574030781/001/node-1/jetstream/$SYS/_js_/S-R3F-Cqy2Skni/msgs/1.blk>, "\26\1\0\0C\3\0\0\0\0\0\0\250\240\374N\377T\332\30\0\0000m6vARoZ\2\0"..., 278, 290993 <unfinished ...>
665099 1790837257.353992 <... pwrite64 resumed>) = 321 (DELAYED) <0.070792>
665120 1790837257.354082 --- SIGURG {si_signo=SIGURG, si_code=SI_TKILL, si_pid=665088, si_uid=1000} ---
665099 1790837257.354500 pwrite64(23</tmp/TestLeaseAppendPressureFixedPlacement1574030781/001/node-1/jetstream/$SYS/_js_/S-R3F-q7IG3WJb/msgs/2.blk>, "\257\1\0\0\213\2\0\0\0\0\0\0\234\303%O\377T\332\30\0\0St9I6EVH\1\0"..., 431, 337116 <unfinished ...>
665120 1790837257.357830 pwrite64(24</tmp/TestLeaseAppendPressureFixedPlacement1574030781/001/node-1/jetstream/$G/streams/WF_JRN/msgs/1.blk>, "\340\0\0\200\251\3\0\0\0\0\0\0\6\360C>\377T\332\30 \0wf.jrn.pre"..., 1411, 253481 <unfinished ...>
665097 1790837257.376652 --- SIGURG {si_signo=SIGURG, si_code=SI_TKILL, si_pid=665088, si_uid=1000} ---
665137 1790837257.422749 <... pwrite64 resumed>) = 278 (DELAYED) <0.070510>
665137 1790837257.423396 --- SIGURG {si_signo=SIGURG, si_code=SI_TKILL, si_pid=665088, si_uid=1000} ---
665097 1790837257.423610 pwrite64(29</tmp/TestLeaseAppendPressureFixedPlacement1574030781/001/node-1/jetstream/$SYS/_js_/S-R3F-Cqy2Skni/msgs/1.blk>, "\260\2\0\0D\3\0\0\0\0\0\0\320DDS\377T\332\30\0\0000m6vARoZ\2\0"..., 688, 291271 <unfinished ...>
665099 1790837257.424917 <... pwrite64 resumed>) = 431 (DELAYED) <0.070377>
665099 1790837257.425081 pwrite64(23</tmp/TestLeaseAppendPressureFixedPlacement1574030781/001/node-1/jetstream/$SYS/_js_/S-R3F-q7IG3WJb/msgs/2.blk>, "\257\1\0\0\214\2\0\0\0\0\0\0\235\204ZS\377T\332\30\0\0St9I6EVH\1\0"..., 431, 337547 <unfinished ...>
665137 1790837257.426856 pwrite64(30</tmp/TestLeaseAppendPressureFixedPlacement1574030781/001/node-1/jetstream/$G/streams/KV_WF_LEASE/msgs/1.blk>, "\250\0\0\200]\4\0\0\0\0\0\0y\253Z1\377T\332\30&\0$KV.WF_LEA"..., 1176, 187174 <unfinished ...>
665120 1790837257.427968 <... pwrite64 resumed>) = 1411 (DELAYED) <0.070092>
665121 1790837257.457350 --- SIGURG {si_signo=SIGURG, si_code=SI_TKILL, si_pid=665088, si_uid=1000} ---
665097 1790837257.494915 <... pwrite64 resumed>) = 688 (DELAYED) <0.071256>
665099 1790837257.495115 <... pwrite64 resumed>) = 431 (DELAYED) <0.070003>
665097 1790837257.495189 pwrite64(29</tmp/TestLeaseAppendPressureFixedPlacement1574030781/001/node-1/jetstream/$SYS/_js_/S-R3F-Cqy2Skni/msgs/1.blk>, "\343\1\0\0E\3\0\0\0\0\0\0\213\213\210W\377T\332\30\0\0000m6vARoZ\2\0"..., 483, 291959 <unfinished ...>
665099 1790837257.495228 pwrite64(23</tmp/TestLeaseAppendPressureFixedPlacement1574030781/001/node-1/jetstream/$SYS/_js_/S-R3F-q7IG3WJb/msgs/2.blk>, "N\1\0\0\215\2\0\0\0\0\0\0\232G\211W\377T\332\30\0\0St9I6EVH\1\0"..., 334, 337978 <unfinished ...>
665137 1790837257.496927 <... pwrite64 resumed>) = 1176 (DELAYED) <0.070027>
665137 1790837257.508129 --- SIGURG {si_signo=SIGURG, si_code=SI_TKILL, si_pid=665088, si_uid=1000} ---
665099 1790837257.565322 <... pwrite64 resumed>) = 334 (DELAYED) <0.070071>
665097 1790837257.565364 <... pwrite64 resumed>) = 483 (DELAYED) <0.070151>
665097 1790837257.565414 --- SIGURG {si_signo=SIGURG, si_code=SI_TKILL, si_pid=665088, si_uid=1000} ---
665099 1790837257.565671 --- SIGURG {si_signo=SIGURG, si_code=SI_TKILL, si_pid=665088, si_uid=1000} ---
665097 1790837257.565947 pwrite64(23</tmp/TestLeaseAppendPressureFixedPlacement1574030781/001/node-1/jetstream/$SYS/_js_/S-R3F-q7IG3WJb/msgs/2.blk>, "\271\3\0\0\216\2\0\0\0\0\0\0\23~\300[\377T\332\30\0\0St9I6EVH\1\0"..., 953, 338312 <unfinished ...>
665120 1790837257.567622 pwrite64(24</tmp/TestLeaseAppendPressureFixedPlacement1574030781/001/node-1/jetstream/$G/streams/WF_JRN/msgs/1.blk>, "A\1\0\200\256\3\0\0\0\0\0\0b\243 O\377T\332\30 \0wf.jrn.pre"..., 321, 254892 <unfinished ...>
665137 1790837257.567812 pwrite64(29</tmp/TestLeaseAppendPressureFixedPlacement1574030781/001/node-1/jetstream/$SYS/_js_/S-R3F-Cqy2Skni/msgs/1.blk>, "\26\1\0\0F\3\0\0\0\0\0\0#\6\335[\377T\332\30\0\0000m6vARoZ\2\0"..., 278, 292442 <unfinished ...>
665112 1790837257.570376 pwrite64(30</tmp/TestLeaseAppendPressureFixedPlacement1574030781/001/node-1/jetstream/$G/streams/KV_WF_LEASE/msgs/1.blk>, "\250\0\0\200d\4\0\0\0\0\0\0t\235\322J\377T\332\30&\0$KV.WF_LEA"..., 1008, 188350 <unfinished ...>
665097 1790837257.636132 <... pwrite64 resumed>) = 953 (DELAYED) <0.070156>
665097 1790837257.636558 --- SIGURG {si_signo=SIGURG, si_code=SI_TKILL, si_pid=665088, si_uid=1000} ---
665120 1790837257.637694 <... pwrite64 resumed>) = 321 (DELAYED) <0.070049>
665137 1790837257.637888 <... pwrite64 resumed>) = 278 (DELAYED) <0.070067>
665120 1790837257.639998 --- SIGURG {si_signo=SIGURG, si_code=SI_TKILL, si_pid=665088, si_uid=1000} ---
665099 1790837257.640218 pwrite64(24</tmp/TestLeaseAppendPressureFixedPlacement1574030781/001/node-1/jetstream/$G/streams/WF_JRN/msgs/1.blk>, "A\1\0\200\257\3\0\0\0\0\0\0\377MFO\377T\332\30 \0wf.jrn.pre"..., 1314, 255213 <unfinished ...>
665120 1790837257.640316 pwrite64(29</tmp/TestLeaseAppendPressureFixedPlacement1574030781/001/node-1/jetstream/$SYS/_js_/S-R3F-Cqy2Skni/msgs/1.blk>, "\26\1\0\0G\3\0\0\0\0\0\0c9/`\377T\332\30\0\0000m6vARoZ\2\0"..., 278, 292720 <unfinished ...>
665112 1790837257.640463 <... pwrite64 resumed>) = 1008 (DELAYED) <0.070073>
665137 1790837257.641594 pwrite64(30</tmp/TestLeaseAppendPressureFixedPlacement1574030781/001/node-1/jetstream/$G/streams/KV_WF_LEASE/msgs/1.blk>, "\250\0\0\200j\4\0\0\0\0\0\0\337\247\322[\377T\332\30&\0$KV.WF_LEA"..., 168, 189358 <unfinished ...>
665099 1790837257.710350 <... pwrite64 resumed>) = 1314 (DELAYED) <0.070096>
665120 1790837257.710383 <... pwrite64 resumed>) = 278 (DELAYED) <0.070052>
665120 1790837257.710491 pwrite64(29</tmp/TestLeaseAppendPressureFixedPlacement1574030781/001/node-1/jetstream/$SYS/_js_/S-R3F-Cqy2Skni/msgs/1.blk>, "}\3\0\0H\3\0\0\0\0\0\0\307\350]d\377T\332\30\0\0000m6vARoZ\2\0"..., 893, 292998 <unfinished ...>
665095 1790837257.710711 pwrite64(23</tmp/TestLeaseAppendPressureFixedPlacement1574030781/001/node-1/jetstream/$SYS/_js_/S-R3F-q7IG3WJb/msgs/2.blk>, "\264\2\0\0\217\2\0\0\0\0\0\0-bad\377T\332\30\0\0St9I6EVH\1\0"..., 692, 339265 <unfinished ...>
665099 1790837257.710801 --- SIGURG {si_signo=SIGURG, si_code=SI_TKILL, si_pid=665088, si_uid=1000} ---
665137 1790837257.711827 <... pwrite64 resumed>) = 168 (DELAYED) <0.070213>
665120 1790837257.780607 <... pwrite64 resumed>) = 893 (DELAYED) <0.070088>
665095 1790837257.780931 <... pwrite64 resumed>) = 692 (DELAYED) <0.070190>
665095 1790837257.781029 pwrite64(23</tmp/TestLeaseAppendPressureFixedPlacement1574030781/001/node-1/jetstream/$SYS/_js_/S-R3F-q7IG3WJb/msgs/2.blk>, "S\2\0\0\220\2\0\0\0\0\0\0\364&\222h\377T\332\30\0\0St9I6EVH\1\0"..., 595, 339957 <unfinished ...>
665121 1790837257.782036 pwrite64(30</tmp/TestLeaseAppendPressureFixedPlacement1574030781/001/node-1/jetstream/$G/streams/KV_WF_LEASE/msgs/1.blk>, "\250\0\0\200k\4\0\0\0\0\0\0\362\263 `\377T\332\30&\0$KV.WF_LEA"..., 168, 189526 <unfinished ...>
665095 1790837257.851210 <... pwrite64 resumed>) = 595 (DELAYED) <0.070148>
665095 1790837257.851526 --- SIGURG {si_signo=SIGURG, si_code=SI_TKILL, si_pid=665088, si_uid=1000} ---
665097 1790837257.851631 pwrite64(23</tmp/TestLeaseAppendPressureFixedPlacement1574030781/001/node-1/jetstream/$SYS/_js_/S-R3F-q7IG3WJb/msgs/2.blk>, "\200\5\0\0\221\2\0\0\0\0\0\0\177~\307l\377T\332\30\0\0St9I6EVH\1\0"..., 1408, 340552 <unfinished ...>
665121 1790837257.852080 <... pwrite64 resumed>) = 168 (DELAYED) <0.070023>
665095 1790837257.852848 --- SIGURG {si_signo=SIGURG, si_code=SI_TKILL, si_pid=665088, si_uid=1000} ---
665121 1790837257.856340 pwrite64(30</tmp/TestLeaseAppendPressureFixedPlacement1574030781/001/node-1/jetstream/$G/streams/KV_WF_LEASE/msgs/1.blk>, "\250\0\0\200l\4\0\0\0\0\0\0\334\357'`\377T\332\30&\0$KV.WF_LEA"..., 672, 189694 <unfinished ...>
665097 1790837257.921771 <... pwrite64 resumed>) = 1408 (DELAYED) <0.070106>
665097 1790837257.922354 --- SIGURG {si_signo=SIGURG, si_code=SI_TKILL, si_pid=665088, si_uid=1000} ---
665120 1790837257.923875 pwrite64(29</tmp/TestLeaseAppendPressureFixedPlacement1574030781/001/node-1/jetstream/$SYS/_js_/S-R3F-Cqy2Skni/msgs/1.blk>, "J\4\0\0I\3\0\0\0\0\0\0N\330\25q\377T\332\30\0\0000m6vARoZ\2\0"..., 1098, 293891 <unfinished ...>
665137 1790837257.926221 pwrite64(24</tmp/TestLeaseAppendPressureFixedPlacement1574030781/001/node-1/jetstream/$G/streams/WF_JRN/msgs/1.blk>, "\340\0\0\200\264\3\0\0\0\0\0\0*\214_d\377T\332\30 \0wf.jrn.pre"..., 2180, 256527 <unfinished ...>
665121 1790837257.926378 <... pwrite64 resumed>) = 672 (DELAYED) <0.070007>
665120 1790837257.995609 <... pwrite64 resumed>) = 1098 (DELAYED) <0.071679>
665120 1790837257.996272 pwrite64(29</tmp/TestLeaseAppendPressureFixedPlacement1574030781/001/node-1/jetstream/$SYS/_js_/S-R3F-Cqy2Skni/msgs/1.blk>, "\260\2\0\0J\3\0\0\0\0\0\0\17c_u\377T\332\30\0\0000m6vARoZ\2\0"..., 688, 294989 <unfinished ...>
665137 1790837257.997227 <... pwrite64 resumed>) = 2180 (DELAYED) <0.070977>
665137 1790837258.000244 pwrite64(23</tmp/TestLeaseAppendPressureFixedPlacement1574030781/001/node-1/jetstream/$SYS/_js_/S-R3F-q7IG3WJb/msgs/2.blk>, "\205\6\0\0\222\2\0\0\0\0\0\0\321M\243u\377T\332\30\0\0St9I6EVH\1\0"..., 1669, 341960 <unfinished ...>
665120 1790837258.066360 <... pwrite64 resumed>) = 688 (DELAYED) <0.070032>
665120 1790837258.066689 --- SIGURG {si_signo=SIGURG, si_code=SI_TKILL, si_pid=665088, si_uid=1000} ---
665137 1790837258.070371 <... pwrite64 resumed>) = 1669 (DELAYED) <0.070090>
665137 1790837258.070502 pwrite64(23</tmp/TestLeaseAppendPressureFixedPlacement1574030781/001/node-1/jetstream/$SYS/_js_/S-R3F-q7IG3WJb/msgs/2.blk>, "\271\3\0\0\223\2\0\0\0\0\0\0#Z\323y\377T\332\30\0\0St9I6EVH\1\0"..., 953, 343629 <unfinished ...>
665120 1790837258.070545 pwrite64(30</tmp/TestLeaseAppendPressureFixedPlacement1574030781/001/node-1/jetstream/$G/streams/KV_WF_LEASE/msgs/1.blk>, "\250\0\0\200p\4\0\0\0\0\0\08\305\rq\377T\332\30&\0$KV.WF_LEA"..., 1344, 190366) = 1344 (DELAYED) <0.070030>
665137 1790837258.140622 <... pwrite64 resumed>) = 953 (DELAYED) <0.070098>
665120 1790837258.142687 pwrite64(29</tmp/TestLeaseAppendPressureFixedPlacement1574030781/001/node-1/jetstream/$SYS/_js_/S-R3F-Cqy2Skni/msgs/1.blk>, "\26\1\0\0K\3\0\0\0\0\0\0L\336 ~\377T\332\30\0\0000m6vARoZ\2\0"..., 278, 295677 <unfinished ...>
665095 1790837258.144834 pwrite64(24</tmp/TestLeaseAppendPressureFixedPlacement1574030781/001/node-1/jetstream/$G/streams/WF_JRN/msgs/1.blk>, "\340\0\0\200\274\3\0\0\0\0\0\0\276\247\242u\377T\332\30 \0wf.jrn.pre"..., 2180, 258707 <unfinished ...>
665120 1790837258.212778 <... pwrite64 resumed>) = 278 (DELAYED) <0.070049>
665120 1790837258.212966 --- SIGURG {si_signo=SIGURG, si_code=SI_TKILL, si_pid=665088, si_uid=1000} ---
665120 1790837258.213057 pwrite64(29</tmp/TestLeaseAppendPressureFixedPlacement1574030781/001/node-1/jetstream/$SYS/_js_/S-R3F-Cqy2Skni/msgs/1.blk>, "}\3\0\0L\3\0\0\0\0\0\0\317mR\202\377T\332\30\0\0000m6vARoZ\2\0"..., 893, 295955 <unfinished ...>
665095 1790837258.214869 <... pwrite64 resumed>) = 2180 (DELAYED) <0.070012>
665097 1790837258.215851 pwrite64(23</tmp/TestLeaseAppendPressureFixedPlacement1574030781/001/node-1/jetstream/$SYS/_js_/S-R3F-q7IG3WJb/msgs/2.blk>, "\257\1\0\0\224\2\0\0\0\0\0\0\310B}\202\377T\332\30\0\0St9I6EVH\1\0"..., 431, 344582 <unfinished ...>
665120 1790837258.283162 <... pwrite64 resumed>) = 893 (DELAYED) <0.070077>
665120 1790837258.283319 pwrite64(29</tmp/TestLeaseAppendPressureFixedPlacement1574030781/001/node-1/jetstream/$SYS/_js_/S-R3F-Cqy2Skni/msgs/1.blk>, "\343\1\0\0M\3\0\0\0\0\0\0006\261\202\206\377T\332\30\0\0000m6vARoZ\2\0"..., 483, 296848 <unfinished ...>
665097 1790837258.285896 <... pwrite64 resumed>) = 431 (DELAYED) <0.070022>
665099 1790837258.286264 pwrite64(23</tmp/TestLeaseAppendPressureFixedPlacement1574030781/001/node-1/jetstream/$SYS/_js_/S-R3F-q7IG3WJb/msgs/2.blk>, "N\1\0\0\225\2\0\0\0\0\0\0\240S\254\206\377T\332\30\0\0St9I6EVH\1\0"..., 334, 345013 <unfinished ...>
665120 1790837258.355145 <... pwrite64 resumed>) = 483 (DELAYED) <0.071794>
665095 1790837258.356119 pwrite64(29</tmp/TestLeaseAppendPressureFixedPlacement1574030781/001/node-1/jetstream/$SYS/_js_/S-R3F-Cqy2Skni/msgs/1.blk>, "\26\1\0\0N\3\0\0\0\0\0\0\236\375\327\212\377T\332\30\0\0000m6vARoZ\2\0"..., 278, 297331 <unfinished ...>
665120 1790837258.356199 --- SIGURG {si_signo=SIGURG, si_code=SI_TKILL, si_pid=665088, si_uid=1000} ---
665099 1790837258.356738 <... pwrite64 resumed>) = 334 (DELAYED) <0.070440>
665099 1790837258.356836 pwrite64(23</tmp/TestLeaseAppendPressureFixedPlacement1574030781/001/node-1/jetstream/$SYS/_js_/S-R3F-q7IG3WJb/msgs/2.blk>, "\271\3\0\0\226\2\0\0\0\0\0\0\243k\344\212\377T\332\30\0\0St9I6EVH\1\0"..., 953, 345347 <unfinished ...>
665112 1790837258.359045 pwrite64(24</tmp/TestLeaseAppendPressureFixedPlacement1574030781/001/node-1/jetstream/$G/streams/WF_JRN/msgs/1.blk>, "A\1\0\200\304\3\0\0\0\0\0\0\250\353|\202\377T\332\30 \0wf.jrn.pre"..., 321, 260887 <unfinished ...>
665095 1790837258.426282 <... pwrite64 resumed>) = 278 (DELAYED) <0.070127>
665095 1790837258.426521 pwrite64(29</tmp/TestLeaseAppendPressureFixedPlacement1574030781/001/node-1/jetstream/$SYS/_js_/S-R3F-Cqy2Skni/msgs/1.blk>, "\26\1\0\0O\3\0\0\0\0\0\0\312\231\v\217\377T\332\30\0\0000m6vARoZ\2\0"..., 278, 297609 <unfinished ...>
665099 1790837258.426877 <... pwrite64 resumed>) = 953 (DELAYED) <0.070021>
665120 1790837258.428607 pwrite64(30</tmp/TestLeaseAppendPressureFixedPlacement1574030781/001/node-1/jetstream/$G/streams/KV_WF_LEASE/msgs/1.blk>, "\250\0\0\200x\4\0\0\0\0\0\0\200\215\21~\377T\332\30&\0$KV.WF_LEA"..., 168, 191710 <unfinished ...>
665112 1790837258.429118 <... pwrite64 resumed>) = 321 (DELAYED) <0.070051>
665137 1790837258.431067 pwrite64(23</tmp/TestLeaseAppendPressureFixedPlacement1574030781/001/node-1/jetstream/$SYS/_js_/S-R3F-q7IG3WJb/msgs/2.blk>, "\257\1\0\0\227\2\0\0\0\0\0\0\331>P\217\377T\332\30\0\0St9I6EVH\1\0"..., 431, 346300 <unfinished ...>
665121 1790837258.432287 pwrite64(24</tmp/TestLeaseAppendPressureFixedPlacement1574030781/001/node-1/jetstream/$G/streams/WF_JRN/msgs/1.blk>, "\340\0\0\200\305\3\0\0\0\0\0\0(\32\254\206\377T\332\30 \0wf.jrn.pre"..., 993, 261208 <unfinished ...>
665095 1790837258.496687 <... pwrite64 resumed>) = 278 (DELAYED) <0.070126>
665095 1790837258.497017 pwrite64(29</tmp/TestLeaseAppendPressureFixedPlacement1574030781/001/node-1/jetstream/$SYS/_js_/S-R3F-Cqy2Skni/msgs/1.blk>, "}\3\0\0P\3\0\0\0\0\0\0\243\353>\223\377T\332\30\0\0000m6vARoZ\2\0"..., 893, 297887 <unfinished ...>
665120 1790837258.498686 <... pwrite64 resumed>) = 168 (DELAYED) <0.070035>
665137 1790837258.501155 <... pwrite64 resumed>) = 431 (DELAYED) <0.070035>
665121 1790837258.502355 <... pwrite64 resumed>) = 993 (DELAYED) <0.070039>
665112 1790837258.502466 pwrite64(30</tmp/TestLeaseAppendPressureFixedPlacement1574030781/001/node-1/jetstream/$G/streams/KV_WF_LEASE/msgs/1.blk>, "\250\0\0\200y\4\0\0\0\0\0\0{\255\30~\377T\332\30&\0$KV.WF_LEA"..., 672, 191878 <unfinished ...>
665121 1790837258.502659 pwrite64(23</tmp/TestLeaseAppendPressureFixedPlacement1574030781/001/node-1/jetstream/$SYS/_js_/S-R3F-q7IG3WJb/msgs/2.blk>, "\264\2\0\0\230\2\0\0\0\0\0\0\212[\225\223\377T\332\30\0\0St9I6EVH\1\0"..., 692, 346731 <unfinished ...>
665099 1790837258.504026 pwrite64(24</tmp/TestLeaseAppendPressureFixedPlacement1574030781/001/node-1/jetstream/$G/streams/WF_JRN/msgs/1.blk>, "A\1\0\200\311\3\0\0\0\0\0\0$\273B\217\377T\332\30 \0wf.jrn.pre"..., 321, 262201 <unfinished ...>
665095 1790837258.567204 <... pwrite64 resumed>) = 893 (DELAYED) <0.070147>
665095 1790837258.567289 --- SIGURG {si_signo=SIGURG, si_code=SI_TKILL, si_pid=665088, si_uid=1000} ---
665097 1790837258.567631 pwrite64(29</tmp/TestLeaseAppendPressureFixedPlacement1574030781/001/node-1/jetstream/$SYS/_js_/S-R3F-Cqy2Skni/msgs/1.blk>, "\26\1\0\0Q\3\0\0\0\0\0\0\347\204t\227\377T\332\30\0\0000m6vARoZ\2\0"..., 278, 298780 <unfinished ...>
665095 1790837258.567703 --- SIGURG {si_signo=SIGURG, si_code=SI_TKILL, si_pid=665088, si_uid=1000} ---
665112 1790837258.572558 <... pwrite64 resumed>) = 672 (DELAYED) <0.070061>
665121 1790837258.572769 <... pwrite64 resumed>) = 692 (DELAYED) <0.069911>
665121 1790837258.572869 pwrite64(23</tmp/TestLeaseAppendPressureFixedPlacement1574030781/001/node-1/jetstream/$SYS/_js_/S-R3F-q7IG3WJb/msgs/2.blk>, "N\1\0\0\231\2\0\0\0\0\0\0\362F\304\227\377T\332\30\0\0St9I6EVH\1\0"..., 334, 347423 <unfinished ...>
665099 1790837258.574111 <... pwrite64 resumed>) = 321 (DELAYED) <0.070037>
665112 1790837258.576499 pwrite64(30</tmp/TestLeaseAppendPressureFixedPlacement1574030781/001/node-1/jetstream/$G/streams/KV_WF_LEASE/msgs/1.blk>, "\250\0\0\200}\4\0\0\0\0\0\0\31\\\35~\377T\332\30&\0$KV.WF_LEA"..., 336, 192550 <unfinished ...>
665097 1790837258.637869 <... pwrite64 resumed>) = 278 (DELAYED) <0.070195>
665097 1790837258.638706 --- SIGURG {si_signo=SIGURG, si_code=SI_TKILL, si_pid=665088, si_uid=1000} ---
665121 1790837258.642998 <... pwrite64 resumed>) = 334 (DELAYED) <0.070094>
665121 1790837258.643201 pwrite64(23</tmp/TestLeaseAppendPressureFixedPlacement1574030781/001/node-1/jetstream/$SYS/_js_/S-R3F-q7IG3WJb/msgs/2.blk>, "\205\6\0\0\232\2\0\0\0\0\0\0\341\332\365\233\377T\332\30\0\0St9I6EVH\1\0"..., 1669, 347757 <unfinished ...>
665112 1790837258.646583 <... pwrite64 resumed>) = 336 (DELAYED) <0.070033>
665097 1790837258.650591 pwrite64(30</tmp/TestLeaseAppendPressureFixedPlacement1574030781/001/node-1/jetstream/$G/streams/KV_WF_LEASE/msgs/1.blk>, "\250\0\0\200\177\4\0\0\0\0\0\0\237\330\35~\377T\332\30&\0$KV.WF_LEA"..., 1176, 192886 <unfinished ...>
665121 1790837258.713376 <... pwrite64 resumed>) = 1669 (DELAYED) <0.070114>
665121 1790837258.713759 --- SIGURG {si_signo=SIGURG, si_code=SI_TKILL, si_pid=665088, si_uid=1000} ---
665120 1790837258.715561 pwrite64(24</tmp/TestLeaseAppendPressureFixedPlacement1574030781/001/node-1/jetstream/$G/streams/WF_JRN/msgs/1.blk>, "\340\0\0\200\312\3\0\0\0\0\0\0\261\215\222\223\377T\332\30 \0wf.jrn.pre"..., 769, 262522 <unfinished ...>
665121 1790837258.716189 pwrite64(29</tmp/TestLeaseAppendPressureFixedPlacement1574030781/001/node-1/jetstream/$SYS/_js_/S-R3F-Cqy2Skni/msgs/1.blk>, "\343\1\0\0R\3\0\0\0\0\0\0\246\242O\240\377T\332\30\0\0000m6vARoZ\2\0"..., 483, 299058 <unfinished ...>
665097 1790837258.720688 <... pwrite64 resumed>) = 1176 (DELAYED) <0.070065>
665120 1790837258.785718 <... pwrite64 resumed>) = 769 (DELAYED) <0.070104>
665121 1790837258.786397 <... pwrite64 resumed>) = 483 (DELAYED) <0.070182>
665120 1790837258.786529 --- SIGURG {si_signo=SIGURG, si_code=SI_TKILL, si_pid=665088, si_uid=1000} ---
665121 1790837258.786619 pwrite64(29</tmp/TestLeaseAppendPressureFixedPlacement1574030781/001/node-1/jetstream/$SYS/_js_/S-R3F-Cqy2Skni/msgs/1.blk>, "\26\1\0\0S\3\0\0\0\0\0\0\4\227\201\244\377T\332\30\0\0000m6vARoZ\2\0"..., 278, 299541 <unfinished ...>
665112 1790837258.790208 pwrite64(24</tmp/TestLeaseAppendPressureFixedPlacement1574030781/001/node-1/jetstream/$G/streams/WF_JRN/msgs/1.blk>, "A\1\0\200\315\3\0\0\0\0\0\0\3\302\374\227\377T\332\30 \0wf.jrn.pre"..., 1411, 263291 <unfinished ...>
665121 1790837258.866819 <... pwrite64 resumed>) = 278 (DELAYED) <0.080163>
665112 1790837258.866864 <... pwrite64 resumed>) = 1411 (DELAYED) <0.076580>
665112 1790837258.867123 pwrite64(23</tmp/TestLeaseAppendPressureFixedPlacement1574030781/001/node-1/jetstream/$SYS/_js_/S-R3F-q7IG3WJb/msgs/2.blk>, "\25\3\0\0\233\2\0\0\0\0\0\0,}N\251\377T\332\30\0\0St9I6EVH\1\0"..., 789, 349426 <unfinished ...>
665121 1790837258.868111 --- SIGURG {si_signo=SIGURG, si_code=SI_TKILL, si_pid=665088, si_uid=1000} ---
665095 1790837258.868233 pwrite64(29</tmp/TestLeaseAppendPressureFixedPlacement1574030781/001/node-1/jetstream/$SYS/_js_/S-R3F-Cqy2Skni/msgs/1.blk>, "\26\1\0\0T\3\0\0\0\0\0\0\"\306_\251\377T\332\30\0\0000m6vARoZ\2\0"..., 278, 299819 <unfinished ...>
665121 1790837258.869229 --- SIGURG {si_signo=SIGURG, si_code=SI_TKILL, si_pid=665088, si_uid=1000} ---
665099 1790837258.915343 --- SIGURG {si_signo=SIGURG, si_code=SI_TKILL, si_pid=665088, si_uid=1000} ---
665112 1790837258.937341 <... pwrite64 resumed>) = 789 (DELAYED) <0.070184>
665112 1790837258.937474 --- SIGURG {si_signo=SIGURG, si_code=SI_TKILL, si_pid=665088, si_uid=1000} ---
665112 1790837258.937847 pwrite64(23</tmp/TestLeaseAppendPressureFixedPlacement1574030781/001/node-1/jetstream/$SYS/_js_/S-R3F-q7IG3WJb/msgs/2.blk>, "N\1\0\0\234\2\0\0\0\0\0\0\25^\205\255\377T\332\30\0\0St9I6EVH\1\0"..., 334, 350215 <unfinished ...>
665095 1790837258.938438 <... pwrite64 resumed>) = 278 (DELAYED) <0.070191>
665095 1790837258.938614 pwrite64(29</tmp/TestLeaseAppendPressureFixedPlacement1574030781/001/node-1/jetstream/$SYS/_js_/S-R3F-Cqy2Skni/msgs/1.blk>, "\260\2\0\0U\3\0\0\0\0\0\0\6\254\221\255\377T\332\30\0\0000m6vARoZ\2\0"..., 688, 300097 <unfinished ...>
665099 1790837258.940818 pwrite64(30</tmp/TestLeaseAppendPressureFixedPlacement1574030781/001/node-1/jetstream/$G/streams/KV_WF_LEASE/msgs/1.blk>, "\250\0\0\200\206\4\0\0\0\0\0\0\256\322C\240\377T\332\30&\0$KV.WF_LEA"..., 336, 194062 <unfinished ...>
665112 1790837259.007986 <... pwrite64 resumed>) = 334 (DELAYED) <0.070092>
665112 1790837259.008221 --- SIGURG {si_signo=SIGURG, si_code=SI_TKILL, si_pid=665088, si_uid=1000} ---
665120 1790837259.008503 pwrite64(23</tmp/TestLeaseAppendPressureFixedPlacement1574030781/001/node-1/jetstream/$SYS/_js_/S-R3F-q7IG3WJb/msgs/2.blk>, "N\1\0\0\235\2\0\0\0\0\0\0\241P\273\261\377T\332\30\0\0St9I6EVH\1\0"..., 334, 350549 <unfinished ...>
665095 1790837259.008718 <... pwrite64 resumed>) = 688 (DELAYED) <0.070081>
665112 1790837259.008795 --- SIGURG {si_signo=SIGURG, si_code=SI_TKILL, si_pid=665088, si_uid=1000} ---
665095 1790837259.008910 pwrite64(29</tmp/TestLeaseAppendPressureFixedPlacement1574030781/001/node-1/jetstream/$SYS/_js_/S-R3F-Cqy2Skni/msgs/1.blk>, "\26\1\0\0V\3\0\0\0\0\0\0\34\361\301\261\377T\332\30\0\0000m6vARoZ\2\0"..., 278, 300785 <unfinished ...>
665099 1790837259.010987 <... pwrite64 resumed>) = 336 (DELAYED) <0.070121>
665120 1790837259.078748 <... pwrite64 resumed>) = 334 (DELAYED) <0.070164>
665095 1790837259.079026 <... pwrite64 resumed>) = 278 (DELAYED) <0.070089>
665120 1790837259.079477 pwrite64(23</tmp/TestLeaseAppendPressureFixedPlacement1574030781/001/node-1/jetstream/$SYS/_js_/S-R3F-q7IG3WJb/msgs/2.blk>, "\271\3\0\0\236\2\0\0\0\0\0\0\367\366\366\265\377T\332\30\0\0St9I6EVH\1\0"..., 953, 350883 <unfinished ...>
665112 1790837259.081819 pwrite64(24</tmp/TestLeaseAppendPressureFixedPlacement1574030781/001/node-1/jetstream/$G/streams/WF_JRN/msgs/1.blk>, "A\1\0\200\322\3\0\0\0\0\0\0\265\235M\251\377T\332\30 \0wf.jrn.pre"..., 642, 264702 <unfinished ...>
665137 1790837259.082095 pwrite64(29</tmp/TestLeaseAppendPressureFixedPlacement1574030781/001/node-1/jetstream/$SYS/_js_/S-R3F-Cqy2Skni/msgs/1.blk>, "\343\1\0\0W\3\0\0\0\0\0\0\f\2\37\266\377T\332\30\0\0000m6vARoZ\2\0"..., 483, 301063 <unfinished ...>
665095 1790837259.082207 pwrite64(30</tmp/TestLeaseAppendPressureFixedPlacement1574030781/001/node-1/jetstream/$G/streams/KV_WF_LEASE/msgs/1.blk>, "\250\0\0\200\210\4\0\0\0\0\0\0\255\267H\240\377T\332\30&\0$KV.WF_LEA"..., 840, 194398 <unfinished ...>
665120 1790837259.149582 <... pwrite64 resumed>) = 953 (DELAYED) <0.069956>
665120 1790837259.149632 --- SIGURG {si_signo=SIGURG, si_code=SI_TKILL, si_pid=665088, si_uid=1000} ---
665120 1790837259.150023 --- SIGURG {si_signo=SIGURG, si_code=SI_TKILL, si_pid=665088, si_uid=1000} ---
665112 1790837259.151882 <... pwrite64 resumed>) = 642 (DELAYED) <0.070026>
665137 1790837259.152523 <... pwrite64 resumed>) = 483 (DELAYED) <0.070411>
665095 1790837259.153287 <... pwrite64 resumed>) = 840 (DELAYED) <0.070951>
665095 1790837259.153840 pwrite64(24</tmp/TestLeaseAppendPressureFixedPlacement1574030781/001/node-1/jetstream/$G/streams/WF_JRN/msgs/1.blk>, "\340\0\0\200\324\3\0\0\0\0\0\0\256\221\230\251\377T\332\30 \0wf.jrn.pre"..., 1217, 265344 <unfinished ...>
665137 1790837259.155215 pwrite64(29</tmp/TestLeaseAppendPressureFixedPlacement1574030781/001/node-1/jetstream/$SYS/_js_/S-R3F-Cqy2Skni/msgs/1.blk>, "}\3\0\0X\3\0\0\0\0\0\0\223\267z\272\377T\332\30\0\0000m6vARoZ\2\0"..., 893, 301546 <unfinished ...>
665112 1790837259.157852 pwrite64(30</tmp/TestLeaseAppendPressureFixedPlacement1574030781/001/node-1/jetstream/$G/streams/KV_WF_LEASE/msgs/1.blk>, "\250\0\0\200\215\4\0\0\0\0\0\0\21\"\224\244\377T\332\30&\0$KV.WF_LEA"..., 504, 195238 <unfinished ...>
665095 1790837259.223998 <... pwrite64 resumed>) = 1217 (DELAYED) <0.070111>
665095 1790837259.224282 --- SIGURG {si_signo=SIGURG, si_code=SI_TKILL, si_pid=665088, si_uid=1000} ---
665095 1790837259.225036 --- SIGURG {si_signo=SIGURG, si_code=SI_TKILL, si_pid=665088, si_uid=1000} ---
665137 1790837259.225857 <... pwrite64 resumed>) = 893 (DELAYED) <0.070069>
665137 1790837259.226045 pwrite64(29</tmp/TestLeaseAppendPressureFixedPlacement1574030781/001/node-1/jetstream/$SYS/_js_/S-R3F-Cqy2Skni/msgs/1.blk>, "\26\1\0\0Y\3\0\0\0\0\0\0\277A\263\276\377T\332\30\0\0000m6vARoZ\2\0"..., 278, 302439 <unfinished ...>
665120 1790837259.226086 pwrite64(23</tmp/TestLeaseAppendPressureFixedPlacement1574030781/001/node-1/jetstream/$SYS/_js_/S-R3F-q7IG3WJb/msgs/2.blk>, "\257\1\0\0\237\2\0\0\0\0\0\0U\216\262\276\377T\332\30\0\0St9I6EVH\1\0"..., 431, 351836 <unfinished ...>
665112 1790837259.227946 <... pwrite64 resumed>) = 504 (DELAYED) <0.070060>
665097 1790837259.280353 --- SIGURG {si_signo=SIGURG, si_code=SI_TKILL, si_pid=665088, si_uid=1000} ---
665099 1790837259.282232 --- SIGURG {si_signo=SIGURG, si_code=SI_TKILL, si_pid=665088, si_uid=1000} ---
665137 1790837259.296261 <... pwrite64 resumed>) = 278 (DELAYED) <0.070174>
665120 1790837259.296310 <... pwrite64 resumed>) = 431 (DELAYED) <0.070208>
665137 1790837259.296347 --- SIGURG {si_signo=SIGURG, si_code=SI_TKILL, si_pid=665088, si_uid=1000} ---
665120 1790837259.296629 pwrite64(23</tmp/TestLeaseAppendPressureFixedPlacement1574030781/001/node-1/jetstream/$SYS/_js_/S-R3F-q7IG3WJb/msgs/2.blk>, "\212\7\0\0\240\2\0\0\0\0\0\0\305\257\347\302\377T\332\30\0\0St9I6EVH\1\0"..., 1930, 352267 <unfinished ...>
665097 1790837259.301223 pwrite64(30</tmp/TestLeaseAppendPressureFixedPlacement1574030781/001/node-1/jetstream/$G/streams/KV_WF_LEASE/msgs/1.blk>, "\250\0\0\200\220\4\0\0\0\0\0\0\345\342g\272\377T\332\30&\0$KV.WF_LEA"..., 840, 195742 <unfinished ...>
665120 1790837259.366850 <... pwrite64 resumed>) = 1930 (DELAYED) <0.070171>
665120 1790837259.367269 --- SIGURG {si_signo=SIGURG, si_code=SI_TKILL, si_pid=665088, si_uid=1000} ---
665120 1790837259.367826 pwrite64(23</tmp/TestLeaseAppendPressureFixedPlacement1574030781/001/node-1/jetstream/$SYS/_js_/S-R3F-q7IG3WJb/msgs/2.blk>, "\257\1\0\0\241\2\0\0\0\0\0\0\315\34&\307\377T\332\30\0\0St9I6EVH\1\0"..., 431, 354197 <unfinished ...>
665099 1790837259.369217 pwrite64(29</tmp/TestLeaseAppendPressureFixedPlacement1574030781/001/node-1/jetstream/$SYS/_js_/S-R3F-Cqy2Skni/msgs/1.blk>, "\26\1\0\0Z\3\0\0\0\0\0\09\24<\307\377T\332\30\0\0000m6vARoZ\2\0"..., 278, 302717 <unfinished ...>
665137 1790837259.370205 pwrite64(24</tmp/TestLeaseAppendPressureFixedPlacement1574030781/001/node-1/jetstream/$G/streams/WF_JRN/msgs/1.blk>, "A\1\0\200\331\3\0\0\0\0\0\0]+\237\276\377T\332\30 \0wf.jrn.pre"..., 321, 266561 <unfinished ...>
665097 1790837259.371323 <... pwrite64 resumed>) = 840 (DELAYED) <0.070045>
665112 1790837259.415689 --- SIGURG {si_signo=SIGURG, si_code=SI_TKILL, si_pid=665088, si_uid=1000} ---
665120 1790837259.437986 <... pwrite64 resumed>) = 431 (DELAYED) <0.070117>
665120 1790837259.439149 --- SIGURG {si_signo=SIGURG, si_code=SI_TKILL, si_pid=665088, si_uid=1000} ---
665099 1790837259.439333 <... pwrite64 resumed>) = 278 (DELAYED) <0.070084>
665137 1790837259.440360 <... pwrite64 resumed>) = 321 (DELAYED) <0.070135>
665112 1790837259.441690 pwrite64(30</tmp/TestLeaseAppendPressureFixedPlacement1574030781/001/node-1/jetstream/$G/streams/KV_WF_LEASE/msgs/1.blk>, "\250\0\0\200\225\4\0\0\0\0\0\0$\2706\307\377T\332\30&\0$KV.WF_LEA"..., 168, 196582 <unfinished ...>
665095 1790837259.442615 pwrite64(29</tmp/TestLeaseAppendPressureFixedPlacement1574030781/001/node-1/jetstream/$SYS/_js_/S-R3F-Cqy2Skni/msgs/1.blk>, "\26\1\0\0[\3\0\0\0\0\0\0\362\261\233\313\377T\332\30\0\0000m6vARoZ\2\0"..., 278, 302995 <unfinished ...>
665097 1790837259.444016 pwrite64(24</tmp/TestLeaseAppendPressureFixedPlacement1574030781/001/node-1/jetstream/$G/streams/WF_JRN/msgs/1.blk>, "\340\0\0\200\332\3\0\0\0\0\0\0Ek\267\276\377T\332\30 \0wf.jrn.pre"..., 1956, 266882 <unfinished ...>
665120 1790837259.511528 --- SIGURG {si_signo=SIGURG, si_code=SI_TKILL, si_pid=665088, si_uid=1000} ---
665112 1790837259.511711 <... pwrite64 resumed>) = 168 (DELAYED) <0.069883>
665095 1790837259.512640 <... pwrite64 resumed>) = 278 (DELAYED) <0.069980>
665095 1790837259.512747 pwrite64(29</tmp/TestLeaseAppendPressureFixedPlacement1574030781/001/node-1/jetstream/$SYS/_js_/S-R3F-Cqy2Skni/msgs/1.blk>, "J\4\0\0\\\3\0\0\0\0\0\0\213\362\311\317\377T\332\30\0\0000m6vARoZ\2\0"..., 1098, 303273 <unfinished ...>
665097 1790837259.514067 <... pwrite64 resumed>) = 1956 (DELAYED) <0.069984>
665097 1790837259.514193 pwrite64(23</tmp/TestLeaseAppendPressureFixedPlacement1574030781/001/node-1/jetstream/$SYS/_js_/S-R3F-q7IG3WJb/msgs/2.blk>, "N\1\0\0\242\2\0\0\0\0\0\0\214p\340\317\377T\332\30\0\0St9I6EVH\1\0"..., 334, 354628 <unfinished ...>
665095 1790837259.583127 <... pwrite64 resumed>) = 1098 (DELAYED) <0.070352>
665097 1790837259.584918 <... pwrite64 resumed>) = 334 (DELAYED) <0.070710>
665097 1790837259.585081 pwrite64(23</tmp/TestLeaseAppendPressureFixedPlacement1574030781/001/node-1/jetstream/$SYS/_js_/S-R3F-q7IG3WJb/msgs/2.blk>, "\257\1\0\0\243\2\0\0\0\0\0\0\203i\31\324\377T\332\30\0\0St9I6EVH\1\0"..., 431, 354962 <unfinished ...>
665120 1790837259.585152 pwrite64(29</tmp/TestLeaseAppendPressureFixedPlacement1574030781/001/node-1/jetstream/$SYS/_js_/S-R3F-Cqy2Skni/msgs/1.blk>, "\26\1\0\0]\3\0\0\0\0\0\0\303G\32\324\377T\332\30\0\0000m6vARoZ\2\0"..., 278, 304371 <unfinished ...>
665095 1790837259.587068 --- SIGURG {si_signo=SIGURG, si_code=SI_TKILL, si_pid=665088, si_uid=1000} ---
665120 1790837259.655202 <... pwrite64 resumed>) = 278 (DELAYED) <0.070014>
665097 1790837259.655264 <... pwrite64 resumed>) = 431 (DELAYED) <0.070149>
665097 1790837259.655479 pwrite64(23</tmp/TestLeaseAppendPressureFixedPlacement1574030781/001/node-1/jetstream/$SYS/_js_/S-R3F-q7IG3WJb/msgs/2.blk>, "$\6\0\0\244\2\0\0\0\0\0\0\\\334K\330\377T\332\30\0\0St9I6EVH\1\0"..., 1572, 355393 <unfinished ...>
665120 1790837259.655667 --- SIGURG {si_signo=SIGURG, si_code=SI_TKILL, si_pid=665088, si_uid=1000} ---
665099 1790837259.660118 pwrite64(30</tmp/TestLeaseAppendPressureFixedPlacement1574030781/001/node-1/jetstream/$G/streams/KV_WF_LEASE/msgs/1.blk>, "\250\0\0\200\226\4\0\0\0\0\0\0\374\240\221\313\377T\332\30&\0$KV.WF_LEA"..., 1176, 196750 <unfinished ...>
665097 1790837259.725710 <... pwrite64 resumed>) = 1572 (DELAYED) <0.070185>
665097 1790837259.726032 --- SIGURG {si_signo=SIGURG, si_code=SI_TKILL, si_pid=665088, si_uid=1000} ---
665097 1790837259.726204 pwrite64(23</tmp/TestLeaseAppendPressureFixedPlacement1574030781/001/node-1/jetstream/$SYS/_js_/S-R3F-q7IG3WJb/msgs/2.blk>, "N\1\0\0\245\2\0\0\0\0\0\0\314\360\202\334\377T\332\30\0\0St9I6EVH\1\0"..., 334, 356965 <unfinished ...>
665099 1790837259.730201 <... pwrite64 resumed>) = 1176 (DELAYED) <0.070027>
665097 1790837259.796415 <... pwrite64 resumed>) = 334 (DELAYED) <0.070164>
665097 1790837259.797036 --- SIGURG {si_signo=SIGURG, si_code=SI_TKILL, si_pid=665088, si_uid=1000} ---
665112 1790837259.800190 pwrite64(29</tmp/TestLeaseAppendPressureFixedPlacement1574030781/001/node-1/jetstream/$SYS/_js_/S-R3F-Cqy2Skni/msgs/1.blk>, "\344\5\0\0^\3\0\0\0\0\0\0E\372\353\340\377T\332\30\0\0000m6vARoZ\2\0"..., 1508, 304649 <unfinished ...>
665120 1790837259.801583 pwrite64(24</tmp/TestLeaseAppendPressureFixedPlacement1574030781/001/node-1/jetstream/$G/streams/WF_JRN/msgs/1.blk>, "\340\0\0\200\341\3\0\0\0\0\0\0\211\33\340\317\377T\332\30 \0wf.jrn.pre"..., 2083, 268838 <unfinished ...>
665112 1790837259.870345 <... pwrite64 resumed>) = 1508 (DELAYED) <0.070044>
665112 1790837259.870571 --- SIGURG {si_signo=SIGURG, si_code=SI_TKILL, si_pid=665088, si_uid=1000} ---
665112 1790837259.870951 pwrite64(29</tmp/TestLeaseAppendPressureFixedPlacement1574030781/001/node-1/jetstream/$SYS/_js_/S-R3F-Cqy2Skni/msgs/1.blk>, "\26\1\0\0_\3\0\0\0\0\0\0\212\246#\345\377T\332\30\0\0000m6vARoZ\2\0"..., 278, 306157 <unfinished ...>
665120 1790837259.871910 <... pwrite64 resumed>) = 2083 (DELAYED) <0.070260>
665097 1790837259.875574 pwrite64(23</tmp/TestLeaseAppendPressureFixedPlacement1574030781/001/node-1/jetstream/$SYS/_js_/S-R3F-q7IG3WJb/msgs/2.blk>, "N\1\0\0\246\2\0\0\0\0\0\0\30\3j\345\377T\332\30\0\0St9I6EVH\1\0"..., 334, 357299 <unfinished ...>
665137 1790837259.915974 --- SIGURG {si_signo=SIGURG, si_code=SI_TKILL, si_pid=665088, si_uid=1000} ---
665112 1790837259.941377 <... pwrite64 resumed>) = 278 (DELAYED) <0.070378>
665112 1790837259.941576 --- SIGURG {si_signo=SIGURG, si_code=SI_TKILL, si_pid=665088, si_uid=1000} ---
665095 1790837259.945178 pwrite64(30</tmp/TestLeaseAppendPressureFixedPlacement1574030781/001/node-1/jetstream/$G/streams/KV_WF_LEASE/msgs/1.blk>, "\250\0\0\200\235\4\0\0\0\0\0\0\r\211\332\340\377T\332\30&\0$KV.WF_LEA"..., 1344, 197926 <unfinished ...>
665097 1790837259.945635 <... pwrite64 resumed>) = 334 (DELAYED) <0.069984>
665097 1790837259.945770 pwrite64(23</tmp/TestLeaseAppendPressureFixedPlacement1574030781/001/node-1/jetstream/$SYS/_js_/S-R3F-q7IG3WJb/msgs/2.blk>, "R\t\0\0\247\2\0\0\0\0\0\0z\263\231\351\377T\332\30\0\0St9I6EVH\1\0"..., 2386, 357633) = 2386 (DELAYED) <0.070311>
665095 1790837260.016131 <... pwrite64 resumed>) = 1344 (DELAYED) <0.070907>
665097 1790837260.016514 --- SIGURG {si_signo=SIGURG, si_code=SI_TKILL, si_pid=665088, si_uid=1000} ---
665120 1790837260.019881 pwrite64(24</tmp/TestLeaseAppendPressureFixedPlacement1574030781/001/node-1/jetstream/$G/streams/WF_JRN/msgs/1.blk>, "\340\0\0\200\351\3\0\0\0\0\0\0\367\275i\345\377T\332\30 \0wf.jrn.pre"..., 224, 270921 <unfinished ...>
665097 1790837260.020040 pwrite64(29</tmp/TestLeaseAppendPressureFixedPlacement1574030781/001/node-1/jetstream/$SYS/_js_/S-R3F-Cqy2Skni/msgs/1.blk>, "\26\1\0\0`\3\0\0\0\0\0\0\331\345\6\356\377T\332\30\0\0000m6vARoZ\2\0"..., 278, 306435 <unfinished ...>
665120 1790837260.090194 <... pwrite64 resumed>) = 224 (DELAYED) <0.070144>
665097 1790837260.090245 <... pwrite64 resumed>) = 278 (DELAYED) <0.070196>
665120 1790837260.090528 --- SIGURG {si_signo=SIGURG, si_code=SI_TKILL, si_pid=665088, si_uid=1000} ---
665112 1790837260.093298 pwrite64(30</tmp/TestLeaseAppendPressureFixedPlacement1574030781/001/node-1/jetstream/$G/streams/KV_WF_LEASE/msgs/1.blk>, "\250\0\0\200\245\4\0\0\0\0\0\0\264\232\360\355\377T\332\30&\0$KV.WF_LEA"..., 168, 199270 <unfinished ...>
665120 1790837260.093478 pwrite64(29</tmp/TestLeaseAppendPressureFixedPlacement1574030781/001/node-1/jetstream/$SYS/_js_/S-R3F-Cqy2Skni/msgs/1.blk>, "\344\5\0\0a\3\0\0\0\0\0\0\4{g\362\377T\332\30\0\0000m6vARoZ\2\0"..., 1508, 306713 <unfinished ...>
665097 1790837260.094040 pwrite64(24</tmp/TestLeaseAppendPressureFixedPlacement1574030781/001/node-1/jetstream/$G/streams/WF_JRN/msgs/1.blk>, "A\1\0\200\352\3\0\0\0\0\0\0\263\255u\345\377T\332\30 \0wf.jrn.pre"..., 2054, 271145 <unfinished ...>
665112 1790837260.163380 <... pwrite64 resumed>) = 168 (DELAYED) <0.070034>
665112 1790837260.163521 --- SIGURG {si_signo=SIGURG, si_code=SI_TKILL, si_pid=665088, si_uid=1000} ---
665120 1790837260.163542 <... pwrite64 resumed>) = 1508 (DELAYED) <0.070049>
665097 1790837260.164078 <... pwrite64 resumed>) = 2054 (DELAYED) <0.070021>
665097 1790837260.164167 --- SIGURG {si_signo=SIGURG, si_code=SI_TKILL, si_pid=665088, si_uid=1000} ---
665097 1790837260.164263 pwrite64(23</tmp/TestLeaseAppendPressureFixedPlacement1574030781/001/node-1/jetstream/$SYS/_js_/S-R3F-q7IG3WJb/msgs/2.blk>, "\260\1\0\0\250\2\0\0\0\0\0\0\257\227\237\366\377T\332\30\0\0St9I6EVH\1\0"..., 432, 360019 <unfinished ...>
665120 1790837260.164715 --- SIGURG {si_signo=SIGURG, si_code=SI_TKILL, si_pid=665088, si_uid=1000} ---
665095 1790837260.165249 pwrite64(30</tmp/TestLeaseAppendPressureFixedPlacement1574030781/001/node-1/jetstream/$G/streams/KV_WF_LEASE/msgs/1.blk>, "\250\0\0\200\246\4\0\0\0\0\0\0\345\32Y\362\377T\332\30&\0$KV.WF_LEA"..., 1176, 199438 <unfinished ...>
665097 1790837260.234415 <... pwrite64 resumed>) = 432 (DELAYED) <0.070112>
665097 1790837260.234566 --- SIGURG {si_signo=SIGURG, si_code=SI_TKILL, si_pid=665088, si_uid=1000} ---
665137 1790837260.234695 pwrite64(23</tmp/TestLeaseAppendPressureFixedPlacement1574030781/001/node-1/jetstream/$SYS/_js_/S-R3F-q7IG3WJb/msgs/2.blk>, "5\10\0\0\251\2\0\0\0\0\0\0\223\21\322\372\377T\332\30\0\0St9I6EVH\1\0"..., 2101, 360451 <unfinished ...>
665095 1790837260.235281 <... pwrite64 resumed>) = 1176 (DELAYED) <0.070013>
665112 1790837260.280319 --- SIGURG {si_signo=SIGURG, si_code=SI_TKILL, si_pid=665088, si_uid=1000} ---
665137 1790837260.304842 <... pwrite64 resumed>) = 2101 (DELAYED) <0.070119>
665137 1790837260.304972 --- SIGURG {si_signo=SIGURG, si_code=SI_TKILL, si_pid=665088, si_uid=1000} ---
665112 1790837260.306923 pwrite64(29</tmp/TestLeaseAppendPressureFixedPlacement1574030781/001/node-1/jetstream/$SYS/_js_/S-R3F-Cqy2Skni/msgs/1.blk>, "\26\1\0\0b\3\0\0\0\0\0\0\320[ \377\377T\332\30\0\0000m6vARoZ\2\0"..., 278, 308221 <unfinished ...>
665097 1790837260.309613 pwrite64(24</tmp/TestLeaseAppendPressureFixedPlacement1574030781/001/node-1/jetstream/$G/streams/WF_JRN/msgs/1.blk>, "B\1\0\200\361\3\0\0\0\0\0\0\203\374\235\366\377T\332\30 \0wf.jrn.pre"..., 2091, 273199 <unfinished ...>
665120 1790837260.376654 --- SIGURG {si_signo=SIGURG, si_code=SI_TKILL, si_pid=665088, si_uid=1000} ---
665112 1790837260.376959 <... pwrite64 resumed>) = 278 (DELAYED) <0.069994>
665137 1790837260.377044 pwrite64(29</tmp/TestLeaseAppendPressureFixedPlacement1574030781/001/node-1/jetstream/$SYS/_js_/S-R3F-Cqy2Skni/msgs/1.blk>, "\344\5\0\0c\3\0\0\0\0\0\0\fGN\3\0U\332\30\0\0000m6vARoZ\2\0"..., 1508, 308499 <unfinished ...>
665112 1790837260.377066 --- SIGURG {si_signo=SIGURG, si_code=SI_TKILL, si_pid=665088, si_uid=1000} ---
665097 1790837260.379838 <... pwrite64 resumed>) = 2091 (DELAYED) <0.070174>
665112 1790837260.380615 pwrite64(23</tmp/TestLeaseAppendPressureFixedPlacement1574030781/001/node-1/jetstream/$SYS/_js_/S-R3F-q7IG3WJb/msgs/2.blk>, "O\1\0\0\252\2\0\0\0\0\0\0\215\366\204\3\0U\332\30\0\0St9I6EVH\1\0"..., 335, 362552 <unfinished ...>
665095 1790837260.415101 --- SIGURG {si_signo=SIGURG, si_code=SI_TKILL, si_pid=665088, si_uid=1000} ---
665137 1790837260.448904 <... pwrite64 resumed>) = 1508 (DELAYED) <0.071831>
665137 1790837260.449079 --- SIGURG {si_signo=SIGURG, si_code=SI_TKILL, si_pid=665088, si_uid=1000} ---
665112 1790837260.450857 <... pwrite64 resumed>) = 335 (DELAYED) <0.070228>
665112 1790837260.450971 --- SIGURG {si_signo=SIGURG, si_code=SI_TKILL, si_pid=665088, si_uid=1000} ---
665137 1790837260.451000 pwrite64(30</tmp/TestLeaseAppendPressureFixedPlacement1574030781/001/node-1/jetstream/$G/streams/KV_WF_LEASE/msgs/1.blk>, "\250\0\0\200\255\4\0\0\0\0\0\0\266\322\33\377\377T\332\30&\0$KV.WF_LEA"..., 168, 200614 <unfinished ...>
665121 1790837260.453554 pwrite64(23</tmp/TestLeaseAppendPressureFixedPlacement1574030781/001/node-1/jetstream/$SYS/_js_/S-R3F-q7IG3WJb/msgs/2.blk>, "\27\3\0\0\253\2\0\0\0\0\0\09\313\335\7\0U\332\30\0\0St9I6EVH\1\0"..., 791, 362887 <unfinished ...>
665095 1790837260.454096 pwrite64(29</tmp/TestLeaseAppendPressureFixedPlacement1574030781/001/node-1/jetstream/$SYS/_js_/S-R3F-Cqy2Skni/msgs/1.blk>, "\26\1\0\0d\3\0\0\0\0\0\0d.\346\7\0U\332\30\0\0000m6vARoZ\2\0"..., 278, 310007 <unfinished ...>
665120 1790837260.455249 pwrite64(24</tmp/TestLeaseAppendPressureFixedPlacement1574030781/001/node-1/jetstream/$G/streams/WF_JRN/msgs/1.blk>, "\341\0\0\200\371\3\0\0\0\0\0\0\250h\204\3\0U\332\30 \0wf.jrn.pre"..., 225, 275290 <unfinished ...>
665097 1790837260.511946 --- SIGURG {si_signo=SIGURG, si_code=SI_TKILL, si_pid=665088, si_uid=1000} ---
665137 1790837260.521177 <... pwrite64 resumed>) = 168 (DELAYED) <0.070147>
665099 1790837260.522867 pwrite64(30</tmp/TestLeaseAppendPressureFixedPlacement1574030781/001/node-1/jetstream/$G/streams/KV_WF_LEASE/msgs/1.blk>, "\250\0\0\200\256\4\0\0\0\0\0\0L32\377\377T\332\30&\0$KV.WF_LEA"..., 168, 200782 <unfinished ...>
665121 1790837260.523610 <... pwrite64 resumed>) = 791 (DELAYED) <0.070024>
665121 1790837260.523717 pwrite64(23</tmp/TestLeaseAppendPressureFixedPlacement1574030781/001/node-1/jetstream/$SYS/_js_/S-R3F-q7IG3WJb/msgs/2.blk>, "\212\6\0\0\254\2\0\0\0\0\0\0\272\205\f\f\0U\332\30\0\0St9I6EVH\1\0"..., 1674, 363678 <unfinished ...>
665120 1790837260.525877 <... pwrite64 resumed>) = 225 (DELAYED) <0.070587>
665095 1790837260.525895 <... pwrite64 resumed>) = 278 (DELAYED) <0.071784>
665112 1790837260.530776 --- SIGURG {si_signo=SIGURG, si_code=SI_TKILL, si_pid=665088, si_uid=1000} ---
665099 1790837260.592938 <... pwrite64 resumed>) = 168 (DELAYED) <0.070023>
665099 1790837260.593054 --- SIGURG {si_signo=SIGURG, si_code=SI_TKILL, si_pid=665088, si_uid=1000} ---
665121 1790837260.593847 <... pwrite64 resumed>) = 1674 (DELAYED) <0.070093>
665121 1790837260.593951 pwrite64(23</tmp/TestLeaseAppendPressureFixedPlacement1574030781/001/node-1/jetstream/$SYS/_js_/S-R3F-q7IG3WJb/msgs/2.blk>, "\260\1\0\0\255\2\0\0\0\0\0\0\2050<\20\0U\332\30\0\0St9I6EVH\1\0"..., 432, 365352 <unfinished ...>
665112 1790837260.598232 pwrite64(30</tmp/TestLeaseAppendPressureFixedPlacement1574030781/001/node-1/jetstream/$G/streams/KV_WF_LEASE/msgs/1.blk>, "\250\0\0\200\257\4\0\0\0\0\0\0NX2\377\377T\332\30&\0$KV.WF_LEA"..., 1176, 200950 <unfinished ...>
665121 1790837260.664039 <... pwrite64 resumed>) = 432 (DELAYED) <0.070059>
665121 1790837260.664142 --- SIGURG {si_signo=SIGURG, si_code=SI_TKILL, si_pid=665088, si_uid=1000} ---
665137 1790837260.666053 pwrite64(29</tmp/TestLeaseAppendPressureFixedPlacement1574030781/001/node-1/jetstream/$SYS/_js_/S-R3F-Cqy2Skni/msgs/1.blk>, "\344\5\0\0e\3\0\0\0\0\0\0\372d\210\24\0U\332\30\0\0000m6vARoZ\2\0"..., 1508, 310285 <unfinished ...>
665112 1790837260.668277 <... pwrite64 resumed>) = 1176 (DELAYED) <0.070019>
665112 1790837260.668338 pwrite64(24</tmp/TestLeaseAppendPressureFixedPlacement1574030781/001/node-1/jetstream/$G/streams/WF_JRN/msgs/1.blk>, "B\1\0\200\372\3\0\0\0\0\0\0\273l\334\7\0U\332\30 \0wf.jrn.pre"..., 2382, 275515 <unfinished ...>
665120 1790837260.711241 --- SIGURG {si_signo=SIGURG, si_code=SI_TKILL, si_pid=665088, si_uid=1000} ---
665137 1790837260.736244 <... pwrite64 resumed>) = 1508 (DELAYED) <0.070162>
665137 1790837260.736466 --- SIGURG {si_signo=SIGURG, si_code=SI_TKILL, si_pid=665088, si_uid=1000} ---
665137 1790837260.736647 pwrite64(29</tmp/TestLeaseAppendPressureFixedPlacement1574030781/001/node-1/jetstream/$SYS/_js_/S-R3F-Cqy2Skni/msgs/1.blk>, "\26\1\0\0f\3\0\0\0\0\0\0EG\275\30\0U\332\30\0\0000m6vARoZ\2\0"..., 278, 311793 <unfinished ...>
665112 1790837260.738396 <... pwrite64 resumed>) = 2382 (DELAYED) <0.070047>
665095 1790837260.740057 pwrite64(23</tmp/TestLeaseAppendPressureFixedPlacement1574030781/001/node-1/jetstream/$SYS/_js_/S-R3F-q7IG3WJb/msgs/2.blk>, "\260\1\0\0\256\2\0\0\0\0\0\0\326N\361\30\0U\332\30\0\0St9I6EVH\1\0"..., 432, 365784 <unfinished ...>
665137 1790837260.806877 <... pwrite64 resumed>) = 278 (DELAYED) <0.070182>
665137 1790837260.807145 --- SIGURG {si_signo=SIGURG, si_code=SI_TKILL, si_pid=665088, si_uid=1000} ---
665095 1790837260.810973 <... pwrite64 resumed>) = 432 (DELAYED) <0.070889>
665095 1790837260.812087 pwrite64(23</tmp/TestLeaseAppendPressureFixedPlacement1574030781/001/node-1/jetstream/$SYS/_js_/S-R3F-q7IG3WJb/msgs/2.blk>, "\316\6\0\0\257\2\0\0\0\0\0\0\227q6\35\0U\332\30\0\0St9I6EVH\1\0"..., 1742, 366216 <unfinished ...>
665112 1790837260.812142 pwrite64(30</tmp/TestLeaseAppendPressureFixedPlacement1574030781/001/node-1/jetstream/$G/streams/KV_WF_LEASE/msgs/1.blk>, "\250\0\0\200\266\4\0\0\0\0\0\0`O\205\24\0U\332\30&\0$KV.WF_LEA"..., 1344, 202126) = 1344 (DELAYED) <0.070087>
665095 1790837260.882300 <... pwrite64 resumed>) = 1742 (DELAYED) <0.070176>
665095 1790837260.882436 --- SIGURG {si_signo=SIGURG, si_code=SI_TKILL, si_pid=665088, si_uid=1000} ---
665112 1790837260.882476 pwrite64(23</tmp/TestLeaseAppendPressureFixedPlacement1574030781/001/node-1/jetstream/$SYS/_js_/S-R3F-q7IG3WJb/msgs/2.blk>, "O\1\0\0\260\2\0\0\0\0\0\0\341Gn!\0U\332\30\0\0St9I6EVH\1\0"..., 335, 367958 <unfinished ...>
665099 1790837260.916005 --- SIGURG {si_signo=SIGURG, si_code=SI_TKILL, si_pid=665088, si_uid=1000} ---
665112 1790837260.952716 <... pwrite64 resumed>) = 335 (DELAYED) <0.070194>
665112 1790837260.953060 --- SIGURG {si_signo=SIGURG, si_code=SI_TKILL, si_pid=665088, si_uid=1000} ---
665095 1790837260.955289 pwrite64(24</tmp/TestLeaseAppendPressureFixedPlacement1574030781/001/node-1/jetstream/$G/streams/WF_JRN/msgs/1.blk>, "B\1\0\200\2\4\0\0\0\0\0\0s\273\357\30\0U\332\30 \0wf.jrn.pre"..., 1769, 277897 <unfinished ...>
665099 1790837260.956658 pwrite64(29</tmp/TestLeaseAppendPressureFixedPlacement1574030781/001/node-1/jetstream/$SYS/_js_/S-R3F-Cqy2Skni/msgs/1.blk>, "\344\5\0\0g\3\0\0\0\0\0\0\361\263\332%\0U\332\30\0\0000m6vARoZ\2\0"..., 1508, 312071 <unfinished ...>
665095 1790837261.025485 <... pwrite64 resumed>) = 1769 (DELAYED) <0.070144>
665095 1790837261.025767 --- SIGURG {si_signo=SIGURG, si_code=SI_TKILL, si_pid=665088, si_uid=1000} ---
665099 1790837261.028755 <... pwrite64 resumed>) = 1508 (DELAYED) <0.070182>
665095 1790837261.028976 pwrite64(24</tmp/TestLeaseAppendPressureFixedPlacement1574030781/001/node-1/jetstream/$G/streams/WF_JRN/msgs/1.blk>, "\341\0\0\200\t\4\0\0\0\0\0\0\262\305O\35\0U\332\30 \0wf.jrn.pre"..., 225, 279666 <unfinished ...>
665137 1790837261.029002 pwrite64(29</tmp/TestLeaseAppendPressureFixedPlacement1574030781/001/node-1/jetstream/$SYS/_js_/S-R3F-Cqy2Skni/msgs/1.blk>, "\26\1\0\0h\3\0\0\0\0\0\0\275\231**\0U\332\30\0\0000m6vARoZ\2\0"..., 278, 313579 <unfinished ...>
665095 1790837261.099080 <... pwrite64 resumed>) = 225 (DELAYED) <0.070076>
665137 1790837261.099119 <... pwrite64 resumed>) = 278 (DELAYED) <0.070110>
665137 1790837261.099217 --- SIGURG {si_signo=SIGURG, si_code=SI_TKILL, si_pid=665088, si_uid=1000} ---
665095 1790837261.099246 --- SIGURG {si_signo=SIGURG, si_code=SI_TKILL, si_pid=665088, si_uid=1000} ---
665120 1790837261.103030 pwrite64(30</tmp/TestLeaseAppendPressureFixedPlacement1574030781/001/node-1/jetstream/$G/streams/KV_WF_LEASE/msgs/1.blk>, "\250\0\0\200\276\4\0\0\0\0\0\0\216\1\325%\0U\332\30&\0$KV.WF_LEA"..., 1176, 203470 <unfinished ...>
665095 1790837261.103328 pwrite64(23</tmp/TestLeaseAppendPressureFixedPlacement1574030781/001/node-1/jetstream/$SYS/_js_/S-R3F-q7IG3WJb/msgs/2.blk>, "X\t\0\0\261\2\0\0\0\0\0\0\316\264\230.\0U\332\30\0\0St9I6EVH\1\0"..., 2392, 368293 <unfinished ...>
665120 1790837261.173304 <... pwrite64 resumed>) = 1176 (DELAYED) <0.070235>
665095 1790837261.173403 <... pwrite64 resumed>) = 2392 (DELAYED) <0.070068>
665120 1790837261.173474 --- SIGURG {si_signo=SIGURG, si_code=SI_TKILL, si_pid=665088, si_uid=1000} ---
665095 1790837261.173507 pwrite64(23</tmp/TestLeaseAppendPressureFixedPlacement1574030781/001/node-1/jetstream/$SYS/_js_/S-R3F-q7IG3WJb/msgs/2.blk>, "\260\1\0\0\262\2\0\0\0\0\0\0\334V\3072\0U\332\30\0\0St9I6EVH\1\0"..., 432, 370685 <unfinished ...>
665120 1790837261.175294 pwrite64(30</tmp/TestLeaseAppendPressureFixedPlacement1574030781/001/node-1/jetstream/$G/streams/KV_WF_LEASE/msgs/1.blk>, "\250\0\0\200\305\4\0\0\0\0\0\0l\370\3*\0U\332\30&\0$KV.WF_LEA"..., 168, 204646 <unfinished ...>
665095 1790837261.243643 <... pwrite64 resumed>) = 432 (DELAYED) <0.070109>
665095 1790837261.243835 --- SIGURG {si_signo=SIGURG, si_code=SI_TKILL, si_pid=665088, si_uid=1000} ---
665095 1790837261.246841 pwrite64(24</tmp/TestLeaseAppendPressureFixedPlacement1574030781/001/node-1/jetstream/$G/streams/WF_JRN/msgs/1.blk>, "\341\0\0\200\n\4\0\0\0\0\0\09\274\227.\0U\332\30 \0wf.jrn.pre"..., 2060, 279891 <unfinished ...>
665120 1790837261.246998 <... pwrite64 resumed>) = 168 (DELAYED) <0.071684>
665120 1790837261.247257 pwrite64(29</tmp/TestLeaseAppendPressureFixedPlacement1574030781/001/node-1/jetstream/$SYS/_js_/S-R3F-Cqy2Skni/msgs/1.blk>, "\344\5\0\0i\3\0\0\0\0\0\0L\312,7\0U\332\30\0\0000m6vARoZ\2\0"..., 1508, 313857 <unfinished ...>
665099 1790837261.279796 --- SIGURG {si_signo=SIGURG, si_code=SI_TKILL, si_pid=665088, si_uid=1000} ---
665095 1790837261.316979 <... pwrite64 resumed>) = 2060 (DELAYED) <0.070073>
665095 1790837261.317147 --- SIGURG {si_signo=SIGURG, si_code=SI_TKILL, si_pid=665088, si_uid=1000} ---
665120 1790837261.317323 <... pwrite64 resumed>) = 1508 (DELAYED) <0.070054>
665137 1790837261.317329 --- SIGURG {si_signo=SIGURG, si_code=SI_TKILL, si_pid=665088, si_uid=1000} ---
665137 1790837261.317413 --- SIGURG {si_signo=SIGURG, si_code=SI_TKILL, si_pid=665088, si_uid=1000} ---
665120 1790837261.319118 pwrite64(24</tmp/TestLeaseAppendPressureFixedPlacement1574030781/001/node-1/jetstream/$G/streams/WF_JRN/msgs/1.blk>, "B\1\0\200\21\4\0\0\0\0\0\0\231\254\241.\0U\332\30 \0wf.jrn.pre"..., 322, 281951 <unfinished ...>
665137 1790837261.319625 pwrite64(29</tmp/TestLeaseAppendPressureFixedPlacement1574030781/001/node-1/jetstream/$SYS/_js_/S-R3F-Cqy2Skni/msgs/1.blk>, "\26\1\0\0j\3\0\0\0\0\0\0t\20};\0U\332\30\0\0000m6vARoZ\2\0"..., 278, 315365 <unfinished ...>
665121 1790837261.322933 pwrite64(30</tmp/TestLeaseAppendPressureFixedPlacement1574030781/001/node-1/jetstream/$G/streams/KV_WF_LEASE/msgs/1.blk>, "\250\0\0\200\306\4\0\0\0\0\0\0\3732'7\0U\332\30&\0$KV.WF_LEA"..., 1176, 204814 <unfinished ...>
665112 1790837261.376923 --- SIGURG {si_signo=SIGURG, si_code=SI_TKILL, si_pid=665088, si_uid=1000} ---
665120 1790837261.389229 <... pwrite64 resumed>) = 322 (DELAYED) <0.070076>
665120 1790837261.389354 --- SIGURG {si_signo=SIGURG, si_code=SI_TKILL, si_pid=665088, si_uid=1000} ---
665137 1790837261.389716 <... pwrite64 resumed>) = 278 (DELAYED) <0.070081>
665099 1790837261.391121 pwrite64(23</tmp/TestLeaseAppendPressureFixedPlacement1574030781/001/node-1/jetstream/$SYS/_js_/S-R3F-q7IG3WJb/msgs/2.blk>, "\274\3\0\0\263\2\0\0\0\0\0\0t\343\277?\0U\332\30\0\0St9I6EVH\1\0"..., 956, 371117 <unfinished ...>
665121 1790837261.393003 <... pwrite64 resumed>) = 1176 (DELAYED) <0.070047>
665095 1790837261.394304 pwrite64(30</tmp/TestLeaseAppendPressureFixedPlacement1574030781/001/node-1/jetstream/$G/streams/KV_WF_LEASE/msgs/1.blk>, "\250\0\0\200\315\4\0\0\0\0\0\0E\3o;\0U\332\30&\0$KV.WF_LEA"..., 168, 205990 <unfinished ...>
665112 1790837261.415105 --- SIGURG {si_signo=SIGURG, si_code=SI_TKILL, si_pid=665088, si_uid=1000} ---
665099 1790837261.461218 <... pwrite64 resumed>) = 956 (DELAYED) <0.070048>
665099 1790837261.461852 --- SIGURG {si_signo=SIGURG, si_code=SI_TKILL, si_pid=665088, si_uid=1000} ---
665121 1790837261.461925 pwrite64(23</tmp/TestLeaseAppendPressureFixedPlacement1574030781/001/node-1/jetstream/$SYS/_js_/S-R3F-q7IG3WJb/msgs/2.blk>, "u\5\0\0\264\2\0\0\0\0\0\0k\377\367C\0U\332\30\0\0St9I6EVH\1\0"..., 1397, 372073 <unfinished ...>
665095 1790837261.464396 <... pwrite64 resumed>) = 168 (DELAYED) <0.069984>
665097 1790837261.482873 --- SIGURG {si_signo=SIGURG, si_code=SI_TKILL, si_pid=665088, si_uid=1000} ---
665121 1790837261.532059 <... pwrite64 resumed>) = 1397 (DELAYED) <0.070090>
665121 1790837261.532539 --- SIGURG {si_signo=SIGURG, si_code=SI_TKILL, si_pid=665088, si_uid=1000} ---
665121 1790837261.535032 pwrite64(24</tmp/TestLeaseAppendPressureFixedPlacement1574030781/001/node-1/jetstream/$G/streams/WF_JRN/msgs/1.blk>, "B\1\0\200\22\4\0\0\0\0\0\0\20\201\277?\0U\332\30 \0wf.jrn.pre"..., 772, 282273 <unfinished ...>
665097 1790837261.536166 pwrite64(29</tmp/TestLeaseAppendPressureFixedPlacement1574030781/001/node-1/jetstream/$SYS/_js_/S-R3F-Cqy2Skni/msgs/1.blk>, "\260\2\0\0k\3\0\0\0\0\0\0\v!eH\0U\332\30\0\0000m6vARoZ\2\0"..., 688, 315643 <unfinished ...>
665121 1790837261.605332 <... pwrite64 resumed>) = 772 (DELAYED) <0.070199>
665121 1790837261.605500 --- SIGURG {si_signo=SIGURG, si_code=SI_TKILL, si_pid=665088, si_uid=1000} ---
665097 1790837261.606800 <... pwrite64 resumed>) = 688 (DELAYED) <0.070610>
665099 1790837261.608538 pwrite64(29</tmp/TestLeaseAppendPressureFixedPlacement1574030781/001/node-1/jetstream/$SYS/_js_/S-R3F-Cqy2Skni/msgs/1.blk>, "\26\1\0\0l\3\0\0\0\0\0\0\236}\265L\0U\332\30\0\0000m6vARoZ\2\0"..., 278, 316331 <unfinished ...>
665095 1790837261.608641 pwrite64(24</tmp/TestLeaseAppendPressureFixedPlacement1574030781/001/node-1/jetstream/$G/streams/WF_JRN/msgs/1.blk>, "\341\0\0\200\25\4\0\0\0\0\0\0\367>\311?\0U\332\30 \0wf.jrn.pre"..., 1139, 283045 <unfinished ...>
665120 1790837261.608924 pwrite64(30</tmp/TestLeaseAppendPressureFixedPlacement1574030781/001/node-1/jetstream/$G/streams/KV_WF_LEASE/msgs/1.blk>, "\250\0\0\200\316\4\0\0\0\0\0\0p\337VH\0U\332\30&\0$KV.WF_LEA"..., 504, 206158 <unfinished ...>
665099 1790837261.678691 <... pwrite64 resumed>) = 278 (DELAYED) <0.070102>
665095 1790837261.678758 <... pwrite64 resumed>) = 1139 (DELAYED) <0.070102>
665099 1790837261.678902 --- SIGURG {si_signo=SIGURG, si_code=SI_TKILL, si_pid=665088, si_uid=1000} ---
665097 1790837261.678951 pwrite64(29</tmp/TestLeaseAppendPressureFixedPlacement1574030781/001/node-1/jetstream/$SYS/_js_/S-R3F-Cqy2Skni/msgs/1.blk>, "\260\2\0\0m\3\0\0\0\0\0\0\271\266\347P\0U\332\30\0\0000m6vARoZ\2\0"..., 688, 316609 <unfinished ...>
665120 1790837261.678972 <... pwrite64 resumed>) = 504 (DELAYED) <0.070034>
665120 1790837261.680781 pwrite64(23</tmp/TestLeaseAppendPressureFixedPlacement1574030781/001/node-1/jetstream/$SYS/_js_/S-R3F-q7IG3WJb/msgs/2.blk>, "w\3\0\0\265\2\0\0\0\0\0\0}\335\3Q\0U\332\30\0\0St9I6EVH\1\0"..., 887, 373470 <unfinished ...>
665097 1790837261.749100 <... pwrite64 resumed>) = 688 (DELAYED) <0.070121>
665097 1790837261.749624 --- SIGURG {si_signo=SIGURG, si_code=SI_TKILL, si_pid=665088, si_uid=1000} ---
665120 1790837261.750876 <... pwrite64 resumed>) = 887 (DELAYED) <0.070075>
665120 1790837261.750968 pwrite64(23</tmp/TestLeaseAppendPressureFixedPlacement1574030781/001/node-1/jetstream/$SYS/_js_/S-R3F-q7IG3WJb/msgs/2.blk>, "]\1\0\0\266\2\0\0\0\0\0\0\200\2722U\0U\332\30\0\0St9I6EVH\1\0"..., 349, 374357 <unfinished ...>
665099 1790837261.754147 pwrite64(30</tmp/TestLeaseAppendPressureFixedPlacement1574030781/001/node-1/jetstream/$G/streams/KV_WF_LEASE/msgs/1.blk>, "\250\0\0\200\321\4\0\0\0\0\0\0\277\17\261L\0U\332\30&\0$KV.WF_LEA"..., 672, 206662 <unfinished ...>
665120 1790837261.821066 <... pwrite64 resumed>) = 349 (DELAYED) <0.070063>
665097 1790837261.821292 pwrite64(23</tmp/TestLeaseAppendPressureFixedPlacement1574030781/001/node-1/jetstream/$SYS/_js_/S-R3F-q7IG3WJb/msgs/2.blk>, "\205\3\0\0\267\2\0\0\0\0\0\0\34\316cY\0U\332\30\0\0St9I6EVH\1\0"..., 901, 374706 <unfinished ...>
665120 1790837261.821355 --- SIGURG {si_signo=SIGURG, si_code=SI_TKILL, si_pid=665088, si_uid=1000} ---
665099 1790837261.824172 <... pwrite64 resumed>) = 672 (DELAYED) <0.069996>
665097 1790837261.891398 <... pwrite64 resumed>) = 901 (DELAYED) <0.070077>
665120 1790837261.892603 pwrite64(29</tmp/TestLeaseAppendPressureFixedPlacement1574030781/001/node-1/jetstream/$SYS/_js_/S-R3F-Cqy2Skni/msgs/1.blk>, "\26\1\0\0n\3\0\0\0\0\0\0g\2\244]\0U\332\30\0\0000m6vARoZ\2\0"..., 278, 317297 <unfinished ...>
665095 1790837261.894858 pwrite64(24</tmp/TestLeaseAppendPressureFixedPlacement1574030781/001/node-1/jetstream/$G/streams/WF_JRN/msgs/1.blk>, "\341\0\0\200\32\4\0\0\0\0\0\0\330S\2Q\0U\332\30 \0wf.jrn.pre"..., 1659, 284184 <unfinished ...>
665121 1790837261.915861 --- SIGURG {si_signo=SIGURG, si_code=SI_TKILL, si_pid=665088, si_uid=1000} ---
665120 1790837261.962675 <... pwrite64 resumed>) = 278 (DELAYED) <0.070020>
665120 1790837261.963173 --- SIGURG {si_signo=SIGURG, si_code=SI_TKILL, si_pid=665088, si_uid=1000} ---
665120 1790837261.964812 pwrite64(30</tmp/TestLeaseAppendPressureFixedPlacement1574030781/001/node-1/jetstream/$G/streams/KV_WF_LEASE/msgs/1.blk>, "\250\0\0\200\325\4\0\0\0\0\0\0y\4\241]\0U\332\30&\0$KV.WF_LEA"..., 168, 207334 <unfinished ...>
665095 1790837261.964891 <... pwrite64 resumed>) = 1659 (DELAYED) <0.070002>
665112 1790837261.965636 pwrite64(23</tmp/TestLeaseAppendPressureFixedPlacement1574030781/001/node-1/jetstream/$SYS/_js_/S-R3F-q7IG3WJb/msgs/2.blk>, "]\1\0\0\270\2\0\0\0\0\0\0+r\376a\0U\332\30\0\0St9I6EVH\1\0"..., 349, 375607 <unfinished ...>
665120 1790837262.035001 <... pwrite64 resumed>) = 168 (DELAYED) <0.070149>
665112 1790837262.035689 <... pwrite64 resumed>) = 349 (DELAYED) <0.070016>
665112 1790837262.035944 --- SIGURG {si_signo=SIGURG, si_code=SI_TKILL, si_pid=665088, si_uid=1000} ---
665112 1790837262.038490 pwrite64(24</tmp/TestLeaseAppendPressureFixedPlacement1574030781/001/node-1/jetstream/$G/streams/WF_JRN/msgs/1.blk>, "\357\0\0\200!\4\0\0\0\0\0\00067\376a\0U\332\30 \0wf.jrn.pre"..., 239, 285843) = 239 (DELAYED) <0.070129>
665112 1790837262.145940 pwrite64(29</tmp/TestLeaseAppendPressureFixedPlacement1574030781/001/node-1/jetstream/$SYS/_js_/S-R3F-Cqy2Skni/msgs/1.blk>, "\0\1\0\0o\3\0\0\0\0\0\0\25\216\275l\0U\332\30\0\0000m6vARoZ\2\0"..., 256, 317575) = 256 (DELAYED) <0.070086>
665112 1790837262.216286 --- SIGURG {si_signo=SIGURG, si_code=SI_TKILL, si_pid=665088, si_uid=1000} ---
665099 1790837262.219037 pwrite64(30</tmp/TestLeaseAppendPressureFixedPlacement1574030781/001/node-1/jetstream/$G/streams/KV_WF_LEASE/msgs/1.blk>, "\222\0\0\200\326\4\0\0\0\0\0\0$\33\272l\0U\332\30&\0$KV.WF_LEA"..., 146, 207502 <unfinished ...>
665120 1790837262.257947 pwrite64(29</tmp/TestLeaseAppendPressureFixedPlacement1574030781/001/node-1/jetstream/$SYS/_js_/S-R3F-Cqy2Skni/msgs/1.blk>, "\0\1\0\0p\3\0\0\0\0\0\0N\277js\0U\332\30\0\0000m6vARoZ\2\0"..., 256, 317831 <unfinished ...>
665112 1790837262.281422 --- SIGURG {si_signo=SIGURG, si_code=SI_TKILL, si_pid=665088, si_uid=1000} ---
665099 1790837262.289141 <... pwrite64 resumed>) = 146 (DELAYED) <0.070062>
665120 1790837262.328108 <... pwrite64 resumed>) = 256 (DELAYED) <0.070112>
665121 1790837262.332587 pwrite64(30</tmp/TestLeaseAppendPressureFixedPlacement1574030781/001/node-1/jetstream/$G/streams/KV_WF_LEASE/msgs/1.blk>, "\222\0\0\200\327\4\0\0\0\0\0\0\360Xhs\0U\332\30&\0$KV.WF_LEA"..., 146, 207648 <unfinished ...>
665097 1790837262.346590 --- SIGURG {si_signo=SIGURG, si_code=SI_TKILL, si_pid=665088, si_uid=1000} ---
665099 1790837262.366292 pwrite64(29</tmp/TestLeaseAppendPressureFixedPlacement1574030781/001/node-1/jetstream/$SYS/_js_/S-R3F-Cqy2Skni/msgs/1.blk>, "\0\1\0\0q\3\0\0\0\0\0\0=x\337y\0U\332\30\0\0000m6vARoZ\2\0"..., 256, 318087 <unfinished ...>
665121 1790837262.402682 <... pwrite64 resumed>) = 146 (DELAYED) <0.070043>
665097 1790837262.415951 --- SIGURG {si_signo=SIGURG, si_code=SI_TKILL, si_pid=665088, si_uid=1000} ---
665099 1790837262.436392 <... pwrite64 resumed>) = 256 (DELAYED) <0.070045>
665099 1790837262.436545 --- SIGURG {si_signo=SIGURG, si_code=SI_TKILL, si_pid=665088, si_uid=1000} ---
665097 1790837262.439324 pwrite64(30</tmp/TestLeaseAppendPressureFixedPlacement1574030781/001/node-1/jetstream/$G/streams/KV_WF_LEASE/msgs/1.blk>, "\222\0\0\200\330\4\0\0\0\0\0\0\31D\332y\0U\332\30&\0$KV.WF_LEA"..., 146, 207794 <unfinished ...>
665120 1790837262.476248 pwrite64(29</tmp/TestLeaseAppendPressureFixedPlacement1574030781/001/node-1/jetstream/$SYS/_js_/S-R3F-Cqy2Skni/msgs/1.blk>, "\0\1\0\0r\3\0\0\0\0\0\0\6\306m\200\0U\332\30\0\0000m6vARoZ\2\0"..., 256, 318343 <unfinished ...>
665097 1790837262.509413 <... pwrite64 resumed>) = 146 (DELAYED) <0.070053>
665099 1790837262.517243 --- SIGURG {si_signo=SIGURG, si_code=SI_TKILL, si_pid=665088, si_uid=1000} ---
665120 1790837262.546342 <... pwrite64 resumed>) = 256 (DELAYED) <0.070046>
665120 1790837262.549386 pwrite64(30</tmp/TestLeaseAppendPressureFixedPlacement1574030781/001/node-1/jetstream/$G/streams/KV_WF_LEASE/msgs/1.blk>, "\222\0\0\200\331\4\0\0\0\0\0\0\377\266j\200\0U\332\30&\0$KV.WF_LEA"..., 146, 207940 <unfinished ...>
665121 1790837262.583168 pwrite64(29</tmp/TestLeaseAppendPressureFixedPlacement1574030781/001/node-1/jetstream/$SYS/_js_/S-R3F-Cqy2Skni/msgs/1.blk>, "\0\1\0\0s\3\0\0\0\0\0\0\237,\315\206\0U\332\30\0\0000m6vARoZ\2\0"..., 256, 318599 <unfinished ...>
665120 1790837262.619581 <... pwrite64 resumed>) = 146 (DELAYED) <0.070145>
665121 1790837262.653291 <... pwrite64 resumed>) = 256 (DELAYED) <0.070072>
665121 1790837262.654005 --- SIGURG {si_signo=SIGURG, si_code=SI_TKILL, si_pid=665088, si_uid=1000} ---
665095 1790837262.656741 pwrite64(30</tmp/TestLeaseAppendPressureFixedPlacement1574030781/001/node-1/jetstream/$G/streams/KV_WF_LEASE/msgs/1.blk>, "\222\0\0\200\332\4\0\0\0\0\0\0\213\372\311\206\0U\332\30&\0$KV.WF_LEA"..., 146, 208086 <unfinished ...>
665121 1790837262.690041 pwrite64(29</tmp/TestLeaseAppendPressureFixedPlacement1574030781/001/node-1/jetstream/$SYS/_js_/S-R3F-Cqy2Skni/msgs/1.blk>, "\0\1\0\0t\3\0\0\0\0\0\0\267\345+\215\0U\332\30\0\0000m6vARoZ\2\0"..., 256, 318855 <unfinished ...>
665095 1790837262.726863 <... pwrite64 resumed>) = 146 (DELAYED) <0.070081>
665121 1790837262.760097 <... pwrite64 resumed>) = 256 (DELAYED) <0.070006>
665095 1790837262.761976 pwrite64(30</tmp/TestLeaseAppendPressureFixedPlacement1574030781/001/node-1/jetstream/$G/streams/KV_WF_LEASE/msgs/1.blk>, "\222\0\0\200\333\4\0\0\0\0\0\0\231\365(\215\0U\332\30&\0$KV.WF_LEA"..., 146, 208232 <unfinished ...>
665121 1790837262.800469 pwrite64(29</tmp/TestLeaseAppendPressureFixedPlacement1574030781/001/node-1/jetstream/$SYS/_js_/S-R3F-Cqy2Skni/msgs/1.blk>, "\0\1\0\0u\3\0\0\0\0\0\0M\342\300\223\0U\332\30\0\0000m6vARoZ\2\0"..., 256, 319111 <unfinished ...>
665095 1790837262.832089 <... pwrite64 resumed>) = 146 (DELAYED) <0.070072>
665121 1790837262.870865 <... pwrite64 resumed>) = 256 (DELAYED) <0.070341>
665097 1790837262.875542 pwrite64(30</tmp/TestLeaseAppendPressureFixedPlacement1574030781/001/node-1/jetstream/$G/streams/KV_WF_LEASE/msgs/1.blk>, "\222\0\0\200\334\4\0\0\0\0\0\0\31\304\275\223\0U\332\30&\0$KV.WF_LEA"..., 146, 208378 <unfinished ...>
665099 1790837262.909148 pwrite64(29</tmp/TestLeaseAppendPressureFixedPlacement1574030781/001/node-1/jetstream/$SYS/_js_/S-R3F-Cqy2Skni/msgs/1.blk>, "\0\1\0\0v\3\0\0\0\0\0\0\252\22;\232\0U\332\30\0\0000m6vARoZ\2\0"..., 256, 319367 <unfinished ...>
665097 1790837262.945639 <... pwrite64 resumed>) = 146 (DELAYED) <0.070001>
665099 1790837262.979239 <... pwrite64 resumed>) = 256 (DELAYED) <0.070044>
665099 1790837262.979438 --- SIGURG {si_signo=SIGURG, si_code=SI_TKILL, si_pid=665088, si_uid=1000} ---
665121 1790837262.981294 pwrite64(30</tmp/TestLeaseAppendPressureFixedPlacement1574030781/001/node-1/jetstream/$G/streams/KV_WF_LEASE/msgs/1.blk>, "\222\0\0\200\335\4\0\0\0\0\0\0/C6\232\0U\332\30&\0$KV.WF_LEA"..., 146, 208524 <unfinished ...>
665099 1790837262.983148 --- SIGURG {si_signo=SIGURG, si_code=SI_TKILL, si_pid=665088, si_uid=1000} ---
