cluster	Set up job	﻿2026-10-01T08:20:06.7988451Z Current runner version: '2.337.0'
cluster	Set up job	2026-10-01T08:20:06.8015119Z ##[group]Runner Image Provisioner
cluster	Set up job	2026-10-01T08:20:06.8015984Z Hosted Compute Agent
cluster	Set up job	2026-10-01T08:20:06.8016678Z Version: 20260901.588
cluster	Set up job	2026-10-01T08:20:06.8017310Z Commit: f88ec8081b781fac6c440065ac7ff9e710ce3d0b
cluster	Set up job	2026-10-01T08:20:06.8018313Z Build Date: 2026-09-01T19:56:44Z
cluster	Set up job	2026-10-01T08:20:06.8019071Z Worker ID: {a7e661db-371c-4704-a5e8-cfe81ac82949}
cluster	Set up job	2026-10-01T08:20:06.8019803Z Azure Region: eastus
cluster	Set up job	2026-10-01T08:20:06.8020437Z ##[endgroup]
cluster	Set up job	2026-10-01T08:20:06.8022051Z ##[group]Operating System
cluster	Set up job	2026-10-01T08:20:06.8022761Z Ubuntu
cluster	Set up job	2026-10-01T08:20:06.8023281Z 24.04.5
cluster	Set up job	2026-10-01T08:20:06.8023803Z LTS
cluster	Set up job	2026-10-01T08:20:06.8024407Z ##[endgroup]
cluster	Set up job	2026-10-01T08:20:06.8024962Z ##[group]Runner Image
cluster	Set up job	2026-10-01T08:20:06.8025640Z Image: ubuntu-24.04
cluster	Set up job	2026-10-01T08:20:06.8026204Z Version: 20260927.320.1
cluster	Set up job	2026-10-01T08:20:06.8027307Z Included Software: https://github.com/actions/runner-images/blob/ubuntu24/20260927.320/images/ubuntu/Ubuntu2404-Readme.md
cluster	Set up job	2026-10-01T08:20:06.8029303Z Image Release: https://github.com/actions/runner-images/releases/tag/ubuntu24%2F20260927.320
cluster	Set up job	2026-10-01T08:20:06.8030358Z ##[endgroup]
cluster	Set up job	2026-10-01T08:20:06.8031558Z ##[group]GITHUB_TOKEN Permissions
cluster	Set up job	2026-10-01T08:20:06.8034033Z Contents: read
cluster	Set up job	2026-10-01T08:20:06.8034672Z Metadata: read
cluster	Set up job	2026-10-01T08:20:06.8035297Z Packages: read
cluster	Set up job	2026-10-01T08:20:06.8035926Z ##[endgroup]
cluster	Set up job	2026-10-01T08:20:06.8038466Z Secret source: Actions
cluster	Set up job	2026-10-01T08:20:06.8039566Z Cache mode: write
cluster	Set up job	2026-10-01T08:20:06.8040558Z Prepare workflow directory
cluster	Set up job	2026-10-01T08:20:06.8369681Z Prepare all required actions
cluster	Set up job	2026-10-01T08:20:06.8417993Z Getting action download info
cluster	Set up job	2026-10-01T08:20:07.0899835Z Download action repository 'actions/checkout@v4' (SHA:11d5960a326750d5838078e36cf38b85af677262)
cluster	Set up job	2026-10-01T08:20:07.2145268Z Download action repository 'actions/setup-go@v5' (SHA:40f1582b2485089dde7abd97c1529aa768e1baff)
cluster	Set up job	2026-10-01T08:20:07.4936275Z Complete job name: cluster
cluster	Run actions/checkout@v4	﻿2026-10-01T08:20:07.5678496Z ##[group]Run actions/checkout@v4
cluster	Run actions/checkout@v4	2026-10-01T08:20:07.5679439Z with:
cluster	Run actions/checkout@v4	2026-10-01T08:20:07.5679906Z   repository: AntPAllen/js-wf
cluster	Run actions/checkout@v4	2026-10-01T08:20:07.5683746Z   token: ***
cluster	Run actions/checkout@v4	2026-10-01T08:20:07.5684177Z   ssh-strict: true
cluster	Run actions/checkout@v4	2026-10-01T08:20:07.5684614Z   ssh-user: git
cluster	Run actions/checkout@v4	2026-10-01T08:20:07.5685059Z   persist-credentials: true
cluster	Run actions/checkout@v4	2026-10-01T08:20:07.5685557Z   clean: true
cluster	Run actions/checkout@v4	2026-10-01T08:20:07.5686006Z   sparse-checkout-cone-mode: true
cluster	Run actions/checkout@v4	2026-10-01T08:20:07.5686543Z   fetch-depth: 1
cluster	Run actions/checkout@v4	2026-10-01T08:20:07.5686972Z   fetch-tags: false
cluster	Run actions/checkout@v4	2026-10-01T08:20:07.5687420Z   show-progress: true
cluster	Run actions/checkout@v4	2026-10-01T08:20:07.5688116Z   lfs: false
cluster	Run actions/checkout@v4	2026-10-01T08:20:07.5688539Z   submodules: false
cluster	Run actions/checkout@v4	2026-10-01T08:20:07.5688993Z   set-safe-directory: true
cluster	Run actions/checkout@v4	2026-10-01T08:20:07.5689502Z   allow-unsafe-pr-checkout: false
cluster	Run actions/checkout@v4	2026-10-01T08:20:07.5690281Z ##[endgroup]
cluster	Run actions/checkout@v4	2026-10-01T08:20:07.6684967Z Syncing repository: AntPAllen/js-wf
cluster	Run actions/checkout@v4	2026-10-01T08:20:07.6687022Z ##[group]Getting Git version info
cluster	Run actions/checkout@v4	2026-10-01T08:20:07.6688045Z Working directory is '/home/runner/work/js-wf/js-wf'
cluster	Run actions/checkout@v4	2026-10-01T08:20:07.6689343Z [command]/usr/bin/git version
cluster	Run actions/checkout@v4	2026-10-01T08:20:07.6777086Z git version 2.55.0
cluster	Run actions/checkout@v4	2026-10-01T08:20:07.6800644Z ##[endgroup]
cluster	Run actions/checkout@v4	2026-10-01T08:20:07.6817121Z Temporarily overriding HOME='/home/runner/work/_temp/d7948380-e3e2-4bbd-bebf-8acfa15a653e' before making global git config changes
cluster	Run actions/checkout@v4	2026-10-01T08:20:07.6819262Z Adding repository directory to the temporary git global config as a safe directory
cluster	Run actions/checkout@v4	2026-10-01T08:20:07.6822970Z [command]/usr/bin/git config --global --add safe.directory /home/runner/work/js-wf/js-wf
cluster	Run actions/checkout@v4	2026-10-01T08:20:07.6872999Z Deleting the contents of '/home/runner/work/js-wf/js-wf'
cluster	Run actions/checkout@v4	2026-10-01T08:20:07.6878103Z ##[group]Initializing the repository
cluster	Run actions/checkout@v4	2026-10-01T08:20:07.6882657Z [command]/usr/bin/git init /home/runner/work/js-wf/js-wf
cluster	Run actions/checkout@v4	2026-10-01T08:20:07.6989952Z hint: Using 'master' as the name for the initial branch. This default branch name
cluster	Run actions/checkout@v4	2026-10-01T08:20:07.6991649Z hint: will change to "main" in Git 3.0. To configure the initial branch name
cluster	Run actions/checkout@v4	2026-10-01T08:20:07.6993345Z hint: to use in all of your new repositories, which will suppress this warning,
cluster	Run actions/checkout@v4	2026-10-01T08:20:07.6994815Z hint: call:
cluster	Run actions/checkout@v4	2026-10-01T08:20:07.6995716Z hint:
cluster	Run actions/checkout@v4	2026-10-01T08:20:07.6996455Z hint: 	git config --global init.defaultBranch <name>
cluster	Run actions/checkout@v4	2026-10-01T08:20:07.6997350Z hint:
cluster	Run actions/checkout@v4	2026-10-01T08:20:07.6999105Z hint: Names commonly chosen instead of 'master' are 'main', 'trunk' and
cluster	Run actions/checkout@v4	2026-10-01T08:20:07.7000101Z hint: 'development'. The just-created branch can be renamed via this command:
cluster	Run actions/checkout@v4	2026-10-01T08:20:07.7000843Z hint:
cluster	Run actions/checkout@v4	2026-10-01T08:20:07.7001269Z hint: 	git branch -m <name>
cluster	Run actions/checkout@v4	2026-10-01T08:20:07.7001759Z hint:
cluster	Run actions/checkout@v4	2026-10-01T08:20:07.7002424Z hint: Disable this message with "git config set advice.defaultBranchName false"
cluster	Run actions/checkout@v4	2026-10-01T08:20:07.7003391Z Initialized empty Git repository in /home/runner/work/js-wf/js-wf/.git/
cluster	Run actions/checkout@v4	2026-10-01T08:20:07.7006378Z [command]/usr/bin/git remote add origin https://github.com/AntPAllen/js-wf
cluster	Run actions/checkout@v4	2026-10-01T08:20:07.7054720Z ##[endgroup]
cluster	Run actions/checkout@v4	2026-10-01T08:20:07.7055561Z ##[group]Disabling automatic garbage collection
cluster	Run actions/checkout@v4	2026-10-01T08:20:07.7059531Z [command]/usr/bin/git config --local gc.auto 0
cluster	Run actions/checkout@v4	2026-10-01T08:20:07.7094725Z ##[endgroup]
cluster	Run actions/checkout@v4	2026-10-01T08:20:07.7096033Z ##[group]Setting up auth
cluster	Run actions/checkout@v4	2026-10-01T08:20:07.7104525Z [command]/usr/bin/git config --local --name-only --get-regexp core\.sshCommand
cluster	Run actions/checkout@v4	2026-10-01T08:20:07.7136882Z [command]/usr/bin/git submodule foreach --recursive sh -c "git config --local --name-only --get-regexp 'core\.sshCommand' && git config --local --unset-all 'core.sshCommand' || :"
cluster	Run actions/checkout@v4	2026-10-01T08:20:07.7524602Z [command]/usr/bin/git config --local --name-only --get-regexp http\.https\:\/\/github\.com\/\.extraheader
cluster	Run actions/checkout@v4	2026-10-01T08:20:07.7563111Z [command]/usr/bin/git submodule foreach --recursive sh -c "git config --local --name-only --get-regexp 'http\.https\:\/\/github\.com\/\.extraheader' && git config --local --unset-all 'http.https://github.com/.extraheader' || :"
cluster	Run actions/checkout@v4	2026-10-01T08:20:07.7828092Z [command]/usr/bin/git config --local --name-only --get-regexp ^includeIf\.gitdir:
cluster	Run actions/checkout@v4	2026-10-01T08:20:07.7865920Z [command]/usr/bin/git submodule foreach --recursive git config --local --show-origin --name-only --get-regexp remote.origin.url
cluster	Run actions/checkout@v4	2026-10-01T08:20:07.8103226Z [command]/usr/bin/git config --local http.https://github.com/.extraheader AUTHORIZATION: basic ***
cluster	Run actions/checkout@v4	2026-10-01T08:20:07.8146598Z ##[endgroup]
cluster	Run actions/checkout@v4	2026-10-01T08:20:07.8148429Z ##[group]Fetching the repository
cluster	Run actions/checkout@v4	2026-10-01T08:20:07.8157576Z [command]/usr/bin/git -c protocol.version=2 fetch --no-tags --prune --no-recurse-submodules --depth=1 origin +1bcf5ef52172d76a537911b7975f29c2502fa4b4:refs/remotes/origin/main
cluster	Run actions/checkout@v4	2026-10-01T08:20:10.5497589Z From https://github.com/AntPAllen/js-wf
cluster	Run actions/checkout@v4	2026-10-01T08:20:10.5499524Z  * [new ref]         1bcf5ef52172d76a537911b7975f29c2502fa4b4 -> origin/main
cluster	Run actions/checkout@v4	2026-10-01T08:20:10.5504140Z ##[endgroup]
cluster	Run actions/checkout@v4	2026-10-01T08:20:10.5505116Z ##[group]Determining the checkout info
cluster	Run actions/checkout@v4	2026-10-01T08:20:10.5506401Z ##[endgroup]
cluster	Run actions/checkout@v4	2026-10-01T08:20:10.5512675Z [command]/usr/bin/git sparse-checkout disable
cluster	Run actions/checkout@v4	2026-10-01T08:20:10.5580494Z [command]/usr/bin/git config --local --unset-all extensions.worktreeConfig
cluster	Run actions/checkout@v4	2026-10-01T08:20:10.5626102Z ##[group]Checking out the ref
cluster	Run actions/checkout@v4	2026-10-01T08:20:10.5627164Z [command]/usr/bin/git checkout --progress --force -B main refs/remotes/origin/main
cluster	Run actions/checkout@v4	2026-10-01T08:20:10.7530256Z Switched to a new branch 'main'
cluster	Run actions/checkout@v4	2026-10-01T08:20:10.7532992Z branch 'main' set up to track 'origin/main'.
cluster	Run actions/checkout@v4	2026-10-01T08:20:10.7557545Z ##[endgroup]
cluster	Run actions/checkout@v4	2026-10-01T08:20:10.7605350Z [command]/usr/bin/git log -1 --format=%H
cluster	Run actions/checkout@v4	2026-10-01T08:20:10.7632092Z 1bcf5ef52172d76a537911b7975f29c2502fa4b4
cluster	Run actions/setup-go@v5	﻿2026-10-01T08:20:10.8000591Z ##[group]Run actions/setup-go@v5
cluster	Run actions/setup-go@v5	2026-10-01T08:20:10.8001928Z with:
cluster	Run actions/setup-go@v5	2026-10-01T08:20:10.8002891Z   go-version-file: go.mod
cluster	Run actions/setup-go@v5	2026-10-01T08:20:10.8004084Z   check-latest: false
cluster	Run actions/setup-go@v5	2026-10-01T08:20:10.8015228Z   token: ***
cluster	Run actions/setup-go@v5	2026-10-01T08:20:10.8016239Z   cache: true
cluster	Run actions/setup-go@v5	2026-10-01T08:20:10.8017219Z ##[endgroup]
cluster	Run actions/setup-go@v5	2026-10-01T08:20:10.9363923Z Setup go version spec 1.27.1
cluster	Run actions/setup-go@v5	2026-10-01T08:20:10.9376249Z Attempting to download 1.27.1...
cluster	Run actions/setup-go@v5	2026-10-01T08:20:10.9497337Z (node:2285) [DEP0040] DeprecationWarning: The `punycode` module is deprecated. Please use a userland alternative instead.
cluster	Run actions/setup-go@v5	2026-10-01T08:20:10.9503100Z (Use `node --trace-deprecation ...` to show where the warning was created)
cluster	Run actions/setup-go@v5	2026-10-01T08:20:11.4423669Z matching 1.27.1...
cluster	Run actions/setup-go@v5	2026-10-01T08:20:11.4450467Z Acquiring 1.27.1 from https://github.com/actions/go-versions/releases/download/1.27.1-33583469715/go-1.27.1-linux-x64.tar.gz
cluster	Run actions/setup-go@v5	2026-10-01T08:20:12.6375850Z Extracting Go...
cluster	Run actions/setup-go@v5	2026-10-01T08:20:12.6575108Z [command]/usr/bin/tar xz --warning=no-unknown-keyword --overwrite -C /home/runner/work/_temp/a62dd2de-0529-4d2e-a136-605613824e3d -f /home/runner/work/_temp/c8287681-cabe-4fdf-88fc-1e867a0998bb
cluster	Run actions/setup-go@v5	2026-10-01T08:20:14.3879283Z Successfully extracted go to /home/runner/work/_temp/a62dd2de-0529-4d2e-a136-605613824e3d
cluster	Run actions/setup-go@v5	2026-10-01T08:20:14.3879997Z Adding to the cache ...
cluster	Run actions/setup-go@v5	2026-10-01T08:20:20.6585936Z Successfully cached go to /opt/hostedtoolcache/go/1.27.1/x64
cluster	Run actions/setup-go@v5	2026-10-01T08:20:20.6588828Z Added go to the path
cluster	Run actions/setup-go@v5	2026-10-01T08:20:20.6591403Z Successfully set up Go version 1.27.1
cluster	Run actions/setup-go@v5	2026-10-01T08:20:20.6840211Z [command]/opt/hostedtoolcache/go/1.27.1/x64/bin/go env GOMODCACHE
cluster	Run actions/setup-go@v5	2026-10-01T08:20:20.6880794Z [command]/opt/hostedtoolcache/go/1.27.1/x64/bin/go env GOCACHE
cluster	Run actions/setup-go@v5	2026-10-01T08:20:20.6924509Z /home/runner/go/pkg/mod
cluster	Run actions/setup-go@v5	2026-10-01T08:20:20.6944138Z /home/runner/.cache/go-build
cluster	Run actions/setup-go@v5	2026-10-01T08:20:20.7547124Z Cache hit for: setup-go-Linux-x64-ubuntu24-go-1.27.1-487c2eade748c1cfcd01caf54d154b8f65df65b05311c1ecee4b42fdda97ee43
cluster	Run actions/setup-go@v5	2026-10-01T08:20:20.7658018Z (node:2285) [DEP0169] DeprecationWarning: `url.parse()` behavior is not standardized and prone to errors that have security implications. Use the WHATWG URL API instead. CVEs are not issued for `url.parse()` vulnerabilities.
cluster	Run actions/setup-go@v5	2026-10-01T08:20:21.7043316Z Received 189957878 of 189957878 (100.0%), 205.9 MBs/sec
cluster	Run actions/setup-go@v5	2026-10-01T08:20:21.7044438Z Cache Size: ~181 MB (189957878 B)
cluster	Run actions/setup-go@v5	2026-10-01T08:20:21.7090652Z [command]/usr/bin/tar -xf /home/runner/work/_temp/775f1b7b-0b3d-4aaa-9b5e-eb85bb6b1ec9/cache.tzst -P -C /home/runner/work/js-wf/js-wf --use-compress-program unzstd
cluster	Run actions/setup-go@v5	2026-10-01T08:20:22.7195991Z Cache restored successfully
cluster	Run actions/setup-go@v5	2026-10-01T08:20:22.7286404Z Cache restored from key: setup-go-Linux-x64-ubuntu24-go-1.27.1-487c2eade748c1cfcd01caf54d154b8f65df65b05311c1ecee4b42fdda97ee43
cluster	Run actions/setup-go@v5	2026-10-01T08:20:22.7313578Z go version go1.27.1 linux/amd64
cluster	Run actions/setup-go@v5	2026-10-01T08:20:22.7313942Z 
cluster	Run actions/setup-go@v5	2026-10-01T08:20:22.7314410Z ##[group]go env
cluster	Run actions/setup-go@v5	2026-10-01T08:20:22.7458458Z AR='ar'
cluster	Run actions/setup-go@v5	2026-10-01T08:20:22.7458871Z CC='gcc'
cluster	Run actions/setup-go@v5	2026-10-01T08:20:22.7459247Z CGO_CFLAGS='-O2 -g'
cluster	Run actions/setup-go@v5	2026-10-01T08:20:22.7459705Z CGO_CPPFLAGS=''
cluster	Run actions/setup-go@v5	2026-10-01T08:20:22.7460149Z CGO_CXXFLAGS='-O2 -g'
cluster	Run actions/setup-go@v5	2026-10-01T08:20:22.7460533Z CGO_ENABLED='1'
cluster	Run actions/setup-go@v5	2026-10-01T08:20:22.7460912Z CGO_FFLAGS='-O2 -g'
cluster	Run actions/setup-go@v5	2026-10-01T08:20:22.7461279Z CGO_LDFLAGS='-O2 -g'
cluster	Run actions/setup-go@v5	2026-10-01T08:20:22.7461632Z CXX='g++'
cluster	Run actions/setup-go@v5	2026-10-01T08:20:22.7461951Z GCCGO='gccgo'
cluster	Run actions/setup-go@v5	2026-10-01T08:20:22.7462275Z GO111MODULE=''
cluster	Run actions/setup-go@v5	2026-10-01T08:20:22.7462605Z GOAMD64='v1'
cluster	Run actions/setup-go@v5	2026-10-01T08:20:22.7462948Z GOARCH='amd64'
cluster	Run actions/setup-go@v5	2026-10-01T08:20:22.7463288Z GOAUTH='netrc'
cluster	Run actions/setup-go@v5	2026-10-01T08:20:22.7463675Z GOBIN='/home/runner/go/bin'
cluster	Run actions/setup-go@v5	2026-10-01T08:20:22.7464126Z GOCACHE='/home/runner/.cache/go-build'
cluster	Run actions/setup-go@v5	2026-10-01T08:20:22.7464563Z GOCACHEPROG=''
cluster	Run actions/setup-go@v5	2026-10-01T08:20:22.7464888Z GODEBUG=''
cluster	Run actions/setup-go@v5	2026-10-01T08:20:22.7465255Z GOENV='/home/runner/.config/go/env'
cluster	Run actions/setup-go@v5	2026-10-01T08:20:22.7465674Z GOEXE=''
cluster	Run actions/setup-go@v5	2026-10-01T08:20:22.7466037Z GOEXPERIMENT=''
cluster	Run actions/setup-go@v5	2026-10-01T08:20:22.7466376Z GOFIPS140='off'
cluster	Run actions/setup-go@v5	2026-10-01T08:20:22.7466691Z GOFLAGS=''
cluster	Run actions/setup-go@v5	2026-10-01T08:20:22.7467950Z GOGCCFLAGS='-fPIC -m64 -pthread -Wl,--no-gc-sections -fmessage-length=0 -ffile-prefix-map=/tmp/go-build3983801843=/tmp/go-build -gno-record-gcc-switches'
cluster	Run actions/setup-go@v5	2026-10-01T08:20:22.7469534Z GOHOSTARCH='amd64'
cluster	Run actions/setup-go@v5	2026-10-01T08:20:22.7469905Z GOHOSTOS='linux'
cluster	Run actions/setup-go@v5	2026-10-01T08:20:22.7470244Z GOINSECURE=''
cluster	Run actions/setup-go@v5	2026-10-01T08:20:22.7470643Z GOMOD='/home/runner/work/js-wf/js-wf/go.mod'
cluster	Run actions/setup-go@v5	2026-10-01T08:20:22.7471160Z GOMODCACHE='/home/runner/go/pkg/mod'
cluster	Run actions/setup-go@v5	2026-10-01T08:20:22.7471598Z GONOPROXY=''
cluster	Run actions/setup-go@v5	2026-10-01T08:20:22.7471915Z GONOSUMDB=''
cluster	Run actions/setup-go@v5	2026-10-01T08:20:22.7472237Z GOOS='linux'
cluster	Run actions/setup-go@v5	2026-10-01T08:20:22.7472817Z GOPACKAGESDRIVER=''
cluster	Run actions/setup-go@v5	2026-10-01T08:20:22.7473212Z GOPATH='/home/runner/go'
cluster	Run actions/setup-go@v5	2026-10-01T08:20:22.7473594Z GOPRIVATE=''
cluster	Run actions/setup-go@v5	2026-10-01T08:20:22.7474016Z GOPROXY='https://proxy.golang.org,direct'
cluster	Run actions/setup-go@v5	2026-10-01T08:20:22.7474558Z GOROOT='/opt/hostedtoolcache/go/1.27.1/x64'
cluster	Run actions/setup-go@v5	2026-10-01T08:20:22.7475062Z GOSUMDB='sum.golang.org'
cluster	Run actions/setup-go@v5	2026-10-01T08:20:22.7475456Z GOTELEMETRY='local'
cluster	Run actions/setup-go@v5	2026-10-01T08:20:22.7475892Z GOTELEMETRYDIR='/home/runner/.config/go/telemetry'
cluster	Run actions/setup-go@v5	2026-10-01T08:20:22.7572935Z GOTMPDIR=''
cluster	Run actions/setup-go@v5	2026-10-01T08:20:22.7573382Z GOTOOLCHAIN='auto'
cluster	Run actions/setup-go@v5	2026-10-01T08:20:22.7574167Z GOTOOLDIR='/opt/hostedtoolcache/go/1.27.1/x64/pkg/tool/linux_amd64'
cluster	Run actions/setup-go@v5	2026-10-01T08:20:22.7574924Z GOVCS=''
cluster	Run actions/setup-go@v5	2026-10-01T08:20:22.7575305Z GOVERSION='go1.27.1'
cluster	Run actions/setup-go@v5	2026-10-01T08:20:22.7575709Z GOWORK=''
cluster	Run actions/setup-go@v5	2026-10-01T08:20:22.7576143Z PKG_CONFIG='pkg-config'
cluster	Run actions/setup-go@v5	2026-10-01T08:20:22.7576428Z 
cluster	Run actions/setup-go@v5	2026-10-01T08:20:22.7576919Z ##[endgroup]
cluster	Run go test ./integration -count=1 -timeout=30m -skip '^(TestFiveHundredChildFanout|TestJournalCASTenThousandRacesWithLeaderRestarts)'	﻿2026-10-01T08:20:22.7731769Z ##[group]Run go test ./integration -count=1 -timeout=30m -skip '^(TestFiveHundredChildFanout|TestJournalCASTenThousandRacesWithLeaderRestarts)'
cluster	Run go test ./integration -count=1 -timeout=30m -skip '^(TestFiveHundredChildFanout|TestJournalCASTenThousandRacesWithLeaderRestarts)'	2026-10-01T08:20:22.7732918Z ^[[36;1mgo test ./integration -count=1 -timeout=30m -skip '^(TestFiveHundredChildFanout|TestJournalCASTenThousandRacesWithLeaderRestarts)'^[[0m
cluster	Run go test ./integration -count=1 -timeout=30m -skip '^(TestFiveHundredChildFanout|TestJournalCASTenThousandRacesWithLeaderRestarts)'	2026-10-01T08:20:22.7996633Z shell: /usr/bin/bash -e {0}
cluster	Run go test ./integration -count=1 -timeout=30m -skip '^(TestFiveHundredChildFanout|TestJournalCASTenThousandRacesWithLeaderRestarts)'	2026-10-01T08:20:22.7996969Z ##[endgroup]
cluster	Run go test ./integration -count=1 -timeout=30m -skip '^(TestFiveHundredChildFanout|TestJournalCASTenThousandRacesWithLeaderRestarts)'	2026-10-01T08:42:09.4013217Z ok  	js-wf/integration	1299.601s
cluster	Post Run actions/setup-go@v5	﻿2026-10-01T08:42:09.4561166Z Post job cleanup.
cluster	Post Run actions/setup-go@v5	2026-10-01T08:42:09.5824317Z (node:2983) [DEP0040] DeprecationWarning: The `punycode` module is deprecated. Please use a userland alternative instead.
cluster	Post Run actions/setup-go@v5	2026-10-01T08:42:09.5825677Z (Use `node --trace-deprecation ...` to show where the warning was created)
cluster	Post Run actions/setup-go@v5	2026-10-01T08:42:09.5928930Z [command]/opt/hostedtoolcache/go/1.27.1/x64/bin/go env GOMODCACHE
cluster	Post Run actions/setup-go@v5	2026-10-01T08:42:09.5996237Z [command]/opt/hostedtoolcache/go/1.27.1/x64/bin/go env GOCACHE
cluster	Post Run actions/setup-go@v5	2026-10-01T08:42:09.6014806Z /home/runner/go/pkg/mod
cluster	Post Run actions/setup-go@v5	2026-10-01T08:42:09.6065803Z /home/runner/.cache/go-build
cluster	Post Run actions/setup-go@v5	2026-10-01T08:42:09.6075915Z Cache hit occurred on the primary key setup-go-Linux-x64-ubuntu24-go-1.27.1-487c2eade748c1cfcd01caf54d154b8f65df65b05311c1ecee4b42fdda97ee43, not saving cache.
cluster	Post Run actions/checkout@v4	﻿2026-10-01T08:42:09.6408509Z Post job cleanup.
cluster	Post Run actions/checkout@v4	2026-10-01T08:42:09.7331907Z [command]/usr/bin/git version
cluster	Post Run actions/checkout@v4	2026-10-01T08:42:09.7375381Z git version 2.55.0
cluster	Post Run actions/checkout@v4	2026-10-01T08:42:09.7447905Z Temporarily overriding HOME='/home/runner/work/_temp/d18f7661-0fa9-44c3-b5cd-767e94da99ff' before making global git config changes
cluster	Post Run actions/checkout@v4	2026-10-01T08:42:09.7449275Z Adding repository directory to the temporary git global config as a safe directory
cluster	Post Run actions/checkout@v4	2026-10-01T08:42:09.7452745Z [command]/usr/bin/git config --global --add safe.directory /home/runner/work/js-wf/js-wf
cluster	Post Run actions/checkout@v4	2026-10-01T08:42:09.7496912Z [command]/usr/bin/git config --local --name-only --get-regexp core\.sshCommand
cluster	Post Run actions/checkout@v4	2026-10-01T08:42:09.7538178Z [command]/usr/bin/git submodule foreach --recursive sh -c "git config --local --name-only --get-regexp 'core\.sshCommand' && git config --local --unset-all 'core.sshCommand' || :"
cluster	Post Run actions/checkout@v4	2026-10-01T08:42:09.7805119Z [command]/usr/bin/git config --local --name-only --get-regexp http\.https\:\/\/github\.com\/\.extraheader
cluster	Post Run actions/checkout@v4	2026-10-01T08:42:09.7836461Z http.https://github.com/.extraheader
cluster	Post Run actions/checkout@v4	2026-10-01T08:42:09.7849818Z [command]/usr/bin/git config --local --unset-all http.https://github.com/.extraheader
cluster	Post Run actions/checkout@v4	2026-10-01T08:42:09.7886612Z [command]/usr/bin/git submodule foreach --recursive sh -c "git config --local --name-only --get-regexp 'http\.https\:\/\/github\.com\/\.extraheader' && git config --local --unset-all 'http.https://github.com/.extraheader' || :"
cluster	Post Run actions/checkout@v4	2026-10-01T08:42:09.8144580Z [command]/usr/bin/git config --local --name-only --get-regexp ^includeIf\.gitdir:
cluster	Post Run actions/checkout@v4	2026-10-01T08:42:09.8186670Z [command]/usr/bin/git submodule foreach --recursive git config --local --show-origin --name-only --get-regexp remote.origin.url
cluster	Complete job	﻿2026-10-01T08:42:09.8599949Z Cleaning up orphan processes
cluster	Complete job	2026-10-01T08:42:09.9007873Z ##[warning]Node.js 20 is deprecated. The following actions target Node.js 20 but are being forced to run on Node.js 24: actions/checkout@v4, actions/setup-go@v5. For more information see: https://github.blog/changelog/2025-09-19-deprecation-of-node-20-on-github-actions-runners/
unit	Set up job	﻿2026-10-01T08:20:07.0847132Z Current runner version: '2.337.0'
unit	Set up job	2026-10-01T08:20:07.0881747Z ##[group]Runner Image Provisioner
unit	Set up job	2026-10-01T08:20:07.0883034Z Hosted Compute Agent
unit	Set up job	2026-10-01T08:20:07.0884173Z Version: 20260901.588
unit	Set up job	2026-10-01T08:20:07.0885220Z Commit: f88ec8081b781fac6c440065ac7ff9e710ce3d0b
unit	Set up job	2026-10-01T08:20:07.0886460Z Build Date: 2026-09-01T19:56:44Z
unit	Set up job	2026-10-01T08:20:07.0887586Z Worker ID: {a38a7013-7d71-4947-8e55-48d4f0dd6391}
unit	Set up job	2026-10-01T08:20:07.0889013Z Azure Region: eastus
unit	Set up job	2026-10-01T08:20:07.0890045Z ##[endgroup]
unit	Set up job	2026-10-01T08:20:07.0892732Z ##[group]Operating System
unit	Set up job	2026-10-01T08:20:07.0893818Z Ubuntu
unit	Set up job	2026-10-01T08:20:07.0894641Z 24.04.5
unit	Set up job	2026-10-01T08:20:07.0895903Z LTS
unit	Set up job	2026-10-01T08:20:07.0896939Z ##[endgroup]
unit	Set up job	2026-10-01T08:20:07.0897832Z ##[group]Runner Image
unit	Set up job	2026-10-01T08:20:07.0899200Z Image: ubuntu-24.04
unit	Set up job	2026-10-01T08:20:07.0900147Z Version: 20260927.320.1
unit	Set up job	2026-10-01T08:20:07.0902026Z Included Software: https://github.com/actions/runner-images/blob/ubuntu24/20260927.320/images/ubuntu/Ubuntu2404-Readme.md
unit	Set up job	2026-10-01T08:20:07.0905028Z Image Release: https://github.com/actions/runner-images/releases/tag/ubuntu24%2F20260927.320
unit	Set up job	2026-10-01T08:20:07.0906783Z ##[endgroup]
unit	Set up job	2026-10-01T08:20:07.0908924Z ##[group]GITHUB_TOKEN Permissions
unit	Set up job	2026-10-01T08:20:07.0911920Z Contents: read
unit	Set up job	2026-10-01T08:20:07.0912885Z Metadata: read
unit	Set up job	2026-10-01T08:20:07.0913864Z Packages: read
unit	Set up job	2026-10-01T08:20:07.0914722Z ##[endgroup]
unit	Set up job	2026-10-01T08:20:07.0917572Z Secret source: Actions
unit	Set up job	2026-10-01T08:20:07.0919559Z Cache mode: write
unit	Set up job	2026-10-01T08:20:07.0921234Z Prepare workflow directory
unit	Set up job	2026-10-01T08:20:07.1385359Z Prepare all required actions
unit	Set up job	2026-10-01T08:20:07.1455957Z Getting action download info
unit	Set up job	2026-10-01T08:20:07.3736188Z Download action repository 'actions/checkout@v4' (SHA:11d5960a326750d5838078e36cf38b85af677262)
unit	Set up job	2026-10-01T08:20:07.4691036Z Download action repository 'actions/setup-go@v5' (SHA:40f1582b2485089dde7abd97c1529aa768e1baff)
unit	Set up job	2026-10-01T08:20:07.6490852Z Download action repository 'actions/upload-artifact@v7' (SHA:043fb46d1a93c77aae656e7c1c64a875d1fc6a0a)
unit	Set up job	2026-10-01T08:20:07.8244771Z Complete job name: unit
unit	Run actions/checkout@v4	﻿2026-10-01T08:20:07.9005059Z ##[group]Run actions/checkout@v4
unit	Run actions/checkout@v4	2026-10-01T08:20:07.9005969Z with:
unit	Run actions/checkout@v4	2026-10-01T08:20:07.9006425Z   repository: AntPAllen/js-wf
unit	Run actions/checkout@v4	2026-10-01T08:20:07.9010297Z   token: ***
unit	Run actions/checkout@v4	2026-10-01T08:20:07.9010737Z   ssh-strict: true
unit	Run actions/checkout@v4	2026-10-01T08:20:07.9011178Z   ssh-user: git
unit	Run actions/checkout@v4	2026-10-01T08:20:07.9011627Z   persist-credentials: true
unit	Run actions/checkout@v4	2026-10-01T08:20:07.9012114Z   clean: true
unit	Run actions/checkout@v4	2026-10-01T08:20:07.9012562Z   sparse-checkout-cone-mode: true
unit	Run actions/checkout@v4	2026-10-01T08:20:07.9013088Z   fetch-depth: 1
unit	Run actions/checkout@v4	2026-10-01T08:20:07.9013519Z   fetch-tags: false
unit	Run actions/checkout@v4	2026-10-01T08:20:07.9013959Z   show-progress: true
unit	Run actions/checkout@v4	2026-10-01T08:20:07.9014403Z   lfs: false
unit	Run actions/checkout@v4	2026-10-01T08:20:07.9014818Z   submodules: false
unit	Run actions/checkout@v4	2026-10-01T08:20:07.9015256Z   set-safe-directory: true
unit	Run actions/checkout@v4	2026-10-01T08:20:07.9015763Z   allow-unsafe-pr-checkout: false
unit	Run actions/checkout@v4	2026-10-01T08:20:07.9016530Z ##[endgroup]
unit	Run actions/checkout@v4	2026-10-01T08:20:07.9977679Z Syncing repository: AntPAllen/js-wf
unit	Run actions/checkout@v4	2026-10-01T08:20:07.9980243Z ##[group]Getting Git version info
unit	Run actions/checkout@v4	2026-10-01T08:20:07.9981017Z Working directory is '/home/runner/work/js-wf/js-wf'
unit	Run actions/checkout@v4	2026-10-01T08:20:07.9986688Z [command]/usr/bin/git version
unit	Run actions/checkout@v4	2026-10-01T08:20:08.0124890Z git version 2.55.0
unit	Run actions/checkout@v4	2026-10-01T08:20:08.0146972Z ##[endgroup]
unit	Run actions/checkout@v4	2026-10-01T08:20:08.0175788Z Temporarily overriding HOME='/home/runner/work/_temp/f5f2caf4-72b2-4b0d-a576-a160081fff4b' before making global git config changes
unit	Run actions/checkout@v4	2026-10-01T08:20:08.0180320Z Adding repository directory to the temporary git global config as a safe directory
unit	Run actions/checkout@v4	2026-10-01T08:20:08.0182896Z [command]/usr/bin/git config --global --add safe.directory /home/runner/work/js-wf/js-wf
unit	Run actions/checkout@v4	2026-10-01T08:20:08.0233548Z Deleting the contents of '/home/runner/work/js-wf/js-wf'
unit	Run actions/checkout@v4	2026-10-01T08:20:08.0238954Z ##[group]Initializing the repository
unit	Run actions/checkout@v4	2026-10-01T08:20:08.0242566Z [command]/usr/bin/git init /home/runner/work/js-wf/js-wf
unit	Run actions/checkout@v4	2026-10-01T08:20:08.0367157Z hint: Using 'master' as the name for the initial branch. This default branch name
unit	Run actions/checkout@v4	2026-10-01T08:20:08.0370013Z hint: will change to "main" in Git 3.0. To configure the initial branch name
unit	Run actions/checkout@v4	2026-10-01T08:20:08.0380047Z hint: to use in all of your new repositories, which will suppress this warning,
unit	Run actions/checkout@v4	2026-10-01T08:20:08.0382103Z hint: call:
unit	Run actions/checkout@v4	2026-10-01T08:20:08.0383510Z hint:
unit	Run actions/checkout@v4	2026-10-01T08:20:08.0384532Z hint: 	git config --global init.defaultBranch <name>
unit	Run actions/checkout@v4	2026-10-01T08:20:08.0385768Z hint:
unit	Run actions/checkout@v4	2026-10-01T08:20:08.0386817Z hint: Names commonly chosen instead of 'master' are 'main', 'trunk' and
unit	Run actions/checkout@v4	2026-10-01T08:20:08.0388441Z hint: 'development'. The just-created branch can be renamed via this command:
unit	Run actions/checkout@v4	2026-10-01T08:20:08.0390049Z hint:
unit	Run actions/checkout@v4	2026-10-01T08:20:08.0390917Z hint: 	git branch -m <name>
unit	Run actions/checkout@v4	2026-10-01T08:20:08.0391861Z hint:
unit	Run actions/checkout@v4	2026-10-01T08:20:08.0393183Z hint: Disable this message with "git config set advice.defaultBranchName false"
unit	Run actions/checkout@v4	2026-10-01T08:20:08.0394943Z Initialized empty Git repository in /home/runner/work/js-wf/js-wf/.git/
unit	Run actions/checkout@v4	2026-10-01T08:20:08.0398001Z [command]/usr/bin/git remote add origin https://github.com/AntPAllen/js-wf
unit	Run actions/checkout@v4	2026-10-01T08:20:08.0462194Z ##[endgroup]
unit	Run actions/checkout@v4	2026-10-01T08:20:08.0463932Z ##[group]Disabling automatic garbage collection
unit	Run actions/checkout@v4	2026-10-01T08:20:08.0467228Z [command]/usr/bin/git config --local gc.auto 0
unit	Run actions/checkout@v4	2026-10-01T08:20:08.0504567Z ##[endgroup]
unit	Run actions/checkout@v4	2026-10-01T08:20:08.0505765Z ##[group]Setting up auth
unit	Run actions/checkout@v4	2026-10-01T08:20:08.0513415Z [command]/usr/bin/git config --local --name-only --get-regexp core\.sshCommand
unit	Run actions/checkout@v4	2026-10-01T08:20:08.0549539Z [command]/usr/bin/git submodule foreach --recursive sh -c "git config --local --name-only --get-regexp 'core\.sshCommand' && git config --local --unset-all 'core.sshCommand' || :"
unit	Run actions/checkout@v4	2026-10-01T08:20:08.1021573Z [command]/usr/bin/git config --local --name-only --get-regexp http\.https\:\/\/github\.com\/\.extraheader
unit	Run actions/checkout@v4	2026-10-01T08:20:08.1065698Z [command]/usr/bin/git submodule foreach --recursive sh -c "git config --local --name-only --get-regexp 'http\.https\:\/\/github\.com\/\.extraheader' && git config --local --unset-all 'http.https://github.com/.extraheader' || :"
unit	Run actions/checkout@v4	2026-10-01T08:20:08.1317457Z [command]/usr/bin/git config --local --name-only --get-regexp ^includeIf\.gitdir:
unit	Run actions/checkout@v4	2026-10-01T08:20:08.1356279Z [command]/usr/bin/git submodule foreach --recursive git config --local --show-origin --name-only --get-regexp remote.origin.url
unit	Run actions/checkout@v4	2026-10-01T08:20:08.1596313Z [command]/usr/bin/git config --local http.https://github.com/.extraheader AUTHORIZATION: basic ***
unit	Run actions/checkout@v4	2026-10-01T08:20:08.1638370Z ##[endgroup]
unit	Run actions/checkout@v4	2026-10-01T08:20:08.1640220Z ##[group]Fetching the repository
unit	Run actions/checkout@v4	2026-10-01T08:20:08.1651241Z [command]/usr/bin/git -c protocol.version=2 fetch --no-tags --prune --no-recurse-submodules --depth=1 origin +1bcf5ef52172d76a537911b7975f29c2502fa4b4:refs/remotes/origin/main
unit	Run actions/checkout@v4	2026-10-01T08:20:10.5832631Z From https://github.com/AntPAllen/js-wf
unit	Run actions/checkout@v4	2026-10-01T08:20:10.5834686Z  * [new ref]         1bcf5ef52172d76a537911b7975f29c2502fa4b4 -> origin/main
unit	Run actions/checkout@v4	2026-10-01T08:20:10.5841272Z ##[endgroup]
unit	Run actions/checkout@v4	2026-10-01T08:20:10.5842803Z ##[group]Determining the checkout info
unit	Run actions/checkout@v4	2026-10-01T08:20:10.5845035Z ##[endgroup]
unit	Run actions/checkout@v4	2026-10-01T08:20:10.5849303Z [command]/usr/bin/git sparse-checkout disable
unit	Run actions/checkout@v4	2026-10-01T08:20:10.5909793Z [command]/usr/bin/git config --local --unset-all extensions.worktreeConfig
unit	Run actions/checkout@v4	2026-10-01T08:20:10.5945813Z ##[group]Checking out the ref
unit	Run actions/checkout@v4	2026-10-01T08:20:10.5951055Z [command]/usr/bin/git checkout --progress --force -B main refs/remotes/origin/main
unit	Run actions/checkout@v4	2026-10-01T08:20:10.7844756Z Switched to a new branch 'main'
unit	Run actions/checkout@v4	2026-10-01T08:20:10.7851215Z branch 'main' set up to track 'origin/main'.
unit	Run actions/checkout@v4	2026-10-01T08:20:10.7877107Z ##[endgroup]
unit	Run actions/checkout@v4	2026-10-01T08:20:10.7923245Z [command]/usr/bin/git log -1 --format=%H
unit	Run actions/checkout@v4	2026-10-01T08:20:10.7949825Z 1bcf5ef52172d76a537911b7975f29c2502fa4b4
unit	Run actions/setup-go@v5	﻿2026-10-01T08:20:10.8299326Z ##[group]Run actions/setup-go@v5
unit	Run actions/setup-go@v5	2026-10-01T08:20:10.8300592Z with:
unit	Run actions/setup-go@v5	2026-10-01T08:20:10.8301535Z   go-version-file: go.mod
unit	Run actions/setup-go@v5	2026-10-01T08:20:10.8302633Z   check-latest: false
unit	Run actions/setup-go@v5	2026-10-01T08:20:10.8311453Z   token: ***
unit	Run actions/setup-go@v5	2026-10-01T08:20:10.8312429Z   cache: true
unit	Run actions/setup-go@v5	2026-10-01T08:20:10.8313385Z ##[endgroup]
unit	Run actions/setup-go@v5	2026-10-01T08:20:10.9636804Z Setup go version spec 1.27.1
unit	Run actions/setup-go@v5	2026-10-01T08:20:10.9648111Z Attempting to download 1.27.1...
unit	Run actions/setup-go@v5	2026-10-01T08:20:10.9756978Z (node:2314) [DEP0040] DeprecationWarning: The `punycode` module is deprecated. Please use a userland alternative instead.
unit	Run actions/setup-go@v5	2026-10-01T08:20:10.9759905Z (Use `node --trace-deprecation ...` to show where the warning was created)
unit	Run actions/setup-go@v5	2026-10-01T08:20:11.5121100Z matching 1.27.1...
unit	Run actions/setup-go@v5	2026-10-01T08:20:11.5147381Z Acquiring 1.27.1 from https://github.com/actions/go-versions/releases/download/1.27.1-33583469715/go-1.27.1-linux-x64.tar.gz
unit	Run actions/setup-go@v5	2026-10-01T08:20:13.2449867Z Extracting Go...
unit	Run actions/setup-go@v5	2026-10-01T08:20:13.2598512Z [command]/usr/bin/tar xz --warning=no-unknown-keyword --overwrite -C /home/runner/work/_temp/daec3f80-a5e1-4e27-9e27-04b2a2c4b7bf -f /home/runner/work/_temp/e3bbdaa4-7964-42fd-8e0f-f768c4ddfa5e
unit	Run actions/setup-go@v5	2026-10-01T08:20:14.9620797Z Successfully extracted go to /home/runner/work/_temp/daec3f80-a5e1-4e27-9e27-04b2a2c4b7bf
unit	Run actions/setup-go@v5	2026-10-01T08:20:14.9621964Z Adding to the cache ...
unit	Run actions/setup-go@v5	2026-10-01T08:20:21.7974167Z Successfully cached go to /opt/hostedtoolcache/go/1.27.1/x64
unit	Run actions/setup-go@v5	2026-10-01T08:20:21.7977323Z Added go to the path
unit	Run actions/setup-go@v5	2026-10-01T08:20:21.7980415Z Successfully set up Go version 1.27.1
unit	Run actions/setup-go@v5	2026-10-01T08:20:21.8211828Z [command]/opt/hostedtoolcache/go/1.27.1/x64/bin/go env GOMODCACHE
unit	Run actions/setup-go@v5	2026-10-01T08:20:21.8251765Z [command]/opt/hostedtoolcache/go/1.27.1/x64/bin/go env GOCACHE
unit	Run actions/setup-go@v5	2026-10-01T08:20:21.8297196Z /home/runner/go/pkg/mod
unit	Run actions/setup-go@v5	2026-10-01T08:20:21.8331473Z /home/runner/.cache/go-build
unit	Run actions/setup-go@v5	2026-10-01T08:20:21.8993507Z Cache hit for: setup-go-Linux-x64-ubuntu24-go-1.27.1-487c2eade748c1cfcd01caf54d154b8f65df65b05311c1ecee4b42fdda97ee43
unit	Run actions/setup-go@v5	2026-10-01T08:20:21.9147593Z (node:2314) [DEP0169] DeprecationWarning: `url.parse()` behavior is not standardized and prone to errors that have security implications. Use the WHATWG URL API instead. CVEs are not issued for `url.parse()` vulnerabilities.
unit	Run actions/setup-go@v5	2026-10-01T08:20:22.7719500Z Received 189957878 of 189957878 (100.0%), 222.0 MBs/sec
unit	Run actions/setup-go@v5	2026-10-01T08:20:22.7722955Z Cache Size: ~181 MB (189957878 B)
unit	Run actions/setup-go@v5	2026-10-01T08:20:22.7759671Z [command]/usr/bin/tar -xf /home/runner/work/_temp/d5778948-036c-4396-91cd-86ded079706e/cache.tzst -P -C /home/runner/work/js-wf/js-wf --use-compress-program unzstd
unit	Run actions/setup-go@v5	2026-10-01T08:20:23.8103175Z Cache restored successfully
unit	Run actions/setup-go@v5	2026-10-01T08:20:23.8193479Z Cache restored from key: setup-go-Linux-x64-ubuntu24-go-1.27.1-487c2eade748c1cfcd01caf54d154b8f65df65b05311c1ecee4b42fdda97ee43
unit	Run actions/setup-go@v5	2026-10-01T08:20:23.8214390Z go version go1.27.1 linux/amd64
unit	Run actions/setup-go@v5	2026-10-01T08:20:23.8214620Z 
unit	Run actions/setup-go@v5	2026-10-01T08:20:23.8214912Z ##[group]go env
unit	Run actions/setup-go@v5	2026-10-01T08:20:24.2867226Z AR='ar'
unit	Run actions/setup-go@v5	2026-10-01T08:20:24.2867774Z CC='gcc'
unit	Run actions/setup-go@v5	2026-10-01T08:20:24.2868143Z CGO_CFLAGS='-O2 -g'
unit	Run actions/setup-go@v5	2026-10-01T08:20:24.2868557Z CGO_CPPFLAGS=''
unit	Run actions/setup-go@v5	2026-10-01T08:20:24.2869268Z CGO_CXXFLAGS='-O2 -g'
unit	Run actions/setup-go@v5	2026-10-01T08:20:24.2869698Z CGO_ENABLED='1'
unit	Run actions/setup-go@v5	2026-10-01T08:20:24.2870089Z CGO_FFLAGS='-O2 -g'
unit	Run actions/setup-go@v5	2026-10-01T08:20:24.2870467Z CGO_LDFLAGS='-O2 -g'
unit	Run actions/setup-go@v5	2026-10-01T08:20:24.2870831Z CXX='g++'
unit	Run actions/setup-go@v5	2026-10-01T08:20:24.2871158Z GCCGO='gccgo'
unit	Run actions/setup-go@v5	2026-10-01T08:20:24.2871498Z GO111MODULE=''
unit	Run actions/setup-go@v5	2026-10-01T08:20:24.2871845Z GOAMD64='v1'
unit	Run actions/setup-go@v5	2026-10-01T08:20:24.2872200Z GOARCH='amd64'
unit	Run actions/setup-go@v5	2026-10-01T08:20:24.2872543Z GOAUTH='netrc'
unit	Run actions/setup-go@v5	2026-10-01T08:20:24.2872915Z GOBIN='/home/runner/go/bin'
unit	Run actions/setup-go@v5	2026-10-01T08:20:24.2873367Z GOCACHE='/home/runner/.cache/go-build'
unit	Run actions/setup-go@v5	2026-10-01T08:20:24.2873839Z GOCACHEPROG=''
unit	Run actions/setup-go@v5	2026-10-01T08:20:24.2874172Z GODEBUG=''
unit	Run actions/setup-go@v5	2026-10-01T08:20:24.2874544Z GOENV='/home/runner/.config/go/env'
unit	Run actions/setup-go@v5	2026-10-01T08:20:24.2874969Z GOEXE=''
unit	Run actions/setup-go@v5	2026-10-01T08:20:24.2875294Z GOEXPERIMENT=''
unit	Run actions/setup-go@v5	2026-10-01T08:20:24.2875635Z GOFIPS140='off'
unit	Run actions/setup-go@v5	2026-10-01T08:20:24.2875963Z GOFLAGS=''
unit	Run actions/setup-go@v5	2026-10-01T08:20:24.2877045Z GOGCCFLAGS='-fPIC -m64 -pthread -Wl,--no-gc-sections -fmessage-length=0 -ffile-prefix-map=/tmp/go-build2458686230=/tmp/go-build -gno-record-gcc-switches'
unit	Run actions/setup-go@v5	2026-10-01T08:20:24.2878661Z GOHOSTARCH='amd64'
unit	Run actions/setup-go@v5	2026-10-01T08:20:24.2879269Z GOHOSTOS='linux'
unit	Run actions/setup-go@v5	2026-10-01T08:20:24.2879614Z GOINSECURE=''
unit	Run actions/setup-go@v5	2026-10-01T08:20:24.2880015Z GOMOD='/home/runner/work/js-wf/js-wf/go.mod'
unit	Run actions/setup-go@v5	2026-10-01T08:20:24.2880540Z GOMODCACHE='/home/runner/go/pkg/mod'
unit	Run actions/setup-go@v5	2026-10-01T08:20:24.2881259Z GONOPROXY=''
unit	Run actions/setup-go@v5	2026-10-01T08:20:24.2881584Z GONOSUMDB=''
unit	Run actions/setup-go@v5	2026-10-01T08:20:24.2881910Z GOOS='linux'
unit	Run actions/setup-go@v5	2026-10-01T08:20:24.2882242Z GOPACKAGESDRIVER=''
unit	Run actions/setup-go@v5	2026-10-01T08:20:24.2882645Z GOPATH='/home/runner/go'
unit	Run actions/setup-go@v5	2026-10-01T08:20:24.2883129Z GOPRIVATE=''
unit	Run actions/setup-go@v5	2026-10-01T08:20:24.2883563Z GOPROXY='https://proxy.golang.org,direct'
unit	Run actions/setup-go@v5	2026-10-01T08:20:24.2884111Z GOROOT='/opt/hostedtoolcache/go/1.27.1/x64'
unit	Run actions/setup-go@v5	2026-10-01T08:20:24.2884617Z GOSUMDB='sum.golang.org'
unit	Run actions/setup-go@v5	2026-10-01T08:20:24.2885011Z GOTELEMETRY='local'
unit	Run actions/setup-go@v5	2026-10-01T08:20:24.2885448Z GOTELEMETRYDIR='/home/runner/.config/go/telemetry'
unit	Run actions/setup-go@v5	2026-10-01T08:20:24.2885944Z GOTMPDIR=''
unit	Run actions/setup-go@v5	2026-10-01T08:20:24.2886293Z GOTOOLCHAIN='auto'
unit	Run actions/setup-go@v5	2026-10-01T08:20:24.2886923Z GOTOOLDIR='/opt/hostedtoolcache/go/1.27.1/x64/pkg/tool/linux_amd64'
unit	Run actions/setup-go@v5	2026-10-01T08:20:24.2887538Z GOVCS=''
unit	Run actions/setup-go@v5	2026-10-01T08:20:24.2887869Z GOVERSION='go1.27.1'
unit	Run actions/setup-go@v5	2026-10-01T08:20:24.2888230Z GOWORK=''
unit	Run actions/setup-go@v5	2026-10-01T08:20:24.2888573Z PKG_CONFIG='pkg-config'
unit	Run actions/setup-go@v5	2026-10-01T08:20:24.2889032Z 
unit	Run actions/setup-go@v5	2026-10-01T08:20:24.2889536Z ##[endgroup]
unit	Run go test ./wf ./workflowlint ./identity ./journal ./lease ./provision ./reconcile ./client ./history ./worker ./integrity ./testcluster ./sim ./cmd/wf ./cmd/wf-worker ./cmd/wf-lint ./cmd/wf-cas-bench ./cmd/wf-scale ./cmd/wf-timer-volume	﻿2026-10-01T08:20:24.3301955Z ##[group]Run go test ./wf ./workflowlint ./identity ./journal ./lease ./provision ./reconcile ./client ./history ./worker ./integrity ./testcluster ./sim ./cmd/wf ./cmd/wf-worker ./cmd/wf-lint ./cmd/wf-cas-bench ./cmd/wf-scale ./cmd/wf-timer-volume
unit	Run go test ./wf ./workflowlint ./identity ./journal ./lease ./provision ./reconcile ./client ./history ./worker ./integrity ./testcluster ./sim ./cmd/wf ./cmd/wf-worker ./cmd/wf-lint ./cmd/wf-cas-bench ./cmd/wf-scale ./cmd/wf-timer-volume	2026-10-01T08:20:24.3304417Z ^[[36;1mgo test ./wf ./workflowlint ./identity ./journal ./lease ./provision ./reconcile ./client ./history ./worker ./integrity ./testcluster ./sim ./cmd/wf ./cmd/wf-worker ./cmd/wf-lint ./cmd/wf-cas-bench ./cmd/wf-scale ./cmd/wf-timer-volume^[[0m
unit	Run go test ./wf ./workflowlint ./identity ./journal ./lease ./provision ./reconcile ./client ./history ./worker ./integrity ./testcluster ./sim ./cmd/wf ./cmd/wf-worker ./cmd/wf-lint ./cmd/wf-cas-bench ./cmd/wf-scale ./cmd/wf-timer-volume	2026-10-01T08:20:24.6100773Z shell: /usr/bin/bash -e {0}
unit	Run go test ./wf ./workflowlint ./identity ./journal ./lease ./provision ./reconcile ./client ./history ./worker ./integrity ./testcluster ./sim ./cmd/wf ./cmd/wf-worker ./cmd/wf-lint ./cmd/wf-cas-bench ./cmd/wf-scale ./cmd/wf-timer-volume	2026-10-01T08:20:24.6101081Z env:
unit	Run go test ./wf ./workflowlint ./identity ./journal ./lease ./provision ./reconcile ./client ./history ./worker ./integrity ./testcluster ./sim ./cmd/wf ./cmd/wf-worker ./cmd/wf-lint ./cmd/wf-cas-bench ./cmd/wf-scale ./cmd/wf-timer-volume	2026-10-01T08:20:24.6101299Z   FAULT_TRACE_OUT: sim-failure.json
unit	Run go test ./wf ./workflowlint ./identity ./journal ./lease ./provision ./reconcile ./client ./history ./worker ./integrity ./testcluster ./sim ./cmd/wf ./cmd/wf-worker ./cmd/wf-lint ./cmd/wf-cas-bench ./cmd/wf-scale ./cmd/wf-timer-volume	2026-10-01T08:20:24.6101577Z ##[endgroup]
unit	Run go test ./wf ./workflowlint ./identity ./journal ./lease ./provision ./reconcile ./client ./history ./worker ./integrity ./testcluster ./sim ./cmd/wf ./cmd/wf-worker ./cmd/wf-lint ./cmd/wf-cas-bench ./cmd/wf-scale ./cmd/wf-timer-volume	2026-10-01T08:20:29.3426092Z ok  	js-wf/wf	2.115s
unit	Run go test ./wf ./workflowlint ./identity ./journal ./lease ./provision ./reconcile ./client ./history ./worker ./integrity ./testcluster ./sim ./cmd/wf ./cmd/wf-worker ./cmd/wf-lint ./cmd/wf-cas-bench ./cmd/wf-scale ./cmd/wf-timer-volume	2026-10-01T08:20:29.3426768Z ok  	js-wf/workflowlint	(cached)
unit	Run go test ./wf ./workflowlint ./identity ./journal ./lease ./provision ./reconcile ./client ./history ./worker ./integrity ./testcluster ./sim ./cmd/wf ./cmd/wf-worker ./cmd/wf-lint ./cmd/wf-cas-bench ./cmd/wf-scale ./cmd/wf-timer-volume	2026-10-01T08:20:29.3427378Z ?   	js-wf/identity	[no test files]
unit	Run go test ./wf ./workflowlint ./identity ./journal ./lease ./provision ./reconcile ./client ./history ./worker ./integrity ./testcluster ./sim ./cmd/wf ./cmd/wf-worker ./cmd/wf-lint ./cmd/wf-cas-bench ./cmd/wf-scale ./cmd/wf-timer-volume	2026-10-01T08:20:29.3427903Z ok  	js-wf/journal	0.025s
unit	Run go test ./wf ./workflowlint ./identity ./journal ./lease ./provision ./reconcile ./client ./history ./worker ./integrity ./testcluster ./sim ./cmd/wf ./cmd/wf-worker ./cmd/wf-lint ./cmd/wf-cas-bench ./cmd/wf-scale ./cmd/wf-timer-volume	2026-10-01T08:20:30.9588380Z ok  	js-wf/lease	3.375s
unit	Run go test ./wf ./workflowlint ./identity ./journal ./lease ./provision ./reconcile ./client ./history ./worker ./integrity ./testcluster ./sim ./cmd/wf ./cmd/wf-worker ./cmd/wf-lint ./cmd/wf-cas-bench ./cmd/wf-scale ./cmd/wf-timer-volume	2026-10-01T08:20:30.9589789Z ok  	js-wf/provision	0.005s
unit	Run go test ./wf ./workflowlint ./identity ./journal ./lease ./provision ./reconcile ./client ./history ./worker ./integrity ./testcluster ./sim ./cmd/wf ./cmd/wf-worker ./cmd/wf-lint ./cmd/wf-cas-bench ./cmd/wf-scale ./cmd/wf-timer-volume	2026-10-01T08:20:39.8497856Z ok  	js-wf/reconcile	11.200s
unit	Run go test ./wf ./workflowlint ./identity ./journal ./lease ./provision ./reconcile ./client ./history ./worker ./integrity ./testcluster ./sim ./cmd/wf ./cmd/wf-worker ./cmd/wf-lint ./cmd/wf-cas-bench ./cmd/wf-scale ./cmd/wf-timer-volume	2026-10-01T08:20:39.8498463Z ok  	js-wf/client	0.004s
unit	Run go test ./wf ./workflowlint ./identity ./journal ./lease ./provision ./reconcile ./client ./history ./worker ./integrity ./testcluster ./sim ./cmd/wf ./cmd/wf-worker ./cmd/wf-lint ./cmd/wf-cas-bench ./cmd/wf-scale ./cmd/wf-timer-volume	2026-10-01T08:20:39.8499161Z ok  	js-wf/history	0.046s
unit	Run go test ./wf ./workflowlint ./identity ./journal ./lease ./provision ./reconcile ./client ./history ./worker ./integrity ./testcluster ./sim ./cmd/wf ./cmd/wf-worker ./cmd/wf-lint ./cmd/wf-cas-bench ./cmd/wf-scale ./cmd/wf-timer-volume	2026-10-01T08:20:59.4041277Z ok  	js-wf/worker	28.922s
unit	Run go test ./wf ./workflowlint ./identity ./journal ./lease ./provision ./reconcile ./client ./history ./worker ./integrity ./testcluster ./sim ./cmd/wf ./cmd/wf-worker ./cmd/wf-lint ./cmd/wf-cas-bench ./cmd/wf-scale ./cmd/wf-timer-volume	2026-10-01T08:20:59.4069198Z ok  	js-wf/integrity	0.842s
unit	Run go test ./wf ./workflowlint ./identity ./journal ./lease ./provision ./reconcile ./client ./history ./worker ./integrity ./testcluster ./sim ./cmd/wf ./cmd/wf-worker ./cmd/wf-lint ./cmd/wf-cas-bench ./cmd/wf-scale ./cmd/wf-timer-volume	2026-10-01T08:20:59.4070139Z ok  	js-wf/testcluster	21.013s
unit	Run go test ./wf ./workflowlint ./identity ./journal ./lease ./provision ./reconcile ./client ./history ./worker ./integrity ./testcluster ./sim ./cmd/wf ./cmd/wf-worker ./cmd/wf-lint ./cmd/wf-cas-bench ./cmd/wf-scale ./cmd/wf-timer-volume	2026-10-01T08:22:34.6126040Z ok  	js-wf/sim	118.716s
unit	Run go test ./wf ./workflowlint ./identity ./journal ./lease ./provision ./reconcile ./client ./history ./worker ./integrity ./testcluster ./sim ./cmd/wf ./cmd/wf-worker ./cmd/wf-lint ./cmd/wf-cas-bench ./cmd/wf-scale ./cmd/wf-timer-volume	2026-10-01T08:22:34.6126548Z ok  	js-wf/cmd/wf	21.947s
unit	Run go test ./wf ./workflowlint ./identity ./journal ./lease ./provision ./reconcile ./client ./history ./worker ./integrity ./testcluster ./sim ./cmd/wf ./cmd/wf-worker ./cmd/wf-lint ./cmd/wf-cas-bench ./cmd/wf-scale ./cmd/wf-timer-volume	2026-10-01T08:22:34.6126938Z ok  	js-wf/cmd/wf-worker	4.411s
unit	Run go test ./wf ./workflowlint ./identity ./journal ./lease ./provision ./reconcile ./client ./history ./worker ./integrity ./testcluster ./sim ./cmd/wf ./cmd/wf-worker ./cmd/wf-lint ./cmd/wf-cas-bench ./cmd/wf-scale ./cmd/wf-timer-volume	2026-10-01T08:22:34.6127217Z ok  	js-wf/cmd/wf-lint	(cached)
unit	Run go test ./wf ./workflowlint ./identity ./journal ./lease ./provision ./reconcile ./client ./history ./worker ./integrity ./testcluster ./sim ./cmd/wf ./cmd/wf-worker ./cmd/wf-lint ./cmd/wf-cas-bench ./cmd/wf-scale ./cmd/wf-timer-volume	2026-10-01T08:22:34.6127492Z ok  	js-wf/cmd/wf-cas-bench	15.188s
unit	Run go test ./wf ./workflowlint ./identity ./journal ./lease ./provision ./reconcile ./client ./history ./worker ./integrity ./testcluster ./sim ./cmd/wf ./cmd/wf-worker ./cmd/wf-lint ./cmd/wf-cas-bench ./cmd/wf-scale ./cmd/wf-timer-volume	2026-10-01T08:22:34.6127774Z ok  	js-wf/cmd/wf-scale	18.362s
unit	Run go test ./wf ./workflowlint ./identity ./journal ./lease ./provision ./reconcile ./client ./history ./worker ./integrity ./testcluster ./sim ./cmd/wf ./cmd/wf-worker ./cmd/wf-lint ./cmd/wf-cas-bench ./cmd/wf-scale ./cmd/wf-timer-volume	2026-10-01T08:22:34.6128045Z ok  	js-wf/cmd/wf-timer-volume	0.040s
unit	Check benchmark and disk-trace parsers	﻿2026-10-01T08:22:34.6547876Z ##[group]Run python3 -m unittest discover -s scripts -p 'test_*.py'
unit	Check benchmark and disk-trace parsers	2026-10-01T08:22:34.6548398Z ^[[36;1mpython3 -m unittest discover -s scripts -p 'test_*.py'^[[0m
unit	Check benchmark and disk-trace parsers	2026-10-01T08:22:34.6611230Z shell: /usr/bin/bash -e {0}
unit	Check benchmark and disk-trace parsers	2026-10-01T08:22:34.6611497Z ##[endgroup]
unit	Check benchmark and disk-trace parsers	2026-10-01T08:22:34.8649721Z ..............
unit	Check benchmark and disk-trace parsers	2026-10-01T08:22:34.8650304Z ----------------------------------------------------------------------
unit	Check benchmark and disk-trace parsers	2026-10-01T08:22:34.8651055Z Ran 14 tests in 0.044s
unit	Check benchmark and disk-trace parsers	2026-10-01T08:22:34.8651250Z 
unit	Check benchmark and disk-trace parsers	2026-10-01T08:22:34.8651346Z OK
unit	Post Run actions/setup-go@v5	﻿2026-10-01T08:22:34.8824923Z Post job cleanup.
unit	Post Run actions/setup-go@v5	2026-10-01T08:22:35.0008387Z (node:4802) [DEP0040] DeprecationWarning: The `punycode` module is deprecated. Please use a userland alternative instead.
unit	Post Run actions/setup-go@v5	2026-10-01T08:22:35.0010002Z (Use `node --trace-deprecation ...` to show where the warning was created)
unit	Post Run actions/setup-go@v5	2026-10-01T08:22:35.0094349Z [command]/opt/hostedtoolcache/go/1.27.1/x64/bin/go env GOMODCACHE
unit	Post Run actions/setup-go@v5	2026-10-01T08:22:35.0141900Z [command]/opt/hostedtoolcache/go/1.27.1/x64/bin/go env GOCACHE
unit	Post Run actions/setup-go@v5	2026-10-01T08:22:35.0182194Z /home/runner/go/pkg/mod
unit	Post Run actions/setup-go@v5	2026-10-01T08:22:35.0185340Z /home/runner/.cache/go-build
unit	Post Run actions/setup-go@v5	2026-10-01T08:22:35.0209867Z Cache hit occurred on the primary key setup-go-Linux-x64-ubuntu24-go-1.27.1-487c2eade748c1cfcd01caf54d154b8f65df65b05311c1ecee4b42fdda97ee43, not saving cache.
unit	Post Run actions/checkout@v4	﻿2026-10-01T08:22:35.0464363Z Post job cleanup.
unit	Post Run actions/checkout@v4	2026-10-01T08:22:35.1335144Z [command]/usr/bin/git version
unit	Post Run actions/checkout@v4	2026-10-01T08:22:35.1379641Z git version 2.55.0
unit	Post Run actions/checkout@v4	2026-10-01T08:22:35.1423908Z Temporarily overriding HOME='/home/runner/work/_temp/0b44127b-0e5d-48a6-a349-d2292f518a36' before making global git config changes
unit	Post Run actions/checkout@v4	2026-10-01T08:22:35.1425271Z Adding repository directory to the temporary git global config as a safe directory
unit	Post Run actions/checkout@v4	2026-10-01T08:22:35.1430332Z [command]/usr/bin/git config --global --add safe.directory /home/runner/work/js-wf/js-wf
unit	Post Run actions/checkout@v4	2026-10-01T08:22:35.1468300Z [command]/usr/bin/git config --local --name-only --get-regexp core\.sshCommand
unit	Post Run actions/checkout@v4	2026-10-01T08:22:35.1503392Z [command]/usr/bin/git submodule foreach --recursive sh -c "git config --local --name-only --get-regexp 'core\.sshCommand' && git config --local --unset-all 'core.sshCommand' || :"
unit	Post Run actions/checkout@v4	2026-10-01T08:22:35.1810737Z [command]/usr/bin/git config --local --name-only --get-regexp http\.https\:\/\/github\.com\/\.extraheader
unit	Post Run actions/checkout@v4	2026-10-01T08:22:35.1844646Z http.https://github.com/.extraheader
unit	Post Run actions/checkout@v4	2026-10-01T08:22:35.1857323Z [command]/usr/bin/git config --local --unset-all http.https://github.com/.extraheader
unit	Post Run actions/checkout@v4	2026-10-01T08:22:35.1912407Z [command]/usr/bin/git submodule foreach --recursive sh -c "git config --local --name-only --get-regexp 'http\.https\:\/\/github\.com\/\.extraheader' && git config --local --unset-all 'http.https://github.com/.extraheader' || :"
unit	Post Run actions/checkout@v4	2026-10-01T08:22:35.2238400Z [command]/usr/bin/git config --local --name-only --get-regexp ^includeIf\.gitdir:
unit	Post Run actions/checkout@v4	2026-10-01T08:22:35.2285386Z [command]/usr/bin/git submodule foreach --recursive git config --local --show-origin --name-only --get-regexp remote.origin.url
unit	Complete job	﻿2026-10-01T08:22:35.2739839Z Cleaning up orphan processes
unit	Complete job	2026-10-01T08:22:35.3044619Z ##[warning]Node.js 20 is deprecated. The following actions target Node.js 20 but are being forced to run on Node.js 24: actions/checkout@v4, actions/setup-go@v5. For more information see: https://github.blog/changelog/2025-09-19-deprecation-of-node-20-on-github-actions-runners/
cluster-audit-scan	Set up job	﻿2026-10-01T08:20:06.7977558Z Current runner version: '2.337.0'
cluster-audit-scan	Set up job	2026-10-01T08:20:06.7995664Z ##[group]Runner Image Provisioner
cluster-audit-scan	Set up job	2026-10-01T08:20:06.7996217Z Hosted Compute Agent
cluster-audit-scan	Set up job	2026-10-01T08:20:06.7996605Z Version: 20260901.588
cluster-audit-scan	Set up job	2026-10-01T08:20:06.7996975Z Commit: f88ec8081b781fac6c440065ac7ff9e710ce3d0b
cluster-audit-scan	Set up job	2026-10-01T08:20:06.7997389Z Build Date: 2026-09-01T19:56:44Z
cluster-audit-scan	Set up job	2026-10-01T08:20:06.7997848Z Worker ID: {88f69ff1-5740-4e47-8dfb-b2c6739ef5a9}
cluster-audit-scan	Set up job	2026-10-01T08:20:06.7998248Z Azure Region: centralus
cluster-audit-scan	Set up job	2026-10-01T08:20:06.7998572Z ##[endgroup]
cluster-audit-scan	Set up job	2026-10-01T08:20:06.7999743Z ##[group]Operating System
cluster-audit-scan	Set up job	2026-10-01T08:20:06.8000099Z Ubuntu
cluster-audit-scan	Set up job	2026-10-01T08:20:06.8000515Z 24.04.5
cluster-audit-scan	Set up job	2026-10-01T08:20:06.8000807Z LTS
cluster-audit-scan	Set up job	2026-10-01T08:20:06.8001092Z ##[endgroup]
cluster-audit-scan	Set up job	2026-10-01T08:20:06.8001452Z ##[group]Runner Image
cluster-audit-scan	Set up job	2026-10-01T08:20:06.8001818Z Image: ubuntu-24.04
cluster-audit-scan	Set up job	2026-10-01T08:20:06.8002160Z Version: 20260927.320.1
cluster-audit-scan	Set up job	2026-10-01T08:20:06.8002757Z Included Software: https://github.com/actions/runner-images/blob/ubuntu24/20260927.320/images/ubuntu/Ubuntu2404-Readme.md
cluster-audit-scan	Set up job	2026-10-01T08:20:06.8003757Z Image Release: https://github.com/actions/runner-images/releases/tag/ubuntu24%2F20260927.320
cluster-audit-scan	Set up job	2026-10-01T08:20:06.8004318Z ##[endgroup]
cluster-audit-scan	Set up job	2026-10-01T08:20:06.8005031Z ##[group]GITHUB_TOKEN Permissions
cluster-audit-scan	Set up job	2026-10-01T08:20:06.8006166Z Contents: read
cluster-audit-scan	Set up job	2026-10-01T08:20:06.8006526Z Metadata: read
cluster-audit-scan	Set up job	2026-10-01T08:20:06.8006857Z Packages: read
cluster-audit-scan	Set up job	2026-10-01T08:20:06.8007206Z ##[endgroup]
cluster-audit-scan	Set up job	2026-10-01T08:20:06.8008522Z Secret source: Actions
cluster-audit-scan	Set up job	2026-10-01T08:20:06.8009235Z Cache mode: write
cluster-audit-scan	Set up job	2026-10-01T08:20:06.8009693Z Prepare workflow directory
cluster-audit-scan	Set up job	2026-10-01T08:20:06.8204549Z Prepare all required actions
cluster-audit-scan	Set up job	2026-10-01T08:20:06.8237859Z Getting action download info
cluster-audit-scan	Set up job	2026-10-01T08:20:07.2438004Z Download action repository 'actions/checkout@v4' (SHA:11d5960a326750d5838078e36cf38b85af677262)
cluster-audit-scan	Set up job	2026-10-01T08:20:07.3138283Z Download action repository 'actions/setup-go@v5' (SHA:40f1582b2485089dde7abd97c1529aa768e1baff)
cluster-audit-scan	Set up job	2026-10-01T08:20:07.8807621Z Complete job name: cluster-audit-scan
cluster-audit-scan	Run actions/checkout@v4	﻿2026-10-01T08:20:07.9326812Z ##[group]Run actions/checkout@v4
cluster-audit-scan	Run actions/checkout@v4	2026-10-01T08:20:07.9327603Z with:
cluster-audit-scan	Run actions/checkout@v4	2026-10-01T08:20:07.9328128Z   repository: AntPAllen/js-wf
cluster-audit-scan	Run actions/checkout@v4	2026-10-01T08:20:07.9333057Z   token: ***
cluster-audit-scan	Run actions/checkout@v4	2026-10-01T08:20:07.9333560Z   ssh-strict: true
cluster-audit-scan	Run actions/checkout@v4	2026-10-01T08:20:07.9334079Z   ssh-user: git
cluster-audit-scan	Run actions/checkout@v4	2026-10-01T08:20:07.9334603Z   persist-credentials: true
cluster-audit-scan	Run actions/checkout@v4	2026-10-01T08:20:07.9335185Z   clean: true
cluster-audit-scan	Run actions/checkout@v4	2026-10-01T08:20:07.9335725Z   sparse-checkout-cone-mode: true
cluster-audit-scan	Run actions/checkout@v4	2026-10-01T08:20:07.9336351Z   fetch-depth: 1
cluster-audit-scan	Run actions/checkout@v4	2026-10-01T08:20:07.9336860Z   fetch-tags: false
cluster-audit-scan	Run actions/checkout@v4	2026-10-01T08:20:07.9337387Z   show-progress: true
cluster-audit-scan	Run actions/checkout@v4	2026-10-01T08:20:07.9337931Z   lfs: false
cluster-audit-scan	Run actions/checkout@v4	2026-10-01T08:20:07.9338417Z   submodules: false
cluster-audit-scan	Run actions/checkout@v4	2026-10-01T08:20:07.9338954Z   set-safe-directory: true
cluster-audit-scan	Run actions/checkout@v4	2026-10-01T08:20:07.9339770Z   allow-unsafe-pr-checkout: false
cluster-audit-scan	Run actions/checkout@v4	2026-10-01T08:20:07.9340511Z ##[endgroup]
cluster-audit-scan	Run actions/checkout@v4	2026-10-01T08:20:07.9988128Z Syncing repository: AntPAllen/js-wf
cluster-audit-scan	Run actions/checkout@v4	2026-10-01T08:20:07.9990663Z ##[group]Getting Git version info
cluster-audit-scan	Run actions/checkout@v4	2026-10-01T08:20:07.9991832Z Working directory is '/home/runner/work/js-wf/js-wf'
cluster-audit-scan	Run actions/checkout@v4	2026-10-01T08:20:07.9993718Z [command]/usr/bin/git version
cluster-audit-scan	Run actions/checkout@v4	2026-10-01T08:20:08.0043966Z git version 2.55.0
cluster-audit-scan	Run actions/checkout@v4	2026-10-01T08:20:08.0058264Z ##[endgroup]
cluster-audit-scan	Run actions/checkout@v4	2026-10-01T08:20:08.0067860Z Temporarily overriding HOME='/home/runner/work/_temp/339d87a7-ae95-4905-bfb2-475f7ae1bedc' before making global git config changes
cluster-audit-scan	Run actions/checkout@v4	2026-10-01T08:20:08.0070590Z Adding repository directory to the temporary git global config as a safe directory
cluster-audit-scan	Run actions/checkout@v4	2026-10-01T08:20:08.0072722Z [command]/usr/bin/git config --global --add safe.directory /home/runner/work/js-wf/js-wf
cluster-audit-scan	Run actions/checkout@v4	2026-10-01T08:20:08.0115284Z Deleting the contents of '/home/runner/work/js-wf/js-wf'
cluster-audit-scan	Run actions/checkout@v4	2026-10-01T08:20:08.0118641Z ##[group]Initializing the repository
cluster-audit-scan	Run actions/checkout@v4	2026-10-01T08:20:08.0121223Z [command]/usr/bin/git init /home/runner/work/js-wf/js-wf
cluster-audit-scan	Run actions/checkout@v4	2026-10-01T08:20:08.0262694Z hint: Using 'master' as the name for the initial branch. This default branch name
cluster-audit-scan	Run actions/checkout@v4	2026-10-01T08:20:08.0264758Z hint: will change to "main" in Git 3.0. To configure the initial branch name
cluster-audit-scan	Run actions/checkout@v4	2026-10-01T08:20:08.0266749Z hint: to use in all of your new repositories, which will suppress this warning,
cluster-audit-scan	Run actions/checkout@v4	2026-10-01T08:20:08.0269245Z hint: call:
cluster-audit-scan	Run actions/checkout@v4	2026-10-01T08:20:08.0270154Z hint:
cluster-audit-scan	Run actions/checkout@v4	2026-10-01T08:20:08.0271200Z hint: 	git config --global init.defaultBranch <name>
cluster-audit-scan	Run actions/checkout@v4	2026-10-01T08:20:08.0272437Z hint:
cluster-audit-scan	Run actions/checkout@v4	2026-10-01T08:20:08.0273605Z hint: Names commonly chosen instead of 'master' are 'main', 'trunk' and
cluster-audit-scan	Run actions/checkout@v4	2026-10-01T08:20:08.0275447Z hint: 'development'. The just-created branch can be renamed via this command:
cluster-audit-scan	Run actions/checkout@v4	2026-10-01T08:20:08.0276486Z hint:
cluster-audit-scan	Run actions/checkout@v4	2026-10-01T08:20:08.0276985Z hint: 	git branch -m <name>
cluster-audit-scan	Run actions/checkout@v4	2026-10-01T08:20:08.0277551Z hint:
cluster-audit-scan	Run actions/checkout@v4	2026-10-01T08:20:08.0278287Z hint: Disable this message with "git config set advice.defaultBranchName false"
cluster-audit-scan	Run actions/checkout@v4	2026-10-01T08:20:08.0279584Z Initialized empty Git repository in /home/runner/work/js-wf/js-wf/.git/
cluster-audit-scan	Run actions/checkout@v4	2026-10-01T08:20:08.0281621Z [command]/usr/bin/git remote add origin https://github.com/AntPAllen/js-wf
cluster-audit-scan	Run actions/checkout@v4	2026-10-01T08:20:08.0408318Z ##[endgroup]
cluster-audit-scan	Run actions/checkout@v4	2026-10-01T08:20:08.0409519Z ##[group]Disabling automatic garbage collection
cluster-audit-scan	Run actions/checkout@v4	2026-10-01T08:20:08.0411770Z [command]/usr/bin/git config --local gc.auto 0
cluster-audit-scan	Run actions/checkout@v4	2026-10-01T08:20:08.0442346Z ##[endgroup]
cluster-audit-scan	Run actions/checkout@v4	2026-10-01T08:20:08.0443245Z ##[group]Setting up auth
cluster-audit-scan	Run actions/checkout@v4	2026-10-01T08:20:08.0446501Z [command]/usr/bin/git config --local --name-only --get-regexp core\.sshCommand
cluster-audit-scan	Run actions/checkout@v4	2026-10-01T08:20:08.0475048Z [command]/usr/bin/git submodule foreach --recursive sh -c "git config --local --name-only --get-regexp 'core\.sshCommand' && git config --local --unset-all 'core.sshCommand' || :"
cluster-audit-scan	Run actions/checkout@v4	2026-10-01T08:20:08.0756753Z [command]/usr/bin/git config --local --name-only --get-regexp http\.https\:\/\/github\.com\/\.extraheader
cluster-audit-scan	Run actions/checkout@v4	2026-10-01T08:20:08.0785783Z [command]/usr/bin/git submodule foreach --recursive sh -c "git config --local --name-only --get-regexp 'http\.https\:\/\/github\.com\/\.extraheader' && git config --local --unset-all 'http.https://github.com/.extraheader' || :"
cluster-audit-scan	Run actions/checkout@v4	2026-10-01T08:20:08.0951364Z [command]/usr/bin/git config --local --name-only --get-regexp ^includeIf\.gitdir:
cluster-audit-scan	Run actions/checkout@v4	2026-10-01T08:20:08.0978345Z [command]/usr/bin/git submodule foreach --recursive git config --local --show-origin --name-only --get-regexp remote.origin.url
cluster-audit-scan	Run actions/checkout@v4	2026-10-01T08:20:08.1143068Z [command]/usr/bin/git config --local http.https://github.com/.extraheader AUTHORIZATION: basic ***
cluster-audit-scan	Run actions/checkout@v4	2026-10-01T08:20:08.1174560Z ##[endgroup]
cluster-audit-scan	Run actions/checkout@v4	2026-10-01T08:20:08.1175580Z ##[group]Fetching the repository
cluster-audit-scan	Run actions/checkout@v4	2026-10-01T08:20:08.1181162Z [command]/usr/bin/git -c protocol.version=2 fetch --no-tags --prune --no-recurse-submodules --depth=1 origin +1bcf5ef52172d76a537911b7975f29c2502fa4b4:refs/remotes/origin/main
cluster-audit-scan	Run actions/checkout@v4	2026-10-01T08:20:10.9544773Z From https://github.com/AntPAllen/js-wf
cluster-audit-scan	Run actions/checkout@v4	2026-10-01T08:20:10.9545440Z  * [new ref]         1bcf5ef52172d76a537911b7975f29c2502fa4b4 -> origin/main
cluster-audit-scan	Run actions/checkout@v4	2026-10-01T08:20:10.9553998Z ##[endgroup]
cluster-audit-scan	Run actions/checkout@v4	2026-10-01T08:20:10.9554555Z ##[group]Determining the checkout info
cluster-audit-scan	Run actions/checkout@v4	2026-10-01T08:20:10.9554978Z ##[endgroup]
cluster-audit-scan	Run actions/checkout@v4	2026-10-01T08:20:10.9555414Z [command]/usr/bin/git sparse-checkout disable
cluster-audit-scan	Run actions/checkout@v4	2026-10-01T08:20:10.9765838Z [command]/usr/bin/git config --local --unset-all extensions.worktreeConfig
cluster-audit-scan	Run actions/checkout@v4	2026-10-01T08:20:10.9794480Z ##[group]Checking out the ref
cluster-audit-scan	Run actions/checkout@v4	2026-10-01T08:20:10.9797654Z [command]/usr/bin/git checkout --progress --force -B main refs/remotes/origin/main
cluster-audit-scan	Run actions/checkout@v4	2026-10-01T08:20:11.1165661Z Switched to a new branch 'main'
cluster-audit-scan	Run actions/checkout@v4	2026-10-01T08:20:11.1167431Z branch 'main' set up to track 'origin/main'.
cluster-audit-scan	Run actions/checkout@v4	2026-10-01T08:20:11.1186851Z ##[endgroup]
cluster-audit-scan	Run actions/checkout@v4	2026-10-01T08:20:11.1224887Z [command]/usr/bin/git log -1 --format=%H
cluster-audit-scan	Run actions/checkout@v4	2026-10-01T08:20:11.1247047Z 1bcf5ef52172d76a537911b7975f29c2502fa4b4
cluster-audit-scan	Run actions/setup-go@v5	﻿2026-10-01T08:20:11.1426366Z ##[group]Run actions/setup-go@v5
cluster-audit-scan	Run actions/setup-go@v5	2026-10-01T08:20:11.1426563Z with:
cluster-audit-scan	Run actions/setup-go@v5	2026-10-01T08:20:11.1426686Z   go-version-file: go.mod
cluster-audit-scan	Run actions/setup-go@v5	2026-10-01T08:20:11.1426822Z   check-latest: false
cluster-audit-scan	Run actions/setup-go@v5	2026-10-01T08:20:11.1428031Z   token: ***
cluster-audit-scan	Run actions/setup-go@v5	2026-10-01T08:20:11.1428154Z   cache: true
cluster-audit-scan	Run actions/setup-go@v5	2026-10-01T08:20:11.1428273Z ##[endgroup]
cluster-audit-scan	Run actions/setup-go@v5	2026-10-01T08:20:11.2213186Z Setup go version spec 1.27.1
cluster-audit-scan	Run actions/setup-go@v5	2026-10-01T08:20:11.2218417Z Attempting to download 1.27.1...
cluster-audit-scan	Run actions/setup-go@v5	2026-10-01T08:20:11.2286482Z (node:2072) [DEP0040] DeprecationWarning: The `punycode` module is deprecated. Please use a userland alternative instead.
cluster-audit-scan	Run actions/setup-go@v5	2026-10-01T08:20:11.2286972Z (Use `node --trace-deprecation ...` to show where the warning was created)
cluster-audit-scan	Run actions/setup-go@v5	2026-10-01T08:20:11.9914844Z matching 1.27.1...
cluster-audit-scan	Run actions/setup-go@v5	2026-10-01T08:20:11.9929677Z Acquiring 1.27.1 from https://github.com/actions/go-versions/releases/download/1.27.1-33583469715/go-1.27.1-linux-x64.tar.gz
cluster-audit-scan	Run actions/setup-go@v5	2026-10-01T08:20:12.4711573Z Extracting Go...
cluster-audit-scan	Run actions/setup-go@v5	2026-10-01T08:20:12.4795359Z [command]/usr/bin/tar xz --warning=no-unknown-keyword --overwrite -C /home/runner/work/_temp/5907038f-4160-453c-b4bb-aed7a6a7ff79 -f /home/runner/work/_temp/94b70291-2852-480e-a6a0-abdac2bc988e
cluster-audit-scan	Run actions/setup-go@v5	2026-10-01T08:20:13.6878131Z Successfully extracted go to /home/runner/work/_temp/5907038f-4160-453c-b4bb-aed7a6a7ff79
cluster-audit-scan	Run actions/setup-go@v5	2026-10-01T08:20:13.6878668Z Adding to the cache ...
cluster-audit-scan	Run actions/setup-go@v5	2026-10-01T08:20:17.2176205Z Successfully cached go to /opt/hostedtoolcache/go/1.27.1/x64
cluster-audit-scan	Run actions/setup-go@v5	2026-10-01T08:20:17.2177454Z Added go to the path
cluster-audit-scan	Run actions/setup-go@v5	2026-10-01T08:20:17.2179399Z Successfully set up Go version 1.27.1
cluster-audit-scan	Run actions/setup-go@v5	2026-10-01T08:20:17.2354948Z [command]/opt/hostedtoolcache/go/1.27.1/x64/bin/go env GOMODCACHE
cluster-audit-scan	Run actions/setup-go@v5	2026-10-01T08:20:17.2389580Z [command]/opt/hostedtoolcache/go/1.27.1/x64/bin/go env GOCACHE
cluster-audit-scan	Run actions/setup-go@v5	2026-10-01T08:20:17.2423560Z /home/runner/go/pkg/mod
cluster-audit-scan	Run actions/setup-go@v5	2026-10-01T08:20:17.2437807Z /home/runner/.cache/go-build
cluster-audit-scan	Run actions/setup-go@v5	2026-10-01T08:20:17.3780998Z Cache hit for: setup-go-Linux-x64-ubuntu24-go-1.27.1-487c2eade748c1cfcd01caf54d154b8f65df65b05311c1ecee4b42fdda97ee43
cluster-audit-scan	Run actions/setup-go@v5	2026-10-01T08:20:17.3853507Z (node:2072) [DEP0169] DeprecationWarning: `url.parse()` behavior is not standardized and prone to errors that have security implications. Use the WHATWG URL API instead. CVEs are not issued for `url.parse()` vulnerabilities.
cluster-audit-scan	Run actions/setup-go@v5	2026-10-01T08:20:18.5540520Z Received 117440512 of 189957878 (61.8%), 111.6 MBs/sec
cluster-audit-scan	Run actions/setup-go@v5	2026-10-01T08:20:18.9887055Z Received 189957878 of 189957878 (100.0%), 126.2 MBs/sec
cluster-audit-scan	Run actions/setup-go@v5	2026-10-01T08:20:18.9887445Z Cache Size: ~181 MB (189957878 B)
cluster-audit-scan	Run actions/setup-go@v5	2026-10-01T08:20:18.9923976Z [command]/usr/bin/tar -xf /home/runner/work/_temp/c6291401-1275-433c-bc38-0ed8296626b1/cache.tzst -P -C /home/runner/work/js-wf/js-wf --use-compress-program unzstd
cluster-audit-scan	Run actions/setup-go@v5	2026-10-01T08:20:19.6150175Z Cache restored successfully
cluster-audit-scan	Run actions/setup-go@v5	2026-10-01T08:20:19.6226775Z Cache restored from key: setup-go-Linux-x64-ubuntu24-go-1.27.1-487c2eade748c1cfcd01caf54d154b8f65df65b05311c1ecee4b42fdda97ee43
cluster-audit-scan	Run actions/setup-go@v5	2026-10-01T08:20:19.6249650Z go version go1.27.1 linux/amd64
cluster-audit-scan	Run actions/setup-go@v5	2026-10-01T08:20:19.6249805Z 
cluster-audit-scan	Run actions/setup-go@v5	2026-10-01T08:20:19.6250020Z ##[group]go env
cluster-audit-scan	Run actions/setup-go@v5	2026-10-01T08:20:19.6361545Z AR='ar'
cluster-audit-scan	Run actions/setup-go@v5	2026-10-01T08:20:19.6361784Z CC='gcc'
cluster-audit-scan	Run actions/setup-go@v5	2026-10-01T08:20:19.6361986Z CGO_CFLAGS='-O2 -g'
cluster-audit-scan	Run actions/setup-go@v5	2026-10-01T08:20:19.6362183Z CGO_CPPFLAGS=''
cluster-audit-scan	Run actions/setup-go@v5	2026-10-01T08:20:19.6362375Z CGO_CXXFLAGS='-O2 -g'
cluster-audit-scan	Run actions/setup-go@v5	2026-10-01T08:20:19.6362575Z CGO_ENABLED='1'
cluster-audit-scan	Run actions/setup-go@v5	2026-10-01T08:20:19.6362757Z CGO_FFLAGS='-O2 -g'
cluster-audit-scan	Run actions/setup-go@v5	2026-10-01T08:20:19.6362947Z CGO_LDFLAGS='-O2 -g'
cluster-audit-scan	Run actions/setup-go@v5	2026-10-01T08:20:19.6363131Z CXX='g++'
cluster-audit-scan	Run actions/setup-go@v5	2026-10-01T08:20:19.6363300Z GCCGO='gccgo'
cluster-audit-scan	Run actions/setup-go@v5	2026-10-01T08:20:19.6363479Z GO111MODULE=''
cluster-audit-scan	Run actions/setup-go@v5	2026-10-01T08:20:19.6363654Z GOAMD64='v1'
cluster-audit-scan	Run actions/setup-go@v5	2026-10-01T08:20:19.6363847Z GOARCH='amd64'
cluster-audit-scan	Run actions/setup-go@v5	2026-10-01T08:20:19.6364015Z GOAUTH='netrc'
cluster-audit-scan	Run actions/setup-go@v5	2026-10-01T08:20:19.6364203Z GOBIN='/home/runner/go/bin'
cluster-audit-scan	Run actions/setup-go@v5	2026-10-01T08:20:19.6364434Z GOCACHE='/home/runner/.cache/go-build'
cluster-audit-scan	Run actions/setup-go@v5	2026-10-01T08:20:19.6364667Z GOCACHEPROG=''
cluster-audit-scan	Run actions/setup-go@v5	2026-10-01T08:20:19.6364841Z GODEBUG=''
cluster-audit-scan	Run actions/setup-go@v5	2026-10-01T08:20:19.6365053Z GOENV='/home/runner/.config/go/env'
cluster-audit-scan	Run actions/setup-go@v5	2026-10-01T08:20:19.6365274Z GOEXE=''
cluster-audit-scan	Run actions/setup-go@v5	2026-10-01T08:20:19.6365443Z GOEXPERIMENT=''
cluster-audit-scan	Run actions/setup-go@v5	2026-10-01T08:20:19.6365636Z GOFIPS140='off'
cluster-audit-scan	Run actions/setup-go@v5	2026-10-01T08:20:19.6365807Z GOFLAGS=''
cluster-audit-scan	Run actions/setup-go@v5	2026-10-01T08:20:19.6366358Z GOGCCFLAGS='-fPIC -m64 -pthread -Wl,--no-gc-sections -fmessage-length=0 -ffile-prefix-map=/tmp/go-build3055589614=/tmp/go-build -gno-record-gcc-switches'
cluster-audit-scan	Run actions/setup-go@v5	2026-10-01T08:20:19.6367296Z GOHOSTARCH='amd64'
cluster-audit-scan	Run actions/setup-go@v5	2026-10-01T08:20:19.6367484Z GOHOSTOS='linux'
cluster-audit-scan	Run actions/setup-go@v5	2026-10-01T08:20:19.6367666Z GOINSECURE=''
cluster-audit-scan	Run actions/setup-go@v5	2026-10-01T08:20:19.6367876Z GOMOD='/home/runner/work/js-wf/js-wf/go.mod'
cluster-audit-scan	Run actions/setup-go@v5	2026-10-01T08:20:19.6368137Z GOMODCACHE='/home/runner/go/pkg/mod'
cluster-audit-scan	Run actions/setup-go@v5	2026-10-01T08:20:19.6368518Z GONOPROXY=''
cluster-audit-scan	Run actions/setup-go@v5	2026-10-01T08:20:19.6368692Z GONOSUMDB=''
cluster-audit-scan	Run actions/setup-go@v5	2026-10-01T08:20:19.6368865Z GOOS='linux'
cluster-audit-scan	Run actions/setup-go@v5	2026-10-01T08:20:19.6369153Z GOPACKAGESDRIVER=''
cluster-audit-scan	Run actions/setup-go@v5	2026-10-01T08:20:19.6369347Z GOPATH='/home/runner/go'
cluster-audit-scan	Run actions/setup-go@v5	2026-10-01T08:20:19.6436521Z GOPRIVATE=''
cluster-audit-scan	Run actions/setup-go@v5	2026-10-01T08:20:19.6436846Z GOPROXY='https://proxy.golang.org,direct'
cluster-audit-scan	Run actions/setup-go@v5	2026-10-01T08:20:19.6437199Z GOROOT='/opt/hostedtoolcache/go/1.27.1/x64'
cluster-audit-scan	Run actions/setup-go@v5	2026-10-01T08:20:19.6437501Z GOSUMDB='sum.golang.org'
cluster-audit-scan	Run actions/setup-go@v5	2026-10-01T08:20:19.6437761Z GOTELEMETRY='local'
cluster-audit-scan	Run actions/setup-go@v5	2026-10-01T08:20:19.6438047Z GOTELEMETRYDIR='/home/runner/.config/go/telemetry'
cluster-audit-scan	Run actions/setup-go@v5	2026-10-01T08:20:19.6438354Z GOTMPDIR=''
cluster-audit-scan	Run actions/setup-go@v5	2026-10-01T08:20:19.6438544Z GOTOOLCHAIN='auto'
cluster-audit-scan	Run actions/setup-go@v5	2026-10-01T08:20:19.6438819Z GOTOOLDIR='/opt/hostedtoolcache/go/1.27.1/x64/pkg/tool/linux_amd64'
cluster-audit-scan	Run actions/setup-go@v5	2026-10-01T08:20:19.6439258Z GOVCS=''
cluster-audit-scan	Run actions/setup-go@v5	2026-10-01T08:20:19.6439436Z GOVERSION='go1.27.1'
cluster-audit-scan	Run actions/setup-go@v5	2026-10-01T08:20:19.6439627Z GOWORK=''
cluster-audit-scan	Run actions/setup-go@v5	2026-10-01T08:20:19.6439823Z PKG_CONFIG='pkg-config'
cluster-audit-scan	Run actions/setup-go@v5	2026-10-01T08:20:19.6439959Z 
cluster-audit-scan	Run actions/setup-go@v5	2026-10-01T08:20:19.6440266Z ##[endgroup]
cluster-audit-scan	Audit 33600 retained entries within the checkpoint deadline	﻿2026-10-01T08:20:19.6550000Z ##[group]Run WF_AUDIT_SCALE=1 go test -race ./integration -run '^TestRetainedAudit(ThirtyThousandEntries|ThreeThousandTerminals)WithinCheckpointDeadline$' -count=1 -timeout=4m -v
cluster-audit-scan	Audit 33600 retained entries within the checkpoint deadline	2026-10-01T08:20:19.6550699Z ^[[36;1mWF_AUDIT_SCALE=1 go test -race ./integration -run '^TestRetainedAudit(ThirtyThousandEntries|ThreeThousandTerminals)WithinCheckpointDeadline$' -count=1 -timeout=4m -v^[[0m
cluster-audit-scan	Audit 33600 retained entries within the checkpoint deadline	2026-10-01T08:20:19.6762915Z shell: /usr/bin/bash -e {0}
cluster-audit-scan	Audit 33600 retained entries within the checkpoint deadline	2026-10-01T08:20:19.6763088Z ##[endgroup]
cluster-audit-scan	Audit 33600 retained entries within the checkpoint deadline	2026-10-01T08:20:52.1815815Z === RUN   TestRetainedAuditThirtyThousandEntriesWithinCheckpointDeadline
cluster-audit-scan	Audit 33600 retained entries within the checkpoint deadline	2026-10-01T08:21:03.9486687Z     integrity_scan_scale_test.go:19: AUDIT_SCALE invocations=800 entries=33600 elapsed=6.21023682s deadline=20s
cluster-audit-scan	Audit 33600 retained entries within the checkpoint deadline	2026-10-01T08:21:04.0330418Z --- PASS: TestRetainedAuditThirtyThousandEntriesWithinCheckpointDeadline (11.85s)
cluster-audit-scan	Audit 33600 retained entries within the checkpoint deadline	2026-10-01T08:21:04.0330994Z === RUN   TestRetainedAuditThreeThousandTerminalsWithinCheckpointDeadline
cluster-audit-scan	Audit 33600 retained entries within the checkpoint deadline	2026-10-01T08:21:16.7735304Z     integrity_scan_scale_test.go:23: AUDIT_SCALE invocations=3200 entries=32000 elapsed=6.639560021s deadline=20s
cluster-audit-scan	Audit 33600 retained entries within the checkpoint deadline	2026-10-01T08:21:16.9025920Z --- PASS: TestRetainedAuditThreeThousandTerminalsWithinCheckpointDeadline (12.87s)
cluster-audit-scan	Audit 33600 retained entries within the checkpoint deadline	2026-10-01T08:21:16.9026502Z PASS
cluster-audit-scan	Audit 33600 retained entries within the checkpoint deadline	2026-10-01T08:21:17.9258299Z ok  	js-wf/integration	25.753s
cluster-audit-scan	Post Run actions/setup-go@v5	﻿2026-10-01T08:21:18.1756085Z Post job cleanup.
cluster-audit-scan	Post Run actions/setup-go@v5	2026-10-01T08:21:18.2531865Z (node:6460) [DEP0040] DeprecationWarning: The `punycode` module is deprecated. Please use a userland alternative instead.
cluster-audit-scan	Post Run actions/setup-go@v5	2026-10-01T08:21:18.2532542Z (Use `node --trace-deprecation ...` to show where the warning was created)
cluster-audit-scan	Post Run actions/setup-go@v5	2026-10-01T08:21:18.2577116Z [command]/opt/hostedtoolcache/go/1.27.1/x64/bin/go env GOMODCACHE
cluster-audit-scan	Post Run actions/setup-go@v5	2026-10-01T08:21:18.2606313Z [command]/opt/hostedtoolcache/go/1.27.1/x64/bin/go env GOCACHE
cluster-audit-scan	Post Run actions/setup-go@v5	2026-10-01T08:21:18.2629915Z /home/runner/go/pkg/mod
cluster-audit-scan	Post Run actions/setup-go@v5	2026-10-01T08:21:18.2645991Z /home/runner/.cache/go-build
cluster-audit-scan	Post Run actions/setup-go@v5	2026-10-01T08:21:18.2649838Z Cache hit occurred on the primary key setup-go-Linux-x64-ubuntu24-go-1.27.1-487c2eade748c1cfcd01caf54d154b8f65df65b05311c1ecee4b42fdda97ee43, not saving cache.
cluster-audit-scan	Post Run actions/checkout@v4	﻿2026-10-01T08:21:18.2803167Z Post job cleanup.
cluster-audit-scan	Post Run actions/checkout@v4	2026-10-01T08:21:18.3339872Z [command]/usr/bin/git version
cluster-audit-scan	Post Run actions/checkout@v4	2026-10-01T08:21:18.3361731Z git version 2.55.0
cluster-audit-scan	Post Run actions/checkout@v4	2026-10-01T08:21:18.3384276Z Temporarily overriding HOME='/home/runner/work/_temp/573c06ef-7c11-412d-82c0-0e4bca05c78c' before making global git config changes
cluster-audit-scan	Post Run actions/checkout@v4	2026-10-01T08:21:18.3384986Z Adding repository directory to the temporary git global config as a safe directory
cluster-audit-scan	Post Run actions/checkout@v4	2026-10-01T08:21:18.3388065Z [command]/usr/bin/git config --global --add safe.directory /home/runner/work/js-wf/js-wf
cluster-audit-scan	Post Run actions/checkout@v4	2026-10-01T08:21:18.3419806Z [command]/usr/bin/git config --local --name-only --get-regexp core\.sshCommand
cluster-audit-scan	Post Run actions/checkout@v4	2026-10-01T08:21:18.3446842Z [command]/usr/bin/git submodule foreach --recursive sh -c "git config --local --name-only --get-regexp 'core\.sshCommand' && git config --local --unset-all 'core.sshCommand' || :"
cluster-audit-scan	Post Run actions/checkout@v4	2026-10-01T08:21:18.3639792Z [command]/usr/bin/git config --local --name-only --get-regexp http\.https\:\/\/github\.com\/\.extraheader
cluster-audit-scan	Post Run actions/checkout@v4	2026-10-01T08:21:18.3678352Z http.https://github.com/.extraheader
cluster-audit-scan	Post Run actions/checkout@v4	2026-10-01T08:21:18.3693104Z [command]/usr/bin/git config --local --unset-all http.https://github.com/.extraheader
cluster-audit-scan	Post Run actions/checkout@v4	2026-10-01T08:21:18.3727534Z [command]/usr/bin/git submodule foreach --recursive sh -c "git config --local --name-only --get-regexp 'http\.https\:\/\/github\.com\/\.extraheader' && git config --local --unset-all 'http.https://github.com/.extraheader' || :"
cluster-audit-scan	Post Run actions/checkout@v4	2026-10-01T08:21:18.3934837Z [command]/usr/bin/git config --local --name-only --get-regexp ^includeIf\.gitdir:
cluster-audit-scan	Post Run actions/checkout@v4	2026-10-01T08:21:18.3964116Z [command]/usr/bin/git submodule foreach --recursive git config --local --show-origin --name-only --get-regexp remote.origin.url
cluster-audit-scan	Complete job	﻿2026-10-01T08:21:18.4253465Z Cleaning up orphan processes
cluster-audit-scan	Complete job	2026-10-01T08:21:18.4434821Z ##[warning]Node.js 20 is deprecated. The following actions target Node.js 20 but are being forced to run on Node.js 24: actions/checkout@v4, actions/setup-go@v5. For more information see: https://github.blog/changelog/2025-09-19-deprecation-of-node-20-on-github-actions-runners/
cluster-scale-fanout	Set up job	﻿2026-10-01T08:20:07.3117434Z Current runner version: '2.337.0'
cluster-scale-fanout	Set up job	2026-10-01T08:20:07.3143806Z ##[group]Runner Image Provisioner
cluster-scale-fanout	Set up job	2026-10-01T08:20:07.3145005Z Hosted Compute Agent
cluster-scale-fanout	Set up job	2026-10-01T08:20:07.3145717Z Version: 20260828.587
cluster-scale-fanout	Set up job	2026-10-01T08:20:07.3146391Z Commit: abac92662cab4cc7352de4f9f9d2e2419aad9c29
cluster-scale-fanout	Set up job	2026-10-01T08:20:07.3147135Z Build Date: 2026-08-28T16:44:25Z
cluster-scale-fanout	Set up job	2026-10-01T08:20:07.3147972Z Worker ID: {7f83f824-46a2-4537-a6b5-1089f502af25}
cluster-scale-fanout	Set up job	2026-10-01T08:20:07.3148760Z Azure Region: northcentralus
cluster-scale-fanout	Set up job	2026-10-01T08:20:07.3149455Z ##[endgroup]
cluster-scale-fanout	Set up job	2026-10-01T08:20:07.3150877Z ##[group]Operating System
cluster-scale-fanout	Set up job	2026-10-01T08:20:07.3151508Z Ubuntu
cluster-scale-fanout	Set up job	2026-10-01T08:20:07.3152147Z 24.04.5
cluster-scale-fanout	Set up job	2026-10-01T08:20:07.3152737Z LTS
cluster-scale-fanout	Set up job	2026-10-01T08:20:07.3153324Z ##[endgroup]
cluster-scale-fanout	Set up job	2026-10-01T08:20:07.3153919Z ##[group]Runner Image
cluster-scale-fanout	Set up job	2026-10-01T08:20:07.3154865Z Image: ubuntu-24.04
cluster-scale-fanout	Set up job	2026-10-01T08:20:07.3155543Z Version: 20260920.314.1
cluster-scale-fanout	Set up job	2026-10-01T08:20:07.3156679Z Included Software: https://github.com/actions/runner-images/blob/ubuntu24/20260920.314/images/ubuntu/Ubuntu2404-Readme.md
cluster-scale-fanout	Set up job	2026-10-01T08:20:07.3158486Z Image Release: https://github.com/actions/runner-images/releases/tag/ubuntu24%2F20260920.314
cluster-scale-fanout	Set up job	2026-10-01T08:20:07.3159529Z ##[endgroup]
cluster-scale-fanout	Set up job	2026-10-01T08:20:07.3160851Z ##[group]GITHUB_TOKEN Permissions
cluster-scale-fanout	Set up job	2026-10-01T08:20:07.3163049Z Contents: read
cluster-scale-fanout	Set up job	2026-10-01T08:20:07.3163837Z Metadata: read
cluster-scale-fanout	Set up job	2026-10-01T08:20:07.3164597Z Packages: read
cluster-scale-fanout	Set up job	2026-10-01T08:20:07.3165229Z ##[endgroup]
cluster-scale-fanout	Set up job	2026-10-01T08:20:07.3167360Z Secret source: Actions
cluster-scale-fanout	Set up job	2026-10-01T08:20:07.3168425Z Cache mode: write
cluster-scale-fanout	Set up job	2026-10-01T08:20:07.3169479Z Prepare workflow directory
cluster-scale-fanout	Set up job	2026-10-01T08:20:07.3581790Z Prepare all required actions
cluster-scale-fanout	Set up job	2026-10-01T08:20:07.3648866Z Getting action download info
cluster-scale-fanout	Set up job	2026-10-01T08:20:07.6212158Z Download action repository 'actions/checkout@v4' (SHA:11d5960a326750d5838078e36cf38b85af677262)
cluster-scale-fanout	Set up job	2026-10-01T08:20:08.3683337Z Download action repository 'actions/setup-go@v5' (SHA:40f1582b2485089dde7abd97c1529aa768e1baff)
cluster-scale-fanout	Set up job	2026-10-01T08:20:09.1856107Z Complete job name: cluster-scale-fanout
cluster-scale-fanout	Run actions/checkout@v4	﻿2026-10-01T08:20:09.2895613Z ##[group]Run actions/checkout@v4
cluster-scale-fanout	Run actions/checkout@v4	2026-10-01T08:20:09.2897176Z with:
cluster-scale-fanout	Run actions/checkout@v4	2026-10-01T08:20:09.2898110Z   repository: AntPAllen/js-wf
cluster-scale-fanout	Run actions/checkout@v4	2026-10-01T08:20:09.2907050Z   token: ***
cluster-scale-fanout	Run actions/checkout@v4	2026-10-01T08:20:09.2907966Z   ssh-strict: true
cluster-scale-fanout	Run actions/checkout@v4	2026-10-01T08:20:09.2908910Z   ssh-user: git
cluster-scale-fanout	Run actions/checkout@v4	2026-10-01T08:20:09.2909852Z   persist-credentials: true
cluster-scale-fanout	Run actions/checkout@v4	2026-10-01T08:20:09.2910885Z   clean: true
cluster-scale-fanout	Run actions/checkout@v4	2026-10-01T08:20:09.2911834Z   sparse-checkout-cone-mode: true
cluster-scale-fanout	Run actions/checkout@v4	2026-10-01T08:20:09.2913050Z   fetch-depth: 1
cluster-scale-fanout	Run actions/checkout@v4	2026-10-01T08:20:09.2913963Z   fetch-tags: false
cluster-scale-fanout	Run actions/checkout@v4	2026-10-01T08:20:09.2915083Z   show-progress: true
cluster-scale-fanout	Run actions/checkout@v4	2026-10-01T08:20:09.2916051Z   lfs: false
cluster-scale-fanout	Run actions/checkout@v4	2026-10-01T08:20:09.2916959Z   submodules: false
cluster-scale-fanout	Run actions/checkout@v4	2026-10-01T08:20:09.2917912Z   set-safe-directory: true
cluster-scale-fanout	Run actions/checkout@v4	2026-10-01T08:20:09.2918990Z   allow-unsafe-pr-checkout: false
cluster-scale-fanout	Run actions/checkout@v4	2026-10-01T08:20:09.2920418Z ##[endgroup]
cluster-scale-fanout	Run actions/checkout@v4	2026-10-01T08:20:09.4047179Z Syncing repository: AntPAllen/js-wf
cluster-scale-fanout	Run actions/checkout@v4	2026-10-01T08:20:09.4051003Z ##[group]Getting Git version info
cluster-scale-fanout	Run actions/checkout@v4	2026-10-01T08:20:09.4052963Z Working directory is '/home/runner/work/js-wf/js-wf'
cluster-scale-fanout	Run actions/checkout@v4	2026-10-01T08:20:09.4056296Z [command]/usr/bin/git version
cluster-scale-fanout	Run actions/checkout@v4	2026-10-01T08:20:09.5563286Z git version 2.55.0
cluster-scale-fanout	Run actions/checkout@v4	2026-10-01T08:20:09.5585058Z ##[endgroup]
cluster-scale-fanout	Run actions/checkout@v4	2026-10-01T08:20:09.5600194Z Temporarily overriding HOME='/home/runner/work/_temp/e527a16d-a449-406f-aab6-23f270aee68c' before making global git config changes
cluster-scale-fanout	Run actions/checkout@v4	2026-10-01T08:20:09.5603032Z Adding repository directory to the temporary git global config as a safe directory
cluster-scale-fanout	Run actions/checkout@v4	2026-10-01T08:20:09.5605889Z [command]/usr/bin/git config --global --add safe.directory /home/runner/work/js-wf/js-wf
cluster-scale-fanout	Run actions/checkout@v4	2026-10-01T08:20:09.5905919Z Deleting the contents of '/home/runner/work/js-wf/js-wf'
cluster-scale-fanout	Run actions/checkout@v4	2026-10-01T08:20:09.5911170Z ##[group]Initializing the repository
cluster-scale-fanout	Run actions/checkout@v4	2026-10-01T08:20:09.5915129Z [command]/usr/bin/git init /home/runner/work/js-wf/js-wf
cluster-scale-fanout	Run actions/checkout@v4	2026-10-01T08:20:09.6492411Z hint: Using 'master' as the name for the initial branch. This default branch name
cluster-scale-fanout	Run actions/checkout@v4	2026-10-01T08:20:09.6495433Z hint: will change to "main" in Git 3.0. To configure the initial branch name
cluster-scale-fanout	Run actions/checkout@v4	2026-10-01T08:20:09.6498658Z hint: to use in all of your new repositories, which will suppress this warning,
cluster-scale-fanout	Run actions/checkout@v4	2026-10-01T08:20:09.6500275Z hint: call:
cluster-scale-fanout	Run actions/checkout@v4	2026-10-01T08:20:09.6501136Z hint:
cluster-scale-fanout	Run actions/checkout@v4	2026-10-01T08:20:09.6502219Z hint: 	git config --global init.defaultBranch <name>
cluster-scale-fanout	Run actions/checkout@v4	2026-10-01T08:20:09.6503811Z hint:
cluster-scale-fanout	Run actions/checkout@v4	2026-10-01T08:20:09.6505623Z hint: Names commonly chosen instead of 'master' are 'main', 'trunk' and
cluster-scale-fanout	Run actions/checkout@v4	2026-10-01T08:20:09.6507800Z hint: 'development'. The just-created branch can be renamed via this command:
cluster-scale-fanout	Run actions/checkout@v4	2026-10-01T08:20:09.6509375Z hint:
cluster-scale-fanout	Run actions/checkout@v4	2026-10-01T08:20:09.6510243Z hint: 	git branch -m <name>
cluster-scale-fanout	Run actions/checkout@v4	2026-10-01T08:20:09.6511239Z hint:
cluster-scale-fanout	Run actions/checkout@v4	2026-10-01T08:20:09.6512721Z hint: Disable this message with "git config set advice.defaultBranchName false"
cluster-scale-fanout	Run actions/checkout@v4	2026-10-01T08:20:09.6515018Z Initialized empty Git repository in /home/runner/work/js-wf/js-wf/.git/
cluster-scale-fanout	Run actions/checkout@v4	2026-10-01T08:20:09.6518409Z [command]/usr/bin/git remote add origin https://github.com/AntPAllen/js-wf
cluster-scale-fanout	Run actions/checkout@v4	2026-10-01T08:20:09.6881553Z ##[endgroup]
cluster-scale-fanout	Run actions/checkout@v4	2026-10-01T08:20:09.6883259Z ##[group]Disabling automatic garbage collection
cluster-scale-fanout	Run actions/checkout@v4	2026-10-01T08:20:09.6885400Z [command]/usr/bin/git config --local gc.auto 0
cluster-scale-fanout	Run actions/checkout@v4	2026-10-01T08:20:09.6922644Z ##[endgroup]
cluster-scale-fanout	Run actions/checkout@v4	2026-10-01T08:20:09.6924159Z ##[group]Setting up auth
cluster-scale-fanout	Run actions/checkout@v4	2026-10-01T08:20:09.6928541Z [command]/usr/bin/git config --local --name-only --get-regexp core\.sshCommand
cluster-scale-fanout	Run actions/checkout@v4	2026-10-01T08:20:09.6965613Z [command]/usr/bin/git submodule foreach --recursive sh -c "git config --local --name-only --get-regexp 'core\.sshCommand' && git config --local --unset-all 'core.sshCommand' || :"
cluster-scale-fanout	Run actions/checkout@v4	2026-10-01T08:20:09.9476184Z [command]/usr/bin/git config --local --name-only --get-regexp http\.https\:\/\/github\.com\/\.extraheader
cluster-scale-fanout	Run actions/checkout@v4	2026-10-01T08:20:09.9516279Z [command]/usr/bin/git submodule foreach --recursive sh -c "git config --local --name-only --get-regexp 'http\.https\:\/\/github\.com\/\.extraheader' && git config --local --unset-all 'http.https://github.com/.extraheader' || :"
cluster-scale-fanout	Run actions/checkout@v4	2026-10-01T08:20:09.9757334Z [command]/usr/bin/git config --local --name-only --get-regexp ^includeIf\.gitdir:
cluster-scale-fanout	Run actions/checkout@v4	2026-10-01T08:20:09.9795413Z [command]/usr/bin/git submodule foreach --recursive git config --local --show-origin --name-only --get-regexp remote.origin.url
cluster-scale-fanout	Run actions/checkout@v4	2026-10-01T08:20:10.0037366Z [command]/usr/bin/git config --local http.https://github.com/.extraheader AUTHORIZATION: basic ***
cluster-scale-fanout	Run actions/checkout@v4	2026-10-01T08:20:10.0081161Z ##[endgroup]
cluster-scale-fanout	Run actions/checkout@v4	2026-10-01T08:20:10.0090579Z ##[group]Fetching the repository
cluster-scale-fanout	Run actions/checkout@v4	2026-10-01T08:20:10.0093401Z [command]/usr/bin/git -c protocol.version=2 fetch --no-tags --prune --no-recurse-submodules --depth=1 origin +1bcf5ef52172d76a537911b7975f29c2502fa4b4:refs/remotes/origin/main
cluster-scale-fanout	Run actions/checkout@v4	2026-10-01T08:20:10.9755577Z From https://github.com/AntPAllen/js-wf
cluster-scale-fanout	Run actions/checkout@v4	2026-10-01T08:20:10.9756983Z  * [new ref]         1bcf5ef52172d76a537911b7975f29c2502fa4b4 -> origin/main
cluster-scale-fanout	Run actions/checkout@v4	2026-10-01T08:20:10.9760277Z ##[endgroup]
cluster-scale-fanout	Run actions/checkout@v4	2026-10-01T08:20:10.9760965Z ##[group]Determining the checkout info
cluster-scale-fanout	Run actions/checkout@v4	2026-10-01T08:20:10.9763179Z ##[endgroup]
cluster-scale-fanout	Run actions/checkout@v4	2026-10-01T08:20:10.9769695Z [command]/usr/bin/git sparse-checkout disable
cluster-scale-fanout	Run actions/checkout@v4	2026-10-01T08:20:10.9996892Z [command]/usr/bin/git config --local --unset-all extensions.worktreeConfig
cluster-scale-fanout	Run actions/checkout@v4	2026-10-01T08:20:11.0031435Z ##[group]Checking out the ref
cluster-scale-fanout	Run actions/checkout@v4	2026-10-01T08:20:11.0036164Z [command]/usr/bin/git checkout --progress --force -B main refs/remotes/origin/main
cluster-scale-fanout	Run actions/checkout@v4	2026-10-01T08:20:11.2035508Z Switched to a new branch 'main'
cluster-scale-fanout	Run actions/checkout@v4	2026-10-01T08:20:11.2045068Z branch 'main' set up to track 'origin/main'.
cluster-scale-fanout	Run actions/checkout@v4	2026-10-01T08:20:11.2069801Z ##[endgroup]
cluster-scale-fanout	Run actions/checkout@v4	2026-10-01T08:20:11.2117972Z [command]/usr/bin/git log -1 --format=%H
cluster-scale-fanout	Run actions/checkout@v4	2026-10-01T08:20:11.2146756Z 1bcf5ef52172d76a537911b7975f29c2502fa4b4
cluster-scale-fanout	Run actions/setup-go@v5	﻿2026-10-01T08:20:11.2411706Z ##[group]Run actions/setup-go@v5
cluster-scale-fanout	Run actions/setup-go@v5	2026-10-01T08:20:11.2412040Z with:
cluster-scale-fanout	Run actions/setup-go@v5	2026-10-01T08:20:11.2412267Z   go-version-file: go.mod
cluster-scale-fanout	Run actions/setup-go@v5	2026-10-01T08:20:11.2412519Z   check-latest: false
cluster-scale-fanout	Run actions/setup-go@v5	2026-10-01T08:20:11.2415182Z   token: ***
cluster-scale-fanout	Run actions/setup-go@v5	2026-10-01T08:20:11.2415413Z   cache: true
cluster-scale-fanout	Run actions/setup-go@v5	2026-10-01T08:20:11.2415625Z ##[endgroup]
cluster-scale-fanout	Run actions/setup-go@v5	2026-10-01T08:20:11.3716026Z Setup go version spec 1.27.1
cluster-scale-fanout	Run actions/setup-go@v5	2026-10-01T08:20:11.3727043Z Attempting to download 1.27.1...
cluster-scale-fanout	Run actions/setup-go@v5	2026-10-01T08:20:11.3832985Z (node:2245) [DEP0040] DeprecationWarning: The `punycode` module is deprecated. Please use a userland alternative instead.
cluster-scale-fanout	Run actions/setup-go@v5	2026-10-01T08:20:11.3833927Z (Use `node --trace-deprecation ...` to show where the warning was created)
cluster-scale-fanout	Run actions/setup-go@v5	2026-10-01T08:20:12.0638480Z matching 1.27.1...
cluster-scale-fanout	Run actions/setup-go@v5	2026-10-01T08:20:12.0670738Z Acquiring 1.27.1 from https://github.com/actions/go-versions/releases/download/1.27.1-33583469715/go-1.27.1-linux-x64.tar.gz
cluster-scale-fanout	Run actions/setup-go@v5	2026-10-01T08:20:12.5327806Z Extracting Go...
cluster-scale-fanout	Run actions/setup-go@v5	2026-10-01T08:20:12.5446948Z [command]/usr/bin/tar xz --warning=no-unknown-keyword --overwrite -C /home/runner/work/_temp/df2b119d-64fc-4754-bb00-8ac960e7157e -f /home/runner/work/_temp/1c33ca97-baaa-40ca-b280-5105117fdf5c
cluster-scale-fanout	Run actions/setup-go@v5	2026-10-01T08:20:14.3521795Z Successfully extracted go to /home/runner/work/_temp/df2b119d-64fc-4754-bb00-8ac960e7157e
cluster-scale-fanout	Run actions/setup-go@v5	2026-10-01T08:20:14.3522577Z Adding to the cache ...
cluster-scale-fanout	Run actions/setup-go@v5	2026-10-01T08:20:19.1620441Z Successfully cached go to /opt/hostedtoolcache/go/1.27.1/x64
cluster-scale-fanout	Run actions/setup-go@v5	2026-10-01T08:20:19.1623110Z Added go to the path
cluster-scale-fanout	Run actions/setup-go@v5	2026-10-01T08:20:19.1626462Z Successfully set up Go version 1.27.1
cluster-scale-fanout	Run actions/setup-go@v5	2026-10-01T08:20:19.1850154Z [command]/opt/hostedtoolcache/go/1.27.1/x64/bin/go env GOMODCACHE
cluster-scale-fanout	Run actions/setup-go@v5	2026-10-01T08:20:19.1892230Z [command]/opt/hostedtoolcache/go/1.27.1/x64/bin/go env GOCACHE
cluster-scale-fanout	Run actions/setup-go@v5	2026-10-01T08:20:19.1938046Z /home/runner/go/pkg/mod
cluster-scale-fanout	Run actions/setup-go@v5	2026-10-01T08:20:19.1956856Z /home/runner/.cache/go-build
cluster-scale-fanout	Run actions/setup-go@v5	2026-10-01T08:20:19.3679474Z Cache hit for: setup-go-Linux-x64-ubuntu24-go-1.27.1-487c2eade748c1cfcd01caf54d154b8f65df65b05311c1ecee4b42fdda97ee43
cluster-scale-fanout	Run actions/setup-go@v5	2026-10-01T08:20:19.3787422Z (node:2245) [DEP0169] DeprecationWarning: `url.parse()` behavior is not standardized and prone to errors that have security implications. Use the WHATWG URL API instead. CVEs are not issued for `url.parse()` vulnerabilities.
cluster-scale-fanout	Run actions/setup-go@v5	2026-10-01T08:20:20.4800936Z Received 134217728 of 189957878 (70.7%), 128.0 MBs/sec
cluster-scale-fanout	Run actions/setup-go@v5	2026-10-01T08:20:20.7275926Z Received 189957878 of 189957878 (100.0%), 145.2 MBs/sec
cluster-scale-fanout	Run actions/setup-go@v5	2026-10-01T08:20:20.7281820Z Cache Size: ~181 MB (189957878 B)
cluster-scale-fanout	Run actions/setup-go@v5	2026-10-01T08:20:20.7396695Z [command]/usr/bin/tar -xf /home/runner/work/_temp/4068abd5-c346-41ce-b7b6-37ce97e52be6/cache.tzst -P -C /home/runner/work/js-wf/js-wf --use-compress-program unzstd
cluster-scale-fanout	Run actions/setup-go@v5	2026-10-01T08:20:21.7002256Z Cache restored successfully
cluster-scale-fanout	Run actions/setup-go@v5	2026-10-01T08:20:21.7102081Z Cache restored from key: setup-go-Linux-x64-ubuntu24-go-1.27.1-487c2eade748c1cfcd01caf54d154b8f65df65b05311c1ecee4b42fdda97ee43
cluster-scale-fanout	Run actions/setup-go@v5	2026-10-01T08:20:21.7130812Z go version go1.27.1 linux/amd64
cluster-scale-fanout	Run actions/setup-go@v5	2026-10-01T08:20:21.7131140Z 
cluster-scale-fanout	Run actions/setup-go@v5	2026-10-01T08:20:21.7131558Z ##[group]go env
cluster-scale-fanout	Run actions/setup-go@v5	2026-10-01T08:20:21.7873640Z AR='ar'
cluster-scale-fanout	Run actions/setup-go@v5	2026-10-01T08:20:21.7873977Z CC='gcc'
cluster-scale-fanout	Run actions/setup-go@v5	2026-10-01T08:20:21.7874269Z CGO_CFLAGS='-O2 -g'
cluster-scale-fanout	Run actions/setup-go@v5	2026-10-01T08:20:21.7874707Z CGO_CPPFLAGS=''
cluster-scale-fanout	Run actions/setup-go@v5	2026-10-01T08:20:21.7874950Z CGO_CXXFLAGS='-O2 -g'
cluster-scale-fanout	Run actions/setup-go@v5	2026-10-01T08:20:21.7875198Z CGO_ENABLED='1'
cluster-scale-fanout	Run actions/setup-go@v5	2026-10-01T08:20:21.7875433Z CGO_FFLAGS='-O2 -g'
cluster-scale-fanout	Run actions/setup-go@v5	2026-10-01T08:20:21.7875669Z CGO_LDFLAGS='-O2 -g'
cluster-scale-fanout	Run actions/setup-go@v5	2026-10-01T08:20:21.7875891Z CXX='g++'
cluster-scale-fanout	Run actions/setup-go@v5	2026-10-01T08:20:21.7876096Z GCCGO='gccgo'
cluster-scale-fanout	Run actions/setup-go@v5	2026-10-01T08:20:21.7876311Z GO111MODULE=''
cluster-scale-fanout	Run actions/setup-go@v5	2026-10-01T08:20:21.7876536Z GOAMD64='v1'
cluster-scale-fanout	Run actions/setup-go@v5	2026-10-01T08:20:21.7876773Z GOARCH='amd64'
cluster-scale-fanout	Run actions/setup-go@v5	2026-10-01T08:20:21.7876974Z GOAUTH='netrc'
cluster-scale-fanout	Run actions/setup-go@v5	2026-10-01T08:20:21.7877190Z GOBIN='/home/runner/go/bin'
cluster-scale-fanout	Run actions/setup-go@v5	2026-10-01T08:20:21.7877479Z GOCACHE='/home/runner/.cache/go-build'
cluster-scale-fanout	Run actions/setup-go@v5	2026-10-01T08:20:21.7877793Z GOCACHEPROG=''
cluster-scale-fanout	Run actions/setup-go@v5	2026-10-01T08:20:21.7878004Z GODEBUG=''
cluster-scale-fanout	Run actions/setup-go@v5	2026-10-01T08:20:21.7953109Z GOENV='/home/runner/.config/go/env'
cluster-scale-fanout	Run actions/setup-go@v5	2026-10-01T08:20:21.7953701Z GOEXE=''
cluster-scale-fanout	Run actions/setup-go@v5	2026-10-01T08:20:21.7954114Z GOEXPERIMENT=''
cluster-scale-fanout	Run actions/setup-go@v5	2026-10-01T08:20:21.7954652Z GOFIPS140='off'
cluster-scale-fanout	Run actions/setup-go@v5	2026-10-01T08:20:21.7955071Z GOFLAGS=''
cluster-scale-fanout	Run actions/setup-go@v5	2026-10-01T08:20:21.7956176Z GOGCCFLAGS='-fPIC -m64 -pthread -Wl,--no-gc-sections -fmessage-length=0 -ffile-prefix-map=/tmp/go-build3677285210=/tmp/go-build -gno-record-gcc-switches'
cluster-scale-fanout	Run actions/setup-go@v5	2026-10-01T08:20:21.7957547Z GOHOSTARCH='amd64'
cluster-scale-fanout	Run actions/setup-go@v5	2026-10-01T08:20:21.7957915Z GOHOSTOS='linux'
cluster-scale-fanout	Run actions/setup-go@v5	2026-10-01T08:20:21.7958239Z GOINSECURE=''
cluster-scale-fanout	Run actions/setup-go@v5	2026-10-01T08:20:21.7958607Z GOMOD='/home/runner/work/js-wf/js-wf/go.mod'
cluster-scale-fanout	Run actions/setup-go@v5	2026-10-01T08:20:21.7959069Z GOMODCACHE='/home/runner/go/pkg/mod'
cluster-scale-fanout	Run actions/setup-go@v5	2026-10-01T08:20:21.7959812Z GONOPROXY=''
cluster-scale-fanout	Run actions/setup-go@v5	2026-10-01T08:20:21.7960138Z GONOSUMDB=''
cluster-scale-fanout	Run actions/setup-go@v5	2026-10-01T08:20:21.7960453Z GOOS='linux'
cluster-scale-fanout	Run actions/setup-go@v5	2026-10-01T08:20:21.7960790Z GOPACKAGESDRIVER=''
cluster-scale-fanout	Run actions/setup-go@v5	2026-10-01T08:20:21.7961149Z GOPATH='/home/runner/go'
cluster-scale-fanout	Run actions/setup-go@v5	2026-10-01T08:20:21.7961571Z GOPRIVATE=''
cluster-scale-fanout	Run actions/setup-go@v5	2026-10-01T08:20:21.7961968Z GOPROXY='https://proxy.golang.org,direct'
cluster-scale-fanout	Run actions/setup-go@v5	2026-10-01T08:20:21.7962470Z GOROOT='/opt/hostedtoolcache/go/1.27.1/x64'
cluster-scale-fanout	Run actions/setup-go@v5	2026-10-01T08:20:21.7962934Z GOSUMDB='sum.golang.org'
cluster-scale-fanout	Run actions/setup-go@v5	2026-10-01T08:20:21.7963311Z GOTELEMETRY='local'
cluster-scale-fanout	Run actions/setup-go@v5	2026-10-01T08:20:21.7963758Z GOTELEMETRYDIR='/home/runner/.config/go/telemetry'
cluster-scale-fanout	Run actions/setup-go@v5	2026-10-01T08:20:21.7964271Z GOTMPDIR=''
cluster-scale-fanout	Run actions/setup-go@v5	2026-10-01T08:20:21.7964796Z GOTOOLCHAIN='auto'
cluster-scale-fanout	Run actions/setup-go@v5	2026-10-01T08:20:21.7965323Z GOTOOLDIR='/opt/hostedtoolcache/go/1.27.1/x64/pkg/tool/linux_amd64'
cluster-scale-fanout	Run actions/setup-go@v5	2026-10-01T08:20:21.7965915Z GOVCS=''
cluster-scale-fanout	Run actions/setup-go@v5	2026-10-01T08:20:21.7966234Z GOVERSION='go1.27.1'
cluster-scale-fanout	Run actions/setup-go@v5	2026-10-01T08:20:21.7966574Z GOWORK=''
cluster-scale-fanout	Run actions/setup-go@v5	2026-10-01T08:20:21.7966902Z PKG_CONFIG='pkg-config'
cluster-scale-fanout	Run actions/setup-go@v5	2026-10-01T08:20:21.7967135Z 
cluster-scale-fanout	Run actions/setup-go@v5	2026-10-01T08:20:21.7967595Z ##[endgroup]
cluster-scale-fanout	Run go test ./integration -run '^TestFiveHundredChildFanout($|AcrossJournalLeaderRestart$|AfterParentSIGKILL$|AfterParentResultSIGKILL$)' -count=1 -timeout=20m -v	﻿2026-10-01T08:20:21.8107391Z ##[group]Run go test ./integration -run '^TestFiveHundredChildFanout($|AcrossJournalLeaderRestart$|AfterParentSIGKILL$|AfterParentResultSIGKILL$)' -count=1 -timeout=20m -v
cluster-scale-fanout	Run go test ./integration -run '^TestFiveHundredChildFanout($|AcrossJournalLeaderRestart$|AfterParentSIGKILL$|AfterParentResultSIGKILL$)' -count=1 -timeout=20m -v	2026-10-01T08:20:21.8108708Z ^[[36;1mgo test ./integration -run '^TestFiveHundredChildFanout($|AcrossJournalLeaderRestart$|AfterParentSIGKILL$|AfterParentResultSIGKILL$)' -count=1 -timeout=20m -v^[[0m
cluster-scale-fanout	Run go test ./integration -run '^TestFiveHundredChildFanout($|AcrossJournalLeaderRestart$|AfterParentSIGKILL$|AfterParentResultSIGKILL$)' -count=1 -timeout=20m -v	2026-10-01T08:20:21.9620784Z shell: /usr/bin/bash -e {0}
cluster-scale-fanout	Run go test ./integration -run '^TestFiveHundredChildFanout($|AcrossJournalLeaderRestart$|AfterParentSIGKILL$|AfterParentResultSIGKILL$)' -count=1 -timeout=20m -v	2026-10-01T08:20:21.9621142Z ##[endgroup]
cluster-scale-fanout	Run go test ./integration -run '^TestFiveHundredChildFanout($|AcrossJournalLeaderRestart$|AfterParentSIGKILL$|AfterParentResultSIGKILL$)' -count=1 -timeout=20m -v	2026-10-01T08:20:28.5615609Z === RUN   TestFiveHundredChildFanout
cluster-scale-fanout	Run go test ./integration -run '^TestFiveHundredChildFanout($|AcrossJournalLeaderRestart$|AfterParentSIGKILL$|AfterParentResultSIGKILL$)' -count=1 -timeout=20m -v	2026-10-01T08:20:28.5616438Z     child_scale_test.go:35: FAULT_SEED=1 parent_cut_after_child=381
cluster-scale-fanout	Run go test ./integration -run '^TestFiveHundredChildFanout($|AcrossJournalLeaderRestart$|AfterParentSIGKILL$|AfterParentResultSIGKILL$)' -count=1 -timeout=20m -v	2026-10-01T08:20:37.5100935Z     child_scale_test.go:35: completed 500 children; 11 shared the parent partition
cluster-scale-fanout	Run go test ./integration -run '^TestFiveHundredChildFanout($|AcrossJournalLeaderRestart$|AfterParentSIGKILL$|AfterParentResultSIGKILL$)' -count=1 -timeout=20m -v	2026-10-01T08:20:37.8371431Z --- PASS: TestFiveHundredChildFanout (9.28s)
cluster-scale-fanout	Run go test ./integration -run '^TestFiveHundredChildFanout($|AcrossJournalLeaderRestart$|AfterParentSIGKILL$|AfterParentResultSIGKILL$)' -count=1 -timeout=20m -v	2026-10-01T08:20:37.8372230Z === RUN   TestFiveHundredChildFanoutAcrossJournalLeaderRestart
cluster-scale-fanout	Run go test ./integration -run '^TestFiveHundredChildFanout($|AcrossJournalLeaderRestart$|AfterParentSIGKILL$|AfterParentResultSIGKILL$)' -count=1 -timeout=20m -v	2026-10-01T08:20:37.8373116Z     child_scale_test.go:41: FAULT_SEED=1 parent_cut_after_child=381
cluster-scale-fanout	Run go test ./integration -run '^TestFiveHundredChildFanout($|AcrossJournalLeaderRestart$|AfterParentSIGKILL$|AfterParentResultSIGKILL$)' -count=1 -timeout=20m -v	2026-10-01T08:20:44.4701075Z     child_scale_test.go:41: restarted WF_JRN leader after 382 child requests; retained journal messages=765
cluster-scale-fanout	Run go test ./integration -run '^TestFiveHundredChildFanout($|AcrossJournalLeaderRestart$|AfterParentSIGKILL$|AfterParentResultSIGKILL$)' -count=1 -timeout=20m -v	2026-10-01T08:20:49.2838306Z     child_scale_test.go:41: completed 500 children; 11 shared the parent partition
cluster-scale-fanout	Run go test ./integration -run '^TestFiveHundredChildFanout($|AcrossJournalLeaderRestart$|AfterParentSIGKILL$|AfterParentResultSIGKILL$)' -count=1 -timeout=20m -v	2026-10-01T08:20:49.5264843Z --- PASS: TestFiveHundredChildFanoutAcrossJournalLeaderRestart (11.69s)
cluster-scale-fanout	Run go test ./integration -run '^TestFiveHundredChildFanout($|AcrossJournalLeaderRestart$|AfterParentSIGKILL$|AfterParentResultSIGKILL$)' -count=1 -timeout=20m -v	2026-10-01T08:20:49.5265480Z === RUN   TestFiveHundredChildFanoutAfterParentSIGKILL
cluster-scale-fanout	Run go test ./integration -run '^TestFiveHundredChildFanout($|AcrossJournalLeaderRestart$|AfterParentSIGKILL$|AfterParentResultSIGKILL$)' -count=1 -timeout=20m -v	2026-10-01T08:20:49.5266881Z     child_scale_test.go:45: FAULT_SEED=1 parent_cut_after_child=381
cluster-scale-fanout	Run go test ./integration -run '^TestFiveHundredChildFanout($|AcrossJournalLeaderRestart$|AfterParentSIGKILL$|AfterParentResultSIGKILL$)' -count=1 -timeout=20m -v	2026-10-01T08:20:54.2889522Z     child_scale_test.go:455: SIGKILLed parent worker at create cut 381; retained entries=765
cluster-scale-fanout	Run go test ./integration -run '^TestFiveHundredChildFanout($|AcrossJournalLeaderRestart$|AfterParentSIGKILL$|AfterParentResultSIGKILL$)' -count=1 -timeout=20m -v	2026-10-01T08:21:14.2397035Z     child_scale_test.go:45: completed 500 children; 11 shared the parent partition
cluster-scale-fanout	Run go test ./integration -run '^TestFiveHundredChildFanout($|AcrossJournalLeaderRestart$|AfterParentSIGKILL$|AfterParentResultSIGKILL$)' -count=1 -timeout=20m -v	2026-10-01T08:21:14.5262689Z --- PASS: TestFiveHundredChildFanoutAfterParentSIGKILL (25.00s)
cluster-scale-fanout	Run go test ./integration -run '^TestFiveHundredChildFanout($|AcrossJournalLeaderRestart$|AfterParentSIGKILL$|AfterParentResultSIGKILL$)' -count=1 -timeout=20m -v	2026-10-01T08:21:14.5263471Z === RUN   TestFiveHundredChildFanoutAfterParentResultSIGKILL
cluster-scale-fanout	Run go test ./integration -run '^TestFiveHundredChildFanout($|AcrossJournalLeaderRestart$|AfterParentSIGKILL$|AfterParentResultSIGKILL$)' -count=1 -timeout=20m -v	2026-10-01T08:21:14.5264096Z     child_scale_test.go:49: FAULT_SEED=1 parent_cut_after_child=381
cluster-scale-fanout	Run go test ./integration -run '^TestFiveHundredChildFanout($|AcrossJournalLeaderRestart$|AfterParentSIGKILL$|AfterParentResultSIGKILL$)' -count=1 -timeout=20m -v	2026-10-01T08:21:19.8915891Z     child_scale_test.go:49: FAULT_SEED=1 parent_cut_after_result=81
cluster-scale-fanout	Run go test ./integration -run '^TestFiveHundredChildFanout($|AcrossJournalLeaderRestart$|AfterParentSIGKILL$|AfterParentResultSIGKILL$)' -count=1 -timeout=20m -v	2026-10-01T08:21:21.1891252Z     child_scale_test.go:49: SIGKILLed parent worker at results cut 81; retained entries=1662
cluster-scale-fanout	Run go test ./integration -run '^TestFiveHundredChildFanout($|AcrossJournalLeaderRestart$|AfterParentSIGKILL$|AfterParentResultSIGKILL$)' -count=1 -timeout=20m -v	2026-10-01T08:21:38.8248032Z     child_scale_test.go:49: completed 500 children; 11 shared the parent partition
cluster-scale-fanout	Run go test ./integration -run '^TestFiveHundredChildFanout($|AcrossJournalLeaderRestart$|AfterParentSIGKILL$|AfterParentResultSIGKILL$)' -count=1 -timeout=20m -v	2026-10-01T08:21:39.0361477Z --- PASS: TestFiveHundredChildFanoutAfterParentResultSIGKILL (24.51s)
cluster-scale-fanout	Run go test ./integration -run '^TestFiveHundredChildFanout($|AcrossJournalLeaderRestart$|AfterParentSIGKILL$|AfterParentResultSIGKILL$)' -count=1 -timeout=20m -v	2026-10-01T08:21:39.0365880Z PASS
cluster-scale-fanout	Run go test ./integration -run '^TestFiveHundredChildFanout($|AcrossJournalLeaderRestart$|AfterParentSIGKILL$|AfterParentResultSIGKILL$)' -count=1 -timeout=20m -v	2026-10-01T08:21:39.0523801Z ok  	js-wf/integration	70.495s
cluster-scale-fanout	Post Run actions/setup-go@v5	﻿2026-10-01T08:21:39.1122722Z Post job cleanup.
cluster-scale-fanout	Post Run actions/setup-go@v5	2026-10-01T08:21:39.2394183Z (node:2641) [DEP0040] DeprecationWarning: The `punycode` module is deprecated. Please use a userland alternative instead.
cluster-scale-fanout	Post Run actions/setup-go@v5	2026-10-01T08:21:39.2395613Z (Use `node --trace-deprecation ...` to show where the warning was created)
cluster-scale-fanout	Post Run actions/setup-go@v5	2026-10-01T08:21:39.2464469Z [command]/opt/hostedtoolcache/go/1.27.1/x64/bin/go env GOMODCACHE
cluster-scale-fanout	Post Run actions/setup-go@v5	2026-10-01T08:21:39.2515315Z [command]/opt/hostedtoolcache/go/1.27.1/x64/bin/go env GOCACHE
cluster-scale-fanout	Post Run actions/setup-go@v5	2026-10-01T08:21:39.2543392Z /home/runner/go/pkg/mod
cluster-scale-fanout	Post Run actions/setup-go@v5	2026-10-01T08:21:39.2592886Z /home/runner/.cache/go-build
cluster-scale-fanout	Post Run actions/setup-go@v5	2026-10-01T08:21:39.2602869Z Cache hit occurred on the primary key setup-go-Linux-x64-ubuntu24-go-1.27.1-487c2eade748c1cfcd01caf54d154b8f65df65b05311c1ecee4b42fdda97ee43, not saving cache.
cluster-scale-fanout	Post Run actions/checkout@v4	﻿2026-10-01T08:21:39.2842661Z Post job cleanup.
cluster-scale-fanout	Post Run actions/checkout@v4	2026-10-01T08:21:39.3735268Z [command]/usr/bin/git version
cluster-scale-fanout	Post Run actions/checkout@v4	2026-10-01T08:21:39.3777953Z git version 2.55.0
cluster-scale-fanout	Post Run actions/checkout@v4	2026-10-01T08:21:39.3814583Z Temporarily overriding HOME='/home/runner/work/_temp/483a8714-0e46-424a-9ef3-80076266240e' before making global git config changes
cluster-scale-fanout	Post Run actions/checkout@v4	2026-10-01T08:21:39.3815840Z Adding repository directory to the temporary git global config as a safe directory
cluster-scale-fanout	Post Run actions/checkout@v4	2026-10-01T08:21:39.3820102Z [command]/usr/bin/git config --global --add safe.directory /home/runner/work/js-wf/js-wf
cluster-scale-fanout	Post Run actions/checkout@v4	2026-10-01T08:21:39.3861340Z [command]/usr/bin/git config --local --name-only --get-regexp core\.sshCommand
cluster-scale-fanout	Post Run actions/checkout@v4	2026-10-01T08:21:39.3900086Z [command]/usr/bin/git submodule foreach --recursive sh -c "git config --local --name-only --get-regexp 'core\.sshCommand' && git config --local --unset-all 'core.sshCommand' || :"
cluster-scale-fanout	Post Run actions/checkout@v4	2026-10-01T08:21:39.4167866Z [command]/usr/bin/git config --local --name-only --get-regexp http\.https\:\/\/github\.com\/\.extraheader
cluster-scale-fanout	Post Run actions/checkout@v4	2026-10-01T08:21:39.4205102Z http.https://github.com/.extraheader
cluster-scale-fanout	Post Run actions/checkout@v4	2026-10-01T08:21:39.4235647Z [command]/usr/bin/git config --local --unset-all http.https://github.com/.extraheader
cluster-scale-fanout	Post Run actions/checkout@v4	2026-10-01T08:21:39.4246874Z [command]/usr/bin/git submodule foreach --recursive sh -c "git config --local --name-only --get-regexp 'http\.https\:\/\/github\.com\/\.extraheader' && git config --local --unset-all 'http.https://github.com/.extraheader' || :"
cluster-scale-fanout	Post Run actions/checkout@v4	2026-10-01T08:21:39.4543745Z [command]/usr/bin/git config --local --name-only --get-regexp ^includeIf\.gitdir:
cluster-scale-fanout	Post Run actions/checkout@v4	2026-10-01T08:21:39.4594890Z [command]/usr/bin/git submodule foreach --recursive git config --local --show-origin --name-only --get-regexp remote.origin.url
cluster-scale-fanout	Complete job	﻿2026-10-01T08:21:39.5082795Z Cleaning up orphan processes
cluster-scale-fanout	Complete job	2026-10-01T08:21:39.5418455Z ##[warning]Node.js 20 is deprecated. The following actions target Node.js 20 but are being forced to run on Node.js 24: actions/checkout@v4, actions/setup-go@v5. For more information see: https://github.blog/changelog/2025-09-19-deprecation-of-node-20-on-github-actions-runners/
continuation-promise-restart	Set up job	﻿2026-10-01T08:20:07.3139891Z Current runner version: '2.337.0'
continuation-promise-restart	Set up job	2026-10-01T08:20:07.3204371Z ##[group]Runner Image Provisioner
continuation-promise-restart	Set up job	2026-10-01T08:20:07.3207159Z Hosted Compute Agent
continuation-promise-restart	Set up job	2026-10-01T08:20:07.3208288Z Version: 20260828.587
continuation-promise-restart	Set up job	2026-10-01T08:20:07.3209315Z Commit: abac92662cab4cc7352de4f9f9d2e2419aad9c29
continuation-promise-restart	Set up job	2026-10-01T08:20:07.3210638Z Build Date: 2026-08-28T16:44:25Z
continuation-promise-restart	Set up job	2026-10-01T08:20:07.3211892Z Worker ID: {dc5d3472-ac1b-486a-b07c-62a5bb19e568}
continuation-promise-restart	Set up job	2026-10-01T08:20:07.3213353Z Azure Region: centralus
continuation-promise-restart	Set up job	2026-10-01T08:20:07.3214928Z ##[endgroup]
continuation-promise-restart	Set up job	2026-10-01T08:20:07.3219060Z ##[group]Operating System
continuation-promise-restart	Set up job	2026-10-01T08:20:07.3220171Z Ubuntu
continuation-promise-restart	Set up job	2026-10-01T08:20:07.3221111Z 24.04.5
continuation-promise-restart	Set up job	2026-10-01T08:20:07.3222009Z LTS
continuation-promise-restart	Set up job	2026-10-01T08:20:07.3222843Z ##[endgroup]
continuation-promise-restart	Set up job	2026-10-01T08:20:07.3224015Z ##[group]Runner Image
continuation-promise-restart	Set up job	2026-10-01T08:20:07.3225949Z Image: ubuntu-24.04
continuation-promise-restart	Set up job	2026-10-01T08:20:07.3227774Z Version: 20260920.314.1
continuation-promise-restart	Set up job	2026-10-01T08:20:07.3229608Z Included Software: https://github.com/actions/runner-images/blob/ubuntu24/20260920.314/images/ubuntu/Ubuntu2404-Readme.md
continuation-promise-restart	Set up job	2026-10-01T08:20:07.3233950Z Image Release: https://github.com/actions/runner-images/releases/tag/ubuntu24%2F20260920.314
continuation-promise-restart	Set up job	2026-10-01T08:20:07.3236782Z ##[endgroup]
continuation-promise-restart	Set up job	2026-10-01T08:20:07.3239299Z ##[group]GITHUB_TOKEN Permissions
continuation-promise-restart	Set up job	2026-10-01T08:20:07.3244501Z Contents: read
continuation-promise-restart	Set up job	2026-10-01T08:20:07.3246413Z Metadata: read
continuation-promise-restart	Set up job	2026-10-01T08:20:07.3247804Z Packages: read
continuation-promise-restart	Set up job	2026-10-01T08:20:07.3248692Z ##[endgroup]
continuation-promise-restart	Set up job	2026-10-01T08:20:07.3253628Z Secret source: Actions
continuation-promise-restart	Set up job	2026-10-01T08:20:07.3256027Z Cache mode: write
continuation-promise-restart	Set up job	2026-10-01T08:20:07.3258427Z Prepare workflow directory
continuation-promise-restart	Set up job	2026-10-01T08:20:07.3871220Z Prepare all required actions
continuation-promise-restart	Set up job	2026-10-01T08:20:07.3939753Z Getting action download info
continuation-promise-restart	Set up job	2026-10-01T08:20:07.6543170Z Download action repository 'actions/checkout@v4' (SHA:11d5960a326750d5838078e36cf38b85af677262)
continuation-promise-restart	Set up job	2026-10-01T08:20:07.7632311Z Download action repository 'actions/setup-go@v5' (SHA:40f1582b2485089dde7abd97c1529aa768e1baff)
continuation-promise-restart	Set up job	2026-10-01T08:20:08.3378284Z Download action repository 'actions/upload-artifact@v7' (SHA:043fb46d1a93c77aae656e7c1c64a875d1fc6a0a)
continuation-promise-restart	Set up job	2026-10-01T08:20:08.5237242Z Complete job name: continuation-promise-restart
continuation-promise-restart	Run actions/checkout@v4	﻿2026-10-01T08:20:08.6044952Z ##[group]Run actions/checkout@v4
continuation-promise-restart	Run actions/checkout@v4	2026-10-01T08:20:08.6046155Z with:
continuation-promise-restart	Run actions/checkout@v4	2026-10-01T08:20:08.6046661Z   repository: AntPAllen/js-wf
continuation-promise-restart	Run actions/checkout@v4	2026-10-01T08:20:08.6050881Z   token: ***
continuation-promise-restart	Run actions/checkout@v4	2026-10-01T08:20:08.6051369Z   ssh-strict: true
continuation-promise-restart	Run actions/checkout@v4	2026-10-01T08:20:08.6051862Z   ssh-user: git
continuation-promise-restart	Run actions/checkout@v4	2026-10-01T08:20:08.6052357Z   persist-credentials: true
continuation-promise-restart	Run actions/checkout@v4	2026-10-01T08:20:08.6052897Z   clean: true
continuation-promise-restart	Run actions/checkout@v4	2026-10-01T08:20:08.6053387Z   sparse-checkout-cone-mode: true
continuation-promise-restart	Run actions/checkout@v4	2026-10-01T08:20:08.6053981Z   fetch-depth: 1
continuation-promise-restart	Run actions/checkout@v4	2026-10-01T08:20:08.6054453Z   fetch-tags: false
continuation-promise-restart	Run actions/checkout@v4	2026-10-01T08:20:08.6054957Z   show-progress: true
continuation-promise-restart	Run actions/checkout@v4	2026-10-01T08:20:08.6055600Z   lfs: false
continuation-promise-restart	Run actions/checkout@v4	2026-10-01T08:20:08.6056088Z   submodules: false
continuation-promise-restart	Run actions/checkout@v4	2026-10-01T08:20:08.6056580Z   set-safe-directory: true
continuation-promise-restart	Run actions/checkout@v4	2026-10-01T08:20:08.6057131Z   allow-unsafe-pr-checkout: false
continuation-promise-restart	Run actions/checkout@v4	2026-10-01T08:20:08.6057934Z env:
continuation-promise-restart	Run actions/checkout@v4	2026-10-01T08:20:08.6058400Z   WF_PROMISE_FULL_RESTART: 1
continuation-promise-restart	Run actions/checkout@v4	2026-10-01T08:20:08.6058972Z ##[endgroup]
continuation-promise-restart	Run actions/checkout@v4	2026-10-01T08:20:08.7115570Z Syncing repository: AntPAllen/js-wf
continuation-promise-restart	Run actions/checkout@v4	2026-10-01T08:20:08.7118004Z ##[group]Getting Git version info
continuation-promise-restart	Run actions/checkout@v4	2026-10-01T08:20:08.7119412Z Working directory is '/home/runner/work/js-wf/js-wf'
continuation-promise-restart	Run actions/checkout@v4	2026-10-01T08:20:08.7121157Z [command]/usr/bin/git version
continuation-promise-restart	Run actions/checkout@v4	2026-10-01T08:20:08.7209151Z git version 2.55.0
continuation-promise-restart	Run actions/checkout@v4	2026-10-01T08:20:08.7247065Z ##[endgroup]
continuation-promise-restart	Run actions/checkout@v4	2026-10-01T08:20:08.7262654Z Temporarily overriding HOME='/home/runner/work/_temp/7e6a62f3-c084-43a0-b6db-b0c8cb347902' before making global git config changes
continuation-promise-restart	Run actions/checkout@v4	2026-10-01T08:20:08.7275360Z Adding repository directory to the temporary git global config as a safe directory
continuation-promise-restart	Run actions/checkout@v4	2026-10-01T08:20:08.7278261Z [command]/usr/bin/git config --global --add safe.directory /home/runner/work/js-wf/js-wf
continuation-promise-restart	Run actions/checkout@v4	2026-10-01T08:20:08.7324569Z Deleting the contents of '/home/runner/work/js-wf/js-wf'
continuation-promise-restart	Run actions/checkout@v4	2026-10-01T08:20:08.7331732Z ##[group]Initializing the repository
continuation-promise-restart	Run actions/checkout@v4	2026-10-01T08:20:08.7336475Z [command]/usr/bin/git init /home/runner/work/js-wf/js-wf
continuation-promise-restart	Run actions/checkout@v4	2026-10-01T08:20:08.7445429Z hint: Using 'master' as the name for the initial branch. This default branch name
continuation-promise-restart	Run actions/checkout@v4	2026-10-01T08:20:08.7447785Z hint: will change to "main" in Git 3.0. To configure the initial branch name
continuation-promise-restart	Run actions/checkout@v4	2026-10-01T08:20:08.7450400Z hint: to use in all of your new repositories, which will suppress this warning,
continuation-promise-restart	Run actions/checkout@v4	2026-10-01T08:20:08.7451908Z hint: call:
continuation-promise-restart	Run actions/checkout@v4	2026-10-01T08:20:08.7452809Z hint:
continuation-promise-restart	Run actions/checkout@v4	2026-10-01T08:20:08.7453916Z hint: 	git config --global init.defaultBranch <name>
continuation-promise-restart	Run actions/checkout@v4	2026-10-01T08:20:08.7455408Z hint:
continuation-promise-restart	Run actions/checkout@v4	2026-10-01T08:20:08.7456707Z hint: Names commonly chosen instead of 'master' are 'main', 'trunk' and
continuation-promise-restart	Run actions/checkout@v4	2026-10-01T08:20:08.7459820Z hint: 'development'. The just-created branch can be renamed via this command:
continuation-promise-restart	Run actions/checkout@v4	2026-10-01T08:20:08.7461365Z hint:
continuation-promise-restart	Run actions/checkout@v4	2026-10-01T08:20:08.7462280Z hint: 	git branch -m <name>
continuation-promise-restart	Run actions/checkout@v4	2026-10-01T08:20:08.7463020Z hint:
continuation-promise-restart	Run actions/checkout@v4	2026-10-01T08:20:08.7463968Z hint: Disable this message with "git config set advice.defaultBranchName false"
continuation-promise-restart	Run actions/checkout@v4	2026-10-01T08:20:08.7466159Z Initialized empty Git repository in /home/runner/work/js-wf/js-wf/.git/
continuation-promise-restart	Run actions/checkout@v4	2026-10-01T08:20:08.7470049Z [command]/usr/bin/git remote add origin https://github.com/AntPAllen/js-wf
continuation-promise-restart	Run actions/checkout@v4	2026-10-01T08:20:08.7513149Z ##[endgroup]
continuation-promise-restart	Run actions/checkout@v4	2026-10-01T08:20:08.7514590Z ##[group]Disabling automatic garbage collection
continuation-promise-restart	Run actions/checkout@v4	2026-10-01T08:20:08.7518532Z [command]/usr/bin/git config --local gc.auto 0
continuation-promise-restart	Run actions/checkout@v4	2026-10-01T08:20:08.7556596Z ##[endgroup]
continuation-promise-restart	Run actions/checkout@v4	2026-10-01T08:20:08.7557954Z ##[group]Setting up auth
continuation-promise-restart	Run actions/checkout@v4	2026-10-01T08:20:08.7565532Z [command]/usr/bin/git config --local --name-only --get-regexp core\.sshCommand
continuation-promise-restart	Run actions/checkout@v4	2026-10-01T08:20:08.7603385Z [command]/usr/bin/git submodule foreach --recursive sh -c "git config --local --name-only --get-regexp 'core\.sshCommand' && git config --local --unset-all 'core.sshCommand' || :"
continuation-promise-restart	Run actions/checkout@v4	2026-10-01T08:20:08.8002300Z [command]/usr/bin/git config --local --name-only --get-regexp http\.https\:\/\/github\.com\/\.extraheader
continuation-promise-restart	Run actions/checkout@v4	2026-10-01T08:20:08.8050788Z [command]/usr/bin/git submodule foreach --recursive sh -c "git config --local --name-only --get-regexp 'http\.https\:\/\/github\.com\/\.extraheader' && git config --local --unset-all 'http.https://github.com/.extraheader' || :"
continuation-promise-restart	Run actions/checkout@v4	2026-10-01T08:20:08.8306585Z [command]/usr/bin/git config --local --name-only --get-regexp ^includeIf\.gitdir:
continuation-promise-restart	Run actions/checkout@v4	2026-10-01T08:20:08.8347200Z [command]/usr/bin/git submodule foreach --recursive git config --local --show-origin --name-only --get-regexp remote.origin.url
continuation-promise-restart	Run actions/checkout@v4	2026-10-01T08:20:08.8597572Z [command]/usr/bin/git config --local http.https://github.com/.extraheader AUTHORIZATION: basic ***
continuation-promise-restart	Run actions/checkout@v4	2026-10-01T08:20:08.8641773Z ##[endgroup]
continuation-promise-restart	Run actions/checkout@v4	2026-10-01T08:20:08.8642746Z ##[group]Fetching the repository
continuation-promise-restart	Run actions/checkout@v4	2026-10-01T08:20:08.8651698Z [command]/usr/bin/git -c protocol.version=2 fetch --no-tags --prune --no-recurse-submodules --depth=1 origin +1bcf5ef52172d76a537911b7975f29c2502fa4b4:refs/remotes/origin/main
continuation-promise-restart	Run actions/checkout@v4	2026-10-01T08:20:10.9681720Z From https://github.com/AntPAllen/js-wf
continuation-promise-restart	Run actions/checkout@v4	2026-10-01T08:20:10.9683825Z  * [new ref]         1bcf5ef52172d76a537911b7975f29c2502fa4b4 -> origin/main
continuation-promise-restart	Run actions/checkout@v4	2026-10-01T08:20:10.9688261Z ##[endgroup]
continuation-promise-restart	Run actions/checkout@v4	2026-10-01T08:20:10.9689939Z ##[group]Determining the checkout info
continuation-promise-restart	Run actions/checkout@v4	2026-10-01T08:20:10.9691696Z ##[endgroup]
continuation-promise-restart	Run actions/checkout@v4	2026-10-01T08:20:10.9692729Z [command]/usr/bin/git sparse-checkout disable
continuation-promise-restart	Run actions/checkout@v4	2026-10-01T08:20:10.9754278Z [command]/usr/bin/git config --local --unset-all extensions.worktreeConfig
continuation-promise-restart	Run actions/checkout@v4	2026-10-01T08:20:10.9793599Z ##[group]Checking out the ref
continuation-promise-restart	Run actions/checkout@v4	2026-10-01T08:20:10.9799086Z [command]/usr/bin/git checkout --progress --force -B main refs/remotes/origin/main
continuation-promise-restart	Run actions/checkout@v4	2026-10-01T08:20:11.1813151Z Switched to a new branch 'main'
continuation-promise-restart	Run actions/checkout@v4	2026-10-01T08:20:11.1815880Z branch 'main' set up to track 'origin/main'.
continuation-promise-restart	Run actions/checkout@v4	2026-10-01T08:20:11.1842427Z ##[endgroup]
continuation-promise-restart	Run actions/checkout@v4	2026-10-01T08:20:11.1899706Z [command]/usr/bin/git log -1 --format=%H
continuation-promise-restart	Run actions/checkout@v4	2026-10-01T08:20:11.1933859Z 1bcf5ef52172d76a537911b7975f29c2502fa4b4
continuation-promise-restart	Run actions/setup-go@v5	﻿2026-10-01T08:20:11.2218745Z ##[group]Run actions/setup-go@v5
continuation-promise-restart	Run actions/setup-go@v5	2026-10-01T08:20:11.2219148Z with:
continuation-promise-restart	Run actions/setup-go@v5	2026-10-01T08:20:11.2219430Z   go-version-file: go.mod
continuation-promise-restart	Run actions/setup-go@v5	2026-10-01T08:20:11.2219728Z   check-latest: false
continuation-promise-restart	Run actions/setup-go@v5	2026-10-01T08:20:11.2222335Z   token: ***
continuation-promise-restart	Run actions/setup-go@v5	2026-10-01T08:20:11.2222870Z   cache: true
continuation-promise-restart	Run actions/setup-go@v5	2026-10-01T08:20:11.2223146Z env:
continuation-promise-restart	Run actions/setup-go@v5	2026-10-01T08:20:11.2223397Z   WF_PROMISE_FULL_RESTART: 1
continuation-promise-restart	Run actions/setup-go@v5	2026-10-01T08:20:11.2223698Z ##[endgroup]
continuation-promise-restart	Run actions/setup-go@v5	2026-10-01T08:20:11.3548259Z Setup go version spec 1.27.1
continuation-promise-restart	Run actions/setup-go@v5	2026-10-01T08:20:11.3558225Z Attempting to download 1.27.1...
continuation-promise-restart	Run actions/setup-go@v5	2026-10-01T08:20:11.3670716Z (node:2254) [DEP0040] DeprecationWarning: The `punycode` module is deprecated. Please use a userland alternative instead.
continuation-promise-restart	Run actions/setup-go@v5	2026-10-01T08:20:11.3671900Z (Use `node --trace-deprecation ...` to show where the warning was created)
continuation-promise-restart	Run actions/setup-go@v5	2026-10-01T08:20:12.1133049Z matching 1.27.1...
continuation-promise-restart	Run actions/setup-go@v5	2026-10-01T08:20:12.1157548Z Acquiring 1.27.1 from https://github.com/actions/go-versions/releases/download/1.27.1-33583469715/go-1.27.1-linux-x64.tar.gz
continuation-promise-restart	Run actions/setup-go@v5	2026-10-01T08:20:12.7746630Z Extracting Go...
continuation-promise-restart	Run actions/setup-go@v5	2026-10-01T08:20:12.7992261Z [command]/usr/bin/tar xz --warning=no-unknown-keyword --overwrite -C /home/runner/work/_temp/c673acae-a7c9-4f7e-b7bd-52922c9d3f64 -f /home/runner/work/_temp/875428b6-fc6d-496e-ba89-6cfe731dda31
continuation-promise-restart	Run actions/setup-go@v5	2026-10-01T08:20:14.6286587Z Successfully extracted go to /home/runner/work/_temp/c673acae-a7c9-4f7e-b7bd-52922c9d3f64
continuation-promise-restart	Run actions/setup-go@v5	2026-10-01T08:20:14.6287312Z Adding to the cache ...
continuation-promise-restart	Run actions/setup-go@v5	2026-10-01T08:20:19.5432958Z Successfully cached go to /opt/hostedtoolcache/go/1.27.1/x64
continuation-promise-restart	Run actions/setup-go@v5	2026-10-01T08:20:19.5436346Z Added go to the path
continuation-promise-restart	Run actions/setup-go@v5	2026-10-01T08:20:19.5520977Z Successfully set up Go version 1.27.1
continuation-promise-restart	Run actions/setup-go@v5	2026-10-01T08:20:19.5678314Z [command]/opt/hostedtoolcache/go/1.27.1/x64/bin/go env GOMODCACHE
continuation-promise-restart	Run actions/setup-go@v5	2026-10-01T08:20:19.5722235Z [command]/opt/hostedtoolcache/go/1.27.1/x64/bin/go env GOCACHE
continuation-promise-restart	Run actions/setup-go@v5	2026-10-01T08:20:19.5770285Z /home/runner/go/pkg/mod
continuation-promise-restart	Run actions/setup-go@v5	2026-10-01T08:20:19.5791093Z /home/runner/.cache/go-build
continuation-promise-restart	Run actions/setup-go@v5	2026-10-01T08:20:19.7275811Z Cache hit for: setup-go-Linux-x64-ubuntu24-go-1.27.1-487c2eade748c1cfcd01caf54d154b8f65df65b05311c1ecee4b42fdda97ee43
continuation-promise-restart	Run actions/setup-go@v5	2026-10-01T08:20:19.7383724Z (node:2254) [DEP0169] DeprecationWarning: `url.parse()` behavior is not standardized and prone to errors that have security implications. Use the WHATWG URL API instead. CVEs are not issued for `url.parse()` vulnerabilities.
continuation-promise-restart	Run actions/setup-go@v5	2026-10-01T08:20:20.8854026Z Received 96468992 of 189957878 (50.8%), 91.6 MBs/sec
continuation-promise-restart	Run actions/setup-go@v5	2026-10-01T08:20:21.3388861Z Received 189957878 of 189957878 (100.0%), 124.3 MBs/sec
continuation-promise-restart	Run actions/setup-go@v5	2026-10-01T08:20:21.3389802Z Cache Size: ~181 MB (189957878 B)
continuation-promise-restart	Run actions/setup-go@v5	2026-10-01T08:20:21.3459365Z [command]/usr/bin/tar -xf /home/runner/work/_temp/e9a073f1-2496-4c8c-b9ae-6518c0e901f4/cache.tzst -P -C /home/runner/work/js-wf/js-wf --use-compress-program unzstd
continuation-promise-restart	Run actions/setup-go@v5	2026-10-01T08:20:22.3726262Z Cache restored successfully
continuation-promise-restart	Run actions/setup-go@v5	2026-10-01T08:20:22.3851768Z Cache restored from key: setup-go-Linux-x64-ubuntu24-go-1.27.1-487c2eade748c1cfcd01caf54d154b8f65df65b05311c1ecee4b42fdda97ee43
continuation-promise-restart	Run actions/setup-go@v5	2026-10-01T08:20:22.3883054Z go version go1.27.1 linux/amd64
continuation-promise-restart	Run actions/setup-go@v5	2026-10-01T08:20:22.3883500Z 
continuation-promise-restart	Run actions/setup-go@v5	2026-10-01T08:20:22.3883891Z ##[group]go env
continuation-promise-restart	Run actions/setup-go@v5	2026-10-01T08:20:22.4028842Z AR='ar'
continuation-promise-restart	Run actions/setup-go@v5	2026-10-01T08:20:22.4029233Z CC='gcc'
continuation-promise-restart	Run actions/setup-go@v5	2026-10-01T08:20:22.4029562Z CGO_CFLAGS='-O2 -g'
continuation-promise-restart	Run actions/setup-go@v5	2026-10-01T08:20:22.4029892Z CGO_CPPFLAGS=''
continuation-promise-restart	Run actions/setup-go@v5	2026-10-01T08:20:22.4030267Z CGO_CXXFLAGS='-O2 -g'
continuation-promise-restart	Run actions/setup-go@v5	2026-10-01T08:20:22.4030620Z CGO_ENABLED='1'
continuation-promise-restart	Run actions/setup-go@v5	2026-10-01T08:20:22.4030959Z CGO_FFLAGS='-O2 -g'
continuation-promise-restart	Run actions/setup-go@v5	2026-10-01T08:20:22.4031294Z CGO_LDFLAGS='-O2 -g'
continuation-promise-restart	Run actions/setup-go@v5	2026-10-01T08:20:22.4031616Z CXX='g++'
continuation-promise-restart	Run actions/setup-go@v5	2026-10-01T08:20:22.4031895Z GCCGO='gccgo'
continuation-promise-restart	Run actions/setup-go@v5	2026-10-01T08:20:22.4032202Z GO111MODULE=''
continuation-promise-restart	Run actions/setup-go@v5	2026-10-01T08:20:22.4032498Z GOAMD64='v1'
continuation-promise-restart	Run actions/setup-go@v5	2026-10-01T08:20:22.4032791Z GOARCH='amd64'
continuation-promise-restart	Run actions/setup-go@v5	2026-10-01T08:20:22.4033073Z GOAUTH='netrc'
continuation-promise-restart	Run actions/setup-go@v5	2026-10-01T08:20:22.4033384Z GOBIN='/home/runner/go/bin'
continuation-promise-restart	Run actions/setup-go@v5	2026-10-01T08:20:22.4033797Z GOCACHE='/home/runner/.cache/go-build'
continuation-promise-restart	Run actions/setup-go@v5	2026-10-01T08:20:22.4034235Z GOCACHEPROG=''
continuation-promise-restart	Run actions/setup-go@v5	2026-10-01T08:20:22.4034547Z GODEBUG=''
continuation-promise-restart	Run actions/setup-go@v5	2026-10-01T08:20:22.4034893Z GOENV='/home/runner/.config/go/env'
continuation-promise-restart	Run actions/setup-go@v5	2026-10-01T08:20:22.4035529Z GOEXE=''
continuation-promise-restart	Run actions/setup-go@v5	2026-10-01T08:20:22.4036023Z GOEXPERIMENT=''
continuation-promise-restart	Run actions/setup-go@v5	2026-10-01T08:20:22.4036359Z GOFIPS140='off'
continuation-promise-restart	Run actions/setup-go@v5	2026-10-01T08:20:22.4037024Z GOFLAGS=''
continuation-promise-restart	Run actions/setup-go@v5	2026-10-01T08:20:22.4038015Z GOGCCFLAGS='-fPIC -m64 -pthread -Wl,--no-gc-sections -fmessage-length=0 -ffile-prefix-map=/tmp/go-build1990527624=/tmp/go-build -gno-record-gcc-switches'
continuation-promise-restart	Run actions/setup-go@v5	2026-10-01T08:20:22.4039186Z GOHOSTARCH='amd64'
continuation-promise-restart	Run actions/setup-go@v5	2026-10-01T08:20:22.4039496Z GOHOSTOS='linux'
continuation-promise-restart	Run actions/setup-go@v5	2026-10-01T08:20:22.4039789Z GOINSECURE=''
continuation-promise-restart	Run actions/setup-go@v5	2026-10-01T08:20:22.4040134Z GOMOD='/home/runner/work/js-wf/js-wf/go.mod'
continuation-promise-restart	Run actions/setup-go@v5	2026-10-01T08:20:22.4040596Z GOMODCACHE='/home/runner/go/pkg/mod'
continuation-promise-restart	Run actions/setup-go@v5	2026-10-01T08:20:22.4040988Z GONOPROXY=''
continuation-promise-restart	Run actions/setup-go@v5	2026-10-01T08:20:22.4041281Z GONOSUMDB=''
continuation-promise-restart	Run actions/setup-go@v5	2026-10-01T08:20:22.4041571Z GOOS='linux'
continuation-promise-restart	Run actions/setup-go@v5	2026-10-01T08:20:22.4041861Z GOPACKAGESDRIVER=''
continuation-promise-restart	Run actions/setup-go@v5	2026-10-01T08:20:22.4042190Z GOPATH='/home/runner/go'
continuation-promise-restart	Run actions/setup-go@v5	2026-10-01T08:20:22.4042516Z GOPRIVATE=''
continuation-promise-restart	Run actions/setup-go@v5	2026-10-01T08:20:22.4042882Z GOPROXY='https://proxy.golang.org,direct'
continuation-promise-restart	Run actions/setup-go@v5	2026-10-01T08:20:22.4043361Z GOROOT='/opt/hostedtoolcache/go/1.27.1/x64'
continuation-promise-restart	Run actions/setup-go@v5	2026-10-01T08:20:22.4043817Z GOSUMDB='sum.golang.org'
continuation-promise-restart	Run actions/setup-go@v5	2026-10-01T08:20:22.4044160Z GOTELEMETRY='local'
continuation-promise-restart	Run actions/setup-go@v5	2026-10-01T08:20:22.4044560Z GOTELEMETRYDIR='/home/runner/.config/go/telemetry'
continuation-promise-restart	Run actions/setup-go@v5	2026-10-01T08:20:22.4045027Z GOTMPDIR=''
continuation-promise-restart	Run actions/setup-go@v5	2026-10-01T08:20:22.4045510Z GOTOOLCHAIN='auto'
continuation-promise-restart	Run actions/setup-go@v5	2026-10-01T08:20:22.4045982Z GOTOOLDIR='/opt/hostedtoolcache/go/1.27.1/x64/pkg/tool/linux_amd64'
continuation-promise-restart	Run actions/setup-go@v5	2026-10-01T08:20:22.4046526Z GOVCS=''
continuation-promise-restart	Run actions/setup-go@v5	2026-10-01T08:20:22.4046816Z GOVERSION='go1.27.1'
continuation-promise-restart	Run actions/setup-go@v5	2026-10-01T08:20:22.4047141Z GOWORK=''
continuation-promise-restart	Run actions/setup-go@v5	2026-10-01T08:20:22.4047457Z PKG_CONFIG='pkg-config'
continuation-promise-restart	Run actions/setup-go@v5	2026-10-01T08:20:22.4047663Z 
continuation-promise-restart	Run actions/setup-go@v5	2026-10-01T08:20:22.4048080Z ##[endgroup]
continuation-promise-restart	Race-check eight promise publication and handoff cuts	﻿2026-10-01T08:20:22.4276766Z ##[group]Run go test -race ./integration -run '^TestContinuationPromiseSIGKILLAndFullServerRestart$' -count=1 -timeout=8m -v 2>&1 | tee continuation-promise-restart.log
continuation-promise-restart	Race-check eight promise publication and handoff cuts	2026-10-01T08:20:22.4278962Z ^[[36;1mgo test -race ./integration -run '^TestContinuationPromiseSIGKILLAndFullServerRestart$' -count=1 -timeout=8m -v 2>&1 | tee continuation-promise-restart.log^[[0m
continuation-promise-restart	Race-check eight promise publication and handoff cuts	2026-10-01T08:20:22.4598839Z shell: /usr/bin/bash -e {0}
continuation-promise-restart	Race-check eight promise publication and handoff cuts	2026-10-01T08:20:22.4599288Z env:
continuation-promise-restart	Race-check eight promise publication and handoff cuts	2026-10-01T08:20:22.4599615Z   WF_PROMISE_FULL_RESTART: 1
continuation-promise-restart	Race-check eight promise publication and handoff cuts	2026-10-01T08:20:22.4600016Z ##[endgroup]
continuation-promise-restart	Race-check eight promise publication and handoff cuts	2026-10-01T08:21:14.3565423Z === RUN   TestContinuationPromiseSIGKILLAndFullServerRestart
continuation-promise-restart	Race-check eight promise publication and handoff cuts	2026-10-01T08:21:14.3566263Z === RUN   TestContinuationPromiseSIGKILLAndFullServerRestart/before_frame
continuation-promise-restart	Race-check eight promise publication and handoff cuts	2026-10-01T08:21:32.2921495Z     continuation_promise_kill_test.go:194: promise combined cut=before_frame child_bytes=614402 frame_bytes=582 kill_recovery=12.797448995s heal_recovery=5.243888699s signal_recovery=5.212553933s child_reads=2 archive_reads=0 abandoned_deleted=0 final_deleted=3
continuation-promise-restart	Race-check eight promise publication and handoff cuts	2026-10-01T08:21:32.3542116Z === RUN   TestContinuationPromiseSIGKILLAndFullServerRestart/after_frame
continuation-promise-restart	Race-check eight promise publication and handoff cuts	2026-10-01T08:21:50.4160848Z     continuation_promise_kill_test.go:194: promise combined cut=after_frame child_bytes=614402 frame_bytes=582 kill_recovery=13.139369929s heal_recovery=6.646110825s signal_recovery=6.612918065s child_reads=2 archive_reads=0 abandoned_deleted=1 final_deleted=3
continuation-promise-restart	Race-check eight promise publication and handoff cuts	2026-10-01T08:21:50.5119620Z === RUN   TestContinuationPromiseSIGKILLAndFullServerRestart/before_manifest
continuation-promise-restart	Race-check eight promise publication and handoff cuts	2026-10-01T08:22:08.5866240Z     continuation_promise_kill_test.go:194: promise combined cut=before_manifest child_bytes=614402 frame_bytes=582 kill_recovery=13.056156135s heal_recovery=4.446365476s signal_recovery=4.415345941s child_reads=2 archive_reads=0 abandoned_deleted=0 final_deleted=3
continuation-promise-restart	Race-check eight promise publication and handoff cuts	2026-10-01T08:22:08.6833118Z === RUN   TestContinuationPromiseSIGKILLAndFullServerRestart/after_manifest
continuation-promise-restart	Race-check eight promise publication and handoff cuts	2026-10-01T08:22:26.3158351Z     continuation_promise_kill_test.go:194: promise combined cut=after_manifest child_bytes=614402 frame_bytes=582 kill_recovery=12.686313595s heal_recovery=5.145002803s signal_recovery=5.112935232s child_reads=1 archive_reads=0 abandoned_deleted=0 final_deleted=3
continuation-promise-restart	Race-check eight promise publication and handoff cuts	2026-10-01T08:22:26.4107639Z === RUN   TestContinuationPromiseSIGKILLAndFullServerRestart/after_journal_purge
continuation-promise-restart	Race-check eight promise publication and handoff cuts	2026-10-01T08:22:44.3418302Z     continuation_promise_kill_test.go:194: promise combined cut=after_journal_purge child_bytes=614402 frame_bytes=582 kill_recovery=12.955185453s heal_recovery=4.34430724s signal_recovery=4.313198537s child_reads=1 archive_reads=0 abandoned_deleted=0 final_deleted=3
continuation-promise-restart	Race-check eight promise publication and handoff cuts	2026-10-01T08:22:44.4366721Z === RUN   TestContinuationPromiseSIGKILLAndFullServerRestart/after_signal_purge
continuation-promise-restart	Race-check eight promise publication and handoff cuts	2026-10-01T08:23:02.1133848Z     continuation_promise_kill_test.go:194: promise combined cut=after_signal_purge child_bytes=614402 frame_bytes=582 kill_recovery=12.711188766s heal_recovery=5.151044366s signal_recovery=5.112346347s child_reads=1 archive_reads=0 abandoned_deleted=0 final_deleted=3
continuation-promise-restart	Race-check eight promise publication and handoff cuts	2026-10-01T08:23:02.1658076Z === RUN   TestContinuationPromiseSIGKILLAndFullServerRestart/after_suspended
continuation-promise-restart	Race-check eight promise publication and handoff cuts	2026-10-01T08:23:19.8524400Z     continuation_promise_kill_test.go:194: promise combined cut=after_suspended child_bytes=614402 frame_bytes=582 kill_recovery=12.690661018s heal_recovery=5.147040603s signal_recovery=5.114825156s child_reads=1 archive_reads=0 abandoned_deleted=0 final_deleted=3
continuation-promise-restart	Race-check eight promise publication and handoff cuts	2026-10-01T08:23:19.9065181Z === RUN   TestContinuationPromiseSIGKILLAndFullServerRestart/after_handoff_release
continuation-promise-restart	Race-check eight promise publication and handoff cuts	2026-10-01T08:23:33.6505488Z     continuation_promise_kill_test.go:194: promise combined cut=after_handoff_release child_bytes=614402 frame_bytes=582 kill_recovery=8.751690486s heal_recovery=150.367033ms signal_recovery=113.695931ms child_reads=1 archive_reads=0 abandoned_deleted=0 final_deleted=3
continuation-promise-restart	Race-check eight promise publication and handoff cuts	2026-10-01T08:23:33.7459113Z --- PASS: TestContinuationPromiseSIGKILLAndFullServerRestart (139.39s)
continuation-promise-restart	Race-check eight promise publication and handoff cuts	2026-10-01T08:23:33.7460210Z     --- PASS: TestContinuationPromiseSIGKILLAndFullServerRestart/before_frame (18.00s)
continuation-promise-restart	Race-check eight promise publication and handoff cuts	2026-10-01T08:23:33.7461690Z     --- PASS: TestContinuationPromiseSIGKILLAndFullServerRestart/after_frame (18.16s)
continuation-promise-restart	Race-check eight promise publication and handoff cuts	2026-10-01T08:23:33.7462774Z     --- PASS: TestContinuationPromiseSIGKILLAndFullServerRestart/before_manifest (18.17s)
continuation-promise-restart	Race-check eight promise publication and handoff cuts	2026-10-01T08:23:33.7463923Z     --- PASS: TestContinuationPromiseSIGKILLAndFullServerRestart/after_manifest (17.73s)
continuation-promise-restart	Race-check eight promise publication and handoff cuts	2026-10-01T08:23:33.7465113Z     --- PASS: TestContinuationPromiseSIGKILLAndFullServerRestart/after_journal_purge (18.03s)
continuation-promise-restart	Race-check eight promise publication and handoff cuts	2026-10-01T08:23:33.7466621Z     --- PASS: TestContinuationPromiseSIGKILLAndFullServerRestart/after_signal_purge (17.73s)
continuation-promise-restart	Race-check eight promise publication and handoff cuts	2026-10-01T08:23:33.7467453Z     --- PASS: TestContinuationPromiseSIGKILLAndFullServerRestart/after_suspended (17.74s)
continuation-promise-restart	Race-check eight promise publication and handoff cuts	2026-10-01T08:23:33.7468205Z     --- PASS: TestContinuationPromiseSIGKILLAndFullServerRestart/after_handoff_release (13.84s)
continuation-promise-restart	Race-check eight promise publication and handoff cuts	2026-10-01T08:23:33.7468663Z PASS
continuation-promise-restart	Race-check eight promise publication and handoff cuts	2026-10-01T08:23:34.7519303Z ok  	js-wf/integration	140.407s
continuation-promise-restart	Run actions/upload-artifact@v7	﻿2026-10-01T08:23:34.9333926Z ##[group]Run actions/upload-artifact@v7
continuation-promise-restart	Run actions/upload-artifact@v7	2026-10-01T08:23:34.9334246Z with:
continuation-promise-restart	Run actions/upload-artifact@v7	2026-10-01T08:23:34.9334471Z   name: continuation-promise-restart
continuation-promise-restart	Run actions/upload-artifact@v7	2026-10-01T08:23:34.9334772Z   path: continuation-promise-restart.log
continuation-promise-restart	Run actions/upload-artifact@v7	2026-10-01T08:23:34.9335059Z   if-no-files-found: error
continuation-promise-restart	Run actions/upload-artifact@v7	2026-10-01T08:23:34.9335574Z   compression-level: 6
continuation-promise-restart	Run actions/upload-artifact@v7	2026-10-01T08:23:34.9335804Z   overwrite: false
continuation-promise-restart	Run actions/upload-artifact@v7	2026-10-01T08:23:34.9336027Z   include-hidden-files: false
continuation-promise-restart	Run actions/upload-artifact@v7	2026-10-01T08:23:34.9336267Z   archive: true
continuation-promise-restart	Run actions/upload-artifact@v7	2026-10-01T08:23:34.9336465Z env:
continuation-promise-restart	Run actions/upload-artifact@v7	2026-10-01T08:23:34.9336668Z   WF_PROMISE_FULL_RESTART: 1
continuation-promise-restart	Run actions/upload-artifact@v7	2026-10-01T08:23:34.9336908Z ##[endgroup]
continuation-promise-restart	Run actions/upload-artifact@v7	2026-10-01T08:23:35.0809218Z With the provided path, there will be 1 file uploaded
continuation-promise-restart	Run actions/upload-artifact@v7	2026-10-01T08:23:35.0826102Z Artifact name is valid!
continuation-promise-restart	Run actions/upload-artifact@v7	2026-10-01T08:23:35.0838154Z Root directory input is valid!
continuation-promise-restart	Run actions/upload-artifact@v7	2026-10-01T08:23:35.3854454Z Uploading artifact: continuation-promise-restart.zip
continuation-promise-restart	Run actions/upload-artifact@v7	2026-10-01T08:23:35.3913014Z Beginning upload of artifact content to blob storage
continuation-promise-restart	Run actions/upload-artifact@v7	2026-10-01T08:23:35.5429559Z Uploaded bytes 794
continuation-promise-restart	Run actions/upload-artifact@v7	2026-10-01T08:23:35.5790343Z Finished uploading artifact content to blob storage!
continuation-promise-restart	Run actions/upload-artifact@v7	2026-10-01T08:23:35.5791388Z SHA256 digest of uploaded artifact is 76416645146664fea3f8d2203afc8789d23af430176fd7af26784c165aafa596
continuation-promise-restart	Run actions/upload-artifact@v7	2026-10-01T08:23:35.5792501Z Finalizing artifact upload
continuation-promise-restart	Run actions/upload-artifact@v7	2026-10-01T08:23:35.8718989Z Artifact continuation-promise-restart successfully finalized. Artifact ID 11149256679
continuation-promise-restart	Run actions/upload-artifact@v7	2026-10-01T08:23:35.8720282Z Artifact continuation-promise-restart has been successfully uploaded! Final size is 794 bytes. Artifact ID is 11149256679
continuation-promise-restart	Run actions/upload-artifact@v7	2026-10-01T08:23:35.8721559Z Artifact download URL: https://github.com/AntPAllen/js-wf/actions/runs/36835630542/artifacts/11149256679
continuation-promise-restart	Post Run actions/setup-go@v5	﻿2026-10-01T08:23:35.8880041Z Post job cleanup.
continuation-promise-restart	Post Run actions/setup-go@v5	2026-10-01T08:23:36.0140922Z (node:7591) [DEP0040] DeprecationWarning: The `punycode` module is deprecated. Please use a userland alternative instead.
continuation-promise-restart	Post Run actions/setup-go@v5	2026-10-01T08:23:36.0142198Z (Use `node --trace-deprecation ...` to show where the warning was created)
continuation-promise-restart	Post Run actions/setup-go@v5	2026-10-01T08:23:36.0217747Z [command]/opt/hostedtoolcache/go/1.27.1/x64/bin/go env GOMODCACHE
continuation-promise-restart	Post Run actions/setup-go@v5	2026-10-01T08:23:36.0282274Z [command]/opt/hostedtoolcache/go/1.27.1/x64/bin/go env GOCACHE
continuation-promise-restart	Post Run actions/setup-go@v5	2026-10-01T08:23:36.0306959Z /home/runner/go/pkg/mod
continuation-promise-restart	Post Run actions/setup-go@v5	2026-10-01T08:23:36.0336647Z /home/runner/.cache/go-build
continuation-promise-restart	Post Run actions/setup-go@v5	2026-10-01T08:23:36.0345164Z Cache hit occurred on the primary key setup-go-Linux-x64-ubuntu24-go-1.27.1-487c2eade748c1cfcd01caf54d154b8f65df65b05311c1ecee4b42fdda97ee43, not saving cache.
continuation-promise-restart	Post Run actions/checkout@v4	﻿2026-10-01T08:23:36.0540787Z Post job cleanup.
continuation-promise-restart	Post Run actions/checkout@v4	2026-10-01T08:23:36.1477728Z [command]/usr/bin/git version
continuation-promise-restart	Post Run actions/checkout@v4	2026-10-01T08:23:36.1524556Z git version 2.55.0
continuation-promise-restart	Post Run actions/checkout@v4	2026-10-01T08:23:36.1566751Z Temporarily overriding HOME='/home/runner/work/_temp/90238d4c-ea1d-4b38-a18c-a6c7fa52b4ef' before making global git config changes
continuation-promise-restart	Post Run actions/checkout@v4	2026-10-01T08:23:36.1568010Z Adding repository directory to the temporary git global config as a safe directory
continuation-promise-restart	Post Run actions/checkout@v4	2026-10-01T08:23:36.1573038Z [command]/usr/bin/git config --global --add safe.directory /home/runner/work/js-wf/js-wf
continuation-promise-restart	Post Run actions/checkout@v4	2026-10-01T08:23:36.1614247Z [command]/usr/bin/git config --local --name-only --get-regexp core\.sshCommand
continuation-promise-restart	Post Run actions/checkout@v4	2026-10-01T08:23:36.1652305Z [command]/usr/bin/git submodule foreach --recursive sh -c "git config --local --name-only --get-regexp 'core\.sshCommand' && git config --local --unset-all 'core.sshCommand' || :"
continuation-promise-restart	Post Run actions/checkout@v4	2026-10-01T08:23:36.1949761Z [command]/usr/bin/git config --local --name-only --get-regexp http\.https\:\/\/github\.com\/\.extraheader
continuation-promise-restart	Post Run actions/checkout@v4	2026-10-01T08:23:36.2006139Z http.https://github.com/.extraheader
continuation-promise-restart	Post Run actions/checkout@v4	2026-10-01T08:23:36.2019661Z [command]/usr/bin/git config --local --unset-all http.https://github.com/.extraheader
continuation-promise-restart	Post Run actions/checkout@v4	2026-10-01T08:23:36.2077707Z [command]/usr/bin/git submodule foreach --recursive sh -c "git config --local --name-only --get-regexp 'http\.https\:\/\/github\.com\/\.extraheader' && git config --local --unset-all 'http.https://github.com/.extraheader' || :"
continuation-promise-restart	Post Run actions/checkout@v4	2026-10-01T08:23:36.2432626Z [command]/usr/bin/git config --local --name-only --get-regexp ^includeIf\.gitdir:
continuation-promise-restart	Post Run actions/checkout@v4	2026-10-01T08:23:36.2486908Z [command]/usr/bin/git submodule foreach --recursive git config --local --show-origin --name-only --get-regexp remote.origin.url
continuation-promise-restart	Complete job	﻿2026-10-01T08:23:36.2980331Z Cleaning up orphan processes
continuation-promise-restart	Complete job	2026-10-01T08:23:36.3267935Z ##[warning]Node.js 20 is deprecated. The following actions target Node.js 20 but are being forced to run on Node.js 24: actions/checkout@v4, actions/setup-go@v5. For more information see: https://github.blog/changelog/2025-09-19-deprecation-of-node-20-on-github-actions-runners/
cluster-scale-cas	Set up job	﻿2026-10-01T08:20:07.9772915Z Current runner version: '2.337.0'
cluster-scale-cas	Set up job	2026-10-01T08:20:07.9800717Z ##[group]Runner Image Provisioner
cluster-scale-cas	Set up job	2026-10-01T08:20:07.9801674Z Hosted Compute Agent
cluster-scale-cas	Set up job	2026-10-01T08:20:07.9802257Z Version: 20260901.588
cluster-scale-cas	Set up job	2026-10-01T08:20:07.9802963Z Commit: f88ec8081b781fac6c440065ac7ff9e710ce3d0b
cluster-scale-cas	Set up job	2026-10-01T08:20:07.9803693Z Build Date: 2026-09-01T19:56:44Z
cluster-scale-cas	Set up job	2026-10-01T08:20:07.9804440Z Worker ID: {de76c12a-de60-4ef3-8075-30e4ea397543}
cluster-scale-cas	Set up job	2026-10-01T08:20:07.9805190Z Azure Region: westus2
cluster-scale-cas	Set up job	2026-10-01T08:20:07.9805756Z ##[endgroup]
cluster-scale-cas	Set up job	2026-10-01T08:20:07.9807731Z ##[group]Operating System
cluster-scale-cas	Set up job	2026-10-01T08:20:07.9808444Z Ubuntu
cluster-scale-cas	Set up job	2026-10-01T08:20:07.9809068Z 24.04.5
cluster-scale-cas	Set up job	2026-10-01T08:20:07.9809602Z LTS
cluster-scale-cas	Set up job	2026-10-01T08:20:07.9810319Z ##[endgroup]
cluster-scale-cas	Set up job	2026-10-01T08:20:07.9810950Z ##[group]Runner Image
cluster-scale-cas	Set up job	2026-10-01T08:20:07.9811603Z Image: ubuntu-24.04
cluster-scale-cas	Set up job	2026-10-01T08:20:07.9812155Z Version: 20260927.320.1
cluster-scale-cas	Set up job	2026-10-01T08:20:07.9813271Z Included Software: https://github.com/actions/runner-images/blob/ubuntu24/20260927.320/images/ubuntu/Ubuntu2404-Readme.md
cluster-scale-cas	Set up job	2026-10-01T08:20:07.9815122Z Image Release: https://github.com/actions/runner-images/releases/tag/ubuntu24%2F20260927.320
cluster-scale-cas	Set up job	2026-10-01T08:20:07.9816116Z ##[endgroup]
cluster-scale-cas	Set up job	2026-10-01T08:20:07.9817366Z ##[group]GITHUB_TOKEN Permissions
cluster-scale-cas	Set up job	2026-10-01T08:20:07.9819748Z Contents: read
cluster-scale-cas	Set up job	2026-10-01T08:20:07.9820740Z Metadata: read
cluster-scale-cas	Set up job	2026-10-01T08:20:07.9821411Z Packages: read
cluster-scale-cas	Set up job	2026-10-01T08:20:07.9822014Z ##[endgroup]
cluster-scale-cas	Set up job	2026-10-01T08:20:07.9824516Z Secret source: Actions
cluster-scale-cas	Set up job	2026-10-01T08:20:07.9825504Z Cache mode: write
cluster-scale-cas	Set up job	2026-10-01T08:20:07.9826338Z Prepare workflow directory
cluster-scale-cas	Set up job	2026-10-01T08:20:08.0183959Z Prepare all required actions
cluster-scale-cas	Set up job	2026-10-01T08:20:08.0234797Z Getting action download info
cluster-scale-cas	Set up job	2026-10-01T08:20:08.4053579Z Download action repository 'actions/checkout@v4' (SHA:11d5960a326750d5838078e36cf38b85af677262)
cluster-scale-cas	Set up job	2026-10-01T08:20:08.5272203Z Download action repository 'actions/setup-go@v5' (SHA:40f1582b2485089dde7abd97c1529aa768e1baff)
cluster-scale-cas	Set up job	2026-10-01T08:20:08.8826450Z Complete job name: cluster-scale-cas
cluster-scale-cas	Run actions/checkout@v4	﻿2026-10-01T08:20:08.9649460Z ##[group]Run actions/checkout@v4
cluster-scale-cas	Run actions/checkout@v4	2026-10-01T08:20:08.9650791Z with:
cluster-scale-cas	Run actions/checkout@v4	2026-10-01T08:20:08.9651269Z   repository: AntPAllen/js-wf
cluster-scale-cas	Run actions/checkout@v4	2026-10-01T08:20:08.9655330Z   token: ***
cluster-scale-cas	Run actions/checkout@v4	2026-10-01T08:20:08.9655766Z   ssh-strict: true
cluster-scale-cas	Run actions/checkout@v4	2026-10-01T08:20:08.9656214Z   ssh-user: git
cluster-scale-cas	Run actions/checkout@v4	2026-10-01T08:20:08.9656663Z   persist-credentials: true
cluster-scale-cas	Run actions/checkout@v4	2026-10-01T08:20:08.9657156Z   clean: true
cluster-scale-cas	Run actions/checkout@v4	2026-10-01T08:20:08.9657618Z   sparse-checkout-cone-mode: true
cluster-scale-cas	Run actions/checkout@v4	2026-10-01T08:20:08.9658139Z   fetch-depth: 1
cluster-scale-cas	Run actions/checkout@v4	2026-10-01T08:20:08.9658573Z   fetch-tags: false
cluster-scale-cas	Run actions/checkout@v4	2026-10-01T08:20:08.9659021Z   show-progress: true
cluster-scale-cas	Run actions/checkout@v4	2026-10-01T08:20:08.9659469Z   lfs: false
cluster-scale-cas	Run actions/checkout@v4	2026-10-01T08:20:08.9660054Z   submodules: false
cluster-scale-cas	Run actions/checkout@v4	2026-10-01T08:20:08.9660512Z   set-safe-directory: true
cluster-scale-cas	Run actions/checkout@v4	2026-10-01T08:20:08.9661020Z   allow-unsafe-pr-checkout: false
cluster-scale-cas	Run actions/checkout@v4	2026-10-01T08:20:08.9661824Z ##[endgroup]
cluster-scale-cas	Run actions/checkout@v4	2026-10-01T08:20:09.0795500Z Syncing repository: AntPAllen/js-wf
cluster-scale-cas	Run actions/checkout@v4	2026-10-01T08:20:09.0798010Z ##[group]Getting Git version info
cluster-scale-cas	Run actions/checkout@v4	2026-10-01T08:20:09.0798748Z Working directory is '/home/runner/work/js-wf/js-wf'
cluster-scale-cas	Run actions/checkout@v4	2026-10-01T08:20:09.0800241Z [command]/usr/bin/git version
cluster-scale-cas	Run actions/checkout@v4	2026-10-01T08:20:09.0868139Z git version 2.55.0
cluster-scale-cas	Run actions/checkout@v4	2026-10-01T08:20:09.0892718Z ##[endgroup]
cluster-scale-cas	Run actions/checkout@v4	2026-10-01T08:20:09.0912503Z Temporarily overriding HOME='/home/runner/work/_temp/37ffda35-0379-4632-8e98-9bae9129f77e' before making global git config changes
cluster-scale-cas	Run actions/checkout@v4	2026-10-01T08:20:09.0915349Z Adding repository directory to the temporary git global config as a safe directory
cluster-scale-cas	Run actions/checkout@v4	2026-10-01T08:20:09.0919166Z [command]/usr/bin/git config --global --add safe.directory /home/runner/work/js-wf/js-wf
cluster-scale-cas	Run actions/checkout@v4	2026-10-01T08:20:09.0986686Z Deleting the contents of '/home/runner/work/js-wf/js-wf'
cluster-scale-cas	Run actions/checkout@v4	2026-10-01T08:20:09.0993209Z ##[group]Initializing the repository
cluster-scale-cas	Run actions/checkout@v4	2026-10-01T08:20:09.1007922Z [command]/usr/bin/git init /home/runner/work/js-wf/js-wf
cluster-scale-cas	Run actions/checkout@v4	2026-10-01T08:20:09.1137199Z hint: Using 'master' as the name for the initial branch. This default branch name
cluster-scale-cas	Run actions/checkout@v4	2026-10-01T08:20:09.1144844Z hint: will change to "main" in Git 3.0. To configure the initial branch name
cluster-scale-cas	Run actions/checkout@v4	2026-10-01T08:20:09.1149717Z hint: to use in all of your new repositories, which will suppress this warning,
cluster-scale-cas	Run actions/checkout@v4	2026-10-01T08:20:09.1152882Z hint: call:
cluster-scale-cas	Run actions/checkout@v4	2026-10-01T08:20:09.1154291Z hint:
cluster-scale-cas	Run actions/checkout@v4	2026-10-01T08:20:09.1155631Z hint: 	git config --global init.defaultBranch <name>
cluster-scale-cas	Run actions/checkout@v4	2026-10-01T08:20:09.1157618Z hint:
cluster-scale-cas	Run actions/checkout@v4	2026-10-01T08:20:09.1159128Z hint: Names commonly chosen instead of 'master' are 'main', 'trunk' and
cluster-scale-cas	Run actions/checkout@v4	2026-10-01T08:20:09.1161259Z hint: 'development'. The just-created branch can be renamed via this command:
cluster-scale-cas	Run actions/checkout@v4	2026-10-01T08:20:09.1163177Z hint:
cluster-scale-cas	Run actions/checkout@v4	2026-10-01T08:20:09.1164226Z hint: 	git branch -m <name>
cluster-scale-cas	Run actions/checkout@v4	2026-10-01T08:20:09.1165319Z hint:
cluster-scale-cas	Run actions/checkout@v4	2026-10-01T08:20:09.1166654Z hint: Disable this message with "git config set advice.defaultBranchName false"
cluster-scale-cas	Run actions/checkout@v4	2026-10-01T08:20:09.1168610Z Initialized empty Git repository in /home/runner/work/js-wf/js-wf/.git/
cluster-scale-cas	Run actions/checkout@v4	2026-10-01T08:20:09.1172063Z [command]/usr/bin/git remote add origin https://github.com/AntPAllen/js-wf
cluster-scale-cas	Run actions/checkout@v4	2026-10-01T08:20:09.1229066Z ##[endgroup]
cluster-scale-cas	Run actions/checkout@v4	2026-10-01T08:20:09.1230794Z ##[group]Disabling automatic garbage collection
cluster-scale-cas	Run actions/checkout@v4	2026-10-01T08:20:09.1241458Z [command]/usr/bin/git config --local gc.auto 0
cluster-scale-cas	Run actions/checkout@v4	2026-10-01T08:20:09.1268842Z ##[endgroup]
cluster-scale-cas	Run actions/checkout@v4	2026-10-01T08:20:09.1270193Z ##[group]Setting up auth
cluster-scale-cas	Run actions/checkout@v4	2026-10-01T08:20:09.1276104Z [command]/usr/bin/git config --local --name-only --get-regexp core\.sshCommand
cluster-scale-cas	Run actions/checkout@v4	2026-10-01T08:20:09.1313114Z [command]/usr/bin/git submodule foreach --recursive sh -c "git config --local --name-only --get-regexp 'core\.sshCommand' && git config --local --unset-all 'core.sshCommand' || :"
cluster-scale-cas	Run actions/checkout@v4	2026-10-01T08:20:09.1777459Z [command]/usr/bin/git config --local --name-only --get-regexp http\.https\:\/\/github\.com\/\.extraheader
cluster-scale-cas	Run actions/checkout@v4	2026-10-01T08:20:09.1832251Z [command]/usr/bin/git submodule foreach --recursive sh -c "git config --local --name-only --get-regexp 'http\.https\:\/\/github\.com\/\.extraheader' && git config --local --unset-all 'http.https://github.com/.extraheader' || :"
cluster-scale-cas	Run actions/checkout@v4	2026-10-01T08:20:09.2075348Z [command]/usr/bin/git config --local --name-only --get-regexp ^includeIf\.gitdir:
cluster-scale-cas	Run actions/checkout@v4	2026-10-01T08:20:09.2149465Z [command]/usr/bin/git submodule foreach --recursive git config --local --show-origin --name-only --get-regexp remote.origin.url
cluster-scale-cas	Run actions/checkout@v4	2026-10-01T08:20:09.2395075Z [command]/usr/bin/git config --local http.https://github.com/.extraheader AUTHORIZATION: basic ***
cluster-scale-cas	Run actions/checkout@v4	2026-10-01T08:20:09.2439038Z ##[endgroup]
cluster-scale-cas	Run actions/checkout@v4	2026-10-01T08:20:09.2440616Z ##[group]Fetching the repository
cluster-scale-cas	Run actions/checkout@v4	2026-10-01T08:20:09.2449711Z [command]/usr/bin/git -c protocol.version=2 fetch --no-tags --prune --no-recurse-submodules --depth=1 origin +1bcf5ef52172d76a537911b7975f29c2502fa4b4:refs/remotes/origin/main
cluster-scale-cas	Run actions/checkout@v4	2026-10-01T08:20:12.1182132Z From https://github.com/AntPAllen/js-wf
cluster-scale-cas	Run actions/checkout@v4	2026-10-01T08:20:12.1184897Z  * [new ref]         1bcf5ef52172d76a537911b7975f29c2502fa4b4 -> origin/main
cluster-scale-cas	Run actions/checkout@v4	2026-10-01T08:20:12.1191163Z ##[endgroup]
cluster-scale-cas	Run actions/checkout@v4	2026-10-01T08:20:12.1193048Z ##[group]Determining the checkout info
cluster-scale-cas	Run actions/checkout@v4	2026-10-01T08:20:12.1195321Z ##[endgroup]
cluster-scale-cas	Run actions/checkout@v4	2026-10-01T08:20:12.1202904Z [command]/usr/bin/git sparse-checkout disable
cluster-scale-cas	Run actions/checkout@v4	2026-10-01T08:20:12.1263873Z [command]/usr/bin/git config --local --unset-all extensions.worktreeConfig
cluster-scale-cas	Run actions/checkout@v4	2026-10-01T08:20:12.1308713Z ##[group]Checking out the ref
cluster-scale-cas	Run actions/checkout@v4	2026-10-01T08:20:12.1314988Z [command]/usr/bin/git checkout --progress --force -B main refs/remotes/origin/main
cluster-scale-cas	Run actions/checkout@v4	2026-10-01T08:20:12.3337502Z Switched to a new branch 'main'
cluster-scale-cas	Run actions/checkout@v4	2026-10-01T08:20:12.3343143Z branch 'main' set up to track 'origin/main'.
cluster-scale-cas	Run actions/checkout@v4	2026-10-01T08:20:12.3377528Z ##[endgroup]
cluster-scale-cas	Run actions/checkout@v4	2026-10-01T08:20:12.3440229Z [command]/usr/bin/git log -1 --format=%H
cluster-scale-cas	Run actions/checkout@v4	2026-10-01T08:20:12.3482556Z 1bcf5ef52172d76a537911b7975f29c2502fa4b4
cluster-scale-cas	Run actions/setup-go@v5	﻿2026-10-01T08:20:12.3775451Z ##[group]Run actions/setup-go@v5
cluster-scale-cas	Run actions/setup-go@v5	2026-10-01T08:20:12.3775948Z with:
cluster-scale-cas	Run actions/setup-go@v5	2026-10-01T08:20:12.3776242Z   go-version-file: go.mod
cluster-scale-cas	Run actions/setup-go@v5	2026-10-01T08:20:12.3776569Z   check-latest: false
cluster-scale-cas	Run actions/setup-go@v5	2026-10-01T08:20:12.3779666Z   token: ***
cluster-scale-cas	Run actions/setup-go@v5	2026-10-01T08:20:12.3780282Z   cache: true
cluster-scale-cas	Run actions/setup-go@v5	2026-10-01T08:20:12.3780580Z ##[endgroup]
cluster-scale-cas	Run actions/setup-go@v5	2026-10-01T08:20:12.5206499Z Setup go version spec 1.27.1
cluster-scale-cas	Run actions/setup-go@v5	2026-10-01T08:20:12.5217215Z Attempting to download 1.27.1...
cluster-scale-cas	Run actions/setup-go@v5	2026-10-01T08:20:12.5342186Z (node:2297) [DEP0040] DeprecationWarning: The `punycode` module is deprecated. Please use a userland alternative instead.
cluster-scale-cas	Run actions/setup-go@v5	2026-10-01T08:20:12.5344613Z (Use `node --trace-deprecation ...` to show where the warning was created)
cluster-scale-cas	Run actions/setup-go@v5	2026-10-01T08:20:13.5297825Z matching 1.27.1...
cluster-scale-cas	Run actions/setup-go@v5	2026-10-01T08:20:13.5332982Z Acquiring 1.27.1 from https://github.com/actions/go-versions/releases/download/1.27.1-33583469715/go-1.27.1-linux-x64.tar.gz
cluster-scale-cas	Run actions/setup-go@v5	2026-10-01T08:20:14.0698939Z Extracting Go...
cluster-scale-cas	Run actions/setup-go@v5	2026-10-01T08:20:14.0835146Z [command]/usr/bin/tar xz --warning=no-unknown-keyword --overwrite -C /home/runner/work/_temp/99c2777d-244a-4462-926f-183b49995649 -f /home/runner/work/_temp/0fcf71f1-b8f0-4984-aa15-7e2ff49b800e
cluster-scale-cas	Run actions/setup-go@v5	2026-10-01T08:20:15.8791792Z Successfully extracted go to /home/runner/work/_temp/99c2777d-244a-4462-926f-183b49995649
cluster-scale-cas	Run actions/setup-go@v5	2026-10-01T08:20:15.8793050Z Adding to the cache ...
cluster-scale-cas	Run actions/setup-go@v5	2026-10-01T08:20:22.2980755Z Successfully cached go to /opt/hostedtoolcache/go/1.27.1/x64
cluster-scale-cas	Run actions/setup-go@v5	2026-10-01T08:20:22.2982878Z Added go to the path
cluster-scale-cas	Run actions/setup-go@v5	2026-10-01T08:20:22.2985473Z Successfully set up Go version 1.27.1
cluster-scale-cas	Run actions/setup-go@v5	2026-10-01T08:20:22.3245552Z [command]/opt/hostedtoolcache/go/1.27.1/x64/bin/go env GOMODCACHE
cluster-scale-cas	Run actions/setup-go@v5	2026-10-01T08:20:22.3292473Z [command]/opt/hostedtoolcache/go/1.27.1/x64/bin/go env GOCACHE
cluster-scale-cas	Run actions/setup-go@v5	2026-10-01T08:20:22.3339756Z /home/runner/go/pkg/mod
cluster-scale-cas	Run actions/setup-go@v5	2026-10-01T08:20:22.3367051Z /home/runner/.cache/go-build
cluster-scale-cas	Run actions/setup-go@v5	2026-10-01T08:20:22.5858565Z Cache hit for: setup-go-Linux-x64-ubuntu24-go-1.27.1-487c2eade748c1cfcd01caf54d154b8f65df65b05311c1ecee4b42fdda97ee43
cluster-scale-cas	Run actions/setup-go@v5	2026-10-01T08:20:22.5980435Z (node:2297) [DEP0169] DeprecationWarning: `url.parse()` behavior is not standardized and prone to errors that have security implications. Use the WHATWG URL API instead. CVEs are not issued for `url.parse()` vulnerabilities.
cluster-scale-cas	Run actions/setup-go@v5	2026-10-01T08:20:23.8821386Z Received 4194304 of 189957878 (2.2%), 4.0 MBs/sec
cluster-scale-cas	Run actions/setup-go@v5	2026-10-01T08:20:24.8826714Z Received 121634816 of 189957878 (64.0%), 58.0 MBs/sec
cluster-scale-cas	Run actions/setup-go@v5	2026-10-01T08:20:25.4972124Z Received 189957878 of 189957878 (100.0%), 69.3 MBs/sec
cluster-scale-cas	Run actions/setup-go@v5	2026-10-01T08:20:25.4973271Z Cache Size: ~181 MB (189957878 B)
cluster-scale-cas	Run actions/setup-go@v5	2026-10-01T08:20:25.5017362Z [command]/usr/bin/tar -xf /home/runner/work/_temp/ddb24e07-23ff-4c40-bf89-a81ae4c627f8/cache.tzst -P -C /home/runner/work/js-wf/js-wf --use-compress-program unzstd
cluster-scale-cas	Run actions/setup-go@v5	2026-10-01T08:20:26.9960059Z Cache restored successfully
cluster-scale-cas	Run actions/setup-go@v5	2026-10-01T08:20:27.0054062Z Cache restored from key: setup-go-Linux-x64-ubuntu24-go-1.27.1-487c2eade748c1cfcd01caf54d154b8f65df65b05311c1ecee4b42fdda97ee43
cluster-scale-cas	Run actions/setup-go@v5	2026-10-01T08:20:27.0079744Z go version go1.27.1 linux/amd64
cluster-scale-cas	Run actions/setup-go@v5	2026-10-01T08:20:27.0080585Z 
cluster-scale-cas	Run actions/setup-go@v5	2026-10-01T08:20:27.0081055Z ##[group]go env
cluster-scale-cas	Run actions/setup-go@v5	2026-10-01T08:20:27.0245513Z AR='ar'
cluster-scale-cas	Run actions/setup-go@v5	2026-10-01T08:20:27.0245972Z CC='gcc'
cluster-scale-cas	Run actions/setup-go@v5	2026-10-01T08:20:27.0246345Z CGO_CFLAGS='-O2 -g'
cluster-scale-cas	Run actions/setup-go@v5	2026-10-01T08:20:27.0246745Z CGO_CPPFLAGS=''
cluster-scale-cas	Run actions/setup-go@v5	2026-10-01T08:20:27.0247113Z CGO_CXXFLAGS='-O2 -g'
cluster-scale-cas	Run actions/setup-go@v5	2026-10-01T08:20:27.0247446Z CGO_ENABLED='1'
cluster-scale-cas	Run actions/setup-go@v5	2026-10-01T08:20:27.0247701Z CGO_FFLAGS='-O2 -g'
cluster-scale-cas	Run actions/setup-go@v5	2026-10-01T08:20:27.0247931Z CGO_LDFLAGS='-O2 -g'
cluster-scale-cas	Run actions/setup-go@v5	2026-10-01T08:20:27.0248155Z CXX='g++'
cluster-scale-cas	Run actions/setup-go@v5	2026-10-01T08:20:27.0248361Z GCCGO='gccgo'
cluster-scale-cas	Run actions/setup-go@v5	2026-10-01T08:20:27.0248627Z GO111MODULE=''
cluster-scale-cas	Run actions/setup-go@v5	2026-10-01T08:20:27.0248842Z GOAMD64='v1'
cluster-scale-cas	Run actions/setup-go@v5	2026-10-01T08:20:27.0249081Z GOARCH='amd64'
cluster-scale-cas	Run actions/setup-go@v5	2026-10-01T08:20:27.0249292Z GOAUTH='netrc'
cluster-scale-cas	Run actions/setup-go@v5	2026-10-01T08:20:27.0249524Z GOBIN='/home/runner/go/bin'
cluster-scale-cas	Run actions/setup-go@v5	2026-10-01T08:20:27.0250055Z GOCACHE='/home/runner/.cache/go-build'
cluster-scale-cas	Run actions/setup-go@v5	2026-10-01T08:20:27.0250426Z GOCACHEPROG=''
cluster-scale-cas	Run actions/setup-go@v5	2026-10-01T08:20:27.0250650Z GODEBUG=''
cluster-scale-cas	Run actions/setup-go@v5	2026-10-01T08:20:27.0250904Z GOENV='/home/runner/.config/go/env'
cluster-scale-cas	Run actions/setup-go@v5	2026-10-01T08:20:27.0251192Z GOEXE=''
cluster-scale-cas	Run actions/setup-go@v5	2026-10-01T08:20:27.0251398Z GOEXPERIMENT=''
cluster-scale-cas	Run actions/setup-go@v5	2026-10-01T08:20:27.0251633Z GOFIPS140='off'
cluster-scale-cas	Run actions/setup-go@v5	2026-10-01T08:20:27.0252243Z GOFLAGS=''
cluster-scale-cas	Run actions/setup-go@v5	2026-10-01T08:20:27.0252965Z GOGCCFLAGS='-fPIC -m64 -pthread -Wl,--no-gc-sections -fmessage-length=0 -ffile-prefix-map=/tmp/go-build4098622727=/tmp/go-build -gno-record-gcc-switches'
cluster-scale-cas	Run actions/setup-go@v5	2026-10-01T08:20:27.0253704Z GOHOSTARCH='amd64'
cluster-scale-cas	Run actions/setup-go@v5	2026-10-01T08:20:27.0253933Z GOHOSTOS='linux'
cluster-scale-cas	Run actions/setup-go@v5	2026-10-01T08:20:27.0254150Z GOINSECURE=''
cluster-scale-cas	Run actions/setup-go@v5	2026-10-01T08:20:27.0254405Z GOMOD='/home/runner/work/js-wf/js-wf/go.mod'
cluster-scale-cas	Run actions/setup-go@v5	2026-10-01T08:20:27.0254885Z GOMODCACHE='/home/runner/go/pkg/mod'
cluster-scale-cas	Run actions/setup-go@v5	2026-10-01T08:20:27.0323274Z GONOPROXY=''
cluster-scale-cas	Run actions/setup-go@v5	2026-10-01T08:20:27.0323860Z GONOSUMDB=''
cluster-scale-cas	Run actions/setup-go@v5	2026-10-01T08:20:27.0324282Z GOOS='linux'
cluster-scale-cas	Run actions/setup-go@v5	2026-10-01T08:20:27.0324756Z GOPACKAGESDRIVER=''
cluster-scale-cas	Run actions/setup-go@v5	2026-10-01T08:20:27.0325245Z GOPATH='/home/runner/go'
cluster-scale-cas	Run actions/setup-go@v5	2026-10-01T08:20:27.0325815Z GOPRIVATE=''
cluster-scale-cas	Run actions/setup-go@v5	2026-10-01T08:20:27.0326359Z GOPROXY='https://proxy.golang.org,direct'
cluster-scale-cas	Run actions/setup-go@v5	2026-10-01T08:20:27.0327039Z GOROOT='/opt/hostedtoolcache/go/1.27.1/x64'
cluster-scale-cas	Run actions/setup-go@v5	2026-10-01T08:20:27.0327593Z GOSUMDB='sum.golang.org'
cluster-scale-cas	Run actions/setup-go@v5	2026-10-01T08:20:27.0328028Z GOTELEMETRY='local'
cluster-scale-cas	Run actions/setup-go@v5	2026-10-01T08:20:27.0328571Z GOTELEMETRYDIR='/home/runner/.config/go/telemetry'
cluster-scale-cas	Run actions/setup-go@v5	2026-10-01T08:20:27.0329110Z GOTMPDIR=''
cluster-scale-cas	Run actions/setup-go@v5	2026-10-01T08:20:27.0329518Z GOTOOLCHAIN='auto'
cluster-scale-cas	Run actions/setup-go@v5	2026-10-01T08:20:27.0330363Z GOTOOLDIR='/opt/hostedtoolcache/go/1.27.1/x64/pkg/tool/linux_amd64'
cluster-scale-cas	Run actions/setup-go@v5	2026-10-01T08:20:27.0331104Z GOVCS=''
cluster-scale-cas	Run actions/setup-go@v5	2026-10-01T08:20:27.0331486Z GOVERSION='go1.27.1'
cluster-scale-cas	Run actions/setup-go@v5	2026-10-01T08:20:27.0331904Z GOWORK=''
cluster-scale-cas	Run actions/setup-go@v5	2026-10-01T08:20:27.0332309Z PKG_CONFIG='pkg-config'
cluster-scale-cas	Run actions/setup-go@v5	2026-10-01T08:20:27.0332614Z 
cluster-scale-cas	Run actions/setup-go@v5	2026-10-01T08:20:27.0333223Z ##[endgroup]
cluster-scale-cas	Run go test ./integration -run '^TestJournalCASTenThousandRacesWithLeaderRestarts$' -count=1 -timeout=16m -v	﻿2026-10-01T08:20:27.0546913Z ##[group]Run go test ./integration -run '^TestJournalCASTenThousandRacesWithLeaderRestarts$' -count=1 -timeout=16m -v
cluster-scale-cas	Run go test ./integration -run '^TestJournalCASTenThousandRacesWithLeaderRestarts$' -count=1 -timeout=16m -v	2026-10-01T08:20:27.0547915Z ^[[36;1mgo test ./integration -run '^TestJournalCASTenThousandRacesWithLeaderRestarts$' -count=1 -timeout=16m -v^[[0m
cluster-scale-cas	Run go test ./integration -run '^TestJournalCASTenThousandRacesWithLeaderRestarts$' -count=1 -timeout=16m -v	2026-10-01T08:20:27.0871897Z shell: /usr/bin/bash -e {0}
cluster-scale-cas	Run go test ./integration -run '^TestJournalCASTenThousandRacesWithLeaderRestarts$' -count=1 -timeout=16m -v	2026-10-01T08:20:27.0872350Z ##[endgroup]
cluster-scale-cas	Run go test ./integration -run '^TestJournalCASTenThousandRacesWithLeaderRestarts$' -count=1 -timeout=16m -v	2026-10-01T08:20:34.8422672Z === RUN   TestJournalCASTenThousandRacesWithLeaderRestarts
cluster-scale-cas	Run go test ./integration -run '^TestJournalCASTenThousandRacesWithLeaderRestarts$' -count=1 -timeout=16m -v	2026-10-01T08:21:50.2947234Z     journal_cas_race_scale_test.go:480: production journal read of 10001 entries took 323.301389ms
cluster-scale-cas	Run go test ./integration -run '^TestJournalCASTenThousandRacesWithLeaderRestarts$' -count=1 -timeout=16m -v	2026-10-01T08:21:50.2948899Z     journal_cas_race_scale_test.go:481: server-side CAS races=10000 leader_kills=20 unknown_rounds=0 pre_publish_retries=0 elapsed=1m12.433497924s
cluster-scale-cas	Run go test ./integration -run '^TestJournalCASTenThousandRacesWithLeaderRestarts$' -count=1 -timeout=16m -v	2026-10-01T08:21:50.3591640Z --- PASS: TestJournalCASTenThousandRacesWithLeaderRestarts (75.52s)
cluster-scale-cas	Run go test ./integration -run '^TestJournalCASTenThousandRacesWithLeaderRestarts$' -count=1 -timeout=16m -v	2026-10-01T08:21:50.3592356Z PASS
cluster-scale-cas	Run go test ./integration -run '^TestJournalCASTenThousandRacesWithLeaderRestarts$' -count=1 -timeout=16m -v	2026-10-01T08:21:50.3610926Z ok  	js-wf/integration	75.523s
cluster-scale-cas	Post Run actions/setup-go@v5	﻿2026-10-01T08:21:50.4212701Z Post job cleanup.
cluster-scale-cas	Post Run actions/setup-go@v5	2026-10-01T08:21:50.5462422Z (node:2623) [DEP0040] DeprecationWarning: The `punycode` module is deprecated. Please use a userland alternative instead.
cluster-scale-cas	Post Run actions/setup-go@v5	2026-10-01T08:21:50.5464361Z (Use `node --trace-deprecation ...` to show where the warning was created)
cluster-scale-cas	Post Run actions/setup-go@v5	2026-10-01T08:21:50.5549507Z [command]/opt/hostedtoolcache/go/1.27.1/x64/bin/go env GOMODCACHE
cluster-scale-cas	Post Run actions/setup-go@v5	2026-10-01T08:21:50.5597153Z [command]/opt/hostedtoolcache/go/1.27.1/x64/bin/go env GOCACHE
cluster-scale-cas	Post Run actions/setup-go@v5	2026-10-01T08:21:50.5628459Z /home/runner/go/pkg/mod
cluster-scale-cas	Post Run actions/setup-go@v5	2026-10-01T08:21:50.5657486Z /home/runner/.cache/go-build
cluster-scale-cas	Post Run actions/setup-go@v5	2026-10-01T08:21:50.5664084Z Cache hit occurred on the primary key setup-go-Linux-x64-ubuntu24-go-1.27.1-487c2eade748c1cfcd01caf54d154b8f65df65b05311c1ecee4b42fdda97ee43, not saving cache.
cluster-scale-cas	Post Run actions/checkout@v4	﻿2026-10-01T08:21:50.5917443Z Post job cleanup.
cluster-scale-cas	Post Run actions/checkout@v4	2026-10-01T08:21:50.6830220Z [command]/usr/bin/git version
cluster-scale-cas	Post Run actions/checkout@v4	2026-10-01T08:21:50.6878430Z git version 2.55.0
cluster-scale-cas	Post Run actions/checkout@v4	2026-10-01T08:21:50.6923383Z Temporarily overriding HOME='/home/runner/work/_temp/c4fd9cfd-b9c6-4a6c-b5eb-85f6ed947eb4' before making global git config changes
cluster-scale-cas	Post Run actions/checkout@v4	2026-10-01T08:21:50.6927073Z Adding repository directory to the temporary git global config as a safe directory
cluster-scale-cas	Post Run actions/checkout@v4	2026-10-01T08:21:50.6930641Z [command]/usr/bin/git config --global --add safe.directory /home/runner/work/js-wf/js-wf
cluster-scale-cas	Post Run actions/checkout@v4	2026-10-01T08:21:50.6976255Z [command]/usr/bin/git config --local --name-only --get-regexp core\.sshCommand
cluster-scale-cas	Post Run actions/checkout@v4	2026-10-01T08:21:50.7019346Z [command]/usr/bin/git submodule foreach --recursive sh -c "git config --local --name-only --get-regexp 'core\.sshCommand' && git config --local --unset-all 'core.sshCommand' || :"
cluster-scale-cas	Post Run actions/checkout@v4	2026-10-01T08:21:50.7335440Z [command]/usr/bin/git config --local --name-only --get-regexp http\.https\:\/\/github\.com\/\.extraheader
cluster-scale-cas	Post Run actions/checkout@v4	2026-10-01T08:21:50.7373339Z http.https://github.com/.extraheader
cluster-scale-cas	Post Run actions/checkout@v4	2026-10-01T08:21:50.7389395Z [command]/usr/bin/git config --local --unset-all http.https://github.com/.extraheader
cluster-scale-cas	Post Run actions/checkout@v4	2026-10-01T08:21:50.7436628Z [command]/usr/bin/git submodule foreach --recursive sh -c "git config --local --name-only --get-regexp 'http\.https\:\/\/github\.com\/\.extraheader' && git config --local --unset-all 'http.https://github.com/.extraheader' || :"
cluster-scale-cas	Post Run actions/checkout@v4	2026-10-01T08:21:50.7710944Z [command]/usr/bin/git config --local --name-only --get-regexp ^includeIf\.gitdir:
cluster-scale-cas	Post Run actions/checkout@v4	2026-10-01T08:21:50.7758444Z [command]/usr/bin/git submodule foreach --recursive git config --local --show-origin --name-only --get-regexp remote.origin.url
cluster-scale-cas	Complete job	﻿2026-10-01T08:21:50.8191216Z Cleaning up orphan processes
cluster-scale-cas	Complete job	2026-10-01T08:21:50.8509516Z ##[warning]Node.js 20 is deprecated. The following actions target Node.js 20 but are being forced to run on Node.js 24: actions/checkout@v4, actions/setup-go@v5. For more information see: https://github.blog/changelog/2025-09-19-deprecation-of-node-20-on-github-actions-runners/
chaos-smoke	Set up job	﻿2026-10-01T08:20:07.3743245Z Current runner version: '2.337.0'
chaos-smoke	Set up job	2026-10-01T08:20:07.3760759Z ##[group]Runner Image Provisioner
chaos-smoke	Set up job	2026-10-01T08:20:07.3761314Z Hosted Compute Agent
chaos-smoke	Set up job	2026-10-01T08:20:07.3761671Z Version: 20260901.588
chaos-smoke	Set up job	2026-10-01T08:20:07.3762086Z Commit: f88ec8081b781fac6c440065ac7ff9e710ce3d0b
chaos-smoke	Set up job	2026-10-01T08:20:07.3762524Z Build Date: 2026-09-01T19:56:44Z
chaos-smoke	Set up job	2026-10-01T08:20:07.3762951Z Worker ID: {a4426cd4-109a-4690-8d0d-cb829ad92d85}
chaos-smoke	Set up job	2026-10-01T08:20:07.3763417Z Azure Region: westus3
chaos-smoke	Set up job	2026-10-01T08:20:07.3763764Z ##[endgroup]
chaos-smoke	Set up job	2026-10-01T08:20:07.3764732Z ##[group]Operating System
chaos-smoke	Set up job	2026-10-01T08:20:07.3765128Z Ubuntu
chaos-smoke	Set up job	2026-10-01T08:20:07.3765433Z 24.04.5
chaos-smoke	Set up job	2026-10-01T08:20:07.3765790Z LTS
chaos-smoke	Set up job	2026-10-01T08:20:07.3766107Z ##[endgroup]
chaos-smoke	Set up job	2026-10-01T08:20:07.3766459Z ##[group]Runner Image
chaos-smoke	Set up job	2026-10-01T08:20:07.3766864Z Image: ubuntu-24.04
chaos-smoke	Set up job	2026-10-01T08:20:07.3767208Z Version: 20260927.320.1
chaos-smoke	Set up job	2026-10-01T08:20:07.3767845Z Included Software: https://github.com/actions/runner-images/blob/ubuntu24/20260927.320/images/ubuntu/Ubuntu2404-Readme.md
chaos-smoke	Set up job	2026-10-01T08:20:07.3768865Z Image Release: https://github.com/actions/runner-images/releases/tag/ubuntu24%2F20260927.320
chaos-smoke	Set up job	2026-10-01T08:20:07.3769583Z ##[endgroup]
chaos-smoke	Set up job	2026-10-01T08:20:07.3770316Z ##[group]GITHUB_TOKEN Permissions
chaos-smoke	Set up job	2026-10-01T08:20:07.3771643Z Contents: read
chaos-smoke	Set up job	2026-10-01T08:20:07.3771998Z Metadata: read
chaos-smoke	Set up job	2026-10-01T08:20:07.3772442Z Packages: read
chaos-smoke	Set up job	2026-10-01T08:20:07.3772775Z ##[endgroup]
chaos-smoke	Set up job	2026-10-01T08:20:07.3774324Z Secret source: Actions
chaos-smoke	Set up job	2026-10-01T08:20:07.3774864Z Cache mode: write
chaos-smoke	Set up job	2026-10-01T08:20:07.3775270Z Prepare workflow directory
chaos-smoke	Set up job	2026-10-01T08:20:07.3977490Z Prepare all required actions
chaos-smoke	Set up job	2026-10-01T08:20:07.4008699Z Getting action download info
chaos-smoke	Set up job	2026-10-01T08:20:07.7272777Z Download action repository 'actions/checkout@v4' (SHA:11d5960a326750d5838078e36cf38b85af677262)
chaos-smoke	Set up job	2026-10-01T08:20:07.8255228Z Download action repository 'actions/setup-go@v5' (SHA:40f1582b2485089dde7abd97c1529aa768e1baff)
chaos-smoke	Set up job	2026-10-01T08:20:08.5802654Z Download action repository 'actions/upload-artifact@v7' (SHA:043fb46d1a93c77aae656e7c1c64a875d1fc6a0a)
chaos-smoke	Set up job	2026-10-01T08:20:08.7317673Z Complete job name: chaos-smoke
chaos-smoke	Run actions/checkout@v4	﻿2026-10-01T08:20:08.7765417Z ##[group]Run actions/checkout@v4
chaos-smoke	Run actions/checkout@v4	2026-10-01T08:20:08.7765864Z with:
chaos-smoke	Run actions/checkout@v4	2026-10-01T08:20:08.7766115Z   repository: AntPAllen/js-wf
chaos-smoke	Run actions/checkout@v4	2026-10-01T08:20:08.7768192Z   token: ***
chaos-smoke	Run actions/checkout@v4	2026-10-01T08:20:08.7768433Z   ssh-strict: true
chaos-smoke	Run actions/checkout@v4	2026-10-01T08:20:08.7768675Z   ssh-user: git
chaos-smoke	Run actions/checkout@v4	2026-10-01T08:20:08.7768924Z   persist-credentials: true
chaos-smoke	Run actions/checkout@v4	2026-10-01T08:20:08.7769371Z   clean: true
chaos-smoke	Run actions/checkout@v4	2026-10-01T08:20:08.7769621Z   sparse-checkout-cone-mode: true
chaos-smoke	Run actions/checkout@v4	2026-10-01T08:20:08.7769914Z   fetch-depth: 1
chaos-smoke	Run actions/checkout@v4	2026-10-01T08:20:08.7770159Z   fetch-tags: false
chaos-smoke	Run actions/checkout@v4	2026-10-01T08:20:08.7770412Z   show-progress: true
chaos-smoke	Run actions/checkout@v4	2026-10-01T08:20:08.7770671Z   lfs: false
chaos-smoke	Run actions/checkout@v4	2026-10-01T08:20:08.7770915Z   submodules: false
chaos-smoke	Run actions/checkout@v4	2026-10-01T08:20:08.7771170Z   set-safe-directory: true
chaos-smoke	Run actions/checkout@v4	2026-10-01T08:20:08.7771462Z   allow-unsafe-pr-checkout: false
chaos-smoke	Run actions/checkout@v4	2026-10-01T08:20:08.7771831Z ##[endgroup]
chaos-smoke	Run actions/checkout@v4	2026-10-01T08:20:08.8452458Z Syncing repository: AntPAllen/js-wf
chaos-smoke	Run actions/checkout@v4	2026-10-01T08:20:08.8453863Z ##[group]Getting Git version info
chaos-smoke	Run actions/checkout@v4	2026-10-01T08:20:08.8454240Z Working directory is '/home/runner/work/js-wf/js-wf'
chaos-smoke	Run actions/checkout@v4	2026-10-01T08:20:08.8454848Z [command]/usr/bin/git version
chaos-smoke	Run actions/checkout@v4	2026-10-01T08:20:08.8522278Z git version 2.55.0
chaos-smoke	Run actions/checkout@v4	2026-10-01T08:20:08.8537428Z ##[endgroup]
chaos-smoke	Run actions/checkout@v4	2026-10-01T08:20:08.8547890Z Temporarily overriding HOME='/home/runner/work/_temp/4237d8c9-3184-4aba-ba72-ef19e62ff8d7' before making global git config changes
chaos-smoke	Run actions/checkout@v4	2026-10-01T08:20:08.8549391Z Adding repository directory to the temporary git global config as a safe directory
chaos-smoke	Run actions/checkout@v4	2026-10-01T08:20:08.8552198Z [command]/usr/bin/git config --global --add safe.directory /home/runner/work/js-wf/js-wf
chaos-smoke	Run actions/checkout@v4	2026-10-01T08:20:08.8598814Z Deleting the contents of '/home/runner/work/js-wf/js-wf'
chaos-smoke	Run actions/checkout@v4	2026-10-01T08:20:08.8602647Z ##[group]Initializing the repository
chaos-smoke	Run actions/checkout@v4	2026-10-01T08:20:08.8605286Z [command]/usr/bin/git init /home/runner/work/js-wf/js-wf
chaos-smoke	Run actions/checkout@v4	2026-10-01T08:20:08.8716817Z hint: Using 'master' as the name for the initial branch. This default branch name
chaos-smoke	Run actions/checkout@v4	2026-10-01T08:20:08.8718405Z hint: will change to "main" in Git 3.0. To configure the initial branch name
chaos-smoke	Run actions/checkout@v4	2026-10-01T08:20:08.8719512Z hint: to use in all of your new repositories, which will suppress this warning,
chaos-smoke	Run actions/checkout@v4	2026-10-01T08:20:08.8720684Z hint: call:
chaos-smoke	Run actions/checkout@v4	2026-10-01T08:20:08.8721093Z hint:
chaos-smoke	Run actions/checkout@v4	2026-10-01T08:20:08.8721631Z hint: 	git config --global init.defaultBranch <name>
chaos-smoke	Run actions/checkout@v4	2026-10-01T08:20:08.8722270Z hint:
chaos-smoke	Run actions/checkout@v4	2026-10-01T08:20:08.8722873Z hint: Names commonly chosen instead of 'master' are 'main', 'trunk' and
chaos-smoke	Run actions/checkout@v4	2026-10-01T08:20:08.8723796Z hint: 'development'. The just-created branch can be renamed via this command:
chaos-smoke	Run actions/checkout@v4	2026-10-01T08:20:08.8724523Z hint:
chaos-smoke	Run actions/checkout@v4	2026-10-01T08:20:08.8724917Z hint: 	git branch -m <name>
chaos-smoke	Run actions/checkout@v4	2026-10-01T08:20:08.8725370Z hint:
chaos-smoke	Run actions/checkout@v4	2026-10-01T08:20:08.8725993Z hint: Disable this message with "git config set advice.defaultBranchName false"
chaos-smoke	Run actions/checkout@v4	2026-10-01T08:20:08.8727024Z Initialized empty Git repository in /home/runner/work/js-wf/js-wf/.git/
chaos-smoke	Run actions/checkout@v4	2026-10-01T08:20:08.8741137Z [command]/usr/bin/git remote add origin https://github.com/AntPAllen/js-wf
chaos-smoke	Run actions/checkout@v4	2026-10-01T08:20:08.8780192Z ##[endgroup]
chaos-smoke	Run actions/checkout@v4	2026-10-01T08:20:08.8780992Z ##[group]Disabling automatic garbage collection
chaos-smoke	Run actions/checkout@v4	2026-10-01T08:20:08.8783572Z [command]/usr/bin/git config --local gc.auto 0
chaos-smoke	Run actions/checkout@v4	2026-10-01T08:20:08.8814999Z ##[endgroup]
chaos-smoke	Run actions/checkout@v4	2026-10-01T08:20:08.8815837Z ##[group]Setting up auth
chaos-smoke	Run actions/checkout@v4	2026-10-01T08:20:08.8821181Z [command]/usr/bin/git config --local --name-only --get-regexp core\.sshCommand
chaos-smoke	Run actions/checkout@v4	2026-10-01T08:20:08.8851345Z [command]/usr/bin/git submodule foreach --recursive sh -c "git config --local --name-only --get-regexp 'core\.sshCommand' && git config --local --unset-all 'core.sshCommand' || :"
chaos-smoke	Run actions/checkout@v4	2026-10-01T08:20:08.9153318Z [command]/usr/bin/git config --local --name-only --get-regexp http\.https\:\/\/github\.com\/\.extraheader
chaos-smoke	Run actions/checkout@v4	2026-10-01T08:20:08.9182967Z [command]/usr/bin/git submodule foreach --recursive sh -c "git config --local --name-only --get-regexp 'http\.https\:\/\/github\.com\/\.extraheader' && git config --local --unset-all 'http.https://github.com/.extraheader' || :"
chaos-smoke	Run actions/checkout@v4	2026-10-01T08:20:08.9353159Z [command]/usr/bin/git config --local --name-only --get-regexp ^includeIf\.gitdir:
chaos-smoke	Run actions/checkout@v4	2026-10-01T08:20:08.9379784Z [command]/usr/bin/git submodule foreach --recursive git config --local --show-origin --name-only --get-regexp remote.origin.url
chaos-smoke	Run actions/checkout@v4	2026-10-01T08:20:08.9545358Z [command]/usr/bin/git config --local http.https://github.com/.extraheader AUTHORIZATION: basic ***
chaos-smoke	Run actions/checkout@v4	2026-10-01T08:20:08.9576654Z ##[endgroup]
chaos-smoke	Run actions/checkout@v4	2026-10-01T08:20:08.9577369Z ##[group]Fetching the repository
chaos-smoke	Run actions/checkout@v4	2026-10-01T08:20:08.9582686Z [command]/usr/bin/git -c protocol.version=2 fetch --no-tags --prune --no-recurse-submodules --depth=1 origin +1bcf5ef52172d76a537911b7975f29c2502fa4b4:refs/remotes/origin/main
chaos-smoke	Run actions/checkout@v4	2026-10-01T08:20:11.7286774Z From https://github.com/AntPAllen/js-wf
chaos-smoke	Run actions/checkout@v4	2026-10-01T08:20:11.7287277Z  * [new ref]         1bcf5ef52172d76a537911b7975f29c2502fa4b4 -> origin/main
chaos-smoke	Run actions/checkout@v4	2026-10-01T08:20:11.7289637Z ##[endgroup]
chaos-smoke	Run actions/checkout@v4	2026-10-01T08:20:11.7290021Z ##[group]Determining the checkout info
chaos-smoke	Run actions/checkout@v4	2026-10-01T08:20:11.7291304Z ##[endgroup]
chaos-smoke	Run actions/checkout@v4	2026-10-01T08:20:11.7295605Z [command]/usr/bin/git sparse-checkout disable
chaos-smoke	Run actions/checkout@v4	2026-10-01T08:20:11.7339166Z [command]/usr/bin/git config --local --unset-all extensions.worktreeConfig
chaos-smoke	Run actions/checkout@v4	2026-10-01T08:20:11.7363794Z ##[group]Checking out the ref
chaos-smoke	Run actions/checkout@v4	2026-10-01T08:20:11.7366454Z [command]/usr/bin/git checkout --progress --force -B main refs/remotes/origin/main
chaos-smoke	Run actions/checkout@v4	2026-10-01T08:20:11.8741557Z Switched to a new branch 'main'
chaos-smoke	Run actions/checkout@v4	2026-10-01T08:20:11.8743755Z branch 'main' set up to track 'origin/main'.
chaos-smoke	Run actions/checkout@v4	2026-10-01T08:20:11.8767153Z ##[endgroup]
chaos-smoke	Run actions/checkout@v4	2026-10-01T08:20:11.8805485Z [command]/usr/bin/git log -1 --format=%H
chaos-smoke	Run actions/checkout@v4	2026-10-01T08:20:11.8828378Z 1bcf5ef52172d76a537911b7975f29c2502fa4b4
chaos-smoke	Run actions/setup-go@v5	﻿2026-10-01T08:20:11.9073999Z ##[group]Run actions/setup-go@v5
chaos-smoke	Run actions/setup-go@v5	2026-10-01T08:20:11.9074248Z with:
chaos-smoke	Run actions/setup-go@v5	2026-10-01T08:20:11.9074401Z   go-version-file: go.mod
chaos-smoke	Run actions/setup-go@v5	2026-10-01T08:20:11.9074570Z   check-latest: false
chaos-smoke	Run actions/setup-go@v5	2026-10-01T08:20:11.9076041Z   token: ***
chaos-smoke	Run actions/setup-go@v5	2026-10-01T08:20:11.9076187Z   cache: true
chaos-smoke	Run actions/setup-go@v5	2026-10-01T08:20:11.9076413Z ##[endgroup]
chaos-smoke	Run actions/setup-go@v5	2026-10-01T08:20:11.9853629Z Setup go version spec 1.27.1
chaos-smoke	Run actions/setup-go@v5	2026-10-01T08:20:11.9858706Z Attempting to download 1.27.1...
chaos-smoke	Run actions/setup-go@v5	2026-10-01T08:20:11.9926213Z (node:2103) [DEP0040] DeprecationWarning: The `punycode` module is deprecated. Please use a userland alternative instead.
chaos-smoke	Run actions/setup-go@v5	2026-10-01T08:20:11.9926815Z (Use `node --trace-deprecation ...` to show where the warning was created)
chaos-smoke	Run actions/setup-go@v5	2026-10-01T08:20:12.9504350Z matching 1.27.1...
chaos-smoke	Run actions/setup-go@v5	2026-10-01T08:20:12.9519558Z Acquiring 1.27.1 from https://github.com/actions/go-versions/releases/download/1.27.1-33583469715/go-1.27.1-linux-x64.tar.gz
chaos-smoke	Run actions/setup-go@v5	2026-10-01T08:20:13.5121256Z Extracting Go...
chaos-smoke	Run actions/setup-go@v5	2026-10-01T08:20:13.5204020Z [command]/usr/bin/tar xz --warning=no-unknown-keyword --overwrite -C /home/runner/work/_temp/722d8bef-24d1-4d77-b00c-cf5bce5e2d72 -f /home/runner/work/_temp/b3225bbd-4790-4217-9da1-feb7e39af8bb
chaos-smoke	Run actions/setup-go@v5	2026-10-01T08:20:14.7633362Z Successfully extracted go to /home/runner/work/_temp/722d8bef-24d1-4d77-b00c-cf5bce5e2d72
chaos-smoke	Run actions/setup-go@v5	2026-10-01T08:20:14.7633741Z Adding to the cache ...
chaos-smoke	Run actions/setup-go@v5	2026-10-01T08:20:18.3613144Z Successfully cached go to /opt/hostedtoolcache/go/1.27.1/x64
chaos-smoke	Run actions/setup-go@v5	2026-10-01T08:20:18.3614789Z Added go to the path
chaos-smoke	Run actions/setup-go@v5	2026-10-01T08:20:18.3616725Z Successfully set up Go version 1.27.1
chaos-smoke	Run actions/setup-go@v5	2026-10-01T08:20:18.3798084Z [command]/opt/hostedtoolcache/go/1.27.1/x64/bin/go env GOMODCACHE
chaos-smoke	Run actions/setup-go@v5	2026-10-01T08:20:18.3833230Z [command]/opt/hostedtoolcache/go/1.27.1/x64/bin/go env GOCACHE
chaos-smoke	Run actions/setup-go@v5	2026-10-01T08:20:18.3872024Z /home/runner/go/pkg/mod
chaos-smoke	Run actions/setup-go@v5	2026-10-01T08:20:18.3886907Z /home/runner/.cache/go-build
chaos-smoke	Run actions/setup-go@v5	2026-10-01T08:20:18.5911298Z Cache hit for: setup-go-Linux-x64-ubuntu24-go-1.27.1-487c2eade748c1cfcd01caf54d154b8f65df65b05311c1ecee4b42fdda97ee43
chaos-smoke	Run actions/setup-go@v5	2026-10-01T08:20:18.5982392Z (node:2103) [DEP0169] DeprecationWarning: `url.parse()` behavior is not standardized and prone to errors that have security implications. Use the WHATWG URL API instead. CVEs are not issued for `url.parse()` vulnerabilities.
chaos-smoke	Run actions/setup-go@v5	2026-10-01T08:20:19.8162885Z Received 62914560 of 189957878 (33.1%), 59.9 MBs/sec
chaos-smoke	Run actions/setup-go@v5	2026-10-01T08:20:20.6186996Z Received 189957878 of 189957878 (100.0%), 100.5 MBs/sec
chaos-smoke	Run actions/setup-go@v5	2026-10-01T08:20:20.6187394Z Cache Size: ~181 MB (189957878 B)
chaos-smoke	Run actions/setup-go@v5	2026-10-01T08:20:20.6208475Z [command]/usr/bin/tar -xf /home/runner/work/_temp/74925dac-6794-4073-b646-4e9478277047/cache.tzst -P -C /home/runner/work/js-wf/js-wf --use-compress-program unzstd
chaos-smoke	Run actions/setup-go@v5	2026-10-01T08:20:21.2254818Z Cache restored successfully
chaos-smoke	Run actions/setup-go@v5	2026-10-01T08:20:21.2332384Z Cache restored from key: setup-go-Linux-x64-ubuntu24-go-1.27.1-487c2eade748c1cfcd01caf54d154b8f65df65b05311c1ecee4b42fdda97ee43
chaos-smoke	Run actions/setup-go@v5	2026-10-01T08:20:21.2352321Z go version go1.27.1 linux/amd64
chaos-smoke	Run actions/setup-go@v5	2026-10-01T08:20:21.2352472Z 
chaos-smoke	Run actions/setup-go@v5	2026-10-01T08:20:21.2352699Z ##[group]go env
chaos-smoke	Run actions/setup-go@v5	2026-10-01T08:20:21.2471012Z AR='ar'
chaos-smoke	Run actions/setup-go@v5	2026-10-01T08:20:21.2471236Z CC='gcc'
chaos-smoke	Run actions/setup-go@v5	2026-10-01T08:20:21.2471448Z CGO_CFLAGS='-O2 -g'
chaos-smoke	Run actions/setup-go@v5	2026-10-01T08:20:21.2471651Z CGO_CPPFLAGS=''
chaos-smoke	Run actions/setup-go@v5	2026-10-01T08:20:21.2471890Z CGO_CXXFLAGS='-O2 -g'
chaos-smoke	Run actions/setup-go@v5	2026-10-01T08:20:21.2472030Z CGO_ENABLED='1'
chaos-smoke	Run actions/setup-go@v5	2026-10-01T08:20:21.2472168Z CGO_FFLAGS='-O2 -g'
chaos-smoke	Run actions/setup-go@v5	2026-10-01T08:20:21.2472307Z CGO_LDFLAGS='-O2 -g'
chaos-smoke	Run actions/setup-go@v5	2026-10-01T08:20:21.2472523Z CXX='g++'
chaos-smoke	Run actions/setup-go@v5	2026-10-01T08:20:21.2472651Z GCCGO='gccgo'
chaos-smoke	Run actions/setup-go@v5	2026-10-01T08:20:21.2472766Z GO111MODULE=''
chaos-smoke	Run actions/setup-go@v5	2026-10-01T08:20:21.2472877Z GOAMD64='v1'
chaos-smoke	Run actions/setup-go@v5	2026-10-01T08:20:21.2473004Z GOARCH='amd64'
chaos-smoke	Run actions/setup-go@v5	2026-10-01T08:20:21.2473115Z GOAUTH='netrc'
chaos-smoke	Run actions/setup-go@v5	2026-10-01T08:20:21.2473239Z GOBIN='/home/runner/go/bin'
chaos-smoke	Run actions/setup-go@v5	2026-10-01T08:20:21.2473404Z GOCACHE='/home/runner/.cache/go-build'
chaos-smoke	Run actions/setup-go@v5	2026-10-01T08:20:21.2473563Z GOCACHEPROG=''
chaos-smoke	Run actions/setup-go@v5	2026-10-01T08:20:21.2473676Z GODEBUG=''
chaos-smoke	Run actions/setup-go@v5	2026-10-01T08:20:21.2473822Z GOENV='/home/runner/.config/go/env'
chaos-smoke	Run actions/setup-go@v5	2026-10-01T08:20:21.2473972Z GOEXE=''
chaos-smoke	Run actions/setup-go@v5	2026-10-01T08:20:21.2474088Z GOEXPERIMENT=''
chaos-smoke	Run actions/setup-go@v5	2026-10-01T08:20:21.2474227Z GOFIPS140='off'
chaos-smoke	Run actions/setup-go@v5	2026-10-01T08:20:21.2474337Z GOFLAGS=''
chaos-smoke	Run actions/setup-go@v5	2026-10-01T08:20:21.2474722Z GOGCCFLAGS='-fPIC -m64 -pthread -Wl,--no-gc-sections -fmessage-length=0 -ffile-prefix-map=/tmp/go-build4194129229=/tmp/go-build -gno-record-gcc-switches'
chaos-smoke	Run actions/setup-go@v5	2026-10-01T08:20:21.2475311Z GOHOSTARCH='amd64'
chaos-smoke	Run actions/setup-go@v5	2026-10-01T08:20:21.2475433Z GOHOSTOS='linux'
chaos-smoke	Run actions/setup-go@v5	2026-10-01T08:20:21.2475550Z GOINSECURE=''
chaos-smoke	Run actions/setup-go@v5	2026-10-01T08:20:21.2475687Z GOMOD='/home/runner/work/js-wf/js-wf/go.mod'
chaos-smoke	Run actions/setup-go@v5	2026-10-01T08:20:21.2475980Z GOMODCACHE='/home/runner/go/pkg/mod'
chaos-smoke	Run actions/setup-go@v5	2026-10-01T08:20:21.2476132Z GONOPROXY=''
chaos-smoke	Run actions/setup-go@v5	2026-10-01T08:20:21.2476243Z GONOSUMDB=''
chaos-smoke	Run actions/setup-go@v5	2026-10-01T08:20:21.2476349Z GOOS='linux'
chaos-smoke	Run actions/setup-go@v5	2026-10-01T08:20:21.2476462Z GOPACKAGESDRIVER=''
chaos-smoke	Run actions/setup-go@v5	2026-10-01T08:20:21.2476593Z GOPATH='/home/runner/go'
chaos-smoke	Run actions/setup-go@v5	2026-10-01T08:20:21.2476734Z GOPRIVATE=''
chaos-smoke	Run actions/setup-go@v5	2026-10-01T08:20:21.2476897Z GOPROXY='https://proxy.golang.org,direct'
chaos-smoke	Run actions/setup-go@v5	2026-10-01T08:20:21.2477085Z GOROOT='/opt/hostedtoolcache/go/1.27.1/x64'
chaos-smoke	Run actions/setup-go@v5	2026-10-01T08:20:21.2477254Z GOSUMDB='sum.golang.org'
chaos-smoke	Run actions/setup-go@v5	2026-10-01T08:20:21.2477412Z GOTELEMETRY='local'
chaos-smoke	Run actions/setup-go@v5	2026-10-01T08:20:21.2477563Z GOTELEMETRYDIR='/home/runner/.config/go/telemetry'
chaos-smoke	Run actions/setup-go@v5	2026-10-01T08:20:21.2477741Z GOTMPDIR=''
chaos-smoke	Run actions/setup-go@v5	2026-10-01T08:20:21.2477854Z GOTOOLCHAIN='auto'
chaos-smoke	Run actions/setup-go@v5	2026-10-01T08:20:21.2478035Z GOTOOLDIR='/opt/hostedtoolcache/go/1.27.1/x64/pkg/tool/linux_amd64'
chaos-smoke	Run actions/setup-go@v5	2026-10-01T08:20:21.2478230Z GOVCS=''
chaos-smoke	Run actions/setup-go@v5	2026-10-01T08:20:21.2478343Z GOVERSION='go1.27.1'
chaos-smoke	Run actions/setup-go@v5	2026-10-01T08:20:21.2478466Z GOWORK=''
chaos-smoke	Run actions/setup-go@v5	2026-10-01T08:20:21.2478584Z PKG_CONFIG='pkg-config'
chaos-smoke	Run actions/setup-go@v5	2026-10-01T08:20:21.2478666Z 
chaos-smoke	Run actions/setup-go@v5	2026-10-01T08:20:21.2478864Z ##[endgroup]
chaos-smoke	Ensure disk syscall tracer	﻿2026-10-01T08:20:21.2662167Z ##[group]Run if ! command -v strace >/dev/null 2>&1; then
chaos-smoke	Ensure disk syscall tracer	2026-10-01T08:20:21.2662463Z ^[[36;1mif ! command -v strace >/dev/null 2>&1; then^[[0m
chaos-smoke	Ensure disk syscall tracer	2026-10-01T08:20:21.2662646Z ^[[36;1m  sudo apt-get update -qq^[[0m
chaos-smoke	Ensure disk syscall tracer	2026-10-01T08:20:21.2662805Z ^[[36;1m  sudo apt-get install -y strace^[[0m
chaos-smoke	Ensure disk syscall tracer	2026-10-01T08:20:21.2662954Z ^[[36;1mfi^[[0m
chaos-smoke	Ensure disk syscall tracer	2026-10-01T08:20:21.2663109Z ^[[36;1mif test -f /proc/sys/kernel/yama/ptrace_scope; then^[[0m
chaos-smoke	Ensure disk syscall tracer	2026-10-01T08:20:21.2663320Z ^[[36;1m  sudo sysctl -w kernel.yama.ptrace_scope=0^[[0m
chaos-smoke	Ensure disk syscall tracer	2026-10-01T08:20:21.2663486Z ^[[36;1mfi^[[0m
chaos-smoke	Ensure disk syscall tracer	2026-10-01T08:20:21.2892496Z shell: /usr/bin/bash -e {0}
chaos-smoke	Ensure disk syscall tracer	2026-10-01T08:20:21.2892675Z ##[endgroup]
chaos-smoke	Ensure disk syscall tracer	2026-10-01T08:20:21.3029440Z kernel.yama.ptrace_scope = 0
chaos-smoke	Replay 20 recorded four-fault seeds	﻿2026-10-01T08:20:21.3060672Z ##[group]Run for seed in $(seq 1 20); do
chaos-smoke	Replay 20 recorded four-fault seeds	2026-10-01T08:20:21.3060880Z ^[[36;1mfor seed in $(seq 1 20); do^[[0m
chaos-smoke	Replay 20 recorded four-fault seeds	2026-10-01T08:20:21.3061335Z ^[[36;1m  WF_DISK_FAULT=1 FAULT_SEED="$seed" FAULT_SCHEDULE_OUT="fault-schedule-${seed}.json" go test ./testcluster -run '^TestProcessClusterCombinedFourFaultsRecover$' -count=1 -timeout=90s -v^[[0m
chaos-smoke	Replay 20 recorded four-fault seeds	2026-10-01T08:20:21.3061808Z ^[[36;1mdone^[[0m
chaos-smoke	Replay 20 recorded four-fault seeds	2026-10-01T08:20:21.3113120Z shell: /usr/bin/bash -e {0}
chaos-smoke	Replay 20 recorded four-fault seeds	2026-10-01T08:20:21.3113301Z ##[endgroup]
chaos-smoke	Replay 20 recorded four-fault seeds	2026-10-01T08:20:22.0414308Z === RUN   TestProcessClusterCombinedFourFaultsRecover
chaos-smoke	Replay 20 recorded four-fault seeds	2026-10-01T08:20:23.9153073Z     process_cluster_test.go:308: FAULT_SEED=1 FAULT_SCHEDULE=fault-schedule-1.json
chaos-smoke	Replay 20 recorded four-fault seeds	2026-10-01T08:20:24.1130867Z --- PASS: TestProcessClusterCombinedFourFaultsRecover (2.07s)
chaos-smoke	Replay 20 recorded four-fault seeds	2026-10-01T08:20:24.1131254Z PASS
chaos-smoke	Replay 20 recorded four-fault seeds	2026-10-01T08:20:24.1136039Z ok  	js-wf/testcluster	2.075s
chaos-smoke	Replay 20 recorded four-fault seeds	2026-10-01T08:20:24.4605655Z === RUN   TestProcessClusterCombinedFourFaultsRecover
chaos-smoke	Replay 20 recorded four-fault seeds	2026-10-01T08:20:26.5573401Z     process_cluster_test.go:308: FAULT_SEED=2 FAULT_SCHEDULE=fault-schedule-2.json
chaos-smoke	Replay 20 recorded four-fault seeds	2026-10-01T08:20:27.6841601Z --- PASS: TestProcessClusterCombinedFourFaultsRecover (3.22s)
chaos-smoke	Replay 20 recorded four-fault seeds	2026-10-01T08:20:27.6841907Z PASS
chaos-smoke	Replay 20 recorded four-fault seeds	2026-10-01T08:20:27.6847205Z ok  	js-wf/testcluster	3.227s
chaos-smoke	Replay 20 recorded four-fault seeds	2026-10-01T08:20:28.0365932Z === RUN   TestProcessClusterCombinedFourFaultsRecover
chaos-smoke	Replay 20 recorded four-fault seeds	2026-10-01T08:20:34.2315767Z     process_cluster_test.go:308: FAULT_SEED=3 FAULT_SCHEDULE=fault-schedule-3.json
chaos-smoke	Replay 20 recorded four-fault seeds	2026-10-01T08:20:34.3927331Z --- PASS: TestProcessClusterCombinedFourFaultsRecover (6.36s)
chaos-smoke	Replay 20 recorded four-fault seeds	2026-10-01T08:20:34.3927632Z PASS
chaos-smoke	Replay 20 recorded four-fault seeds	2026-10-01T08:20:34.3935669Z ok  	js-wf/testcluster	6.360s
chaos-smoke	Replay 20 recorded four-fault seeds	2026-10-01T08:20:34.7471933Z === RUN   TestProcessClusterCombinedFourFaultsRecover
chaos-smoke	Replay 20 recorded four-fault seeds	2026-10-01T08:20:36.4317647Z     process_cluster_test.go:308: FAULT_SEED=4 FAULT_SCHEDULE=fault-schedule-4.json
chaos-smoke	Replay 20 recorded four-fault seeds	2026-10-01T08:20:36.5987920Z --- PASS: TestProcessClusterCombinedFourFaultsRecover (1.85s)
chaos-smoke	Replay 20 recorded four-fault seeds	2026-10-01T08:20:36.5992525Z PASS
chaos-smoke	Replay 20 recorded four-fault seeds	2026-10-01T08:20:36.5993234Z ok  	js-wf/testcluster	1.855s
chaos-smoke	Replay 20 recorded four-fault seeds	2026-10-01T08:20:36.9482142Z === RUN   TestProcessClusterCombinedFourFaultsRecover
chaos-smoke	Replay 20 recorded four-fault seeds	2026-10-01T08:20:38.5998491Z     process_cluster_test.go:308: FAULT_SEED=5 FAULT_SCHEDULE=fault-schedule-5.json
chaos-smoke	Replay 20 recorded four-fault seeds	2026-10-01T08:20:38.7709361Z --- PASS: TestProcessClusterCombinedFourFaultsRecover (1.82s)
chaos-smoke	Replay 20 recorded four-fault seeds	2026-10-01T08:20:38.7710987Z PASS
chaos-smoke	Replay 20 recorded four-fault seeds	2026-10-01T08:20:38.7715769Z ok  	js-wf/testcluster	1.826s
chaos-smoke	Replay 20 recorded four-fault seeds	2026-10-01T08:20:39.0946062Z === RUN   TestProcessClusterCombinedFourFaultsRecover
chaos-smoke	Replay 20 recorded four-fault seeds	2026-10-01T08:20:41.4229451Z     process_cluster_test.go:308: FAULT_SEED=6 FAULT_SCHEDULE=fault-schedule-6.json
chaos-smoke	Replay 20 recorded four-fault seeds	2026-10-01T08:20:41.5915952Z --- PASS: TestProcessClusterCombinedFourFaultsRecover (2.50s)
chaos-smoke	Replay 20 recorded four-fault seeds	2026-10-01T08:20:41.5916377Z PASS
chaos-smoke	Replay 20 recorded four-fault seeds	2026-10-01T08:20:41.5923527Z ok  	js-wf/testcluster	2.500s
chaos-smoke	Replay 20 recorded four-fault seeds	2026-10-01T08:20:41.9643621Z === RUN   TestProcessClusterCombinedFourFaultsRecover
chaos-smoke	Replay 20 recorded four-fault seeds	2026-10-01T08:20:44.0222949Z     process_cluster_test.go:308: FAULT_SEED=7 FAULT_SCHEDULE=fault-schedule-7.json
chaos-smoke	Replay 20 recorded four-fault seeds	2026-10-01T08:20:44.1680537Z --- PASS: TestProcessClusterCombinedFourFaultsRecover (2.20s)
chaos-smoke	Replay 20 recorded four-fault seeds	2026-10-01T08:20:44.1680885Z PASS
chaos-smoke	Replay 20 recorded four-fault seeds	2026-10-01T08:20:44.1685888Z ok  	js-wf/testcluster	2.207s
chaos-smoke	Replay 20 recorded four-fault seeds	2026-10-01T08:20:44.5748189Z === RUN   TestProcessClusterCombinedFourFaultsRecover
chaos-smoke	Replay 20 recorded four-fault seeds	2026-10-01T08:20:46.2445057Z     process_cluster_test.go:308: FAULT_SEED=8 FAULT_SCHEDULE=fault-schedule-8.json
chaos-smoke	Replay 20 recorded four-fault seeds	2026-10-01T08:20:46.4287556Z --- PASS: TestProcessClusterCombinedFourFaultsRecover (1.85s)
chaos-smoke	Replay 20 recorded four-fault seeds	2026-10-01T08:20:46.4287826Z PASS
chaos-smoke	Replay 20 recorded four-fault seeds	2026-10-01T08:20:46.4293668Z ok  	js-wf/testcluster	1.858s
chaos-smoke	Replay 20 recorded four-fault seeds	2026-10-01T08:20:46.7843670Z === RUN   TestProcessClusterCombinedFourFaultsRecover
chaos-smoke	Replay 20 recorded four-fault seeds	2026-10-01T08:20:48.6425873Z     process_cluster_test.go:308: FAULT_SEED=9 FAULT_SCHEDULE=fault-schedule-9.json
chaos-smoke	Replay 20 recorded four-fault seeds	2026-10-01T08:20:49.1468847Z --- PASS: TestProcessClusterCombinedFourFaultsRecover (2.36s)
chaos-smoke	Replay 20 recorded four-fault seeds	2026-10-01T08:20:49.1469299Z PASS
chaos-smoke	Replay 20 recorded four-fault seeds	2026-10-01T08:20:49.1474818Z ok  	js-wf/testcluster	2.366s
chaos-smoke	Replay 20 recorded four-fault seeds	2026-10-01T08:20:49.5076922Z === RUN   TestProcessClusterCombinedFourFaultsRecover
chaos-smoke	Replay 20 recorded four-fault seeds	2026-10-01T08:20:51.3225863Z     process_cluster_test.go:308: FAULT_SEED=10 FAULT_SCHEDULE=fault-schedule-10.json
chaos-smoke	Replay 20 recorded four-fault seeds	2026-10-01T08:20:51.4947419Z --- PASS: TestProcessClusterCombinedFourFaultsRecover (1.99s)
chaos-smoke	Replay 20 recorded four-fault seeds	2026-10-01T08:20:51.4947720Z PASS
chaos-smoke	Replay 20 recorded four-fault seeds	2026-10-01T08:20:51.4954042Z ok  	js-wf/testcluster	1.991s
chaos-smoke	Replay 20 recorded four-fault seeds	2026-10-01T08:20:51.8351152Z === RUN   TestProcessClusterCombinedFourFaultsRecover
chaos-smoke	Replay 20 recorded four-fault seeds	2026-10-01T08:20:53.7908844Z     process_cluster_test.go:308: FAULT_SEED=11 FAULT_SCHEDULE=fault-schedule-11.json
chaos-smoke	Replay 20 recorded four-fault seeds	2026-10-01T08:20:54.9884671Z --- PASS: TestProcessClusterCombinedFourFaultsRecover (3.15s)
chaos-smoke	Replay 20 recorded four-fault seeds	2026-10-01T08:20:54.9885080Z PASS
chaos-smoke	Replay 20 recorded four-fault seeds	2026-10-01T08:20:54.9891766Z ok  	js-wf/testcluster	3.157s
chaos-smoke	Replay 20 recorded four-fault seeds	2026-10-01T08:20:55.3490989Z === RUN   TestProcessClusterCombinedFourFaultsRecover
chaos-smoke	Replay 20 recorded four-fault seeds	2026-10-01T08:20:58.4789238Z     process_cluster_test.go:308: FAULT_SEED=12 FAULT_SCHEDULE=fault-schedule-12.json
chaos-smoke	Replay 20 recorded four-fault seeds	2026-10-01T08:20:59.5881815Z --- PASS: TestProcessClusterCombinedFourFaultsRecover (4.24s)
chaos-smoke	Replay 20 recorded four-fault seeds	2026-10-01T08:20:59.5882120Z PASS
chaos-smoke	Replay 20 recorded four-fault seeds	2026-10-01T08:20:59.5882254Z ok  	js-wf/testcluster	4.242s
chaos-smoke	Replay 20 recorded four-fault seeds	2026-10-01T08:20:59.9393459Z === RUN   TestProcessClusterCombinedFourFaultsRecover
chaos-smoke	Replay 20 recorded four-fault seeds	2026-10-01T08:21:01.9105800Z     process_cluster_test.go:308: FAULT_SEED=13 FAULT_SCHEDULE=fault-schedule-13.json
chaos-smoke	Replay 20 recorded four-fault seeds	2026-10-01T08:21:02.0887432Z --- PASS: TestProcessClusterCombinedFourFaultsRecover (2.15s)
chaos-smoke	Replay 20 recorded four-fault seeds	2026-10-01T08:21:02.0893147Z PASS
chaos-smoke	Replay 20 recorded four-fault seeds	2026-10-01T08:21:02.0893600Z ok  	js-wf/testcluster	2.153s
chaos-smoke	Replay 20 recorded four-fault seeds	2026-10-01T08:21:02.4253425Z === RUN   TestProcessClusterCombinedFourFaultsRecover
chaos-smoke	Replay 20 recorded four-fault seeds	2026-10-01T08:21:04.1952744Z     process_cluster_test.go:308: FAULT_SEED=14 FAULT_SCHEDULE=fault-schedule-14.json
chaos-smoke	Replay 20 recorded four-fault seeds	2026-10-01T08:21:04.3461582Z --- PASS: TestProcessClusterCombinedFourFaultsRecover (1.92s)
chaos-smoke	Replay 20 recorded four-fault seeds	2026-10-01T08:21:04.3466856Z PASS
chaos-smoke	Replay 20 recorded four-fault seeds	2026-10-01T08:21:04.3467459Z ok  	js-wf/testcluster	1.924s
chaos-smoke	Replay 20 recorded four-fault seeds	2026-10-01T08:21:04.7098567Z === RUN   TestProcessClusterCombinedFourFaultsRecover
chaos-smoke	Replay 20 recorded four-fault seeds	2026-10-01T08:21:07.8472724Z     process_cluster_test.go:308: FAULT_SEED=15 FAULT_SCHEDULE=fault-schedule-15.json
chaos-smoke	Replay 20 recorded four-fault seeds	2026-10-01T08:21:07.9897180Z --- PASS: TestProcessClusterCombinedFourFaultsRecover (3.28s)
chaos-smoke	Replay 20 recorded four-fault seeds	2026-10-01T08:21:07.9903511Z PASS
chaos-smoke	Replay 20 recorded four-fault seeds	2026-10-01T08:21:07.9904186Z ok  	js-wf/testcluster	3.284s
chaos-smoke	Replay 20 recorded four-fault seeds	2026-10-01T08:21:08.3361996Z === RUN   TestProcessClusterCombinedFourFaultsRecover
chaos-smoke	Replay 20 recorded four-fault seeds	2026-10-01T08:21:10.4117629Z     process_cluster_test.go:308: FAULT_SEED=16 FAULT_SCHEDULE=fault-schedule-16.json
chaos-smoke	Replay 20 recorded four-fault seeds	2026-10-01T08:21:11.5336014Z --- PASS: TestProcessClusterCombinedFourFaultsRecover (3.20s)
chaos-smoke	Replay 20 recorded four-fault seeds	2026-10-01T08:21:11.5336327Z PASS
chaos-smoke	Replay 20 recorded four-fault seeds	2026-10-01T08:21:11.5342222Z ok  	js-wf/testcluster	3.201s
chaos-smoke	Replay 20 recorded four-fault seeds	2026-10-01T08:21:11.8775623Z === RUN   TestProcessClusterCombinedFourFaultsRecover
chaos-smoke	Replay 20 recorded four-fault seeds	2026-10-01T08:21:13.5445865Z     process_cluster_test.go:308: FAULT_SEED=17 FAULT_SCHEDULE=fault-schedule-17.json
chaos-smoke	Replay 20 recorded four-fault seeds	2026-10-01T08:21:14.6320005Z --- PASS: TestProcessClusterCombinedFourFaultsRecover (2.75s)
chaos-smoke	Replay 20 recorded four-fault seeds	2026-10-01T08:21:14.6325484Z PASS
chaos-smoke	Replay 20 recorded four-fault seeds	2026-10-01T08:21:14.6339537Z ok  	js-wf/testcluster	2.758s
chaos-smoke	Replay 20 recorded four-fault seeds	2026-10-01T08:21:14.9935479Z === RUN   TestProcessClusterCombinedFourFaultsRecover
chaos-smoke	Replay 20 recorded four-fault seeds	2026-10-01T08:21:16.8288609Z     process_cluster_test.go:308: FAULT_SEED=18 FAULT_SCHEDULE=fault-schedule-18.json
chaos-smoke	Replay 20 recorded four-fault seeds	2026-10-01T08:21:17.9053378Z --- PASS: TestProcessClusterCombinedFourFaultsRecover (2.91s)
chaos-smoke	Replay 20 recorded four-fault seeds	2026-10-01T08:21:17.9058103Z PASS
chaos-smoke	Replay 20 recorded four-fault seeds	2026-10-01T08:21:17.9058692Z ok  	js-wf/testcluster	2.915s
chaos-smoke	Replay 20 recorded four-fault seeds	2026-10-01T08:21:18.2656163Z === RUN   TestProcessClusterCombinedFourFaultsRecover
chaos-smoke	Replay 20 recorded four-fault seeds	2026-10-01T08:21:20.9979475Z     process_cluster_test.go:308: FAULT_SEED=19 FAULT_SCHEDULE=fault-schedule-19.json
chaos-smoke	Replay 20 recorded four-fault seeds	2026-10-01T08:21:21.1769374Z --- PASS: TestProcessClusterCombinedFourFaultsRecover (2.91s)
chaos-smoke	Replay 20 recorded four-fault seeds	2026-10-01T08:21:21.1769794Z PASS
chaos-smoke	Replay 20 recorded four-fault seeds	2026-10-01T08:21:21.1775775Z ok  	js-wf/testcluster	2.915s
chaos-smoke	Replay 20 recorded four-fault seeds	2026-10-01T08:21:21.5377840Z === RUN   TestProcessClusterCombinedFourFaultsRecover
chaos-smoke	Replay 20 recorded four-fault seeds	2026-10-01T08:21:23.1900718Z     process_cluster_test.go:308: FAULT_SEED=20 FAULT_SCHEDULE=fault-schedule-20.json
chaos-smoke	Replay 20 recorded four-fault seeds	2026-10-01T08:21:23.3670887Z --- PASS: TestProcessClusterCombinedFourFaultsRecover (1.83s)
chaos-smoke	Replay 20 recorded four-fault seeds	2026-10-01T08:21:23.3671401Z PASS
chaos-smoke	Replay 20 recorded four-fault seeds	2026-10-01T08:21:23.3677537Z ok  	js-wf/testcluster	1.833s
chaos-smoke	Complete a journaled workflow after four server faults	﻿2026-10-01T08:21:23.3820859Z ##[group]Run WF_PROCESS_WORKFLOW=1 FAULT_SEED=42 FAULT_SCHEDULE_OUT=workflow-four-faults.json go test ./integration -run '^TestWorkflowRecoversFromFourServerFaults$' -count=1 -timeout=3m -v
chaos-smoke	Complete a journaled workflow after four server faults	2026-10-01T08:21:23.3821606Z ^[[36;1mWF_PROCESS_WORKFLOW=1 FAULT_SEED=42 FAULT_SCHEDULE_OUT=workflow-four-faults.json go test ./integration -run '^TestWorkflowRecoversFromFourServerFaults$' -count=1 -timeout=3m -v^[[0m
chaos-smoke	Complete a journaled workflow after four server faults	2026-10-01T08:21:23.3877525Z shell: /usr/bin/bash -e {0}
chaos-smoke	Complete a journaled workflow after four server faults	2026-10-01T08:21:23.3877677Z ##[endgroup]
chaos-smoke	Complete a journaled workflow after four server faults	2026-10-01T08:21:27.6278953Z === RUN   TestWorkflowRecoversFromFourServerFaults
chaos-smoke	Complete a journaled workflow after four server faults	2026-10-01T08:21:32.8502160Z     process_server_fault_workflow_test.go:30: FAULT_SEED=42 FAULT_SCHEDULE=workflow-four-faults.json
chaos-smoke	Complete a journaled workflow after four server faults	2026-10-01T08:21:50.6968707Z     process_server_fault_workflow_test.go:30: four-fault workflow result after 22.592298339s: result=42 err=<nil>
chaos-smoke	Complete a journaled workflow after four server faults	2026-10-01T08:21:53.9428874Z --- PASS: TestWorkflowRecoversFromFourServerFaults (26.31s)
chaos-smoke	Complete a journaled workflow after four server faults	2026-10-01T08:21:53.9430498Z PASS
chaos-smoke	Complete a journaled workflow after four server faults	2026-10-01T08:21:53.9436196Z ok  	js-wf/integration	26.319s
chaos-smoke	Recover a due timer after four server faults	﻿2026-10-01T08:21:53.9669592Z ##[group]Run WF_PROCESS_WORKFLOW=1 FAULT_SEED=42 FAULT_SCHEDULE_OUT=timer-four-faults.json go test ./integration -run '^TestTimerWorkflowRecoversFromFourServerFaults$' -count=1 -timeout=3m -v
chaos-smoke	Recover a due timer after four server faults	2026-10-01T08:21:53.9670316Z ^[[36;1mWF_PROCESS_WORKFLOW=1 FAULT_SEED=42 FAULT_SCHEDULE_OUT=timer-four-faults.json go test ./integration -run '^TestTimerWorkflowRecoversFromFourServerFaults$' -count=1 -timeout=3m -v^[[0m
chaos-smoke	Recover a due timer after four server faults	2026-10-01T08:21:53.9722684Z shell: /usr/bin/bash -e {0}
chaos-smoke	Recover a due timer after four server faults	2026-10-01T08:21:53.9722827Z ##[endgroup]
chaos-smoke	Recover a due timer after four server faults	2026-10-01T08:21:54.4941652Z === RUN   TestTimerWorkflowRecoversFromFourServerFaults
chaos-smoke	Recover a due timer after four server faults	2026-10-01T08:21:59.8513961Z     process_server_fault_workflow_test.go:34: FAULT_SEED=42 FAULT_SCHEDULE=timer-four-faults.json
chaos-smoke	Recover a due timer after four server faults	2026-10-01T08:22:19.9575891Z     process_server_fault_workflow_test.go:34: four-fault workflow result after 24.97451655s: result=42 err=<nil>
chaos-smoke	Recover a due timer after four server faults	2026-10-01T08:22:21.8112503Z --- PASS: TestTimerWorkflowRecoversFromFourServerFaults (27.32s)
chaos-smoke	Recover a due timer after four server faults	2026-10-01T08:22:21.8112816Z PASS
chaos-smoke	Recover a due timer after four server faults	2026-10-01T08:22:21.8119513Z ok  	js-wf/integration	27.321s
chaos-smoke	Resume a signal wait after four server faults	﻿2026-10-01T08:22:21.8285190Z ##[group]Run WF_PROCESS_WORKFLOW=1 FAULT_SEED=42 FAULT_SCHEDULE_OUT=signal-four-faults.json go test ./integration -run '^TestSignalWorkflowRecoversFromFourServerFaults$' -count=1 -timeout=4m -v
chaos-smoke	Resume a signal wait after four server faults	2026-10-01T08:22:21.8286560Z ^[[36;1mWF_PROCESS_WORKFLOW=1 FAULT_SEED=42 FAULT_SCHEDULE_OUT=signal-four-faults.json go test ./integration -run '^TestSignalWorkflowRecoversFromFourServerFaults$' -count=1 -timeout=4m -v^[[0m
chaos-smoke	Resume a signal wait after four server faults	2026-10-01T08:22:21.8354952Z shell: /usr/bin/bash -e {0}
chaos-smoke	Resume a signal wait after four server faults	2026-10-01T08:22:21.8355128Z ##[endgroup]
chaos-smoke	Resume a signal wait after four server faults	2026-10-01T08:22:22.3432340Z === RUN   TestSignalWorkflowRecoversFromFourServerFaults
chaos-smoke	Resume a signal wait after four server faults	2026-10-01T08:22:27.5994548Z     process_server_fault_workflow_test.go:38: FAULT_SEED=42 FAULT_SCHEDULE=signal-four-faults.json
chaos-smoke	Resume a signal wait after four server faults	2026-10-01T08:22:43.1538777Z     process_server_fault_workflow_test.go:38: four-fault workflow result after 20.334477352s: result=42 err=<nil>
chaos-smoke	Resume a signal wait after four server faults	2026-10-01T08:22:43.2991754Z --- PASS: TestSignalWorkflowRecoversFromFourServerFaults (20.96s)
chaos-smoke	Resume a signal wait after four server faults	2026-10-01T08:22:43.3000110Z PASS
chaos-smoke	Resume a signal wait after four server faults	2026-10-01T08:22:43.3000426Z ok  	js-wf/integration	20.960s
chaos-smoke	Recover a six-child fan-out after four server faults	﻿2026-10-01T08:22:43.3165951Z ##[group]Run WF_PROCESS_WORKFLOW=1 FAULT_SEED=42 FAULT_SCHEDULE_OUT=fanout-four-faults.json go test ./integration -run '^TestFanoutWorkflowRecoversFromFourServerFaults$' -count=1 -timeout=4m -v
chaos-smoke	Recover a six-child fan-out after four server faults	2026-10-01T08:22:43.3166704Z ^[[36;1mWF_PROCESS_WORKFLOW=1 FAULT_SEED=42 FAULT_SCHEDULE_OUT=fanout-four-faults.json go test ./integration -run '^TestFanoutWorkflowRecoversFromFourServerFaults$' -count=1 -timeout=4m -v^[[0m
chaos-smoke	Recover a six-child fan-out after four server faults	2026-10-01T08:22:43.3219897Z shell: /usr/bin/bash -e {0}
chaos-smoke	Recover a six-child fan-out after four server faults	2026-10-01T08:22:43.3220047Z ##[endgroup]
chaos-smoke	Recover a six-child fan-out after four server faults	2026-10-01T08:22:43.8027083Z === RUN   TestFanoutWorkflowRecoversFromFourServerFaults
chaos-smoke	Recover a six-child fan-out after four server faults	2026-10-01T08:22:49.1325699Z     process_server_fault_workflow_test.go:42: FAULT_SEED=42 FAULT_SCHEDULE=fanout-four-faults.json
chaos-smoke	Recover a six-child fan-out after four server faults	2026-10-01T08:23:17.3551343Z     process_server_fault_workflow_test.go:42: four-fault workflow result after 33.032541005s: result=42 err=<nil>
chaos-smoke	Recover a six-child fan-out after four server faults	2026-10-01T08:23:18.0782061Z --- PASS: TestFanoutWorkflowRecoversFromFourServerFaults (34.28s)
chaos-smoke	Recover a six-child fan-out after four server faults	2026-10-01T08:23:18.0782484Z PASS
chaos-smoke	Recover a six-child fan-out after four server faults	2026-10-01T08:23:18.0791017Z ok  	js-wf/integration	34.280s
chaos-smoke	Recover a mixed workflow batch after four server faults	﻿2026-10-01T08:23:18.0974798Z ##[group]Run WF_MIXED_CHAOS=1 FAULT_SEED=42 FAULT_SCHEDULE_OUT=mixed-four-faults.json go test ./integration -run '^TestMixedWorkflowsRecoverFromFourServerFaults$' -count=1 -timeout=5m -v
chaos-smoke	Recover a mixed workflow batch after four server faults	2026-10-01T08:23:18.0975546Z ^[[36;1mWF_MIXED_CHAOS=1 FAULT_SEED=42 FAULT_SCHEDULE_OUT=mixed-four-faults.json go test ./integration -run '^TestMixedWorkflowsRecoverFromFourServerFaults$' -count=1 -timeout=5m -v^[[0m
chaos-smoke	Recover a mixed workflow batch after four server faults	2026-10-01T08:23:18.1027730Z shell: /usr/bin/bash -e {0}
chaos-smoke	Recover a mixed workflow batch after four server faults	2026-10-01T08:23:18.1027887Z ##[endgroup]
chaos-smoke	Recover a mixed workflow batch after four server faults	2026-10-01T08:23:18.6487202Z === RUN   TestMixedWorkflowsRecoverFromFourServerFaults
chaos-smoke	Recover a mixed workflow batch after four server faults	2026-10-01T08:23:24.1588566Z     mixed_process_chaos_test.go:516: FAULT_SEED=42 FAULT_SCHEDULE=mixed-four-faults.json
chaos-smoke	Recover a mixed workflow batch after four server faults	2026-10-01T08:23:41.6002967Z     mixed_process_chaos_test.go:692: post-heal signal repair inspected=37 reenqueued=21
chaos-smoke	Recover a mixed workflow batch after four server faults	2026-10-01T08:23:41.6003483Z     mixed_process_chaos_test.go:704: mixed recovery type=mixedshort id=mixed-08-0 latency=3.354793975s
chaos-smoke	Recover a mixed workflow batch after four server faults	2026-10-01T08:23:41.6003923Z     mixed_process_chaos_test.go:704: mixed recovery type=mixedshort id=mixed-03-0 latency=3.354806184s
chaos-smoke	Recover a mixed workflow batch after four server faults	2026-10-01T08:23:41.6006392Z     mixed_process_chaos_test.go:704: mixed recovery type=mixedshort id=mixed-00-0 latency=3.427646963s
chaos-smoke	Recover a mixed workflow batch after four server faults	2026-10-01T08:23:41.6006784Z     mixed_process_chaos_test.go:704: mixed recovery type=mixedtimer id=mixed-07-0 latency=4.472582068s
chaos-smoke	Recover a mixed workflow batch after four server faults	2026-10-01T08:23:41.6007172Z     mixed_process_chaos_test.go:704: mixed recovery type=mixedtimer id=mixed-01-0 latency=4.547200075s
chaos-smoke	Recover a mixed workflow batch after four server faults	2026-10-01T08:23:41.6007567Z     mixed_process_chaos_test.go:704: mixed recovery type=mixedshort id=mixed-06-0 latency=4.834970204s
chaos-smoke	Recover a mixed workflow batch after four server faults	2026-10-01T08:23:44.2026652Z     mixed_process_chaos_test.go:704: mixed recovery type=mixedsignal id=mixed-02-0 latency=4.906021554s
chaos-smoke	Recover a mixed workflow batch after four server faults	2026-10-01T08:23:44.2286669Z     mixed_process_chaos_test.go:704: mixed recovery type=mixedtimer id=mixed-04-0 latency=7.913064119s
chaos-smoke	Recover a mixed workflow batch after four server faults	2026-10-01T08:23:46.3276943Z     mixed_process_chaos_test.go:704: mixed recovery type=mixedsignal id=mixed-05-0 latency=5.72368767s
chaos-smoke	Recover a mixed workflow batch after four server faults	2026-10-01T08:23:49.6283607Z     mixed_process_chaos_test.go:704: mixed recovery type=mixedfanout id=mixed-09-0 latency=13.312705026s
chaos-smoke	Recover a mixed workflow batch after four server faults	2026-10-01T08:23:49.6284776Z     mixed_process_chaos_test.go:709: mixed provisional result observation: p99=13.312705026s max=13.312705026s (fan-out parent still measured from quorum)
chaos-smoke	Recover a mixed workflow batch after four server faults	2026-10-01T08:23:49.6842129Z     mixed_process_chaos_test.go:749: restarted node WF_JRN ready in 895.788µs after 1 attempts
chaos-smoke	Recover a mixed workflow batch after four server faults	2026-10-01T08:23:49.6916755Z     mixed_process_chaos_test.go:825: restarted node terminal type=mixedshort id=mixed-00-0 audit=5.336719ms
chaos-smoke	Recover a mixed workflow batch after four server faults	2026-10-01T08:23:49.6917559Z     mixed_process_chaos_test.go:825: restarted node terminal type=mixedtimer id=mixed-01-0 audit=7.476113ms
chaos-smoke	Recover a mixed workflow batch after four server faults	2026-10-01T08:23:49.6918319Z     mixed_process_chaos_test.go:825: restarted node terminal type=mixedsignal id=mixed-02-0 audit=7.473174ms
chaos-smoke	Recover a mixed workflow batch after four server faults	2026-10-01T08:23:49.6919150Z     mixed_process_chaos_test.go:825: restarted node terminal type=mixedshort id=mixed-03-0 audit=7.476323ms
chaos-smoke	Recover a mixed workflow batch after four server faults	2026-10-01T08:23:49.6919884Z     mixed_process_chaos_test.go:825: restarted node terminal type=mixedtimer id=mixed-04-0 audit=7.486595ms
chaos-smoke	Recover a mixed workflow batch after four server faults	2026-10-01T08:23:49.6920720Z     mixed_process_chaos_test.go:825: restarted node terminal type=mixedsignal id=mixed-05-0 audit=5.505053ms
chaos-smoke	Recover a mixed workflow batch after four server faults	2026-10-01T08:23:49.6921478Z     mixed_process_chaos_test.go:825: restarted node terminal type=mixedshort id=mixed-06-0 audit=7.474747ms
chaos-smoke	Recover a mixed workflow batch after four server faults	2026-10-01T08:23:49.6922225Z     mixed_process_chaos_test.go:825: restarted node terminal type=mixedtimer id=mixed-07-0 audit=5.895618ms
chaos-smoke	Recover a mixed workflow batch after four server faults	2026-10-01T08:23:49.6922965Z     mixed_process_chaos_test.go:825: restarted node terminal type=mixedshort id=mixed-08-0 audit=7.189776ms
chaos-smoke	Recover a mixed workflow batch after four server faults	2026-10-01T08:23:49.6923696Z     mixed_process_chaos_test.go:825: restarted node terminal type=mixedfanout id=mixed-09-0 audit=6.527582ms
chaos-smoke	Recover a mixed workflow batch after four server faults	2026-10-01T08:23:49.6924471Z     mixed_process_chaos_test.go:836: restarted node child id=c-2c0427b405f6e5cf41a7a5dd2529625c audit=6.40763ms
chaos-smoke	Recover a mixed workflow batch after four server faults	2026-10-01T08:23:49.6925293Z     mixed_process_chaos_test.go:836: restarted node child id=c-61a693bbe622d9d1cff620a5ba2cda7f audit=7.452298ms
chaos-smoke	Recover a mixed workflow batch after four server faults	2026-10-01T08:23:49.6926390Z     mixed_process_chaos_test.go:836: restarted node child id=c-3e3e4c70156e3fee9852004ca5949da3 audit=6.358211ms
chaos-smoke	Recover a mixed workflow batch after four server faults	2026-10-01T08:23:49.6927111Z     mixed_process_chaos_test.go:836: restarted node child id=c-2d7fcc22d483fcf51ba57e3b2077e464 audit=7.174152ms
chaos-smoke	Recover a mixed workflow batch after four server faults	2026-10-01T08:23:49.6927858Z     mixed_process_chaos_test.go:836: restarted node child id=c-1eaf330c748a119ebeda4a23d05429de audit=7.470024ms
chaos-smoke	Recover a mixed workflow batch after four server faults	2026-10-01T08:23:49.6928577Z     mixed_process_chaos_test.go:836: restarted node child id=c-708e303ec63ebd5c030bc9ab47ec7aac audit=7.468487ms
chaos-smoke	Recover a mixed workflow batch after four server faults	2026-10-01T08:23:49.6929485Z     mixed_process_chaos_test.go:843: restarted node grandchild id=c-425aa24102bf9165ef736361fbbfbb9e audit=7.45719ms
chaos-smoke	Recover a mixed workflow batch after four server faults	2026-10-01T08:23:49.6930236Z     mixed_process_chaos_test.go:843: restarted node grandchild id=c-81df727d0b247de4898e89bde451172f audit=6.153903ms
chaos-smoke	Recover a mixed workflow batch after four server faults	2026-10-01T08:23:49.6931018Z     mixed_process_chaos_test.go:843: restarted node grandchild id=c-8129cf1d1fd8e3a209b19b528165f4df audit=7.429148ms
chaos-smoke	Recover a mixed workflow batch after four server faults	2026-10-01T08:23:49.6931784Z     mixed_process_chaos_test.go:843: restarted node grandchild id=c-26514356ab5a5acbf20ad5ce3acc8168 audit=7.458868ms
chaos-smoke	Recover a mixed workflow batch after four server faults	2026-10-01T08:23:49.6932268Z     mixed_process_chaos_test.go:843: restarted node grandchild id=c-a879b3a6c93c88e46e7761b1e78637a2 audit=7.431192ms
chaos-smoke	Recover a mixed workflow batch after four server faults	2026-10-01T08:23:49.6932726Z     mixed_process_chaos_test.go:843: restarted node grandchild id=c-535b8aa9db45ad629d92ad1b11208e82 audit=7.451792ms
chaos-smoke	Recover a mixed workflow batch after four server faults	2026-10-01T08:23:49.6933183Z     mixed_process_chaos_test.go:843: restarted node grandchild id=c-ce30b309161f5923793aaf2cbc016d4e audit=7.470004ms
chaos-smoke	Recover a mixed workflow batch after four server faults	2026-10-01T08:23:49.6933637Z     mixed_process_chaos_test.go:843: restarted node grandchild id=c-e1b3e514a9d31e1c0ae0fcf9d9dcde03 audit=7.460461ms
chaos-smoke	Recover a mixed workflow batch after four server faults	2026-10-01T08:23:49.6934105Z     mixed_process_chaos_test.go:843: restarted node grandchild id=c-bb5f73df9b542dac375d03b4ea875933 audit=7.4535ms
chaos-smoke	Recover a mixed workflow batch after four server faults	2026-10-01T08:23:49.6934574Z     mixed_process_chaos_test.go:843: restarted node grandchild id=c-01365f6a38e7c1ac2db485fc10fda086 audit=7.44311ms
chaos-smoke	Recover a mixed workflow batch after four server faults	2026-10-01T08:23:49.6935199Z     mixed_process_chaos_test.go:843: restarted node grandchild id=c-a44599fc4037c49e5e71abfb8f6d759c audit=5.505833ms
chaos-smoke	Recover a mixed workflow batch after four server faults	2026-10-01T08:23:49.6935649Z     mixed_process_chaos_test.go:843: restarted node grandchild id=c-e14a2648bb4377e8830f7b0584cfd294 audit=6.444826ms
chaos-smoke	Recover a mixed workflow batch after four server faults	2026-10-01T08:23:49.6936319Z     mixed_process_chaos_test.go:871: survivor node 0 WF_SIG ready in 528.577µs after 1 attempts
chaos-smoke	Recover a mixed workflow batch after four server faults	2026-10-01T08:23:49.6936722Z     mixed_process_chaos_test.go:894: mixed terminal type=mixedshort id=mixed-00-0 latency=3.355050557s
chaos-smoke	Recover a mixed workflow batch after four server faults	2026-10-01T08:23:49.6937155Z     mixed_process_chaos_test.go:894: mixed terminal type=mixedtimer id=mixed-01-0 latency=4.472087571s
chaos-smoke	Recover a mixed workflow batch after four server faults	2026-10-01T08:23:49.6937556Z     mixed_process_chaos_test.go:894: mixed terminal type=mixedsignal id=mixed-02-0 latency=4.83176733s
chaos-smoke	Recover a mixed workflow batch after four server faults	2026-10-01T08:23:49.6937968Z     mixed_process_chaos_test.go:894: mixed terminal type=mixedshort id=mixed-03-0 latency=3.206382939s
chaos-smoke	Recover a mixed workflow batch after four server faults	2026-10-01T08:23:49.6938364Z     mixed_process_chaos_test.go:894: mixed terminal type=mixedtimer id=mixed-04-0 latency=7.818653953s
chaos-smoke	Recover a mixed workflow batch after four server faults	2026-10-01T08:23:49.6938779Z     mixed_process_chaos_test.go:894: mixed terminal type=mixedsignal id=mixed-05-0 latency=5.782111613s
chaos-smoke	Recover a mixed workflow batch after four server faults	2026-10-01T08:23:49.6939590Z     mixed_process_chaos_test.go:894: mixed terminal type=mixedshort id=mixed-06-0 latency=4.761162104s
chaos-smoke	Recover a mixed workflow batch after four server faults	2026-10-01T08:23:49.6940402Z     mixed_process_chaos_test.go:894: mixed terminal type=mixedtimer id=mixed-07-0 latency=4.397234234s
chaos-smoke	Recover a mixed workflow batch after four server faults	2026-10-01T08:23:49.6941028Z     mixed_process_chaos_test.go:894: mixed terminal type=mixedshort id=mixed-08-0 latency=3.280401422s
chaos-smoke	Recover a mixed workflow batch after four server faults	2026-10-01T08:23:49.6941697Z     mixed_process_chaos_test.go:894: mixed terminal type=mixedfanout id=mixed-09-0 latency=653.198651ms
chaos-smoke	Recover a mixed workflow batch after four server faults	2026-10-01T08:23:49.6942360Z     mixed_process_chaos_test.go:909: mixed terminal type=mixedchild id=c-2c0427b405f6e5cf41a7a5dd2529625c latency=587.75856ms
chaos-smoke	Recover a mixed workflow batch after four server faults	2026-10-01T08:23:49.6943082Z     mixed_process_chaos_test.go:909: mixed terminal type=mixedchild id=c-61a693bbe622d9d1cff620a5ba2cda7f latency=589.755416ms
chaos-smoke	Recover a mixed workflow batch after four server faults	2026-10-01T08:23:49.6944095Z     mixed_process_chaos_test.go:909: mixed terminal type=mixedchild id=c-3e3e4c70156e3fee9852004ca5949da3 latency=664.030561ms
chaos-smoke	Recover a mixed workflow batch after four server faults	2026-10-01T08:23:49.6944992Z     mixed_process_chaos_test.go:909: mixed terminal type=mixedchild id=c-2d7fcc22d483fcf51ba57e3b2077e464 latency=4.880099978s
chaos-smoke	Recover a mixed workflow batch after four server faults	2026-10-01T08:23:49.6945843Z     mixed_process_chaos_test.go:909: mixed terminal type=mixedchild id=c-1eaf330c748a119ebeda4a23d05429de latency=808.710537ms
chaos-smoke	Recover a mixed workflow batch after four server faults	2026-10-01T08:23:49.6946441Z     mixed_process_chaos_test.go:909: mixed terminal type=mixedchild id=c-708e303ec63ebd5c030bc9ab47ec7aac latency=1.481200661s
chaos-smoke	Recover a mixed workflow batch after four server faults	2026-10-01T08:23:49.6947356Z     mixed_process_chaos_test.go:917: mixed terminal type=mixedgrandchild id=c-425aa24102bf9165ef736361fbbfbb9e latency=10.892044828s
chaos-smoke	Recover a mixed workflow batch after four server faults	2026-10-01T08:23:49.6948255Z     mixed_process_chaos_test.go:917: mixed terminal type=mixedgrandchild id=c-81df727d0b247de4898e89bde451172f latency=3.132915324s
chaos-smoke	Recover a mixed workflow batch after four server faults	2026-10-01T08:23:49.6949069Z     mixed_process_chaos_test.go:917: mixed terminal type=mixedgrandchild id=c-8129cf1d1fd8e3a209b19b528165f4df latency=8.905164617s
chaos-smoke	Recover a mixed workflow batch after four server faults	2026-10-01T08:23:49.6950047Z     mixed_process_chaos_test.go:917: mixed terminal type=mixedgrandchild id=c-26514356ab5a5acbf20ad5ce3acc8168 latency=3.132911137s
chaos-smoke	Recover a mixed workflow batch after four server faults	2026-10-01T08:23:49.6950893Z     mixed_process_chaos_test.go:917: mixed terminal type=mixedgrandchild id=c-a879b3a6c93c88e46e7761b1e78637a2 latency=8.905170746s
chaos-smoke	Recover a mixed workflow batch after four server faults	2026-10-01T08:23:49.6951629Z     mixed_process_chaos_test.go:917: mixed terminal type=mixedgrandchild id=c-535b8aa9db45ad629d92ad1b11208e82 latency=8.905300772s
chaos-smoke	Recover a mixed workflow batch after four server faults	2026-10-01T08:23:49.6952252Z     mixed_process_chaos_test.go:917: mixed terminal type=mixedgrandchild id=c-ce30b309161f5923793aaf2cbc016d4e latency=3.504294795s
chaos-smoke	Recover a mixed workflow batch after four server faults	2026-10-01T08:23:49.6953154Z     mixed_process_chaos_test.go:917: mixed terminal type=mixedgrandchild id=c-e1b3e514a9d31e1c0ae0fcf9d9dcde03 latency=4.172838077s
chaos-smoke	Recover a mixed workflow batch after four server faults	2026-10-01T08:23:49.6953758Z     mixed_process_chaos_test.go:917: mixed terminal type=mixedgrandchild id=c-bb5f73df9b542dac375d03b4ea875933 latency=10.447644084s
chaos-smoke	Recover a mixed workflow batch after four server faults	2026-10-01T08:23:49.6954739Z     mixed_process_chaos_test.go:917: mixed terminal type=mixedgrandchild id=c-01365f6a38e7c1ac2db485fc10fda086 latency=11.806825127s
chaos-smoke	Recover a mixed workflow batch after four server faults	2026-10-01T08:23:49.6955647Z     mixed_process_chaos_test.go:917: mixed terminal type=mixedgrandchild id=c-a44599fc4037c49e5e71abfb8f6d759c latency=6.617524704s
chaos-smoke	Recover a mixed workflow batch after four server faults	2026-10-01T08:23:49.6956320Z     mixed_process_chaos_test.go:917: mixed terminal type=mixedgrandchild id=c-e14a2648bb4377e8830f7b0584cfd294 latency=3.059409508s
chaos-smoke	Recover a mixed workflow batch after four server faults	2026-10-01T08:23:49.6957168Z     mixed_process_chaos_test.go:921: mixed terminal p99 from last enabling event=11.806825127s across 28 invocations
chaos-smoke	Recover a mixed workflow batch after four server faults	2026-10-01T08:23:49.6961234Z     mixed_process_chaos_test.go:922: mixed workers before={LeaseAcquisitions:51 LeaseContentions:33 LeaseAcquireFailures:0 FencingEvents:4 HandoffEnqueues:4 Redeliveries:20 EnqueueToLeaseSamples:51 EnqueueToLeaseTotal:3m31.866334456s EnqueueToLeaseMaximum:17.050954756s EnqueueToLeaseBuckets:[15 10 2 16 8 0] TimersScheduled:24 TimersFired:8 TimerLateTotal:19.88193512s TimerLateMaximum:2.504369384s TimerLateBuckets:[0 0 0 8 0 0] CancelledTimerNoOps:0} after={LeaseAcquisitions:31 LeaseContentions:44 LeaseAcquireFailures:0 FencingEvents:0 HandoffEnqueues:0 Redeliveries:23 EnqueueToLeaseSamples:31 EnqueueToLeaseTotal:5m17.854079573s EnqueueToLeaseMaximum:23.924721031s EnqueueToLeaseBuckets:[1 5 0 12 13 0] TimersScheduled:0 TimersFired:16 TimerLateTotal:39.806068282s TimerLateMaximum:2.509424375s TimerLateBuckets:[0 0 0 16 0 0] CancelledTimerNoOps:0}
chaos-smoke	Recover a mixed workflow batch after four server faults	2026-10-01T08:23:52.7197786Z --- PASS: TestMixedWorkflowsRecoverFromFourServerFaults (34.07s)
chaos-smoke	Recover a mixed workflow batch after four server faults	2026-10-01T08:23:52.7198122Z PASS
chaos-smoke	Recover a mixed workflow batch after four server faults	2026-10-01T08:23:52.7209458Z ok  	js-wf/integration	34.076s
chaos-smoke	Recover six pending children after a full server restart	﻿2026-10-01T08:23:52.7383805Z ##[group]Run WF_FULL_RESTART_FANOUT=1 go test ./integration -run '^TestFanoutSurvivesFullServerRestart$' -count=1 -timeout=4m -v
chaos-smoke	Recover six pending children after a full server restart	2026-10-01T08:23:52.7384290Z ^[[36;1mWF_FULL_RESTART_FANOUT=1 go test ./integration -run '^TestFanoutSurvivesFullServerRestart$' -count=1 -timeout=4m -v^[[0m
chaos-smoke	Recover six pending children after a full server restart	2026-10-01T08:23:52.7434219Z shell: /usr/bin/bash -e {0}
chaos-smoke	Recover six pending children after a full server restart	2026-10-01T08:23:52.7434365Z ##[endgroup]
chaos-smoke	Recover six pending children after a full server restart	2026-10-01T08:23:53.2947586Z === RUN   TestFanoutSurvivesFullServerRestart
chaos-smoke	Recover six pending children after a full server restart	2026-10-01T08:24:10.1904356Z     fanout_full_server_restart_test.go:33: full server restart recovered parent and 6 children; retained integrity={Invocations:7 Journals:7 Entries:57 Terminal:7}
chaos-smoke	Recover six pending children after a full server restart	2026-10-01T08:24:10.3045774Z --- PASS: TestFanoutSurvivesFullServerRestart (17.01s)
chaos-smoke	Recover six pending children after a full server restart	2026-10-01T08:24:10.3049559Z PASS
chaos-smoke	Recover six pending children after a full server restart	2026-10-01T08:24:10.3054503Z ok  	js-wf/integration	17.014s
chaos-smoke	Consume one hundred ordered signals after a full server restart	﻿2026-10-01T08:24:10.3223258Z ##[group]Run WF_FULL_RESTART_SIGNAL=1 go test ./integration -run '^TestOrderedSignalsSurviveFullServerRestart$' -count=1 -timeout=4m -v
chaos-smoke	Consume one hundred ordered signals after a full server restart	2026-10-01T08:24:10.3223794Z ^[[36;1mWF_FULL_RESTART_SIGNAL=1 go test ./integration -run '^TestOrderedSignalsSurviveFullServerRestart$' -count=1 -timeout=4m -v^[[0m
chaos-smoke	Consume one hundred ordered signals after a full server restart	2026-10-01T08:24:10.3279481Z shell: /usr/bin/bash -e {0}
chaos-smoke	Consume one hundred ordered signals after a full server restart	2026-10-01T08:24:10.3279642Z ##[endgroup]
chaos-smoke	Consume one hundred ordered signals after a full server restart	2026-10-01T08:24:10.8722263Z === RUN   TestOrderedSignalsSurviveFullServerRestart
chaos-smoke	Consume one hundred ordered signals after a full server restart	2026-10-01T08:24:29.2388386Z     signal_full_server_restart_test.go:248: full server restart retained and consumed 100 ordered signals; journal entries=303
chaos-smoke	Consume one hundred ordered signals after a full server restart	2026-10-01T08:24:29.3335184Z --- PASS: TestOrderedSignalsSurviveFullServerRestart (18.46s)
chaos-smoke	Consume one hundred ordered signals after a full server restart	2026-10-01T08:24:29.3335844Z PASS
chaos-smoke	Consume one hundred ordered signals after a full server restart	2026-10-01T08:24:29.3346181Z ok  	js-wf/integration	18.466s
chaos-smoke	Recover one thousand short workflows after a full server restart	﻿2026-10-01T08:24:29.3518789Z ##[group]Run WF_FULL_RESTART_SHORT=1 go test ./integration -run '^TestThousandShortWorkflowsSurviveFullServerRestart$' -count=1 -timeout=5m -v
chaos-smoke	Recover one thousand short workflows after a full server restart	2026-10-01T08:24:29.3519704Z ^[[36;1mWF_FULL_RESTART_SHORT=1 go test ./integration -run '^TestThousandShortWorkflowsSurviveFullServerRestart$' -count=1 -timeout=5m -v^[[0m
chaos-smoke	Recover one thousand short workflows after a full server restart	2026-10-01T08:24:29.3574490Z shell: /usr/bin/bash -e {0}
chaos-smoke	Recover one thousand short workflows after a full server restart	2026-10-01T08:24:29.3574664Z ##[endgroup]
chaos-smoke	Recover one thousand short workflows after a full server restart	2026-10-01T08:24:29.9301591Z === RUN   TestThousandShortWorkflowsSurviveFullServerRestart
chaos-smoke	Recover one thousand short workflows after a full server restart	2026-10-01T08:25:03.8279111Z     short_full_server_restart_test.go:256: full server restart recovered 1000 short workflows after 32 handlers entered before kill; retained integrity={Invocations:1000 Journals:1000 Entries:4000 Terminal:1000}
chaos-smoke	Recover one thousand short workflows after a full server restart	2026-10-01T08:25:04.3508468Z --- PASS: TestThousandShortWorkflowsSurviveFullServerRestart (34.42s)
chaos-smoke	Recover one thousand short workflows after a full server restart	2026-10-01T08:25:04.3509895Z PASS
chaos-smoke	Recover one thousand short workflows after a full server restart	2026-10-01T08:25:04.3519747Z ok  	js-wf/integration	34.425s
chaos-smoke	Post Run actions/setup-go@v5	﻿2026-10-01T08:25:04.3741193Z Post job cleanup.
chaos-smoke	Post Run actions/setup-go@v5	2026-10-01T08:25:04.4536005Z (node:6239) [DEP0040] DeprecationWarning: The `punycode` module is deprecated. Please use a userland alternative instead.
chaos-smoke	Post Run actions/setup-go@v5	2026-10-01T08:25:04.4536732Z (Use `node --trace-deprecation ...` to show where the warning was created)
chaos-smoke	Post Run actions/setup-go@v5	2026-10-01T08:25:04.4586649Z [command]/opt/hostedtoolcache/go/1.27.1/x64/bin/go env GOMODCACHE
chaos-smoke	Post Run actions/setup-go@v5	2026-10-01T08:25:04.4630172Z [command]/opt/hostedtoolcache/go/1.27.1/x64/bin/go env GOCACHE
chaos-smoke	Post Run actions/setup-go@v5	2026-10-01T08:25:04.4657703Z /home/runner/go/pkg/mod
chaos-smoke	Post Run actions/setup-go@v5	2026-10-01T08:25:04.4669692Z /home/runner/.cache/go-build
chaos-smoke	Post Run actions/setup-go@v5	2026-10-01T08:25:04.4674457Z Cache hit occurred on the primary key setup-go-Linux-x64-ubuntu24-go-1.27.1-487c2eade748c1cfcd01caf54d154b8f65df65b05311c1ecee4b42fdda97ee43, not saving cache.
chaos-smoke	Post Run actions/checkout@v4	﻿2026-10-01T08:25:04.4832907Z Post job cleanup.
chaos-smoke	Post Run actions/checkout@v4	2026-10-01T08:25:04.5386083Z [command]/usr/bin/git version
chaos-smoke	Post Run actions/checkout@v4	2026-10-01T08:25:04.5419196Z git version 2.55.0
chaos-smoke	Post Run actions/checkout@v4	2026-10-01T08:25:04.5445474Z Temporarily overriding HOME='/home/runner/work/_temp/fbbe3c7e-8d25-41f9-ba1e-87ca8f9ab4da' before making global git config changes
chaos-smoke	Post Run actions/checkout@v4	2026-10-01T08:25:04.5446252Z Adding repository directory to the temporary git global config as a safe directory
chaos-smoke	Post Run actions/checkout@v4	2026-10-01T08:25:04.5449315Z [command]/usr/bin/git config --global --add safe.directory /home/runner/work/js-wf/js-wf
chaos-smoke	Post Run actions/checkout@v4	2026-10-01T08:25:04.5487131Z [command]/usr/bin/git config --local --name-only --get-regexp core\.sshCommand
chaos-smoke	Post Run actions/checkout@v4	2026-10-01T08:25:04.5523391Z [command]/usr/bin/git submodule foreach --recursive sh -c "git config --local --name-only --get-regexp 'core\.sshCommand' && git config --local --unset-all 'core.sshCommand' || :"
chaos-smoke	Post Run actions/checkout@v4	2026-10-01T08:25:04.5725741Z [command]/usr/bin/git config --local --name-only --get-regexp http\.https\:\/\/github\.com\/\.extraheader
chaos-smoke	Post Run actions/checkout@v4	2026-10-01T08:25:04.5755046Z http.https://github.com/.extraheader
chaos-smoke	Post Run actions/checkout@v4	2026-10-01T08:25:04.5763734Z [command]/usr/bin/git config --local --unset-all http.https://github.com/.extraheader
chaos-smoke	Post Run actions/checkout@v4	2026-10-01T08:25:04.5793603Z [command]/usr/bin/git submodule foreach --recursive sh -c "git config --local --name-only --get-regexp 'http\.https\:\/\/github\.com\/\.extraheader' && git config --local --unset-all 'http.https://github.com/.extraheader' || :"
chaos-smoke	Post Run actions/checkout@v4	2026-10-01T08:25:04.5986956Z [command]/usr/bin/git config --local --name-only --get-regexp ^includeIf\.gitdir:
chaos-smoke	Post Run actions/checkout@v4	2026-10-01T08:25:04.6017086Z [command]/usr/bin/git submodule foreach --recursive git config --local --show-origin --name-only --get-regexp remote.origin.url
chaos-smoke	Complete job	﻿2026-10-01T08:25:04.6333790Z Cleaning up orphan processes
chaos-smoke	Complete job	2026-10-01T08:25:04.6554815Z ##[warning]Node.js 20 is deprecated. The following actions target Node.js 20 but are being forced to run on Node.js 24: actions/checkout@v4, actions/setup-go@v5. For more information see: https://github.blog/changelog/2025-09-19-deprecation-of-node-20-on-github-actions-runners/
dispatch-scale	Set up job	﻿2026-10-01T08:20:07.6538422Z Current runner version: '2.337.0'
dispatch-scale	Set up job	2026-10-01T08:20:07.6564071Z ##[group]Runner Image Provisioner
dispatch-scale	Set up job	2026-10-01T08:20:07.6565058Z Hosted Compute Agent
dispatch-scale	Set up job	2026-10-01T08:20:07.6565677Z Version: 20260828.587
dispatch-scale	Set up job	2026-10-01T08:20:07.6566313Z Commit: abac92662cab4cc7352de4f9f9d2e2419aad9c29
dispatch-scale	Set up job	2026-10-01T08:20:07.6567088Z Build Date: 2026-08-28T16:44:25Z
dispatch-scale	Set up job	2026-10-01T08:20:07.6567758Z Worker ID: {a1f617d9-97d3-4020-bb5d-6c8a579efe7f}
dispatch-scale	Set up job	2026-10-01T08:20:07.6568615Z Azure Region: westcentralus
dispatch-scale	Set up job	2026-10-01T08:20:07.6569338Z ##[endgroup]
dispatch-scale	Set up job	2026-10-01T08:20:07.6571048Z ##[group]Operating System
dispatch-scale	Set up job	2026-10-01T08:20:07.6571742Z Ubuntu
dispatch-scale	Set up job	2026-10-01T08:20:07.6572392Z 24.04.5
dispatch-scale	Set up job	2026-10-01T08:20:07.6572940Z LTS
dispatch-scale	Set up job	2026-10-01T08:20:07.6573495Z ##[endgroup]
dispatch-scale	Set up job	2026-10-01T08:20:07.6574041Z ##[group]Runner Image
dispatch-scale	Set up job	2026-10-01T08:20:07.6574653Z Image: ubuntu-24.04
dispatch-scale	Set up job	2026-10-01T08:20:07.6575210Z Version: 20260920.314.1
dispatch-scale	Set up job	2026-10-01T08:20:07.6576257Z Included Software: https://github.com/actions/runner-images/blob/ubuntu24/20260920.314/images/ubuntu/Ubuntu2404-Readme.md
dispatch-scale	Set up job	2026-10-01T08:20:07.6577982Z Image Release: https://github.com/actions/runner-images/releases/tag/ubuntu24%2F20260920.314
dispatch-scale	Set up job	2026-10-01T08:20:07.6578952Z ##[endgroup]
dispatch-scale	Set up job	2026-10-01T08:20:07.6580102Z ##[group]GITHUB_TOKEN Permissions
dispatch-scale	Set up job	2026-10-01T08:20:07.6582614Z Contents: read
dispatch-scale	Set up job	2026-10-01T08:20:07.6583212Z Metadata: read
dispatch-scale	Set up job	2026-10-01T08:20:07.6583814Z Packages: read
dispatch-scale	Set up job	2026-10-01T08:20:07.6584366Z ##[endgroup]
dispatch-scale	Set up job	2026-10-01T08:20:07.6586484Z Secret source: Actions
dispatch-scale	Set up job	2026-10-01T08:20:07.6587431Z Cache mode: write
dispatch-scale	Set up job	2026-10-01T08:20:07.6588229Z Prepare workflow directory
dispatch-scale	Set up job	2026-10-01T08:20:07.6906473Z Prepare all required actions
dispatch-scale	Set up job	2026-10-01T08:20:07.6963146Z Getting action download info
dispatch-scale	Set up job	2026-10-01T08:20:08.0196818Z Download action repository 'actions/checkout@v4' (SHA:11d5960a326750d5838078e36cf38b85af677262)
dispatch-scale	Set up job	2026-10-01T08:20:08.1495968Z Download action repository 'actions/setup-go@v5' (SHA:40f1582b2485089dde7abd97c1529aa768e1baff)
dispatch-scale	Set up job	2026-10-01T08:20:08.9973231Z Complete job name: dispatch-scale
dispatch-scale	Run actions/checkout@v4	﻿2026-10-01T08:20:09.0681561Z ##[group]Run actions/checkout@v4
dispatch-scale	Run actions/checkout@v4	2026-10-01T08:20:09.0682781Z with:
dispatch-scale	Run actions/checkout@v4	2026-10-01T08:20:09.0683409Z   repository: AntPAllen/js-wf
dispatch-scale	Run actions/checkout@v4	2026-10-01T08:20:09.0688055Z   token: ***
dispatch-scale	Run actions/checkout@v4	2026-10-01T08:20:09.0688667Z   ssh-strict: true
dispatch-scale	Run actions/checkout@v4	2026-10-01T08:20:09.0689263Z   ssh-user: git
dispatch-scale	Run actions/checkout@v4	2026-10-01T08:20:09.0689926Z   persist-credentials: true
dispatch-scale	Run actions/checkout@v4	2026-10-01T08:20:09.0690558Z   clean: true
dispatch-scale	Run actions/checkout@v4	2026-10-01T08:20:09.0691181Z   sparse-checkout-cone-mode: true
dispatch-scale	Run actions/checkout@v4	2026-10-01T08:20:09.0691859Z   fetch-depth: 1
dispatch-scale	Run actions/checkout@v4	2026-10-01T08:20:09.0692602Z   fetch-tags: false
dispatch-scale	Run actions/checkout@v4	2026-10-01T08:20:09.0693270Z   show-progress: true
dispatch-scale	Run actions/checkout@v4	2026-10-01T08:20:09.0693860Z   lfs: false
dispatch-scale	Run actions/checkout@v4	2026-10-01T08:20:09.0694441Z   submodules: false
dispatch-scale	Run actions/checkout@v4	2026-10-01T08:20:09.0695072Z   set-safe-directory: true
dispatch-scale	Run actions/checkout@v4	2026-10-01T08:20:09.0695724Z   allow-unsafe-pr-checkout: false
dispatch-scale	Run actions/checkout@v4	2026-10-01T08:20:09.0696647Z ##[endgroup]
dispatch-scale	Run actions/checkout@v4	2026-10-01T08:20:09.1726650Z Syncing repository: AntPAllen/js-wf
dispatch-scale	Run actions/checkout@v4	2026-10-01T08:20:09.1729585Z ##[group]Getting Git version info
dispatch-scale	Run actions/checkout@v4	2026-10-01T08:20:09.1730534Z Working directory is '/home/runner/work/js-wf/js-wf'
dispatch-scale	Run actions/checkout@v4	2026-10-01T08:20:09.1732814Z [command]/usr/bin/git version
dispatch-scale	Run actions/checkout@v4	2026-10-01T08:20:09.1772686Z git version 2.55.0
dispatch-scale	Run actions/checkout@v4	2026-10-01T08:20:09.1793885Z ##[endgroup]
dispatch-scale	Run actions/checkout@v4	2026-10-01T08:20:09.1808910Z Temporarily overriding HOME='/home/runner/work/_temp/e1a46764-8b79-4be5-9a54-a71fc4dd0dac' before making global git config changes
dispatch-scale	Run actions/checkout@v4	2026-10-01T08:20:09.1811268Z Adding repository directory to the temporary git global config as a safe directory
dispatch-scale	Run actions/checkout@v4	2026-10-01T08:20:09.1814638Z [command]/usr/bin/git config --global --add safe.directory /home/runner/work/js-wf/js-wf
dispatch-scale	Run actions/checkout@v4	2026-10-01T08:20:09.1869510Z Deleting the contents of '/home/runner/work/js-wf/js-wf'
dispatch-scale	Run actions/checkout@v4	2026-10-01T08:20:09.1875544Z ##[group]Initializing the repository
dispatch-scale	Run actions/checkout@v4	2026-10-01T08:20:09.1880266Z [command]/usr/bin/git init /home/runner/work/js-wf/js-wf
dispatch-scale	Run actions/checkout@v4	2026-10-01T08:20:09.1983453Z hint: Using 'master' as the name for the initial branch. This default branch name
dispatch-scale	Run actions/checkout@v4	2026-10-01T08:20:09.1986155Z hint: will change to "main" in Git 3.0. To configure the initial branch name
dispatch-scale	Run actions/checkout@v4	2026-10-01T08:20:09.1987840Z hint: to use in all of your new repositories, which will suppress this warning,
dispatch-scale	Run actions/checkout@v4	2026-10-01T08:20:09.1989599Z hint: call:
dispatch-scale	Run actions/checkout@v4	2026-10-01T08:20:09.1990406Z hint:
dispatch-scale	Run actions/checkout@v4	2026-10-01T08:20:09.1991430Z hint: 	git config --global init.defaultBranch <name>
dispatch-scale	Run actions/checkout@v4	2026-10-01T08:20:09.1992731Z hint:
dispatch-scale	Run actions/checkout@v4	2026-10-01T08:20:09.1993871Z hint: Names commonly chosen instead of 'master' are 'main', 'trunk' and
dispatch-scale	Run actions/checkout@v4	2026-10-01T08:20:09.1995784Z hint: 'development'. The just-created branch can be renamed via this command:
dispatch-scale	Run actions/checkout@v4	2026-10-01T08:20:09.1997291Z hint:
dispatch-scale	Run actions/checkout@v4	2026-10-01T08:20:09.1998137Z hint: 	git branch -m <name>
dispatch-scale	Run actions/checkout@v4	2026-10-01T08:20:09.1999213Z hint:
dispatch-scale	Run actions/checkout@v4	2026-10-01T08:20:09.2000529Z hint: Disable this message with "git config set advice.defaultBranchName false"
dispatch-scale	Run actions/checkout@v4	2026-10-01T08:20:09.2002539Z Initialized empty Git repository in /home/runner/work/js-wf/js-wf/.git/
dispatch-scale	Run actions/checkout@v4	2026-10-01T08:20:09.2006169Z [command]/usr/bin/git remote add origin https://github.com/AntPAllen/js-wf
dispatch-scale	Run actions/checkout@v4	2026-10-01T08:20:09.2058654Z ##[endgroup]
dispatch-scale	Run actions/checkout@v4	2026-10-01T08:20:09.2060740Z ##[group]Disabling automatic garbage collection
dispatch-scale	Run actions/checkout@v4	2026-10-01T08:20:09.2062687Z [command]/usr/bin/git config --local gc.auto 0
dispatch-scale	Run actions/checkout@v4	2026-10-01T08:20:09.2090272Z ##[endgroup]
dispatch-scale	Run actions/checkout@v4	2026-10-01T08:20:09.2092073Z ##[group]Setting up auth
dispatch-scale	Run actions/checkout@v4	2026-10-01T08:20:09.2097281Z [command]/usr/bin/git config --local --name-only --get-regexp core\.sshCommand
dispatch-scale	Run actions/checkout@v4	2026-10-01T08:20:09.2130660Z [command]/usr/bin/git submodule foreach --recursive sh -c "git config --local --name-only --get-regexp 'core\.sshCommand' && git config --local --unset-all 'core.sshCommand' || :"
dispatch-scale	Run actions/checkout@v4	2026-10-01T08:20:09.2477536Z [command]/usr/bin/git config --local --name-only --get-regexp http\.https\:\/\/github\.com\/\.extraheader
dispatch-scale	Run actions/checkout@v4	2026-10-01T08:20:09.2517368Z [command]/usr/bin/git submodule foreach --recursive sh -c "git config --local --name-only --get-regexp 'http\.https\:\/\/github\.com\/\.extraheader' && git config --local --unset-all 'http.https://github.com/.extraheader' || :"
dispatch-scale	Run actions/checkout@v4	2026-10-01T08:20:09.2737614Z [command]/usr/bin/git config --local --name-only --get-regexp ^includeIf\.gitdir:
dispatch-scale	Run actions/checkout@v4	2026-10-01T08:20:09.2769716Z [command]/usr/bin/git submodule foreach --recursive git config --local --show-origin --name-only --get-regexp remote.origin.url
dispatch-scale	Run actions/checkout@v4	2026-10-01T08:20:09.2956468Z [command]/usr/bin/git config --local http.https://github.com/.extraheader AUTHORIZATION: basic ***
dispatch-scale	Run actions/checkout@v4	2026-10-01T08:20:09.2995708Z ##[endgroup]
dispatch-scale	Run actions/checkout@v4	2026-10-01T08:20:09.2997333Z ##[group]Fetching the repository
dispatch-scale	Run actions/checkout@v4	2026-10-01T08:20:09.3005127Z [command]/usr/bin/git -c protocol.version=2 fetch --no-tags --prune --no-recurse-submodules --depth=1 origin +1bcf5ef52172d76a537911b7975f29c2502fa4b4:refs/remotes/origin/main
dispatch-scale	Run actions/checkout@v4	2026-10-01T08:20:12.2760664Z From https://github.com/AntPAllen/js-wf
dispatch-scale	Run actions/checkout@v4	2026-10-01T08:20:12.2763842Z  * [new ref]         1bcf5ef52172d76a537911b7975f29c2502fa4b4 -> origin/main
dispatch-scale	Run actions/checkout@v4	2026-10-01T08:20:12.2769386Z ##[endgroup]
dispatch-scale	Run actions/checkout@v4	2026-10-01T08:20:12.2771646Z ##[group]Determining the checkout info
dispatch-scale	Run actions/checkout@v4	2026-10-01T08:20:12.2774462Z ##[endgroup]
dispatch-scale	Run actions/checkout@v4	2026-10-01T08:20:12.2775746Z [command]/usr/bin/git sparse-checkout disable
dispatch-scale	Run actions/checkout@v4	2026-10-01T08:20:12.2959709Z [command]/usr/bin/git config --local --unset-all extensions.worktreeConfig
dispatch-scale	Run actions/checkout@v4	2026-10-01T08:20:12.2995755Z ##[group]Checking out the ref
dispatch-scale	Run actions/checkout@v4	2026-10-01T08:20:12.2998457Z [command]/usr/bin/git checkout --progress --force -B main refs/remotes/origin/main
dispatch-scale	Run actions/checkout@v4	2026-10-01T08:20:12.4996096Z Switched to a new branch 'main'
dispatch-scale	Run actions/checkout@v4	2026-10-01T08:20:12.4999006Z branch 'main' set up to track 'origin/main'.
dispatch-scale	Run actions/checkout@v4	2026-10-01T08:20:12.5014010Z ##[endgroup]
dispatch-scale	Run actions/checkout@v4	2026-10-01T08:20:12.5052937Z [command]/usr/bin/git log -1 --format=%H
dispatch-scale	Run actions/checkout@v4	2026-10-01T08:20:12.5077984Z 1bcf5ef52172d76a537911b7975f29c2502fa4b4
dispatch-scale	Run actions/setup-go@v5	﻿2026-10-01T08:20:12.5446977Z ##[group]Run actions/setup-go@v5
dispatch-scale	Run actions/setup-go@v5	2026-10-01T08:20:12.5448454Z with:
dispatch-scale	Run actions/setup-go@v5	2026-10-01T08:20:12.5449538Z   go-version-file: go.mod
dispatch-scale	Run actions/setup-go@v5	2026-10-01T08:20:12.5450775Z   check-latest: false
dispatch-scale	Run actions/setup-go@v5	2026-10-01T08:20:12.5461371Z   token: ***
dispatch-scale	Run actions/setup-go@v5	2026-10-01T08:20:12.5462628Z   cache: true
dispatch-scale	Run actions/setup-go@v5	2026-10-01T08:20:12.5463730Z ##[endgroup]
dispatch-scale	Run actions/setup-go@v5	2026-10-01T08:20:12.6797212Z Setup go version spec 1.27.1
dispatch-scale	Run actions/setup-go@v5	2026-10-01T08:20:12.6807405Z Attempting to download 1.27.1...
dispatch-scale	Run actions/setup-go@v5	2026-10-01T08:20:12.6917770Z (node:2224) [DEP0040] DeprecationWarning: The `punycode` module is deprecated. Please use a userland alternative instead.
dispatch-scale	Run actions/setup-go@v5	2026-10-01T08:20:12.6920248Z (Use `node --trace-deprecation ...` to show where the warning was created)
dispatch-scale	Run actions/setup-go@v5	2026-10-01T08:20:13.7236201Z matching 1.27.1...
dispatch-scale	Run actions/setup-go@v5	2026-10-01T08:20:13.7298917Z Acquiring 1.27.1 from https://github.com/actions/go-versions/releases/download/1.27.1-33583469715/go-1.27.1-linux-x64.tar.gz
dispatch-scale	Run actions/setup-go@v5	2026-10-01T08:20:14.4653285Z Extracting Go...
dispatch-scale	Run actions/setup-go@v5	2026-10-01T08:20:14.4776260Z [command]/usr/bin/tar xz --warning=no-unknown-keyword --overwrite -C /home/runner/work/_temp/b204e37b-6c0f-41b5-b7f3-b143b44a22e1 -f /home/runner/work/_temp/1ea7019c-02f4-4c60-bb09-4c0521065fcf
dispatch-scale	Run actions/setup-go@v5	2026-10-01T08:20:16.1988416Z Successfully extracted go to /home/runner/work/_temp/b204e37b-6c0f-41b5-b7f3-b143b44a22e1
dispatch-scale	Run actions/setup-go@v5	2026-10-01T08:20:16.2013800Z Adding to the cache ...
dispatch-scale	Run actions/setup-go@v5	2026-10-01T08:20:23.4101570Z Successfully cached go to /opt/hostedtoolcache/go/1.27.1/x64
dispatch-scale	Run actions/setup-go@v5	2026-10-01T08:20:23.4103764Z Added go to the path
dispatch-scale	Run actions/setup-go@v5	2026-10-01T08:20:23.4106280Z Successfully set up Go version 1.27.1
dispatch-scale	Run actions/setup-go@v5	2026-10-01T08:20:23.4311781Z [command]/opt/hostedtoolcache/go/1.27.1/x64/bin/go env GOMODCACHE
dispatch-scale	Run actions/setup-go@v5	2026-10-01T08:20:23.4344233Z [command]/opt/hostedtoolcache/go/1.27.1/x64/bin/go env GOCACHE
dispatch-scale	Run actions/setup-go@v5	2026-10-01T08:20:23.4378258Z /home/runner/go/pkg/mod
dispatch-scale	Run actions/setup-go@v5	2026-10-01T08:20:23.4399490Z /home/runner/.cache/go-build
dispatch-scale	Run actions/setup-go@v5	2026-10-01T08:20:23.6330164Z Cache hit for: setup-go-Linux-x64-ubuntu24-go-1.27.1-487c2eade748c1cfcd01caf54d154b8f65df65b05311c1ecee4b42fdda97ee43
dispatch-scale	Run actions/setup-go@v5	2026-10-01T08:20:23.6437936Z (node:2224) [DEP0169] DeprecationWarning: `url.parse()` behavior is not standardized and prone to errors that have security implications. Use the WHATWG URL API instead. CVEs are not issued for `url.parse()` vulnerabilities.
dispatch-scale	Run actions/setup-go@v5	2026-10-01T08:20:24.8628157Z Received 46137344 of 189957878 (24.3%), 44.0 MBs/sec
dispatch-scale	Run actions/setup-go@v5	2026-10-01T08:20:25.6708157Z Received 189957878 of 189957878 (100.0%), 100.1 MBs/sec
dispatch-scale	Run actions/setup-go@v5	2026-10-01T08:20:25.6708836Z Cache Size: ~181 MB (189957878 B)
dispatch-scale	Run actions/setup-go@v5	2026-10-01T08:20:25.6854742Z [command]/usr/bin/tar -xf /home/runner/work/_temp/8d29f50a-2519-45db-b85a-d64f2bb97d67/cache.tzst -P -C /home/runner/work/js-wf/js-wf --use-compress-program unzstd
dispatch-scale	Run actions/setup-go@v5	2026-10-01T08:20:26.3753632Z Cache restored successfully
dispatch-scale	Run actions/setup-go@v5	2026-10-01T08:20:26.3830383Z Cache restored from key: setup-go-Linux-x64-ubuntu24-go-1.27.1-487c2eade748c1cfcd01caf54d154b8f65df65b05311c1ecee4b42fdda97ee43
dispatch-scale	Run actions/setup-go@v5	2026-10-01T08:20:26.3861846Z go version go1.27.1 linux/amd64
dispatch-scale	Run actions/setup-go@v5	2026-10-01T08:20:26.3862191Z 
dispatch-scale	Run actions/setup-go@v5	2026-10-01T08:20:26.3862889Z ##[group]go env
dispatch-scale	Run actions/setup-go@v5	2026-10-01T08:20:26.8280125Z AR='ar'
dispatch-scale	Run actions/setup-go@v5	2026-10-01T08:20:26.8280893Z CC='gcc'
dispatch-scale	Run actions/setup-go@v5	2026-10-01T08:20:26.8281603Z CGO_CFLAGS='-O2 -g'
dispatch-scale	Run actions/setup-go@v5	2026-10-01T08:20:26.8282050Z CGO_CPPFLAGS=''
dispatch-scale	Run actions/setup-go@v5	2026-10-01T08:20:26.8282903Z CGO_CXXFLAGS='-O2 -g'
dispatch-scale	Run actions/setup-go@v5	2026-10-01T08:20:26.8283274Z CGO_ENABLED='1'
dispatch-scale	Run actions/setup-go@v5	2026-10-01T08:20:26.8283624Z CGO_FFLAGS='-O2 -g'
dispatch-scale	Run actions/setup-go@v5	2026-10-01T08:20:26.8283949Z CGO_LDFLAGS='-O2 -g'
dispatch-scale	Run actions/setup-go@v5	2026-10-01T08:20:26.8284263Z CXX='g++'
dispatch-scale	Run actions/setup-go@v5	2026-10-01T08:20:26.8284600Z GCCGO='gccgo'
dispatch-scale	Run actions/setup-go@v5	2026-10-01T08:20:26.8284940Z GO111MODULE=''
dispatch-scale	Run actions/setup-go@v5	2026-10-01T08:20:26.8285243Z GOAMD64='v1'
dispatch-scale	Run actions/setup-go@v5	2026-10-01T08:20:26.8285570Z GOARCH='amd64'
dispatch-scale	Run actions/setup-go@v5	2026-10-01T08:20:26.8285861Z GOAUTH='netrc'
dispatch-scale	Run actions/setup-go@v5	2026-10-01T08:20:26.8286239Z GOBIN='/home/runner/go/bin'
dispatch-scale	Run actions/setup-go@v5	2026-10-01T08:20:26.8286649Z GOCACHE='/home/runner/.cache/go-build'
dispatch-scale	Run actions/setup-go@v5	2026-10-01T08:20:26.8287025Z GOCACHEPROG=''
dispatch-scale	Run actions/setup-go@v5	2026-10-01T08:20:26.8287339Z GODEBUG=''
dispatch-scale	Run actions/setup-go@v5	2026-10-01T08:20:26.8287685Z GOENV='/home/runner/.config/go/env'
dispatch-scale	Run actions/setup-go@v5	2026-10-01T08:20:26.8288113Z GOEXE=''
dispatch-scale	Run actions/setup-go@v5	2026-10-01T08:20:26.8288398Z GOEXPERIMENT=''
dispatch-scale	Run actions/setup-go@v5	2026-10-01T08:20:26.8288738Z GOFIPS140='off'
dispatch-scale	Run actions/setup-go@v5	2026-10-01T08:20:26.8289039Z GOFLAGS=''
dispatch-scale	Run actions/setup-go@v5	2026-10-01T08:20:26.8289829Z GOGCCFLAGS='-fPIC -m64 -pthread -Wl,--no-gc-sections -fmessage-length=0 -ffile-prefix-map=/tmp/go-build2846781224=/tmp/go-build -gno-record-gcc-switches'
dispatch-scale	Run actions/setup-go@v5	2026-10-01T08:20:26.8290951Z GOHOSTARCH='amd64'
dispatch-scale	Run actions/setup-go@v5	2026-10-01T08:20:26.8291265Z GOHOSTOS='linux'
dispatch-scale	Run actions/setup-go@v5	2026-10-01T08:20:26.8291575Z GOINSECURE=''
dispatch-scale	Run actions/setup-go@v5	2026-10-01T08:20:26.8291963Z GOMOD='/home/runner/work/js-wf/js-wf/go.mod'
dispatch-scale	Run actions/setup-go@v5	2026-10-01T08:20:26.8292569Z GOMODCACHE='/home/runner/go/pkg/mod'
dispatch-scale	Run actions/setup-go@v5	2026-10-01T08:20:26.8293114Z GONOPROXY=''
dispatch-scale	Run actions/setup-go@v5	2026-10-01T08:20:26.8293407Z GONOSUMDB=''
dispatch-scale	Run actions/setup-go@v5	2026-10-01T08:20:26.8293746Z GOOS='linux'
dispatch-scale	Run actions/setup-go@v5	2026-10-01T08:20:26.8294067Z GOPACKAGESDRIVER=''
dispatch-scale	Run actions/setup-go@v5	2026-10-01T08:20:26.8294379Z GOPATH='/home/runner/go'
dispatch-scale	Run actions/setup-go@v5	2026-10-01T08:20:26.8294791Z GOPRIVATE=''
dispatch-scale	Run actions/setup-go@v5	2026-10-01T08:20:26.8295227Z GOPROXY='https://proxy.golang.org,direct'
dispatch-scale	Run actions/setup-go@v5	2026-10-01T08:20:26.8296233Z GOROOT='/opt/hostedtoolcache/go/1.27.1/x64'
dispatch-scale	Run actions/setup-go@v5	2026-10-01T08:20:26.8296671Z GOSUMDB='sum.golang.org'
dispatch-scale	Run actions/setup-go@v5	2026-10-01T08:20:26.8296991Z GOTELEMETRY='local'
dispatch-scale	Run actions/setup-go@v5	2026-10-01T08:20:26.8297416Z GOTELEMETRYDIR='/home/runner/.config/go/telemetry'
dispatch-scale	Run actions/setup-go@v5	2026-10-01T08:20:26.8297819Z GOTMPDIR=''
dispatch-scale	Run actions/setup-go@v5	2026-10-01T08:20:26.8298197Z GOTOOLCHAIN='auto'
dispatch-scale	Run actions/setup-go@v5	2026-10-01T08:20:26.8298645Z GOTOOLDIR='/opt/hostedtoolcache/go/1.27.1/x64/pkg/tool/linux_amd64'
dispatch-scale	Run actions/setup-go@v5	2026-10-01T08:20:26.8299120Z GOVCS=''
dispatch-scale	Run actions/setup-go@v5	2026-10-01T08:20:26.8299468Z GOVERSION='go1.27.1'
dispatch-scale	Run actions/setup-go@v5	2026-10-01T08:20:26.8299801Z GOWORK=''
dispatch-scale	Run actions/setup-go@v5	2026-10-01T08:20:26.8300129Z PKG_CONFIG='pkg-config'
dispatch-scale	Run actions/setup-go@v5	2026-10-01T08:20:26.8300367Z 
dispatch-scale	Run actions/setup-go@v5	2026-10-01T08:20:26.8300803Z ##[endgroup]
dispatch-scale	Run go test ./integration -run '^TestTenThousandShortInvocationsAcrossAllPartitions$' -count=1 -timeout=15m -v	﻿2026-10-01T08:20:26.8575270Z ##[group]Run go test ./integration -run '^TestTenThousandShortInvocationsAcrossAllPartitions$' -count=1 -timeout=15m -v
dispatch-scale	Run go test ./integration -run '^TestTenThousandShortInvocationsAcrossAllPartitions$' -count=1 -timeout=15m -v	2026-10-01T08:20:26.8576389Z ^[[36;1mgo test ./integration -run '^TestTenThousandShortInvocationsAcrossAllPartitions$' -count=1 -timeout=15m -v^[[0m
dispatch-scale	Run go test ./integration -run '^TestTenThousandShortInvocationsAcrossAllPartitions$' -count=1 -timeout=15m -v	2026-10-01T08:20:26.8994028Z shell: /usr/bin/bash -e {0}
dispatch-scale	Run go test ./integration -run '^TestTenThousandShortInvocationsAcrossAllPartitions$' -count=1 -timeout=15m -v	2026-10-01T08:20:26.8994484Z env:
dispatch-scale	Run go test ./integration -run '^TestTenThousandShortInvocationsAcrossAllPartitions$' -count=1 -timeout=15m -v	2026-10-01T08:20:26.8994899Z   WF_DISPATCH_SCALE: 1
dispatch-scale	Run go test ./integration -run '^TestTenThousandShortInvocationsAcrossAllPartitions$' -count=1 -timeout=15m -v	2026-10-01T08:20:26.8995283Z ##[endgroup]
dispatch-scale	Run go test ./integration -run '^TestTenThousandShortInvocationsAcrossAllPartitions$' -count=1 -timeout=15m -v	2026-10-01T08:20:33.5134059Z === RUN   TestTenThousandShortInvocationsAcrossAllPartitions
dispatch-scale	Run go test ./integration -run '^TestTenThousandShortInvocationsAcrossAllPartitions$' -count=1 -timeout=15m -v	2026-10-01T08:20:50.6251998Z     dispatch_scale_test.go:191: invocations=10000 partitions=64 workers=6 start_time=1.62350658s drain_time=10.363602568s handler_calls=10000
dispatch-scale	Run go test ./integration -run '^TestTenThousandShortInvocationsAcrossAllPartitions$' -count=1 -timeout=15m -v	2026-10-01T08:20:51.1281461Z --- PASS: TestTenThousandShortInvocationsAcrossAllPartitions (17.61s)
dispatch-scale	Run go test ./integration -run '^TestTenThousandShortInvocationsAcrossAllPartitions$' -count=1 -timeout=15m -v	2026-10-01T08:20:51.1284240Z PASS
dispatch-scale	Run go test ./integration -run '^TestTenThousandShortInvocationsAcrossAllPartitions$' -count=1 -timeout=15m -v	2026-10-01T08:20:51.1325466Z ok  	js-wf/integration	17.624s
dispatch-scale	Post Run actions/setup-go@v5	﻿2026-10-01T08:20:51.1713503Z Post job cleanup.
dispatch-scale	Post Run actions/setup-go@v5	2026-10-01T08:20:51.2927244Z (node:2634) [DEP0040] DeprecationWarning: The `punycode` module is deprecated. Please use a userland alternative instead.
dispatch-scale	Post Run actions/setup-go@v5	2026-10-01T08:20:51.2928179Z (Use `node --trace-deprecation ...` to show where the warning was created)
dispatch-scale	Post Run actions/setup-go@v5	2026-10-01T08:20:51.3015554Z [command]/opt/hostedtoolcache/go/1.27.1/x64/bin/go env GOMODCACHE
dispatch-scale	Post Run actions/setup-go@v5	2026-10-01T08:20:51.3064736Z [command]/opt/hostedtoolcache/go/1.27.1/x64/bin/go env GOCACHE
dispatch-scale	Post Run actions/setup-go@v5	2026-10-01T08:20:51.3097326Z /home/runner/go/pkg/mod
dispatch-scale	Post Run actions/setup-go@v5	2026-10-01T08:20:51.3132540Z /home/runner/.cache/go-build
dispatch-scale	Post Run actions/setup-go@v5	2026-10-01T08:20:51.3137662Z Cache hit occurred on the primary key setup-go-Linux-x64-ubuntu24-go-1.27.1-487c2eade748c1cfcd01caf54d154b8f65df65b05311c1ecee4b42fdda97ee43, not saving cache.
dispatch-scale	Post Run actions/checkout@v4	﻿2026-10-01T08:20:51.3328642Z Post job cleanup.
dispatch-scale	Post Run actions/checkout@v4	2026-10-01T08:20:51.4212653Z [command]/usr/bin/git version
dispatch-scale	Post Run actions/checkout@v4	2026-10-01T08:20:51.4251426Z git version 2.55.0
dispatch-scale	Post Run actions/checkout@v4	2026-10-01T08:20:51.4287902Z Temporarily overriding HOME='/home/runner/work/_temp/5e7b91cf-b336-4b29-80ca-c5303b05a141' before making global git config changes
dispatch-scale	Post Run actions/checkout@v4	2026-10-01T08:20:51.4289636Z Adding repository directory to the temporary git global config as a safe directory
dispatch-scale	Post Run actions/checkout@v4	2026-10-01T08:20:51.4292611Z [command]/usr/bin/git config --global --add safe.directory /home/runner/work/js-wf/js-wf
dispatch-scale	Post Run actions/checkout@v4	2026-10-01T08:20:51.4331071Z [command]/usr/bin/git config --local --name-only --get-regexp core\.sshCommand
dispatch-scale	Post Run actions/checkout@v4	2026-10-01T08:20:51.4365552Z [command]/usr/bin/git submodule foreach --recursive sh -c "git config --local --name-only --get-regexp 'core\.sshCommand' && git config --local --unset-all 'core.sshCommand' || :"
dispatch-scale	Post Run actions/checkout@v4	2026-10-01T08:20:51.4577399Z [command]/usr/bin/git config --local --name-only --get-regexp http\.https\:\/\/github\.com\/\.extraheader
dispatch-scale	Post Run actions/checkout@v4	2026-10-01T08:20:51.4604730Z http.https://github.com/.extraheader
dispatch-scale	Post Run actions/checkout@v4	2026-10-01T08:20:51.4614596Z [command]/usr/bin/git config --local --unset-all http.https://github.com/.extraheader
dispatch-scale	Post Run actions/checkout@v4	2026-10-01T08:20:51.4680685Z [command]/usr/bin/git submodule foreach --recursive sh -c "git config --local --name-only --get-regexp 'http\.https\:\/\/github\.com\/\.extraheader' && git config --local --unset-all 'http.https://github.com/.extraheader' || :"
dispatch-scale	Post Run actions/checkout@v4	2026-10-01T08:20:51.4972419Z [command]/usr/bin/git config --local --name-only --get-regexp ^includeIf\.gitdir:
dispatch-scale	Post Run actions/checkout@v4	2026-10-01T08:20:51.5007445Z [command]/usr/bin/git submodule foreach --recursive git config --local --show-origin --name-only --get-regexp remote.origin.url
dispatch-scale	Complete job	﻿2026-10-01T08:20:51.5489832Z Cleaning up orphan processes
dispatch-scale	Complete job	2026-10-01T08:20:51.5752816Z ##[warning]Node.js 20 is deprecated. The following actions target Node.js 20 but are being forced to run on Node.js 24: actions/checkout@v4, actions/setup-go@v5. For more information see: https://github.blog/changelog/2025-09-19-deprecation-of-node-20-on-github-actions-runners/
long-journal	Set up job	﻿2026-10-01T08:20:07.1026820Z Current runner version: '2.337.0'
long-journal	Set up job	2026-10-01T08:20:07.1062039Z ##[group]Runner Image Provisioner
long-journal	Set up job	2026-10-01T08:20:07.1063400Z Hosted Compute Agent
long-journal	Set up job	2026-10-01T08:20:07.1064377Z Version: 20260828.587
long-journal	Set up job	2026-10-01T08:20:07.1065797Z Commit: abac92662cab4cc7352de4f9f9d2e2419aad9c29
long-journal	Set up job	2026-10-01T08:20:07.1067056Z Build Date: 2026-08-28T16:44:25Z
long-journal	Set up job	2026-10-01T08:20:07.1068159Z Worker ID: {b1ea8831-fdf5-400e-8dd7-a85f3122dd4a}
long-journal	Set up job	2026-10-01T08:20:07.1069551Z Azure Region: eastus
long-journal	Set up job	2026-10-01T08:20:07.1070630Z ##[endgroup]
long-journal	Set up job	2026-10-01T08:20:07.1072697Z ##[group]Operating System
long-journal	Set up job	2026-10-01T08:20:07.1073931Z Ubuntu
long-journal	Set up job	2026-10-01T08:20:07.1074780Z 24.04.5
long-journal	Set up job	2026-10-01T08:20:07.1076019Z LTS
long-journal	Set up job	2026-10-01T08:20:07.1076892Z ##[endgroup]
long-journal	Set up job	2026-10-01T08:20:07.1077905Z ##[group]Runner Image
long-journal	Set up job	2026-10-01T08:20:07.1078901Z Image: ubuntu-24.04
long-journal	Set up job	2026-10-01T08:20:07.1079804Z Version: 20260920.314.1
long-journal	Set up job	2026-10-01T08:20:07.1081753Z Included Software: https://github.com/actions/runner-images/blob/ubuntu24/20260920.314/images/ubuntu/Ubuntu2404-Readme.md
long-journal	Set up job	2026-10-01T08:20:07.1084798Z Image Release: https://github.com/actions/runner-images/releases/tag/ubuntu24%2F20260920.314
long-journal	Set up job	2026-10-01T08:20:07.1086784Z ##[endgroup]
long-journal	Set up job	2026-10-01T08:20:07.1088838Z ##[group]GITHUB_TOKEN Permissions
long-journal	Set up job	2026-10-01T08:20:07.1091527Z Contents: read
long-journal	Set up job	2026-10-01T08:20:07.1092442Z Metadata: read
long-journal	Set up job	2026-10-01T08:20:07.1093504Z Packages: read
long-journal	Set up job	2026-10-01T08:20:07.1094441Z ##[endgroup]
long-journal	Set up job	2026-10-01T08:20:07.1098243Z Secret source: Actions
long-journal	Set up job	2026-10-01T08:20:07.1099728Z Cache mode: write
long-journal	Set up job	2026-10-01T08:20:07.1101061Z Prepare workflow directory
long-journal	Set up job	2026-10-01T08:20:07.1574307Z Prepare all required actions
long-journal	Set up job	2026-10-01T08:20:07.1646413Z Getting action download info
long-journal	Set up job	2026-10-01T08:20:07.3724148Z Download action repository 'actions/checkout@v4' (SHA:11d5960a326750d5838078e36cf38b85af677262)
long-journal	Set up job	2026-10-01T08:20:07.4822306Z Download action repository 'actions/setup-go@v5' (SHA:40f1582b2485089dde7abd97c1529aa768e1baff)
long-journal	Set up job	2026-10-01T08:20:07.7628005Z Complete job name: long-journal
long-journal	Run actions/checkout@v4	﻿2026-10-01T08:20:07.8376242Z ##[group]Run actions/checkout@v4
long-journal	Run actions/checkout@v4	2026-10-01T08:20:07.8377195Z with:
long-journal	Run actions/checkout@v4	2026-10-01T08:20:07.8377676Z   repository: AntPAllen/js-wf
long-journal	Run actions/checkout@v4	2026-10-01T08:20:07.8381537Z   token: ***
long-journal	Run actions/checkout@v4	2026-10-01T08:20:07.8381997Z   ssh-strict: true
long-journal	Run actions/checkout@v4	2026-10-01T08:20:07.8382453Z   ssh-user: git
long-journal	Run actions/checkout@v4	2026-10-01T08:20:07.8382918Z   persist-credentials: true
long-journal	Run actions/checkout@v4	2026-10-01T08:20:07.8383420Z   clean: true
long-journal	Run actions/checkout@v4	2026-10-01T08:20:07.8383877Z   sparse-checkout-cone-mode: true
long-journal	Run actions/checkout@v4	2026-10-01T08:20:07.8384413Z   fetch-depth: 1
long-journal	Run actions/checkout@v4	2026-10-01T08:20:07.8384847Z   fetch-tags: false
long-journal	Run actions/checkout@v4	2026-10-01T08:20:07.8385477Z   show-progress: true
long-journal	Run actions/checkout@v4	2026-10-01T08:20:07.8385962Z   lfs: false
long-journal	Run actions/checkout@v4	2026-10-01T08:20:07.8386391Z   submodules: false
long-journal	Run actions/checkout@v4	2026-10-01T08:20:07.8386851Z   set-safe-directory: true
long-journal	Run actions/checkout@v4	2026-10-01T08:20:07.8387368Z   allow-unsafe-pr-checkout: false
long-journal	Run actions/checkout@v4	2026-10-01T08:20:07.8388156Z ##[endgroup]
long-journal	Run actions/checkout@v4	2026-10-01T08:20:07.9385831Z Syncing repository: AntPAllen/js-wf
long-journal	Run actions/checkout@v4	2026-10-01T08:20:07.9388364Z ##[group]Getting Git version info
long-journal	Run actions/checkout@v4	2026-10-01T08:20:07.9389672Z Working directory is '/home/runner/work/js-wf/js-wf'
long-journal	Run actions/checkout@v4	2026-10-01T08:20:07.9391316Z [command]/usr/bin/git version
long-journal	Run actions/checkout@v4	2026-10-01T08:20:07.9522360Z git version 2.55.0
long-journal	Run actions/checkout@v4	2026-10-01T08:20:07.9546374Z ##[endgroup]
long-journal	Run actions/checkout@v4	2026-10-01T08:20:07.9566890Z Temporarily overriding HOME='/home/runner/work/_temp/259011b6-51a6-49d0-baf4-49fd740c797a' before making global git config changes
long-journal	Run actions/checkout@v4	2026-10-01T08:20:07.9568882Z Adding repository directory to the temporary git global config as a safe directory
long-journal	Run actions/checkout@v4	2026-10-01T08:20:07.9572740Z [command]/usr/bin/git config --global --add safe.directory /home/runner/work/js-wf/js-wf
long-journal	Run actions/checkout@v4	2026-10-01T08:20:07.9644417Z Deleting the contents of '/home/runner/work/js-wf/js-wf'
long-journal	Run actions/checkout@v4	2026-10-01T08:20:07.9654401Z ##[group]Initializing the repository
long-journal	Run actions/checkout@v4	2026-10-01T08:20:07.9664577Z [command]/usr/bin/git init /home/runner/work/js-wf/js-wf
long-journal	Run actions/checkout@v4	2026-10-01T08:20:07.9782227Z hint: Using 'master' as the name for the initial branch. This default branch name
long-journal	Run actions/checkout@v4	2026-10-01T08:20:07.9783511Z hint: will change to "main" in Git 3.0. To configure the initial branch name
long-journal	Run actions/checkout@v4	2026-10-01T08:20:07.9784739Z hint: to use in all of your new repositories, which will suppress this warning,
long-journal	Run actions/checkout@v4	2026-10-01T08:20:07.9786791Z hint: call:
long-journal	Run actions/checkout@v4	2026-10-01T08:20:07.9787851Z hint:
long-journal	Run actions/checkout@v4	2026-10-01T08:20:07.9788827Z hint: 	git config --global init.defaultBranch <name>
long-journal	Run actions/checkout@v4	2026-10-01T08:20:07.9789985Z hint:
long-journal	Run actions/checkout@v4	2026-10-01T08:20:07.9791106Z hint: Names commonly chosen instead of 'master' are 'main', 'trunk' and
long-journal	Run actions/checkout@v4	2026-10-01T08:20:07.9792893Z hint: 'development'. The just-created branch can be renamed via this command:
long-journal	Run actions/checkout@v4	2026-10-01T08:20:07.9794358Z hint:
long-journal	Run actions/checkout@v4	2026-10-01T08:20:07.9795190Z hint: 	git branch -m <name>
long-journal	Run actions/checkout@v4	2026-10-01T08:20:07.9796389Z hint:
long-journal	Run actions/checkout@v4	2026-10-01T08:20:07.9797492Z hint: Disable this message with "git config set advice.defaultBranchName false"
long-journal	Run actions/checkout@v4	2026-10-01T08:20:07.9799252Z Initialized empty Git repository in /home/runner/work/js-wf/js-wf/.git/
long-journal	Run actions/checkout@v4	2026-10-01T08:20:07.9802250Z [command]/usr/bin/git remote add origin https://github.com/AntPAllen/js-wf
long-journal	Run actions/checkout@v4	2026-10-01T08:20:07.9856916Z ##[endgroup]
long-journal	Run actions/checkout@v4	2026-10-01T08:20:07.9858295Z ##[group]Disabling automatic garbage collection
long-journal	Run actions/checkout@v4	2026-10-01T08:20:07.9861084Z [command]/usr/bin/git config --local gc.auto 0
long-journal	Run actions/checkout@v4	2026-10-01T08:20:07.9901016Z ##[endgroup]
long-journal	Run actions/checkout@v4	2026-10-01T08:20:07.9902718Z ##[group]Setting up auth
long-journal	Run actions/checkout@v4	2026-10-01T08:20:07.9909810Z [command]/usr/bin/git config --local --name-only --get-regexp core\.sshCommand
long-journal	Run actions/checkout@v4	2026-10-01T08:20:07.9962995Z [command]/usr/bin/git submodule foreach --recursive sh -c "git config --local --name-only --get-regexp 'core\.sshCommand' && git config --local --unset-all 'core.sshCommand' || :"
long-journal	Run actions/checkout@v4	2026-10-01T08:20:08.0372609Z [command]/usr/bin/git config --local --name-only --get-regexp http\.https\:\/\/github\.com\/\.extraheader
long-journal	Run actions/checkout@v4	2026-10-01T08:20:08.0409550Z [command]/usr/bin/git submodule foreach --recursive sh -c "git config --local --name-only --get-regexp 'http\.https\:\/\/github\.com\/\.extraheader' && git config --local --unset-all 'http.https://github.com/.extraheader' || :"
long-journal	Run actions/checkout@v4	2026-10-01T08:20:08.0642549Z [command]/usr/bin/git config --local --name-only --get-regexp ^includeIf\.gitdir:
long-journal	Run actions/checkout@v4	2026-10-01T08:20:08.0680237Z [command]/usr/bin/git submodule foreach --recursive git config --local --show-origin --name-only --get-regexp remote.origin.url
long-journal	Run actions/checkout@v4	2026-10-01T08:20:08.0913493Z [command]/usr/bin/git config --local http.https://github.com/.extraheader AUTHORIZATION: basic ***
long-journal	Run actions/checkout@v4	2026-10-01T08:20:08.0962528Z ##[endgroup]
long-journal	Run actions/checkout@v4	2026-10-01T08:20:08.0963656Z ##[group]Fetching the repository
long-journal	Run actions/checkout@v4	2026-10-01T08:20:08.0978041Z [command]/usr/bin/git -c protocol.version=2 fetch --no-tags --prune --no-recurse-submodules --depth=1 origin +1bcf5ef52172d76a537911b7975f29c2502fa4b4:refs/remotes/origin/main
long-journal	Run actions/checkout@v4	2026-10-01T08:20:10.9773822Z From https://github.com/AntPAllen/js-wf
long-journal	Run actions/checkout@v4	2026-10-01T08:20:10.9776346Z  * [new ref]         1bcf5ef52172d76a537911b7975f29c2502fa4b4 -> origin/main
long-journal	Run actions/checkout@v4	2026-10-01T08:20:10.9781291Z ##[endgroup]
long-journal	Run actions/checkout@v4	2026-10-01T08:20:10.9783289Z ##[group]Determining the checkout info
long-journal	Run actions/checkout@v4	2026-10-01T08:20:10.9786155Z ##[endgroup]
long-journal	Run actions/checkout@v4	2026-10-01T08:20:10.9792679Z [command]/usr/bin/git sparse-checkout disable
long-journal	Run actions/checkout@v4	2026-10-01T08:20:10.9851134Z [command]/usr/bin/git config --local --unset-all extensions.worktreeConfig
long-journal	Run actions/checkout@v4	2026-10-01T08:20:10.9888598Z ##[group]Checking out the ref
long-journal	Run actions/checkout@v4	2026-10-01T08:20:10.9890617Z [command]/usr/bin/git checkout --progress --force -B main refs/remotes/origin/main
long-journal	Run actions/checkout@v4	2026-10-01T08:20:11.1805749Z Switched to a new branch 'main'
long-journal	Run actions/checkout@v4	2026-10-01T08:20:11.1811104Z branch 'main' set up to track 'origin/main'.
long-journal	Run actions/checkout@v4	2026-10-01T08:20:11.1836475Z ##[endgroup]
long-journal	Run actions/checkout@v4	2026-10-01T08:20:11.1882705Z [command]/usr/bin/git log -1 --format=%H
long-journal	Run actions/checkout@v4	2026-10-01T08:20:11.1909668Z 1bcf5ef52172d76a537911b7975f29c2502fa4b4
long-journal	Run actions/setup-go@v5	﻿2026-10-01T08:20:11.2259914Z ##[group]Run actions/setup-go@v5
long-journal	Run actions/setup-go@v5	2026-10-01T08:20:11.2261168Z with:
long-journal	Run actions/setup-go@v5	2026-10-01T08:20:11.2262135Z   go-version-file: go.mod
long-journal	Run actions/setup-go@v5	2026-10-01T08:20:11.2263247Z   check-latest: false
long-journal	Run actions/setup-go@v5	2026-10-01T08:20:11.2272916Z   token: ***
long-journal	Run actions/setup-go@v5	2026-10-01T08:20:11.2273906Z   cache: true
long-journal	Run actions/setup-go@v5	2026-10-01T08:20:11.2274876Z ##[endgroup]
long-journal	Run actions/setup-go@v5	2026-10-01T08:20:11.3580628Z Setup go version spec 1.27.1
long-journal	Run actions/setup-go@v5	2026-10-01T08:20:11.3593851Z Attempting to download 1.27.1...
long-journal	Run actions/setup-go@v5	2026-10-01T08:20:11.3702136Z (node:2305) [DEP0040] DeprecationWarning: The `punycode` module is deprecated. Please use a userland alternative instead.
long-journal	Run actions/setup-go@v5	2026-10-01T08:20:11.3705652Z (Use `node --trace-deprecation ...` to show where the warning was created)
long-journal	Run actions/setup-go@v5	2026-10-01T08:20:11.8376146Z matching 1.27.1...
long-journal	Run actions/setup-go@v5	2026-10-01T08:20:11.8402882Z Acquiring 1.27.1 from https://github.com/actions/go-versions/releases/download/1.27.1-33583469715/go-1.27.1-linux-x64.tar.gz
long-journal	Run actions/setup-go@v5	2026-10-01T08:20:12.2944250Z Extracting Go...
long-journal	Run actions/setup-go@v5	2026-10-01T08:20:12.3068771Z [command]/usr/bin/tar xz --warning=no-unknown-keyword --overwrite -C /home/runner/work/_temp/714b3fe2-e0bc-4a21-992a-8adccd837a8f -f /home/runner/work/_temp/0cf22a35-38ad-4a5f-aa03-aa00357cb1ae
long-journal	Run actions/setup-go@v5	2026-10-01T08:20:13.9972545Z Successfully extracted go to /home/runner/work/_temp/714b3fe2-e0bc-4a21-992a-8adccd837a8f
long-journal	Run actions/setup-go@v5	2026-10-01T08:20:13.9973263Z Adding to the cache ...
long-journal	Run actions/setup-go@v5	2026-10-01T08:20:19.8501232Z Successfully cached go to /opt/hostedtoolcache/go/1.27.1/x64
long-journal	Run actions/setup-go@v5	2026-10-01T08:20:19.8506098Z Added go to the path
long-journal	Run actions/setup-go@v5	2026-10-01T08:20:19.8508288Z Successfully set up Go version 1.27.1
long-journal	Run actions/setup-go@v5	2026-10-01T08:20:19.8725068Z [command]/opt/hostedtoolcache/go/1.27.1/x64/bin/go env GOMODCACHE
long-journal	Run actions/setup-go@v5	2026-10-01T08:20:19.8766499Z [command]/opt/hostedtoolcache/go/1.27.1/x64/bin/go env GOCACHE
long-journal	Run actions/setup-go@v5	2026-10-01T08:20:19.8805762Z /home/runner/go/pkg/mod
long-journal	Run actions/setup-go@v5	2026-10-01T08:20:19.8825012Z /home/runner/.cache/go-build
long-journal	Run actions/setup-go@v5	2026-10-01T08:20:19.9642930Z Cache hit for: setup-go-Linux-x64-ubuntu24-go-1.27.1-487c2eade748c1cfcd01caf54d154b8f65df65b05311c1ecee4b42fdda97ee43
long-journal	Run actions/setup-go@v5	2026-10-01T08:20:19.9806712Z (node:2305) [DEP0169] DeprecationWarning: `url.parse()` behavior is not standardized and prone to errors that have security implications. Use the WHATWG URL API instead. CVEs are not issued for `url.parse()` vulnerabilities.
long-journal	Run actions/setup-go@v5	2026-10-01T08:20:20.8317743Z Received 189957878 of 189957878 (100.0%), 223.7 MBs/sec
long-journal	Run actions/setup-go@v5	2026-10-01T08:20:20.8318835Z Cache Size: ~181 MB (189957878 B)
long-journal	Run actions/setup-go@v5	2026-10-01T08:20:20.8403709Z [command]/usr/bin/tar -xf /home/runner/work/_temp/a271fb2b-d8cb-4eac-8bc6-b3105aa7b8a8/cache.tzst -P -C /home/runner/work/js-wf/js-wf --use-compress-program unzstd
long-journal	Run actions/setup-go@v5	2026-10-01T08:20:21.8025648Z Cache restored successfully
long-journal	Run actions/setup-go@v5	2026-10-01T08:20:21.8114774Z Cache restored from key: setup-go-Linux-x64-ubuntu24-go-1.27.1-487c2eade748c1cfcd01caf54d154b8f65df65b05311c1ecee4b42fdda97ee43
long-journal	Run actions/setup-go@v5	2026-10-01T08:20:21.8137747Z go version go1.27.1 linux/amd64
long-journal	Run actions/setup-go@v5	2026-10-01T08:20:21.8137980Z 
long-journal	Run actions/setup-go@v5	2026-10-01T08:20:21.8138279Z ##[group]go env
long-journal	Run actions/setup-go@v5	2026-10-01T08:20:21.8286802Z AR='ar'
long-journal	Run actions/setup-go@v5	2026-10-01T08:20:21.8287193Z CC='gcc'
long-journal	Run actions/setup-go@v5	2026-10-01T08:20:21.8287614Z CGO_CFLAGS='-O2 -g'
long-journal	Run actions/setup-go@v5	2026-10-01T08:20:21.8288060Z CGO_CPPFLAGS=''
long-journal	Run actions/setup-go@v5	2026-10-01T08:20:21.8288495Z CGO_CXXFLAGS='-O2 -g'
long-journal	Run actions/setup-go@v5	2026-10-01T08:20:21.8288930Z CGO_ENABLED='1'
long-journal	Run actions/setup-go@v5	2026-10-01T08:20:21.8289298Z CGO_FFLAGS='-O2 -g'
long-journal	Run actions/setup-go@v5	2026-10-01T08:20:21.8289653Z CGO_LDFLAGS='-O2 -g'
long-journal	Run actions/setup-go@v5	2026-10-01T08:20:21.8290024Z CXX='g++'
long-journal	Run actions/setup-go@v5	2026-10-01T08:20:21.8290365Z GCCGO='gccgo'
long-journal	Run actions/setup-go@v5	2026-10-01T08:20:21.8290724Z GO111MODULE=''
long-journal	Run actions/setup-go@v5	2026-10-01T08:20:21.8291072Z GOAMD64='v1'
long-journal	Run actions/setup-go@v5	2026-10-01T08:20:21.8291444Z GOARCH='amd64'
long-journal	Run actions/setup-go@v5	2026-10-01T08:20:21.8291787Z GOAUTH='netrc'
long-journal	Run actions/setup-go@v5	2026-10-01T08:20:21.8292237Z GOBIN='/home/runner/go/bin'
long-journal	Run actions/setup-go@v5	2026-10-01T08:20:21.8292671Z GOCACHE='/home/runner/.cache/go-build'
long-journal	Run actions/setup-go@v5	2026-10-01T08:20:21.8293115Z GOCACHEPROG=''
long-journal	Run actions/setup-go@v5	2026-10-01T08:20:21.8293435Z GODEBUG=''
long-journal	Run actions/setup-go@v5	2026-10-01T08:20:21.8293804Z GOENV='/home/runner/.config/go/env'
long-journal	Run actions/setup-go@v5	2026-10-01T08:20:21.8294224Z GOEXE=''
long-journal	Run actions/setup-go@v5	2026-10-01T08:20:21.8294537Z GOEXPERIMENT=''
long-journal	Run actions/setup-go@v5	2026-10-01T08:20:21.8294865Z GOFIPS140='off'
long-journal	Run actions/setup-go@v5	2026-10-01T08:20:21.8295182Z GOFLAGS=''
long-journal	Run actions/setup-go@v5	2026-10-01T08:20:21.8296505Z GOGCCFLAGS='-fPIC -m64 -pthread -Wl,--no-gc-sections -fmessage-length=0 -ffile-prefix-map=/tmp/go-build348028336=/tmp/go-build -gno-record-gcc-switches'
long-journal	Run actions/setup-go@v5	2026-10-01T08:20:21.8298026Z GOHOSTARCH='amd64'
long-journal	Run actions/setup-go@v5	2026-10-01T08:20:21.8298461Z GOHOSTOS='linux'
long-journal	Run actions/setup-go@v5	2026-10-01T08:20:21.8298796Z GOINSECURE=''
long-journal	Run actions/setup-go@v5	2026-10-01T08:20:21.8299200Z GOMOD='/home/runner/work/js-wf/js-wf/go.mod'
long-journal	Run actions/setup-go@v5	2026-10-01T08:20:21.8299712Z GOMODCACHE='/home/runner/go/pkg/mod'
long-journal	Run actions/setup-go@v5	2026-10-01T08:20:21.8300141Z GONOPROXY=''
long-journal	Run actions/setup-go@v5	2026-10-01T08:20:21.8300453Z GONOSUMDB=''
long-journal	Run actions/setup-go@v5	2026-10-01T08:20:21.8300777Z GOOS='linux'
long-journal	Run actions/setup-go@v5	2026-10-01T08:20:21.8393357Z GOPACKAGESDRIVER=''
long-journal	Run actions/setup-go@v5	2026-10-01T08:20:21.8393839Z GOPATH='/home/runner/go'
long-journal	Run actions/setup-go@v5	2026-10-01T08:20:21.8394275Z GOPRIVATE=''
long-journal	Run actions/setup-go@v5	2026-10-01T08:20:21.8394825Z GOPROXY='https://proxy.golang.org,direct'
long-journal	Run actions/setup-go@v5	2026-10-01T08:20:21.8395852Z GOROOT='/opt/hostedtoolcache/go/1.27.1/x64'
long-journal	Run actions/setup-go@v5	2026-10-01T08:20:21.8396365Z GOSUMDB='sum.golang.org'
long-journal	Run actions/setup-go@v5	2026-10-01T08:20:21.8396744Z GOTELEMETRY='local'
long-journal	Run actions/setup-go@v5	2026-10-01T08:20:21.8397208Z GOTELEMETRYDIR='/home/runner/.config/go/telemetry'
long-journal	Run actions/setup-go@v5	2026-10-01T08:20:21.8397793Z GOTMPDIR=''
long-journal	Run actions/setup-go@v5	2026-10-01T08:20:21.8398194Z GOTOOLCHAIN='auto'
long-journal	Run actions/setup-go@v5	2026-10-01T08:20:21.8398720Z GOTOOLDIR='/opt/hostedtoolcache/go/1.27.1/x64/pkg/tool/linux_amd64'
long-journal	Run actions/setup-go@v5	2026-10-01T08:20:21.8399321Z GOVCS=''
long-journal	Run actions/setup-go@v5	2026-10-01T08:20:21.8399657Z GOVERSION='go1.27.1'
long-journal	Run actions/setup-go@v5	2026-10-01T08:20:21.8400011Z GOWORK=''
long-journal	Run actions/setup-go@v5	2026-10-01T08:20:21.8400324Z PKG_CONFIG='pkg-config'
long-journal	Run actions/setup-go@v5	2026-10-01T08:20:21.8400548Z 
long-journal	Run actions/setup-go@v5	2026-10-01T08:20:21.8400963Z ##[endgroup]
long-journal	Run go test ./integration -run '^(TestFiveThousandEntriesWithRepeatedSnapshots|TestJournalMaxEntriesBoundary)$' -count=1 -timeout=25m	﻿2026-10-01T08:20:21.8537880Z ##[group]Run go test ./integration -run '^(TestFiveThousandEntriesWithRepeatedSnapshots|TestJournalMaxEntriesBoundary)$' -count=1 -timeout=25m
long-journal	Run go test ./integration -run '^(TestFiveThousandEntriesWithRepeatedSnapshots|TestJournalMaxEntriesBoundary)$' -count=1 -timeout=25m	2026-10-01T08:20:21.8539062Z ^[[36;1mgo test ./integration -run '^(TestFiveThousandEntriesWithRepeatedSnapshots|TestJournalMaxEntriesBoundary)$' -count=1 -timeout=25m^[[0m
long-journal	Run go test ./integration -run '^(TestFiveThousandEntriesWithRepeatedSnapshots|TestJournalMaxEntriesBoundary)$' -count=1 -timeout=25m	2026-10-01T08:20:21.8842917Z shell: /usr/bin/bash -e {0}
long-journal	Run go test ./integration -run '^(TestFiveThousandEntriesWithRepeatedSnapshots|TestJournalMaxEntriesBoundary)$' -count=1 -timeout=25m	2026-10-01T08:20:21.8843257Z env:
long-journal	Run go test ./integration -run '^(TestFiveThousandEntriesWithRepeatedSnapshots|TestJournalMaxEntriesBoundary)$' -count=1 -timeout=25m	2026-10-01T08:20:21.8843486Z   WF_LONG_TEST: 1
long-journal	Run go test ./integration -run '^(TestFiveThousandEntriesWithRepeatedSnapshots|TestJournalMaxEntriesBoundary)$' -count=1 -timeout=25m	2026-10-01T08:20:21.8843743Z   WF_JOURNAL_BOUNDARY: 1
long-journal	Run go test ./integration -run '^(TestFiveThousandEntriesWithRepeatedSnapshots|TestJournalMaxEntriesBoundary)$' -count=1 -timeout=25m	2026-10-01T08:20:21.8844016Z ##[endgroup]
long-journal	Run go test ./integration -run '^(TestFiveThousandEntriesWithRepeatedSnapshots|TestJournalMaxEntriesBoundary)$' -count=1 -timeout=25m	2026-10-01T08:21:52.0044062Z ok  	js-wf/integration	83.219s
long-journal	Post Run actions/setup-go@v5	﻿2026-10-01T08:21:52.0603541Z Post job cleanup.
long-journal	Post Run actions/setup-go@v5	2026-10-01T08:21:52.1800610Z (node:2630) [DEP0040] DeprecationWarning: The `punycode` module is deprecated. Please use a userland alternative instead.
long-journal	Post Run actions/setup-go@v5	2026-10-01T08:21:52.1802159Z (Use `node --trace-deprecation ...` to show where the warning was created)
long-journal	Post Run actions/setup-go@v5	2026-10-01T08:21:52.1894352Z [command]/opt/hostedtoolcache/go/1.27.1/x64/bin/go env GOMODCACHE
long-journal	Post Run actions/setup-go@v5	2026-10-01T08:21:52.1941261Z [command]/opt/hostedtoolcache/go/1.27.1/x64/bin/go env GOCACHE
long-journal	Post Run actions/setup-go@v5	2026-10-01T08:21:52.1972674Z /home/runner/go/pkg/mod
long-journal	Post Run actions/setup-go@v5	2026-10-01T08:21:52.2001315Z /home/runner/.cache/go-build
long-journal	Post Run actions/setup-go@v5	2026-10-01T08:21:52.2009358Z Cache hit occurred on the primary key setup-go-Linux-x64-ubuntu24-go-1.27.1-487c2eade748c1cfcd01caf54d154b8f65df65b05311c1ecee4b42fdda97ee43, not saving cache.
long-journal	Post Run actions/checkout@v4	﻿2026-10-01T08:21:52.2229234Z Post job cleanup.
long-journal	Post Run actions/checkout@v4	2026-10-01T08:21:52.3093671Z [command]/usr/bin/git version
long-journal	Post Run actions/checkout@v4	2026-10-01T08:21:52.3156168Z git version 2.55.0
long-journal	Post Run actions/checkout@v4	2026-10-01T08:21:52.3183807Z Temporarily overriding HOME='/home/runner/work/_temp/a44015a9-9dad-44e1-b626-0354ba7460b7' before making global git config changes
long-journal	Post Run actions/checkout@v4	2026-10-01T08:21:52.3185717Z Adding repository directory to the temporary git global config as a safe directory
long-journal	Post Run actions/checkout@v4	2026-10-01T08:21:52.3189579Z [command]/usr/bin/git config --global --add safe.directory /home/runner/work/js-wf/js-wf
long-journal	Post Run actions/checkout@v4	2026-10-01T08:21:52.3230330Z [command]/usr/bin/git config --local --name-only --get-regexp core\.sshCommand
long-journal	Post Run actions/checkout@v4	2026-10-01T08:21:52.3268486Z [command]/usr/bin/git submodule foreach --recursive sh -c "git config --local --name-only --get-regexp 'core\.sshCommand' && git config --local --unset-all 'core.sshCommand' || :"
long-journal	Post Run actions/checkout@v4	2026-10-01T08:21:52.3526354Z [command]/usr/bin/git config --local --name-only --get-regexp http\.https\:\/\/github\.com\/\.extraheader
long-journal	Post Run actions/checkout@v4	2026-10-01T08:21:52.3554446Z http.https://github.com/.extraheader
long-journal	Post Run actions/checkout@v4	2026-10-01T08:21:52.3567405Z [command]/usr/bin/git config --local --unset-all http.https://github.com/.extraheader
long-journal	Post Run actions/checkout@v4	2026-10-01T08:21:52.3604547Z [command]/usr/bin/git submodule foreach --recursive sh -c "git config --local --name-only --get-regexp 'http\.https\:\/\/github\.com\/\.extraheader' && git config --local --unset-all 'http.https://github.com/.extraheader' || :"
long-journal	Post Run actions/checkout@v4	2026-10-01T08:21:52.3917546Z [command]/usr/bin/git config --local --name-only --get-regexp ^includeIf\.gitdir:
long-journal	Post Run actions/checkout@v4	2026-10-01T08:21:52.3959978Z [command]/usr/bin/git submodule foreach --recursive git config --local --show-origin --name-only --get-regexp remote.origin.url
long-journal	Complete job	﻿2026-10-01T08:21:52.4361238Z Cleaning up orphan processes
long-journal	Complete job	2026-10-01T08:21:52.4656936Z ##[warning]Node.js 20 is deprecated. The following actions target Node.js 20 but are being forced to run on Node.js 24: actions/checkout@v4, actions/setup-go@v5. For more information see: https://github.blog/changelog/2025-09-19-deprecation-of-node-20-on-github-actions-runners/
cluster-rebalance-combined	Set up job	﻿2026-10-01T08:20:07.2570272Z Current runner version: '2.337.0'
cluster-rebalance-combined	Set up job	2026-10-01T08:20:07.2586947Z ##[group]Runner Image Provisioner
cluster-rebalance-combined	Set up job	2026-10-01T08:20:07.2587456Z Hosted Compute Agent
cluster-rebalance-combined	Set up job	2026-10-01T08:20:07.2587786Z Version: 20260901.588
cluster-rebalance-combined	Set up job	2026-10-01T08:20:07.2588278Z Commit: f88ec8081b781fac6c440065ac7ff9e710ce3d0b
cluster-rebalance-combined	Set up job	2026-10-01T08:20:07.2588717Z Build Date: 2026-09-01T19:56:44Z
cluster-rebalance-combined	Set up job	2026-10-01T08:20:07.2589138Z Worker ID: {6ff36c6f-6efa-402c-aecb-29ba71d0557b}
cluster-rebalance-combined	Set up job	2026-10-01T08:20:07.2589537Z Azure Region: westus3
cluster-rebalance-combined	Set up job	2026-10-01T08:20:07.2589862Z ##[endgroup]
cluster-rebalance-combined	Set up job	2026-10-01T08:20:07.2590845Z ##[group]Operating System
cluster-rebalance-combined	Set up job	2026-10-01T08:20:07.2591191Z Ubuntu
cluster-rebalance-combined	Set up job	2026-10-01T08:20:07.2591522Z 24.04.5
cluster-rebalance-combined	Set up job	2026-10-01T08:20:07.2591833Z LTS
cluster-rebalance-combined	Set up job	2026-10-01T08:20:07.2592166Z ##[endgroup]
cluster-rebalance-combined	Set up job	2026-10-01T08:20:07.2592518Z ##[group]Runner Image
cluster-rebalance-combined	Set up job	2026-10-01T08:20:07.2592883Z Image: ubuntu-24.04
cluster-rebalance-combined	Set up job	2026-10-01T08:20:07.2593378Z Version: 20260927.320.1
cluster-rebalance-combined	Set up job	2026-10-01T08:20:07.2593982Z Included Software: https://github.com/actions/runner-images/blob/ubuntu24/20260927.320/images/ubuntu/Ubuntu2404-Readme.md
cluster-rebalance-combined	Set up job	2026-10-01T08:20:07.2595034Z Image Release: https://github.com/actions/runner-images/releases/tag/ubuntu24%2F20260927.320
cluster-rebalance-combined	Set up job	2026-10-01T08:20:07.2595575Z ##[endgroup]
cluster-rebalance-combined	Set up job	2026-10-01T08:20:07.2596263Z ##[group]GITHUB_TOKEN Permissions
cluster-rebalance-combined	Set up job	2026-10-01T08:20:07.2597559Z Contents: read
cluster-rebalance-combined	Set up job	2026-10-01T08:20:07.2597927Z Metadata: read
cluster-rebalance-combined	Set up job	2026-10-01T08:20:07.2598266Z Packages: read
cluster-rebalance-combined	Set up job	2026-10-01T08:20:07.2598590Z ##[endgroup]
cluster-rebalance-combined	Set up job	2026-10-01T08:20:07.2599833Z Secret source: Actions
cluster-rebalance-combined	Set up job	2026-10-01T08:20:07.2600396Z Cache mode: write
cluster-rebalance-combined	Set up job	2026-10-01T08:20:07.2600836Z Prepare workflow directory
cluster-rebalance-combined	Set up job	2026-10-01T08:20:07.2886229Z Prepare all required actions
cluster-rebalance-combined	Set up job	2026-10-01T08:20:07.2917566Z Getting action download info
cluster-rebalance-combined	Set up job	2026-10-01T08:20:07.6086850Z Download action repository 'actions/checkout@v4' (SHA:11d5960a326750d5838078e36cf38b85af677262)
cluster-rebalance-combined	Set up job	2026-10-01T08:20:07.9579354Z Download action repository 'actions/setup-go@v5' (SHA:40f1582b2485089dde7abd97c1529aa768e1baff)
cluster-rebalance-combined	Set up job	2026-10-01T08:20:09.2358684Z Complete job name: cluster-rebalance-combined
cluster-rebalance-combined	Run actions/checkout@v4	﻿2026-10-01T08:20:09.2838504Z ##[group]Run actions/checkout@v4
cluster-rebalance-combined	Run actions/checkout@v4	2026-10-01T08:20:09.2838825Z with:
cluster-rebalance-combined	Run actions/checkout@v4	2026-10-01T08:20:09.2838983Z   repository: AntPAllen/js-wf
cluster-rebalance-combined	Run actions/checkout@v4	2026-10-01T08:20:09.2840601Z   token: ***
cluster-rebalance-combined	Run actions/checkout@v4	2026-10-01T08:20:09.2840746Z   ssh-strict: true
cluster-rebalance-combined	Run actions/checkout@v4	2026-10-01T08:20:09.2840894Z   ssh-user: git
cluster-rebalance-combined	Run actions/checkout@v4	2026-10-01T08:20:09.2841045Z   persist-credentials: true
cluster-rebalance-combined	Run actions/checkout@v4	2026-10-01T08:20:09.2841205Z   clean: true
cluster-rebalance-combined	Run actions/checkout@v4	2026-10-01T08:20:09.2841358Z   sparse-checkout-cone-mode: true
cluster-rebalance-combined	Run actions/checkout@v4	2026-10-01T08:20:09.2841531Z   fetch-depth: 1
cluster-rebalance-combined	Run actions/checkout@v4	2026-10-01T08:20:09.2841679Z   fetch-tags: false
cluster-rebalance-combined	Run actions/checkout@v4	2026-10-01T08:20:09.2841826Z   show-progress: true
cluster-rebalance-combined	Run actions/checkout@v4	2026-10-01T08:20:09.2841990Z   lfs: false
cluster-rebalance-combined	Run actions/checkout@v4	2026-10-01T08:20:09.2842130Z   submodules: false
cluster-rebalance-combined	Run actions/checkout@v4	2026-10-01T08:20:09.2842278Z   set-safe-directory: true
cluster-rebalance-combined	Run actions/checkout@v4	2026-10-01T08:20:09.2842448Z   allow-unsafe-pr-checkout: false
cluster-rebalance-combined	Run actions/checkout@v4	2026-10-01T08:20:09.2842681Z ##[endgroup]
cluster-rebalance-combined	Run actions/checkout@v4	2026-10-01T08:20:09.3449543Z Syncing repository: AntPAllen/js-wf
cluster-rebalance-combined	Run actions/checkout@v4	2026-10-01T08:20:09.3450615Z ##[group]Getting Git version info
cluster-rebalance-combined	Run actions/checkout@v4	2026-10-01T08:20:09.3450855Z Working directory is '/home/runner/work/js-wf/js-wf'
cluster-rebalance-combined	Run actions/checkout@v4	2026-10-01T08:20:09.3451300Z [command]/usr/bin/git version
cluster-rebalance-combined	Run actions/checkout@v4	2026-10-01T08:20:09.3510698Z git version 2.55.0
cluster-rebalance-combined	Run actions/checkout@v4	2026-10-01T08:20:09.3523431Z ##[endgroup]
cluster-rebalance-combined	Run actions/checkout@v4	2026-10-01T08:20:09.3533912Z Temporarily overriding HOME='/home/runner/work/_temp/c6e69e48-a29b-4072-938a-3e32933aad8a' before making global git config changes
cluster-rebalance-combined	Run actions/checkout@v4	2026-10-01T08:20:09.3535006Z Adding repository directory to the temporary git global config as a safe directory
cluster-rebalance-combined	Run actions/checkout@v4	2026-10-01T08:20:09.3537588Z [command]/usr/bin/git config --global --add safe.directory /home/runner/work/js-wf/js-wf
cluster-rebalance-combined	Run actions/checkout@v4	2026-10-01T08:20:09.3667582Z Deleting the contents of '/home/runner/work/js-wf/js-wf'
cluster-rebalance-combined	Run actions/checkout@v4	2026-10-01T08:20:09.3670850Z ##[group]Initializing the repository
cluster-rebalance-combined	Run actions/checkout@v4	2026-10-01T08:20:09.3674262Z [command]/usr/bin/git init /home/runner/work/js-wf/js-wf
cluster-rebalance-combined	Run actions/checkout@v4	2026-10-01T08:20:09.3874304Z hint: Using 'master' as the name for the initial branch. This default branch name
cluster-rebalance-combined	Run actions/checkout@v4	2026-10-01T08:20:09.3874811Z hint: will change to "main" in Git 3.0. To configure the initial branch name
cluster-rebalance-combined	Run actions/checkout@v4	2026-10-01T08:20:09.3875361Z hint: to use in all of your new repositories, which will suppress this warning,
cluster-rebalance-combined	Run actions/checkout@v4	2026-10-01T08:20:09.3875601Z hint: call:
cluster-rebalance-combined	Run actions/checkout@v4	2026-10-01T08:20:09.3876151Z hint:
cluster-rebalance-combined	Run actions/checkout@v4	2026-10-01T08:20:09.3876464Z hint: 	git config --global init.defaultBranch <name>
cluster-rebalance-combined	Run actions/checkout@v4	2026-10-01T08:20:09.3876770Z hint:
cluster-rebalance-combined	Run actions/checkout@v4	2026-10-01T08:20:09.3877058Z hint: Names commonly chosen instead of 'master' are 'main', 'trunk' and
cluster-rebalance-combined	Run actions/checkout@v4	2026-10-01T08:20:09.3877404Z hint: 'development'. The just-created branch can be renamed via this command:
cluster-rebalance-combined	Run actions/checkout@v4	2026-10-01T08:20:09.3877636Z hint:
cluster-rebalance-combined	Run actions/checkout@v4	2026-10-01T08:20:09.3877781Z hint: 	git branch -m <name>
cluster-rebalance-combined	Run actions/checkout@v4	2026-10-01T08:20:09.3877937Z hint:
cluster-rebalance-combined	Run actions/checkout@v4	2026-10-01T08:20:09.3878167Z hint: Disable this message with "git config set advice.defaultBranchName false"
cluster-rebalance-combined	Run actions/checkout@v4	2026-10-01T08:20:09.3878502Z Initialized empty Git repository in /home/runner/work/js-wf/js-wf/.git/
cluster-rebalance-combined	Run actions/checkout@v4	2026-10-01T08:20:09.3885266Z [command]/usr/bin/git remote add origin https://github.com/AntPAllen/js-wf
cluster-rebalance-combined	Run actions/checkout@v4	2026-10-01T08:20:09.3969088Z ##[endgroup]
cluster-rebalance-combined	Run actions/checkout@v4	2026-10-01T08:20:09.3969396Z ##[group]Disabling automatic garbage collection
cluster-rebalance-combined	Run actions/checkout@v4	2026-10-01T08:20:09.3971594Z [command]/usr/bin/git config --local gc.auto 0
cluster-rebalance-combined	Run actions/checkout@v4	2026-10-01T08:20:09.4065115Z ##[endgroup]
cluster-rebalance-combined	Run actions/checkout@v4	2026-10-01T08:20:09.4065385Z ##[group]Setting up auth
cluster-rebalance-combined	Run actions/checkout@v4	2026-10-01T08:20:09.4069949Z [command]/usr/bin/git config --local --name-only --get-regexp core\.sshCommand
cluster-rebalance-combined	Run actions/checkout@v4	2026-10-01T08:20:09.4094782Z [command]/usr/bin/git submodule foreach --recursive sh -c "git config --local --name-only --get-regexp 'core\.sshCommand' && git config --local --unset-all 'core.sshCommand' || :"
cluster-rebalance-combined	Run actions/checkout@v4	2026-10-01T08:20:09.4364913Z [command]/usr/bin/git config --local --name-only --get-regexp http\.https\:\/\/github\.com\/\.extraheader
cluster-rebalance-combined	Run actions/checkout@v4	2026-10-01T08:20:09.4390307Z [command]/usr/bin/git submodule foreach --recursive sh -c "git config --local --name-only --get-regexp 'http\.https\:\/\/github\.com\/\.extraheader' && git config --local --unset-all 'http.https://github.com/.extraheader' || :"
cluster-rebalance-combined	Run actions/checkout@v4	2026-10-01T08:20:09.4557827Z [command]/usr/bin/git config --local --name-only --get-regexp ^includeIf\.gitdir:
cluster-rebalance-combined	Run actions/checkout@v4	2026-10-01T08:20:09.4583959Z [command]/usr/bin/git submodule foreach --recursive git config --local --show-origin --name-only --get-regexp remote.origin.url
cluster-rebalance-combined	Run actions/checkout@v4	2026-10-01T08:20:09.4746876Z [command]/usr/bin/git config --local http.https://github.com/.extraheader AUTHORIZATION: basic ***
cluster-rebalance-combined	Run actions/checkout@v4	2026-10-01T08:20:09.5155365Z ##[endgroup]
cluster-rebalance-combined	Run actions/checkout@v4	2026-10-01T08:20:09.5155847Z ##[group]Fetching the repository
cluster-rebalance-combined	Run actions/checkout@v4	2026-10-01T08:20:09.5161321Z [command]/usr/bin/git -c protocol.version=2 fetch --no-tags --prune --no-recurse-submodules --depth=1 origin +1bcf5ef52172d76a537911b7975f29c2502fa4b4:refs/remotes/origin/main
cluster-rebalance-combined	Run actions/checkout@v4	2026-10-01T08:20:11.3079627Z From https://github.com/AntPAllen/js-wf
cluster-rebalance-combined	Run actions/checkout@v4	2026-10-01T08:20:11.3080082Z  * [new ref]         1bcf5ef52172d76a537911b7975f29c2502fa4b4 -> origin/main
cluster-rebalance-combined	Run actions/checkout@v4	2026-10-01T08:20:11.3082924Z ##[endgroup]
cluster-rebalance-combined	Run actions/checkout@v4	2026-10-01T08:20:11.3083743Z ##[group]Determining the checkout info
cluster-rebalance-combined	Run actions/checkout@v4	2026-10-01T08:20:11.3085543Z ##[endgroup]
cluster-rebalance-combined	Run actions/checkout@v4	2026-10-01T08:20:11.3090895Z [command]/usr/bin/git sparse-checkout disable
cluster-rebalance-combined	Run actions/checkout@v4	2026-10-01T08:20:11.3141278Z [command]/usr/bin/git config --local --unset-all extensions.worktreeConfig
cluster-rebalance-combined	Run actions/checkout@v4	2026-10-01T08:20:11.3166884Z ##[group]Checking out the ref
cluster-rebalance-combined	Run actions/checkout@v4	2026-10-01T08:20:11.3176533Z [command]/usr/bin/git checkout --progress --force -B main refs/remotes/origin/main
cluster-rebalance-combined	Run actions/checkout@v4	2026-10-01T08:20:11.4532105Z Switched to a new branch 'main'
cluster-rebalance-combined	Run actions/checkout@v4	2026-10-01T08:20:11.4588208Z branch 'main' set up to track 'origin/main'.
cluster-rebalance-combined	Run actions/checkout@v4	2026-10-01T08:20:11.4607566Z ##[endgroup]
cluster-rebalance-combined	Run actions/checkout@v4	2026-10-01T08:20:11.4647663Z [command]/usr/bin/git log -1 --format=%H
cluster-rebalance-combined	Run actions/checkout@v4	2026-10-01T08:20:11.4665751Z 1bcf5ef52172d76a537911b7975f29c2502fa4b4
cluster-rebalance-combined	Run actions/setup-go@v5	﻿2026-10-01T08:20:11.4839065Z ##[group]Run actions/setup-go@v5
cluster-rebalance-combined	Run actions/setup-go@v5	2026-10-01T08:20:11.4839248Z with:
cluster-rebalance-combined	Run actions/setup-go@v5	2026-10-01T08:20:11.4839366Z   go-version-file: go.mod
cluster-rebalance-combined	Run actions/setup-go@v5	2026-10-01T08:20:11.4839494Z   check-latest: false
cluster-rebalance-combined	Run actions/setup-go@v5	2026-10-01T08:20:11.4840977Z   token: ***
cluster-rebalance-combined	Run actions/setup-go@v5	2026-10-01T08:20:11.4841090Z   cache: true
cluster-rebalance-combined	Run actions/setup-go@v5	2026-10-01T08:20:11.4841201Z ##[endgroup]
cluster-rebalance-combined	Run actions/setup-go@v5	2026-10-01T08:20:11.5590536Z Setup go version spec 1.27.1
cluster-rebalance-combined	Run actions/setup-go@v5	2026-10-01T08:20:11.5595974Z Attempting to download 1.27.1...
cluster-rebalance-combined	Run actions/setup-go@v5	2026-10-01T08:20:11.5661878Z (node:2078) [DEP0040] DeprecationWarning: The `punycode` module is deprecated. Please use a userland alternative instead.
cluster-rebalance-combined	Run actions/setup-go@v5	2026-10-01T08:20:11.5662388Z (Use `node --trace-deprecation ...` to show where the warning was created)
cluster-rebalance-combined	Run actions/setup-go@v5	2026-10-01T08:20:12.5454676Z matching 1.27.1...
cluster-rebalance-combined	Run actions/setup-go@v5	2026-10-01T08:20:12.5469250Z Acquiring 1.27.1 from https://github.com/actions/go-versions/releases/download/1.27.1-33583469715/go-1.27.1-linux-x64.tar.gz
cluster-rebalance-combined	Run actions/setup-go@v5	2026-10-01T08:20:13.0693497Z Extracting Go...
cluster-rebalance-combined	Run actions/setup-go@v5	2026-10-01T08:20:13.0770148Z [command]/usr/bin/tar xz --warning=no-unknown-keyword --overwrite -C /home/runner/work/_temp/9291384f-2446-410f-8a82-1fe31cd571bd -f /home/runner/work/_temp/4d8ef024-b83f-4e96-bb31-991631648c74
cluster-rebalance-combined	Run actions/setup-go@v5	2026-10-01T08:20:14.2873452Z Successfully extracted go to /home/runner/work/_temp/9291384f-2446-410f-8a82-1fe31cd571bd
cluster-rebalance-combined	Run actions/setup-go@v5	2026-10-01T08:20:14.2874073Z Adding to the cache ...
cluster-rebalance-combined	Run actions/setup-go@v5	2026-10-01T08:20:19.3904952Z Successfully cached go to /opt/hostedtoolcache/go/1.27.1/x64
cluster-rebalance-combined	Run actions/setup-go@v5	2026-10-01T08:20:19.3906433Z Added go to the path
cluster-rebalance-combined	Run actions/setup-go@v5	2026-10-01T08:20:19.3908074Z Successfully set up Go version 1.27.1
cluster-rebalance-combined	Run actions/setup-go@v5	2026-10-01T08:20:19.4059767Z [command]/opt/hostedtoolcache/go/1.27.1/x64/bin/go env GOMODCACHE
cluster-rebalance-combined	Run actions/setup-go@v5	2026-10-01T08:20:19.4092041Z [command]/opt/hostedtoolcache/go/1.27.1/x64/bin/go env GOCACHE
cluster-rebalance-combined	Run actions/setup-go@v5	2026-10-01T08:20:19.4124400Z /home/runner/go/pkg/mod
cluster-rebalance-combined	Run actions/setup-go@v5	2026-10-01T08:20:19.4136185Z /home/runner/.cache/go-build
cluster-rebalance-combined	Run actions/setup-go@v5	2026-10-01T08:20:19.6078604Z Cache hit for: setup-go-Linux-x64-ubuntu24-go-1.27.1-487c2eade748c1cfcd01caf54d154b8f65df65b05311c1ecee4b42fdda97ee43
cluster-rebalance-combined	Run actions/setup-go@v5	2026-10-01T08:20:19.6140968Z (node:2078) [DEP0169] DeprecationWarning: `url.parse()` behavior is not standardized and prone to errors that have security implications. Use the WHATWG URL API instead. CVEs are not issued for `url.parse()` vulnerabilities.
cluster-rebalance-combined	Run actions/setup-go@v5	2026-10-01T08:20:20.8197849Z Received 67108864 of 189957878 (35.3%), 63.9 MBs/sec
cluster-rebalance-combined	Run actions/setup-go@v5	2026-10-01T08:20:21.8198526Z Received 134217728 of 189957878 (70.7%), 64.0 MBs/sec
cluster-rebalance-combined	Run actions/setup-go@v5	2026-10-01T08:20:22.2855821Z Received 189957878 of 189957878 (100.0%), 73.4 MBs/sec
cluster-rebalance-combined	Run actions/setup-go@v5	2026-10-01T08:20:22.2856510Z Cache Size: ~181 MB (189957878 B)
cluster-rebalance-combined	Run actions/setup-go@v5	2026-10-01T08:20:22.2944630Z [command]/usr/bin/tar -xf /home/runner/work/_temp/1d97ee13-5987-4a51-927a-cb5a765885ba/cache.tzst -P -C /home/runner/work/js-wf/js-wf --use-compress-program unzstd
cluster-rebalance-combined	Run actions/setup-go@v5	2026-10-01T08:20:23.0739074Z Cache restored successfully
cluster-rebalance-combined	Run actions/setup-go@v5	2026-10-01T08:20:23.0815198Z Cache restored from key: setup-go-Linux-x64-ubuntu24-go-1.27.1-487c2eade748c1cfcd01caf54d154b8f65df65b05311c1ecee4b42fdda97ee43
cluster-rebalance-combined	Run actions/setup-go@v5	2026-10-01T08:20:23.0833632Z go version go1.27.1 linux/amd64
cluster-rebalance-combined	Run actions/setup-go@v5	2026-10-01T08:20:23.0833814Z 
cluster-rebalance-combined	Run actions/setup-go@v5	2026-10-01T08:20:23.0834069Z ##[group]go env
cluster-rebalance-combined	Run actions/setup-go@v5	2026-10-01T08:20:23.1418661Z AR='ar'
cluster-rebalance-combined	Run actions/setup-go@v5	2026-10-01T08:20:23.1418881Z CC='gcc'
cluster-rebalance-combined	Run actions/setup-go@v5	2026-10-01T08:20:23.1419058Z CGO_CFLAGS='-O2 -g'
cluster-rebalance-combined	Run actions/setup-go@v5	2026-10-01T08:20:23.1419245Z CGO_CPPFLAGS=''
cluster-rebalance-combined	Run actions/setup-go@v5	2026-10-01T08:20:23.1419431Z CGO_CXXFLAGS='-O2 -g'
cluster-rebalance-combined	Run actions/setup-go@v5	2026-10-01T08:20:23.1419616Z CGO_ENABLED='1'
cluster-rebalance-combined	Run actions/setup-go@v5	2026-10-01T08:20:23.1419793Z CGO_FFLAGS='-O2 -g'
cluster-rebalance-combined	Run actions/setup-go@v5	2026-10-01T08:20:23.1419972Z CGO_LDFLAGS='-O2 -g'
cluster-rebalance-combined	Run actions/setup-go@v5	2026-10-01T08:20:23.1420148Z CXX='g++'
cluster-rebalance-combined	Run actions/setup-go@v5	2026-10-01T08:20:23.1420308Z GCCGO='gccgo'
cluster-rebalance-combined	Run actions/setup-go@v5	2026-10-01T08:20:23.1420496Z GO111MODULE=''
cluster-rebalance-combined	Run actions/setup-go@v5	2026-10-01T08:20:23.1420659Z GOAMD64='v1'
cluster-rebalance-combined	Run actions/setup-go@v5	2026-10-01T08:20:23.1420831Z GOARCH='amd64'
cluster-rebalance-combined	Run actions/setup-go@v5	2026-10-01T08:20:23.1420991Z GOAUTH='netrc'
cluster-rebalance-combined	Run actions/setup-go@v5	2026-10-01T08:20:23.1421168Z GOBIN='/home/runner/go/bin'
cluster-rebalance-combined	Run actions/setup-go@v5	2026-10-01T08:20:23.1421392Z GOCACHE='/home/runner/.cache/go-build'
cluster-rebalance-combined	Run actions/setup-go@v5	2026-10-01T08:20:23.1421619Z GOCACHEPROG=''
cluster-rebalance-combined	Run actions/setup-go@v5	2026-10-01T08:20:23.1421785Z GODEBUG=''
cluster-rebalance-combined	Run actions/setup-go@v5	2026-10-01T08:20:23.1421982Z GOENV='/home/runner/.config/go/env'
cluster-rebalance-combined	Run actions/setup-go@v5	2026-10-01T08:20:23.1422196Z GOEXE=''
cluster-rebalance-combined	Run actions/setup-go@v5	2026-10-01T08:20:23.1422380Z GOEXPERIMENT=''
cluster-rebalance-combined	Run actions/setup-go@v5	2026-10-01T08:20:23.1422549Z GOFIPS140='off'
cluster-rebalance-combined	Run actions/setup-go@v5	2026-10-01T08:20:23.1422966Z GOFLAGS=''
cluster-rebalance-combined	Run actions/setup-go@v5	2026-10-01T08:20:23.1423658Z GOGCCFLAGS='-fPIC -m64 -pthread -Wl,--no-gc-sections -fmessage-length=0 -ffile-prefix-map=/tmp/go-build2256466551=/tmp/go-build -gno-record-gcc-switches'
cluster-rebalance-combined	Run actions/setup-go@v5	2026-10-01T08:20:23.1424214Z GOHOSTARCH='amd64'
cluster-rebalance-combined	Run actions/setup-go@v5	2026-10-01T08:20:23.1424391Z GOHOSTOS='linux'
cluster-rebalance-combined	Run actions/setup-go@v5	2026-10-01T08:20:23.1424563Z GOINSECURE=''
cluster-rebalance-combined	Run actions/setup-go@v5	2026-10-01T08:20:23.1424760Z GOMOD='/home/runner/work/js-wf/js-wf/go.mod'
cluster-rebalance-combined	Run actions/setup-go@v5	2026-10-01T08:20:23.1425191Z GOMODCACHE='/home/runner/go/pkg/mod'
cluster-rebalance-combined	Run actions/setup-go@v5	2026-10-01T08:20:23.1425406Z GONOPROXY=''
cluster-rebalance-combined	Run actions/setup-go@v5	2026-10-01T08:20:23.1425568Z GONOSUMDB=''
cluster-rebalance-combined	Run actions/setup-go@v5	2026-10-01T08:20:23.1425728Z GOOS='linux'
cluster-rebalance-combined	Run actions/setup-go@v5	2026-10-01T08:20:23.1490996Z GOPACKAGESDRIVER=''
cluster-rebalance-combined	Run actions/setup-go@v5	2026-10-01T08:20:23.1491287Z GOPATH='/home/runner/go'
cluster-rebalance-combined	Run actions/setup-go@v5	2026-10-01T08:20:23.1491493Z GOPRIVATE=''
cluster-rebalance-combined	Run actions/setup-go@v5	2026-10-01T08:20:23.1491756Z GOPROXY='https://proxy.golang.org,direct'
cluster-rebalance-combined	Run actions/setup-go@v5	2026-10-01T08:20:23.1492017Z GOROOT='/opt/hostedtoolcache/go/1.27.1/x64'
cluster-rebalance-combined	Run actions/setup-go@v5	2026-10-01T08:20:23.1492218Z GOSUMDB='sum.golang.org'
cluster-rebalance-combined	Run actions/setup-go@v5	2026-10-01T08:20:23.1492362Z GOTELEMETRY='local'
cluster-rebalance-combined	Run actions/setup-go@v5	2026-10-01T08:20:23.1492541Z GOTELEMETRYDIR='/home/runner/.config/go/telemetry'
cluster-rebalance-combined	Run actions/setup-go@v5	2026-10-01T08:20:23.1492719Z GOTMPDIR=''
cluster-rebalance-combined	Run actions/setup-go@v5	2026-10-01T08:20:23.1492831Z GOTOOLCHAIN='auto'
cluster-rebalance-combined	Run actions/setup-go@v5	2026-10-01T08:20:23.1493014Z GOTOOLDIR='/opt/hostedtoolcache/go/1.27.1/x64/pkg/tool/linux_amd64'
cluster-rebalance-combined	Run actions/setup-go@v5	2026-10-01T08:20:23.1493344Z GOVCS=''
cluster-rebalance-combined	Run actions/setup-go@v5	2026-10-01T08:20:23.1493515Z GOVERSION='go1.27.1'
cluster-rebalance-combined	Run actions/setup-go@v5	2026-10-01T08:20:23.1493697Z GOWORK=''
cluster-rebalance-combined	Run actions/setup-go@v5	2026-10-01T08:20:23.1493876Z PKG_CONFIG='pkg-config'
cluster-rebalance-combined	Run actions/setup-go@v5	2026-10-01T08:20:23.1494001Z 
cluster-rebalance-combined	Run actions/setup-go@v5	2026-10-01T08:20:23.1494273Z ##[endgroup]
cluster-rebalance-combined	Rebalance 200 workflows across four combined faults	﻿2026-10-01T08:20:23.1779314Z ##[group]Run WF_REBALANCE_COMBINED_CHAOS=1 go test ./integration -run '^TestTwoHundredWorkflowsRebalanceDuringCombinedFaults$' -count=1 -timeout=7m -v
cluster-rebalance-combined	Rebalance 200 workflows across four combined faults	2026-10-01T08:20:23.1779930Z ^[[36;1mWF_REBALANCE_COMBINED_CHAOS=1 go test ./integration -run '^TestTwoHundredWorkflowsRebalanceDuringCombinedFaults$' -count=1 -timeout=7m -v^[[0m
cluster-rebalance-combined	Rebalance 200 workflows across four combined faults	2026-10-01T08:20:23.2653433Z shell: /usr/bin/bash -e {0}
cluster-rebalance-combined	Rebalance 200 workflows across four combined faults	2026-10-01T08:20:23.2653592Z ##[endgroup]
cluster-rebalance-combined	Rebalance 200 workflows across four combined faults	2026-10-01T08:20:27.3213175Z === RUN   TestTwoHundredWorkflowsRebalanceDuringCombinedFaults
cluster-rebalance-combined	Rebalance 200 workflows across four combined faults	2026-10-01T08:21:58.2939881Z     rebalance_scale_test.go:93: final live-owner rebalance: survivors=[rebalance-2 rebalance-3 rebalance-4 rebalance-5] moves=22
cluster-rebalance-combined	Rebalance 200 workflows across four combined faults	2026-10-01T08:21:58.9402118Z     rebalance_scale_test.go:93: completed=200 moves=68 in_flight_moves=13 kv_leader_killed=false worker_isolated_45s=true worker_killed_and_restarted=false process_killed=true server_routes_isolated_45s=true process_paused_45s=true pause_stale_append=true journal_entries=20400
cluster-rebalance-combined	Rebalance 200 workflows across four combined faults	2026-10-01T08:21:59.3427936Z --- PASS: TestTwoHundredWorkflowsRebalanceDuringCombinedFaults (92.02s)
cluster-rebalance-combined	Rebalance 200 workflows across four combined faults	2026-10-01T08:21:59.3431329Z PASS
cluster-rebalance-combined	Rebalance 200 workflows across four combined faults	2026-10-01T08:21:59.3512303Z ok  	js-wf/integration	92.033s
cluster-rebalance-combined	Post Run actions/setup-go@v5	﻿2026-10-01T08:21:59.3985681Z Post job cleanup.
cluster-rebalance-combined	Post Run actions/setup-go@v5	2026-10-01T08:21:59.4686597Z (node:2442) [DEP0040] DeprecationWarning: The `punycode` module is deprecated. Please use a userland alternative instead.
cluster-rebalance-combined	Post Run actions/setup-go@v5	2026-10-01T08:21:59.4687088Z (Use `node --trace-deprecation ...` to show where the warning was created)
cluster-rebalance-combined	Post Run actions/setup-go@v5	2026-10-01T08:21:59.4724594Z [command]/opt/hostedtoolcache/go/1.27.1/x64/bin/go env GOCACHE
cluster-rebalance-combined	Post Run actions/setup-go@v5	2026-10-01T08:21:59.4757826Z [command]/opt/hostedtoolcache/go/1.27.1/x64/bin/go env GOMODCACHE
cluster-rebalance-combined	Post Run actions/setup-go@v5	2026-10-01T08:21:59.4778273Z /home/runner/.cache/go-build
cluster-rebalance-combined	Post Run actions/setup-go@v5	2026-10-01T08:21:59.4790329Z /home/runner/go/pkg/mod
cluster-rebalance-combined	Post Run actions/setup-go@v5	2026-10-01T08:21:59.4799225Z Cache hit occurred on the primary key setup-go-Linux-x64-ubuntu24-go-1.27.1-487c2eade748c1cfcd01caf54d154b8f65df65b05311c1ecee4b42fdda97ee43, not saving cache.
cluster-rebalance-combined	Post Run actions/checkout@v4	﻿2026-10-01T08:21:59.4942580Z Post job cleanup.
cluster-rebalance-combined	Post Run actions/checkout@v4	2026-10-01T08:21:59.5477150Z [command]/usr/bin/git version
cluster-rebalance-combined	Post Run actions/checkout@v4	2026-10-01T08:21:59.5504054Z git version 2.55.0
cluster-rebalance-combined	Post Run actions/checkout@v4	2026-10-01T08:21:59.5525869Z Temporarily overriding HOME='/home/runner/work/_temp/ad00772e-4b76-4592-af94-90035f59111f' before making global git config changes
cluster-rebalance-combined	Post Run actions/checkout@v4	2026-10-01T08:21:59.5526526Z Adding repository directory to the temporary git global config as a safe directory
cluster-rebalance-combined	Post Run actions/checkout@v4	2026-10-01T08:21:59.5528241Z [command]/usr/bin/git config --global --add safe.directory /home/runner/work/js-wf/js-wf
cluster-rebalance-combined	Post Run actions/checkout@v4	2026-10-01T08:21:59.5555293Z [command]/usr/bin/git config --local --name-only --get-regexp core\.sshCommand
cluster-rebalance-combined	Post Run actions/checkout@v4	2026-10-01T08:21:59.5579854Z [command]/usr/bin/git submodule foreach --recursive sh -c "git config --local --name-only --get-regexp 'core\.sshCommand' && git config --local --unset-all 'core.sshCommand' || :"
cluster-rebalance-combined	Post Run actions/checkout@v4	2026-10-01T08:21:59.5761272Z [command]/usr/bin/git config --local --name-only --get-regexp http\.https\:\/\/github\.com\/\.extraheader
cluster-rebalance-combined	Post Run actions/checkout@v4	2026-10-01T08:21:59.5785151Z http.https://github.com/.extraheader
cluster-rebalance-combined	Post Run actions/checkout@v4	2026-10-01T08:21:59.5798866Z [command]/usr/bin/git config --local --unset-all http.https://github.com/.extraheader
cluster-rebalance-combined	Post Run actions/checkout@v4	2026-10-01T08:21:59.5854125Z [command]/usr/bin/git submodule foreach --recursive sh -c "git config --local --name-only --get-regexp 'http\.https\:\/\/github\.com\/\.extraheader' && git config --local --unset-all 'http.https://github.com/.extraheader' || :"
cluster-rebalance-combined	Post Run actions/checkout@v4	2026-10-01T08:21:59.6016908Z [command]/usr/bin/git config --local --name-only --get-regexp ^includeIf\.gitdir:
cluster-rebalance-combined	Post Run actions/checkout@v4	2026-10-01T08:21:59.6046493Z [command]/usr/bin/git submodule foreach --recursive git config --local --show-origin --name-only --get-regexp remote.origin.url
cluster-rebalance-combined	Complete job	﻿2026-10-01T08:21:59.6328226Z Cleaning up orphan processes
cluster-rebalance-combined	Complete job	2026-10-01T08:21:59.6516319Z ##[warning]Node.js 20 is deprecated. The following actions target Node.js 20 but are being forced to run on Node.js 24: actions/checkout@v4, actions/setup-go@v5. For more information see: https://github.blog/changelog/2025-09-19-deprecation-of-node-20-on-github-actions-runners/
