661424 1790835799.593856 newfstatat(AT_FDCWD</home/exedev/js-wf/integration>, "/tmp/TestMixedWorkflowsRecoverFromFourServerFaults3749442285/001/node-0/jetstream/$G/streams/WF_RUN/obs/WF_P_15/o.dat", {st_mode=S_IFREG|0600, st_size=8, ...}, AT_SYMLINK_NOFOLLOW) = 0 <0.000022>
661424 1790835799.593986 renameat(AT_FDCWD</home/exedev/js-wf/integration>, "/tmp/TestMixedWorkflowsRecoverFromFourServerFaults3749442285/001/node-0/jetstream/$G/streams/WF_RUN/obs/WF_P_15/o.dat.tmp", AT_FDCWD</home/exedev/js-wf/integration>, "/tmp/TestMixedWorkflowsRecoverFromFourServerFaults3749442285/001/node-0/jetstream/$G/streams/WF_RUN/obs/WF_P_15/o.dat") = 0 <0.000099>
661417 1790835799.599072 newfstatat(AT_FDCWD</home/exedev/js-wf/integration>, "/tmp/TestMixedWorkflowsRecoverFromFourServerFaults3749442285/001/node-0/jetstream/$G/streams/WF_RUN/obs/WF_P_51/o.dat", {st_mode=S_IFREG|0600, st_size=8, ...}, AT_SYMLINK_NOFOLLOW) = 0 <0.000016>
661417 1790835799.599168 renameat(AT_FDCWD</home/exedev/js-wf/integration>, "/tmp/TestMixedWorkflowsRecoverFromFourServerFaults3749442285/001/node-0/jetstream/$G/streams/WF_RUN/obs/WF_P_51/o.dat.tmp", AT_FDCWD</home/exedev/js-wf/integration>, "/tmp/TestMixedWorkflowsRecoverFromFourServerFaults3749442285/001/node-0/jetstream/$G/streams/WF_RUN/obs/WF_P_51/o.dat") = 0 <0.000107>
661424 1790835799.610875 --- SIGURG {si_signo=SIGURG, si_code=SI_TKILL, si_pid=661400, si_uid=1000} ---
661424 1790835799.611415 newfstatat(AT_FDCWD</home/exedev/js-wf/integration>, "/tmp/TestMixedWorkflowsRecoverFromFourServerFaults3749442285/001/node-0/jetstream/$G/streams/WF_RUN/obs/WF_P_63/o.dat", {st_mode=S_IFREG|0600, st_size=8, ...}, AT_SYMLINK_NOFOLLOW) = 0 <0.000012>
661424 1790835799.611468 renameat(AT_FDCWD</home/exedev/js-wf/integration>, "/tmp/TestMixedWorkflowsRecoverFromFourServerFaults3749442285/001/node-0/jetstream/$G/streams/WF_RUN/obs/WF_P_63/o.dat.tmp", AT_FDCWD</home/exedev/js-wf/integration>, "/tmp/TestMixedWorkflowsRecoverFromFourServerFaults3749442285/001/node-0/jetstream/$G/streams/WF_RUN/obs/WF_P_63/o.dat") = 0 <0.000119>
661417 1790835799.624316 --- SIGURG {si_signo=SIGURG, si_code=SI_TKILL, si_pid=661400, si_uid=1000} ---
661417 1790835799.624576 newfstatat(AT_FDCWD</home/exedev/js-wf/integration>, "/tmp/TestMixedWorkflowsRecoverFromFourServerFaults3749442285/001/node-0/jetstream/$G/streams/WF_RUN/obs/WF_P_33/o.dat", {st_mode=S_IFREG|0600, st_size=16, ...}, AT_SYMLINK_NOFOLLOW) = 0 <0.000011>
661417 1790835799.624645 renameat(AT_FDCWD</home/exedev/js-wf/integration>, "/tmp/TestMixedWorkflowsRecoverFromFourServerFaults3749442285/001/node-0/jetstream/$G/streams/WF_RUN/obs/WF_P_33/o.dat.tmp", AT_FDCWD</home/exedev/js-wf/integration>, "/tmp/TestMixedWorkflowsRecoverFromFourServerFaults3749442285/001/node-0/jetstream/$G/streams/WF_RUN/obs/WF_P_33/o.dat") = 0 <0.000084>
661424 1790835799.686452 --- SIGURG {si_signo=SIGURG, si_code=SI_TKILL, si_pid=661400, si_uid=1000} ---
661417 1790835799.716042 --- SIGURG {si_signo=SIGURG, si_code=SI_TKILL, si_pid=661400, si_uid=1000} ---
661437 1790835799.727192 newfstatat(AT_FDCWD</home/exedev/js-wf/integration>, "/tmp/TestMixedWorkflowsRecoverFromFourServerFaults3749442285/001/node-0/jetstream/$G/streams/WF_RUN/obs/WF_P_33/o.dat", {st_mode=S_IFREG|0600, st_size=8, ...}, AT_SYMLINK_NOFOLLOW) = 0 <0.000012>
661437 1790835799.727256 renameat(AT_FDCWD</home/exedev/js-wf/integration>, "/tmp/TestMixedWorkflowsRecoverFromFourServerFaults3749442285/001/node-0/jetstream/$G/streams/WF_RUN/obs/WF_P_33/o.dat.tmp", AT_FDCWD</home/exedev/js-wf/integration>, "/tmp/TestMixedWorkflowsRecoverFromFourServerFaults3749442285/001/node-0/jetstream/$G/streams/WF_RUN/obs/WF_P_33/o.dat") = 0 <0.000106>
661422 1790835799.729479 --- SIGURG {si_signo=SIGURG, si_code=SI_TKILL, si_pid=661400, si_uid=1000} ---
661437 1790835800.108149 pwrite64(42</tmp/TestMixedWorkflowsRecoverFromFourServerFaults3749442285/001/node-0/jetstream/$SYS/_js_/C-R3F-GtA4TRr8/msgs/1.blk>, "l\0\0\0\10\0\0\0\0\0\0\0:\362~\4\254S\332\30\0\0000m6vARoZ\1\0"..., 108, 709) = 108 (DELAYED) <0.025015>
661437 1790835800.133417 pwrite64(42</tmp/TestMixedWorkflowsRecoverFromFourServerFaults3749442285/001/node-0/jetstream/$SYS/_js_/C-R3F-GtA4TRr8/msgs/1.blk>, "z\0\0\0\t\0\0\0\0\0\0\0\270\251\0\6\254S\332\30\0\0000m6vARoZ\1\0"..., 122, 817) = 122 (DELAYED) <0.025050>
661437 1790835800.158658 --- SIGURG {si_signo=SIGURG, si_code=SI_TKILL, si_pid=661400, si_uid=1000} ---
661417 1790835800.414265 --- SIGURG {si_signo=SIGURG, si_code=SI_TKILL, si_pid=661400, si_uid=1000} ---
661437 1790835800.459199 pwrite64(49</tmp/TestMixedWorkflowsRecoverFromFourServerFaults3749442285/001/node-0/jetstream/$SYS/_js_/C-R3F-SaO96lab/msgs/1.blk>, "l\0\0\0\7\0\0\0\0\0\0\0`\301k\31\254S\332\30\0\0000m6vARoZ\1\0"..., 108, 636) = 108 (DELAYED) <0.025008>
661437 1790835800.484432 pwrite64(49</tmp/TestMixedWorkflowsRecoverFromFourServerFaults3749442285/001/node-0/jetstream/$SYS/_js_/C-R3F-SaO96lab/msgs/1.blk>, "z\0\0\0\10\0\0\0\0\0\0\0\337\202\354\32\254S\332\30\0\0000m6vARoZ\1\0"..., 122, 744 <unfinished ...>
661422 1790835800.501355 --- SIGURG {si_signo=SIGURG, si_code=SI_TKILL, si_pid=661400, si_uid=1000} ---
661437 1790835800.509815 <... pwrite64 resumed>) = 122 (DELAYED) <0.025336>
661422 1790835800.687369 --- SIGURG {si_signo=SIGURG, si_code=SI_TKILL, si_pid=661400, si_uid=1000} ---
661440 1790835800.923048 --- SIGURG {si_signo=SIGURG, si_code=SI_TKILL, si_pid=661400, si_uid=1000} ---
661424 1790835800.963485 --- SIGURG {si_signo=SIGURG, si_code=SI_TKILL, si_pid=661400, si_uid=1000} ---
661437 1790835801.114308 pwrite64(42</tmp/TestMixedWorkflowsRecoverFromFourServerFaults3749442285/001/node-0/jetstream/$SYS/_js_/C-R3F-GtA4TRr8/msgs/1.blk>, "l\0\0\0\n\0\0\0\0\0\0\0o\267w@\254S\332\30\0\0000m6vARoZ\1\0"..., 108, 939 <unfinished ...>
661440 1790835801.130871 --- SIGURG {si_signo=SIGURG, si_code=SI_TKILL, si_pid=661400, si_uid=1000} ---
661437 1790835801.139351 <... pwrite64 resumed>) = 108 (DELAYED) <0.024986>
661437 1790835801.139470 --- SIGURG {si_signo=SIGURG, si_code=SI_TKILL, si_pid=661400, si_uid=1000} ---
661437 1790835801.139559 pwrite64(42</tmp/TestMixedWorkflowsRecoverFromFourServerFaults3749442285/001/node-0/jetstream/$SYS/_js_/C-R3F-GtA4TRr8/msgs/1.blk>, "l\0\0\0\v\0\0\0\0\0\0\0\375M\371A\254S\332\30\0\0000m6vARoZ\1\0"..., 108, 1047) = 108 (DELAYED) <0.025275>
661437 1790835801.165126 --- SIGURG {si_signo=SIGURG, si_code=SI_TKILL, si_pid=661400, si_uid=1000} ---
661440 1790835801.234541 --- SIGURG {si_signo=SIGURG, si_code=SI_TKILL, si_pid=661400, si_uid=1000} ---
661440 1790835801.460300 pwrite64(49</tmp/TestMixedWorkflowsRecoverFromFourServerFaults3749442285/001/node-0/jetstream/$SYS/_js_/C-R3F-SaO96lab/msgs/1.blk>, "l\0\0\0\t\0\0\0\0\0\0\0\213%\27U\254S\332\30\0\0000m6vARoZ\1\0"..., 108, 866) = 108 (DELAYED) <0.032845>
661440 1790835801.493900 --- SIGURG {si_signo=SIGURG, si_code=SI_TKILL, si_pid=661400, si_uid=1000} ---
661440 1790835801.494908 pwrite64(49</tmp/TestMixedWorkflowsRecoverFromFourServerFaults3749442285/001/node-0/jetstream/$SYS/_js_/C-R3F-SaO96lab/msgs/1.blk>, "l\0\0\0\n\0\0\0\0\0\0\0\312d'W\254S\332\30\0\0000m6vARoZ\1\0"..., 108, 974) = 108 (DELAYED) <0.025048>
661440 1790835801.522124 --- SIGURG {si_signo=SIGURG, si_code=SI_TKILL, si_pid=661400, si_uid=1000} ---
661436 1790835801.593865 --- SIGURG {si_signo=SIGURG, si_code=SI_TKILL, si_pid=661400, si_uid=1000} ---
661437 1790835801.687465 --- SIGURG {si_signo=SIGURG, si_code=SI_TKILL, si_pid=661400, si_uid=1000} ---
661437 1790835801.687588 --- SIGURG {si_signo=SIGURG, si_code=SI_TKILL, si_pid=661400, si_uid=1000} ---
661440 1790835801.898917 pwrite64(39</tmp/TestMixedWorkflowsRecoverFromFourServerFaults3749442285/001/node-0/jetstream/$SYS/_js_/C-R3F-YfBgRsFE/msgs/1.blk>, "[\0\0\0\5\0\0\0\0\0\0\0\"\336;o\254S\332\30\0\0000m6vARoZ\1\0"..., 91, 433) = 91 (DELAYED) <0.024972>
661440 1790835801.924081 --- SIGURG {si_signo=SIGURG, si_code=SI_TKILL, si_pid=661400, si_uid=1000} ---
661436 1790835801.961246 --- SIGURG {si_signo=SIGURG, si_code=SI_TKILL, si_pid=661400, si_uid=1000} ---
661437 1790835801.975127 pwrite64(44</tmp/TestMixedWorkflowsRecoverFromFourServerFaults3749442285/001/node-0/jetstream/$SYS/_js_/C-R3F-MSuCeJue/msgs/1.blk>, "[\0\0\0\5\0\0\0\0\0\0\0\276.\306s\254S\332\30\0\0000m6vARoZ\1\0"..., 91, 433 <unfinished ...>
661436 1790835801.979605 pwrite64(45</tmp/TestMixedWorkflowsRecoverFromFourServerFaults3749442285/001/node-0/jetstream/$SYS/_js_/C-R3F-w2Vf1jql/msgs/1.blk>, "[\0\0\0\5\0\0\0\0\0\0\0t(\vt\254S\332\30\0\0000m6vARoZ\1\0"..., 91, 433 <unfinished ...>
661437 1790835802.000191 <... pwrite64 resumed>) = 91 (DELAYED) <0.024979>
661437 1790835802.000622 --- SIGURG {si_signo=SIGURG, si_code=SI_TKILL, si_pid=661400, si_uid=1000} ---
661436 1790835802.004657 <... pwrite64 resumed>) = 91 (DELAYED) <0.024996>
661436 1790835802.004795 --- SIGURG {si_signo=SIGURG, si_code=SI_TKILL, si_pid=661400, si_uid=1000} ---
661436 1790835802.005337 --- SIGURG {si_signo=SIGURG, si_code=SI_TKILL, si_pid=661400, si_uid=1000} ---
661422 1790835802.116263 pwrite64(42</tmp/TestMixedWorkflowsRecoverFromFourServerFaults3749442285/001/node-0/jetstream/$SYS/_js_/C-R3F-GtA4TRr8/msgs/1.blk>, "l\0\0\0\f\0\0\0\0\0\0\0>70|\254S\332\30\0\0000m6vARoZ\1\0"..., 108, 1155) = 108 (DELAYED) <0.025054>
661422 1790835802.143168 --- SIGURG {si_signo=SIGURG, si_code=SI_TKILL, si_pid=661400, si_uid=1000} ---
661440 1790835802.145638 pwrite64(42</tmp/TestMixedWorkflowsRecoverFromFourServerFaults3749442285/001/node-0/jetstream/$SYS/_js_/C-R3F-GtA4TRr8/msgs/1.blk>, "l\0\0\0\r\0\0\0\0\0\0\0\254\275\360}\254S\332\30\0\0000m6vARoZ\1\0"..., 108, 1263) = 108 (DELAYED) <0.024993>
661440 1790835802.170839 --- SIGURG {si_signo=SIGURG, si_code=SI_TKILL, si_pid=661400, si_uid=1000} ---
661440 1790835802.462486 --- SIGURG {si_signo=SIGURG, si_code=SI_TKILL, si_pid=661400, si_uid=1000} ---
661440 1790835802.462666 pwrite64(49</tmp/TestMixedWorkflowsRecoverFromFourServerFaults3749442285/001/node-0/jetstream/$SYS/_js_/C-R3F-SaO96lab/msgs/1.blk>, "l\0\0\0\v\0\0\0\0\0\0\0\322\340\325\220\254S\332\30\0\0000m6vARoZ\1\0"..., 108, 1082) = 108 (DELAYED) <0.025057>
661440 1790835802.487841 --- SIGURG {si_signo=SIGURG, si_code=SI_TKILL, si_pid=661400, si_uid=1000} ---
661440 1790835802.488032 --- SIGURG {si_signo=SIGURG, si_code=SI_TKILL, si_pid=661400, si_uid=1000} ---
661437 1790835802.490618 pwrite64(49</tmp/TestMixedWorkflowsRecoverFromFourServerFaults3749442285/001/node-0/jetstream/$SYS/_js_/C-R3F-SaO96lab/msgs/1.blk>, "l\0\0\0\f\0\0\0\0\0\0\0\361\363\177\222\254S\332\30\0\0000m6vARoZ\1\0"..., 108, 1190 <unfinished ...>
661440 1790835802.512073 pwrite64(41</tmp/TestMixedWorkflowsRecoverFromFourServerFaults3749442285/001/node-0/jetstream/$SYS/_js_/C-R3F-9oj0nEIt/msgs/1.blk>, "[\0\0\0\n\0\0\0\0\0\0\0\260.\310\223\254S\332\30\0\0000m6vARoZ\1\0"..., 91, 922 <unfinished ...>
661437 1790835802.517684 <... pwrite64 resumed>) = 108 (DELAYED) <0.027022>
661440 1790835802.538814 <... pwrite64 resumed>) = 91 (DELAYED) <0.026677>
661440 1790835802.539318 --- SIGURG {si_signo=SIGURG, si_code=SI_TKILL, si_pid=661400, si_uid=1000} ---
661440 1790835802.846956 newfstatat(AT_FDCWD</home/exedev/js-wf/integration>, "/tmp/TestMixedWorkflowsRecoverFromFourServerFaults3749442285/001/node-0/jetstream/$SYS/_js_/S-R3F-MVWCx6oJ/tav.idx", {st_mode=S_IFREG|0600, st_size=16, ...}, 0) = 0 <0.000020>
661440 1790835802.850494 newfstatat(AT_FDCWD</home/exedev/js-wf/integration>, "/tmp/TestMixedWorkflowsRecoverFromFourServerFaults3749442285/001/node-0/jetstream/$SYS/_js_/S-R3F-MVWCx6oJ/tav.idx", {st_mode=S_IFREG|0600, st_size=16, ...}, AT_SYMLINK_NOFOLLOW) = 0 <0.000015>
661440 1790835802.850550 renameat(AT_FDCWD</home/exedev/js-wf/integration>, "/tmp/TestMixedWorkflowsRecoverFromFourServerFaults3749442285/001/node-0/jetstream/$SYS/_js_/S-R3F-MVWCx6oJ/tav.idx.tmp", AT_FDCWD</home/exedev/js-wf/integration>, "/tmp/TestMixedWorkflowsRecoverFromFourServerFaults3749442285/001/node-0/jetstream/$SYS/_js_/S-R3F-MVWCx6oJ/tav.idx") = 0 <0.001290>
661440 1790835802.853239 newfstatat(AT_FDCWD</home/exedev/js-wf/integration>, "/tmp/TestMixedWorkflowsRecoverFromFourServerFaults3749442285/001/node-0/jetstream/$SYS/_js_/S-R3F-MVWCx6oJ/tav.idx", {st_mode=S_IFREG|0600, st_size=8, ...}, 0) = 0 <0.000012>
661440 1790835802.855368 newfstatat(AT_FDCWD</home/exedev/js-wf/integration>, "/tmp/TestMixedWorkflowsRecoverFromFourServerFaults3749442285/001/node-0/jetstream/$SYS/_js_/S-R3F-MVWCx6oJ/tav.idx", {st_mode=S_IFREG|0600, st_size=8, ...}, AT_SYMLINK_NOFOLLOW) = 0 <0.000014>
661440 1790835802.855438 renameat(AT_FDCWD</home/exedev/js-wf/integration>, "/tmp/TestMixedWorkflowsRecoverFromFourServerFaults3749442285/001/node-0/jetstream/$SYS/_js_/S-R3F-MVWCx6oJ/tav.idx.tmp", AT_FDCWD</home/exedev/js-wf/integration>, "/tmp/TestMixedWorkflowsRecoverFromFourServerFaults3749442285/001/node-0/jetstream/$SYS/_js_/S-R3F-MVWCx6oJ/tav.idx") = 0 <0.000632>
661440 1790835802.857728 --- SIGURG {si_signo=SIGURG, si_code=SI_TKILL, si_pid=661400, si_uid=1000} ---
661440 1790835803.146807 pwrite64(42</tmp/TestMixedWorkflowsRecoverFromFourServerFaults3749442285/001/node-0/jetstream/$SYS/_js_/C-R3F-GtA4TRr8/msgs/1.blk>, "l\0\0\0\16\0\0\0\0\0\0\0u\24\234\271\254S\332\30\0\0000m6vARoZ\1\0"..., 108, 1371) = 108 (DELAYED) <0.025442>
661440 1790835803.172672 pwrite64(42</tmp/TestMixedWorkflowsRecoverFromFourServerFaults3749442285/001/node-0/jetstream/$SYS/_js_/C-R3F-GtA4TRr8/msgs/1.blk>, "l\0\0\0\17\0\0\0\0\0\0\0\346\4(\273\254S\332\30\0\0000m6vARoZ\1\0"..., 108, 1479 <unfinished ...>
661437 1790835803.187536 newfstatat(AT_FDCWD</home/exedev/js-wf/integration>, "/tmp/TestMixedWorkflowsRecoverFromFourServerFaults3749442285/001/node-0/jetstream/$SYS/_js_/C-R3F-0ktVzAXS/tav.idx", {st_mode=S_IFREG|0600, st_size=16, ...}, 0) = 0 <0.000010>
661437 1790835803.190613 newfstatat(AT_FDCWD</home/exedev/js-wf/integration>, "/tmp/TestMixedWorkflowsRecoverFromFourServerFaults3749442285/001/node-0/jetstream/$SYS/_js_/C-R3F-0ktVzAXS/tav.idx", {st_mode=S_IFREG|0600, st_size=16, ...}, AT_SYMLINK_NOFOLLOW) = 0 <0.000016>
661437 1790835803.190666 renameat(AT_FDCWD</home/exedev/js-wf/integration>, "/tmp/TestMixedWorkflowsRecoverFromFourServerFaults3749442285/001/node-0/jetstream/$SYS/_js_/C-R3F-0ktVzAXS/tav.idx.tmp", AT_FDCWD</home/exedev/js-wf/integration>, "/tmp/TestMixedWorkflowsRecoverFromFourServerFaults3749442285/001/node-0/jetstream/$SYS/_js_/C-R3F-0ktVzAXS/tav.idx") = 0 <0.003957>
661437 1790835803.195800 newfstatat(AT_FDCWD</home/exedev/js-wf/integration>, "/tmp/TestMixedWorkflowsRecoverFromFourServerFaults3749442285/001/node-0/jetstream/$SYS/_js_/C-R3F-0ktVzAXS/tav.idx", {st_mode=S_IFREG|0600, st_size=8, ...}, 0) = 0 <0.000007>
661437 1790835803.197060 newfstatat(AT_FDCWD</home/exedev/js-wf/integration>, "/tmp/TestMixedWorkflowsRecoverFromFourServerFaults3749442285/001/node-0/jetstream/$SYS/_js_/C-R3F-0ktVzAXS/tav.idx", {st_mode=S_IFREG|0600, st_size=8, ...}, AT_SYMLINK_NOFOLLOW) = 0 <0.000011>
661437 1790835803.197098 renameat(AT_FDCWD</home/exedev/js-wf/integration>, "/tmp/TestMixedWorkflowsRecoverFromFourServerFaults3749442285/001/node-0/jetstream/$SYS/_js_/C-R3F-0ktVzAXS/tav.idx.tmp", AT_FDCWD</home/exedev/js-wf/integration>, "/tmp/TestMixedWorkflowsRecoverFromFourServerFaults3749442285/001/node-0/jetstream/$SYS/_js_/C-R3F-0ktVzAXS/tav.idx") = 0 <0.000037>
661440 1790835803.197748 <... pwrite64 resumed>) = 108 (DELAYED) <0.025045>
661440 1790835803.198592 --- SIGURG {si_signo=SIGURG, si_code=SI_TKILL, si_pid=661400, si_uid=1000} ---
661440 1790835803.198684 --- SIGURG {si_signo=SIGURG, si_code=SI_TKILL, si_pid=661400, si_uid=1000} ---
661440 1790835803.229208 --- SIGURG {si_signo=SIGURG, si_code=SI_TKILL, si_pid=661400, si_uid=1000} ---
661440 1790835803.392129 --- SIGURG {si_signo=SIGURG, si_code=SI_TKILL, si_pid=661400, si_uid=1000} ---
661436 1790835803.491696 pwrite64(49</tmp/TestMixedWorkflowsRecoverFromFourServerFaults3749442285/001/node-0/jetstream/$SYS/_js_/C-R3F-SaO96lab/msgs/1.blk>, "l\0\0\0\r\0\0\0\0\0\0\0Y\355+\316\254S\332\30\0\0000m6vARoZ\1\0"..., 108, 1298) = 108 (DELAYED) <0.025006>
661436 1790835803.516938 --- SIGURG {si_signo=SIGURG, si_code=SI_TKILL, si_pid=661400, si_uid=1000} ---
661440 1790835803.517042 pwrite64(49</tmp/TestMixedWorkflowsRecoverFromFourServerFaults3749442285/001/node-0/jetstream/$SYS/_js_/C-R3F-SaO96lab/msgs/1.blk>, "l\0\0\0\16\0\0\0\0\0\0\0\215\251\256\317\254S\332\30\0\0000m6vARoZ\1\0"..., 108, 1406 <unfinished ...>
661436 1790835803.517218 --- SIGURG {si_signo=SIGURG, si_code=SI_TKILL, si_pid=661400, si_uid=1000} ---
661440 1790835803.542154 <... pwrite64 resumed>) = 108 (DELAYED) <0.025077>
661440 1790835803.542322 --- SIGURG {si_signo=SIGURG, si_code=SI_TKILL, si_pid=661400, si_uid=1000} ---
661440 1790835803.686932 --- SIGURG {si_signo=SIGURG, si_code=SI_TKILL, si_pid=661400, si_uid=1000} ---
661440 1790835803.722272 --- SIGURG {si_signo=SIGURG, si_code=SI_TKILL, si_pid=661400, si_uid=1000} ---
661422 1790835803.891412 --- SIGURG {si_signo=SIGURG, si_code=SI_TKILL, si_pid=661400, si_uid=1000} ---
661436 1790835804.153674 --- SIGURG {si_signo=SIGURG, si_code=SI_TKILL, si_pid=661400, si_uid=1000} ---
661422 1790835804.153935 pwrite64(42</tmp/TestMixedWorkflowsRecoverFromFourServerFaults3749442285/001/node-0/jetstream/$SYS/_js_/C-R3F-GtA4TRr8/msgs/1.blk>, "l\0\0\0\20\0\0\0\0\0\0\0\275\315\244\365\254S\332\30\0\0000m6vARoZ\1\0"..., 108, 1587) = 108 (DELAYED) <0.025216>
661422 1790835804.179337 pwrite64(42</tmp/TestMixedWorkflowsRecoverFromFourServerFaults3749442285/001/node-0/jetstream/$SYS/_js_/C-R3F-GtA4TRr8/msgs/1.blk>, "l\0\0\0\21\0\0\0\0\0\0\0vz(\367\254S\332\30\0\0000m6vARoZ\1\0"..., 108, 1695) = 108 (DELAYED) <0.026947>
661422 1790835804.206374 --- SIGURG {si_signo=SIGURG, si_code=SI_TKILL, si_pid=661400, si_uid=1000} ---
661422 1790835804.207058 --- SIGURG {si_signo=SIGURG, si_code=SI_TKILL, si_pid=661400, si_uid=1000} ---
661436 1790835804.411274 newfstatat(AT_FDCWD</home/exedev/js-wf/integration>, "/tmp/TestMixedWorkflowsRecoverFromFourServerFaults3749442285/001/node-0/jetstream/$SYS/_js_/C-R3F-JUPhrGJa/tav.idx", {st_mode=S_IFREG|0600, st_size=16, ...}, 0) = 0 <0.000021>
661436 1790835804.415096 newfstatat(AT_FDCWD</home/exedev/js-wf/integration>, "/tmp/TestMixedWorkflowsRecoverFromFourServerFaults3749442285/001/node-0/jetstream/$SYS/_js_/C-R3F-JUPhrGJa/tav.idx", {st_mode=S_IFREG|0600, st_size=16, ...}, AT_SYMLINK_NOFOLLOW) = 0 <0.000015>
661436 1790835804.415166 renameat(AT_FDCWD</home/exedev/js-wf/integration>, "/tmp/TestMixedWorkflowsRecoverFromFourServerFaults3749442285/001/node-0/jetstream/$SYS/_js_/C-R3F-JUPhrGJa/tav.idx.tmp", AT_FDCWD</home/exedev/js-wf/integration>, "/tmp/TestMixedWorkflowsRecoverFromFourServerFaults3749442285/001/node-0/jetstream/$SYS/_js_/C-R3F-JUPhrGJa/tav.idx") = 0 <0.000057>
661436 1790835804.416357 newfstatat(AT_FDCWD</home/exedev/js-wf/integration>, "/tmp/TestMixedWorkflowsRecoverFromFourServerFaults3749442285/001/node-0/jetstream/$SYS/_js_/C-R3F-JUPhrGJa/tav.idx", {st_mode=S_IFREG|0600, st_size=8, ...}, 0) = 0 <0.000010>
661436 1790835804.417633 newfstatat(AT_FDCWD</home/exedev/js-wf/integration>, "/tmp/TestMixedWorkflowsRecoverFromFourServerFaults3749442285/001/node-0/jetstream/$SYS/_js_/C-R3F-JUPhrGJa/tav.idx", {st_mode=S_IFREG|0600, st_size=8, ...}, AT_SYMLINK_NOFOLLOW) = 0 <0.000017>
661436 1790835804.417686 renameat(AT_FDCWD</home/exedev/js-wf/integration>, "/tmp/TestMixedWorkflowsRecoverFromFourServerFaults3749442285/001/node-0/jetstream/$SYS/_js_/C-R3F-JUPhrGJa/tav.idx.tmp", AT_FDCWD</home/exedev/js-wf/integration>, "/tmp/TestMixedWorkflowsRecoverFromFourServerFaults3749442285/001/node-0/jetstream/$SYS/_js_/C-R3F-JUPhrGJa/tav.idx") = 0 <0.000060>
661422 1790835804.493623 pwrite64(49</tmp/TestMixedWorkflowsRecoverFromFourServerFaults3749442285/001/node-0/jetstream/$SYS/_js_/C-R3F-SaO96lab/msgs/1.blk>, "l\0\0\0\17\0\0\0\0\0\0\0\354)\344\t\255S\332\30\0\0000m6vARoZ\1\0"..., 108, 1514) = 108 (DELAYED) <0.025010>
661422 1790835804.518816 --- SIGURG {si_signo=SIGURG, si_code=SI_TKILL, si_pid=661400, si_uid=1000} ---
661422 1790835804.519025 pwrite64(49</tmp/TestMixedWorkflowsRecoverFromFourServerFaults3749442285/001/node-0/jetstream/$SYS/_js_/C-R3F-SaO96lab/msgs/1.blk>, "l\0\0\0\20\0\0\0\0\0\0\0\305|f\v\255S\332\30\0\0000m6vARoZ\1\0"..., 108, 1622) = 108 (DELAYED) <0.025062>
661422 1790835804.544206 --- SIGURG {si_signo=SIGURG, si_code=SI_TKILL, si_pid=661400, si_uid=1000} ---
661437 1790835804.596185 --- SIGURG {si_signo=SIGURG, si_code=SI_TKILL, si_pid=661400, si_uid=1000} ---
661436 1790835804.723593 --- SIGURG {si_signo=SIGURG, si_code=SI_TKILL, si_pid=661400, si_uid=1000} ---
661437 1790835804.743992 newfstatat(AT_FDCWD</home/exedev/js-wf/integration>, "/tmp/TestMixedWorkflowsRecoverFromFourServerFaults3749442285/001/node-0/jetstream/$SYS/_js_/C-R3F-7OYeMzZe/tav.idx", {st_mode=S_IFREG|0600, st_size=16, ...}, 0) = 0 <0.000033>
661437 1790835804.748433 --- SIGURG {si_signo=SIGURG, si_code=SI_TKILL, si_pid=661400, si_uid=1000} ---
661440 1790835804.761370 newfstatat(AT_FDCWD</home/exedev/js-wf/integration>, "/tmp/TestMixedWorkflowsRecoverFromFourServerFaults3749442285/001/node-0/jetstream/$SYS/_js_/C-R3F-7OYeMzZe/tav.idx", {st_mode=S_IFREG|0600, st_size=16, ...}, AT_SYMLINK_NOFOLLOW) = 0 <0.000016>
661440 1790835804.761449 renameat(AT_FDCWD</home/exedev/js-wf/integration>, "/tmp/TestMixedWorkflowsRecoverFromFourServerFaults3749442285/001/node-0/jetstream/$SYS/_js_/C-R3F-7OYeMzZe/tav.idx.tmp", AT_FDCWD</home/exedev/js-wf/integration>, "/tmp/TestMixedWorkflowsRecoverFromFourServerFaults3749442285/001/node-0/jetstream/$SYS/_js_/C-R3F-7OYeMzZe/tav.idx") = 0 <0.000070>
661440 1790835804.766124 newfstatat(AT_FDCWD</home/exedev/js-wf/integration>, "/tmp/TestMixedWorkflowsRecoverFromFourServerFaults3749442285/001/node-0/jetstream/$SYS/_js_/C-R3F-7OYeMzZe/tav.idx", {st_mode=S_IFREG|0600, st_size=8, ...}, 0) = 0 <0.000017>
661440 1790835804.768745 newfstatat(AT_FDCWD</home/exedev/js-wf/integration>, "/tmp/TestMixedWorkflowsRecoverFromFourServerFaults3749442285/001/node-0/jetstream/$SYS/_js_/C-R3F-7OYeMzZe/tav.idx", {st_mode=S_IFREG|0600, st_size=8, ...}, AT_SYMLINK_NOFOLLOW) = 0 <0.000028>
661440 1790835804.769584 renameat(AT_FDCWD</home/exedev/js-wf/integration>, "/tmp/TestMixedWorkflowsRecoverFromFourServerFaults3749442285/001/node-0/jetstream/$SYS/_js_/C-R3F-7OYeMzZe/tav.idx.tmp", AT_FDCWD</home/exedev/js-wf/integration>, "/tmp/TestMixedWorkflowsRecoverFromFourServerFaults3749442285/001/node-0/jetstream/$SYS/_js_/C-R3F-7OYeMzZe/tav.idx") = 0 <0.000072>
661436 1790835804.921750 --- SIGURG {si_signo=SIGURG, si_code=SI_TKILL, si_pid=661400, si_uid=1000} ---
661440 1790835804.960707 --- SIGURG {si_signo=SIGURG, si_code=SI_TKILL, si_pid=661400, si_uid=1000} ---
661440 1790835804.963496 --- SIGURG {si_signo=SIGURG, si_code=SI_TKILL, si_pid=661400, si_uid=1000} ---
661437 1790835804.971291 --- SIGURG {si_signo=SIGURG, si_code=SI_TKILL, si_pid=661400, si_uid=1000} ---
661437 1790835805.154970 pwrite64(42</tmp/TestMixedWorkflowsRecoverFromFourServerFaults3749442285/001/node-0/jetstream/$SYS/_js_/C-R3F-GtA4TRr8/msgs/1.blk>, "l\0\0\0\22\0\0\0\0\0\0\0\206*O1\255S\332\30\0\0000m6vARoZ\1\0"..., 108, 1803) = 108 (DELAYED) <0.025402>
661437 1790835805.180559 --- SIGURG {si_signo=SIGURG, si_code=SI_TKILL, si_pid=661400, si_uid=1000} ---
661436 1790835805.183090 pwrite64(42</tmp/TestMixedWorkflowsRecoverFromFourServerFaults3749442285/001/node-0/jetstream/$SYS/_js_/C-R3F-GtA4TRr8/msgs/1.blk>, "l\0\0\0\23\0\0\0\0\0\0\0Z\251\3742\255S\332\30\0\0000m6vARoZ\1\0"..., 108, 1911) = 108 (DELAYED) <0.030445>
661436 1790835805.214054 --- SIGURG {si_signo=SIGURG, si_code=SI_TKILL, si_pid=661400, si_uid=1000} ---
661422 1790835805.493540 newfstatat(AT_FDCWD</home/exedev/js-wf/integration>, "/tmp/TestMixedWorkflowsRecoverFromFourServerFaults3749442285/001/node-0/jetstream/$SYS/_js_/S-R3F-6fLa4lad/tav.idx", {st_mode=S_IFREG|0600, st_size=16, ...}, 0) = 0 <0.000015>
661436 1790835805.496116 pwrite64(49</tmp/TestMixedWorkflowsRecoverFromFourServerFaults3749442285/001/node-0/jetstream/$SYS/_js_/C-R3F-SaO96lab/msgs/1.blk>, "l\0\0\0\21\0\0\0\0\0\0\0T\37\245E\255S\332\30\0\0000m6vARoZ\1\0"..., 108, 1730 <unfinished ...>
661422 1790835805.501516 newfstatat(AT_FDCWD</home/exedev/js-wf/integration>, "/tmp/TestMixedWorkflowsRecoverFromFourServerFaults3749442285/001/node-0/jetstream/$SYS/_js_/S-R3F-6fLa4lad/tav.idx", {st_mode=S_IFREG|0600, st_size=16, ...}, AT_SYMLINK_NOFOLLOW) = 0 <0.000372>
661422 1790835805.502046 renameat(AT_FDCWD</home/exedev/js-wf/integration>, "/tmp/TestMixedWorkflowsRecoverFromFourServerFaults3749442285/001/node-0/jetstream/$SYS/_js_/S-R3F-6fLa4lad/tav.idx.tmp", AT_FDCWD</home/exedev/js-wf/integration>, "/tmp/TestMixedWorkflowsRecoverFromFourServerFaults3749442285/001/node-0/jetstream/$SYS/_js_/S-R3F-6fLa4lad/tav.idx") = 0 <0.000127>
661424 1790835805.503811 newfstatat(AT_FDCWD</home/exedev/js-wf/integration>, "/tmp/TestMixedWorkflowsRecoverFromFourServerFaults3749442285/001/node-0/jetstream/$SYS/_js_/S-R3F-6fLa4lad/tav.idx", {st_mode=S_IFREG|0600, st_size=8, ...}, 0) = 0 <0.000069>
661424 1790835805.510857 newfstatat(AT_FDCWD</home/exedev/js-wf/integration>, "/tmp/TestMixedWorkflowsRecoverFromFourServerFaults3749442285/001/node-0/jetstream/$SYS/_js_/S-R3F-6fLa4lad/tav.idx", {st_mode=S_IFREG|0600, st_size=8, ...}, AT_SYMLINK_NOFOLLOW) = 0 <0.000025>
661424 1790835805.510979 renameat(AT_FDCWD</home/exedev/js-wf/integration>, "/tmp/TestMixedWorkflowsRecoverFromFourServerFaults3749442285/001/node-0/jetstream/$SYS/_js_/S-R3F-6fLa4lad/tav.idx.tmp", AT_FDCWD</home/exedev/js-wf/integration>, "/tmp/TestMixedWorkflowsRecoverFromFourServerFaults3749442285/001/node-0/jetstream/$SYS/_js_/S-R3F-6fLa4lad/tav.idx") = 0 <0.000065>
661436 1790835805.521504 <... pwrite64 resumed>) = 108 (DELAYED) <0.020282>
661436 1790835805.521537 --- SIGURG {si_signo=SIGURG, si_code=SI_TKILL, si_pid=661400, si_uid=1000} ---
661440 1790835805.522939 pwrite64(49</tmp/TestMixedWorkflowsRecoverFromFourServerFaults3749442285/001/node-0/jetstream/$SYS/_js_/C-R3F-SaO96lab/msgs/1.blk>, "l\0\0\0\22\0\0\0\0\0\0\0\305\203>G\255S\332\30\0\0000m6vARoZ\1\0"..., 108, 1838) = 108 (DELAYED) <0.025085>
661440 1790835805.551124 --- SIGURG {si_signo=SIGURG, si_code=SI_TKILL, si_pid=661400, si_uid=1000} ---
661440 1790835805.551387 --- SIGURG {si_signo=SIGURG, si_code=SI_TKILL, si_pid=661400, si_uid=1000} ---
661436 1790835805.593818 --- SIGURG {si_signo=SIGURG, si_code=SI_TKILL, si_pid=661400, si_uid=1000} ---
661436 1790835805.639984 newfstatat(AT_FDCWD</home/exedev/js-wf/integration>, "/tmp/TestMixedWorkflowsRecoverFromFourServerFaults3749442285/001/node-0/jetstream/$SYS/_js_/C-R3F-tAOw9Q1E/tav.idx", {st_mode=S_IFREG|0600, st_size=16, ...}, 0) = 0 <0.000027>
661436 1790835805.645106 newfstatat(AT_FDCWD</home/exedev/js-wf/integration>, "/tmp/TestMixedWorkflowsRecoverFromFourServerFaults3749442285/001/node-0/jetstream/$SYS/_js_/C-R3F-tAOw9Q1E/tav.idx", {st_mode=S_IFREG|0600, st_size=16, ...}, AT_SYMLINK_NOFOLLOW) = 0 <0.000033>
661436 1790835805.648268 renameat(AT_FDCWD</home/exedev/js-wf/integration>, "/tmp/TestMixedWorkflowsRecoverFromFourServerFaults3749442285/001/node-0/jetstream/$SYS/_js_/C-R3F-tAOw9Q1E/tav.idx.tmp", AT_FDCWD</home/exedev/js-wf/integration>, "/tmp/TestMixedWorkflowsRecoverFromFourServerFaults3749442285/001/node-0/jetstream/$SYS/_js_/C-R3F-tAOw9Q1E/tav.idx") = 0 <0.002481>
661436 1790835805.650998 --- SIGURG {si_signo=SIGURG, si_code=SI_TKILL, si_pid=661400, si_uid=1000} ---
661440 1790835805.654396 newfstatat(AT_FDCWD</home/exedev/js-wf/integration>, "/tmp/TestMixedWorkflowsRecoverFromFourServerFaults3749442285/001/node-0/jetstream/$SYS/_js_/C-R3F-tAOw9Q1E/tav.idx", {st_mode=S_IFREG|0600, st_size=8, ...}, 0) = 0 <0.000028>
661440 1790835805.660509 newfstatat(AT_FDCWD</home/exedev/js-wf/integration>, "/tmp/TestMixedWorkflowsRecoverFromFourServerFaults3749442285/001/node-0/jetstream/$SYS/_js_/C-R3F-tAOw9Q1E/tav.idx", {st_mode=S_IFREG|0600, st_size=8, ...}, AT_SYMLINK_NOFOLLOW) = 0 <0.000032>
661440 1790835805.660612 renameat(AT_FDCWD</home/exedev/js-wf/integration>, "/tmp/TestMixedWorkflowsRecoverFromFourServerFaults3749442285/001/node-0/jetstream/$SYS/_js_/C-R3F-tAOw9Q1E/tav.idx.tmp", AT_FDCWD</home/exedev/js-wf/integration>, "/tmp/TestMixedWorkflowsRecoverFromFourServerFaults3749442285/001/node-0/jetstream/$SYS/_js_/C-R3F-tAOw9Q1E/tav.idx") = 0 <0.000272>
661417 1790835805.743017 newfstatat(AT_FDCWD</home/exedev/js-wf/integration>, "/tmp/TestMixedWorkflowsRecoverFromFourServerFaults3749442285/001/node-0/jetstream/$SYS/_js_/S-R3F-cEgCkw3z/tav.idx", {st_mode=S_IFREG|0600, st_size=16, ...}, 0) = 0 <0.000021>
661417 1790835805.748572 newfstatat(AT_FDCWD</home/exedev/js-wf/integration>, "/tmp/TestMixedWorkflowsRecoverFromFourServerFaults3749442285/001/node-0/jetstream/$SYS/_js_/S-R3F-cEgCkw3z/tav.idx", {st_mode=S_IFREG|0600, st_size=16, ...}, AT_SYMLINK_NOFOLLOW) = 0 <0.000048>
661417 1790835805.750827 renameat(AT_FDCWD</home/exedev/js-wf/integration>, "/tmp/TestMixedWorkflowsRecoverFromFourServerFaults3749442285/001/node-0/jetstream/$SYS/_js_/S-R3F-cEgCkw3z/tav.idx.tmp", AT_FDCWD</home/exedev/js-wf/integration>, "/tmp/TestMixedWorkflowsRecoverFromFourServerFaults3749442285/001/node-0/jetstream/$SYS/_js_/S-R3F-cEgCkw3z/tav.idx") = 0 <0.000116>
661417 1790835805.752361 newfstatat(AT_FDCWD</home/exedev/js-wf/integration>, "/tmp/TestMixedWorkflowsRecoverFromFourServerFaults3749442285/001/node-0/jetstream/$SYS/_js_/S-R3F-cEgCkw3z/tav.idx", {st_mode=S_IFREG|0600, st_size=8, ...}, 0) = 0 <0.000032>
661417 1790835805.756486 --- SIGURG {si_signo=SIGURG, si_code=SI_TKILL, si_pid=661400, si_uid=1000} ---
661440 1790835805.757832 newfstatat(AT_FDCWD</home/exedev/js-wf/integration>, "/tmp/TestMixedWorkflowsRecoverFromFourServerFaults3749442285/001/node-0/jetstream/$SYS/_js_/S-R3F-cEgCkw3z/tav.idx", {st_mode=S_IFREG|0600, st_size=8, ...}, AT_SYMLINK_NOFOLLOW) = 0 <0.000021>
661440 1790835805.757927 renameat(AT_FDCWD</home/exedev/js-wf/integration>, "/tmp/TestMixedWorkflowsRecoverFromFourServerFaults3749442285/001/node-0/jetstream/$SYS/_js_/S-R3F-cEgCkw3z/tav.idx.tmp", AT_FDCWD</home/exedev/js-wf/integration>, "/tmp/TestMixedWorkflowsRecoverFromFourServerFaults3749442285/001/node-0/jetstream/$SYS/_js_/S-R3F-cEgCkw3z/tav.idx") = 0 <0.000143>
661424 1790835805.780206 newfstatat(AT_FDCWD</home/exedev/js-wf/integration>, "/tmp/TestMixedWorkflowsRecoverFromFourServerFaults3749442285/001/node-0/jetstream/$SYS/_js_/C-R3F-tuMA878n/tav.idx", {st_mode=S_IFREG|0600, st_size=16, ...}, 0) = 0 <0.000011>
661424 1790835805.782046 newfstatat(AT_FDCWD</home/exedev/js-wf/integration>, "/tmp/TestMixedWorkflowsRecoverFromFourServerFaults3749442285/001/node-0/jetstream/$SYS/_js_/C-R3F-tuMA878n/tav.idx", {st_mode=S_IFREG|0600, st_size=16, ...}, AT_SYMLINK_NOFOLLOW) = 0 <0.000008>
661424 1790835805.782092 renameat(AT_FDCWD</home/exedev/js-wf/integration>, "/tmp/TestMixedWorkflowsRecoverFromFourServerFaults3749442285/001/node-0/jetstream/$SYS/_js_/C-R3F-tuMA878n/tav.idx.tmp", AT_FDCWD</home/exedev/js-wf/integration>, "/tmp/TestMixedWorkflowsRecoverFromFourServerFaults3749442285/001/node-0/jetstream/$SYS/_js_/C-R3F-tuMA878n/tav.idx") = 0 <0.000048>
661424 1790835805.783673 newfstatat(AT_FDCWD</home/exedev/js-wf/integration>, "/tmp/TestMixedWorkflowsRecoverFromFourServerFaults3749442285/001/node-0/jetstream/$SYS/_js_/C-R3F-tuMA878n/tav.idx", {st_mode=S_IFREG|0600, st_size=8, ...}, 0) = 0 <0.000006>
661424 1790835805.785349 newfstatat(AT_FDCWD</home/exedev/js-wf/integration>, "/tmp/TestMixedWorkflowsRecoverFromFourServerFaults3749442285/001/node-0/jetstream/$SYS/_js_/C-R3F-tuMA878n/tav.idx", {st_mode=S_IFREG|0600, st_size=8, ...}, AT_SYMLINK_NOFOLLOW) = 0 <0.000005>
661424 1790835805.785381 renameat(AT_FDCWD</home/exedev/js-wf/integration>, "/tmp/TestMixedWorkflowsRecoverFromFourServerFaults3749442285/001/node-0/jetstream/$SYS/_js_/C-R3F-tuMA878n/tav.idx.tmp", AT_FDCWD</home/exedev/js-wf/integration>, "/tmp/TestMixedWorkflowsRecoverFromFourServerFaults3749442285/001/node-0/jetstream/$SYS/_js_/C-R3F-tuMA878n/tav.idx") = 0 <0.001778>
661440 1790835805.838368 newfstatat(AT_FDCWD</home/exedev/js-wf/integration>, "/tmp/TestMixedWorkflowsRecoverFromFourServerFaults3749442285/001/node-0/jetstream/$SYS/_js_/S-R3F-LSMV4M8C/tav.idx", {st_mode=S_IFREG|0600, st_size=16, ...}, 0) = 0 <0.000022>
661440 1790835805.840184 newfstatat(AT_FDCWD</home/exedev/js-wf/integration>, "/tmp/TestMixedWorkflowsRecoverFromFourServerFaults3749442285/001/node-0/jetstream/$SYS/_js_/S-R3F-LSMV4M8C/tav.idx", {st_mode=S_IFREG|0600, st_size=16, ...}, AT_SYMLINK_NOFOLLOW) = 0 <0.000012>
661440 1790835805.840233 renameat(AT_FDCWD</home/exedev/js-wf/integration>, "/tmp/TestMixedWorkflowsRecoverFromFourServerFaults3749442285/001/node-0/jetstream/$SYS/_js_/S-R3F-LSMV4M8C/tav.idx.tmp", AT_FDCWD</home/exedev/js-wf/integration>, "/tmp/TestMixedWorkflowsRecoverFromFourServerFaults3749442285/001/node-0/jetstream/$SYS/_js_/S-R3F-LSMV4M8C/tav.idx") = 0 <0.000056>
661440 1790835805.841735 newfstatat(AT_FDCWD</home/exedev/js-wf/integration>, "/tmp/TestMixedWorkflowsRecoverFromFourServerFaults3749442285/001/node-0/jetstream/$SYS/_js_/S-R3F-LSMV4M8C/tav.idx", {st_mode=S_IFREG|0600, st_size=8, ...}, 0) = 0 <0.000010>
661440 1790835805.851269 newfstatat(AT_FDCWD</home/exedev/js-wf/integration>, "/tmp/TestMixedWorkflowsRecoverFromFourServerFaults3749442285/001/node-0/jetstream/$SYS/_js_/S-R3F-LSMV4M8C/tav.idx", {st_mode=S_IFREG|0600, st_size=8, ...}, AT_SYMLINK_NOFOLLOW) = 0 <0.000140>
661440 1790835805.853955 renameat(AT_FDCWD</home/exedev/js-wf/integration>, "/tmp/TestMixedWorkflowsRecoverFromFourServerFaults3749442285/001/node-0/jetstream/$SYS/_js_/S-R3F-LSMV4M8C/tav.idx.tmp", AT_FDCWD</home/exedev/js-wf/integration>, "/tmp/TestMixedWorkflowsRecoverFromFourServerFaults3749442285/001/node-0/jetstream/$SYS/_js_/S-R3F-LSMV4M8C/tav.idx") = 0 <0.000068>
661440 1790835805.857374 --- SIGURG {si_signo=SIGURG, si_code=SI_TKILL, si_pid=661400, si_uid=1000} ---
661424 1790835805.961943 --- SIGURG {si_signo=SIGURG, si_code=SI_TKILL, si_pid=661400, si_uid=1000} ---
661424 1790835806.150955 newfstatat(AT_FDCWD</home/exedev/js-wf/integration>, "/tmp/TestMixedWorkflowsRecoverFromFourServerFaults3749442285/001/node-0/jetstream/$SYS/_js_/C-R3F-5zk9g5oE/tav.idx", {st_mode=S_IFREG|0600, st_size=16, ...}, 0) = 0 <0.000029>
661424 1790835806.151069 --- SIGURG {si_signo=SIGURG, si_code=SI_TKILL, si_pid=661400, si_uid=1000} ---
661424 1790835806.151278 --- SIGURG {si_signo=SIGURG, si_code=SI_TKILL, si_pid=661400, si_uid=1000} ---
661440 1790835806.155521 newfstatat(AT_FDCWD</home/exedev/js-wf/integration>, "/tmp/TestMixedWorkflowsRecoverFromFourServerFaults3749442285/001/node-0/jetstream/$SYS/_js_/S-R3F-V5Y2qzIa/tav.idx", {st_mode=S_IFREG|0600, st_size=16, ...}, 0) = 0 <0.000027>
661436 1790835806.157456 newfstatat(AT_FDCWD</home/exedev/js-wf/integration>, "/tmp/TestMixedWorkflowsRecoverFromFourServerFaults3749442285/001/node-0/jetstream/$SYS/_js_/C-R3F-5zk9g5oE/tav.idx", {st_mode=S_IFREG|0600, st_size=16, ...}, AT_SYMLINK_NOFOLLOW) = 0 <0.000038>
661436 1790835806.157540 renameat(AT_FDCWD</home/exedev/js-wf/integration>, "/tmp/TestMixedWorkflowsRecoverFromFourServerFaults3749442285/001/node-0/jetstream/$SYS/_js_/C-R3F-5zk9g5oE/tav.idx.tmp", AT_FDCWD</home/exedev/js-wf/integration>, "/tmp/TestMixedWorkflowsRecoverFromFourServerFaults3749442285/001/node-0/jetstream/$SYS/_js_/C-R3F-5zk9g5oE/tav.idx") = 0 <0.000068>
661436 1790835806.159130 newfstatat(AT_FDCWD</home/exedev/js-wf/integration>, "/tmp/TestMixedWorkflowsRecoverFromFourServerFaults3749442285/001/node-0/jetstream/$SYS/_js_/C-R3F-5zk9g5oE/tav.idx",  <unfinished ...>
661417 1790835806.164425 --- SIGURG {si_signo=SIGURG, si_code=SI_TKILL, si_pid=661400, si_uid=1000} ---
661436 1790835806.164478 <... newfstatat resumed>{st_mode=S_IFREG|0600, st_size=8, ...}, 0) = 0 <0.000309>
661440 1790835806.164537 newfstatat(AT_FDCWD</home/exedev/js-wf/integration>, "/tmp/TestMixedWorkflowsRecoverFromFourServerFaults3749442285/001/node-0/jetstream/$SYS/_js_/S-R3F-V5Y2qzIa/tav.idx", {st_mode=S_IFREG|0600, st_size=16, ...}, AT_SYMLINK_NOFOLLOW) = 0 <0.000048>
661440 1790835806.164615 renameat(AT_FDCWD</home/exedev/js-wf/integration>, "/tmp/TestMixedWorkflowsRecoverFromFourServerFaults3749442285/001/node-0/jetstream/$SYS/_js_/S-R3F-V5Y2qzIa/tav.idx.tmp", AT_FDCWD</home/exedev/js-wf/integration>, "/tmp/TestMixedWorkflowsRecoverFromFourServerFaults3749442285/001/node-0/jetstream/$SYS/_js_/S-R3F-V5Y2qzIa/tav.idx") = 0 <0.000194>
661440 1790835806.168548 newfstatat(AT_FDCWD</home/exedev/js-wf/integration>, "/tmp/TestMixedWorkflowsRecoverFromFourServerFaults3749442285/001/node-0/jetstream/$SYS/_js_/S-R3F-V5Y2qzIa/tav.idx", {st_mode=S_IFREG|0600, st_size=8, ...}, 0) = 0 <0.000036>
661436 1790835806.169859 newfstatat(AT_FDCWD</home/exedev/js-wf/integration>, "/tmp/TestMixedWorkflowsRecoverFromFourServerFaults3749442285/001/node-0/jetstream/$SYS/_js_/C-R3F-5zk9g5oE/tav.idx", {st_mode=S_IFREG|0600, st_size=8, ...}, AT_SYMLINK_NOFOLLOW) = 0 <0.000053>
661436 1790835806.169960 renameat(AT_FDCWD</home/exedev/js-wf/integration>, "/tmp/TestMixedWorkflowsRecoverFromFourServerFaults3749442285/001/node-0/jetstream/$SYS/_js_/C-R3F-5zk9g5oE/tav.idx.tmp", AT_FDCWD</home/exedev/js-wf/integration>, "/tmp/TestMixedWorkflowsRecoverFromFourServerFaults3749442285/001/node-0/jetstream/$SYS/_js_/C-R3F-5zk9g5oE/tav.idx") = 0 <0.000068>
661440 1790835806.171803 newfstatat(AT_FDCWD</home/exedev/js-wf/integration>, "/tmp/TestMixedWorkflowsRecoverFromFourServerFaults3749442285/001/node-0/jetstream/$SYS/_js_/S-R3F-V5Y2qzIa/tav.idx", {st_mode=S_IFREG|0600, st_size=8, ...}, AT_SYMLINK_NOFOLLOW) = 0 <0.000015>
661440 1790835806.171947 renameat(AT_FDCWD</home/exedev/js-wf/integration>, "/tmp/TestMixedWorkflowsRecoverFromFourServerFaults3749442285/001/node-0/jetstream/$SYS/_js_/S-R3F-V5Y2qzIa/tav.idx.tmp", AT_FDCWD</home/exedev/js-wf/integration>, "/tmp/TestMixedWorkflowsRecoverFromFourServerFaults3749442285/001/node-0/jetstream/$SYS/_js_/S-R3F-V5Y2qzIa/tav.idx") = 0 <0.000058>
661440 1790835806.184390 pwrite64(42</tmp/TestMixedWorkflowsRecoverFromFourServerFaults3749442285/001/node-0/jetstream/$SYS/_js_/C-R3F-GtA4TRr8/msgs/1.blk>, "l\0\0\0\24\0\0\0\0\0\0\0&\211\250n\255S\332\30\0\0000m6vARoZ\1\0"..., 108, 2019) = 108 (DELAYED) <0.025025>
661440 1790835806.209733 pwrite64(42</tmp/TestMixedWorkflowsRecoverFromFourServerFaults3749442285/001/node-0/jetstream/$SYS/_js_/C-R3F-GtA4TRr8/msgs/1.blk>, "l\0\0\0\25\0\0\0\0\0\0\0005\0-p\255S\332\30\0\0000m6vARoZ\1\0"..., 108, 2127) = 108 (DELAYED) <0.025093>
661440 1790835806.236613 --- SIGURG {si_signo=SIGURG, si_code=SI_TKILL, si_pid=661400, si_uid=1000} ---
661424 1790835806.324334 --- SIGURG {si_signo=SIGURG, si_code=SI_TKILL, si_pid=661400, si_uid=1000} ---
661436 1790835806.326762 newfstatat(AT_FDCWD</home/exedev/js-wf/integration>, "/tmp/TestMixedWorkflowsRecoverFromFourServerFaults3749442285/001/node-0/jetstream/$SYS/_js_/C-R3F-msGDjRCn/tav.idx", {st_mode=S_IFREG|0600, st_size=16, ...}, 0) = 0 <0.000057>
661436 1790835806.326902 --- SIGURG {si_signo=SIGURG, si_code=SI_TKILL, si_pid=661400, si_uid=1000} ---
661436 1790835806.333853 newfstatat(AT_FDCWD</home/exedev/js-wf/integration>, "/tmp/TestMixedWorkflowsRecoverFromFourServerFaults3749442285/001/node-0/jetstream/$SYS/_js_/C-R3F-msGDjRCn/tav.idx", {st_mode=S_IFREG|0600, st_size=16, ...}, AT_SYMLINK_NOFOLLOW) = 0 <0.000380>
661436 1790835806.335702 renameat(AT_FDCWD</home/exedev/js-wf/integration>, "/tmp/TestMixedWorkflowsRecoverFromFourServerFaults3749442285/001/node-0/jetstream/$SYS/_js_/C-R3F-msGDjRCn/tav.idx.tmp", AT_FDCWD</home/exedev/js-wf/integration>, "/tmp/TestMixedWorkflowsRecoverFromFourServerFaults3749442285/001/node-0/jetstream/$SYS/_js_/C-R3F-msGDjRCn/tav.idx") = 0 <0.000080>
661436 1790835806.337588 newfstatat(AT_FDCWD</home/exedev/js-wf/integration>, "/tmp/TestMixedWorkflowsRecoverFromFourServerFaults3749442285/001/node-0/jetstream/$SYS/_js_/C-R3F-msGDjRCn/tav.idx", {st_mode=S_IFREG|0600, st_size=8, ...}, 0) = 0 <0.000011>
661436 1790835806.339357 newfstatat(AT_FDCWD</home/exedev/js-wf/integration>, "/tmp/TestMixedWorkflowsRecoverFromFourServerFaults3749442285/001/node-0/jetstream/$SYS/_js_/C-R3F-msGDjRCn/tav.idx", {st_mode=S_IFREG|0600, st_size=8, ...}, AT_SYMLINK_NOFOLLOW) = 0 <0.000012>
661436 1790835806.339406 renameat(AT_FDCWD</home/exedev/js-wf/integration>, "/tmp/TestMixedWorkflowsRecoverFromFourServerFaults3749442285/001/node-0/jetstream/$SYS/_js_/C-R3F-msGDjRCn/tav.idx.tmp", AT_FDCWD</home/exedev/js-wf/integration>, "/tmp/TestMixedWorkflowsRecoverFromFourServerFaults3749442285/001/node-0/jetstream/$SYS/_js_/C-R3F-msGDjRCn/tav.idx") = 0 <0.000043>
661436 1790835806.526252 --- SIGURG {si_signo=SIGURG, si_code=SI_TKILL, si_pid=661400, si_uid=1000} ---
661424 1790835806.526378 pwrite64(49</tmp/TestMixedWorkflowsRecoverFromFourServerFaults3749442285/001/node-0/jetstream/$SYS/_js_/C-R3F-SaO96lab/msgs/1.blk>, "l\0\0\0\23\0\0\0\0\0\0\0\206u\r\203\255S\332\30\0\0000m6vARoZ\1\0"..., 108, 1946 <unfinished ...>
661436 1790835806.526601 --- SIGURG {si_signo=SIGURG, si_code=SI_TKILL, si_pid=661400, si_uid=1000} ---
661424 1790835806.551463 <... pwrite64 resumed>) = 108 (DELAYED) <0.025049>
661437 1790835806.551921 pwrite64(49</tmp/TestMixedWorkflowsRecoverFromFourServerFaults3749442285/001/node-0/jetstream/$SYS/_js_/C-R3F-SaO96lab/msgs/1.blk>, "l\0\0\0\24\0\0\0\0\0\0\0\345V\223\204\255S\332\30\0\0000m6vARoZ\1\0"..., 108, 2054 <unfinished ...>
661424 1790835806.552045 --- SIGURG {si_signo=SIGURG, si_code=SI_TKILL, si_pid=661400, si_uid=1000} ---
661437 1790835806.577001 <... pwrite64 resumed>) = 108 (DELAYED) <0.024984>
661437 1790835806.577408 --- SIGURG {si_signo=SIGURG, si_code=SI_TKILL, si_pid=661400, si_uid=1000} ---
661440 1790835806.689019 --- SIGURG {si_signo=SIGURG, si_code=SI_TKILL, si_pid=661400, si_uid=1000} ---
661437 1790835806.703887 newfstatat(AT_FDCWD</home/exedev/js-wf/integration>, "/tmp/TestMixedWorkflowsRecoverFromFourServerFaults3749442285/001/node-0/jetstream/$SYS/_js_/_meta_/tav.idx", {st_mode=S_IFREG|0600, st_size=16, ...}, 0) = 0 <0.000028>
661437 1790835806.708425 newfstatat(AT_FDCWD</home/exedev/js-wf/integration>, "/tmp/TestMixedWorkflowsRecoverFromFourServerFaults3749442285/001/node-0/jetstream/$SYS/_js_/_meta_/tav.idx", {st_mode=S_IFREG|0600, st_size=16, ...}, AT_SYMLINK_NOFOLLOW) = 0 <0.000037>
661437 1790835806.713339 renameat(AT_FDCWD</home/exedev/js-wf/integration>, "/tmp/TestMixedWorkflowsRecoverFromFourServerFaults3749442285/001/node-0/jetstream/$SYS/_js_/_meta_/tav.idx.tmp", AT_FDCWD</home/exedev/js-wf/integration>, "/tmp/TestMixedWorkflowsRecoverFromFourServerFaults3749442285/001/node-0/jetstream/$SYS/_js_/_meta_/tav.idx") = 0 <0.000069>
661437 1790835806.715097 newfstatat(AT_FDCWD</home/exedev/js-wf/integration>, "/tmp/TestMixedWorkflowsRecoverFromFourServerFaults3749442285/001/node-0/jetstream/$SYS/_js_/_meta_/tav.idx", {st_mode=S_IFREG|0600, st_size=8, ...}, 0) = 0 <0.000013>
661437 1790835806.716880 --- SIGURG {si_signo=SIGURG, si_code=SI_TKILL, si_pid=661400, si_uid=1000} ---
661424 1790835806.716933 newfstatat(AT_FDCWD</home/exedev/js-wf/integration>, "/tmp/TestMixedWorkflowsRecoverFromFourServerFaults3749442285/001/node-0/jetstream/$SYS/_js_/_meta_/tav.idx", {st_mode=S_IFREG|0600, st_size=8, ...}, AT_SYMLINK_NOFOLLOW) = 0 <0.000019>
661424 1790835806.716987 renameat(AT_FDCWD</home/exedev/js-wf/integration>, "/tmp/TestMixedWorkflowsRecoverFromFourServerFaults3749442285/001/node-0/jetstream/$SYS/_js_/_meta_/tav.idx.tmp", AT_FDCWD</home/exedev/js-wf/integration>, "/tmp/TestMixedWorkflowsRecoverFromFourServerFaults3749442285/001/node-0/jetstream/$SYS/_js_/_meta_/tav.idx") = 0 <0.000058>
661437 1790835806.725557 --- SIGURG {si_signo=SIGURG, si_code=SI_TKILL, si_pid=661400, si_uid=1000} ---
661422 1790835806.960755 --- SIGURG {si_signo=SIGURG, si_code=SI_TKILL, si_pid=661400, si_uid=1000} ---
661424 1790835806.971781 --- SIGURG {si_signo=SIGURG, si_code=SI_TKILL, si_pid=661400, si_uid=1000} ---
661437 1790835806.999091 newfstatat(AT_FDCWD</home/exedev/js-wf/integration>, "/tmp/TestMixedWorkflowsRecoverFromFourServerFaults3749442285/001/node-0/jetstream/$SYS/_js_/S-R3F-1ekUakaP/tav.idx", {st_mode=S_IFREG|0600, st_size=16, ...}, 0) = 0 <0.000026>
661437 1790835807.006287 newfstatat(AT_FDCWD</home/exedev/js-wf/integration>, "/tmp/TestMixedWorkflowsRecoverFromFourServerFaults3749442285/001/node-0/jetstream/$SYS/_js_/S-R3F-1ekUakaP/tav.idx", {st_mode=S_IFREG|0600, st_size=16, ...}, AT_SYMLINK_NOFOLLOW) = 0 <0.000144>
661437 1790835807.009323 renameat(AT_FDCWD</home/exedev/js-wf/integration>, "/tmp/TestMixedWorkflowsRecoverFromFourServerFaults3749442285/001/node-0/jetstream/$SYS/_js_/S-R3F-1ekUakaP/tav.idx.tmp", AT_FDCWD</home/exedev/js-wf/integration>, "/tmp/TestMixedWorkflowsRecoverFromFourServerFaults3749442285/001/node-0/jetstream/$SYS/_js_/S-R3F-1ekUakaP/tav.idx") = 0 <0.000054>
661437 1790835807.015708 newfstatat(AT_FDCWD</home/exedev/js-wf/integration>, "/tmp/TestMixedWorkflowsRecoverFromFourServerFaults3749442285/001/node-0/jetstream/$SYS/_js_/S-R3F-1ekUakaP/tav.idx", {st_mode=S_IFREG|0600, st_size=8, ...}, 0) = 0 <0.000023>
661437 1790835807.017484 newfstatat(AT_FDCWD</home/exedev/js-wf/integration>, "/tmp/TestMixedWorkflowsRecoverFromFourServerFaults3749442285/001/node-0/jetstream/$SYS/_js_/S-R3F-1ekUakaP/tav.idx", {st_mode=S_IFREG|0600, st_size=8, ...}, AT_SYMLINK_NOFOLLOW) = 0 <0.000030>
661437 1790835807.017545 renameat(AT_FDCWD</home/exedev/js-wf/integration>, "/tmp/TestMixedWorkflowsRecoverFromFourServerFaults3749442285/001/node-0/jetstream/$SYS/_js_/S-R3F-1ekUakaP/tav.idx.tmp", AT_FDCWD</home/exedev/js-wf/integration>, "/tmp/TestMixedWorkflowsRecoverFromFourServerFaults3749442285/001/node-0/jetstream/$SYS/_js_/S-R3F-1ekUakaP/tav.idx") = 0 <0.000044>
661437 1790835807.018911 --- SIGURG {si_signo=SIGURG, si_code=SI_TKILL, si_pid=661400, si_uid=1000} ---
661422 1790835807.186047 pwrite64(42</tmp/TestMixedWorkflowsRecoverFromFourServerFaults3749442285/001/node-0/jetstream/$SYS/_js_/C-R3F-GtA4TRr8/msgs/1.blk>, "l\0\0\0\26\0\0\0\0\0\0\0\251\20_\252\255S\332\30\0\0000m6vARoZ\1\0"..., 108, 2235) = 108 (DELAYED) <0.024989>
661422 1790835807.211501 --- SIGURG {si_signo=SIGURG, si_code=SI_TKILL, si_pid=661400, si_uid=1000} ---
661424 1790835807.211569 pwrite64(42</tmp/TestMixedWorkflowsRecoverFromFourServerFaults3749442285/001/node-0/jetstream/$SYS/_js_/C-R3F-GtA4TRr8/msgs/1.blk>, "l\0\0\0\27\0\0\0\0\0\0\0\231h\344\253\255S\332\30\0\0000m6vARoZ\1\0"..., 108, 2343 <unfinished ...>
661440 1790835807.229852 --- SIGURG {si_signo=SIGURG, si_code=SI_TKILL, si_pid=661400, si_uid=1000} ---
661424 1790835807.237479 <... pwrite64 resumed>) = 108 (DELAYED) <0.025887>
661422 1790835807.527992 pwrite64(49</tmp/TestMixedWorkflowsRecoverFromFourServerFaults3749442285/001/node-0/jetstream/$SYS/_js_/C-R3F-SaO96lab/msgs/1.blk>, "l\0\0\0\25\0\0\0\0\0\0\0\341\10\301\276\255S\332\30\0\0000m6vARoZ\1\0"..., 108, 2162) = 108 (DELAYED) <0.025009>
661422 1790835807.553235 pwrite64(49</tmp/TestMixedWorkflowsRecoverFromFourServerFaults3749442285/001/node-0/jetstream/$SYS/_js_/C-R3F-SaO96lab/msgs/1.blk>, "l\0\0\0\26\0\0\0\0\0\0\08\30B\300\255S\332\30\0\0000m6vARoZ\1\0"..., 108, 2270) = 108 (DELAYED) <0.025028>
661422 1790835807.578493 --- SIGURG {si_signo=SIGURG, si_code=SI_TKILL, si_pid=661400, si_uid=1000} ---
661440 1790835807.687293 --- SIGURG {si_signo=SIGURG, si_code=SI_TKILL, si_pid=661400, si_uid=1000} ---
661436 1790835807.891343 --- SIGURG {si_signo=SIGURG, si_code=SI_TKILL, si_pid=661400, si_uid=1000} ---
661422 1790835808.039988 newfstatat(AT_FDCWD</home/exedev/js-wf/integration>, "/tmp/TestMixedWorkflowsRecoverFromFourServerFaults3749442285/001/node-0/jetstream/$SYS/_js_/S-R3F-Xg8vWcWy/tav.idx", {st_mode=S_IFREG|0600, st_size=16, ...}, 0) = 0 <0.000028>
661422 1790835808.046796 newfstatat(AT_FDCWD</home/exedev/js-wf/integration>, "/tmp/TestMixedWorkflowsRecoverFromFourServerFaults3749442285/001/node-0/jetstream/$SYS/_js_/S-R3F-Xg8vWcWy/tav.idx", {st_mode=S_IFREG|0600, st_size=16, ...}, AT_SYMLINK_NOFOLLOW) = 0 <0.001308>
661422 1790835808.063304 renameat(AT_FDCWD</home/exedev/js-wf/integration>, "/tmp/TestMixedWorkflowsRecoverFromFourServerFaults3749442285/001/node-0/jetstream/$SYS/_js_/S-R3F-Xg8vWcWy/tav.idx.tmp", AT_FDCWD</home/exedev/js-wf/integration>, "/tmp/TestMixedWorkflowsRecoverFromFourServerFaults3749442285/001/node-0/jetstream/$SYS/_js_/S-R3F-Xg8vWcWy/tav.idx") = 0 <0.000403>
661422 1790835808.064192 --- SIGURG {si_signo=SIGURG, si_code=SI_TKILL, si_pid=661400, si_uid=1000} ---
661422 1790835808.067858 newfstatat(AT_FDCWD</home/exedev/js-wf/integration>, "/tmp/TestMixedWorkflowsRecoverFromFourServerFaults3749442285/001/node-0/jetstream/$SYS/_js_/S-R3F-Xg8vWcWy/tav.idx", {st_mode=S_IFREG|0600, st_size=8, ...}, 0) = 0 <0.000020>
661422 1790835808.073031 newfstatat(AT_FDCWD</home/exedev/js-wf/integration>, "/tmp/TestMixedWorkflowsRecoverFromFourServerFaults3749442285/001/node-0/jetstream/$SYS/_js_/S-R3F-Xg8vWcWy/tav.idx", {st_mode=S_IFREG|0600, st_size=8, ...}, AT_SYMLINK_NOFOLLOW) = 0 <0.000115>
661422 1790835808.074817 renameat(AT_FDCWD</home/exedev/js-wf/integration>, "/tmp/TestMixedWorkflowsRecoverFromFourServerFaults3749442285/001/node-0/jetstream/$SYS/_js_/S-R3F-Xg8vWcWy/tav.idx.tmp", AT_FDCWD</home/exedev/js-wf/integration>, "/tmp/TestMixedWorkflowsRecoverFromFourServerFaults3749442285/001/node-0/jetstream/$SYS/_js_/S-R3F-Xg8vWcWy/tav.idx") = 0 <0.000057>
661436 1790835808.082566 newfstatat(AT_FDCWD</home/exedev/js-wf/integration>, "/tmp/TestMixedWorkflowsRecoverFromFourServerFaults3749442285/001/node-0/jetstream/$SYS/_js_/C-R3F-13UXQlAl/tav.idx", {st_mode=S_IFREG|0600, st_size=16, ...}, 0) = 0 <0.000042>
661436 1790835808.084706 newfstatat(AT_FDCWD</home/exedev/js-wf/integration>, "/tmp/TestMixedWorkflowsRecoverFromFourServerFaults3749442285/001/node-0/jetstream/$SYS/_js_/C-R3F-13UXQlAl/tav.idx", {st_mode=S_IFREG|0600, st_size=16, ...}, AT_SYMLINK_NOFOLLOW) = 0 <0.000039>
661436 1790835808.086481 renameat(AT_FDCWD</home/exedev/js-wf/integration>, "/tmp/TestMixedWorkflowsRecoverFromFourServerFaults3749442285/001/node-0/jetstream/$SYS/_js_/C-R3F-13UXQlAl/tav.idx.tmp", AT_FDCWD</home/exedev/js-wf/integration>, "/tmp/TestMixedWorkflowsRecoverFromFourServerFaults3749442285/001/node-0/jetstream/$SYS/_js_/C-R3F-13UXQlAl/tav.idx") = 0 <0.000068>
661436 1790835808.089916 newfstatat(AT_FDCWD</home/exedev/js-wf/integration>, "/tmp/TestMixedWorkflowsRecoverFromFourServerFaults3749442285/001/node-0/jetstream/$SYS/_js_/C-R3F-13UXQlAl/tav.idx", {st_mode=S_IFREG|0600, st_size=8, ...}, 0) = 0 <0.000072>
661436 1790835808.092503 newfstatat(AT_FDCWD</home/exedev/js-wf/integration>, "/tmp/TestMixedWorkflowsRecoverFromFourServerFaults3749442285/001/node-0/jetstream/$SYS/_js_/C-R3F-13UXQlAl/tav.idx", {st_mode=S_IFREG|0600, st_size=8, ...}, AT_SYMLINK_NOFOLLOW) = 0 <0.000020>
661436 1790835808.092563 renameat(AT_FDCWD</home/exedev/js-wf/integration>, "/tmp/TestMixedWorkflowsRecoverFromFourServerFaults3749442285/001/node-0/jetstream/$SYS/_js_/C-R3F-13UXQlAl/tav.idx.tmp", AT_FDCWD</home/exedev/js-wf/integration>, "/tmp/TestMixedWorkflowsRecoverFromFourServerFaults3749442285/001/node-0/jetstream/$SYS/_js_/C-R3F-13UXQlAl/tav.idx") = 0 <0.000048>
661436 1790835808.094829 --- SIGURG {si_signo=SIGURG, si_code=SI_TKILL, si_pid=661400, si_uid=1000} ---
661422 1790835808.190765 pwrite64(42</tmp/TestMixedWorkflowsRecoverFromFourServerFaults3749442285/001/node-0/jetstream/$SYS/_js_/C-R3F-GtA4TRr8/msgs/1.blk>, "l\0\0\0\30\0\0\0\0\0\0\0\37\vB\346\255S\332\30\0\0000m6vARoZ\1\0"..., 108, 2451) = 108 (DELAYED) <0.028037>
661440 1790835808.220003 pwrite64(42</tmp/TestMixedWorkflowsRecoverFromFourServerFaults3749442285/001/node-0/jetstream/$SYS/_js_/C-R3F-GtA4TRr8/msgs/1.blk>, "l\0\0\0\31\0\0\0\0\0\0\0mn\0\350\255S\332\30\0\0000m6vARoZ\1\0"..., 108, 2559) = 108 (DELAYED) <0.024998>
661440 1790835808.245143 --- SIGURG {si_signo=SIGURG, si_code=SI_TKILL, si_pid=661400, si_uid=1000} ---
661422 1790835808.291982 --- SIGURG {si_signo=SIGURG, si_code=SI_TKILL, si_pid=661400, si_uid=1000} ---
661422 1790835808.391996 --- SIGURG {si_signo=SIGURG, si_code=SI_TKILL, si_pid=661400, si_uid=1000} ---
661440 1790835808.487655 --- SIGURG {si_signo=SIGURG, si_code=SI_TKILL, si_pid=661400, si_uid=1000} ---
661440 1790835808.532135 pwrite64(49</tmp/TestMixedWorkflowsRecoverFromFourServerFaults3749442285/001/node-0/jetstream/$SYS/_js_/C-R3F-SaO96lab/msgs/1.blk>, "l\0\0\0\27\0\0\0\0\0\0\0E\325\232\372\255S\332\30\0\0000m6vARoZ\1\0"..., 108, 2378) = 108 (DELAYED) <0.024979>
661440 1790835808.557300 --- SIGURG {si_signo=SIGURG, si_code=SI_TKILL, si_pid=661400, si_uid=1000} ---
661417 1790835808.558460 pwrite64(49</tmp/TestMixedWorkflowsRecoverFromFourServerFaults3749442285/001/node-0/jetstream/$SYS/_js_/C-R3F-SaO96lab/msgs/1.blk>, "l\0\0\0\30\0\0\0\0\0\0\0\4c,\374\255S\332\30\0\0000m6vARoZ\1\0"..., 108, 2486) = 108 (DELAYED) <0.025029>
661417 1790835808.583602 --- SIGURG {si_signo=SIGURG, si_code=SI_TKILL, si_pid=661400, si_uid=1000} ---
661422 1790835808.687549 --- SIGURG {si_signo=SIGURG, si_code=SI_TKILL, si_pid=661400, si_uid=1000} ---
661436 1790835808.922472 --- SIGURG {si_signo=SIGURG, si_code=SI_TKILL, si_pid=661400, si_uid=1000} ---
661436 1790835808.960934 --- SIGURG {si_signo=SIGURG, si_code=SI_TKILL, si_pid=661400, si_uid=1000} ---
661440 1790835808.972360 --- SIGURG {si_signo=SIGURG, si_code=SI_TKILL, si_pid=661400, si_uid=1000} ---
661422 1790835809.222422 pwrite64(42</tmp/TestMixedWorkflowsRecoverFromFourServerFaults3749442285/001/node-0/jetstream/$SYS/_js_/C-R3F-GtA4TRr8/msgs/1.blk>, "l\0\0\0\32\0\0\0\0\0\0\0\361\360\277#\256S\332\30\0\0000m6vARoZ\1\0"..., 108, 2667) = 108 (DELAYED) <0.027750>
661422 1790835809.250553 --- SIGURG {si_signo=SIGURG, si_code=SI_TKILL, si_pid=661400, si_uid=1000} ---
661436 1790835809.250842 pwrite64(42</tmp/TestMixedWorkflowsRecoverFromFourServerFaults3749442285/001/node-0/jetstream/$SYS/_js_/C-R3F-GtA4TRr8/msgs/1.blk>, "l\0\0\0\33\0\0\0\0\0\0\0\n\300o%\256S\332\30\0\0000m6vARoZ\1\0"..., 108, 2775) = 108 (DELAYED) <0.025075>
661436 1790835809.276248 --- SIGURG {si_signo=SIGURG, si_code=SI_TKILL, si_pid=661400, si_uid=1000} ---
661437 1790835809.424783 --- SIGURG {si_signo=SIGURG, si_code=SI_TKILL, si_pid=661400, si_uid=1000} ---
661437 1790835809.559051 pwrite64(49</tmp/TestMixedWorkflowsRecoverFromFourServerFaults3749442285/001/node-0/jetstream/$SYS/_js_/C-R3F-SaO96lab/msgs/1.blk>, "l\0\0\0\31\0\0\0\0\0\0\0/\200\3207\256S\332\30\0\0000m6vARoZ\1\0"..., 108, 2594) = 108 (DELAYED) <0.024972>
661437 1790835809.584189 pwrite64(49</tmp/TestMixedWorkflowsRecoverFromFourServerFaults3749442285/001/node-0/jetstream/$SYS/_js_/C-R3F-SaO96lab/msgs/1.blk>, "l\0\0\0\32\0\0\0\0\0\0\0@IP9\256S\332\30\0\0000m6vARoZ\1\0"..., 108, 2702) = 108 (DELAYED) <0.027011>
661437 1790835809.891579 --- SIGURG {si_signo=SIGURG, si_code=SI_TKILL, si_pid=661400, si_uid=1000} ---
661437 1790835809.891671 --- SIGURG {si_signo=SIGURG, si_code=SI_TKILL, si_pid=661400, si_uid=1000} ---
661440 1790835809.922626 newfstatat(AT_FDCWD</home/exedev/js-wf/integration>, "/tmp/TestMixedWorkflowsRecoverFromFourServerFaults3749442285/001/node-0/jetstream/$SYS/_js_/S-R3F-LSMV4M8C/tav.idx", {st_mode=S_IFREG|0600, st_size=16, ...}, 0) = 0 <0.000044>
661440 1790835809.926298 newfstatat(AT_FDCWD</home/exedev/js-wf/integration>, "/tmp/TestMixedWorkflowsRecoverFromFourServerFaults3749442285/001/node-0/jetstream/$SYS/_js_/S-R3F-LSMV4M8C/tav.idx", {st_mode=S_IFREG|0600, st_size=16, ...}, AT_SYMLINK_NOFOLLOW) = 0 <0.000012>
661440 1790835809.926362 renameat(AT_FDCWD</home/exedev/js-wf/integration>, "/tmp/TestMixedWorkflowsRecoverFromFourServerFaults3749442285/001/node-0/jetstream/$SYS/_js_/S-R3F-LSMV4M8C/tav.idx.tmp", AT_FDCWD</home/exedev/js-wf/integration>, "/tmp/TestMixedWorkflowsRecoverFromFourServerFaults3749442285/001/node-0/jetstream/$SYS/_js_/S-R3F-LSMV4M8C/tav.idx") = 0 <0.001763>
661440 1790835809.929522 newfstatat(AT_FDCWD</home/exedev/js-wf/integration>, "/tmp/TestMixedWorkflowsRecoverFromFourServerFaults3749442285/001/node-0/jetstream/$SYS/_js_/S-R3F-LSMV4M8C/tav.idx", {st_mode=S_IFREG|0600, st_size=8, ...}, 0) = 0 <0.000016>
661440 1790835809.935560 newfstatat(AT_FDCWD</home/exedev/js-wf/integration>, "/tmp/TestMixedWorkflowsRecoverFromFourServerFaults3749442285/001/node-0/jetstream/$SYS/_js_/S-R3F-LSMV4M8C/tav.idx", {st_mode=S_IFREG|0600, st_size=8, ...}, AT_SYMLINK_NOFOLLOW) = 0 <0.000087>
661440 1790835809.938023 renameat(AT_FDCWD</home/exedev/js-wf/integration>, "/tmp/TestMixedWorkflowsRecoverFromFourServerFaults3749442285/001/node-0/jetstream/$SYS/_js_/S-R3F-LSMV4M8C/tav.idx.tmp", AT_FDCWD</home/exedev/js-wf/integration>, "/tmp/TestMixedWorkflowsRecoverFromFourServerFaults3749442285/001/node-0/jetstream/$SYS/_js_/S-R3F-LSMV4M8C/tav.idx") = 0 <0.000075>
661440 1790835810.047868 newfstatat(AT_FDCWD</home/exedev/js-wf/integration>, "/tmp/TestMixedWorkflowsRecoverFromFourServerFaults3749442285/001/node-0/jetstream/$SYS/_js_/C-R3F-0ktVzAXS/tav.idx", {st_mode=S_IFREG|0600, st_size=16, ...}, 0) = 0 <0.000017>
661440 1790835810.050509 --- SIGURG {si_signo=SIGURG, si_code=SI_TKILL, si_pid=661400, si_uid=1000} ---
661440 1790835810.050606 newfstatat(AT_FDCWD</home/exedev/js-wf/integration>, "/tmp/TestMixedWorkflowsRecoverFromFourServerFaults3749442285/001/node-0/jetstream/$SYS/_js_/C-R3F-0ktVzAXS/tav.idx", {st_mode=S_IFREG|0600, st_size=16, ...}, AT_SYMLINK_NOFOLLOW) = 0 <0.000016>
661440 1790835810.050668 renameat(AT_FDCWD</home/exedev/js-wf/integration>, "/tmp/TestMixedWorkflowsRecoverFromFourServerFaults3749442285/001/node-0/jetstream/$SYS/_js_/C-R3F-0ktVzAXS/tav.idx.tmp", AT_FDCWD</home/exedev/js-wf/integration>, "/tmp/TestMixedWorkflowsRecoverFromFourServerFaults3749442285/001/node-0/jetstream/$SYS/_js_/C-R3F-0ktVzAXS/tav.idx") = 0 <0.003762>
661440 1790835810.056167 newfstatat(AT_FDCWD</home/exedev/js-wf/integration>, "/tmp/TestMixedWorkflowsRecoverFromFourServerFaults3749442285/001/node-0/jetstream/$SYS/_js_/C-R3F-0ktVzAXS/tav.idx", {st_mode=S_IFREG|0600, st_size=8, ...}, 0) = 0 <0.000006>
661440 1790835810.062669 newfstatat(AT_FDCWD</home/exedev/js-wf/integration>, "/tmp/TestMixedWorkflowsRecoverFromFourServerFaults3749442285/001/node-0/jetstream/$SYS/_js_/C-R3F-0ktVzAXS/tav.idx", {st_mode=S_IFREG|0600, st_size=8, ...}, AT_SYMLINK_NOFOLLOW) = 0 <0.000025>
661440 1790835810.066828 renameat(AT_FDCWD</home/exedev/js-wf/integration>, "/tmp/TestMixedWorkflowsRecoverFromFourServerFaults3749442285/001/node-0/jetstream/$SYS/_js_/C-R3F-0ktVzAXS/tav.idx.tmp", AT_FDCWD</home/exedev/js-wf/integration>, "/tmp/TestMixedWorkflowsRecoverFromFourServerFaults3749442285/001/node-0/jetstream/$SYS/_js_/C-R3F-0ktVzAXS/tav.idx") = 0 <0.000100>
661440 1790835810.075223 --- SIGURG {si_signo=SIGURG, si_code=SI_TKILL, si_pid=661400, si_uid=1000} ---
661437 1790835810.202923 --- SIGURG {si_signo=SIGURG, si_code=SI_TKILL, si_pid=661400, si_uid=1000} ---
661437 1790835810.223551 pwrite64(42</tmp/TestMixedWorkflowsRecoverFromFourServerFaults3749442285/001/node-0/jetstream/$SYS/_js_/C-R3F-GtA4TRr8/msgs/1.blk>, "l\0\0\0\34\0\0\0\0\0\0\0\250\317k_\256S\332\30\0\0000m6vARoZ\1\0"..., 108, 2883) = 108 (DELAYED) <0.027252>
661437 1790835810.251033 pwrite64(42</tmp/TestMixedWorkflowsRecoverFromFourServerFaults3749442285/001/node-0/jetstream/$SYS/_js_/C-R3F-GtA4TRr8/msgs/1.blk>, "l\0\0\0\35\0\0\0\0\0\0\0H]\17a\256S\332\30\0\0000m6vARoZ\1\0"..., 108, 2991) = 108 (DELAYED) <0.025025>
661422 1790835810.566125 --- SIGURG {si_signo=SIGURG, si_code=SI_TKILL, si_pid=661400, si_uid=1000} ---
661417 1790835810.566283 pwrite64(49</tmp/TestMixedWorkflowsRecoverFromFourServerFaults3749442285/001/node-0/jetstream/$SYS/_js_/C-R3F-SaO96lab/msgs/1.blk>, "l\0\0\0\33\0\0\0\0\0\0\0C\177\331s\256S\332\30\0\0000m6vARoZ\1\0"..., 108, 2810) = 108 (DELAYED) <0.025074>
661417 1790835810.591708 pwrite64(49</tmp/TestMixedWorkflowsRecoverFromFourServerFaults3749442285/001/node-0/jetstream/$SYS/_js_/C-R3F-SaO96lab/msgs/1.blk>, "l\0\0\0\34\0\0\0\0\0\0\0m\253\\u\256S\332\30\0\0000m6vARoZ\1\0"..., 108, 2918) = 108 (DELAYED) <0.024872>
661417 1790835810.680393 newfstatat(AT_FDCWD</home/exedev/js-wf/integration>, "/tmp/TestMixedWorkflowsRecoverFromFourServerFaults3749442285/001/node-0/jetstream/$SYS/_js_/C-R3F-7OYeMzZe/tav.idx", {st_mode=S_IFREG|0600, st_size=16, ...}, 0) = 0 <0.000044>
661417 1790835810.684640 newfstatat(AT_FDCWD</home/exedev/js-wf/integration>, "/tmp/TestMixedWorkflowsRecoverFromFourServerFaults3749442285/001/node-0/jetstream/$SYS/_js_/C-R3F-7OYeMzZe/tav.idx", {st_mode=S_IFREG|0600, st_size=16, ...}, AT_SYMLINK_NOFOLLOW) = 0 <0.000076>
661417 1790835810.690817 renameat(AT_FDCWD</home/exedev/js-wf/integration>, "/tmp/TestMixedWorkflowsRecoverFromFourServerFaults3749442285/001/node-0/jetstream/$SYS/_js_/C-R3F-7OYeMzZe/tav.idx.tmp", AT_FDCWD</home/exedev/js-wf/integration>, "/tmp/TestMixedWorkflowsRecoverFromFourServerFaults3749442285/001/node-0/jetstream/$SYS/_js_/C-R3F-7OYeMzZe/tav.idx") = 0 <0.000106>
661422 1790835810.691040 --- SIGURG {si_signo=SIGURG, si_code=SI_TKILL, si_pid=661400, si_uid=1000} ---
661417 1790835810.693917 newfstatat(AT_FDCWD</home/exedev/js-wf/integration>, "/tmp/TestMixedWorkflowsRecoverFromFourServerFaults3749442285/001/node-0/jetstream/$SYS/_js_/C-R3F-7OYeMzZe/tav.idx", {st_mode=S_IFREG|0600, st_size=8, ...}, 0) = 0 <0.000009>
661417 1790835810.695451 newfstatat(AT_FDCWD</home/exedev/js-wf/integration>, "/tmp/TestMixedWorkflowsRecoverFromFourServerFaults3749442285/001/node-0/jetstream/$SYS/_js_/C-R3F-7OYeMzZe/tav.idx", {st_mode=S_IFREG|0600, st_size=8, ...}, AT_SYMLINK_NOFOLLOW) = 0 <0.000017>
661417 1790835810.696545 renameat(AT_FDCWD</home/exedev/js-wf/integration>, "/tmp/TestMixedWorkflowsRecoverFromFourServerFaults3749442285/001/node-0/jetstream/$SYS/_js_/C-R3F-7OYeMzZe/tav.idx.tmp", AT_FDCWD</home/exedev/js-wf/integration>, "/tmp/TestMixedWorkflowsRecoverFromFourServerFaults3749442285/001/node-0/jetstream/$SYS/_js_/C-R3F-7OYeMzZe/tav.idx") = 0 <0.000058>
661417 1790835810.872761 newfstatat(AT_FDCWD</home/exedev/js-wf/integration>, "/tmp/TestMixedWorkflowsRecoverFromFourServerFaults3749442285/001/node-0/jetstream/$SYS/_js_/C-R3F-msGDjRCn/tav.idx", {st_mode=S_IFREG|0600, st_size=16, ...}, 0) = 0 <0.000025>
661417 1790835810.877804 newfstatat(AT_FDCWD</home/exedev/js-wf/integration>, "/tmp/TestMixedWorkflowsRecoverFromFourServerFaults3749442285/001/node-0/jetstream/$SYS/_js_/C-R3F-msGDjRCn/tav.idx", {st_mode=S_IFREG|0600, st_size=16, ...}, AT_SYMLINK_NOFOLLOW) = 0 <0.000032>
661417 1790835810.879349 renameat(AT_FDCWD</home/exedev/js-wf/integration>, "/tmp/TestMixedWorkflowsRecoverFromFourServerFaults3749442285/001/node-0/jetstream/$SYS/_js_/C-R3F-msGDjRCn/tav.idx.tmp", AT_FDCWD</home/exedev/js-wf/integration>, "/tmp/TestMixedWorkflowsRecoverFromFourServerFaults3749442285/001/node-0/jetstream/$SYS/_js_/C-R3F-msGDjRCn/tav.idx") = 0 <0.000086>
661417 1790835810.880660 newfstatat(AT_FDCWD</home/exedev/js-wf/integration>, "/tmp/TestMixedWorkflowsRecoverFromFourServerFaults3749442285/001/node-0/jetstream/$SYS/_js_/C-R3F-msGDjRCn/tav.idx", {st_mode=S_IFREG|0600, st_size=8, ...}, 0) = 0 <0.000006>
661417 1790835810.882217 newfstatat(AT_FDCWD</home/exedev/js-wf/integration>, "/tmp/TestMixedWorkflowsRecoverFromFourServerFaults3749442285/001/node-0/jetstream/$SYS/_js_/C-R3F-msGDjRCn/tav.idx", {st_mode=S_IFREG|0600, st_size=8, ...}, AT_SYMLINK_NOFOLLOW) = 0 <0.000005>
661417 1790835810.882249 renameat(AT_FDCWD</home/exedev/js-wf/integration>, "/tmp/TestMixedWorkflowsRecoverFromFourServerFaults3749442285/001/node-0/jetstream/$SYS/_js_/C-R3F-msGDjRCn/tav.idx.tmp", AT_FDCWD</home/exedev/js-wf/integration>, "/tmp/TestMixedWorkflowsRecoverFromFourServerFaults3749442285/001/node-0/jetstream/$SYS/_js_/C-R3F-msGDjRCn/tav.idx") = 0 <0.000038>
661417 1790835810.961131 --- SIGURG {si_signo=SIGURG, si_code=SI_TKILL, si_pid=661400, si_uid=1000} ---
661417 1790835810.971491 --- SIGURG {si_signo=SIGURG, si_code=SI_TKILL, si_pid=661400, si_uid=1000} ---
661437 1790835811.030750 newfstatat(AT_FDCWD</home/exedev/js-wf/integration>, "/tmp/TestMixedWorkflowsRecoverFromFourServerFaults3749442285/001/node-0/jetstream/$SYS/_js_/S-R3F-MVWCx6oJ/tav.idx", {st_mode=S_IFREG|0600, st_size=16, ...}, 0) = 0 <0.000023>
661417 1790835811.031524 --- SIGURG {si_signo=SIGURG, si_code=SI_TKILL, si_pid=661400, si_uid=1000} ---
661437 1790835811.035386 newfstatat(AT_FDCWD</home/exedev/js-wf/integration>, "/tmp/TestMixedWorkflowsRecoverFromFourServerFaults3749442285/001/node-0/jetstream/$SYS/_js_/S-R3F-MVWCx6oJ/tav.idx", {st_mode=S_IFREG|0600, st_size=16, ...}, AT_SYMLINK_NOFOLLOW) = 0 <0.000017>
661437 1790835811.039603 renameat(AT_FDCWD</home/exedev/js-wf/integration>, "/tmp/TestMixedWorkflowsRecoverFromFourServerFaults3749442285/001/node-0/jetstream/$SYS/_js_/S-R3F-MVWCx6oJ/tav.idx.tmp", AT_FDCWD</home/exedev/js-wf/integration>, "/tmp/TestMixedWorkflowsRecoverFromFourServerFaults3749442285/001/node-0/jetstream/$SYS/_js_/S-R3F-MVWCx6oJ/tav.idx") = 0 <0.000085>
661437 1790835811.040835 newfstatat(AT_FDCWD</home/exedev/js-wf/integration>, "/tmp/TestMixedWorkflowsRecoverFromFourServerFaults3749442285/001/node-0/jetstream/$SYS/_js_/S-R3F-MVWCx6oJ/tav.idx", {st_mode=S_IFREG|0600, st_size=8, ...}, 0) = 0 <0.000005>
661437 1790835811.042129 newfstatat(AT_FDCWD</home/exedev/js-wf/integration>, "/tmp/TestMixedWorkflowsRecoverFromFourServerFaults3749442285/001/node-0/jetstream/$SYS/_js_/S-R3F-MVWCx6oJ/tav.idx", {st_mode=S_IFREG|0600, st_size=8, ...}, AT_SYMLINK_NOFOLLOW) = 0 <0.000004>
661437 1790835811.042171 renameat(AT_FDCWD</home/exedev/js-wf/integration>, "/tmp/TestMixedWorkflowsRecoverFromFourServerFaults3749442285/001/node-0/jetstream/$SYS/_js_/S-R3F-MVWCx6oJ/tav.idx.tmp", AT_FDCWD</home/exedev/js-wf/integration>, "/tmp/TestMixedWorkflowsRecoverFromFourServerFaults3749442285/001/node-0/jetstream/$SYS/_js_/S-R3F-MVWCx6oJ/tav.idx") = 0 <0.000043>
661417 1790835811.138114 newfstatat(AT_FDCWD</home/exedev/js-wf/integration>, "/tmp/TestMixedWorkflowsRecoverFromFourServerFaults3749442285/001/node-0/jetstream/$SYS/_js_/C-R3F-5zk9g5oE/tav.idx", {st_mode=S_IFREG|0600, st_size=16, ...}, 0) = 0 <0.001249>
661417 1790835811.139502 --- SIGURG {si_signo=SIGURG, si_code=SI_TKILL, si_pid=661400, si_uid=1000} ---
661417 1790835811.143001 newfstatat(AT_FDCWD</home/exedev/js-wf/integration>, "/tmp/TestMixedWorkflowsRecoverFromFourServerFaults3749442285/001/node-0/jetstream/$SYS/_js_/C-R3F-5zk9g5oE/tav.idx", {st_mode=S_IFREG|0600, st_size=16, ...}, AT_SYMLINK_NOFOLLOW) = 0 <0.000027>
661417 1790835811.146151 renameat(AT_FDCWD</home/exedev/js-wf/integration>, "/tmp/TestMixedWorkflowsRecoverFromFourServerFaults3749442285/001/node-0/jetstream/$SYS/_js_/C-R3F-5zk9g5oE/tav.idx.tmp", AT_FDCWD</home/exedev/js-wf/integration>, "/tmp/TestMixedWorkflowsRecoverFromFourServerFaults3749442285/001/node-0/jetstream/$SYS/_js_/C-R3F-5zk9g5oE/tav.idx") = 0 <0.000067>
661417 1790835811.147455 newfstatat(AT_FDCWD</home/exedev/js-wf/integration>, "/tmp/TestMixedWorkflowsRecoverFromFourServerFaults3749442285/001/node-0/jetstream/$SYS/_js_/C-R3F-5zk9g5oE/tav.idx", {st_mode=S_IFREG|0600, st_size=8, ...}, 0) = 0 <0.000010>
661417 1790835811.149386 newfstatat(AT_FDCWD</home/exedev/js-wf/integration>, "/tmp/TestMixedWorkflowsRecoverFromFourServerFaults3749442285/001/node-0/jetstream/$SYS/_js_/C-R3F-5zk9g5oE/tav.idx", {st_mode=S_IFREG|0600, st_size=8, ...}, AT_SYMLINK_NOFOLLOW) = 0 <0.000005>
661417 1790835811.149414 renameat(AT_FDCWD</home/exedev/js-wf/integration>, "/tmp/TestMixedWorkflowsRecoverFromFourServerFaults3749442285/001/node-0/jetstream/$SYS/_js_/C-R3F-5zk9g5oE/tav.idx.tmp", AT_FDCWD</home/exedev/js-wf/integration>, "/tmp/TestMixedWorkflowsRecoverFromFourServerFaults3749442285/001/node-0/jetstream/$SYS/_js_/C-R3F-5zk9g5oE/tav.idx") = 0 <0.000036>
661436 1790835811.206960 --- SIGURG {si_signo=SIGURG, si_code=SI_TKILL, si_pid=661400, si_uid=1000} ---
661422 1790835811.224776 pwrite64(42</tmp/TestMixedWorkflowsRecoverFromFourServerFaults3749442285/001/node-0/jetstream/$SYS/_js_/C-R3F-GtA4TRr8/msgs/1.blk>, "l\0\0\0\36\0\0\0\0\0\0\0\312]\31\233\256S\332\30\0\0000m6vARoZ\1\0"..., 108, 3099) = 108 (DELAYED) <0.024994>
661422 1790835811.249938 --- SIGURG {si_signo=SIGURG, si_code=SI_TKILL, si_pid=661400, si_uid=1000} ---
661437 1790835811.250958 pwrite64(42</tmp/TestMixedWorkflowsRecoverFromFourServerFaults3749442285/001/node-0/jetstream/$SYS/_js_/C-R3F-GtA4TRr8/msgs/1.blk>, "l\0\0\0\37\0\0\0\0\0\0\0\300 \251\234\256S\332\30\0\0000m6vARoZ\1\0"..., 108, 3207 <unfinished ...>
661422 1790835811.254865 newfstatat(AT_FDCWD</home/exedev/js-wf/integration>, "/tmp/TestMixedWorkflowsRecoverFromFourServerFaults3749442285/001/node-0/jetstream/$SYS/_js_/C-R3F-JUPhrGJa/tav.idx", {st_mode=S_IFREG|0600, st_size=16, ...}, 0) = 0 <0.000029>
661422 1790835811.254951 --- SIGURG {si_signo=SIGURG, si_code=SI_TKILL, si_pid=661400, si_uid=1000} ---
661422 1790835811.258083 newfstatat(AT_FDCWD</home/exedev/js-wf/integration>, "/tmp/TestMixedWorkflowsRecoverFromFourServerFaults3749442285/001/node-0/jetstream/$SYS/_js_/C-R3F-JUPhrGJa/tav.idx", {st_mode=S_IFREG|0600, st_size=16, ...}, AT_SYMLINK_NOFOLLOW) = 0 <0.000035>
661422 1790835811.258188 renameat(AT_FDCWD</home/exedev/js-wf/integration>, "/tmp/TestMixedWorkflowsRecoverFromFourServerFaults3749442285/001/node-0/jetstream/$SYS/_js_/C-R3F-JUPhrGJa/tav.idx.tmp", AT_FDCWD</home/exedev/js-wf/integration>, "/tmp/TestMixedWorkflowsRecoverFromFourServerFaults3749442285/001/node-0/jetstream/$SYS/_js_/C-R3F-JUPhrGJa/tav.idx") = 0 <0.001765>
661422 1790835811.265363 newfstatat(AT_FDCWD</home/exedev/js-wf/integration>, "/tmp/TestMixedWorkflowsRecoverFromFourServerFaults3749442285/001/node-0/jetstream/$SYS/_js_/C-R3F-JUPhrGJa/tav.idx", {st_mode=S_IFREG|0600, st_size=8, ...}, 0) = 0 <0.000013>
661422 1790835811.266858 newfstatat(AT_FDCWD</home/exedev/js-wf/integration>, "/tmp/TestMixedWorkflowsRecoverFromFourServerFaults3749442285/001/node-0/jetstream/$SYS/_js_/C-R3F-JUPhrGJa/tav.idx", {st_mode=S_IFREG|0600, st_size=8, ...}, AT_SYMLINK_NOFOLLOW) = 0 <0.000015>
661422 1790835811.267564 renameat(AT_FDCWD</home/exedev/js-wf/integration>, "/tmp/TestMixedWorkflowsRecoverFromFourServerFaults3749442285/001/node-0/jetstream/$SYS/_js_/C-R3F-JUPhrGJa/tav.idx.tmp", AT_FDCWD</home/exedev/js-wf/integration>, "/tmp/TestMixedWorkflowsRecoverFromFourServerFaults3749442285/001/node-0/jetstream/$SYS/_js_/C-R3F-JUPhrGJa/tav.idx") = 0 <0.000042>
661422 1790835811.270651 --- SIGURG {si_signo=SIGURG, si_code=SI_TKILL, si_pid=661400, si_uid=1000} ---
661422 1790835811.270917 --- SIGURG {si_signo=SIGURG, si_code=SI_TKILL, si_pid=661400, si_uid=1000} ---
661437 1790835811.276008 <... pwrite64 resumed>) = 108 (DELAYED) <0.025015>
661437 1790835811.465899 newfstatat(AT_FDCWD</home/exedev/js-wf/integration>, "/tmp/TestMixedWorkflowsRecoverFromFourServerFaults3749442285/001/node-0/jetstream/$SYS/_js_/C-R3F-tuMA878n/tav.idx", {st_mode=S_IFREG|0600, st_size=16, ...}, 0) = 0 <0.000024>
661437 1790835811.470529 newfstatat(AT_FDCWD</home/exedev/js-wf/integration>, "/tmp/TestMixedWorkflowsRecoverFromFourServerFaults3749442285/001/node-0/jetstream/$SYS/_js_/C-R3F-tuMA878n/tav.idx", {st_mode=S_IFREG|0600, st_size=16, ...}, AT_SYMLINK_NOFOLLOW) = 0 <0.000029>
661437 1790835811.472513 renameat(AT_FDCWD</home/exedev/js-wf/integration>, "/tmp/TestMixedWorkflowsRecoverFromFourServerFaults3749442285/001/node-0/jetstream/$SYS/_js_/C-R3F-tuMA878n/tav.idx.tmp", AT_FDCWD</home/exedev/js-wf/integration>, "/tmp/TestMixedWorkflowsRecoverFromFourServerFaults3749442285/001/node-0/jetstream/$SYS/_js_/C-R3F-tuMA878n/tav.idx") = 0 <0.000062>
661437 1790835811.474247 newfstatat(AT_FDCWD</home/exedev/js-wf/integration>, "/tmp/TestMixedWorkflowsRecoverFromFourServerFaults3749442285/001/node-0/jetstream/$SYS/_js_/C-R3F-tuMA878n/tav.idx", {st_mode=S_IFREG|0600, st_size=8, ...}, 0) = 0 <0.000006>
661437 1790835811.476221 newfstatat(AT_FDCWD</home/exedev/js-wf/integration>, "/tmp/TestMixedWorkflowsRecoverFromFourServerFaults3749442285/001/node-0/jetstream/$SYS/_js_/C-R3F-tuMA878n/tav.idx", {st_mode=S_IFREG|0600, st_size=8, ...}, AT_SYMLINK_NOFOLLOW) = 0 <0.000004>
661437 1790835811.476265 renameat(AT_FDCWD</home/exedev/js-wf/integration>, "/tmp/TestMixedWorkflowsRecoverFromFourServerFaults3749442285/001/node-0/jetstream/$SYS/_js_/C-R3F-tuMA878n/tav.idx.tmp", AT_FDCWD</home/exedev/js-wf/integration>, "/tmp/TestMixedWorkflowsRecoverFromFourServerFaults3749442285/001/node-0/jetstream/$SYS/_js_/C-R3F-tuMA878n/tav.idx") = 0 <0.000035>
661436 1790835811.568190 pwrite64(49</tmp/TestMixedWorkflowsRecoverFromFourServerFaults3749442285/001/node-0/jetstream/$SYS/_js_/C-R3F-SaO96lab/msgs/1.blk>, "l\0\0\0\35\0\0\0\0\0\0\0\205\32\221\257\256S\332\30\0\0000m6vARoZ\1\0"..., 108, 3026) = 108 (DELAYED) <0.025005>
661437 1790835811.594732 pwrite64(49</tmp/TestMixedWorkflowsRecoverFromFourServerFaults3749442285/001/node-0/jetstream/$SYS/_js_/C-R3F-SaO96lab/msgs/1.blk>, "l\0\0\0\36\0\0\0\0\0\0\0\301\272&\261\256S\332\30\0\0000m6vARoZ\1\0"..., 108, 3134) = 108 (DELAYED) <0.025022>
661440 1790835811.646059 --- SIGURG {si_signo=SIGURG, si_code=SI_TKILL, si_pid=661400, si_uid=1000} ---
661437 1790835811.654822 newfstatat(AT_FDCWD</home/exedev/js-wf/integration>, "/tmp/TestMixedWorkflowsRecoverFromFourServerFaults3749442285/001/node-0/jetstream/$SYS/_js_/C-R3F-MSuCeJue/tav.idx", {st_mode=S_IFREG|0600, st_size=16, ...}, 0) = 0 <0.000017>
661417 1790835811.654928 newfstatat(AT_FDCWD</home/exedev/js-wf/integration>, "/tmp/TestMixedWorkflowsRecoverFromFourServerFaults3749442285/001/node-0/jetstream/$SYS/_js_/C-R3F-9oj0nEIt/tav.idx", {st_mode=S_IFREG|0600, st_size=16, ...}, 0) = 0 <0.000041>
661437 1790835811.656653 newfstatat(AT_FDCWD</home/exedev/js-wf/integration>, "/tmp/TestMixedWorkflowsRecoverFromFourServerFaults3749442285/001/node-0/jetstream/$SYS/_js_/C-R3F-MSuCeJue/tav.idx", {st_mode=S_IFREG|0600, st_size=16, ...}, AT_SYMLINK_NOFOLLOW) = 0 <0.000009>
661417 1790835811.656702 newfstatat(AT_FDCWD</home/exedev/js-wf/integration>, "/tmp/TestMixedWorkflowsRecoverFromFourServerFaults3749442285/001/node-0/jetstream/$SYS/_js_/C-R3F-9oj0nEIt/tav.idx",  <unfinished ...>
661437 1790835811.656723 renameat(AT_FDCWD</home/exedev/js-wf/integration>, "/tmp/TestMixedWorkflowsRecoverFromFourServerFaults3749442285/001/node-0/jetstream/$SYS/_js_/C-R3F-MSuCeJue/tav.idx.tmp", AT_FDCWD</home/exedev/js-wf/integration>, "/tmp/TestMixedWorkflowsRecoverFromFourServerFaults3749442285/001/node-0/jetstream/$SYS/_js_/C-R3F-MSuCeJue/tav.idx" <unfinished ...>
661417 1790835811.656733 <... newfstatat resumed>{st_mode=S_IFREG|0600, st_size=16, ...}, AT_SYMLINK_NOFOLLOW) = 0 <0.000022>
661417 1790835811.656787 renameat(AT_FDCWD</home/exedev/js-wf/integration>, "/tmp/TestMixedWorkflowsRecoverFromFourServerFaults3749442285/001/node-0/jetstream/$SYS/_js_/C-R3F-9oj0nEIt/tav.idx.tmp", AT_FDCWD</home/exedev/js-wf/integration>, "/tmp/TestMixedWorkflowsRecoverFromFourServerFaults3749442285/001/node-0/jetstream/$SYS/_js_/C-R3F-9oj0nEIt/tav.idx") = 0 <0.000270>
661437 1790835811.657139 <... renameat resumed>) = 0 <0.000405>
661422 1790835811.658715 fstat(19</tmp/TestMixedWorkflowsRecoverFromFourServerFaults3749442285/001/node-0/jetstream/$SYS/_js_/S-R3F-Xg8vWcWy/msgs/1.blk>, {st_mode=S_IFREG|0600, st_size=11398, ...}) = 0 <0.000018>
661422 1790835811.658811 lseek(19</tmp/TestMixedWorkflowsRecoverFromFourServerFaults3749442285/001/node-0/jetstream/$SYS/_js_/S-R3F-Xg8vWcWy/msgs/1.blk>, 0, SEEK_SET) = 0 <0.000028>
661422 1790835811.660049 fstat(19</tmp/TestMixedWorkflowsRecoverFromFourServerFaults3749442285/001/node-0/jetstream/$SYS/_js_/S-R3F-Xg8vWcWy/msgs/1.blk>, {st_mode=S_IFREG|0600, st_size=11398, ...}) = 0 <0.000010>
661422 1790835811.660126 read(19</tmp/TestMixedWorkflowsRecoverFromFourServerFaults3749442285/001/node-0/jetstream/$SYS/_js_/S-R3F-Xg8vWcWy/msgs/1.blk>, "p\0\0\0\1\0\0\0\0\0\0\0 \374v\204\253S\332\30\0\0St9I6EVH\1\0"..., 11398) = 11398 <0.000057>
661422 1790835811.660453 pwrite64(19</tmp/TestMixedWorkflowsRecoverFromFourServerFaults3749442285/001/node-0/jetstream/$SYS/_js_/S-R3F-Xg8vWcWy/msgs/1.blk>, "p\0\0\0\36\0\0\0\0\0\0\0B\374\366\264\256S\332\30\0\0000m6vARoZ\2\0"..., 112, 11398 <unfinished ...>
661424 1790835811.660719 newfstatat(AT_FDCWD</home/exedev/js-wf/integration>, "/tmp/TestMixedWorkflowsRecoverFromFourServerFaults3749442285/001/node-0/jetstream/$SYS/_js_/S-R3F-dbtFfnC3/tav.idx", {st_mode=S_IFREG|0600, st_size=16, ...}, 0) = 0 <0.000102>
661436 1790835811.660912 newfstatat(AT_FDCWD</home/exedev/js-wf/integration>, "/tmp/TestMixedWorkflowsRecoverFromFourServerFaults3749442285/001/node-0/jetstream/$SYS/_js_/C-R3F-w2Vf1jql/tav.idx", {st_mode=S_IFREG|0600, st_size=16, ...}, 0) = 0 <0.000019>
661437 1790835811.661135 newfstatat(AT_FDCWD</home/exedev/js-wf/integration>, "/tmp/TestMixedWorkflowsRecoverFromFourServerFaults3749442285/001/node-0/jetstream/$SYS/_js_/S-R3F-wKjybpcH/tav.idx", {st_mode=S_IFREG|0600, st_size=16, ...}, 0) = 0 <0.000022>
661417 1790835811.661402 newfstatat(AT_FDCWD</home/exedev/js-wf/integration>, "/tmp/TestMixedWorkflowsRecoverFromFourServerFaults3749442285/001/node-0/jetstream/$SYS/_js_/S-R3F-jsfg5vMh/tav.idx", {st_mode=S_IFREG|0600, st_size=16, ...}, 0) = 0 <0.000017>
661437 1790835811.664124 newfstatat(AT_FDCWD</home/exedev/js-wf/integration>, "/tmp/TestMixedWorkflowsRecoverFromFourServerFaults3749442285/001/node-0/jetstream/$SYS/_js_/S-R3F-wKjybpcH/tav.idx", {st_mode=S_IFREG|0600, st_size=16, ...}, AT_SYMLINK_NOFOLLOW) = 0 <0.000007>
661437 1790835811.664167 renameat(AT_FDCWD</home/exedev/js-wf/integration>, "/tmp/TestMixedWorkflowsRecoverFromFourServerFaults3749442285/001/node-0/jetstream/$SYS/_js_/S-R3F-wKjybpcH/tav.idx.tmp", AT_FDCWD</home/exedev/js-wf/integration>, "/tmp/TestMixedWorkflowsRecoverFromFourServerFaults3749442285/001/node-0/jetstream/$SYS/_js_/S-R3F-wKjybpcH/tav.idx" <unfinished ...>
661424 1790835811.664238 newfstatat(AT_FDCWD</home/exedev/js-wf/integration>, "/tmp/TestMixedWorkflowsRecoverFromFourServerFaults3749442285/001/node-0/jetstream/$SYS/_js_/S-R3F-dbtFfnC3/tav.idx",  <unfinished ...>
661417 1790835811.664252 newfstatat(AT_FDCWD</home/exedev/js-wf/integration>, "/tmp/TestMixedWorkflowsRecoverFromFourServerFaults3749442285/001/node-0/jetstream/$SYS/_js_/S-R3F-jsfg5vMh/tav.idx",  <unfinished ...>
661424 1790835811.664264 <... newfstatat resumed>{st_mode=S_IFREG|0600, st_size=16, ...}, AT_SYMLINK_NOFOLLOW) = 0 <0.000018>
661417 1790835811.664286 <... newfstatat resumed>{st_mode=S_IFREG|0600, st_size=16, ...}, AT_SYMLINK_NOFOLLOW) = 0 <0.000026>
661424 1790835811.664301 renameat(AT_FDCWD</home/exedev/js-wf/integration>, "/tmp/TestMixedWorkflowsRecoverFromFourServerFaults3749442285/001/node-0/jetstream/$SYS/_js_/S-R3F-dbtFfnC3/tav.idx.tmp", AT_FDCWD</home/exedev/js-wf/integration>, "/tmp/TestMixedWorkflowsRecoverFromFourServerFaults3749442285/001/node-0/jetstream/$SYS/_js_/S-R3F-dbtFfnC3/tav.idx" <unfinished ...>
661436 1790835811.664316 newfstatat(AT_FDCWD</home/exedev/js-wf/integration>, "/tmp/TestMixedWorkflowsRecoverFromFourServerFaults3749442285/001/node-0/jetstream/$SYS/_js_/C-R3F-w2Vf1jql/tav.idx",  <unfinished ...>
661417 1790835811.664329 renameat(AT_FDCWD</home/exedev/js-wf/integration>, "/tmp/TestMixedWorkflowsRecoverFromFourServerFaults3749442285/001/node-0/jetstream/$SYS/_js_/S-R3F-jsfg5vMh/tav.idx.tmp", AT_FDCWD</home/exedev/js-wf/integration>, "/tmp/TestMixedWorkflowsRecoverFromFourServerFaults3749442285/001/node-0/jetstream/$SYS/_js_/S-R3F-jsfg5vMh/tav.idx" <unfinished ...>
661436 1790835811.664340 <... newfstatat resumed>{st_mode=S_IFREG|0600, st_size=16, ...}, AT_SYMLINK_NOFOLLOW) = 0 <0.000016>
661436 1790835811.664359 renameat(AT_FDCWD</home/exedev/js-wf/integration>, "/tmp/TestMixedWorkflowsRecoverFromFourServerFaults3749442285/001/node-0/jetstream/$SYS/_js_/C-R3F-w2Vf1jql/tav.idx.tmp", AT_FDCWD</home/exedev/js-wf/integration>, "/tmp/TestMixedWorkflowsRecoverFromFourServerFaults3749442285/001/node-0/jetstream/$SYS/_js_/C-R3F-w2Vf1jql/tav.idx" <unfinished ...>
661437 1790835811.664510 <... renameat resumed>) = 0 <0.000329>
661436 1790835811.664557 <... renameat resumed>) = 0 <0.000190>
661424 1790835811.664566 <... renameat resumed>) = 0 <0.000256>
661417 1790835811.664636 <... renameat resumed>) = 0 <0.000298>
661437 1790835811.666943 newfstatat(AT_FDCWD</home/exedev/js-wf/integration>, "/tmp/TestMixedWorkflowsRecoverFromFourServerFaults3749442285/001/node-0/jetstream/$SYS/_js_/S-R3F-wKjybpcH/tav.idx", {st_mode=S_IFREG|0600, st_size=8, ...}, 0) = 0 <0.000020>
661417 1790835811.667067 newfstatat(AT_FDCWD</home/exedev/js-wf/integration>, "/tmp/TestMixedWorkflowsRecoverFromFourServerFaults3749442285/001/node-0/jetstream/$SYS/_js_/S-R3F-jsfg5vMh/tav.idx",  <unfinished ...>
661424 1790835811.667093 newfstatat(AT_FDCWD</home/exedev/js-wf/integration>, "/tmp/TestMixedWorkflowsRecoverFromFourServerFaults3749442285/001/node-0/jetstream/$SYS/_js_/S-R3F-dbtFfnC3/tav.idx",  <unfinished ...>
661417 1790835811.667104 <... newfstatat resumed>{st_mode=S_IFREG|0600, st_size=8, ...}, 0) = 0 <0.000028>
661424 1790835811.667115 <... newfstatat resumed>{st_mode=S_IFREG|0600, st_size=8, ...}, 0) = 0 <0.000015>
661437 1790835811.673439 newfstatat(AT_FDCWD</home/exedev/js-wf/integration>, "/tmp/TestMixedWorkflowsRecoverFromFourServerFaults3749442285/001/node-0/jetstream/$SYS/_js_/S-R3F-wKjybpcH/tav.idx", {st_mode=S_IFREG|0600, st_size=8, ...}, AT_SYMLINK_NOFOLLOW) = 0 <0.000081>
661437 1790835811.691864 renameat(AT_FDCWD</home/exedev/js-wf/integration>, "/tmp/TestMixedWorkflowsRecoverFromFourServerFaults3749442285/001/node-0/jetstream/$SYS/_js_/S-R3F-wKjybpcH/tav.idx.tmp", AT_FDCWD</home/exedev/js-wf/integration>, "/tmp/TestMixedWorkflowsRecoverFromFourServerFaults3749442285/001/node-0/jetstream/$SYS/_js_/S-R3F-wKjybpcH/tav.idx") = 0 <0.000408>
661422 1790835811.692319 <... pwrite64 resumed>) = 112 (DELAYED) <0.031851>
661406 1790835811.692469 newfstatat(AT_FDCWD</home/exedev/js-wf/integration>, "/tmp/TestMixedWorkflowsRecoverFromFourServerFaults3749442285/001/node-0/jetstream/$SYS/_js_/S-R3F-dbtFfnC3/tav.idx", {st_mode=S_IFREG|0600, st_size=8, ...}, AT_SYMLINK_NOFOLLOW) = 0 <0.000223>
661424 1790835811.692731 newfstatat(AT_FDCWD</home/exedev/js-wf/integration>, "/tmp/TestMixedWorkflowsRecoverFromFourServerFaults3749442285/001/node-0/jetstream/$SYS/_js_/S-R3F-jsfg5vMh/tav.idx",  <unfinished ...>
661406 1790835811.692771 renameat(AT_FDCWD</home/exedev/js-wf/integration>, "/tmp/TestMixedWorkflowsRecoverFromFourServerFaults3749442285/001/node-0/jetstream/$SYS/_js_/S-R3F-dbtFfnC3/tav.idx.tmp", AT_FDCWD</home/exedev/js-wf/integration>, "/tmp/TestMixedWorkflowsRecoverFromFourServerFaults3749442285/001/node-0/jetstream/$SYS/_js_/S-R3F-dbtFfnC3/tav.idx" <unfinished ...>
661424 1790835811.692874 <... newfstatat resumed>{st_mode=S_IFREG|0600, st_size=8, ...}, AT_SYMLINK_NOFOLLOW) = 0 <0.000130>
661424 1790835811.692928 renameat(AT_FDCWD</home/exedev/js-wf/integration>, "/tmp/TestMixedWorkflowsRecoverFromFourServerFaults3749442285/001/node-0/jetstream/$SYS/_js_/S-R3F-jsfg5vMh/tav.idx.tmp", AT_FDCWD</home/exedev/js-wf/integration>, "/tmp/TestMixedWorkflowsRecoverFromFourServerFaults3749442285/001/node-0/jetstream/$SYS/_js_/S-R3F-jsfg5vMh/tav.idx" <unfinished ...>
661406 1790835811.692958 <... renameat resumed>) = 0 <0.000103>
661440 1790835811.693017 fstat(27</tmp/TestMixedWorkflowsRecoverFromFourServerFaults3749442285/001/node-0/jetstream/$SYS/_js_/S-R3F-LSMV4M8C/msgs/1.blk>,  <unfinished ...>
661424 1790835811.693031 <... renameat resumed>) = 0 <0.000089>
661440 1790835811.693050 <... fstat resumed>{st_mode=S_IFREG|0600, st_size=112, ...}) = 0 <0.000022>
661440 1790835811.693071 lseek(27</tmp/TestMixedWorkflowsRecoverFromFourServerFaults3749442285/001/node-0/jetstream/$SYS/_js_/S-R3F-LSMV4M8C/msgs/1.blk>, 0, SEEK_SET) = 0 <0.000011>
661440 1790835811.693104 fstat(27</tmp/TestMixedWorkflowsRecoverFromFourServerFaults3749442285/001/node-0/jetstream/$SYS/_js_/S-R3F-LSMV4M8C/msgs/1.blk>, {st_mode=S_IFREG|0600, st_size=112, ...}) = 0 <0.000009>
661440 1790835811.693143 read(27</tmp/TestMixedWorkflowsRecoverFromFourServerFaults3749442285/001/node-0/jetstream/$SYS/_js_/S-R3F-LSMV4M8C/msgs/1.blk>, "p\0\0\0\1\0\0\0\0\0\0\0001\245^\231\253S\332\30\0\0000WED9nmv\1\0"..., 112) = 112 <0.000017>
661440 1790835811.693202 pwrite64(27</tmp/TestMixedWorkflowsRecoverFromFourServerFaults3749442285/001/node-0/jetstream/$SYS/_js_/S-R3F-LSMV4M8C/msgs/1.blk>, "p\0\0\0\2\0\0\0\0\0\0\0\34L\1\267\256S\332\30\0\0000m6vARoZ\3\0"..., 112, 112 <unfinished ...>
661406 1790835811.693438 fstat(52</tmp/TestMixedWorkflowsRecoverFromFourServerFaults3749442285/001/node-0/jetstream/$SYS/_js_/C-R3F-msGDjRCn/msgs/1.blk>, {st_mode=S_IFREG|0600, st_size=1024, ...}) = 0 <0.000012>
661406 1790835811.693538 lseek(52</tmp/TestMixedWorkflowsRecoverFromFourServerFaults3749442285/001/node-0/jetstream/$SYS/_js_/C-R3F-msGDjRCn/msgs/1.blk>, 0, SEEK_SET) = 0 <0.000054>
661406 1790835811.693625 fstat(52</tmp/TestMixedWorkflowsRecoverFromFourServerFaults3749442285/001/node-0/jetstream/$SYS/_js_/C-R3F-msGDjRCn/msgs/1.blk>, {st_mode=S_IFREG|0600, st_size=1024, ...}) = 0 <0.000096>
661406 1790835811.693773 read(52</tmp/TestMixedWorkflowsRecoverFromFourServerFaults3749442285/001/node-0/jetstream/$SYS/_js_/C-R3F-msGDjRCn/msgs/1.blk>, "p\0\0\0\1\0\0\0\0\0\0\0\304b\231\333\253S\332\30\0\0000WED9nmv\1\0"..., 1024) = 1024 <0.000066>
661406 1790835811.693999 pwrite64(52</tmp/TestMixedWorkflowsRecoverFromFourServerFaults3749442285/001/node-0/jetstream/$SYS/_js_/C-R3F-msGDjRCn/msgs/1.blk>, "p\0\0\0\v\0\0\0\0\0\0\0\201\301\10\267\256S\332\30\0\0000m6vARoZ\3\0"..., 112, 1024 <unfinished ...>
661407 1790835811.694203 fstat(23</tmp/TestMixedWorkflowsRecoverFromFourServerFaults3749442285/001/node-0/jetstream/$SYS/_js_/S-R3F-V5Y2qzIa/msgs/1.blk>, {st_mode=S_IFREG|0600, st_size=49891, ...}) = 0 <0.000008>
661407 1790835811.694268 lseek(23</tmp/TestMixedWorkflowsRecoverFromFourServerFaults3749442285/001/node-0/jetstream/$SYS/_js_/S-R3F-V5Y2qzIa/msgs/1.blk>, 0, SEEK_SET) = 0 <0.000023>
661407 1790835811.694358 fstat(23</tmp/TestMixedWorkflowsRecoverFromFourServerFaults3749442285/001/node-0/jetstream/$SYS/_js_/S-R3F-V5Y2qzIa/msgs/1.blk>, {st_mode=S_IFREG|0600, st_size=49891, ...}) = 0 <0.000012>
661436 1790835811.694457 fstat(48</tmp/TestMixedWorkflowsRecoverFromFourServerFaults3749442285/001/node-0/jetstream/$SYS/_js_/C-R3F-5zk9g5oE/msgs/1.blk>,  <unfinished ...>
661407 1790835811.694473 read(23</tmp/TestMixedWorkflowsRecoverFromFourServerFaults3749442285/001/node-0/jetstream/$SYS/_js_/S-R3F-V5Y2qzIa/msgs/1.blk>,  <unfinished ...>
661436 1790835811.694486 <... fstat resumed>{st_mode=S_IFREG|0600, st_size=709, ...}) = 0 <0.000018>
661436 1790835811.694618 lseek(48</tmp/TestMixedWorkflowsRecoverFromFourServerFaults3749442285/001/node-0/jetstream/$SYS/_js_/C-R3F-5zk9g5oE/msgs/1.blk>, 0, SEEK_SET <unfinished ...>
661407 1790835811.694633 <... read resumed>"p\0\0\0\1\0\0\0\0\0\0\0\325\354\203\217\253S\332\30\0\0St9I6EVH\1\0"..., 49891) = 49891 <0.000152>
661436 1790835811.694649 <... lseek resumed>) = 0 <0.000019>
661407 1790835811.694693 pwrite64(23</tmp/TestMixedWorkflowsRecoverFromFourServerFaults3749442285/001/node-0/jetstream/$SYS/_js_/S-R3F-V5Y2qzIa/msgs/1.blk>, "p\0\0\0s\0\0\0\0\0\0\0\252\240\24\267\256S\332\30\0\0000m6vARoZ\2\0"..., 112, 49891 <unfinished ...>
661436 1790835811.694713 fstat(48</tmp/TestMixedWorkflowsRecoverFromFourServerFaults3749442285/001/node-0/jetstream/$SYS/_js_/C-R3F-5zk9g5oE/msgs/1.blk>, {st_mode=S_IFREG|0600, st_size=709, ...}) = 0 <0.000018>
661436 1790835811.694765 read(48</tmp/TestMixedWorkflowsRecoverFromFourServerFaults3749442285/001/node-0/jetstream/$SYS/_js_/C-R3F-5zk9g5oE/msgs/1.blk>, "p\0\0\0\1\0\0\0\0\0\0\0\315\222}\331\253S\332\30\0\0000WED9nmv\1\0"..., 709) = 709 <0.000029>
661436 1790835811.695023 pwrite64(48</tmp/TestMixedWorkflowsRecoverFromFourServerFaults3749442285/001/node-0/jetstream/$SYS/_js_/C-R3F-5zk9g5oE/msgs/1.blk>, "p\0\0\0\10\0\0\0\0\0\0\0\341\34\30\267\256S\332\30\0\0000m6vARoZ\3\0"..., 112, 709 <unfinished ...>
661548 1790835811.695539 fstat(7</tmp/TestMixedWorkflowsRecoverFromFourServerFaults3749442285/001/node-0/jetstream/$SYS/_js_/_meta_/msgs/1.blk>, {st_mode=S_IFREG|0600, st_size=23607, ...}) = 0 <0.000105>
661548 1790835811.695735 lseek(7</tmp/TestMixedWorkflowsRecoverFromFourServerFaults3749442285/001/node-0/jetstream/$SYS/_js_/_meta_/msgs/1.blk>, 0, SEEK_SET) = 0 <0.000024>
661548 1790835811.695799 fstat(7</tmp/TestMixedWorkflowsRecoverFromFourServerFaults3749442285/001/node-0/jetstream/$SYS/_js_/_meta_/msgs/1.blk>, {st_mode=S_IFREG|0600, st_size=23607, ...}) = 0 <0.000012>
661548 1790835811.695841 read(7</tmp/TestMixedWorkflowsRecoverFromFourServerFaults3749442285/001/node-0/jetstream/$SYS/_js_/_meta_/msgs/1.blk>, "`\0\0\0\1\0\0\0\0\0\0\0!z3\246\252S\332\30\0\0St9I6EVH\1\0"..., 23607) = 23607 <0.000096>
661548 1790835811.696001 pwrite64(7</tmp/TestMixedWorkflowsRecoverFromFourServerFaults3749442285/001/node-0/jetstream/$SYS/_js_/_meta_/msgs/1.blk>, "p\0\0\0\34\0\0\0\0\0\0\0c\243(\267\256S\332\30\0\0000m6vARoZ\2\0"..., 112, 23607 <unfinished ...>
661550 1790835811.696388 newfstatat(AT_FDCWD</home/exedev/js-wf/integration>, "/tmp/TestMixedWorkflowsRecoverFromFourServerFaults3749442285/001/node-0/jetstream/$SYS/_js_/C-R3F-YfBgRsFE/tav.idx", {st_mode=S_IFREG|0600, st_size=16, ...}, 0) = 0 <0.000012>
661551 1790835811.697141 newfstatat(AT_FDCWD</home/exedev/js-wf/integration>, "/tmp/TestMixedWorkflowsRecoverFromFourServerFaults3749442285/001/node-0/jetstream/$SYS/_js_/C-R3F-GtA4TRr8/tav.idx",  <unfinished ...>
661549 1790835811.697172 newfstatat(AT_FDCWD</home/exedev/js-wf/integration>, "/tmp/TestMixedWorkflowsRecoverFromFourServerFaults3749442285/001/node-0/jetstream/$SYS/_js_/C-R3F-SaO96lab/tav.idx",  <unfinished ...>
661551 1790835811.697187 <... newfstatat resumed>{st_mode=S_IFREG|0600, st_size=16, ...}, 0) = 0 <0.000021>
661549 1790835811.697226 <... newfstatat resumed>{st_mode=S_IFREG|0600, st_size=16, ...}, 0) = 0 <0.000043>
661552 1790835811.697450 fstat(43</tmp/TestMixedWorkflowsRecoverFromFourServerFaults3749442285/001/node-0/jetstream/$SYS/_js_/C-R3F-0ktVzAXS/msgs/1.blk>, {st_mode=S_IFREG|0600, st_size=835, ...}) = 0 <0.000010>
661552 1790835811.697512 lseek(43</tmp/TestMixedWorkflowsRecoverFromFourServerFaults3749442285/001/node-0/jetstream/$SYS/_js_/C-R3F-0ktVzAXS/msgs/1.blk>, 0, SEEK_SET) = 0 <0.000014>
661552 1790835811.697582 fstat(43</tmp/TestMixedWorkflowsRecoverFromFourServerFaults3749442285/001/node-0/jetstream/$SYS/_js_/C-R3F-0ktVzAXS/msgs/1.blk>, {st_mode=S_IFREG|0600, st_size=835, ...}) = 0 <0.000008>
661552 1790835811.697615 read(43</tmp/TestMixedWorkflowsRecoverFromFourServerFaults3749442285/001/node-0/jetstream/$SYS/_js_/C-R3F-0ktVzAXS/msgs/1.blk>, "p\0\0\0\1\0\0\0\0\0\0\0\32\200'\277\253S\332\30\0\0000WED9nmv\1\0"..., 835) = 835 <0.000012>
661552 1790835811.697672 pwrite64(43</tmp/TestMixedWorkflowsRecoverFromFourServerFaults3749442285/001/node-0/jetstream/$SYS/_js_/C-R3F-0ktVzAXS/msgs/1.blk>, "p\0\0\0\t\0\0\0\0\0\0\0n\34F\267\256S\332\30\0\0000m6vARoZ\3\0"..., 112, 835 <unfinished ...>
661554 1790835811.698064 fstat(46</tmp/TestMixedWorkflowsRecoverFromFourServerFaults3749442285/001/node-0/jetstream/$SYS/_js_/C-R3F-13UXQlAl/msgs/1.blk>, {st_mode=S_IFREG|0600, st_size=636, ...}) = 0 <0.000015>
661554 1790835811.698109 lseek(46</tmp/TestMixedWorkflowsRecoverFromFourServerFaults3749442285/001/node-0/jetstream/$SYS/_js_/C-R3F-13UXQlAl/msgs/1.blk>, 0, SEEK_SET) = 0 <0.000007>
661554 1790835811.698138 fstat(46</tmp/TestMixedWorkflowsRecoverFromFourServerFaults3749442285/001/node-0/jetstream/$SYS/_js_/C-R3F-13UXQlAl/msgs/1.blk>, {st_mode=S_IFREG|0600, st_size=636, ...}) = 0 <0.000005>
661554 1790835811.698165 read(46</tmp/TestMixedWorkflowsRecoverFromFourServerFaults3749442285/001/node-0/jetstream/$SYS/_js_/C-R3F-13UXQlAl/msgs/1.blk>, "p\0\0\0\1\0\0\0\0\0\0\0\3055R\301\253S\332\30\0\0St9I6EVH\1\0"..., 636) = 636 <0.000025>
661554 1790835811.698220 pwrite64(46</tmp/TestMixedWorkflowsRecoverFromFourServerFaults3749442285/001/node-0/jetstream/$SYS/_js_/C-R3F-13UXQlAl/msgs/1.blk>, "p\0\0\0\7\0\0\0\0\0\0\0L\223O\267\256S\332\30\0\0000m6vARoZ\2\0"..., 112, 636 <unfinished ...>
661553 1790835811.702228 fstat(33</tmp/TestMixedWorkflowsRecoverFromFourServerFaults3749442285/001/node-0/jetstream/$SYS/_js_/S-R3F-wKjybpcH/msgs/2.blk>, {st_mode=S_IFREG|0600, st_size=30, ...}) = 0 <0.000045>
661553 1790835811.702353 lseek(33</tmp/TestMixedWorkflowsRecoverFromFourServerFaults3749442285/001/node-0/jetstream/$SYS/_js_/S-R3F-wKjybpcH/msgs/2.blk>, 0, SEEK_SET) = 0 <0.000010>
661553 1790835811.702389 fstat(33</tmp/TestMixedWorkflowsRecoverFromFourServerFaults3749442285/001/node-0/jetstream/$SYS/_js_/S-R3F-wKjybpcH/msgs/2.blk>, {st_mode=S_IFREG|0600, st_size=30, ...}) = 0 <0.000311>
661553 1790835811.703020 read(33</tmp/TestMixedWorkflowsRecoverFromFourServerFaults3749442285/001/node-0/jetstream/$SYS/_js_/S-R3F-wKjybpcH/msgs/2.blk>, "\36\0\0\0\1\0\0\0\0\0\0@\21\241.\252\253S\332\30\0\0\272;\t\211o!\336\227", 30) = 30 <0.000064>
661553 1790835811.707503 pwrite64(33</tmp/TestMixedWorkflowsRecoverFromFourServerFaults3749442285/001/node-0/jetstream/$SYS/_js_/S-R3F-wKjybpcH/msgs/2.blk>, "p\0\0\0\2\0\0\0\0\0\0\0r\262\214\267\256S\332\30\0\0St9I6EVH\2\0"..., 112, 30 <unfinished ...>
661550 1790835811.707601 newfstatat(AT_FDCWD</home/exedev/js-wf/integration>, "/tmp/TestMixedWorkflowsRecoverFromFourServerFaults3749442285/001/node-0/jetstream/$SYS/_js_/C-R3F-YfBgRsFE/tav.idx", {st_mode=S_IFREG|0600, st_size=16, ...}, AT_SYMLINK_NOFOLLOW) = 0 <0.000047>
661424 1790835811.707681 fstat(25</tmp/TestMixedWorkflowsRecoverFromFourServerFaults3749442285/001/node-0/jetstream/$SYS/_js_/S-R3F-jsfg5vMh/msgs/2.blk>,  <unfinished ...>
661550 1790835811.707719 renameat(AT_FDCWD</home/exedev/js-wf/integration>, "/tmp/TestMixedWorkflowsRecoverFromFourServerFaults3749442285/001/node-0/jetstream/$SYS/_js_/C-R3F-YfBgRsFE/tav.idx.tmp", AT_FDCWD</home/exedev/js-wf/integration>, "/tmp/TestMixedWorkflowsRecoverFromFourServerFaults3749442285/001/node-0/jetstream/$SYS/_js_/C-R3F-YfBgRsFE/tav.idx" <unfinished ...>
661424 1790835811.707743 <... fstat resumed>{st_mode=S_IFREG|0600, st_size=30, ...}) = 0 <0.000044>
661424 1790835811.707766 lseek(25</tmp/TestMixedWorkflowsRecoverFromFourServerFaults3749442285/001/node-0/jetstream/$SYS/_js_/S-R3F-jsfg5vMh/msgs/2.blk>, 0, SEEK_SET <unfinished ...>
661550 1790835811.707785 <... renameat resumed>) = 0 <0.000052>
661424 1790835811.707793 <... lseek resumed>) = 0 <0.000019>
661422 1790835811.707835 newfstatat(AT_FDCWD</home/exedev/js-wf/integration>, "/tmp/TestMixedWorkflowsRecoverFromFourServerFaults3749442285/001/node-0/jetstream/$SYS/_js_/C-R3F-SaO96lab/tav.idx", {st_mode=S_IFREG|0600, st_size=16, ...}, AT_SYMLINK_NOFOLLOW) = 0 <0.000022>
661422 1790835811.708039 renameat(AT_FDCWD</home/exedev/js-wf/integration>, "/tmp/TestMixedWorkflowsRecoverFromFourServerFaults3749442285/001/node-0/jetstream/$SYS/_js_/C-R3F-SaO96lab/tav.idx.tmp", AT_FDCWD</home/exedev/js-wf/integration>, "/tmp/TestMixedWorkflowsRecoverFromFourServerFaults3749442285/001/node-0/jetstream/$SYS/_js_/C-R3F-SaO96lab/tav.idx" <unfinished ...>
661551 1790835811.708055 newfstatat(AT_FDCWD</home/exedev/js-wf/integration>, "/tmp/TestMixedWorkflowsRecoverFromFourServerFaults3749442285/001/node-0/jetstream/$SYS/_js_/C-R3F-GtA4TRr8/tav.idx",  <unfinished ...>
661550 1790835811.708330 fstat(25</tmp/TestMixedWorkflowsRecoverFromFourServerFaults3749442285/001/node-0/jetstream/$SYS/_js_/S-R3F-jsfg5vMh/msgs/2.blk>,  <unfinished ...>
661551 1790835811.708343 <... newfstatat resumed>{st_mode=S_IFREG|0600, st_size=16, ...}, AT_SYMLINK_NOFOLLOW) = 0 <0.000280>
661550 1790835811.708354 <... fstat resumed>{st_mode=S_IFREG|0600, st_size=30, ...}) = 0 <0.000014>
661550 1790835811.708383 read(25</tmp/TestMixedWorkflowsRecoverFromFourServerFaults3749442285/001/node-0/jetstream/$SYS/_js_/S-R3F-jsfg5vMh/msgs/2.blk>, "\36\0\0\0\1\0\0\0\0\0\0@)<}\224\253S\332\30\0\0\16=\10NFT\360\304", 30) = 30 <0.000015>
661550 1790835811.708442 pwrite64(25</tmp/TestMixedWorkflowsRecoverFromFourServerFaults3749442285/001/node-0/jetstream/$SYS/_js_/S-R3F-jsfg5vMh/msgs/2.blk>, "p\0\0\0\2\0\0\0\0\0\0\0\322\316\341\267\256S\332\30\0\0St9I6EVH\2\0"..., 112, 30 <unfinished ...>
661551 1790835811.708471 renameat(AT_FDCWD</home/exedev/js-wf/integration>, "/tmp/TestMixedWorkflowsRecoverFromFourServerFaults3749442285/001/node-0/jetstream/$SYS/_js_/C-R3F-GtA4TRr8/tav.idx.tmp", AT_FDCWD</home/exedev/js-wf/integration>, "/tmp/TestMixedWorkflowsRecoverFromFourServerFaults3749442285/001/node-0/jetstream/$SYS/_js_/C-R3F-GtA4TRr8/tav.idx" <unfinished ...>
661422 1790835811.708541 <... renameat resumed>) = 0 <0.000491>
661551 1790835811.710248 <... renameat resumed>) = 0 <0.001763>
661422 1790835811.710484 fstat(35</tmp/TestMixedWorkflowsRecoverFromFourServerFaults3749442285/001/node-0/jetstream/$SYS/_js_/S-R3F-dbtFfnC3/msgs/2.blk>, {st_mode=S_IFREG|0600, st_size=30, ...}) = 0 <0.000017>
661422 1790835811.710536 lseek(35</tmp/TestMixedWorkflowsRecoverFromFourServerFaults3749442285/001/node-0/jetstream/$SYS/_js_/S-R3F-dbtFfnC3/msgs/2.blk>, 0, SEEK_SET) = 0 <0.000020>
661422 1790835811.710574 fstat(35</tmp/TestMixedWorkflowsRecoverFromFourServerFaults3749442285/001/node-0/jetstream/$SYS/_js_/S-R3F-dbtFfnC3/msgs/2.blk>, {st_mode=S_IFREG|0600, st_size=30, ...}) = 0 <0.000008>
661422 1790835811.710600 read(35</tmp/TestMixedWorkflowsRecoverFromFourServerFaults3749442285/001/node-0/jetstream/$SYS/_js_/S-R3F-dbtFfnC3/msgs/2.blk>, "\36\0\0\0\1\0\0\0\0\0\0@\360+\273\257\253S\332\30\0\0<\30\16\375\212\277 C", 30) = 30 <0.000012>
661422 1790835811.710644 pwrite64(35</tmp/TestMixedWorkflowsRecoverFromFourServerFaults3749442285/001/node-0/jetstream/$SYS/_js_/S-R3F-dbtFfnC3/msgs/2.blk>, "p\0\0\0\2\0\0\0\0\0\0\0\227\371\f\270\256S\332\30\0\0St9I6EVH\2\0"..., 112, 30 <unfinished ...>
661549 1790835811.714487 fstat(37</tmp/TestMixedWorkflowsRecoverFromFourServerFaults3749442285/001/node-0/jetstream/$SYS/_js_/S-R3F-MVWCx6oJ/msgs/1.blk>, {st_mode=S_IFREG|0600, st_size=112, ...}) = 0 <0.000011>
661549 1790835811.714550 lseek(37</tmp/TestMixedWorkflowsRecoverFromFourServerFaults3749442285/001/node-0/jetstream/$SYS/_js_/S-R3F-MVWCx6oJ/msgs/1.blk>, 0, SEEK_SET) = 0 <0.000014>
661549 1790835811.714603 fstat(37</tmp/TestMixedWorkflowsRecoverFromFourServerFaults3749442285/001/node-0/jetstream/$SYS/_js_/S-R3F-MVWCx6oJ/msgs/1.blk>, {st_mode=S_IFREG|0600, st_size=112, ...}) = 0 <0.000016>
661549 1790835811.714779 read(37</tmp/TestMixedWorkflowsRecoverFromFourServerFaults3749442285/001/node-0/jetstream/$SYS/_js_/S-R3F-MVWCx6oJ/msgs/1.blk>, "p\0\0\0\1\0\0\0\0\0\0\0\212\361E\265\253S\332\30\0\0St9I6EVH\1\0"..., 112) = 112 <0.000018>
661549 1790835811.714909 pwrite64(37</tmp/TestMixedWorkflowsRecoverFromFourServerFaults3749442285/001/node-0/jetstream/$SYS/_js_/S-R3F-MVWCx6oJ/msgs/1.blk>, "p\0\0\0\2\0\0\0\0\0\0\0\27\31J\270\256S\332\30\0\0000m6vARoZ\3\0"..., 112, 112 <unfinished ...>
661440 1790835811.718250 <... pwrite64 resumed>) = 112 (DELAYED) <0.025035>
661406 1790835811.719368 <... pwrite64 resumed>) = 112 (DELAYED) <0.025351>
661417 1790835811.719566 close(19</tmp/TestMixedWorkflowsRecoverFromFourServerFaults3749442285/001/node-0/jetstream/$SYS/_js_/S-R3F-Xg8vWcWy/msgs/1.blk>) = 0 <0.000030>
661407 1790835811.719844 <... pwrite64 resumed>) = 112 (DELAYED) <0.025137>
661436 1790835811.720962 <... pwrite64 resumed>) = 112 (DELAYED) <0.025921>
661548 1790835811.721145 <... pwrite64 resumed>) = 112 (DELAYED) <0.025127>
661406 1790835811.721523 fstat(50</tmp/TestMixedWorkflowsRecoverFromFourServerFaults3749442285/001/node-0/jetstream/$SYS/_js_/C-R3F-tuMA878n/msgs/1.blk>, {st_mode=S_IFREG|0600, st_size=709, ...}) = 0 <0.000130>
661406 1790835811.722532 lseek(50</tmp/TestMixedWorkflowsRecoverFromFourServerFaults3749442285/001/node-0/jetstream/$SYS/_js_/C-R3F-tuMA878n/msgs/1.blk>, 0, SEEK_SET) = 0 <0.000059>
661551 1790835811.722625 fstat(51</tmp/TestMixedWorkflowsRecoverFromFourServerFaults3749442285/001/node-0/jetstream/$SYS/_js_/C-R3F-7OYeMzZe/msgs/1.blk>,  <unfinished ...>
661406 1790835811.722638 fstat(50</tmp/TestMixedWorkflowsRecoverFromFourServerFaults3749442285/001/node-0/jetstream/$SYS/_js_/C-R3F-tuMA878n/msgs/1.blk>,  <unfinished ...>
661551 1790835811.722663 <... fstat resumed>{st_mode=S_IFREG|0600, st_size=709, ...}) = 0 <0.000030>
661406 1790835811.722682 <... fstat resumed>{st_mode=S_IFREG|0600, st_size=709, ...}) = 0 <0.000038>
661551 1790835811.722709 lseek(51</tmp/TestMixedWorkflowsRecoverFromFourServerFaults3749442285/001/node-0/jetstream/$SYS/_js_/C-R3F-7OYeMzZe/msgs/1.blk>, 0, SEEK_SET) = 0 <0.000008>
661551 1790835811.722741 fstat(51</tmp/TestMixedWorkflowsRecoverFromFourServerFaults3749442285/001/node-0/jetstream/$SYS/_js_/C-R3F-7OYeMzZe/msgs/1.blk>,  <unfinished ...>
661406 1790835811.722751 read(50</tmp/TestMixedWorkflowsRecoverFromFourServerFaults3749442285/001/node-0/jetstream/$SYS/_js_/C-R3F-tuMA878n/msgs/1.blk>,  <unfinished ...>
661551 1790835811.722760 <... fstat resumed>{st_mode=S_IFREG|0600, st_size=709, ...}) = 0 <0.000013>
661551 1790835811.722779 read(51</tmp/TestMixedWorkflowsRecoverFromFourServerFaults3749442285/001/node-0/jetstream/$SYS/_js_/C-R3F-7OYeMzZe/msgs/1.blk>,  <unfinished ...>
661406 1790835811.722810 <... read resumed>"p\0\0\0\1\0\0\0\0\0\0\0\30\252\6\302\253S\332\30\0\0St9I6EVH\1\0"..., 709) = 709 <0.000052>
661406 1790835811.722837 pwrite64(50</tmp/TestMixedWorkflowsRecoverFromFourServerFaults3749442285/001/node-0/jetstream/$SYS/_js_/C-R3F-tuMA878n/msgs/1.blk>, "p\0\0\0\10\0\0\0\0\0\0\0\347:\264\270\256S\332\30\0\0000m6vARoZ\3\0"..., 112, 709 <unfinished ...>
661551 1790835811.722848 <... read resumed>"p\0\0\0\1\0\0\0\0\0\0\0\262\302\247\332\253S\332\30\0\0St9I6EVH\1\0"..., 709) = 709 <0.000047>
661551 1790835811.722876 pwrite64(51</tmp/TestMixedWorkflowsRecoverFromFourServerFaults3749442285/001/node-0/jetstream/$SYS/_js_/C-R3F-7OYeMzZe/msgs/1.blk>, "p\0\0\0\10\0\0\0\0\0\0\0mA\306\270\256S\332\30\0\0000m6vARoZ\3\0"..., 112, 709 <unfinished ...>
661548 1790835811.722960 fstat(47</tmp/TestMixedWorkflowsRecoverFromFourServerFaults3749442285/001/node-0/jetstream/$SYS/_js_/C-R3F-JUPhrGJa/msgs/1.blk>, {st_mode=S_IFREG|0600, st_size=433, ...}) = 0 <0.000008>
661548 1790835811.723002 lseek(47</tmp/TestMixedWorkflowsRecoverFromFourServerFaults3749442285/001/node-0/jetstream/$SYS/_js_/C-R3F-JUPhrGJa/msgs/1.blk>, 0, SEEK_SET) = 0 <0.000006>
661548 1790835811.723053 fstat(47</tmp/TestMixedWorkflowsRecoverFromFourServerFaults3749442285/001/node-0/jetstream/$SYS/_js_/C-R3F-JUPhrGJa/msgs/1.blk>, {st_mode=S_IFREG|0600, st_size=433, ...}) = 0 <0.000009>
661548 1790835811.723111 read(47</tmp/TestMixedWorkflowsRecoverFromFourServerFaults3749442285/001/node-0/jetstream/$SYS/_js_/C-R3F-JUPhrGJa/msgs/1.blk>, "p\0\0\0\1\0\0\0\0\0\0\0Z\242\20\303\253S\332\30\0\0000WED9nmv\1\0"..., 433) = 433 <0.000021>
661548 1790835811.723170 pwrite64(47</tmp/TestMixedWorkflowsRecoverFromFourServerFaults3749442285/001/node-0/jetstream/$SYS/_js_/C-R3F-JUPhrGJa/msgs/1.blk>, "p\0\0\0\5\0\0\0\0\0\0\0:\30\313\270\256S\332\30\0\0000m6vARoZ\3\0"..., 112, 433 <unfinished ...>
661552 1790835811.724467 <... pwrite64 resumed>) = 112 (DELAYED) <0.026784>
661555 1790835811.726079 openat(AT_FDCWD</home/exedev/js-wf/integration>, "/tmp/TestMixedWorkflowsRecoverFromFourServerFaults3749442285/001/node-0/jetstream/$SYS/_js_/_meta_/snapshots/snap.1.2", O_RDONLY|O_CLOEXEC <unfinished ...>
661554 1790835811.726207 <... pwrite64 resumed>) = 112 (DELAYED) <0.027976>
661555 1790835811.726269 <... openat resumed>) = 16</tmp/TestMixedWorkflowsRecoverFromFourServerFaults3749442285/001/node-0/jetstream/$SYS/_js_/_meta_/snapshots/snap.1.2> <0.000069>
661555 1790835811.726614 fcntl(16</tmp/TestMixedWorkflowsRecoverFromFourServerFaults3749442285/001/node-0/jetstream/$SYS/_js_/_meta_/snapshots/snap.1.2>, F_GETFL) = 0x8000 (flags O_RDONLY|O_LARGEFILE) <0.000071>
661555 1790835811.727250 fcntl(16</tmp/TestMixedWorkflowsRecoverFromFourServerFaults3749442285/001/node-0/jetstream/$SYS/_js_/_meta_/snapshots/snap.1.2>, F_SETFL, O_RDONLY|O_NONBLOCK|O_LARGEFILE) = 0 <0.000102>
661555 1790835811.730434 epoll_ctl(5<anon_inode:[eventpoll]>, EPOLL_CTL_ADD, 16</tmp/TestMixedWorkflowsRecoverFromFourServerFaults3749442285/001/node-0/jetstream/$SYS/_js_/_meta_/snapshots/snap.1.2>, {events=EPOLLIN|EPOLLOUT|EPOLLRDHUP|EPOLLET, data={u32=2214592640, u64=4593648979064914048}}) = -1 EPERM (Operation not permitted) <0.000163>
661555 1790835811.730668 fcntl(16</tmp/TestMixedWorkflowsRecoverFromFourServerFaults3749442285/001/node-0/jetstream/$SYS/_js_/_meta_/snapshots/snap.1.2>, F_GETFL) = 0x8800 (flags O_RDONLY|O_NONBLOCK|O_LARGEFILE) <0.000022>
661555 1790835811.730726 fcntl(16</tmp/TestMixedWorkflowsRecoverFromFourServerFaults3749442285/001/node-0/jetstream/$SYS/_js_/_meta_/snapshots/snap.1.2>, F_SETFL, O_RDONLY|O_LARGEFILE) = 0 <0.000030>
661555 1790835811.730886 fstat(16</tmp/TestMixedWorkflowsRecoverFromFourServerFaults3749442285/001/node-0/jetstream/$SYS/_js_/_meta_/snapshots/snap.1.2>, {st_mode=S_IFREG|0600, st_size=54, ...}) = 0 <0.000012>
661555 1790835811.730947 read(16</tmp/TestMixedWorkflowsRecoverFromFourServerFaults3749442285/001/node-0/jetstream/$SYS/_js_/_meta_/snapshots/snap.1.2>, "\1\0\0\0\0\0\0\0\2\0\0\0\0\0\0\0\32\0\0\0\2\0\0\0\2\0\0\0St9I"..., 512) = 54 <0.000020>
661555 1790835811.731325 read(16</tmp/TestMixedWorkflowsRecoverFromFourServerFaults3749442285/001/node-0/jetstream/$SYS/_js_/_meta_/snapshots/snap.1.2>, "", 458) = 0 <0.000153>
661555 1790835811.731520 close(16</tmp/TestMixedWorkflowsRecoverFromFourServerFaults3749442285/001/node-0/jetstream/$SYS/_js_/_meta_/snapshots/snap.1.2>) = 0 <0.000031>
661553 1790835811.732892 <... pwrite64 resumed>) = 112 (DELAYED) <0.025328>
661550 1790835811.734808 <... pwrite64 resumed>) = 112 (DELAYED) <0.026351>
661407 1790835811.734943 close(27</tmp/TestMixedWorkflowsRecoverFromFourServerFaults3749442285/001/node-0/jetstream/$SYS/_js_/S-R3F-LSMV4M8C/msgs/1.blk>) = 0 <0.000212>
661417 1790835811.735809 newfstatat(AT_FDCWD</home/exedev/js-wf/integration>, "/tmp/TestMixedWorkflowsRecoverFromFourServerFaults3749442285/001/node-0/jetstream/$SYS/_js_/S-R3F-jsfg5vMh/peers.idx",  <unfinished ...>
661422 1790835811.735838 <... pwrite64 resumed>) = 112 (DELAYED) <0.025187>
661417 1790835811.735863 <... newfstatat resumed>{st_mode=S_IFREG|0600, st_size=34, ...}, 0) = 0 <0.000037>
661556 1790835811.735885 newfstatat(AT_FDCWD</home/exedev/js-wf/integration>, "/tmp/TestMixedWorkflowsRecoverFromFourServerFaults3749442285/001/node-0/jetstream/$SYS/_js_/S-R3F-wKjybpcH/peers.idx", {st_mode=S_IFREG|0600, st_size=34, ...}, 0) = 0 <0.000077>
661555 1790835811.736161 --- SIGURG {si_signo=SIGURG, si_code=SI_TKILL, si_pid=661400, si_uid=1000} ---
661555 1790835811.736495 --- SIGURG {si_signo=SIGURG, si_code=SI_TKILL, si_pid=661400, si_uid=1000} ---
661552 1790835811.737394 close(23</tmp/TestMixedWorkflowsRecoverFromFourServerFaults3749442285/001/node-0/jetstream/$SYS/_js_/S-R3F-V5Y2qzIa/msgs/1.blk>) = 0 <0.000027>
661549 1790835811.739921 <... pwrite64 resumed>) = 112 (DELAYED) <0.024996>
661556 1790835811.742285 newfstatat(AT_FDCWD</home/exedev/js-wf/integration>, "/tmp/TestMixedWorkflowsRecoverFromFourServerFaults3749442285/001/node-0/jetstream/$SYS/_js_/S-R3F-wKjybpcH/peers.idx", {st_mode=S_IFREG|0600, st_size=34, ...}, AT_SYMLINK_NOFOLLOW) = 0 <0.000016>
661556 1790835811.742348 renameat(AT_FDCWD</home/exedev/js-wf/integration>, "/tmp/TestMixedWorkflowsRecoverFromFourServerFaults3749442285/001/node-0/jetstream/$SYS/_js_/S-R3F-wKjybpcH/peers.idx.tmp", AT_FDCWD</home/exedev/js-wf/integration>, "/tmp/TestMixedWorkflowsRecoverFromFourServerFaults3749442285/001/node-0/jetstream/$SYS/_js_/S-R3F-wKjybpcH/peers.idx" <unfinished ...>
661417 1790835811.742380 newfstatat(AT_FDCWD</home/exedev/js-wf/integration>, "/tmp/TestMixedWorkflowsRecoverFromFourServerFaults3749442285/001/node-0/jetstream/$SYS/_js_/S-R3F-jsfg5vMh/peers.idx", {st_mode=S_IFREG|0600, st_size=34, ...}, AT_SYMLINK_NOFOLLOW) = 0 <0.000010>
661417 1790835811.742417 renameat(AT_FDCWD</home/exedev/js-wf/integration>, "/tmp/TestMixedWorkflowsRecoverFromFourServerFaults3749442285/001/node-0/jetstream/$SYS/_js_/S-R3F-jsfg5vMh/peers.idx.tmp", AT_FDCWD</home/exedev/js-wf/integration>, "/tmp/TestMixedWorkflowsRecoverFromFourServerFaults3749442285/001/node-0/jetstream/$SYS/_js_/S-R3F-jsfg5vMh/peers.idx" <unfinished ...>
661556 1790835811.743707 <... renameat resumed>) = 0 <0.001342>
661417 1790835811.743815 <... renameat resumed>) = 0 <0.001390>
661407 1790835811.746145 unlinkat(AT_FDCWD</home/exedev/js-wf/integration>, "/tmp/TestMixedWorkflowsRecoverFromFourServerFaults3749442285/001/node-0/jetstream/$SYS/_js_/_meta_/snapshots/snap.1.2", 0) = 0 <0.000186>
661417 1790835811.746568 close(7</tmp/TestMixedWorkflowsRecoverFromFourServerFaults3749442285/001/node-0/jetstream/$SYS/_js_/_meta_/msgs/1.blk>) = 0 <0.000046>
661417 1790835811.747278 openat(AT_FDCWD</home/exedev/js-wf/integration>, "/tmp/TestMixedWorkflowsRecoverFromFourServerFaults3749442285/001/node-0/jetstream/$SYS/_js_/_meta_/msgs/index.db", O_WRONLY|O_CREAT|O_TRUNC|O_CLOEXEC, 0600) = 14</tmp/TestMixedWorkflowsRecoverFromFourServerFaults3749442285/001/node-0/jetstream/$SYS/_js_/_meta_/msgs/index.db> <0.000021>
661417 1790835811.747335 fcntl(14</tmp/TestMixedWorkflowsRecoverFromFourServerFaults3749442285/001/node-0/jetstream/$SYS/_js_/_meta_/msgs/index.db>, F_GETFL) = 0x8001 (flags O_WRONLY|O_LARGEFILE) <0.000004>
661417 1790835811.747358 fcntl(14</tmp/TestMixedWorkflowsRecoverFromFourServerFaults3749442285/001/node-0/jetstream/$SYS/_js_/_meta_/msgs/index.db>, F_SETFL, O_WRONLY|O_NONBLOCK|O_LARGEFILE) = 0 <0.000004>
661417 1790835811.747380 epoll_ctl(5<anon_inode:[eventpoll]>, EPOLL_CTL_ADD, 14</tmp/TestMixedWorkflowsRecoverFromFourServerFaults3749442285/001/node-0/jetstream/$SYS/_js_/_meta_/msgs/index.db>, {events=EPOLLIN|EPOLLOUT|EPOLLRDHUP|EPOLLET, data={u32=2214592656, u64=4593648979064914064}}) = -1 EPERM (Operation not permitted) <0.000012>
661417 1790835811.747611 fcntl(14</tmp/TestMixedWorkflowsRecoverFromFourServerFaults3749442285/001/node-0/jetstream/$SYS/_js_/_meta_/msgs/index.db>, F_GETFL) = 0x8801 (flags O_WRONLY|O_NONBLOCK|O_LARGEFILE) <0.000031>
661417 1790835811.747676 fcntl(14</tmp/TestMixedWorkflowsRecoverFromFourServerFaults3749442285/001/node-0/jetstream/$SYS/_js_/_meta_/msgs/index.db>, F_SETFL, O_WRONLY|O_LARGEFILE) = 0 <0.000019>
661417 1790835811.747767 write(14</tmp/TestMixedWorkflowsRecoverFromFourServerFaults3749442285/001/node-0/jetstream/$SYS/_js_/_meta_/msgs/index.db>, "\v\4\0\0\35\0\34\306\215\305\362\326\353\251\3321\0\1\2\0\35\0\34\306\215\305\362\326\353\251\3321"..., 52 <unfinished ...>
661551 1790835811.747937 <... pwrite64 resumed>) = 112 (DELAYED) <0.025051>
661406 1790835811.748093 <... pwrite64 resumed>) = 112 (DELAYED) <0.025246>
661548 1790835811.748217 <... pwrite64 resumed>) = 112 (DELAYED) <0.025036>
661422 1790835811.749489 close(37</tmp/TestMixedWorkflowsRecoverFromFourServerFaults3749442285/001/node-0/jetstream/$SYS/_js_/S-R3F-MVWCx6oJ/msgs/1.blk>) = 0 <0.000021>
661422 1790835811.764559 lseek(20</tmp/TestMixedWorkflowsRecoverFromFourServerFaults3749442285/001/node-0/jetstream/$G/streams/WF_INV/msgs/1.blk>, 0, SEEK_SET) = 0 <0.000018>
661422 1790835811.764861 fstat(20</tmp/TestMixedWorkflowsRecoverFromFourServerFaults3749442285/001/node-0/jetstream/$G/streams/WF_INV/msgs/1.blk>, {st_mode=S_IFREG|0600, st_size=8206, ...}) = 0 <0.000011>
661422 1790835811.764939 read(20</tmp/TestMixedWorkflowsRecoverFromFourServerFaults3749442285/001/node-0/jetstream/$G/streams/WF_INV/msgs/1.blk>, "\306\0\0\200\1\0\0\0\0\0\0\0\247\327\6\266\253S\332\30\34\0wf.inv.mix"..., 8206) = 8206 <0.000160>
661551 1790835811.772127 pwrite64(25</tmp/TestMixedWorkflowsRecoverFromFourServerFaults3749442285/001/node-0/jetstream/$SYS/_js_/S-R3F-jsfg5vMh/msgs/2.blk>, "a\1\0\0\3\0\0\0\0\0\0\0\235\206\271\273\256S\332\30\0\0St9I6EVH\2\0"..., 353, 142 <unfinished ...>
661417 1790835811.772813 <... write resumed>) = 52 (DELAYED) <0.025031>
661417 1790835811.772868 close(14</tmp/TestMixedWorkflowsRecoverFromFourServerFaults3749442285/001/node-0/jetstream/$SYS/_js_/_meta_/msgs/index.db>) = 0 <0.000036>
661417 1790835811.791324 pwrite64(47</tmp/TestMixedWorkflowsRecoverFromFourServerFaults3749442285/001/node-0/jetstream/$SYS/_js_/C-R3F-JUPhrGJa/msgs/1.blk>, "l\0\0\0\6\0\0\0\0\0\0\0\337W\336\274\256S\332\30\0\0000m6vARoZ\3\0"..., 108, 545 <unfinished ...>
661406 1790835811.792083 pwrite64(50</tmp/TestMixedWorkflowsRecoverFromFourServerFaults3749442285/001/node-0/jetstream/$SYS/_js_/C-R3F-tuMA878n/msgs/1.blk>, "l\0\0\0\t\0\0\0\0\0\0\0-\373\351\274\256S\332\30\0\0000m6vARoZ\3\0"..., 108, 821 <unfinished ...>
661551 1790835811.797168 <... pwrite64 resumed>) = 353 (DELAYED) <0.025011>
661549 1790835811.797691 fstat(26</tmp/TestMixedWorkflowsRecoverFromFourServerFaults3749442285/001/node-0/jetstream/$G/streams/WF_SIG/msgs/1.blk>, {st_mode=S_IFREG|0600, st_size=0, ...}) = 0 <0.000009>
661549 1790835811.797736 lseek(26</tmp/TestMixedWorkflowsRecoverFromFourServerFaults3749442285/001/node-0/jetstream/$G/streams/WF_SIG/msgs/1.blk>, 0, SEEK_SET) = 0 <0.000008>
661549 1790835811.797761 fstat(26</tmp/TestMixedWorkflowsRecoverFromFourServerFaults3749442285/001/node-0/jetstream/$G/streams/WF_SIG/msgs/1.blk>, {st_mode=S_IFREG|0600, st_size=0, ...}) = 0 <0.000009>
661548 1790835811.799142 pwrite64(26</tmp/TestMixedWorkflowsRecoverFromFourServerFaults3749442285/001/node-0/jetstream/$G/streams/WF_SIG/msgs/1.blk>, "\363\0\0\200\1\0\0\0\0\0\0\0\357q\262\273\256S\332\30 \0wf.sig.mix"..., 243, 0 <unfinished ...>
661422 1790835811.804307 pwrite64(52</tmp/TestMixedWorkflowsRecoverFromFourServerFaults3749442285/001/node-0/jetstream/$SYS/_js_/C-R3F-msGDjRCn/msgs/1.blk>, "l\0\0\0\f\0\0\0\0\0\0\0\232G\244\275\256S\332\30\0\0000m6vARoZ\3\0"..., 108, 1136 <unfinished ...>
661417 1790835811.816609 <... pwrite64 resumed>) = 108 (DELAYED) <0.025244>
661417 1790835811.816765 pwrite64(47</tmp/TestMixedWorkflowsRecoverFromFourServerFaults3749442285/001/node-0/jetstream/$SYS/_js_/C-R3F-JUPhrGJa/msgs/1.blk>, "\214\0\0\0\7\0\0\0\0\0\0\0\2\246b\276\256S\332\30\0\0000m6vARoZ\3\0"..., 140, 653 <unfinished ...>
661406 1790835811.817137 <... pwrite64 resumed>) = 108 (DELAYED) <0.025037>
661406 1790835811.817216 pwrite64(50</tmp/TestMixedWorkflowsRecoverFromFourServerFaults3749442285/001/node-0/jetstream/$SYS/_js_/C-R3F-tuMA878n/msgs/1.blk>, "W\0\0\0\n\0\0\0\0\0\0\0\243\227i\276\256S\332\30\0\0000m6vARoZ\3\0"..., 87, 929 <unfinished ...>
661548 1790835811.824227 <... pwrite64 resumed>) = 243 (DELAYED) <0.025066>
661422 1790835811.829347 <... pwrite64 resumed>) = 108 (DELAYED) <0.024374>
661549 1790835811.832124 newfstatat(AT_FDCWD</home/exedev/js-wf/integration>, "/tmp/TestMixedWorkflowsRecoverFromFourServerFaults3749442285/001/node-0/jetstream/$SYS/_js_/C-R3F-MSuCeJue/tav.idx", {st_mode=S_IFREG|0600, st_size=8, ...}, 0) = 0 <0.000014>
661549 1790835811.834870 newfstatat(AT_FDCWD</home/exedev/js-wf/integration>, "/tmp/TestMixedWorkflowsRecoverFromFourServerFaults3749442285/001/node-0/jetstream/$SYS/_js_/C-R3F-MSuCeJue/tav.idx", {st_mode=S_IFREG|0600, st_size=8, ...}, AT_SYMLINK_NOFOLLOW) = 0 <0.000012>
661549 1790835811.834922 renameat(AT_FDCWD</home/exedev/js-wf/integration>, "/tmp/TestMixedWorkflowsRecoverFromFourServerFaults3749442285/001/node-0/jetstream/$SYS/_js_/C-R3F-MSuCeJue/tav.idx.tmp", AT_FDCWD</home/exedev/js-wf/integration>, "/tmp/TestMixedWorkflowsRecoverFromFourServerFaults3749442285/001/node-0/jetstream/$SYS/_js_/C-R3F-MSuCeJue/tav.idx") = 0 <0.000056>
661417 1790835811.841813 <... pwrite64 resumed>) = 140 (DELAYED) <0.025032>
661406 1790835811.842297 <... pwrite64 resumed>) = 87 (DELAYED) <0.025067>
661549 1790835811.842392 newfstatat(AT_FDCWD</home/exedev/js-wf/integration>, "/tmp/TestMixedWorkflowsRecoverFromFourServerFaults3749442285/001/node-0/jetstream/$SYS/_js_/C-R3F-MSuCeJue/tav.idx", {st_mode=S_IFREG|0600, st_size=8, ...}, 0) = 0 <0.000016>
661422 1790835811.843382 newfstatat(AT_FDCWD</home/exedev/js-wf/integration>, "/tmp/TestMixedWorkflowsRecoverFromFourServerFaults3749442285/001/node-0/jetstream/$G/streams/WF_RUN/obs/WF_P_28/o.dat", {st_mode=S_IFREG|0600, st_size=16, ...}, AT_SYMLINK_NOFOLLOW) = 0 <0.000029>
661422 1790835811.843644 renameat(AT_FDCWD</home/exedev/js-wf/integration>, "/tmp/TestMixedWorkflowsRecoverFromFourServerFaults3749442285/001/node-0/jetstream/$G/streams/WF_RUN/obs/WF_P_28/o.dat.tmp", AT_FDCWD</home/exedev/js-wf/integration>, "/tmp/TestMixedWorkflowsRecoverFromFourServerFaults3749442285/001/node-0/jetstream/$G/streams/WF_RUN/obs/WF_P_28/o.dat") = 0 <0.000105>
661406 1790835811.844186 newfstatat(AT_FDCWD</home/exedev/js-wf/integration>, "/tmp/TestMixedWorkflowsRecoverFromFourServerFaults3749442285/001/node-0/jetstream/$G/streams/WF_RUN/obs/WF_P_12/o.dat", {st_mode=S_IFREG|0600, st_size=8, ...}, AT_SYMLINK_NOFOLLOW) = 0 <0.000015>
661406 1790835811.844231 renameat(AT_FDCWD</home/exedev/js-wf/integration>, "/tmp/TestMixedWorkflowsRecoverFromFourServerFaults3749442285/001/node-0/jetstream/$G/streams/WF_RUN/obs/WF_P_12/o.dat.tmp", AT_FDCWD</home/exedev/js-wf/integration>, "/tmp/TestMixedWorkflowsRecoverFromFourServerFaults3749442285/001/node-0/jetstream/$G/streams/WF_RUN/obs/WF_P_12/o.dat") = 0 <0.000063>
661549 1790835811.844522 newfstatat(AT_FDCWD</home/exedev/js-wf/integration>, "/tmp/TestMixedWorkflowsRecoverFromFourServerFaults3749442285/001/node-0/jetstream/$SYS/_js_/C-R3F-MSuCeJue/tav.idx", {st_mode=S_IFREG|0600, st_size=8, ...}, AT_SYMLINK_NOFOLLOW) = 0 <0.000034>
661549 1790835811.844598 renameat(AT_FDCWD</home/exedev/js-wf/integration>, "/tmp/TestMixedWorkflowsRecoverFromFourServerFaults3749442285/001/node-0/jetstream/$SYS/_js_/C-R3F-MSuCeJue/tav.idx.tmp", AT_FDCWD</home/exedev/js-wf/integration>, "/tmp/TestMixedWorkflowsRecoverFromFourServerFaults3749442285/001/node-0/jetstream/$SYS/_js_/C-R3F-MSuCeJue/tav.idx") = 0 <0.000045>
661422 1790835811.845468 pwrite64(51</tmp/TestMixedWorkflowsRecoverFromFourServerFaults3749442285/001/node-0/jetstream/$SYS/_js_/C-R3F-7OYeMzZe/msgs/1.blk>, "l\0\0\0\t\0\0\0\0\0\0\0H\232\30\300\256S\332\30\0\0000m6vARoZ\3\0"..., 108, 821 <unfinished ...>
661548 1790835811.846083 pwrite64(43</tmp/TestMixedWorkflowsRecoverFromFourServerFaults3749442285/001/node-0/jetstream/$SYS/_js_/C-R3F-0ktVzAXS/msgs/1.blk>, "l\0\0\0\n\0\0\0\0\0\0\0e\35\"\300\256S\332\30\0\0000m6vARoZ\3\0"..., 108, 947 <unfinished ...>
661406 1790835811.854234 pwrite64(44</tmp/TestMixedWorkflowsRecoverFromFourServerFaults3749442285/001/node-0/jetstream/$SYS/_js_/C-R3F-MSuCeJue/msgs/1.blk>, "p\0\0\0\6\0\0\0\0\0\0\0Mn\236\300\256S\332\30\0\0000m6vARoZ\3\0"..., 112, 524 <unfinished ...>
661422 1790835811.870486 <... pwrite64 resumed>) = 108 (DELAYED) <0.025000>
661422 1790835811.870579 pwrite64(51</tmp/TestMixedWorkflowsRecoverFromFourServerFaults3749442285/001/node-0/jetstream/$SYS/_js_/C-R3F-7OYeMzZe/msgs/1.blk>, "W\0\0\0\n\0\0\0\0\0\0\0g\327\227\301\256S\332\30\0\0000m6vARoZ\3\0"..., 87, 929 <unfinished ...>
661548 1790835811.871104 <... pwrite64 resumed>) = 108 (DELAYED) <0.025006>
661548 1790835811.872135 pwrite64(43</tmp/TestMixedWorkflowsRecoverFromFourServerFaults3749442285/001/node-0/jetstream/$SYS/_js_/C-R3F-0ktVzAXS/msgs/1.blk>, "W\0\0\0\v\0\0\0\0\0\0\0\311\202\257\301\256S\332\30\0\0000m6vARoZ\3\0"..., 87, 1055 <unfinished ...>
661406 1790835811.879265 <... pwrite64 resumed>) = 112 (DELAYED) <0.025003>
661417 1790835811.884951 pwrite64(46</tmp/TestMixedWorkflowsRecoverFromFourServerFaults3749442285/001/node-0/jetstream/$SYS/_js_/C-R3F-13UXQlAl/msgs/1.blk>, "l\0\0\0\10\0\0\0\0\0\0\0{\ts\302\256S\332\30\0\0000m6vARoZ\2\0"..., 108, 748 <unfinished ...>
661422 1790835811.895624 <... pwrite64 resumed>) = 87 (DELAYED) <0.025030>
661548 1790835811.897343 <... pwrite64 resumed>) = 87 (DELAYED) <0.025190>
661555 1790835811.898039 newfstatat(AT_FDCWD</home/exedev/js-wf/integration>, "/tmp/TestMixedWorkflowsRecoverFromFourServerFaults3749442285/001/node-0/jetstream/$G/streams/WF_RUN/obs/WF_P_63/o.dat", {st_mode=S_IFREG|0600, st_size=8, ...}, AT_SYMLINK_NOFOLLOW) = 0 <0.000028>
661555 1790835811.898110 renameat(AT_FDCWD</home/exedev/js-wf/integration>, "/tmp/TestMixedWorkflowsRecoverFromFourServerFaults3749442285/001/node-0/jetstream/$G/streams/WF_RUN/obs/WF_P_63/o.dat.tmp", AT_FDCWD</home/exedev/js-wf/integration>, "/tmp/TestMixedWorkflowsRecoverFromFourServerFaults3749442285/001/node-0/jetstream/$G/streams/WF_RUN/obs/WF_P_63/o.dat") = 0 <0.000101>
661556 1790835811.898590 newfstatat(AT_FDCWD</home/exedev/js-wf/integration>, "/tmp/TestMixedWorkflowsRecoverFromFourServerFaults3749442285/001/node-0/jetstream/$G/streams/WF_RUN/obs/WF_P_27/o.dat", {st_mode=S_IFREG|0600, st_size=16, ...}, AT_SYMLINK_NOFOLLOW) = 0 <0.000057>
661556 1790835811.898693 renameat(AT_FDCWD</home/exedev/js-wf/integration>, "/tmp/TestMixedWorkflowsRecoverFromFourServerFaults3749442285/001/node-0/jetstream/$G/streams/WF_RUN/obs/WF_P_27/o.dat.tmp", AT_FDCWD</home/exedev/js-wf/integration>, "/tmp/TestMixedWorkflowsRecoverFromFourServerFaults3749442285/001/node-0/jetstream/$G/streams/WF_RUN/obs/WF_P_27/o.dat") = 0 <0.000074>
661422 1790835811.901865 pwrite64(48</tmp/TestMixedWorkflowsRecoverFromFourServerFaults3749442285/001/node-0/jetstream/$SYS/_js_/C-R3F-5zk9g5oE/msgs/1.blk>, "l\0\0\0\t\0\0\0\0\0\0\0\vFu\303\256S\332\30\0\0000m6vARoZ\3\0"..., 108, 821 <unfinished ...>
661417 1790835811.910359 <... pwrite64 resumed>) = 108 (DELAYED) <0.025376>
661417 1790835811.910494 pwrite64(46</tmp/TestMixedWorkflowsRecoverFromFourServerFaults3749442285/001/node-0/jetstream/$SYS/_js_/C-R3F-13UXQlAl/msgs/1.blk>, "W\0\0\0\t\0\0\0\0\0\0\0\263\357\370\303\256S\332\30\0\0000m6vARoZ\2\0"..., 87, 856 <unfinished ...>
661406 1790835811.914840 newfstatat(AT_FDCWD</home/exedev/js-wf/integration>, "/tmp/TestMixedWorkflowsRecoverFromFourServerFaults3749442285/001/node-0/jetstream/$SYS/_js_/C-R3F-YfBgRsFE/tav.idx", {st_mode=S_IFREG|0600, st_size=8, ...}, 0) = 0 <0.000016>
661406 1790835811.922368 newfstatat(AT_FDCWD</home/exedev/js-wf/integration>, "/tmp/TestMixedWorkflowsRecoverFromFourServerFaults3749442285/001/node-0/jetstream/$SYS/_js_/C-R3F-YfBgRsFE/tav.idx", {st_mode=S_IFREG|0600, st_size=8, ...}, AT_SYMLINK_NOFOLLOW) = 0 <0.000006>
661406 1790835811.922414 renameat(AT_FDCWD</home/exedev/js-wf/integration>, "/tmp/TestMixedWorkflowsRecoverFromFourServerFaults3749442285/001/node-0/jetstream/$SYS/_js_/C-R3F-YfBgRsFE/tav.idx.tmp", AT_FDCWD</home/exedev/js-wf/integration>, "/tmp/TestMixedWorkflowsRecoverFromFourServerFaults3749442285/001/node-0/jetstream/$SYS/_js_/C-R3F-YfBgRsFE/tav.idx") = 0 <0.000077>
661422 1790835811.928063 <... pwrite64 resumed>) = 108 (DELAYED) <0.026174>
661422 1790835811.928194 pwrite64(48</tmp/TestMixedWorkflowsRecoverFromFourServerFaults3749442285/001/node-0/jetstream/$SYS/_js_/C-R3F-5zk9g5oE/msgs/1.blk>, "W\0\0\0\n\0\0\0\0\0\0\0\f\210\6\305\256S\332\30\0\0000m6vARoZ\3\0"..., 87, 929 <unfinished ...>
661549 1790835811.932045 --- SIGURG {si_signo=SIGURG, si_code=SI_TKILL, si_pid=661400, si_uid=1000} ---
661417 1790835811.935529 <... pwrite64 resumed>) = 87 (DELAYED) <0.025018>
661417 1790835811.935811 --- SIGURG {si_signo=SIGURG, si_code=SI_TKILL, si_pid=661400, si_uid=1000} ---
661406 1790835811.935911 newfstatat(AT_FDCWD</home/exedev/js-wf/integration>, "/tmp/TestMixedWorkflowsRecoverFromFourServerFaults3749442285/001/node-0/jetstream/$SYS/_js_/C-R3F-YfBgRsFE/tav.idx", {st_mode=S_IFREG|0600, st_size=8, ...}, 0) = 0 <0.000018>
661553 1790835811.937431 newfstatat(AT_FDCWD</home/exedev/js-wf/integration>, "/tmp/TestMixedWorkflowsRecoverFromFourServerFaults3749442285/001/node-0/jetstream/$G/streams/WF_RUN/obs/WF_P_18/o.dat", {st_mode=S_IFREG|0600, st_size=8, ...}, AT_SYMLINK_NOFOLLOW) = 0 <0.000015>
661553 1790835811.937481 renameat(AT_FDCWD</home/exedev/js-wf/integration>, "/tmp/TestMixedWorkflowsRecoverFromFourServerFaults3749442285/001/node-0/jetstream/$G/streams/WF_RUN/obs/WF_P_18/o.dat.tmp", AT_FDCWD</home/exedev/js-wf/integration>, "/tmp/TestMixedWorkflowsRecoverFromFourServerFaults3749442285/001/node-0/jetstream/$G/streams/WF_RUN/obs/WF_P_18/o.dat") = 0 <0.000062>
661555 1790835811.944255 newfstatat(AT_FDCWD</home/exedev/js-wf/integration>, "/tmp/TestMixedWorkflowsRecoverFromFourServerFaults3749442285/001/node-0/jetstream/$G/streams/WF_RUN/obs/WF_P_28/o.dat", {st_mode=S_IFREG|0600, st_size=18, ...}, AT_SYMLINK_NOFOLLOW) = 0 <0.000009>
661555 1790835811.944296 renameat(AT_FDCWD</home/exedev/js-wf/integration>, "/tmp/TestMixedWorkflowsRecoverFromFourServerFaults3749442285/001/node-0/jetstream/$G/streams/WF_RUN/obs/WF_P_28/o.dat.tmp", AT_FDCWD</home/exedev/js-wf/integration>, "/tmp/TestMixedWorkflowsRecoverFromFourServerFaults3749442285/001/node-0/jetstream/$G/streams/WF_RUN/obs/WF_P_28/o.dat") = 0 <0.000064>
661555 1790835811.944491 --- SIGURG {si_signo=SIGURG, si_code=SI_TKILL, si_pid=661400, si_uid=1000} ---
661406 1790835811.949161 newfstatat(AT_FDCWD</home/exedev/js-wf/integration>, "/tmp/TestMixedWorkflowsRecoverFromFourServerFaults3749442285/001/node-0/jetstream/$SYS/_js_/C-R3F-YfBgRsFE/tav.idx", {st_mode=S_IFREG|0600, st_size=8, ...}, AT_SYMLINK_NOFOLLOW) = 0 <0.000007>
661406 1790835811.949207 renameat(AT_FDCWD</home/exedev/js-wf/integration>, "/tmp/TestMixedWorkflowsRecoverFromFourServerFaults3749442285/001/node-0/jetstream/$SYS/_js_/C-R3F-YfBgRsFE/tav.idx.tmp", AT_FDCWD</home/exedev/js-wf/integration>, "/tmp/TestMixedWorkflowsRecoverFromFourServerFaults3749442285/001/node-0/jetstream/$SYS/_js_/C-R3F-YfBgRsFE/tav.idx") = 0 <0.000051>
661422 1790835811.953237 <... pwrite64 resumed>) = 87 (DELAYED) <0.025016>
661555 1790835811.956245 newfstatat(AT_FDCWD</home/exedev/js-wf/integration>, "/tmp/TestMixedWorkflowsRecoverFromFourServerFaults3749442285/001/node-0/jetstream/$G/streams/WF_RUN/obs/WF_P_15/o.dat", {st_mode=S_IFREG|0600, st_size=8, ...}, AT_SYMLINK_NOFOLLOW) = 0 <0.000038>
661555 1790835811.958931 renameat(AT_FDCWD</home/exedev/js-wf/integration>, "/tmp/TestMixedWorkflowsRecoverFromFourServerFaults3749442285/001/node-0/jetstream/$G/streams/WF_RUN/obs/WF_P_15/o.dat.tmp", AT_FDCWD</home/exedev/js-wf/integration>, "/tmp/TestMixedWorkflowsRecoverFromFourServerFaults3749442285/001/node-0/jetstream/$G/streams/WF_RUN/obs/WF_P_15/o.dat" <unfinished ...>
661406 1790835811.960620 --- SIGURG {si_signo=SIGURG, si_code=SI_TKILL, si_pid=661400, si_uid=1000} ---
661555 1790835811.960970 <... renameat resumed>) = 0 <0.000553>
661555 1790835811.982576 pwrite64(39</tmp/TestMixedWorkflowsRecoverFromFourServerFaults3749442285/001/node-0/jetstream/$SYS/_js_/C-R3F-YfBgRsFE/msgs/1.blk>, "p\0\0\0\6\0\0\0\0\0\0\0\366`D\310\256S\332\30\0\0000m6vARoZ\3\0"..., 112, 524 <unfinished ...>
661549 1790835811.999336 pwrite64(51</tmp/TestMixedWorkflowsRecoverFromFourServerFaults3749442285/001/node-0/jetstream/$SYS/_js_/C-R3F-7OYeMzZe/msgs/1.blk>, "l\0\0\0\v\0\0\0\0\0\0\0\307wD\311\256S\332\30\0\0000m6vARoZ\3\0"..., 108, 1016 <unfinished ...>
661555 1790835812.007647 <... pwrite64 resumed>) = 112 (DELAYED) <0.025021>
661549 1790835812.024370 <... pwrite64 resumed>) = 108 (DELAYED) <0.024996>
661553 1790835812.102995 newfstatat(AT_FDCWD</home/exedev/js-wf/integration>, "/tmp/TestMixedWorkflowsRecoverFromFourServerFaults3749442285/001/node-0/jetstream/$SYS/_js_/C-R3F-w2Vf1jql/tav.idx", {st_mode=S_IFREG|0600, st_size=8, ...}, 0) = 0 <0.000024>
661553 1790835812.106372 newfstatat(AT_FDCWD</home/exedev/js-wf/integration>, "/tmp/TestMixedWorkflowsRecoverFromFourServerFaults3749442285/001/node-0/jetstream/$SYS/_js_/C-R3F-w2Vf1jql/tav.idx", {st_mode=S_IFREG|0600, st_size=8, ...}, AT_SYMLINK_NOFOLLOW) = 0 <0.000026>
661553 1790835812.106456 renameat(AT_FDCWD</home/exedev/js-wf/integration>, "/tmp/TestMixedWorkflowsRecoverFromFourServerFaults3749442285/001/node-0/jetstream/$SYS/_js_/C-R3F-w2Vf1jql/tav.idx.tmp", AT_FDCWD</home/exedev/js-wf/integration>, "/tmp/TestMixedWorkflowsRecoverFromFourServerFaults3749442285/001/node-0/jetstream/$SYS/_js_/C-R3F-w2Vf1jql/tav.idx" <unfinished ...>
661422 1790835812.107140 newfstatat(AT_FDCWD</home/exedev/js-wf/integration>, "/tmp/TestMixedWorkflowsRecoverFromFourServerFaults3749442285/001/node-0/jetstream/$SYS/_js_/C-R3F-9oj0nEIt/tav.idx",  <unfinished ...>
661553 1790835812.107604 <... renameat resumed>) = 0 <0.001133>
661422 1790835812.107617 <... newfstatat resumed>{st_mode=S_IFREG|0600, st_size=8, ...}, 0) = 0 <0.000069>
661553 1790835812.109254 newfstatat(AT_FDCWD</home/exedev/js-wf/integration>, "/tmp/TestMixedWorkflowsRecoverFromFourServerFaults3749442285/001/node-0/jetstream/$SYS/_js_/C-R3F-w2Vf1jql/tav.idx", {st_mode=S_IFREG|0600, st_size=8, ...}, 0) = 0 <0.000023>
661422 1790835812.110129 newfstatat(AT_FDCWD</home/exedev/js-wf/integration>, "/tmp/TestMixedWorkflowsRecoverFromFourServerFaults3749442285/001/node-0/jetstream/$SYS/_js_/C-R3F-9oj0nEIt/tav.idx", {st_mode=S_IFREG|0600, st_size=8, ...}, AT_SYMLINK_NOFOLLOW) = 0 <0.000104>
661422 1790835812.110270 renameat(AT_FDCWD</home/exedev/js-wf/integration>, "/tmp/TestMixedWorkflowsRecoverFromFourServerFaults3749442285/001/node-0/jetstream/$SYS/_js_/C-R3F-9oj0nEIt/tav.idx.tmp", AT_FDCWD</home/exedev/js-wf/integration>, "/tmp/TestMixedWorkflowsRecoverFromFourServerFaults3749442285/001/node-0/jetstream/$SYS/_js_/C-R3F-9oj0nEIt/tav.idx") = 0 <0.000076>
661553 1790835812.111599 --- SIGURG {si_signo=SIGURG, si_code=SI_TKILL, si_pid=661400, si_uid=1000} ---
661553 1790835812.111672 newfstatat(AT_FDCWD</home/exedev/js-wf/integration>, "/tmp/TestMixedWorkflowsRecoverFromFourServerFaults3749442285/001/node-0/jetstream/$SYS/_js_/C-R3F-w2Vf1jql/tav.idx", {st_mode=S_IFREG|0600, st_size=8, ...}, AT_SYMLINK_NOFOLLOW) = 0 <0.000052>
661553 1790835812.111762 renameat(AT_FDCWD</home/exedev/js-wf/integration>, "/tmp/TestMixedWorkflowsRecoverFromFourServerFaults3749442285/001/node-0/jetstream/$SYS/_js_/C-R3F-w2Vf1jql/tav.idx.tmp", AT_FDCWD</home/exedev/js-wf/integration>, "/tmp/TestMixedWorkflowsRecoverFromFourServerFaults3749442285/001/node-0/jetstream/$SYS/_js_/C-R3F-w2Vf1jql/tav.idx") = 0 <0.000070>
661422 1790835812.112233 newfstatat(AT_FDCWD</home/exedev/js-wf/integration>, "/tmp/TestMixedWorkflowsRecoverFromFourServerFaults3749442285/001/node-0/jetstream/$SYS/_js_/C-R3F-9oj0nEIt/tav.idx", {st_mode=S_IFREG|0600, st_size=8, ...}, 0) = 0 <0.000010>
661422 1790835812.114193 newfstatat(AT_FDCWD</home/exedev/js-wf/integration>, "/tmp/TestMixedWorkflowsRecoverFromFourServerFaults3749442285/001/node-0/jetstream/$SYS/_js_/C-R3F-9oj0nEIt/tav.idx", {st_mode=S_IFREG|0600, st_size=8, ...}, AT_SYMLINK_NOFOLLOW) = 0 <0.000010>
661422 1790835812.114235 renameat(AT_FDCWD</home/exedev/js-wf/integration>, "/tmp/TestMixedWorkflowsRecoverFromFourServerFaults3749442285/001/node-0/jetstream/$SYS/_js_/C-R3F-9oj0nEIt/tav.idx.tmp", AT_FDCWD</home/exedev/js-wf/integration>, "/tmp/TestMixedWorkflowsRecoverFromFourServerFaults3749442285/001/node-0/jetstream/$SYS/_js_/C-R3F-9oj0nEIt/tav.idx") = 0 <0.000056>
661406 1790835812.125490 pwrite64(41</tmp/TestMixedWorkflowsRecoverFromFourServerFaults3749442285/001/node-0/jetstream/$SYS/_js_/C-R3F-9oj0nEIt/msgs/1.blk>, "p\0\0\0\v\0\0\0\0\0\0\0\323\0\311\320\256S\332\30\0\0000m6vARoZ\3\0"..., 112, 1013 <unfinished ...>
661422 1790835812.126909 pwrite64(45</tmp/TestMixedWorkflowsRecoverFromFourServerFaults3749442285/001/node-0/jetstream/$SYS/_js_/C-R3F-w2Vf1jql/msgs/1.blk>, "p\0\0\0\6\0\0\0\0\0\0\0001\370\336\320\256S\332\30\0\0000m6vARoZ\3\0"..., 112, 524 <unfinished ...>
661553 1790835812.146987 pwrite64(43</tmp/TestMixedWorkflowsRecoverFromFourServerFaults3749442285/001/node-0/jetstream/$SYS/_js_/C-R3F-0ktVzAXS/msgs/1.blk>, "~\0\0\0\f\0\0\0\0\0\0\0\5\327\20\322\256S\332\30\0\0000m6vARoZ\3\0"..., 126, 1142 <unfinished ...>
661406 1790835812.150902 <... pwrite64 resumed>) = 112 (DELAYED) <0.025368>
661422 1790835812.151941 <... pwrite64 resumed>) = 112 (DELAYED) <0.025001>
661406 1790835812.170745 pwrite64(50</tmp/TestMixedWorkflowsRecoverFromFourServerFaults3749442285/001/node-0/jetstream/$SYS/_js_/C-R3F-tuMA878n/msgs/1.blk>, "l\0\0\0\v\0\0\0\0\0\0\0\26\331{\323\256S\332\30\0\0000m6vARoZ\3\0"..., 108, 1016 <unfinished ...>
661553 1790835812.172026 <... pwrite64 resumed>) = 126 (DELAYED) <0.024993>
661555 1790835812.173435 newfstatat(AT_FDCWD</home/exedev/js-wf/integration>, "/tmp/TestMixedWorkflowsRecoverFromFourServerFaults3749442285/001/node-0/jetstream/$G/streams/WF_RUN/obs/WF_P_27/o.dat", {st_mode=S_IFREG|0600, st_size=16, ...}, AT_SYMLINK_NOFOLLOW) = 0 <0.000016>
661555 1790835812.173502 renameat(AT_FDCWD</home/exedev/js-wf/integration>, "/tmp/TestMixedWorkflowsRecoverFromFourServerFaults3749442285/001/node-0/jetstream/$G/streams/WF_RUN/obs/WF_P_27/o.dat.tmp", AT_FDCWD</home/exedev/js-wf/integration>, "/tmp/TestMixedWorkflowsRecoverFromFourServerFaults3749442285/001/node-0/jetstream/$G/streams/WF_RUN/obs/WF_P_27/o.dat") = 0 <0.000094>
661406 1790835812.195825 <... pwrite64 resumed>) = 108 (DELAYED) <0.024993>
661406 1790835812.195955 --- SIGURG {si_signo=SIGURG, si_code=SI_TKILL, si_pid=661400, si_uid=1000} ---
661406 1790835812.263256 newfstatat(AT_FDCWD</home/exedev/js-wf/integration>, "/tmp/TestMixedWorkflowsRecoverFromFourServerFaults3749442285/001/node-0/jetstream/$SYS/_js_/C-R3F-GtA4TRr8/tav.idx", {st_mode=S_IFREG|0600, st_size=8, ...}, 0) = 0 <0.000026>
661406 1790835812.263517 --- SIGURG {si_signo=SIGURG, si_code=SI_TKILL, si_pid=661400, si_uid=1000} ---
661548 1790835812.265963 newfstatat(AT_FDCWD</home/exedev/js-wf/integration>, "/tmp/TestMixedWorkflowsRecoverFromFourServerFaults3749442285/001/node-0/jetstream/$SYS/_js_/C-R3F-GtA4TRr8/tav.idx", {st_mode=S_IFREG|0600, st_size=8, ...}, AT_SYMLINK_NOFOLLOW) = 0 <0.000015>
661548 1790835812.266016 renameat(AT_FDCWD</home/exedev/js-wf/integration>, "/tmp/TestMixedWorkflowsRecoverFromFourServerFaults3749442285/001/node-0/jetstream/$SYS/_js_/C-R3F-GtA4TRr8/tav.idx.tmp", AT_FDCWD</home/exedev/js-wf/integration>, "/tmp/TestMixedWorkflowsRecoverFromFourServerFaults3749442285/001/node-0/jetstream/$SYS/_js_/C-R3F-GtA4TRr8/tav.idx") = 0 <0.002332>
661548 1790835812.270060 newfstatat(AT_FDCWD</home/exedev/js-wf/integration>, "/tmp/TestMixedWorkflowsRecoverFromFourServerFaults3749442285/001/node-0/jetstream/$SYS/_js_/C-R3F-GtA4TRr8/tav.idx", {st_mode=S_IFREG|0600, st_size=8, ...}, 0) = 0 <0.000010>
661548 1790835812.273217 newfstatat(AT_FDCWD</home/exedev/js-wf/integration>, "/tmp/TestMixedWorkflowsRecoverFromFourServerFaults3749442285/001/node-0/jetstream/$SYS/_js_/C-R3F-GtA4TRr8/tav.idx", {st_mode=S_IFREG|0600, st_size=8, ...}, AT_SYMLINK_NOFOLLOW) = 0 <0.000128>
661548 1790835812.273455 renameat(AT_FDCWD</home/exedev/js-wf/integration>, "/tmp/TestMixedWorkflowsRecoverFromFourServerFaults3749442285/001/node-0/jetstream/$SYS/_js_/C-R3F-GtA4TRr8/tav.idx.tmp", AT_FDCWD</home/exedev/js-wf/integration>, "/tmp/TestMixedWorkflowsRecoverFromFourServerFaults3749442285/001/node-0/jetstream/$SYS/_js_/C-R3F-GtA4TRr8/tav.idx") = 0 <0.000072>
661555 1790835812.280287 pwrite64(42</tmp/TestMixedWorkflowsRecoverFromFourServerFaults3749442285/001/node-0/jetstream/$SYS/_js_/C-R3F-GtA4TRr8/msgs/1.blk>, "p\0\0\0 \0\0\0\0\0\0\09<\3\332\256S\332\30\0\0000m6vARoZ\3\0"..., 112, 3315 <unfinished ...>
661548 1790835812.297622 newfstatat(AT_FDCWD</home/exedev/js-wf/integration>, "/tmp/TestMixedWorkflowsRecoverFromFourServerFaults3749442285/001/node-0/jetstream/$SYS/_js_/C-R3F-SaO96lab/tav.idx", {st_mode=S_IFREG|0600, st_size=8, ...}, 0) = 0 <0.000025>
661548 1790835812.297714 --- SIGURG {si_signo=SIGURG, si_code=SI_TKILL, si_pid=661400, si_uid=1000} ---
661548 1790835812.297795 --- SIGURG {si_signo=SIGURG, si_code=SI_TKILL, si_pid=661400, si_uid=1000} ---
661549 1790835812.299465 newfstatat(AT_FDCWD</home/exedev/js-wf/integration>, "/tmp/TestMixedWorkflowsRecoverFromFourServerFaults3749442285/001/node-0/jetstream/$SYS/_js_/C-R3F-SaO96lab/tav.idx", {st_mode=S_IFREG|0600, st_size=8, ...}, AT_SYMLINK_NOFOLLOW) = 0 <0.000008>
661549 1790835812.299508 renameat(AT_FDCWD</home/exedev/js-wf/integration>, "/tmp/TestMixedWorkflowsRecoverFromFourServerFaults3749442285/001/node-0/jetstream/$SYS/_js_/C-R3F-SaO96lab/tav.idx.tmp", AT_FDCWD</home/exedev/js-wf/integration>, "/tmp/TestMixedWorkflowsRecoverFromFourServerFaults3749442285/001/node-0/jetstream/$SYS/_js_/C-R3F-SaO96lab/tav.idx") = 0 <0.000043>
661549 1790835812.300768 newfstatat(AT_FDCWD</home/exedev/js-wf/integration>, "/tmp/TestMixedWorkflowsRecoverFromFourServerFaults3749442285/001/node-0/jetstream/$SYS/_js_/C-R3F-SaO96lab/tav.idx", {st_mode=S_IFREG|0600, st_size=8, ...}, 0) = 0 <0.002018>
661555 1790835812.305549 <... pwrite64 resumed>) = 112 (DELAYED) <0.025235>
661549 1790835812.305663 newfstatat(AT_FDCWD</home/exedev/js-wf/integration>, "/tmp/TestMixedWorkflowsRecoverFromFourServerFaults3749442285/001/node-0/jetstream/$SYS/_js_/C-R3F-SaO96lab/tav.idx", {st_mode=S_IFREG|0600, st_size=8, ...}, AT_SYMLINK_NOFOLLOW) = 0 <0.000075>
661549 1790835812.305776 renameat(AT_FDCWD</home/exedev/js-wf/integration>, "/tmp/TestMixedWorkflowsRecoverFromFourServerFaults3749442285/001/node-0/jetstream/$SYS/_js_/C-R3F-SaO96lab/tav.idx.tmp", AT_FDCWD</home/exedev/js-wf/integration>, "/tmp/TestMixedWorkflowsRecoverFromFourServerFaults3749442285/001/node-0/jetstream/$SYS/_js_/C-R3F-SaO96lab/tav.idx") = 0 <0.000051>
661555 1790835812.313308 pwrite64(49</tmp/TestMixedWorkflowsRecoverFromFourServerFaults3749442285/001/node-0/jetstream/$SYS/_js_/C-R3F-SaO96lab/msgs/1.blk>, "p\0\0\0\37\0\0\0\0\0\0\0\242H\373\333\256S\332\30\0\0000m6vARoZ\3\0"..., 112, 3242 <unfinished ...>
661406 1790835812.324853 newfstatat(AT_FDCWD</home/exedev/js-wf/integration>, "/tmp/TestMixedWorkflowsRecoverFromFourServerFaults3749442285/001/node-0/jetstream/$SYS/_js_/S-R3F-6fLa4lad/tav.idx", {st_mode=S_IFREG|0600, st_size=16, ...}, 0) = 0 <0.000034>
661417 1790835812.327643 pwrite64(46</tmp/TestMixedWorkflowsRecoverFromFourServerFaults3749442285/001/node-0/jetstream/$SYS/_js_/C-R3F-13UXQlAl/msgs/1.blk>, "l\0\0\0\n\0\0\0\0\0\0\0\357\374\325\334\256S\332\30\0\0000m6vARoZ\2\0"..., 108, 943 <unfinished ...>
661553 1790835812.327672 newfstatat(AT_FDCWD</home/exedev/js-wf/integration>, "/tmp/TestMixedWorkflowsRecoverFromFourServerFaults3749442285/001/node-0/jetstream/$SYS/_js_/S-R3F-6fLa4lad/tav.idx", {st_mode=S_IFREG|0600, st_size=16, ...}, AT_SYMLINK_NOFOLLOW) = 0 <0.001815>
661553 1790835812.329570 renameat(AT_FDCWD</home/exedev/js-wf/integration>, "/tmp/TestMixedWorkflowsRecoverFromFourServerFaults3749442285/001/node-0/jetstream/$SYS/_js_/S-R3F-6fLa4lad/tav.idx.tmp", AT_FDCWD</home/exedev/js-wf/integration>, "/tmp/TestMixedWorkflowsRecoverFromFourServerFaults3749442285/001/node-0/jetstream/$SYS/_js_/S-R3F-6fLa4lad/tav.idx") = 0 <0.001152>
661553 1790835812.336315 newfstatat(AT_FDCWD</home/exedev/js-wf/integration>, "/tmp/TestMixedWorkflowsRecoverFromFourServerFaults3749442285/001/node-0/jetstream/$SYS/_js_/S-R3F-6fLa4lad/tav.idx", {st_mode=S_IFREG|0600, st_size=8, ...}, 0) = 0 <0.000006>
661555 1790835812.338855 <... pwrite64 resumed>) = 112 (DELAYED) <0.025520>
661553 1790835812.340463 newfstatat(AT_FDCWD</home/exedev/js-wf/integration>, "/tmp/TestMixedWorkflowsRecoverFromFourServerFaults3749442285/001/node-0/jetstream/$SYS/_js_/S-R3F-6fLa4lad/tav.idx", {st_mode=S_IFREG|0600, st_size=8, ...}, AT_SYMLINK_NOFOLLOW) = 0 <0.000022>
661553 1790835812.340519 renameat(AT_FDCWD</home/exedev/js-wf/integration>, "/tmp/TestMixedWorkflowsRecoverFromFourServerFaults3749442285/001/node-0/jetstream/$SYS/_js_/S-R3F-6fLa4lad/tav.idx.tmp", AT_FDCWD</home/exedev/js-wf/integration>, "/tmp/TestMixedWorkflowsRecoverFromFourServerFaults3749442285/001/node-0/jetstream/$SYS/_js_/S-R3F-6fLa4lad/tav.idx") = 0 <0.000053>
661553 1790835812.346155 --- SIGURG {si_signo=SIGURG, si_code=SI_TKILL, si_pid=661400, si_uid=1000} ---
661406 1790835812.347765 pwrite64(47</tmp/TestMixedWorkflowsRecoverFromFourServerFaults3749442285/001/node-0/jetstream/$SYS/_js_/C-R3F-JUPhrGJa/msgs/1.blk>, "l\0\0\0\10\0\0\0\0\0\0\0\23\344\10\336\256S\332\30\0\0000m6vARoZ\3\0"..., 108, 793 <unfinished ...>
661417 1790835812.352669 <... pwrite64 resumed>) = 108 (DELAYED) <0.024999>
661555 1790835812.358385 fstat(21</tmp/TestMixedWorkflowsRecoverFromFourServerFaults3749442285/001/node-0/jetstream/$SYS/_js_/S-R3F-6fLa4lad/msgs/1.blk>, {st_mode=S_IFREG|0600, st_size=18484, ...}) = 0 <0.000020>
661555 1790835812.358459 lseek(21</tmp/TestMixedWorkflowsRecoverFromFourServerFaults3749442285/001/node-0/jetstream/$SYS/_js_/S-R3F-6fLa4lad/msgs/1.blk>, 0, SEEK_SET) = 0 <0.000010>
661555 1790835812.358495 fstat(21</tmp/TestMixedWorkflowsRecoverFromFourServerFaults3749442285/001/node-0/jetstream/$SYS/_js_/S-R3F-6fLa4lad/msgs/1.blk>, {st_mode=S_IFREG|0600, st_size=18484, ...}) = 0 <0.000007>
661555 1790835812.359311 read(21</tmp/TestMixedWorkflowsRecoverFromFourServerFaults3749442285/001/node-0/jetstream/$SYS/_js_/S-R3F-6fLa4lad/msgs/1.blk>, "p\0\0\0\1\0\0\0\0\0\0\0\251\317\260\211\253S\332\30\0\0000WED9nmv\1\0"..., 18484) = 18484 <0.000055>
661555 1790835812.359433 pwrite64(21</tmp/TestMixedWorkflowsRecoverFromFourServerFaults3749442285/001/node-0/jetstream/$SYS/_js_/S-R3F-6fLa4lad/msgs/1.blk>, "p\0\0\0<\0\0\0\0\0\0\0\254\30\253\336\256S\332\30\0\0000m6vARoZ\3\0"..., 112, 18484 <unfinished ...>
661406 1790835812.372817 <... pwrite64 resumed>) = 108 (DELAYED) <0.025022>
661406 1790835812.372940 pwrite64(47</tmp/TestMixedWorkflowsRecoverFromFourServerFaults3749442285/001/node-0/jetstream/$SYS/_js_/C-R3F-JUPhrGJa/msgs/1.blk>, "[\0\0\0\t\0\0\0\0\0\0\0\374,\211\337\256S\332\30\0\0000m6vARoZ\3\0"..., 91, 901 <unfinished ...>
661555 1790835812.384597 <... pwrite64 resumed>) = 112 (DELAYED) <0.025151>
661555 1790835812.385562 --- SIGURG {si_signo=SIGURG, si_code=SI_TKILL, si_pid=661400, si_uid=1000} ---
661555 1790835812.385726 --- SIGURG {si_signo=SIGURG, si_code=SI_TKILL, si_pid=661400, si_uid=1000} ---
661406 1790835812.397966 <... pwrite64 resumed>) = 91 (DELAYED) <0.025007>
661422 1790835812.399943 newfstatat(AT_FDCWD</home/exedev/js-wf/integration>, "/tmp/TestMixedWorkflowsRecoverFromFourServerFaults3749442285/001/node-0/jetstream/$G/streams/WF_RUN/obs/WF_P_28/o.dat", {st_mode=S_IFREG|0600, st_size=18, ...}, AT_SYMLINK_NOFOLLOW) = 0 <0.000013>
661422 1790835812.399997 renameat(AT_FDCWD</home/exedev/js-wf/integration>, "/tmp/TestMixedWorkflowsRecoverFromFourServerFaults3749442285/001/node-0/jetstream/$G/streams/WF_RUN/obs/WF_P_28/o.dat.tmp", AT_FDCWD</home/exedev/js-wf/integration>, "/tmp/TestMixedWorkflowsRecoverFromFourServerFaults3749442285/001/node-0/jetstream/$G/streams/WF_RUN/obs/WF_P_28/o.dat") = 0 <0.000068>
661549 1790835812.404367 close(21</tmp/TestMixedWorkflowsRecoverFromFourServerFaults3749442285/001/node-0/jetstream/$SYS/_js_/S-R3F-6fLa4lad/msgs/1.blk>) = 0 <0.000012>
661555 1790835812.463130 --- SIGURG {si_signo=SIGURG, si_code=SI_TKILL, si_pid=661400, si_uid=1000} ---
661553 1790835812.463797 pwrite64(22</tmp/TestMixedWorkflowsRecoverFromFourServerFaults3749442285/001/node-0/jetstream/$G/streams/WF_RUN/msgs/1.blk>, "\302\0\0\2005\0\0\0\0\0\0\0\3\336\346\344\256S\332\30\10\0wf.run.0\203\0"..., 224, 11679 <unfinished ...>
661549 1790835812.485650 newfstatat(AT_FDCWD</home/exedev/js-wf/integration>, "/tmp/TestMixedWorkflowsRecoverFromFourServerFaults3749442285/001/node-0/jetstream/$SYS/_js_/C-R3F-tAOw9Q1E/tav.idx", {st_mode=S_IFREG|0600, st_size=16, ...}, 0) = 0 <0.000027>
661553 1790835812.489553 <... pwrite64 resumed>) = 224 (DELAYED) <0.025730>
661553 1790835812.489742 pwrite64(22</tmp/TestMixedWorkflowsRecoverFromFourServerFaults3749442285/001/node-0/jetstream/$G/streams/WF_RUN/msgs/1.blk>, "\303\0\0\2006\0\0\0\0\0\0\0\241\370\347\344\256S\332\30\t\0wf.run.26\203"..., 225, 11903 <unfinished ...>
661549 1790835812.493279 newfstatat(AT_FDCWD</home/exedev/js-wf/integration>, "/tmp/TestMixedWorkflowsRecoverFromFourServerFaults3749442285/001/node-0/jetstream/$SYS/_js_/C-R3F-tAOw9Q1E/tav.idx", {st_mode=S_IFREG|0600, st_size=16, ...}, AT_SYMLINK_NOFOLLOW) = 0 <0.000008>
661549 1790835812.493323 renameat(AT_FDCWD</home/exedev/js-wf/integration>, "/tmp/TestMixedWorkflowsRecoverFromFourServerFaults3749442285/001/node-0/jetstream/$SYS/_js_/C-R3F-tAOw9Q1E/tav.idx.tmp", AT_FDCWD</home/exedev/js-wf/integration>, "/tmp/TestMixedWorkflowsRecoverFromFourServerFaults3749442285/001/node-0/jetstream/$SYS/_js_/C-R3F-tAOw9Q1E/tav.idx") = 0 <0.000059>
661549 1790835812.495642 newfstatat(AT_FDCWD</home/exedev/js-wf/integration>, "/tmp/TestMixedWorkflowsRecoverFromFourServerFaults3749442285/001/node-0/jetstream/$SYS/_js_/C-R3F-tAOw9Q1E/tav.idx", {st_mode=S_IFREG|0600, st_size=8, ...}, 0) = 0 <0.000009>
661549 1790835812.499435 newfstatat(AT_FDCWD</home/exedev/js-wf/integration>, "/tmp/TestMixedWorkflowsRecoverFromFourServerFaults3749442285/001/node-0/jetstream/$SYS/_js_/C-R3F-tAOw9Q1E/tav.idx", {st_mode=S_IFREG|0600, st_size=8, ...}, AT_SYMLINK_NOFOLLOW) = 0 <0.000006>
661549 1790835812.499471 renameat(AT_FDCWD</home/exedev/js-wf/integration>, "/tmp/TestMixedWorkflowsRecoverFromFourServerFaults3749442285/001/node-0/jetstream/$SYS/_js_/C-R3F-tAOw9Q1E/tav.idx.tmp", AT_FDCWD</home/exedev/js-wf/integration>, "/tmp/TestMixedWorkflowsRecoverFromFourServerFaults3749442285/001/node-0/jetstream/$SYS/_js_/C-R3F-tAOw9Q1E/tav.idx") = 0 <0.000040>
661555 1790835812.512232 fstat(40</tmp/TestMixedWorkflowsRecoverFromFourServerFaults3749442285/001/node-0/jetstream/$SYS/_js_/C-R3F-tAOw9Q1E/msgs/1.blk>, {st_mode=S_IFREG|0600, st_size=1024, ...}) = 0 <0.000011>
661555 1790835812.512301 lseek(40</tmp/TestMixedWorkflowsRecoverFromFourServerFaults3749442285/001/node-0/jetstream/$SYS/_js_/C-R3F-tAOw9Q1E/msgs/1.blk>, 0, SEEK_SET) = 0 <0.000017>
661555 1790835812.512428 fstat(40</tmp/TestMixedWorkflowsRecoverFromFourServerFaults3749442285/001/node-0/jetstream/$SYS/_js_/C-R3F-tAOw9Q1E/msgs/1.blk>, {st_mode=S_IFREG|0600, st_size=1024, ...}) = 0 <0.000010>
661555 1790835812.512487 read(40</tmp/TestMixedWorkflowsRecoverFromFourServerFaults3749442285/001/node-0/jetstream/$SYS/_js_/C-R3F-tAOw9Q1E/msgs/1.blk>, "p\0\0\0\1\0\0\0\0\0\0\0q\320\r\275\253S\332\30\0\0000WED9nmv\1\0"..., 1024) = 1024 <0.000024>
661555 1790835812.512562 pwrite64(40</tmp/TestMixedWorkflowsRecoverFromFourServerFaults3749442285/001/node-0/jetstream/$SYS/_js_/C-R3F-tAOw9Q1E/msgs/1.blk>, "p\0\0\0\v\0\0\0\0\0\0\0\306\223\326\347\256S\332\30\0\0000m6vARoZ\3\0"..., 112, 1024 <unfinished ...>
661553 1790835812.514770 <... pwrite64 resumed>) = 225 (DELAYED) <0.025011>
661553 1790835812.514797 --- SIGURG {si_signo=SIGURG, si_code=SI_TKILL, si_pid=661400, si_uid=1000} ---
661553 1790835812.515122 pwrite64(22</tmp/TestMixedWorkflowsRecoverFromFourServerFaults3749442285/001/node-0/jetstream/$G/streams/WF_RUN/msgs/1.blk>, "\303\0\0\2007\0\0\0\0\0\0\0\222\t\350\344\256S\332\30\t\0wf.run.26\203"..., 225, 12128 <unfinished ...>
661555 1790835812.537643 <... pwrite64 resumed>) = 112 (DELAYED) <0.025065>
661555 1790835812.539472 --- SIGURG {si_signo=SIGURG, si_code=SI_TKILL, si_pid=661400, si_uid=1000} ---
661553 1790835812.540169 <... pwrite64 resumed>) = 225 (DELAYED) <0.025021>
661422 1790835812.541238 pwrite64(22</tmp/TestMixedWorkflowsRecoverFromFourServerFaults3749442285/001/node-0/jetstream/$G/streams/WF_RUN/msgs/1.blk>, "\302\0\0\2008\0\0\0\0\0\0\0o\21\350\344\256S\332\30\10\0wf.run.0\203\0"..., 224, 12353) = 224 (DELAYED) <0.025002>
661555 1790835812.566807 pwrite64(22</tmp/TestMixedWorkflowsRecoverFromFourServerFaults3749442285/001/node-0/jetstream/$G/streams/WF_RUN/msgs/1.blk>, "\303\0\0\2009\0\0\0\0\0\0\0 \30\350\344\256S\332\30\t\0wf.run.26\203"..., 225, 12577) = 225 (DELAYED) <0.025011>
661555 1790835812.591992 --- SIGURG {si_signo=SIGURG, si_code=SI_TKILL, si_pid=661400, si_uid=1000} ---
661549 1790835812.592570 pwrite64(22</tmp/TestMixedWorkflowsRecoverFromFourServerFaults3749442285/001/node-0/jetstream/$G/streams/WF_RUN/msgs/1.blk>, "\302\0\0\200:\0\0\0\0\0\0\0G!\350\344\256S\332\30\10\0wf.run.0\203\0"..., 224, 12802) = 224 (DELAYED) <0.025019>
661549 1790835812.617832 --- SIGURG {si_signo=SIGURG, si_code=SI_TKILL, si_pid=661400, si_uid=1000} ---
661406 1790835812.618219 pwrite64(22</tmp/TestMixedWorkflowsRecoverFromFourServerFaults3749442285/001/node-0/jetstream/$G/streams/WF_RUN/msgs/1.blk>, "\303\0\0\200;\0\0\0\0\0\0\0H(\350\344\256S\332\30\t\0wf.run.26\203"..., 225, 13026) = 225 (DELAYED) <0.025078>
661406 1790835812.644398 pwrite64(22</tmp/TestMixedWorkflowsRecoverFromFourServerFaults3749442285/001/node-0/jetstream/$G/streams/WF_RUN/msgs/1.blk>, "\302\0\0\200<\0\0\0\0\0\0\0\2350\350\344\256S\332\30\10\0wf.run.0\203\0"..., 224, 13251) = 224 (DELAYED) <0.025050>
661406 1790835812.669738 pwrite64(22</tmp/TestMixedWorkflowsRecoverFromFourServerFaults3749442285/001/node-0/jetstream/$G/streams/WF_RUN/msgs/1.blk>, "\303\0\0\200=\0\0\0\0\0\0\0+6\350\344\256S\332\30\t\0wf.run.26\203"..., 225, 13475 <unfinished ...>
661422 1790835812.676772 pwrite64(43</tmp/TestMixedWorkflowsRecoverFromFourServerFaults3749442285/001/node-0/jetstream/$SYS/_js_/C-R3F-0ktVzAXS/msgs/1.blk>, "l\0\0\0\r\0\0\0\0\0\0\0\346\22\245\361\256S\332\30\0\0000m6vARoZ\3\0"..., 108, 1268 <unfinished ...>
661406 1790835812.694801 <... pwrite64 resumed>) = 225 (DELAYED) <0.025003>
661406 1790835812.695007 pwrite64(22</tmp/TestMixedWorkflowsRecoverFromFourServerFaults3749442285/001/node-0/jetstream/$G/streams/WF_RUN/msgs/1.blk>, "\303\0\0\200>\0\0\0\0\0\0\0\347:\350\344\256S\332\30\t\0wf.run.18\203"..., 225, 13700 <unfinished ...>
661422 1790835812.701804 <... pwrite64 resumed>) = 108 (DELAYED) <0.024993>
661422 1790835812.701898 pwrite64(43</tmp/TestMixedWorkflowsRecoverFromFourServerFaults3749442285/001/node-0/jetstream/$SYS/_js_/C-R3F-0ktVzAXS/msgs/1.blk>, "[\0\0\0\16\0\0\0\0\0\0\0p\270$\363\256S\332\30\0\0000m6vARoZ\3\0"..., 91, 1376 <unfinished ...>
661406 1790835812.720043 <... pwrite64 resumed>) = 225 (DELAYED) <0.025014>
661406 1790835812.720464 pwrite64(22</tmp/TestMixedWorkflowsRecoverFromFourServerFaults3749442285/001/node-0/jetstream/$G/streams/WF_RUN/msgs/1.blk>, "\302\0\0\200?\0\0\0\0\0\0\0\355@\350\344\256S\332\30\10\0wf.run.0\203\0"..., 224, 13925 <unfinished ...>
661422 1790835812.726937 <... pwrite64 resumed>) = 91 (DELAYED) <0.025020>
661422 1790835812.727024 pwrite64(43</tmp/TestMixedWorkflowsRecoverFromFourServerFaults3749442285/001/node-0/jetstream/$SYS/_js_/C-R3F-0ktVzAXS/msgs/1.blk>, "W\0\0\0\17\0\0\0\0\0\0\0\243\25\244\364\256S\332\30\0\0000m6vARoZ\3\0"..., 87, 1467 <unfinished ...>
661548 1790835812.736532 newfstatat(AT_FDCWD</home/exedev/js-wf/integration>, "/tmp/TestMixedWorkflowsRecoverFromFourServerFaults3749442285/001/node-0/jetstream/$SYS/_js_/S-R3F-cEgCkw3z/tav.idx", {st_mode=S_IFREG|0600, st_size=16, ...}, 0) = 0 <0.000018>
661548 1790835812.741309 newfstatat(AT_FDCWD</home/exedev/js-wf/integration>, "/tmp/TestMixedWorkflowsRecoverFromFourServerFaults3749442285/001/node-0/jetstream/$SYS/_js_/S-R3F-cEgCkw3z/tav.idx", {st_mode=S_IFREG|0600, st_size=16, ...}, AT_SYMLINK_NOFOLLOW) = 0 <0.000072>
661548 1790835812.742147 renameat(AT_FDCWD</home/exedev/js-wf/integration>, "/tmp/TestMixedWorkflowsRecoverFromFourServerFaults3749442285/001/node-0/jetstream/$SYS/_js_/S-R3F-cEgCkw3z/tav.idx.tmp", AT_FDCWD</home/exedev/js-wf/integration>, "/tmp/TestMixedWorkflowsRecoverFromFourServerFaults3749442285/001/node-0/jetstream/$SYS/_js_/S-R3F-cEgCkw3z/tav.idx") = 0 <0.001186>
661406 1790835812.745492 <... pwrite64 resumed>) = 224 (DELAYED) <0.025001>
661406 1790835812.745648 pwrite64(22</tmp/TestMixedWorkflowsRecoverFromFourServerFaults3749442285/001/node-0/jetstream/$G/streams/WF_RUN/msgs/1.blk>, "\305\0\0\200@\0\0\0\0\0\0\0\216H\350\344\256S\332\30\t\0wf.run.26\205"..., 227, 14149 <unfinished ...>
661548 1790835812.747968 newfstatat(AT_FDCWD</home/exedev/js-wf/integration>, "/tmp/TestMixedWorkflowsRecoverFromFourServerFaults3749442285/001/node-0/jetstream/$SYS/_js_/S-R3F-cEgCkw3z/tav.idx", {st_mode=S_IFREG|0600, st_size=8, ...}, 0) = 0 <0.000014>
661548 1790835812.748273 --- SIGURG {si_signo=SIGURG, si_code=SI_TKILL, si_pid=661400, si_uid=1000} ---
661553 1790835812.749843 newfstatat(AT_FDCWD</home/exedev/js-wf/integration>, "/tmp/TestMixedWorkflowsRecoverFromFourServerFaults3749442285/001/node-0/jetstream/$SYS/_js_/S-R3F-cEgCkw3z/tav.idx", {st_mode=S_IFREG|0600, st_size=8, ...}, AT_SYMLINK_NOFOLLOW) = 0 <0.000013>
661553 1790835812.749898 renameat(AT_FDCWD</home/exedev/js-wf/integration>, "/tmp/TestMixedWorkflowsRecoverFromFourServerFaults3749442285/001/node-0/jetstream/$SYS/_js_/S-R3F-cEgCkw3z/tav.idx.tmp", AT_FDCWD</home/exedev/js-wf/integration>, "/tmp/TestMixedWorkflowsRecoverFromFourServerFaults3749442285/001/node-0/jetstream/$SYS/_js_/S-R3F-cEgCkw3z/tav.idx") = 0 <0.000042>
661422 1790835812.752057 <... pwrite64 resumed>) = 87 (DELAYED) <0.025013>
661422 1790835812.752394 newfstatat(AT_FDCWD</home/exedev/js-wf/integration>, "/tmp/TestMixedWorkflowsRecoverFromFourServerFaults3749442285/001/node-0/jetstream/$G/streams/WF_RUN/obs/WF_P_27/o.dat", {st_mode=S_IFREG|0600, st_size=18, ...}, AT_SYMLINK_NOFOLLOW) = 0 <0.000029>
661422 1790835812.752453 renameat(AT_FDCWD</home/exedev/js-wf/integration>, "/tmp/TestMixedWorkflowsRecoverFromFourServerFaults3749442285/001/node-0/jetstream/$G/streams/WF_RUN/obs/WF_P_27/o.dat.tmp", AT_FDCWD</home/exedev/js-wf/integration>, "/tmp/TestMixedWorkflowsRecoverFromFourServerFaults3749442285/001/node-0/jetstream/$G/streams/WF_RUN/obs/WF_P_27/o.dat") = 0 <0.000056>
661549 1790835812.761101 fstat(31</tmp/TestMixedWorkflowsRecoverFromFourServerFaults3749442285/001/node-0/jetstream/$SYS/_js_/S-R3F-cEgCkw3z/msgs/1.blk>, {st_mode=S_IFREG|0600, st_size=112, ...}) = 0 <0.000022>
661549 1790835812.761235 lseek(31</tmp/TestMixedWorkflowsRecoverFromFourServerFaults3749442285/001/node-0/jetstream/$SYS/_js_/S-R3F-cEgCkw3z/msgs/1.blk>, 0, SEEK_SET) = 0 <0.000011>
661549 1790835812.761371 fstat(31</tmp/TestMixedWorkflowsRecoverFromFourServerFaults3749442285/001/node-0/jetstream/$SYS/_js_/S-R3F-cEgCkw3z/msgs/1.blk>, {st_mode=S_IFREG|0600, st_size=112, ...}) = 0 <0.000003>
661549 1790835812.761607 read(31</tmp/TestMixedWorkflowsRecoverFromFourServerFaults3749442285/001/node-0/jetstream/$SYS/_js_/S-R3F-cEgCkw3z/msgs/1.blk>, "p\0\0\0\1\0\0\0\0\0\0\0RR\261\244\253S\332\30\0\0000WED9nmv\1\0"..., 112) = 112 <0.000018>
661549 1790835812.761660 pwrite64(31</tmp/TestMixedWorkflowsRecoverFromFourServerFaults3749442285/001/node-0/jetstream/$SYS/_js_/S-R3F-cEgCkw3z/msgs/1.blk>, "p\0\0\0\2\0\0\0\0\0\0\0\203\335\253\366\256S\332\30\0\0000m6vARoZ\3\0"..., 112, 112 <unfinished ...>
661406 1790835812.770697 <... pwrite64 resumed>) = 227 (DELAYED) <0.025035>
661406 1790835812.770934 pwrite64(22</tmp/TestMixedWorkflowsRecoverFromFourServerFaults3749442285/001/node-0/jetstream/$G/streams/WF_RUN/msgs/1.blk>, "\303\0\0\200A\0\0\0\0\0\0\0\345N\350\344\256S\332\30\t\0wf.run.18\203"..., 225, 14376 <unfinished ...>
661553 1790835812.771008 pwrite64(46</tmp/TestMixedWorkflowsRecoverFromFourServerFaults3749442285/001/node-0/jetstream/$SYS/_js_/C-R3F-13UXQlAl/msgs/1.blk>, "\214\0\0\0\v\0\0\0\0\0\0\0QLC\367\256S\332\30\0\0000m6vARoZ\2\0"..., 140, 1051 <unfinished ...>
661549 1790835812.786725 <... pwrite64 resumed>) = 112 (DELAYED) <0.024957>
661549 1790835812.786999 --- SIGURG {si_signo=SIGURG, si_code=SI_TKILL, si_pid=661400, si_uid=1000} ---
661548 1790835812.791718 close(31</tmp/TestMixedWorkflowsRecoverFromFourServerFaults3749442285/001/node-0/jetstream/$SYS/_js_/S-R3F-cEgCkw3z/msgs/1.blk>) = 0 <0.000010>
661422 1790835812.793120 --- SIGURG {si_signo=SIGURG, si_code=SI_TKILL, si_pid=661400, si_uid=1000} ---
661406 1790835812.795967 <... pwrite64 resumed>) = 225 (DELAYED) <0.025009>
661553 1790835812.796055 <... pwrite64 resumed>) = 140 (DELAYED) <0.025037>
661406 1790835812.798835 pwrite64(22</tmp/TestMixedWorkflowsRecoverFromFourServerFaults3749442285/001/node-0/jetstream/$G/streams/WF_RUN/msgs/1.blk>, "\304\0\0\200B\0\0\0\0\0\0\0\233T\350\344\256S\332\30\10\0wf.run.0\205\0"..., 226, 14601 <unfinished ...>
661548 1790835812.798927 pwrite64(50</tmp/TestMixedWorkflowsRecoverFromFourServerFaults3749442285/001/node-0/jetstream/$SYS/_js_/C-R3F-tuMA878n/msgs/1.blk>, "z\0\0\0\f\0\0\0\0\0\0\0zT\355\370\256S\332\30\0\0000m6vARoZ\3\0"..., 122, 1124 <unfinished ...>
661553 1790835812.805791 pwrite64(52</tmp/TestMixedWorkflowsRecoverFromFourServerFaults3749442285/001/node-0/jetstream/$SYS/_js_/C-R3F-msGDjRCn/msgs/1.blk>, "l\0\0\0\r\0\0\0\0\0\0\0\337\327U\371\256S\332\30\0\0000m6vARoZ\3\0"..., 108, 1244 <unfinished ...>
661548 1790835812.824501 <... pwrite64 resumed>) = 122 (DELAYED) <0.025561>
661548 1790835812.824617 pwrite64(50</tmp/TestMixedWorkflowsRecoverFromFourServerFaults3749442285/001/node-0/jetstream/$SYS/_js_/C-R3F-tuMA878n/msgs/1.blk>, "l\0\0\0\r\0\0\0\0\0\0\0\236/u\372\256S\332\30\0\0000m6vARoZ\3\0"..., 108, 1246 <unfinished ...>
661406 1790835812.824648 <... pwrite64 resumed>) = 226 (DELAYED) <0.025790>
661406 1790835812.825851 --- SIGURG {si_signo=SIGURG, si_code=SI_TKILL, si_pid=661400, si_uid=1000} ---
661549 1790835812.825890 pwrite64(22</tmp/TestMixedWorkflowsRecoverFromFourServerFaults3749442285/001/node-0/jetstream/$G/streams/WF_RUN/msgs/1.blk>, "\305\0\0\200C\0\0\0\0\0\0\0\273Y\350\344\256S\332\30\t\0wf.run.26\205"..., 227, 14827 <unfinished ...>
661555 1790835812.826139 pwrite64(46</tmp/TestMixedWorkflowsRecoverFromFourServerFaults3749442285/001/node-0/jetstream/$SYS/_js_/C-R3F-13UXQlAl/msgs/1.blk>, "~\0\0\0\f\0\0\0\0\0\0\0\221H\214\372\256S\332\30\0\0000m6vARoZ\2\0"..., 126, 1191 <unfinished ...>
661417 1790835812.826587 newfstatat(AT_FDCWD</home/exedev/js-wf/integration>, "/tmp/TestMixedWorkflowsRecoverFromFourServerFaults3749442285/001/node-0/jetstream/$G/streams/WF_RUN/obs/WF_P_18/o.dat", {st_mode=S_IFREG|0600, st_size=8, ...}, AT_SYMLINK_NOFOLLOW) = 0 <0.000012>
661417 1790835812.826639 renameat(AT_FDCWD</home/exedev/js-wf/integration>, "/tmp/TestMixedWorkflowsRecoverFromFourServerFaults3749442285/001/node-0/jetstream/$G/streams/WF_RUN/obs/WF_P_18/o.dat.tmp", AT_FDCWD</home/exedev/js-wf/integration>, "/tmp/TestMixedWorkflowsRecoverFromFourServerFaults3749442285/001/node-0/jetstream/$G/streams/WF_RUN/obs/WF_P_18/o.dat") = 0 <0.000094>
661553 1790835812.830826 <... pwrite64 resumed>) = 108 (DELAYED) <0.025010>
661553 1790835812.830901 pwrite64(52</tmp/TestMixedWorkflowsRecoverFromFourServerFaults3749442285/001/node-0/jetstream/$SYS/_js_/C-R3F-msGDjRCn/msgs/1.blk>, "z\0\0\0\16\0\0\0\0\0\0\0|+\325\372\256S\332\30\0\0000m6vARoZ\3\0"..., 122, 1352 <unfinished ...>
661548 1790835812.850820 <... pwrite64 resumed>) = 108 (DELAYED) <0.026177>
661549 1790835812.850905 <... pwrite64 resumed>) = 227 (DELAYED) <0.025002>
661549 1790835812.851030 pwrite64(22</tmp/TestMixedWorkflowsRecoverFromFourServerFaults3749442285/001/node-0/jetstream/$G/streams/WF_RUN/msgs/1.blk>, "\303\0\0\200D\0\0\0\0\0\0\0Y^\350\344\256S\332\30\t\0wf.run.18\203"..., 225, 15054 <unfinished ...>
661555 1790835812.851206 <... pwrite64 resumed>) = 126 (DELAYED) <0.025048>
661406 1790835812.851227 pwrite64(51</tmp/TestMixedWorkflowsRecoverFromFourServerFaults3749442285/001/node-0/jetstream/$SYS/_js_/C-R3F-7OYeMzZe/msgs/1.blk>, "z\0\0\0\f\0\0\0\0\0\0\0\374\276\n\374\256S\332\30\0\0000m6vARoZ\3\0"..., 122, 1124 <unfinished ...>
661548 1790835812.851309 --- SIGURG {si_signo=SIGURG, si_code=SI_TKILL, si_pid=661400, si_uid=1000} ---
661548 1790835812.851760 newfstatat(AT_FDCWD</home/exedev/js-wf/integration>, "/tmp/TestMixedWorkflowsRecoverFromFourServerFaults3749442285/001/node-0/jetstream/$G/streams/WF_RUN/obs/WF_P_12/o.dat", {st_mode=S_IFREG|0600, st_size=8, ...}, AT_SYMLINK_NOFOLLOW) = 0 <0.000007>
661548 1790835812.851800 renameat(AT_FDCWD</home/exedev/js-wf/integration>, "/tmp/TestMixedWorkflowsRecoverFromFourServerFaults3749442285/001/node-0/jetstream/$G/streams/WF_RUN/obs/WF_P_12/o.dat.tmp", AT_FDCWD</home/exedev/js-wf/integration>, "/tmp/TestMixedWorkflowsRecoverFromFourServerFaults3749442285/001/node-0/jetstream/$G/streams/WF_RUN/obs/WF_P_12/o.dat") = 0 <0.000055>
661422 1790835812.852914 newfstatat(AT_FDCWD</home/exedev/js-wf/integration>, "/tmp/TestMixedWorkflowsRecoverFromFourServerFaults3749442285/001/node-0/jetstream/$G/streams/WF_RUN/obs/WF_P_27/o.dat", {st_mode=S_IFREG|0600, st_size=18, ...}, AT_SYMLINK_NOFOLLOW) = 0 <0.000004>
661422 1790835812.852946 renameat(AT_FDCWD</home/exedev/js-wf/integration>, "/tmp/TestMixedWorkflowsRecoverFromFourServerFaults3749442285/001/node-0/jetstream/$G/streams/WF_RUN/obs/WF_P_27/o.dat.tmp", AT_FDCWD</home/exedev/js-wf/integration>, "/tmp/TestMixedWorkflowsRecoverFromFourServerFaults3749442285/001/node-0/jetstream/$G/streams/WF_RUN/obs/WF_P_27/o.dat") = 0 <0.000050>
661553 1790835812.855923 <... pwrite64 resumed>) = 122 (DELAYED) <0.025004>
661548 1790835812.856419 newfstatat(AT_FDCWD</home/exedev/js-wf/integration>, "/tmp/TestMixedWorkflowsRecoverFromFourServerFaults3749442285/001/node-0/jetstream/$G/streams/WF_RUN/obs/WF_P_33/o.dat", {st_mode=S_IFREG|0600, st_size=8, ...}, AT_SYMLINK_NOFOLLOW) = 0 <0.000003>
661548 1790835812.856453 renameat(AT_FDCWD</home/exedev/js-wf/integration>, "/tmp/TestMixedWorkflowsRecoverFromFourServerFaults3749442285/001/node-0/jetstream/$G/streams/WF_RUN/obs/WF_P_33/o.dat.tmp", AT_FDCWD</home/exedev/js-wf/integration>, "/tmp/TestMixedWorkflowsRecoverFromFourServerFaults3749442285/001/node-0/jetstream/$G/streams/WF_RUN/obs/WF_P_33/o.dat") = 0 <0.000061>
661549 1790835812.876075 <... pwrite64 resumed>) = 225 (DELAYED) <0.025024>
661406 1790835812.876278 <... pwrite64 resumed>) = 122 (DELAYED) <0.025041>
661549 1790835812.876366 pwrite64(22</tmp/TestMixedWorkflowsRecoverFromFourServerFaults3749442285/001/node-0/jetstream/$G/streams/WF_RUN/msgs/1.blk>, "\304\0\0\200E\0\0\0\0\0\0\0\355b\350\344\256S\332\30\10\0wf.run.0\205\0"..., 226, 15279 <unfinished ...>
661406 1790835812.876393 pwrite64(51</tmp/TestMixedWorkflowsRecoverFromFourServerFaults3749442285/001/node-0/jetstream/$SYS/_js_/C-R3F-7OYeMzZe/msgs/1.blk>, "l\0\0\0\r\0\0\0\0\0\0\0\373j\212\375\256S\332\30\0\0000m6vARoZ\3\0"..., 108, 1246 <unfinished ...>
661553 1790835812.880808 newfstatat(AT_FDCWD</home/exedev/js-wf/integration>, "/tmp/TestMixedWorkflowsRecoverFromFourServerFaults3749442285/001/node-0/jetstream/$G/streams/WF_RUN/obs/WF_P_43/o.dat", {st_mode=S_IFREG|0600, st_size=16, ...}, AT_SYMLINK_NOFOLLOW) = 0 <0.000008>
661553 1790835812.880857 renameat(AT_FDCWD</home/exedev/js-wf/integration>, "/tmp/TestMixedWorkflowsRecoverFromFourServerFaults3749442285/001/node-0/jetstream/$G/streams/WF_RUN/obs/WF_P_43/o.dat.tmp", AT_FDCWD</home/exedev/js-wf/integration>, "/tmp/TestMixedWorkflowsRecoverFromFourServerFaults3749442285/001/node-0/jetstream/$G/streams/WF_RUN/obs/WF_P_43/o.dat") = 0 <0.000077>
661549 1790835812.901405 <... pwrite64 resumed>) = 226 (DELAYED) <0.025016>
661406 1790835812.901440 <... pwrite64 resumed>) = 108 (DELAYED) <0.025037>
661549 1790835812.901591 pwrite64(22</tmp/TestMixedWorkflowsRecoverFromFourServerFaults3749442285/001/node-0/jetstream/$G/streams/WF_RUN/msgs/1.blk>, "\305\0\0\200F\0\0\0\0\0\0\0\224g\350\344\256S\332\30\t\0wf.run.26\205"..., 227, 15505 <unfinished ...>
661406 1790835812.901776 --- SIGURG {si_signo=SIGURG, si_code=SI_TKILL, si_pid=661400, si_uid=1000} ---
661553 1790835812.902161 pwrite64(48</tmp/TestMixedWorkflowsRecoverFromFourServerFaults3749442285/001/node-0/jetstream/$SYS/_js_/C-R3F-5zk9g5oE/msgs/1.blk>, "l\0\0\0\v\0\0\0\0\0\0\0\5S\24\377\256S\332\30\0\0000m6vARoZ\3\0"..., 108, 1016 <unfinished ...>
661417 1790835812.903006 newfstatat(AT_FDCWD</home/exedev/js-wf/integration>, "/tmp/TestMixedWorkflowsRecoverFromFourServerFaults3749442285/001/node-0/jetstream/$G/streams/WF_RUN/obs/WF_P_63/o.dat", {st_mode=S_IFREG|0600, st_size=8, ...}, AT_SYMLINK_NOFOLLOW) = 0 <0.000016>
661417 1790835812.903095 renameat(AT_FDCWD</home/exedev/js-wf/integration>, "/tmp/TestMixedWorkflowsRecoverFromFourServerFaults3749442285/001/node-0/jetstream/$G/streams/WF_RUN/obs/WF_P_63/o.dat.tmp", AT_FDCWD</home/exedev/js-wf/integration>, "/tmp/TestMixedWorkflowsRecoverFromFourServerFaults3749442285/001/node-0/jetstream/$G/streams/WF_RUN/obs/WF_P_63/o.dat") = 0 <0.000085>
661549 1790835812.926625 <... pwrite64 resumed>) = 227 (DELAYED) <0.025016>
661422 1790835812.927398 --- SIGURG {si_signo=SIGURG, si_code=SI_TKILL, si_pid=661400, si_uid=1000} ---
661553 1790835812.927528 <... pwrite64 resumed>) = 108 (DELAYED) <0.025353>
661553 1790835812.927592 pwrite64(48</tmp/TestMixedWorkflowsRecoverFromFourServerFaults3749442285/001/node-0/jetstream/$SYS/_js_/C-R3F-5zk9g5oE/msgs/1.blk>, "z\0\0\0\f\0\0\0\0\0\0\0\372\241\230\0\257S\332\30\0\0000m6vARoZ\3\0"..., 122, 1124 <unfinished ...>
661422 1790835812.927676 pwrite64(22</tmp/TestMixedWorkflowsRecoverFromFourServerFaults3749442285/001/node-0/jetstream/$G/streams/WF_RUN/msgs/1.blk>, "\303\0\0\200G\0\0\0\0\0\0\0\36l\350\344\256S\332\30\t\0wf.run.18\203"..., 225, 15732 <unfinished ...>
661549 1790835812.927831 newfstatat(AT_FDCWD</home/exedev/js-wf/integration>, "/tmp/TestMixedWorkflowsRecoverFromFourServerFaults3749442285/001/node-0/jetstream/$G/streams/WF_RUN/obs/WF_P_18/o.dat", {st_mode=S_IFREG|0600, st_size=16, ...}, AT_SYMLINK_NOFOLLOW) = 0 <0.000030>
661549 1790835812.927892 renameat(AT_FDCWD</home/exedev/js-wf/integration>, "/tmp/TestMixedWorkflowsRecoverFromFourServerFaults3749442285/001/node-0/jetstream/$G/streams/WF_RUN/obs/WF_P_18/o.dat.tmp", AT_FDCWD</home/exedev/js-wf/integration>, "/tmp/TestMixedWorkflowsRecoverFromFourServerFaults3749442285/001/node-0/jetstream/$G/streams/WF_RUN/obs/WF_P_18/o.dat") = 0 <0.000108>
661553 1790835812.952681 <... pwrite64 resumed>) = 122 (DELAYED) <0.025064>
661422 1790835812.952780 <... pwrite64 resumed>) = 225 (DELAYED) <0.025095>
661422 1790835812.953243 pwrite64(22</tmp/TestMixedWorkflowsRecoverFromFourServerFaults3749442285/001/node-0/jetstream/$G/streams/WF_RUN/msgs/1.blk>, "\304\0\0\200H\0\0\0\0\0\0\0\26q\350\344\256S\332\30\10\0wf.run.0\205\0"..., 226, 15957 <unfinished ...>
661553 1790835812.953324 --- SIGURG {si_signo=SIGURG, si_code=SI_TKILL, si_pid=661400, si_uid=1000} ---
661406 1790835812.954774 newfstatat(AT_FDCWD</home/exedev/js-wf/integration>, "/tmp/TestMixedWorkflowsRecoverFromFourServerFaults3749442285/001/node-0/jetstream/$G/streams/WF_RUN/obs/WF_P_15/o.dat", {st_mode=S_IFREG|0600, st_size=8, ...}, AT_SYMLINK_NOFOLLOW) = 0 <0.000015>
661406 1790835812.954859 renameat(AT_FDCWD</home/exedev/js-wf/integration>, "/tmp/TestMixedWorkflowsRecoverFromFourServerFaults3749442285/001/node-0/jetstream/$G/streams/WF_RUN/obs/WF_P_15/o.dat.tmp", AT_FDCWD</home/exedev/js-wf/integration>, "/tmp/TestMixedWorkflowsRecoverFromFourServerFaults3749442285/001/node-0/jetstream/$G/streams/WF_RUN/obs/WF_P_15/o.dat") = 0 <0.000062>
661422 1790835812.978417 <... pwrite64 resumed>) = 226 (DELAYED) <0.025134>
661422 1790835812.979816 pwrite64(22</tmp/TestMixedWorkflowsRecoverFromFourServerFaults3749442285/001/node-0/jetstream/$G/streams/WF_RUN/msgs/1.blk>, "\303\0\0\200I\0\0\0\0\0\0\0\250y\350\344\256S\332\30\t\0wf.run.18\203"..., 225, 16183) = 225 (DELAYED) <0.025277>
661422 1790835813.005596 pwrite64(22</tmp/TestMixedWorkflowsRecoverFromFourServerFaults3749442285/001/node-0/jetstream/$G/streams/WF_RUN/msgs/1.blk>, "\305\0\0\200J\0\0\0\0\0\0\0\220\177\350\344\256S\332\30\t\0wf.run.18\205"..., 227, 16408 <unfinished ...>
661417 1790835813.006383 pwrite64(51</tmp/TestMixedWorkflowsRecoverFromFourServerFaults3749442285/001/node-0/jetstream/$SYS/_js_/C-R3F-7OYeMzZe/msgs/1.blk>, "z\0\0\0\16\0\0\0\0\0\0\0\362\246J\5\257S\332\30\0\0000m6vARoZ\3\0"..., 122, 1354 <unfinished ...>
661406 1790835813.009726 newfstatat(AT_FDCWD</home/exedev/js-wf/integration>, "/tmp/TestMixedWorkflowsRecoverFromFourServerFaults3749442285/001/node-0/jetstream/$G/streams/WF_RUN/obs/WF_P_48/o.dat", {st_mode=S_IFREG|0600, st_size=16, ...}, AT_SYMLINK_NOFOLLOW) = 0 <0.000005>
661406 1790835813.009771 renameat(AT_FDCWD</home/exedev/js-wf/integration>, "/tmp/TestMixedWorkflowsRecoverFromFourServerFaults3749442285/001/node-0/jetstream/$G/streams/WF_RUN/obs/WF_P_48/o.dat.tmp", AT_FDCWD</home/exedev/js-wf/integration>, "/tmp/TestMixedWorkflowsRecoverFromFourServerFaults3749442285/001/node-0/jetstream/$G/streams/WF_RUN/obs/WF_P_48/o.dat") = 0 <0.000062>
661406 1790835813.027872 --- SIGURG {si_signo=SIGURG, si_code=SI_TKILL, si_pid=661400, si_uid=1000} ---
661406 1790835813.028492 newfstatat(AT_FDCWD</home/exedev/js-wf/integration>, "/tmp/TestMixedWorkflowsRecoverFromFourServerFaults3749442285/001/node-0/jetstream/$G/streams/WF_RUN/obs/WF_P_18/o.dat", {st_mode=S_IFREG|0600, st_size=19, ...}, AT_SYMLINK_NOFOLLOW) = 0 <0.000007>
661406 1790835813.028537 renameat(AT_FDCWD</home/exedev/js-wf/integration>, "/tmp/TestMixedWorkflowsRecoverFromFourServerFaults3749442285/001/node-0/jetstream/$G/streams/WF_RUN/obs/WF_P_18/o.dat.tmp", AT_FDCWD</home/exedev/js-wf/integration>, "/tmp/TestMixedWorkflowsRecoverFromFourServerFaults3749442285/001/node-0/jetstream/$G/streams/WF_RUN/obs/WF_P_18/o.dat") = 0 <0.000061>
661422 1790835813.033734 <... pwrite64 resumed>) = 227 (DELAYED) <0.027999>
661417 1790835813.033762 <... pwrite64 resumed>) = 122 (DELAYED) <0.027360>
661417 1790835813.033871 pwrite64(51</tmp/TestMixedWorkflowsRecoverFromFourServerFaults3749442285/001/node-0/jetstream/$SYS/_js_/C-R3F-7OYeMzZe/msgs/1.blk>, "l\0\0\0\17\0\0\0\0\0\0\0\301\37\356\6\257S\332\30\0\0000m6vARoZ\3\0"..., 108, 1476 <unfinished ...>
661422 1790835813.034010 pwrite64(22</tmp/TestMixedWorkflowsRecoverFromFourServerFaults3749442285/001/node-0/jetstream/$G/streams/WF_RUN/msgs/1.blk>, "\305\0\0\200K\0\0\0\0\0\0\0\304\204\350\344\256S\332\30\t\0wf.run.18\205"..., 227, 16635 <unfinished ...>
661417 1790835813.058948 <... pwrite64 resumed>) = 108 (DELAYED) <0.025052>
661417 1790835813.059749 --- SIGURG {si_signo=SIGURG, si_code=SI_TKILL, si_pid=661400, si_uid=1000} ---
661417 1790835813.060118 newfstatat(AT_FDCWD</home/exedev/js-wf/integration>, "/tmp/TestMixedWorkflowsRecoverFromFourServerFaults3749442285/001/node-0/jetstream/$G/streams/WF_RUN/obs/WF_P_63/o.dat", {st_mode=S_IFREG|0600, st_size=8, ...}, AT_SYMLINK_NOFOLLOW) = 0 <0.000010>
661417 1790835813.060167 renameat(AT_FDCWD</home/exedev/js-wf/integration>, "/tmp/TestMixedWorkflowsRecoverFromFourServerFaults3749442285/001/node-0/jetstream/$G/streams/WF_RUN/obs/WF_P_63/o.dat.tmp", AT_FDCWD</home/exedev/js-wf/integration>, "/tmp/TestMixedWorkflowsRecoverFromFourServerFaults3749442285/001/node-0/jetstream/$G/streams/WF_RUN/obs/WF_P_63/o.dat") = 0 <0.000085>
661422 1790835813.062340 <... pwrite64 resumed>) = 227 (DELAYED) <0.028314>
661422 1790835813.062456 --- SIGURG {si_signo=SIGURG, si_code=SI_TKILL, si_pid=661400, si_uid=1000} ---
661549 1790835813.064184 pwrite64(22</tmp/TestMixedWorkflowsRecoverFromFourServerFaults3749442285/001/node-0/jetstream/$G/streams/WF_RUN/msgs/1.blk>, "\305\0\0\200L\0\0\0\0\0\0\0\274\211\350\344\256S\332\30\t\0wf.run.18\205"..., 227, 16862) = 227 (DELAYED) <0.025039>
661549 1790835813.089391 --- SIGURG {si_signo=SIGURG, si_code=SI_TKILL, si_pid=661400, si_uid=1000} ---
661549 1790835813.089728 pwrite64(43</tmp/TestMixedWorkflowsRecoverFromFourServerFaults3749442285/001/node-0/jetstream/$SYS/_js_/C-R3F-0ktVzAXS/msgs/1.blk>, "~\0\0\0\20\0\0\0\0\0\0\0\260\366A\n\257S\332\30\0\0000m6vARoZ\3\0"..., 126, 1554 <unfinished ...>
661422 1790835813.091451 pwrite64(22</tmp/TestMixedWorkflowsRecoverFromFourServerFaults3749442285/001/node-0/jetstream/$G/streams/WF_RUN/msgs/1.blk>, "k\0\0\200M\0\0\0\0\0\0\0m,!\356\256S\332\30\t\0wf.run.27*"..., 107, 17089 <unfinished ...>
661556 1790835813.094159 pwrite64(25</tmp/TestMixedWorkflowsRecoverFromFourServerFaults3749442285/001/node-0/jetstream/$SYS/_js_/S-R3F-jsfg5vMh/msgs/2.blk>, "a\1\0\0\4\0\0\0\0\0\0\0\334\16\206\n\257S\332\30\0\0St9I6EVH\2\0"..., 353, 495 <unfinished ...>
661549 1790835813.114833 <... pwrite64 resumed>) = 126 (DELAYED) <0.025082>
661553 1790835813.116326 newfstatat(AT_FDCWD</home/exedev/js-wf/integration>, "/tmp/TestMixedWorkflowsRecoverFromFourServerFaults3749442285/001/node-0/jetstream/$G/streams/WF_RUN/obs/WF_P_27/o.dat", {st_mode=S_IFREG|0600, st_size=18, ...}, AT_SYMLINK_NOFOLLOW) = 0 <0.000013>
661553 1790835813.116386 renameat(AT_FDCWD</home/exedev/js-wf/integration>, "/tmp/TestMixedWorkflowsRecoverFromFourServerFaults3749442285/001/node-0/jetstream/$G/streams/WF_RUN/obs/WF_P_27/o.dat.tmp", AT_FDCWD</home/exedev/js-wf/integration>, "/tmp/TestMixedWorkflowsRecoverFromFourServerFaults3749442285/001/node-0/jetstream/$G/streams/WF_RUN/obs/WF_P_27/o.dat") = 0 <0.000072>
661422 1790835813.116487 <... pwrite64 resumed>) = 107 (DELAYED) <0.025017>
661556 1790835813.119208 <... pwrite64 resumed>) = 353 (DELAYED) <0.025025>
661553 1790835813.124585 pwrite64(26</tmp/TestMixedWorkflowsRecoverFromFourServerFaults3749442285/001/node-0/jetstream/$G/streams/WF_SIG/msgs/1.blk>, "\363\0\0\200\2\0\0\0\0\0\0\0\240V\202\n\257S\332\30 \0wf.sig.mix"..., 243, 243 <unfinished ...>
661556 1790835813.125394 pwrite64(22</tmp/TestMixedWorkflowsRecoverFromFourServerFaults3749442285/001/node-0/jetstream/$G/streams/WF_RUN/msgs/1.blk>, "k\0\0\200N\0\0\0\0\0\0\0jbC\f\257S\332\30\t\0wf.run.27*"..., 107, 17196 <unfinished ...>
661406 1790835813.127570 pwrite64(25</tmp/TestMixedWorkflowsRecoverFromFourServerFaults3749442285/001/node-0/jetstream/$SYS/_js_/S-R3F-jsfg5vMh/msgs/2.blk>, "a\1\0\0\5\0\0\0\0\0\0\0\7\370\203\f\257S\332\30\0\0St9I6EVH\2\0"..., 353, 848 <unfinished ...>
661553 1790835813.149662 <... pwrite64 resumed>) = 243 (DELAYED) <0.025032>
661556 1790835813.150816 <... pwrite64 resumed>) = 107 (DELAYED) <0.025396>
661549 1790835813.152232 --- SIGURG {si_signo=SIGURG, si_code=SI_TKILL, si_pid=661400, si_uid=1000} ---
661406 1790835813.152617 <... pwrite64 resumed>) = 353 (DELAYED) <0.025022>
661553 1790835813.153733 newfstatat(AT_FDCWD</home/exedev/js-wf/integration>, "/tmp/TestMixedWorkflowsRecoverFromFourServerFaults3749442285/001/node-0/jetstream/$G/streams/WF_RUN/obs/WF_P_55/o.dat", {st_mode=S_IFREG|0600, st_size=16, ...}, AT_SYMLINK_NOFOLLOW) = 0 <0.000012>
661553 1790835813.153786 renameat(AT_FDCWD</home/exedev/js-wf/integration>, "/tmp/TestMixedWorkflowsRecoverFromFourServerFaults3749442285/001/node-0/jetstream/$G/streams/WF_RUN/obs/WF_P_55/o.dat.tmp", AT_FDCWD</home/exedev/js-wf/integration>, "/tmp/TestMixedWorkflowsRecoverFromFourServerFaults3749442285/001/node-0/jetstream/$G/streams/WF_RUN/obs/WF_P_55/o.dat") = 0 <0.000086>
661417 1790835813.154199 newfstatat(AT_FDCWD</home/exedev/js-wf/integration>, "/tmp/TestMixedWorkflowsRecoverFromFourServerFaults3749442285/001/node-0/jetstream/$G/streams/WF_RUN/obs/WF_P_10/o.dat", {st_mode=S_IFREG|0600, st_size=16, ...}, AT_SYMLINK_NOFOLLOW) = 0 <0.000013>
661417 1790835813.154252 renameat(AT_FDCWD</home/exedev/js-wf/integration>, "/tmp/TestMixedWorkflowsRecoverFromFourServerFaults3749442285/001/node-0/jetstream/$G/streams/WF_RUN/obs/WF_P_10/o.dat.tmp", AT_FDCWD</home/exedev/js-wf/integration>, "/tmp/TestMixedWorkflowsRecoverFromFourServerFaults3749442285/001/node-0/jetstream/$G/streams/WF_RUN/obs/WF_P_10/o.dat") = 0 <0.000063>
661406 1790835813.159366 pwrite64(26</tmp/TestMixedWorkflowsRecoverFromFourServerFaults3749442285/001/node-0/jetstream/$G/streams/WF_SIG/msgs/1.blk>, "\363\0\0\200\3\0\0\0\0\0\0\0u\300\177\f\257S\332\30 \0wf.sig.mix"..., 243, 486 <unfinished ...>
661553 1790835813.170885 pwrite64(50</tmp/TestMixedWorkflowsRecoverFromFourServerFaults3749442285/001/node-0/jetstream/$SYS/_js_/C-R3F-tuMA878n/msgs/1.blk>, "z\0\0\0\16\0\0\0\0\0\0\0Wr\30\17\257S\332\30\0\0000m6vARoZ\3\0"..., 122, 1354 <unfinished ...>
661549 1790835813.173595 pwrite64(22</tmp/TestMixedWorkflowsRecoverFromFourServerFaults3749442285/001/node-0/jetstream/$G/streams/WF_RUN/msgs/1.blk>, "k\0\0\200O\0\0\0\0\0\0\0\3\326G\16\257S\332\30\t\0wf.run.27*"..., 107, 17303 <unfinished ...>
661548 1790835813.175433 pwrite64(25</tmp/TestMixedWorkflowsRecoverFromFourServerFaults3749442285/001/node-0/jetstream/$SYS/_js_/S-R3F-jsfg5vMh/msgs/2.blk>, "a\1\0\0\6\0\0\0\0\0\0\0\306H^\17\257S\332\30\0\0St9I6EVH\2\0"..., 353, 1201 <unfinished ...>
661406 1790835813.184414 <... pwrite64 resumed>) = 243 (DELAYED) <0.013688>
661553 1790835813.196297 <... pwrite64 resumed>) = 122 (DELAYED) <0.025372>
661553 1790835813.196429 pwrite64(50</tmp/TestMixedWorkflowsRecoverFromFourServerFaults3749442285/001/node-0/jetstream/$SYS/_js_/C-R3F-tuMA878n/msgs/1.blk>, "l\0\0\0\17\0\0\0\0\0\0\0\275w\236\20\257S\332\30\0\0000m6vARoZ\3\0"..., 108, 1476 <unfinished ...>
661549 1790835813.198645 <... pwrite64 resumed>) = 107 (DELAYED) <0.025023>
661548 1790835813.200468 <... pwrite64 resumed>) = 353 (DELAYED) <0.025006>
661556 1790835813.209199 pwrite64(26</tmp/TestMixedWorkflowsRecoverFromFourServerFaults3749442285/001/node-0/jetstream/$G/streams/WF_SIG/msgs/1.blk>, "\363\0\0\200\4\0\0\0\0\0\0\0\345\350[\17\257S\332\30 \0wf.sig.mix"..., 243, 729 <unfinished ...>
661548 1790835813.210737 pwrite64(22</tmp/TestMixedWorkflowsRecoverFromFourServerFaults3749442285/001/node-0/jetstream/$G/streams/WF_RUN/msgs/1.blk>, "k\0\0\200P\0\0\0\0\0\0\0M\207F\21\257S\332\30\t\0wf.run.27*"..., 107, 17410 <unfinished ...>
661417 1790835813.215277 pwrite64(25</tmp/TestMixedWorkflowsRecoverFromFourServerFaults3749442285/001/node-0/jetstream/$SYS/_js_/S-R3F-jsfg5vMh/msgs/2.blk>, "a\1\0\0\7\0\0\0\0\0\0\0\263B\276\21\257S\332\30\0\0St9I6EVH\2\0"..., 353, 1554 <unfinished ...>
661553 1790835813.221477 <... pwrite64 resumed>) = 108 (DELAYED) <0.025019>
661553 1790835813.221903 newfstatat(AT_FDCWD</home/exedev/js-wf/integration>, "/tmp/TestMixedWorkflowsRecoverFromFourServerFaults3749442285/001/node-0/jetstream/$G/streams/WF_RUN/obs/WF_P_12/o.dat", {st_mode=S_IFREG|0600, st_size=8, ...}, AT_SYMLINK_NOFOLLOW) = 0 <0.000013>
661553 1790835813.221960 renameat(AT_FDCWD</home/exedev/js-wf/integration>, "/tmp/TestMixedWorkflowsRecoverFromFourServerFaults3749442285/001/node-0/jetstream/$G/streams/WF_RUN/obs/WF_P_12/o.dat.tmp", AT_FDCWD</home/exedev/js-wf/integration>, "/tmp/TestMixedWorkflowsRecoverFromFourServerFaults3749442285/001/node-0/jetstream/$G/streams/WF_RUN/obs/WF_P_12/o.dat") = 0 <0.000081>
661556 1790835813.234227 <... pwrite64 resumed>) = 243 (DELAYED) <0.024996>
661548 1790835813.238803 <... pwrite64 resumed>) = 107 (DELAYED) <0.028028>
661417 1790835813.240307 <... pwrite64 resumed>) = 353 (DELAYED) <0.025000>
661417 1790835813.240473 --- SIGURG {si_signo=SIGURG, si_code=SI_TKILL, si_pid=661400, si_uid=1000} ---
661417 1790835813.242524 pwrite64(26</tmp/TestMixedWorkflowsRecoverFromFourServerFaults3749442285/001/node-0/jetstream/$G/streams/WF_SIG/msgs/1.blk>, "\363\0\0\200\5\0\0\0\0\0\0\0\311\332\272\21\257S\332\30 \0wf.sig.mix"..., 243, 972 <unfinished ...>
661553 1790835813.243823 pwrite64(22</tmp/TestMixedWorkflowsRecoverFromFourServerFaults3749442285/001/node-0/jetstream/$G/streams/WF_RUN/msgs/1.blk>, "k\0\0\200Q\0\0\0\0\0\0\0\316LR\23\257S\332\30\t\0wf.run.27*"..., 107, 17517 <unfinished ...>
661549 1790835813.252348 pwrite64(25</tmp/TestMixedWorkflowsRecoverFromFourServerFaults3749442285/001/node-0/jetstream/$SYS/_js_/S-R3F-jsfg5vMh/msgs/2.blk>, "a\1\0\0\10\0\0\0\0\0\0\0\n\332\363\23\257S\332\30\0\0St9I6EVH\2\0"..., 353, 1907 <unfinished ...>
661417 1790835813.267581 <... pwrite64 resumed>) = 243 (DELAYED) <0.025020>
661553 1790835813.268917 <... pwrite64 resumed>) = 107 (DELAYED) <0.025062>
661549 1790835813.277406 <... pwrite64 resumed>) = 353 (DELAYED) <0.025028>
661556 1790835813.280753 pwrite64(26</tmp/TestMixedWorkflowsRecoverFromFourServerFaults3749442285/001/node-0/jetstream/$G/streams/WF_SIG/msgs/1.blk>, "\363\0\0\200\6\0\0\0\0\0\0\0\333\354\261\23\257S\332\30 \0wf.sig.mix"..., 243, 1215 <unfinished ...>
661406 1790835813.281969 pwrite64(22</tmp/TestMixedWorkflowsRecoverFromFourServerFaults3749442285/001/node-0/jetstream/$G/streams/WF_RUN/msgs/1.blk>, "k\0\0\200R\0\0\0\0\0\0\0\33z\233\25\257S\332\30\t\0wf.run.27*"..., 107, 17624 <unfinished ...>
661549 1790835813.285910 pwrite64(25</tmp/TestMixedWorkflowsRecoverFromFourServerFaults3749442285/001/node-0/jetstream/$SYS/_js_/S-R3F-jsfg5vMh/msgs/2.blk>, "a\1\0\0\t\0\0\0\0\0\0\0\202\367\363\25\257S\332\30\0\0St9I6EVH\2\0"..., 353, 2260 <unfinished ...>
661556 1790835813.305804 <... pwrite64 resumed>) = 243 (DELAYED) <0.025013>
661556 1790835813.305952 --- SIGURG {si_signo=SIGURG, si_code=SI_TKILL, si_pid=661400, si_uid=1000} ---
661406 1790835813.307030 <... pwrite64 resumed>) = 107 (DELAYED) <0.025028>
661556 1790835813.307228 newfstatat(AT_FDCWD</home/exedev/js-wf/integration>, "/tmp/TestMixedWorkflowsRecoverFromFourServerFaults3749442285/001/node-0/jetstream/$G/streams/WF_RUN/obs/WF_P_26/o.dat", {st_mode=S_IFREG|0600, st_size=8, ...}, AT_SYMLINK_NOFOLLOW) = 0 <0.000020>
661556 1790835813.307292 renameat(AT_FDCWD</home/exedev/js-wf/integration>, "/tmp/TestMixedWorkflowsRecoverFromFourServerFaults3749442285/001/node-0/jetstream/$G/streams/WF_RUN/obs/WF_P_26/o.dat.tmp", AT_FDCWD</home/exedev/js-wf/integration>, "/tmp/TestMixedWorkflowsRecoverFromFourServerFaults3749442285/001/node-0/jetstream/$G/streams/WF_RUN/obs/WF_P_26/o.dat") = 0 <0.000079>
661549 1790835813.310942 <... pwrite64 resumed>) = 353 (DELAYED) <0.024994>
661417 1790835813.314649 pwrite64(26</tmp/TestMixedWorkflowsRecoverFromFourServerFaults3749442285/001/node-0/jetstream/$G/streams/WF_SIG/msgs/1.blk>, "\363\0\0\200\7\0\0\0\0\0\0\0\346\326\357\25\257S\332\30 \0wf.sig.mix"..., 243, 1458 <unfinished ...>
661556 1790835813.315475 pwrite64(22</tmp/TestMixedWorkflowsRecoverFromFourServerFaults3749442285/001/node-0/jetstream/$G/streams/WF_RUN/msgs/1.blk>, "k\0\0\200S\0\0\0\0\0\0\0\220\305\227\27\257S\332\30\t\0wf.run.27*"..., 107, 17731 <unfinished ...>
661553 1790835813.318156 pwrite64(25</tmp/TestMixedWorkflowsRecoverFromFourServerFaults3749442285/001/node-0/jetstream/$SYS/_js_/S-R3F-jsfg5vMh/msgs/2.blk>, "a\1\0\0\n\0\0\0\0\0\0\0006\v\340\27\257S\332\30\0\0St9I6EVH\2\0"..., 353, 2613 <unfinished ...>
661417 1790835813.339710 <... pwrite64 resumed>) = 243 (DELAYED) <0.025024>
661556 1790835813.340791 <... pwrite64 resumed>) = 107 (DELAYED) <0.025291>
661417 1790835813.341813 newfstatat(AT_FDCWD</home/exedev/js-wf/integration>, "/tmp/TestMixedWorkflowsRecoverFromFourServerFaults3749442285/001/node-0/jetstream/$G/streams/WF_RUN/obs/WF_P_51/o.dat", {st_mode=S_IFREG|0600, st_size=8, ...}, AT_SYMLINK_NOFOLLOW) = 0 <0.000020>
661417 1790835813.341881 renameat(AT_FDCWD</home/exedev/js-wf/integration>, "/tmp/TestMixedWorkflowsRecoverFromFourServerFaults3749442285/001/node-0/jetstream/$G/streams/WF_RUN/obs/WF_P_51/o.dat.tmp", AT_FDCWD</home/exedev/js-wf/integration>, "/tmp/TestMixedWorkflowsRecoverFromFourServerFaults3749442285/001/node-0/jetstream/$G/streams/WF_RUN/obs/WF_P_51/o.dat") = 0 <0.000402>
661553 1790835813.343189 <... pwrite64 resumed>) = 353 (DELAYED) <0.025013>
661406 1790835813.345508 pwrite64(26</tmp/TestMixedWorkflowsRecoverFromFourServerFaults3749442285/001/node-0/jetstream/$G/streams/WF_SIG/msgs/1.blk>, "\363\0\0\200\10\0\0\0\0\0\0\0\1\r\335\27\257S\332\30 \0wf.sig.mix"..., 243, 1701 <unfinished ...>
661417 1790835813.347061 pwrite64(22</tmp/TestMixedWorkflowsRecoverFromFourServerFaults3749442285/001/node-0/jetstream/$G/streams/WF_RUN/msgs/1.blk>, "k\0\0\200T\0\0\0\0\0\0\0\373\240l\31\257S\332\30\t\0wf.run.27*"..., 107, 17838 <unfinished ...>
661422 1790835813.348093 pwrite64(47</tmp/TestMixedWorkflowsRecoverFromFourServerFaults3749442285/001/node-0/jetstream/$SYS/_js_/C-R3F-JUPhrGJa/msgs/1.blk>, "l\0\0\0\n\0\0\0\0\0\0\0X\262\250\31\257S\332\30\0\0000m6vARoZ\3\0"..., 108, 992 <unfinished ...>
661556 1790835813.351314 pwrite64(25</tmp/TestMixedWorkflowsRecoverFromFourServerFaults3749442285/001/node-0/jetstream/$SYS/_js_/S-R3F-jsfg5vMh/msgs/2.blk>, "a\1\0\0\v\0\0\0\0\0\0\0002\21\332\31\257S\332\30\0\0St9I6EVH\2\0"..., 353, 2966 <unfinished ...>
661549 1790835813.360714 pwrite64(42</tmp/TestMixedWorkflowsRecoverFromFourServerFaults3749442285/001/node-0/jetstream/$SYS/_js_/C-R3F-GtA4TRr8/msgs/1.blk>, "l\0\0\0!\0\0\0\0\0\0\0\0tg\32\257S\332\30\0\0000m6vARoZ\3\0"..., 108, 3427 <unfinished ...>
661406 1790835813.370585 <... pwrite64 resumed>) = 243 (DELAYED) <0.025053>
661417 1790835813.372091 <... pwrite64 resumed>) = 107 (DELAYED) <0.025006>
661422 1790835813.373189 <... pwrite64 resumed>) = 108 (DELAYED) <0.025075>
661422 1790835813.375346 pwrite64(47</tmp/TestMixedWorkflowsRecoverFromFourServerFaults3749442285/001/node-0/jetstream/$SYS/_js_/C-R3F-JUPhrGJa/msgs/1.blk>, "\241\0\0\0\v\0\0\0\0\0\0\0\345\245H\33\257S\332\30\0\0000m6vARoZ\3\0"..., 161, 1100 <unfinished ...>
661556 1790835813.376337 <... pwrite64 resumed>) = 353 (DELAYED) <0.024989>
661553 1790835813.379028 pwrite64(26</tmp/TestMixedWorkflowsRecoverFromFourServerFaults3749442285/001/node-0/jetstream/$G/streams/WF_SIG/msgs/1.blk>, "\363\0\0\200\t\0\0\0\0\0\0\0*\254\325\31\257S\332\30 \0wf.sig.mix"..., 243, 1944 <unfinished ...>
661555 1790835813.380315 pwrite64(22</tmp/TestMixedWorkflowsRecoverFromFourServerFaults3749442285/001/node-0/jetstream/$G/streams/WF_RUN/msgs/1.blk>, "k\0\0\200U\0\0\0\0\0\0\0>\326o\33\257S\332\30\t\0wf.run.27*"..., 107, 17945 <unfinished ...>
661556 1790835813.384702 pwrite64(25</tmp/TestMixedWorkflowsRecoverFromFourServerFaults3749442285/001/node-0/jetstream/$SYS/_js_/S-R3F-jsfg5vMh/msgs/2.blk>, "a\1\0\0\f\0\0\0\0\0\0\0\346\f\327\33\257S\332\30\0\0St9I6EVH\2\0"..., 353, 3319 <unfinished ...>
661549 1790835813.386815 <... pwrite64 resumed>) = 108 (DELAYED) <0.026043>
661549 1790835813.386858 pwrite64(42</tmp/TestMixedWorkflowsRecoverFromFourServerFaults3749442285/001/node-0/jetstream/$SYS/_js_/C-R3F-GtA4TRr8/msgs/1.blk>, "~\0\0\0\"\0\0\0\0\0\0\0'x\370\33\257S\332\30\0\0000m6vARoZ\3\0"..., 126, 3535 <unfinished ...>
661422 1790835813.400383 <... pwrite64 resumed>) = 161 (DELAYED) <0.024999>
661406 1790835813.402823 newfstatat(AT_FDCWD</home/exedev/js-wf/integration>, "/tmp/TestMixedWorkflowsRecoverFromFourServerFaults3749442285/001/node-0/jetstream/$G/streams/WF_RUN/obs/WF_P_28/o.dat", {st_mode=S_IFREG|0600, st_size=18, ...}, AT_SYMLINK_NOFOLLOW) = 0 <0.000020>
661406 1790835813.402893 renameat(AT_FDCWD</home/exedev/js-wf/integration>, "/tmp/TestMixedWorkflowsRecoverFromFourServerFaults3749442285/001/node-0/jetstream/$G/streams/WF_RUN/obs/WF_P_28/o.dat.tmp", AT_FDCWD</home/exedev/js-wf/integration>, "/tmp/TestMixedWorkflowsRecoverFromFourServerFaults3749442285/001/node-0/jetstream/$G/streams/WF_RUN/obs/WF_P_28/o.dat") = 0 <0.000064>
661553 1790835813.404219 <... pwrite64 resumed>) = 243 (DELAYED) <0.025168>
661555 1790835813.406854 <... pwrite64 resumed>) = 107 (DELAYED) <0.026523>
661556 1790835813.409745 <... pwrite64 resumed>) = 353 (DELAYED) <0.025017>
661549 1790835813.412307 <... pwrite64 resumed>) = 126 (DELAYED) <0.025435>
661422 1790835813.413885 pwrite64(26</tmp/TestMixedWorkflowsRecoverFromFourServerFaults3749442285/001/node-0/jetstream/$G/streams/WF_SIG/msgs/1.blk>, "\363\0\0\200\n\0\0\0\0\0\0\0001\301\323\33\257S\332\30 \0wf.sig.mix"..., 243, 2187 <unfinished ...>
661556 1790835813.414107 newfstatat(AT_FDCWD</home/exedev/js-wf/integration>, "/tmp/TestMixedWorkflowsRecoverFromFourServerFaults3749442285/001/node-0/jetstream/$G/streams/WF_RUN/obs/WF_P_26/o.dat", {st_mode=S_IFREG|0600, st_size=8, ...}, AT_SYMLINK_NOFOLLOW) = 0 <0.000028>
661556 1790835813.414212 renameat(AT_FDCWD</home/exedev/js-wf/integration>, "/tmp/TestMixedWorkflowsRecoverFromFourServerFaults3749442285/001/node-0/jetstream/$G/streams/WF_RUN/obs/WF_P_26/o.dat.tmp", AT_FDCWD</home/exedev/js-wf/integration>, "/tmp/TestMixedWorkflowsRecoverFromFourServerFaults3749442285/001/node-0/jetstream/$G/streams/WF_RUN/obs/WF_P_26/o.dat") = 0 <0.000084>
661555 1790835813.416119 pwrite64(22</tmp/TestMixedWorkflowsRecoverFromFourServerFaults3749442285/001/node-0/jetstream/$G/streams/WF_RUN/msgs/1.blk>, "l\0\0\200V\0\0\0\0\0\0\0\321\30\201\35\257S\332\30\t\0wf.run.27+"..., 108, 18052 <unfinished ...>
661549 1790835813.419360 pwrite64(25</tmp/TestMixedWorkflowsRecoverFromFourServerFaults3749442285/001/node-0/jetstream/$SYS/_js_/S-R3F-jsfg5vMh/msgs/2.blk>, "c\1\0\0\r\0\0\0\0\0\0\0A0\350\35\257S\332\30\0\0St9I6EVH\2\0"..., 355, 3672 <unfinished ...>
661422 1790835813.438951 <... pwrite64 resumed>) = 243 (DELAYED) <0.025033>
661555 1790835813.441161 <... pwrite64 resumed>) = 108 (DELAYED) <0.025017>
661549 1790835813.444392 <... pwrite64 resumed>) = 355 (DELAYED) <0.025008>
661406 1790835813.451261 pwrite64(26</tmp/TestMixedWorkflowsRecoverFromFourServerFaults3749442285/001/node-0/jetstream/$G/streams/WF_SIG/msgs/1.blk>, "\365\0\0\200\v\0\0\0\0\0\0\0^\207\342\35\257S\332\30 \0wf.sig.mix"..., 245, 2430 <unfinished ...>
661422 1790835813.452130 pwrite64(49</tmp/TestMixedWorkflowsRecoverFromFourServerFaults3749442285/001/node-0/jetstream/$SYS/_js_/C-R3F-SaO96lab/msgs/1.blk>, "l\0\0\0 \0\0\0\0\0\0\0\324\234\333\37\257S\332\30\0\0000m6vARoZ\3\0"..., 108, 3354 <unfinished ...>
661548 1790835813.455406 pwrite64(22</tmp/TestMixedWorkflowsRecoverFromFourServerFaults3749442285/001/node-0/jetstream/$G/streams/WF_RUN/msgs/1.blk>, "l\0\0\200W\0\0\0\0\0\0\0\221y\332\37\257S\332\30\t\0wf.run.27+"..., 108, 18160 <unfinished ...>
661556 1790835813.463796 pwrite64(25</tmp/TestMixedWorkflowsRecoverFromFourServerFaults3749442285/001/node-0/jetstream/$SYS/_js_/S-R3F-jsfg5vMh/msgs/2.blk>, "c\1\0\0\16\0\0\0\0\0\0\0\334<\216 \257S\332\30\0\0St9I6EVH\2\0"..., 355, 4027 <unfinished ...>
661406 1790835813.476310 <... pwrite64 resumed>) = 245 (DELAYED) <0.025016>
661406 1790835813.476527 --- SIGURG {si_signo=SIGURG, si_code=SI_TKILL, si_pid=661400, si_uid=1000} ---
661422 1790835813.477162 <... pwrite64 resumed>) = 108 (DELAYED) <0.025014>
661422 1790835813.477259 pwrite64(49</tmp/TestMixedWorkflowsRecoverFromFourServerFaults3749442285/001/node-0/jetstream/$SYS/_js_/C-R3F-SaO96lab/msgs/1.blk>, "W\0\0\0!\0\0\0\0\0\0\0\263\305[!\257S\332\30\0\0000m6vARoZ\3\0"..., 87, 3462 <unfinished ...>
661548 1790835813.480436 <... pwrite64 resumed>) = 108 (DELAYED) <0.025006>
661556 1790835813.488839 <... pwrite64 resumed>) = 355 (DELAYED) <0.025006>
661556 1790835813.489043 --- SIGURG {si_signo=SIGURG, si_code=SI_TKILL, si_pid=661400, si_uid=1000} ---
661556 1790835813.493168 pwrite64(26</tmp/TestMixedWorkflowsRecoverFromFourServerFaults3749442285/001/node-0/jetstream/$G/streams/WF_SIG/msgs/1.blk>, "\365\0\0\200\f\0\0\0\0\0\0\0004\246\200 \257S\332\30 \0wf.sig.mix"..., 245, 2675 <unfinished ...>
661553 1790835813.493302 pwrite64(22</tmp/TestMixedWorkflowsRecoverFromFourServerFaults3749442285/001/node-0/jetstream/$G/streams/WF_RUN/msgs/1.blk>, "l\0\0\200X\0\0\0\0\0\0\0K\226\34\"\257S\332\30\t\0wf.run.27+"..., 108, 18268 <unfinished ...>
661555 1790835813.496978 pwrite64(25</tmp/TestMixedWorkflowsRecoverFromFourServerFaults3749442285/001/node-0/jetstream/$SYS/_js_/S-R3F-jsfg5vMh/msgs/2.blk>, "c\1\0\0\17\0\0\0\0\0\0\0\236\211\210\"\257S\332\30\0\0St9I6EVH\2\0"..., 355, 4382 <unfinished ...>
661422 1790835813.502976 <... pwrite64 resumed>) = 87 (DELAYED) <0.025688>
661422 1790835813.507490 newfstatat(AT_FDCWD</home/exedev/js-wf/integration>, "/tmp/TestMixedWorkflowsRecoverFromFourServerFaults3749442285/001/node-0/jetstream/$G/streams/WF_RUN/obs/WF_P_51/o.dat", {st_mode=S_IFREG|0600, st_size=8, ...}, AT_SYMLINK_NOFOLLOW) = 0 <0.000009>
661422 1790835813.507552 renameat(AT_FDCWD</home/exedev/js-wf/integration>, "/tmp/TestMixedWorkflowsRecoverFromFourServerFaults3749442285/001/node-0/jetstream/$G/streams/WF_RUN/obs/WF_P_51/o.dat.tmp", AT_FDCWD</home/exedev/js-wf/integration>, "/tmp/TestMixedWorkflowsRecoverFromFourServerFaults3749442285/001/node-0/jetstream/$G/streams/WF_RUN/obs/WF_P_51/o.dat") = 0 <0.000052>
661553 1790835813.518882 <... pwrite64 resumed>) = 108 (DELAYED) <0.025564>
661553 1790835813.519018 --- SIGURG {si_signo=SIGURG, si_code=SI_TKILL, si_pid=661400, si_uid=1000} ---
661556 1790835813.520143 <... pwrite64 resumed>) = 245 (DELAYED) <0.026945>
661555 1790835813.522032 <... pwrite64 resumed>) = 355 (DELAYED) <0.025027>
661556 1790835813.524220 pwrite64(26</tmp/TestMixedWorkflowsRecoverFromFourServerFaults3749442285/001/node-0/jetstream/$G/streams/WF_SIG/msgs/1.blk>, "\365\0\0\200\r\0\0\0\0\0\0\0\221\315\205\"\257S\332\30 \0wf.sig.mix"..., 245, 2920 <unfinished ...>
661553 1790835813.526039 pwrite64(22</tmp/TestMixedWorkflowsRecoverFromFourServerFaults3749442285/001/node-0/jetstream/$G/streams/WF_RUN/msgs/1.blk>, "l\0\0\200Y\0\0\0\0\0\0\0\246\321)$\257S\332\30\t\0wf.run.27+"..., 108, 18376 <unfinished ...>
661555 1790835813.529639 pwrite64(25</tmp/TestMixedWorkflowsRecoverFromFourServerFaults3749442285/001/node-0/jetstream/$SYS/_js_/S-R3F-jsfg5vMh/msgs/2.blk>, "c\1\0\0\20\0\0\0\0\0\0\0\260Iz$\257S\332\30\0\0St9I6EVH\2\0"..., 355, 4737 <unfinished ...>
661556 1790835813.549285 <... pwrite64 resumed>) = 245 (DELAYED) <0.025013>
661553 1790835813.551080 <... pwrite64 resumed>) = 108 (DELAYED) <0.024820>
661555 1790835813.554769 <... pwrite64 resumed>) = 355 (DELAYED) <0.025088>
661555 1790835813.555117 --- SIGURG {si_signo=SIGURG, si_code=SI_TKILL, si_pid=661400, si_uid=1000} ---
661555 1790835813.558701 pwrite64(26</tmp/TestMixedWorkflowsRecoverFromFourServerFaults3749442285/001/node-0/jetstream/$G/streams/WF_SIG/msgs/1.blk>, "\365\0\0\200\16\0\0\0\0\0\0\0j\356q$\257S\332\30 \0wf.sig.mix"..., 245, 3165 <unfinished ...>
661553 1790835813.560462 pwrite64(22</tmp/TestMixedWorkflowsRecoverFromFourServerFaults3749442285/001/node-0/jetstream/$G/streams/WF_RUN/msgs/1.blk>, "l\0\0\200Z\0\0\0\0\0\0\09-3&\257S\332\30\t\0wf.run.27+"..., 108, 18484 <unfinished ...>
661422 1790835813.562373 pwrite64(25</tmp/TestMixedWorkflowsRecoverFromFourServerFaults3749442285/001/node-0/jetstream/$SYS/_js_/S-R3F-jsfg5vMh/msgs/2.blk>, "c\1\0\0\21\0\0\0\0\0\0\0\277\217n&\257S\332\30\0\0St9I6EVH\2\0"..., 355, 5092 <unfinished ...>
661555 1790835813.584245 <... pwrite64 resumed>) = 245 (DELAYED) <0.025513>
661553 1790835813.586264 <... pwrite64 resumed>) = 108 (DELAYED) <0.025778>
661422 1790835813.587465 <... pwrite64 resumed>) = 355 (DELAYED) <0.025071>
661553 1790835813.591449 pwrite64(48</tmp/TestMixedWorkflowsRecoverFromFourServerFaults3749442285/001/node-0/jetstream/$SYS/_js_/C-R3F-5zk9g5oE/msgs/1.blk>, "l\0\0\0\r\0\0\0\0\0\0\0\232?*(\257S\332\30\0\0000m6vARoZ\3\0"..., 108, 1246 <unfinished ...>
661548 1790835813.591750 pwrite64(26</tmp/TestMixedWorkflowsRecoverFromFourServerFaults3749442285/001/node-0/jetstream/$G/streams/WF_SIG/msgs/1.blk>, "\365\0\0\200\17\0\0\0\0\0\0\0\277!l&\257S\332\30 \0wf.sig.mix"..., 245, 3410 <unfinished ...>
661422 1790835813.593477 pwrite64(22</tmp/TestMixedWorkflowsRecoverFromFourServerFaults3749442285/001/node-0/jetstream/$G/streams/WF_RUN/msgs/1.blk>, "l\0\0\200[\0\0\0\0\0\0\0\212#$(\257S\332\30\t\0wf.run.27+"..., 108, 18592 <unfinished ...>
661417 1790835813.597568 pwrite64(25</tmp/TestMixedWorkflowsRecoverFromFourServerFaults3749442285/001/node-0/jetstream/$SYS/_js_/S-R3F-jsfg5vMh/msgs/2.blk>, "c\1\0\0\22\0\0\0\0\0\0\0\375\231\207(\257S\332\30\0\0St9I6EVH\2\0"..., 355, 5447 <unfinished ...>
661553 1790835813.616524 <... pwrite64 resumed>) = 108 (DELAYED) <0.025039>
661553 1790835813.616691 pwrite64(48</tmp/TestMixedWorkflowsRecoverFromFourServerFaults3749442285/001/node-0/jetstream/$SYS/_js_/C-R3F-5zk9g5oE/msgs/1.blk>, "W\0\0\0\16\0\0\0\0\0\0\0\257?\253)\257S\332\30\0\0000m6vARoZ\3\0"..., 87, 1354 <unfinished ...>
661548 1790835813.616785 <... pwrite64 resumed>) = 245 (DELAYED) <0.025016>
661422 1790835813.618540 <... pwrite64 resumed>) = 108 (DELAYED) <0.025042>
661417 1790835813.622803 <... pwrite64 resumed>) = 355 (DELAYED) <0.025207>
661417 1790835813.623020 --- SIGURG {si_signo=SIGURG, si_code=SI_TKILL, si_pid=661400, si_uid=1000} ---
661422 1790835813.626883 pwrite64(26</tmp/TestMixedWorkflowsRecoverFromFourServerFaults3749442285/001/node-0/jetstream/$G/streams/WF_SIG/msgs/1.blk>, "\365\0\0\200\20\0\0\0\0\0\0\0$\3\205(\257S\332\30 \0wf.sig.mix"..., 245, 3655 <unfinished ...>
661417 1790835813.630378 pwrite64(22</tmp/TestMixedWorkflowsRecoverFromFourServerFaults3749442285/001/node-0/jetstream/$G/streams/WF_RUN/msgs/1.blk>, "l\0\0\200\\\0\0\0\0\0\0\0F\260I*\257S\332\30\t\0wf.run.27+"..., 108, 18700 <unfinished ...>
661548 1790835813.633195 pwrite64(25</tmp/TestMixedWorkflowsRecoverFromFourServerFaults3749442285/001/node-0/jetstream/$SYS/_js_/S-R3F-jsfg5vMh/msgs/2.blk>, "a\1\0\0\23\0\0\0\0\0\0\0/\252\246*\257S\332\30\0\0St9I6EVH\2\0"..., 353, 5802 <unfinished ...>
661553 1790835813.641777 <... pwrite64 resumed>) = 87 (DELAYED) <0.025033>
661556 1790835813.644926 newfstatat(AT_FDCWD</home/exedev/js-wf/integration>, "/tmp/TestMixedWorkflowsRecoverFromFourServerFaults3749442285/001/node-0/jetstream/$G/streams/WF_RUN/obs/WF_P_15/o.dat", {st_mode=S_IFREG|0600, st_size=8, ...}, AT_SYMLINK_NOFOLLOW) = 0 <0.000007>
661556 1790835813.644976 renameat(AT_FDCWD</home/exedev/js-wf/integration>, "/tmp/TestMixedWorkflowsRecoverFromFourServerFaults3749442285/001/node-0/jetstream/$G/streams/WF_RUN/obs/WF_P_15/o.dat.tmp", AT_FDCWD</home/exedev/js-wf/integration>, "/tmp/TestMixedWorkflowsRecoverFromFourServerFaults3749442285/001/node-0/jetstream/$G/streams/WF_RUN/obs/WF_P_15/o.dat") = 0 <0.000092>
661556 1790835813.647352 pwrite64(52</tmp/TestMixedWorkflowsRecoverFromFourServerFaults3749442285/001/node-0/jetstream/$SYS/_js_/C-R3F-msGDjRCn/msgs/1.blk>, "l\0\0\0\17\0\0\0\0\0\0\0\371A\177+\257S\332\30\0\0000m6vARoZ\3\0"..., 108, 1474 <unfinished ...>
661422 1790835813.654961 <... pwrite64 resumed>) = 245 (DELAYED) <0.028044>
661417 1790835813.655403 <... pwrite64 resumed>) = 108 (DELAYED) <0.025009>
661548 1790835813.658846 <... pwrite64 resumed>) = 353 (DELAYED) <0.025627>
661548 1790835813.661346 pwrite64(50</tmp/TestMixedWorkflowsRecoverFromFourServerFaults3749442285/001/node-0/jetstream/$SYS/_js_/C-R3F-tuMA878n/msgs/1.blk>, "~\0\0\0\20\0\0\0\0\0\0\0\355\234T,\257S\332\30\0\0000m6vARoZ\3\0"..., 126, 1584 <unfinished ...>
661406 1790835813.662930 pwrite64(26</tmp/TestMixedWorkflowsRecoverFromFourServerFaults3749442285/001/node-0/jetstream/$G/streams/WF_SIG/msgs/1.blk>, "\363\0\0\200\21\0\0\0\0\0\0\0\277p\243*\257S\332\30 \0wf.sig.mix"..., 243, 3900 <unfinished ...>
661417 1790835813.664503 pwrite64(22</tmp/TestMixedWorkflowsRecoverFromFourServerFaults3749442285/001/node-0/jetstream/$G/streams/WF_RUN/msgs/1.blk>, "l\0\0\200]\0\0\0\0\0\0\0\210/N,\257S\332\30\t\0wf.run.12+"..., 108, 18808 <unfinished ...>
661553 1790835813.669595 pwrite64(25</tmp/TestMixedWorkflowsRecoverFromFourServerFaults3749442285/001/node-0/jetstream/$SYS/_js_/S-R3F-jsfg5vMh/msgs/2.blk>, "a\1\0\0\24\0\0\0\0\0\0\0\267\227\322,\257S\332\30\0\0St9I6EVH\2\0"..., 353, 6155 <unfinished ...>
661556 1790835813.672511 <... pwrite64 resumed>) = 108 (DELAYED) <0.025128>
661556 1790835813.672797 pwrite64(52</tmp/TestMixedWorkflowsRecoverFromFourServerFaults3749442285/001/node-0/jetstream/$SYS/_js_/C-R3F-msGDjRCn/msgs/1.blk>, "W\0\0\0\20\0\0\0\0\0\0\0\236\200\3-\257S\332\30\0\0000m6vARoZ\3\0"..., 87, 1582 <unfinished ...>
661548 1790835813.686843 <... pwrite64 resumed>) = 126 (DELAYED) <0.025463>
661422 1790835813.687899 newfstatat(AT_FDCWD</home/exedev/js-wf/integration>, "/tmp/TestMixedWorkflowsRecoverFromFourServerFaults3749442285/001/node-0/jetstream/$G/streams/WF_RUN/obs/WF_P_12/o.dat", {st_mode=S_IFREG|0600, st_size=8, ...}, AT_SYMLINK_NOFOLLOW) = 0 <0.000004>
661422 1790835813.687959 renameat(AT_FDCWD</home/exedev/js-wf/integration>, "/tmp/TestMixedWorkflowsRecoverFromFourServerFaults3749442285/001/node-0/jetstream/$G/streams/WF_RUN/obs/WF_P_12/o.dat.tmp", AT_FDCWD</home/exedev/js-wf/integration>, "/tmp/TestMixedWorkflowsRecoverFromFourServerFaults3749442285/001/node-0/jetstream/$G/streams/WF_RUN/obs/WF_P_12/o.dat" <unfinished ...>
661406 1790835813.687977 <... pwrite64 resumed>) = 243 (DELAYED) <0.025019>
661422 1790835813.688066 <... renameat resumed>) = 0 <0.000100>
661417 1790835813.689554 <... pwrite64 resumed>) = 108 (DELAYED) <0.025025>
661553 1790835813.694630 <... pwrite64 resumed>) = 353 (DELAYED) <0.024992>
661417 1790835813.697030 pwrite64(26</tmp/TestMixedWorkflowsRecoverFromFourServerFaults3749442285/001/node-0/jetstream/$G/streams/WF_SIG/msgs/1.blk>, "\363\0\0\200\22\0\0\0\0\0\0\0005\177\311,\257S\332\30 \0wf.sig.mix"..., 243, 4143 <unfinished ...>
661555 1790835813.697088 pwrite64(50</tmp/TestMixedWorkflowsRecoverFromFourServerFaults3749442285/001/node-0/jetstream/$SYS/_js_/C-R3F-tuMA878n/msgs/1.blk>, "~\0\0\0\21\0\0\0\0\0\0\0\361\355u.\257S\332\30\0\0000m6vARoZ\3\0"..., 126, 1710 <unfinished ...>
661556 1790835813.697851 <... pwrite64 resumed>) = 87 (DELAYED) <0.025030>
661556 1790835813.698010 pwrite64(22</tmp/TestMixedWorkflowsRecoverFromFourServerFaults3749442285/001/node-0/jetstream/$G/streams/WF_RUN/msgs/1.blk>, "l\0\0\200^\0\0\0\0\0\0\0\271_b.\257S\332\30\t\0wf.run.12+"..., 108, 18916 <unfinished ...>
661406 1790835813.704273 newfstatat(AT_FDCWD</home/exedev/js-wf/integration>, "/tmp/TestMixedWorkflowsRecoverFromFourServerFaults3749442285/001/node-0/jetstream/$G/streams/WF_RUN/obs/WF_P_33/o.dat", {st_mode=S_IFREG|0600, st_size=8, ...}, AT_SYMLINK_NOFOLLOW) = 0 <0.000144>
661406 1790835813.704765 renameat(AT_FDCWD</home/exedev/js-wf/integration>, "/tmp/TestMixedWorkflowsRecoverFromFourServerFaults3749442285/001/node-0/jetstream/$G/streams/WF_RUN/obs/WF_P_33/o.dat.tmp", AT_FDCWD</home/exedev/js-wf/integration>, "/tmp/TestMixedWorkflowsRecoverFromFourServerFaults3749442285/001/node-0/jetstream/$G/streams/WF_RUN/obs/WF_P_33/o.dat") = 0 <0.000180>
661422 1790835813.707586 pwrite64(25</tmp/TestMixedWorkflowsRecoverFromFourServerFaults3749442285/001/node-0/jetstream/$SYS/_js_/S-R3F-jsfg5vMh/msgs/2.blk>, "a\1\0\0\25\0\0\0\0\0\0\0\252d\26/\257S\332\30\0\0St9I6EVH\2\0"..., 353, 6508 <unfinished ...>
661406 1790835813.719111 --- SIGURG {si_signo=SIGURG, si_code=SI_TKILL, si_pid=661400, si_uid=1000} ---
661417 1790835813.722068 <... pwrite64 resumed>) = 243 (DELAYED) <0.025003>
661555 1790835813.722111 <... pwrite64 resumed>) = 126 (DELAYED) <0.024949>
661556 1790835813.723044 <... pwrite64 resumed>) = 108 (DELAYED) <0.025023>
661422 1790835813.732635 <... pwrite64 resumed>) = 353 (DELAYED) <0.025018>
661422 1790835813.734992 pwrite64(26</tmp/TestMixedWorkflowsRecoverFromFourServerFaults3749442285/001/node-0/jetstream/$G/streams/WF_SIG/msgs/1.blk>, "\363\0\0\200\23\0\0\0\0\0\0\0K\263\23/\257S\332\30 \0wf.sig.mix"..., 243, 4386 <unfinished ...>
661406 1790835813.736372 pwrite64(22</tmp/TestMixedWorkflowsRecoverFromFourServerFaults3749442285/001/node-0/jetstream/$G/streams/WF_RUN/msgs/1.blk>, "l\0\0\200_\0\0\0\0\0\0\0\206\327\2510\257S\332\30\t\0wf.run.12+"..., 108, 19024 <unfinished ...>
661548 1790835813.749815 pwrite64(25</tmp/TestMixedWorkflowsRecoverFromFourServerFaults3749442285/001/node-0/jetstream/$SYS/_js_/S-R3F-jsfg5vMh/msgs/2.blk>, "a\1\0\0\26\0\0\0\0\0\0\0\365\202\2321\257S\332\30\0\0St9I6EVH\2\0"..., 353, 6861 <unfinished ...>
661422 1790835813.760138 <... pwrite64 resumed>) = 243 (DELAYED) <0.025112>
661422 1790835813.760255 --- SIGURG {si_signo=SIGURG, si_code=SI_TKILL, si_pid=661400, si_uid=1000} ---
661406 1790835813.761411 <... pwrite64 resumed>) = 108 (DELAYED) <0.025021>
661548 1790835813.774862 <... pwrite64 resumed>) = 353 (DELAYED) <0.024976>
661548 1790835813.780654 pwrite64(26</tmp/TestMixedWorkflowsRecoverFromFourServerFaults3749442285/001/node-0/jetstream/$G/streams/WF_SIG/msgs/1.blk>, "\363\0\0\200\24\0\0\0\0\0\0\0\347\31\2241\257S\332\30 \0wf.sig.mix"..., 243, 4629 <unfinished ...>
661422 1790835813.787963 pwrite64(22</tmp/TestMixedWorkflowsRecoverFromFourServerFaults3749442285/001/node-0/jetstream/$G/streams/WF_RUN/msgs/1.blk>, "l\0\0\200`\0\0\0\0\0\0\0/!\2113\257S\332\30\t\0wf.run.12+"..., 108, 19132 <unfinished ...>
661406 1790835813.788519 newfstatat(AT_FDCWD</home/exedev/js-wf/integration>, "/tmp/TestMixedWorkflowsRecoverFromFourServerFaults3749442285/001/node-0/jetstream/$G/streams/WF_RUN/obs/WF_P_12/o.dat", {st_mode=S_IFREG|0600, st_size=16, ...}, AT_SYMLINK_NOFOLLOW) = 0 <0.000020>
661406 1790835813.788588 renameat(AT_FDCWD</home/exedev/js-wf/integration>, "/tmp/TestMixedWorkflowsRecoverFromFourServerFaults3749442285/001/node-0/jetstream/$G/streams/WF_RUN/obs/WF_P_12/o.dat.tmp", AT_FDCWD</home/exedev/js-wf/integration>, "/tmp/TestMixedWorkflowsRecoverFromFourServerFaults3749442285/001/node-0/jetstream/$G/streams/WF_RUN/obs/WF_P_12/o.dat") = 0 <0.000052>
661555 1790835813.797144 pwrite64(25</tmp/TestMixedWorkflowsRecoverFromFourServerFaults3749442285/001/node-0/jetstream/$SYS/_js_/S-R3F-jsfg5vMh/msgs/2.blk>, "a\1\0\0\27\0\0\0\0\0\0\0\360\335k4\257S\332\30\0\0St9I6EVH\2\0"..., 353, 7214 <unfinished ...>
661548 1790835813.805716 <... pwrite64 resumed>) = 243 (DELAYED) <0.024992>
661422 1790835813.814836 <... pwrite64 resumed>) = 108 (DELAYED) <0.026831>
661422 1790835813.815004 pwrite64(52</tmp/TestMixedWorkflowsRecoverFromFourServerFaults3749442285/001/node-0/jetstream/$SYS/_js_/C-R3F-msGDjRCn/msgs/1.blk>, "z\0\0\0\21\0\0\0\0\0\0\0{E}5\257S\332\30\0\0000m6vARoZ\3\0"..., 122, 1669 <unfinished ...>
661555 1790835813.822356 <... pwrite64 resumed>) = 353 (DELAYED) <0.025182>
661555 1790835813.826723 pwrite64(26</tmp/TestMixedWorkflowsRecoverFromFourServerFaults3749442285/001/node-0/jetstream/$G/streams/WF_SIG/msgs/1.blk>, "\363\0\0\200\25\0\0\0\0\0\0\0L\7b4\257S\332\30 \0wf.sig.mix"..., 243, 4872 <unfinished ...>
661417 1790835813.828009 pwrite64(22</tmp/TestMixedWorkflowsRecoverFromFourServerFaults3749442285/001/node-0/jetstream/$G/streams/WF_RUN/msgs/1.blk>, "l\0\0\200a\0\0\0\0\0\0\0u\325!6\257S\332\30\t\0wf.run.12+"..., 108, 19240 <unfinished ...>
661556 1790835813.834829 pwrite64(46</tmp/TestMixedWorkflowsRecoverFromFourServerFaults3749442285/001/node-0/jetstream/$SYS/_js_/C-R3F-13UXQlAl/msgs/1.blk>, "l\0\0\0\r\0\0\0\0\0\0\0\266\366\2256\257S\332\30\0\0000m6vARoZ\2\0"..., 108, 1317 <unfinished ...>
661553 1790835813.835599 pwrite64(25</tmp/TestMixedWorkflowsRecoverFromFourServerFaults3749442285/001/node-0/jetstream/$SYS/_js_/S-R3F-jsfg5vMh/msgs/2.blk>, "a\1\0\0\30\0\0\0\0\0\0\0\220\267\2676\257S\332\30\0\0St9I6EVH\2\0"..., 353, 7567 <unfinished ...>
661422 1790835813.842830 <... pwrite64 resumed>) = 122 (DELAYED) <0.027794>
661422 1790835813.842929 pwrite64(52</tmp/TestMixedWorkflowsRecoverFromFourServerFaults3749442285/001/node-0/jetstream/$SYS/_js_/C-R3F-msGDjRCn/msgs/1.blk>, "l\0\0\0\22\0\0\0\0\0\0\0\203z'7\257S\332\30\0\0000m6vARoZ\3\0"..., 108, 1791 <unfinished ...>
661548 1790835813.846940 --- SIGURG {si_signo=SIGURG, si_code=SI_TKILL, si_pid=661400, si_uid=1000} ---
661555 1790835813.851761 <... pwrite64 resumed>) = 243 (DELAYED) <0.023899>
661417 1790835813.853052 <... pwrite64 resumed>) = 108 (DELAYED) <0.025024>
661417 1790835813.853211 pwrite64(51</tmp/TestMixedWorkflowsRecoverFromFourServerFaults3749442285/001/node-0/jetstream/$SYS/_js_/C-R3F-7OYeMzZe/msgs/1.blk>, "z\0\0\0\20\0\0\0\0\0\0\0\22O\3047\257S\332\30\0\0000m6vARoZ\3\0"..., 122, 1584 <unfinished ...>
661556 1790835813.859919 <... pwrite64 resumed>) = 108 (DELAYED) <0.025055>
661553 1790835813.861317 <... pwrite64 resumed>) = 353 (DELAYED) <0.025699>
661556 1790835813.861352 pwrite64(46</tmp/TestMixedWorkflowsRecoverFromFourServerFaults3749442285/001/node-0/jetstream/$SYS/_js_/C-R3F-13UXQlAl/msgs/1.blk>, "\220\0\0\0\16\0\0\0\0\0\0\0d\217@8\257S\332\30\0\0000m6vARoZ\2\0"..., 144, 1425 <unfinished ...>
661549 1790835813.863426 pwrite64(26</tmp/TestMixedWorkflowsRecoverFromFourServerFaults3749442285/001/node-0/jetstream/$G/streams/WF_SIG/msgs/1.blk>, "\363\0\0\200\26\0\0\0\0\0\0\0Hg\2646\257S\332\30 \0wf.sig.mix"..., 243, 5115 <unfinished ...>
661406 1790835813.867788 pwrite64(22</tmp/TestMixedWorkflowsRecoverFromFourServerFaults3749442285/001/node-0/jetstream/$G/streams/WF_RUN/msgs/1.blk>, "l\0\0\200b\0\0\0\0\0\0\0\30\266N8\257S\332\30\t\0wf.run.12+"..., 108, 19348 <unfinished ...>
661422 1790835813.867968 <... pwrite64 resumed>) = 108 (DELAYED) <0.025022>
661422 1790835813.868399 newfstatat(AT_FDCWD</home/exedev/js-wf/integration>, "/tmp/TestMixedWorkflowsRecoverFromFourServerFaults3749442285/001/node-0/jetstream/$G/streams/WF_RUN/obs/WF_P_33/o.dat", {st_mode=S_IFREG|0600, st_size=8, ...}, AT_SYMLINK_NOFOLLOW) = 0 <0.000016>
661422 1790835813.868480 renameat(AT_FDCWD</home/exedev/js-wf/integration>, "/tmp/TestMixedWorkflowsRecoverFromFourServerFaults3749442285/001/node-0/jetstream/$G/streams/WF_RUN/obs/WF_P_33/o.dat.tmp", AT_FDCWD</home/exedev/js-wf/integration>, "/tmp/TestMixedWorkflowsRecoverFromFourServerFaults3749442285/001/node-0/jetstream/$G/streams/WF_RUN/obs/WF_P_33/o.dat") = 0 <0.000131>
661555 1790835813.875199 pwrite64(25</tmp/TestMixedWorkflowsRecoverFromFourServerFaults3749442285/001/node-0/jetstream/$SYS/_js_/S-R3F-jsfg5vMh/msgs/2.blk>, "a\1\0\0\31\0\0\0\0\0\0\0u\327\239\257S\332\30\0\0St9I6EVH\2\0"..., 353, 7920 <unfinished ...>
661417 1790835813.878292 <... pwrite64 resumed>) = 122 (DELAYED) <0.025058>
661417 1790835813.878380 pwrite64(51</tmp/TestMixedWorkflowsRecoverFromFourServerFaults3749442285/001/node-0/jetstream/$SYS/_js_/C-R3F-7OYeMzZe/msgs/1.blk>, "l\0\0\0\21\0\0\0\0\0\0\0\254uD9\257S\332\30\0\0000m6vARoZ\3\0"..., 108, 1706 <unfinished ...>
661556 1790835813.886416 <... pwrite64 resumed>) = 144 (DELAYED) <0.025034>
661556 1790835813.886852 --- SIGURG {si_signo=SIGURG, si_code=SI_TKILL, si_pid=661400, si_uid=1000} ---
661556 1790835813.886961 pwrite64(46</tmp/TestMixedWorkflowsRecoverFromFourServerFaults3749442285/001/node-0/jetstream/$SYS/_js_/C-R3F-13UXQlAl/msgs/1.blk>, "\263\0\0\0\17\0\0\0\0\0\0\0\6I\3079\257S\332\30\0\0000m6vARoZ\2\0"..., 179, 1569 <unfinished ...>
661549 1790835813.888466 <... pwrite64 resumed>) = 243 (DELAYED) <0.025015>
661406 1790835813.892842 <... pwrite64 resumed>) = 108 (DELAYED) <0.025023>
661555 1790835813.900293 <... pwrite64 resumed>) = 353 (DELAYED) <0.025049>
661555 1790835813.900406 --- SIGURG {si_signo=SIGURG, si_code=SI_TKILL, si_pid=661400, si_uid=1000} ---
661553 1790835813.902985 pwrite64(48</tmp/TestMixedWorkflowsRecoverFromFourServerFaults3749442285/001/node-0/jetstream/$SYS/_js_/C-R3F-5zk9g5oE/msgs/1.blk>, "z\0\0\0\17\0\0\0\0\0\0\0\243\322\273:\257S\332\30\0\0000m6vARoZ\3\0"..., 122, 1441 <unfinished ...>
661417 1790835813.903503 <... pwrite64 resumed>) = 108 (DELAYED) <0.025107>
661422 1790835813.904099 pwrite64(26</tmp/TestMixedWorkflowsRecoverFromFourServerFaults3749442285/001/node-0/jetstream/$G/streams/WF_SIG/msgs/1.blk>, "\363\0\0\200\27\0\0\0\0\0\0\0\337\10\179\257S\332\30 \0wf.sig.mix"..., 243, 5358 <unfinished ...>
661406 1790835813.904457 newfstatat(AT_FDCWD</home/exedev/js-wf/integration>, "/tmp/TestMixedWorkflowsRecoverFromFourServerFaults3749442285/001/node-0/jetstream/$G/streams/WF_RUN/obs/WF_P_63/o.dat", {st_mode=S_IFREG|0600, st_size=8, ...}, AT_SYMLINK_NOFOLLOW) = 0 <0.000014>
661406 1790835813.904518 renameat(AT_FDCWD</home/exedev/js-wf/integration>, "/tmp/TestMixedWorkflowsRecoverFromFourServerFaults3749442285/001/node-0/jetstream/$G/streams/WF_RUN/obs/WF_P_63/o.dat.tmp", AT_FDCWD</home/exedev/js-wf/integration>, "/tmp/TestMixedWorkflowsRecoverFromFourServerFaults3749442285/001/node-0/jetstream/$G/streams/WF_RUN/obs/WF_P_63/o.dat") = 0 <0.000143>
661555 1790835813.905043 pwrite64(22</tmp/TestMixedWorkflowsRecoverFromFourServerFaults3749442285/001/node-0/jetstream/$G/streams/WF_RUN/msgs/1.blk>, "l\0\0\200c\0\0\0\0\0\0\0i%\276:\257S\332\30\t\0wf.run.12+"..., 108, 19456 <unfinished ...>
661406 1790835813.907936 pwrite64(47</tmp/TestMixedWorkflowsRecoverFromFourServerFaults3749442285/001/node-0/jetstream/$SYS/_js_/C-R3F-JUPhrGJa/msgs/1.blk>, "[\0\0\0\f\0\0\0\0\0\0\0\\.\7;\257S\332\30\0\0000m6vARoZ\3\0"..., 91, 1261 <unfinished ...>
661417 1790835813.909731 pwrite64(25</tmp/TestMixedWorkflowsRecoverFromFourServerFaults3749442285/001/node-0/jetstream/$SYS/_js_/S-R3F-jsfg5vMh/msgs/2.blk>, "a\1\0\0\32\0\0\0\0\0\0\0\372f\";\257S\332\30\0\0St9I6EVH\2\0"..., 353, 8273 <unfinished ...>
661556 1790835813.912012 <... pwrite64 resumed>) = 179 (DELAYED) <0.025027>
661556 1790835813.912042 --- SIGURG {si_signo=SIGURG, si_code=SI_TKILL, si_pid=661400, si_uid=1000} ---
661548 1790835813.912555 newfstatat(AT_FDCWD</home/exedev/js-wf/integration>, "/tmp/TestMixedWorkflowsRecoverFromFourServerFaults3749442285/001/node-0/jetstream/$G/streams/WF_RUN/obs/WF_P_18/o.dat", {st_mode=S_IFREG|0600, st_size=19, ...}, AT_SYMLINK_NOFOLLOW) = 0 <0.000166>
661548 1790835813.912794 renameat(AT_FDCWD</home/exedev/js-wf/integration>, "/tmp/TestMixedWorkflowsRecoverFromFourServerFaults3749442285/001/node-0/jetstream/$G/streams/WF_RUN/obs/WF_P_18/o.dat.tmp", AT_FDCWD</home/exedev/js-wf/integration>, "/tmp/TestMixedWorkflowsRecoverFromFourServerFaults3749442285/001/node-0/jetstream/$G/streams/WF_RUN/obs/WF_P_18/o.dat") = 0 <0.000078>
661553 1790835813.928419 <... pwrite64 resumed>) = 122 (DELAYED) <0.025386>
661553 1790835813.928583 pwrite64(48</tmp/TestMixedWorkflowsRecoverFromFourServerFaults3749442285/001/node-0/jetstream/$SYS/_js_/C-R3F-5zk9g5oE/msgs/1.blk>, "l\0\0\0\20\0\0\0\0\0\0\0E:B<\257S\332\30\0\0000m6vARoZ\3\0"..., 108, 1563 <unfinished ...>
661422 1790835813.929126 <... pwrite64 resumed>) = 243 (DELAYED) <0.025005>
661555 1790835813.930067 <... pwrite64 resumed>) = 108 (DELAYED) <0.025004>
661406 1790835813.932965 <... pwrite64 resumed>) = 91 (DELAYED) <0.025005>
661406 1790835813.933032 pwrite64(47</tmp/TestMixedWorkflowsRecoverFromFourServerFaults3749442285/001/node-0/jetstream/$SYS/_js_/C-R3F-JUPhrGJa/msgs/1.blk>, "z\0\0\0\r\0\0\0\0\0\0\0\177c\206<\257S\332\30\0\0000m6vARoZ\3\0"..., 122, 1352 <unfinished ...>
661417 1790835813.934806 <... pwrite64 resumed>) = 353 (DELAYED) <0.025050>
661407 1790835813.936875 pwrite64(26</tmp/TestMixedWorkflowsRecoverFromFourServerFaults3749442285/001/node-0/jetstream/$G/streams/WF_SIG/msgs/1.blk>, "\363\0\0\200\30\0\0\0\0\0\0\0\255\354\36;\257S\332\30 \0wf.sig.mix"..., 243, 5601 <unfinished ...>
661555 1790835813.939042 pwrite64(22</tmp/TestMixedWorkflowsRecoverFromFourServerFaults3749442285/001/node-0/jetstream/$G/streams/WF_RUN/msgs/1.blk>, "l\0\0\200d\0\0\0\0\0\0\0\0023\257<\257S\332\30\t\0wf.run.12+"..., 108, 19564 <unfinished ...>
661548 1790835813.942967 pwrite64(25</tmp/TestMixedWorkflowsRecoverFromFourServerFaults3749442285/001/node-0/jetstream/$SYS/_js_/S-R3F-jsfg5vMh/msgs/2.blk>, "a\1\0\0\33\0\0\0\0\0\0\0\213\360\35=\257S\332\30\0\0St9I6EVH\2\0"..., 353, 8626 <unfinished ...>
661553 1790835813.953646 <... pwrite64 resumed>) = 108 (DELAYED) <0.025023>
661553 1790835813.954190 --- SIGURG {si_signo=SIGURG, si_code=SI_TKILL, si_pid=661400, si_uid=1000} ---
661422 1790835813.954275 newfstatat(AT_FDCWD</home/exedev/js-wf/integration>, "/tmp/TestMixedWorkflowsRecoverFromFourServerFaults3749442285/001/node-0/jetstream/$G/streams/WF_RUN/obs/WF_P_15/o.dat", {st_mode=S_IFREG|0600, st_size=8, ...}, AT_SYMLINK_NOFOLLOW) = 0 <0.000011>
661422 1790835813.954323 renameat(AT_FDCWD</home/exedev/js-wf/integration>, "/tmp/TestMixedWorkflowsRecoverFromFourServerFaults3749442285/001/node-0/jetstream/$G/streams/WF_RUN/obs/WF_P_15/o.dat.tmp", AT_FDCWD</home/exedev/js-wf/integration>, "/tmp/TestMixedWorkflowsRecoverFromFourServerFaults3749442285/001/node-0/jetstream/$G/streams/WF_RUN/obs/WF_P_15/o.dat") = 0 <0.000083>
661406 1790835813.958856 <... pwrite64 resumed>) = 122 (DELAYED) <0.025809>
661406 1790835813.959676 newfstatat(AT_FDCWD</home/exedev/js-wf/integration>, "/tmp/TestMixedWorkflowsRecoverFromFourServerFaults3749442285/001/node-0/jetstream/$G/streams/WF_RUN/obs/WF_P_28/o.dat", {st_mode=S_IFREG|0600, st_size=18, ...}, AT_SYMLINK_NOFOLLOW) = 0 <0.000037>
661406 1790835813.959778 renameat(AT_FDCWD</home/exedev/js-wf/integration>, "/tmp/TestMixedWorkflowsRecoverFromFourServerFaults3749442285/001/node-0/jetstream/$G/streams/WF_RUN/obs/WF_P_28/o.dat.tmp", AT_FDCWD</home/exedev/js-wf/integration>, "/tmp/TestMixedWorkflowsRecoverFromFourServerFaults3749442285/001/node-0/jetstream/$G/streams/WF_RUN/obs/WF_P_28/o.dat") = 0 <0.000133>
661407 1790835813.961917 <... pwrite64 resumed>) = 243 (DELAYED) <0.025010>
661555 1790835813.964261 <... pwrite64 resumed>) = 108 (DELAYED) <0.025187>
661548 1790835813.967995 <... pwrite64 resumed>) = 353 (DELAYED) <0.024995>
661555 1790835813.969571 pwrite64(26</tmp/TestMixedWorkflowsRecoverFromFourServerFaults3749442285/001/node-0/jetstream/$G/streams/WF_SIG/msgs/1.blk>, "\363\0\0\200\31\0\0\0\0\0\0\0004\256\16=\257S\332\30 \0wf.sig.mix"..., 243, 5844 <unfinished ...>
661553 1790835813.973069 pwrite64(22</tmp/TestMixedWorkflowsRecoverFromFourServerFaults3749442285/001/node-0/jetstream/$G/streams/WF_RUN/msgs/1.blk>, "l\0\0\200e\0\0\0\0\0\0\0Y\240\263>\257S\332\30\t\0wf.run.12+"..., 108, 19672 <unfinished ...>
661556 1790835813.977234 pwrite64(25</tmp/TestMixedWorkflowsRecoverFromFourServerFaults3749442285/001/node-0/jetstream/$SYS/_js_/S-R3F-jsfg5vMh/msgs/2.blk>, "a\1\0\0\34\0\0\0\0\0\0\0`\312(?\257S\332\30\0\0St9I6EVH\2\0"..., 353, 8979 <unfinished ...>
661555 1790835813.994638 <... pwrite64 resumed>) = 243 (DELAYED) <0.025028>
661555 1790835813.994913 --- SIGURG {si_signo=SIGURG, si_code=SI_TKILL, si_pid=661400, si_uid=1000} ---
661553 1790835813.998109 <... pwrite64 resumed>) = 108 (DELAYED) <0.025009>
661556 1790835814.002835 <... pwrite64 resumed>) = 353 (DELAYED) <0.025560>
661553 1790835814.004815 pwrite64(26</tmp/TestMixedWorkflowsRecoverFromFourServerFaults3749442285/001/node-0/jetstream/$G/streams/WF_SIG/msgs/1.blk>, "\363\0\0\200\32\0\0\0\0\0\0\0\27+$?\257S\332\30 \0wf.sig.mix"..., 243, 6087 <unfinished ...>
661556 1790835814.007411 pwrite64(51</tmp/TestMixedWorkflowsRecoverFromFourServerFaults3749442285/001/node-0/jetstream/$SYS/_js_/C-R3F-7OYeMzZe/msgs/1.blk>, "z\0\0\0\22\0\0\0\0\0\0\0\2078\365@\257S\332\30\0\0000m6vARoZ\3\0"..., 122, 1814 <unfinished ...>
661406 1790835814.008447 pwrite64(22</tmp/TestMixedWorkflowsRecoverFromFourServerFaults3749442285/001/node-0/jetstream/$G/streams/WF_RUN/msgs/1.blk>, "l\0\0\200f\0\0\0\0\0\0\0\372\\\337@\257S\332\30\t\0wf.run.12+"..., 108, 19780 <unfinished ...>
661548 1790835814.012350 pwrite64(25</tmp/TestMixedWorkflowsRecoverFromFourServerFaults3749442285/001/node-0/jetstream/$SYS/_js_/S-R3F-jsfg5vMh/msgs/2.blk>, "c\1\0\0\35\0\0\0\0\0\0\0B\207@A\257S\332\30\0\0St9I6EVH\2\0"..., 355, 9332 <unfinished ...>
661555 1790835814.013837 newfstatat(AT_FDCWD</home/exedev/js-wf/integration>, "/tmp/TestMixedWorkflowsRecoverFromFourServerFaults3749442285/001/node-0/jetstream/$G/streams/WF_RUN/obs/WF_P_18/o.dat", {st_mode=S_IFREG|0600, st_size=22, ...}, AT_SYMLINK_NOFOLLOW) = 0 <0.000008>
661555 1790835814.013891 renameat(AT_FDCWD</home/exedev/js-wf/integration>, "/tmp/TestMixedWorkflowsRecoverFromFourServerFaults3749442285/001/node-0/jetstream/$G/streams/WF_RUN/obs/WF_P_18/o.dat.tmp", AT_FDCWD</home/exedev/js-wf/integration>, "/tmp/TestMixedWorkflowsRecoverFromFourServerFaults3749442285/001/node-0/jetstream/$G/streams/WF_RUN/obs/WF_P_18/o.dat") = 0 <0.000066>
661553 1790835814.029892 <... pwrite64 resumed>) = 243 (DELAYED) <0.025041>
661556 1790835814.032451 <... pwrite64 resumed>) = 122 (DELAYED) <0.025010>
661422 1790835814.032501 --- SIGURG {si_signo=SIGURG, si_code=SI_TKILL, si_pid=661400, si_uid=1000} ---
661556 1790835814.032575 pwrite64(51</tmp/TestMixedWorkflowsRecoverFromFourServerFaults3749442285/001/node-0/jetstream/$SYS/_js_/C-R3F-7OYeMzZe/msgs/1.blk>, "l\0\0\0\23\0\0\0\0\0\0\0\247\27uB\257S\332\30\0\0000m6vARoZ\3\0"..., 108, 1936 <unfinished ...>
661406 1790835814.034416 <... pwrite64 resumed>) = 108 (DELAYED) <0.025928>
661548 1790835814.037403 <... pwrite64 resumed>) = 355 (DELAYED) <0.025012>
661407 1790835814.040449 pwrite64(26</tmp/TestMixedWorkflowsRecoverFromFourServerFaults3749442285/001/node-0/jetstream/$G/streams/WF_SIG/msgs/1.blk>, "\365\0\0\200\33\0\0\0\0\0\0\0\205\08A\257S\332\30 \0wf.sig.mix"..., 245, 6330 <unfinished ...>
661417 1790835814.041788 pwrite64(22</tmp/TestMixedWorkflowsRecoverFromFourServerFaults3749442285/001/node-0/jetstream/$G/streams/WF_RUN/msgs/1.blk>, "l\0\0\200g\0\0\0\0\0\0\0E\206\345B\257S\332\30\t\0wf.run.12+"..., 108, 19888 <unfinished ...>
661548 1790835814.048775 pwrite64(25</tmp/TestMixedWorkflowsRecoverFromFourServerFaults3749442285/001/node-0/jetstream/$SYS/_js_/S-R3F-jsfg5vMh/msgs/2.blk>, "c\1\0\0\36\0\0\0\0\0\0\0LelC\257S\332\30\0\0St9I6EVH\2\0"..., 355, 9687 <unfinished ...>
661556 1790835814.057636 <... pwrite64 resumed>) = 108 (DELAYED) <0.025042>
661556 1790835814.058507 newfstatat(AT_FDCWD</home/exedev/js-wf/integration>, "/tmp/TestMixedWorkflowsRecoverFromFourServerFaults3749442285/001/node-0/jetstream/$G/streams/WF_RUN/obs/WF_P_63/o.dat", {st_mode=S_IFREG|0600, st_size=8, ...}, AT_SYMLINK_NOFOLLOW) = 0 <0.000015>
661556 1790835814.058576 renameat(AT_FDCWD</home/exedev/js-wf/integration>, "/tmp/TestMixedWorkflowsRecoverFromFourServerFaults3749442285/001/node-0/jetstream/$G/streams/WF_RUN/obs/WF_P_63/o.dat.tmp", AT_FDCWD</home/exedev/js-wf/integration>, "/tmp/TestMixedWorkflowsRecoverFromFourServerFaults3749442285/001/node-0/jetstream/$G/streams/WF_RUN/obs/WF_P_63/o.dat") = 0 <0.000057>
661553 1790835814.060326 newfstatat(AT_FDCWD</home/exedev/js-wf/integration>, "/tmp/TestMixedWorkflowsRecoverFromFourServerFaults3749442285/001/node-0/jetstream/$G/streams/WF_RUN/obs/WF_P_28/o.dat", {st_mode=S_IFREG|0600, st_size=18, ...}, AT_SYMLINK_NOFOLLOW) = 0 <0.000006>
661553 1790835814.060379 renameat(AT_FDCWD</home/exedev/js-wf/integration>, "/tmp/TestMixedWorkflowsRecoverFromFourServerFaults3749442285/001/node-0/jetstream/$G/streams/WF_RUN/obs/WF_P_28/o.dat.tmp", AT_FDCWD</home/exedev/js-wf/integration>, "/tmp/TestMixedWorkflowsRecoverFromFourServerFaults3749442285/001/node-0/jetstream/$G/streams/WF_RUN/obs/WF_P_28/o.dat") = 0 <0.000074>
661553 1790835814.062876 --- SIGURG {si_signo=SIGURG, si_code=SI_TKILL, si_pid=661400, si_uid=1000} ---
661407 1790835814.065486 <... pwrite64 resumed>) = 245 (DELAYED) <0.025011>
661417 1790835814.067099 <... pwrite64 resumed>) = 108 (DELAYED) <0.025294>
661548 1790835814.073808 <... pwrite64 resumed>) = 355 (DELAYED) <0.024991>
661407 1790835814.076942 pwrite64(26</tmp/TestMixedWorkflowsRecoverFromFourServerFaults3749442285/001/node-0/jetstream/$G/streams/WF_SIG/msgs/1.blk>, "\365\0\0\200\34\0\0\0\0\0\0\0Y\22fC\257S\332\30 \0wf.sig.mix"..., 245, 6575 <unfinished ...>
661417 1790835814.078117 pwrite64(22</tmp/TestMixedWorkflowsRecoverFromFourServerFaults3749442285/001/node-0/jetstream/$G/streams/WF_RUN/msgs/1.blk>, "l\0\0\200h\0\0\0\0\0\0\0<\211\16E\257S\332\30\t\0wf.run.12+"..., 108, 19996 <unfinished ...>
661553 1790835814.083629 pwrite64(25</tmp/TestMixedWorkflowsRecoverFromFourServerFaults3749442285/001/node-0/jetstream/$SYS/_js_/S-R3F-jsfg5vMh/msgs/2.blk>, "c\1\0\0\37\0\0\0\0\0\0\0aH\200E\257S\332\30\0\0St9I6EVH\2\0"..., 355, 10042 <unfinished ...>
661407 1790835814.102006 <... pwrite64 resumed>) = 245 (DELAYED) <0.025028>
661417 1790835814.103156 <... pwrite64 resumed>) = 108 (DELAYED) <0.025016>
661553 1790835814.108671 <... pwrite64 resumed>) = 355 (DELAYED) <0.025010>
661553 1790835814.108992 --- SIGURG {si_signo=SIGURG, si_code=SI_TKILL, si_pid=661400, si_uid=1000} ---
661548 1790835814.113381 pwrite64(26</tmp/TestMixedWorkflowsRecoverFromFourServerFaults3749442285/001/node-0/jetstream/$G/streams/WF_SIG/msgs/1.blk>, "\365\0\0\200\35\0\0\0\0\0\0\0007\263uE\257S\332\30 \0wf.sig.mix"..., 245, 6820 <unfinished ...>
661553 1790835814.113619 pwrite64(22</tmp/TestMixedWorkflowsRecoverFromFourServerFaults3749442285/001/node-0/jetstream/$G/streams/WF_RUN/msgs/1.blk>, "l\0\0\200i\0\0\0\0\0\0\0\372\3341G\257S\332\30\t\0wf.run.12+"..., 108, 20104 <unfinished ...>
661407 1790835814.115160 newfstatat(AT_FDCWD</home/exedev/js-wf/integration>, "/tmp/TestMixedWorkflowsRecoverFromFourServerFaults3749442285/001/node-0/jetstream/$G/streams/WF_RUN/obs/WF_P_18/o.dat", {st_mode=S_IFREG|0600, st_size=25, ...}, AT_SYMLINK_NOFOLLOW) = 0 <0.000419>
661407 1790835814.115648 renameat(AT_FDCWD</home/exedev/js-wf/integration>, "/tmp/TestMixedWorkflowsRecoverFromFourServerFaults3749442285/001/node-0/jetstream/$G/streams/WF_RUN/obs/WF_P_18/o.dat.tmp", AT_FDCWD</home/exedev/js-wf/integration>, "/tmp/TestMixedWorkflowsRecoverFromFourServerFaults3749442285/001/node-0/jetstream/$G/streams/WF_RUN/obs/WF_P_18/o.dat") = 0 <0.000067>
661407 1790835814.118044 pwrite64(25</tmp/TestMixedWorkflowsRecoverFromFourServerFaults3749442285/001/node-0/jetstream/$SYS/_js_/S-R3F-jsfg5vMh/msgs/2.blk>, "c\1\0\0 \0\0\0\0\0\0\0\233^\215G\257S\332\30\0\0St9I6EVH\2\0"..., 355, 10397 <unfinished ...>
661417 1790835814.124536 pwrite64(43</tmp/TestMixedWorkflowsRecoverFromFourServerFaults3749442285/001/node-0/jetstream/$SYS/_js_/C-R3F-0ktVzAXS/msgs/1.blk>, "[\0\0\0\21\0\0\0\0\0\0\0\332[\360G\257S\332\30\0\0000m6vARoZ\3\0"..., 91, 1680 <unfinished ...>
661548 1790835814.138444 <... pwrite64 resumed>) = 245 (DELAYED) <0.025025>
661553 1790835814.138640 <... pwrite64 resumed>) = 108 (DELAYED) <0.025008>
661407 1790835814.143079 <... pwrite64 resumed>) = 355 (DELAYED) <0.025011>
661407 1790835814.143213 --- SIGURG {si_signo=SIGURG, si_code=SI_TKILL, si_pid=661400, si_uid=1000} ---
661553 1790835814.144815 pwrite64(26</tmp/TestMixedWorkflowsRecoverFromFourServerFaults3749442285/001/node-0/jetstream/$G/streams/WF_SIG/msgs/1.blk>, "\365\0\0\200\36\0\0\0\0\0\0\0x3\206G\257S\332\30 \0wf.sig.mix"..., 245, 7065 <unfinished ...>
661548 1790835814.146254 pwrite64(22</tmp/TestMixedWorkflowsRecoverFromFourServerFaults3749442285/001/node-0/jetstream/$G/streams/WF_RUN/msgs/1.blk>, "l\0\0\200j\0\0\0\0\0\0\0001\32\31I\257S\332\30\t\0wf.run.12+"..., 108, 20212 <unfinished ...>
661417 1790835814.149566 <... pwrite64 resumed>) = 91 (DELAYED) <0.024994>
661417 1790835814.149627 pwrite64(43</tmp/TestMixedWorkflowsRecoverFromFourServerFaults3749442285/001/node-0/jetstream/$SYS/_js_/C-R3F-0ktVzAXS/msgs/1.blk>, "\241\0\0\0\22\0\0\0\0\0\0\0ekoI\257S\332\30\0\0000m6vARoZ\3\0"..., 161, 1771 <unfinished ...>
661422 1790835814.150413 pwrite64(25</tmp/TestMixedWorkflowsRecoverFromFourServerFaults3749442285/001/node-0/jetstream/$SYS/_js_/S-R3F-jsfg5vMh/msgs/2.blk>, "c\1\0\0!\0\0\0\0\0\0\0oc{I\257S\332\30\0\0St9I6EVH\2\0"..., 355, 10752 <unfinished ...>
661553 1790835814.169863 <... pwrite64 resumed>) = 245 (DELAYED) <0.025014>
661548 1790835814.171488 <... pwrite64 resumed>) = 108 (DELAYED) <0.025214>
661417 1790835814.174674 <... pwrite64 resumed>) = 161 (DELAYED) <0.025035>
661422 1790835814.175443 <... pwrite64 resumed>) = 355 (DELAYED) <0.025016>
661417 1790835814.175500 newfstatat(AT_FDCWD</home/exedev/js-wf/integration>, "/tmp/TestMixedWorkflowsRecoverFromFourServerFaults3749442285/001/node-0/jetstream/$G/streams/WF_RUN/obs/WF_P_27/o.dat", {st_mode=S_IFREG|0600, st_size=21, ...}, AT_SYMLINK_NOFOLLOW) = 0 <0.000005>
661417 1790835814.175531 renameat(AT_FDCWD</home/exedev/js-wf/integration>, "/tmp/TestMixedWorkflowsRecoverFromFourServerFaults3749442285/001/node-0/jetstream/$G/streams/WF_RUN/obs/WF_P_27/o.dat.tmp", AT_FDCWD</home/exedev/js-wf/integration>, "/tmp/TestMixedWorkflowsRecoverFromFourServerFaults3749442285/001/node-0/jetstream/$G/streams/WF_RUN/obs/WF_P_27/o.dat") = 0 <0.000103>
661553 1790835814.182357 pwrite64(26</tmp/TestMixedWorkflowsRecoverFromFourServerFaults3749442285/001/node-0/jetstream/$G/streams/WF_SIG/msgs/1.blk>, "\365\0\0\200\37\0\0\0\0\0\0\0\320\205uI\257S\332\30 \0wf.sig.mix"..., 245, 7310 <unfinished ...>
661422 1790835814.182642 pwrite64(22</tmp/TestMixedWorkflowsRecoverFromFourServerFaults3749442285/001/node-0/jetstream/$G/streams/WF_RUN/msgs/1.blk>, "l\0\0\200k\0\0\0\0\0\0\0\226:HK\257S\332\30\t\0wf.run.12+"..., 108, 20320 <unfinished ...>
661548 1790835814.195194 pwrite64(25</tmp/TestMixedWorkflowsRecoverFromFourServerFaults3749442285/001/node-0/jetstream/$SYS/_js_/S-R3F-jsfg5vMh/msgs/2.blk>, "c\1\0\0\"\0\0\0\0\0\0\0W\206&L\257S\332\30\0\0St9I6EVH\2\0"..., 355, 11107 <unfinished ...>
661553 1790835814.207406 <... pwrite64 resumed>) = 245 (DELAYED) <0.025020>
661422 1790835814.207668 <... pwrite64 resumed>) = 108 (DELAYED) <0.025016>
661548 1790835814.220259 <... pwrite64 resumed>) = 355 (DELAYED) <0.025018>
661548 1790835814.220415 --- SIGURG {si_signo=SIGURG, si_code=SI_TKILL, si_pid=661400, si_uid=1000} ---
661422 1790835814.224362 pwrite64(26</tmp/TestMixedWorkflowsRecoverFromFourServerFaults3749442285/001/node-0/jetstream/$G/streams/WF_SIG/msgs/1.blk>, "\365\0\0\200 \0\0\0\0\0\0\0d\37\rL\257S\332\30 \0wf.sig.mix"..., 245, 7555 <unfinished ...>
661553 1790835814.225753 pwrite64(22</tmp/TestMixedWorkflowsRecoverFromFourServerFaults3749442285/001/node-0/jetstream/$G/streams/WF_RUN/msgs/1.blk>, "l\0\0\200l\0\0\0\0\0\0\0'2\334M\257S\332\30\t\0wf.run.12+"..., 108, 20428 <unfinished ...>
661548 1790835814.230664 lseek(24</tmp/TestMixedWorkflowsRecoverFromFourServerFaults3749442285/001/node-0/jetstream/$G/streams/WF_JRN/msgs/1.blk>, 0, SEEK_SET) = 0 <0.000024>
661548 1790835814.230736 fstat(24</tmp/TestMixedWorkflowsRecoverFromFourServerFaults3749442285/001/node-0/jetstream/$G/streams/WF_JRN/msgs/1.blk>, {st_mode=S_IFREG|0600, st_size=36646, ...}) = 0 <0.000010>
661548 1790835814.230819 read(24</tmp/TestMixedWorkflowsRecoverFromFourServerFaults3749442285/001/node-0/jetstream/$G/streams/WF_JRN/msgs/1.blk>, "\263\0\0\200\1\0\0\0\0\0\0\0j*\32\276\253S\332\30\34\0wf.jrn.mix"..., 36646) = 36646 <0.000049>
661422 1790835814.249519 <... pwrite64 resumed>) = 245 (DELAYED) <0.025115>
661553 1790835814.250941 <... pwrite64 resumed>) = 108 (DELAYED) <0.025165>
661556 1790835814.276080 newfstatat(AT_FDCWD</home/exedev/js-wf/integration>, "/tmp/TestMixedWorkflowsRecoverFromFourServerFaults3749442285/001/node-0/jetstream/$G/streams/WF_RUN/obs/WF_P_27/o.dat", {st_mode=S_IFREG|0600, st_size=21, ...}, AT_SYMLINK_NOFOLLOW) = 0 <0.000012>
661556 1790835814.276180 renameat(AT_FDCWD</home/exedev/js-wf/integration>, "/tmp/TestMixedWorkflowsRecoverFromFourServerFaults3749442285/001/node-0/jetstream/$G/streams/WF_RUN/obs/WF_P_27/o.dat.tmp", AT_FDCWD</home/exedev/js-wf/integration>, "/tmp/TestMixedWorkflowsRecoverFromFourServerFaults3749442285/001/node-0/jetstream/$G/streams/WF_RUN/obs/WF_P_27/o.dat") = 0 <0.000118>
661556 1790835814.423549 pwrite64(42</tmp/TestMixedWorkflowsRecoverFromFourServerFaults3749442285/001/node-0/jetstream/$SYS/_js_/C-R3F-GtA4TRr8/msgs/1.blk>, "[\0\0\0#\0\0\0\0\0\0\0\251\247\302Y\257S\332\30\0\0000m6vARoZ\3\0"..., 91, 3661) = 91 (DELAYED) <0.024987>
661556 1790835814.448739 pwrite64(42</tmp/TestMixedWorkflowsRecoverFromFourServerFaults3749442285/001/node-0/jetstream/$SYS/_js_/C-R3F-GtA4TRr8/msgs/1.blk>, "\241\0\0\0$\0\0\0\0\0\0\0\342)C[\257S\332\30\0\0000m6vARoZ\3\0"..., 161, 3752 <unfinished ...>
661406 1790835814.452541 pwrite64(49</tmp/TestMixedWorkflowsRecoverFromFourServerFaults3749442285/001/node-0/jetstream/$SYS/_js_/C-R3F-SaO96lab/msgs/1.blk>, "l\0\0\0\"\0\0\0\0\0\0\0\226L}[\257S\332\30\0\0000m6vARoZ\3\0"..., 108, 3549 <unfinished ...>
661556 1790835814.474180 <... pwrite64 resumed>) = 161 (DELAYED) <0.025406>
661556 1790835814.474616 newfstatat(AT_FDCWD</home/exedev/js-wf/integration>, "/tmp/TestMixedWorkflowsRecoverFromFourServerFaults3749442285/001/node-0/jetstream/$G/streams/WF_RUN/obs/WF_P_26/o.dat", {st_mode=S_IFREG|0600, st_size=16, ...}, AT_SYMLINK_NOFOLLOW) = 0 <0.000013>
661556 1790835814.474674 renameat(AT_FDCWD</home/exedev/js-wf/integration>, "/tmp/TestMixedWorkflowsRecoverFromFourServerFaults3749442285/001/node-0/jetstream/$G/streams/WF_RUN/obs/WF_P_26/o.dat.tmp", AT_FDCWD</home/exedev/js-wf/integration>, "/tmp/TestMixedWorkflowsRecoverFromFourServerFaults3749442285/001/node-0/jetstream/$G/streams/WF_RUN/obs/WF_P_26/o.dat") = 0 <0.000083>
661553 1790835814.475076 --- SIGURG {si_signo=SIGURG, si_code=SI_TKILL, si_pid=661400, si_uid=1000} ---
661417 1790835814.475320 --- SIGURG {si_signo=SIGURG, si_code=SI_TKILL, si_pid=661400, si_uid=1000} ---
661406 1790835814.477805 <... pwrite64 resumed>) = 108 (DELAYED) <0.025227>
661406 1790835814.477908 --- SIGURG {si_signo=SIGURG, si_code=SI_TKILL, si_pid=661400, si_uid=1000} ---
661406 1790835814.478630 pwrite64(49</tmp/TestMixedWorkflowsRecoverFromFourServerFaults3749442285/001/node-0/jetstream/$SYS/_js_/C-R3F-SaO96lab/msgs/1.blk>, "z\0\0\0#\0\0\0\0\0\0\0\27v\10]\257S\332\30\0\0000m6vARoZ\3\0"..., 122, 3657) = 122 (DELAYED) <0.025066>
661406 1790835814.503946 --- SIGURG {si_signo=SIGURG, si_code=SI_TKILL, si_pid=661400, si_uid=1000} ---
661406 1790835814.505068 newfstatat(AT_FDCWD</home/exedev/js-wf/integration>, "/tmp/TestMixedWorkflowsRecoverFromFourServerFaults3749442285/001/node-0/jetstream/$G/streams/WF_RUN/obs/WF_P_51/o.dat", {st_mode=S_IFREG|0600, st_size=8, ...}, AT_SYMLINK_NOFOLLOW) = 0 <0.000015>
661406 1790835814.505125 renameat(AT_FDCWD</home/exedev/js-wf/integration>, "/tmp/TestMixedWorkflowsRecoverFromFourServerFaults3749442285/001/node-0/jetstream/$G/streams/WF_RUN/obs/WF_P_51/o.dat.tmp", AT_FDCWD</home/exedev/js-wf/integration>, "/tmp/TestMixedWorkflowsRecoverFromFourServerFaults3749442285/001/node-0/jetstream/$G/streams/WF_RUN/obs/WF_P_51/o.dat") = 0 <0.000107>
661422 1790835814.575440 newfstatat(AT_FDCWD</home/exedev/js-wf/integration>, "/tmp/TestMixedWorkflowsRecoverFromFourServerFaults3749442285/001/node-0/jetstream/$G/streams/WF_RUN/obs/WF_P_26/o.dat", {st_mode=S_IFREG|0600, st_size=16, ...}, AT_SYMLINK_NOFOLLOW) = 0 <0.000020>
661422 1790835814.575525 renameat(AT_FDCWD</home/exedev/js-wf/integration>, "/tmp/TestMixedWorkflowsRecoverFromFourServerFaults3749442285/001/node-0/jetstream/$G/streams/WF_RUN/obs/WF_P_26/o.dat.tmp", AT_FDCWD</home/exedev/js-wf/integration>, "/tmp/TestMixedWorkflowsRecoverFromFourServerFaults3749442285/001/node-0/jetstream/$G/streams/WF_RUN/obs/WF_P_26/o.dat") = 0 <0.000113>
661548 1790835814.592314 pwrite64(48</tmp/TestMixedWorkflowsRecoverFromFourServerFaults3749442285/001/node-0/jetstream/$SYS/_js_/C-R3F-5zk9g5oE/msgs/1.blk>, "z\0\0\0\21\0\0\0\0\0\0\0;\\\314c\257S\332\30\0\0000m6vARoZ\3\0"..., 122, 1671) = 122 (DELAYED) <0.026660>
661406 1790835814.619430 pwrite64(48</tmp/TestMixedWorkflowsRecoverFromFourServerFaults3749442285/001/node-0/jetstream/$SYS/_js_/C-R3F-5zk9g5oE/msgs/1.blk>, "l\0\0\0\22\0\0\0\0\0\0\0\222\214ne\257S\332\30\0\0000m6vARoZ\3\0"..., 108, 1793 <unfinished ...>
661548 1790835814.619527 --- SIGURG {si_signo=SIGURG, si_code=SI_TKILL, si_pid=661400, si_uid=1000} ---
661406 1790835814.644480 <... pwrite64 resumed>) = 108 (DELAYED) <0.025012>
661406 1790835814.645071 newfstatat(AT_FDCWD</home/exedev/js-wf/integration>, "/tmp/TestMixedWorkflowsRecoverFromFourServerFaults3749442285/001/node-0/jetstream/$G/streams/WF_RUN/obs/WF_P_15/o.dat", {st_mode=S_IFREG|0600, st_size=8, ...}, AT_SYMLINK_NOFOLLOW) = 0 <0.000021>
661406 1790835814.645352 renameat(AT_FDCWD</home/exedev/js-wf/integration>, "/tmp/TestMixedWorkflowsRecoverFromFourServerFaults3749442285/001/node-0/jetstream/$G/streams/WF_RUN/obs/WF_P_15/o.dat.tmp", AT_FDCWD</home/exedev/js-wf/integration>, "/tmp/TestMixedWorkflowsRecoverFromFourServerFaults3749442285/001/node-0/jetstream/$G/streams/WF_RUN/obs/WF_P_15/o.dat") = 0 <0.000119>
661417 1790835814.648072 pwrite64(52</tmp/TestMixedWorkflowsRecoverFromFourServerFaults3749442285/001/node-0/jetstream/$SYS/_js_/C-R3F-msGDjRCn/msgs/1.blk>, "z\0\0\0\23\0\0\0\0\0\0\0\224\336$g\257S\332\30\0\0000m6vARoZ\3\0"..., 122, 1899) = 122 (DELAYED) <0.025130>
661417 1790835814.673360 pwrite64(52</tmp/TestMixedWorkflowsRecoverFromFourServerFaults3749442285/001/node-0/jetstream/$SYS/_js_/C-R3F-msGDjRCn/msgs/1.blk>, "l\0\0\0\24\0\0\0\0\0\0\0\n\267\246h\257S\332\30\0\0000m6vARoZ\3\0"..., 108, 2021 <unfinished ...>
661548 1790835814.683278 pwrite64(43</tmp/TestMixedWorkflowsRecoverFromFourServerFaults3749442285/001/node-0/jetstream/$SYS/_js_/C-R3F-0ktVzAXS/msgs/1.blk>, "[\0\0\0\23\0\0\0\0\0\0\0+2>i\257S\332\30\0\0000m6vARoZ\3\0"..., 91, 1932 <unfinished ...>
661422 1790835814.695371 pwrite64(50</tmp/TestMixedWorkflowsRecoverFromFourServerFaults3749442285/001/node-0/jetstream/$SYS/_js_/C-R3F-tuMA878n/msgs/1.blk>, "l\0\0\0\22\0\0\0\0\0\0\0^\231\366i\257S\332\30\0\0000m6vARoZ\3\0"..., 108, 1836 <unfinished ...>
661417 1790835814.698400 <... pwrite64 resumed>) = 108 (DELAYED) <0.025008>
661417 1790835814.699403 newfstatat(AT_FDCWD</home/exedev/js-wf/integration>, "/tmp/TestMixedWorkflowsRecoverFromFourServerFaults3749442285/001/node-0/jetstream/$G/streams/WF_RUN/obs/WF_P_33/o.dat", {st_mode=S_IFREG|0600, st_size=8, ...}, AT_SYMLINK_NOFOLLOW) = 0 <0.000017>
661417 1790835814.699501 renameat(AT_FDCWD</home/exedev/js-wf/integration>, "/tmp/TestMixedWorkflowsRecoverFromFourServerFaults3749442285/001/node-0/jetstream/$G/streams/WF_RUN/obs/WF_P_33/o.dat.tmp", AT_FDCWD</home/exedev/js-wf/integration>, "/tmp/TestMixedWorkflowsRecoverFromFourServerFaults3749442285/001/node-0/jetstream/$G/streams/WF_RUN/obs/WF_P_33/o.dat") = 0 <0.000092>
661548 1790835814.708351 <... pwrite64 resumed>) = 91 (DELAYED) <0.025027>
661548 1790835814.708551 pwrite64(43</tmp/TestMixedWorkflowsRecoverFromFourServerFaults3749442285/001/node-0/jetstream/$SYS/_js_/C-R3F-0ktVzAXS/msgs/1.blk>, "\241\0\0\0\24\0\0\0\0\0\0\0\335\323\277j\257S\332\30\0\0000m6vARoZ\3\0"..., 161, 2023 <unfinished ...>
661422 1790835814.720713 <... pwrite64 resumed>) = 108 (DELAYED) <0.025298>
661422 1790835814.720850 pwrite64(50</tmp/TestMixedWorkflowsRecoverFromFourServerFaults3749442285/001/node-0/jetstream/$SYS/_js_/C-R3F-tuMA878n/msgs/1.blk>, "\220\0\0\0\23\0\0\0\0\0\0\0\351\266zk\257S\332\30\0\0000m6vARoZ\3\0"..., 144, 1944 <unfinished ...>
661548 1790835814.733610 <... pwrite64 resumed>) = 161 (DELAYED) <0.025034>
661548 1790835814.733665 --- SIGURG {si_signo=SIGURG, si_code=SI_TKILL, si_pid=661400, si_uid=1000} ---
661548 1790835814.734080 newfstatat(AT_FDCWD</home/exedev/js-wf/integration>, "/tmp/TestMixedWorkflowsRecoverFromFourServerFaults3749442285/001/node-0/jetstream/$G/streams/WF_RUN/obs/WF_P_27/o.dat", {st_mode=S_IFREG|0600, st_size=21, ...}, AT_SYMLINK_NOFOLLOW) = 0 <0.000012>
661548 1790835814.734134 renameat(AT_FDCWD</home/exedev/js-wf/integration>, "/tmp/TestMixedWorkflowsRecoverFromFourServerFaults3749442285/001/node-0/jetstream/$G/streams/WF_RUN/obs/WF_P_27/o.dat.tmp", AT_FDCWD</home/exedev/js-wf/integration>, "/tmp/TestMixedWorkflowsRecoverFromFourServerFaults3749442285/001/node-0/jetstream/$G/streams/WF_RUN/obs/WF_P_27/o.dat") = 0 <0.000107>
661422 1790835814.745853 <... pwrite64 resumed>) = 144 (DELAYED) <0.024972>
661422 1790835814.745981 pwrite64(50</tmp/TestMixedWorkflowsRecoverFromFourServerFaults3749442285/001/node-0/jetstream/$SYS/_js_/C-R3F-tuMA878n/msgs/1.blk>, "\263\0\0\0\24\0\0\0\0\0\0\0\277\335\372l\257S\332\30\0\0000m6vARoZ\3\0"..., 179, 2088) = 179 (DELAYED) <0.025026>
661548 1790835814.771943 newfstatat(AT_FDCWD</home/exedev/js-wf/integration>, "/tmp/TestMixedWorkflowsRecoverFromFourServerFaults3749442285/001/node-0/jetstream/$G/streams/WF_RUN/obs/WF_P_12/o.dat", {st_mode=S_IFREG|0600, st_size=19, ...}, AT_SYMLINK_NOFOLLOW) = 0 <0.000150>
661548 1790835814.772261 renameat(AT_FDCWD</home/exedev/js-wf/integration>, "/tmp/TestMixedWorkflowsRecoverFromFourServerFaults3749442285/001/node-0/jetstream/$G/streams/WF_RUN/obs/WF_P_12/o.dat.tmp", AT_FDCWD</home/exedev/js-wf/integration>, "/tmp/TestMixedWorkflowsRecoverFromFourServerFaults3749442285/001/node-0/jetstream/$G/streams/WF_RUN/obs/WF_P_12/o.dat") = 0 <0.000144>
661548 1790835814.818427 pwrite64(52</tmp/TestMixedWorkflowsRecoverFromFourServerFaults3749442285/001/node-0/jetstream/$SYS/_js_/C-R3F-msGDjRCn/msgs/1.blk>, "l\0\0\0\25\0\0\0\0\0\0\0\351\366Kq\257S\332\30\0\0000m6vARoZ\3\0"..., 108, 2129 <unfinished ...>
661556 1790835814.835547 newfstatat(AT_FDCWD</home/exedev/js-wf/integration>, "/tmp/TestMixedWorkflowsRecoverFromFourServerFaults3749442285/001/node-0/jetstream/$G/streams/WF_RUN/obs/WF_P_27/o.dat", {st_mode=S_IFREG|0600, st_size=21, ...}, AT_SYMLINK_NOFOLLOW) = 0 <0.000015>
661556 1790835814.835630 renameat(AT_FDCWD</home/exedev/js-wf/integration>, "/tmp/TestMixedWorkflowsRecoverFromFourServerFaults3749442285/001/node-0/jetstream/$G/streams/WF_RUN/obs/WF_P_27/o.dat.tmp", AT_FDCWD</home/exedev/js-wf/integration>, "/tmp/TestMixedWorkflowsRecoverFromFourServerFaults3749442285/001/node-0/jetstream/$G/streams/WF_RUN/obs/WF_P_27/o.dat") = 0 <0.000073>
661548 1790835814.846183 <... pwrite64 resumed>) = 108 (DELAYED) <0.027711>
661556 1790835814.848553 pwrite64(52</tmp/TestMixedWorkflowsRecoverFromFourServerFaults3749442285/001/node-0/jetstream/$SYS/_js_/C-R3F-msGDjRCn/msgs/1.blk>, "l\0\0\0\26\0\0\0\0\0\0\0\246\32\30s\257S\332\30\0\0000m6vARoZ\3\0"..., 108, 2237 <unfinished ...>
661417 1790835814.856430 pwrite64(51</tmp/TestMixedWorkflowsRecoverFromFourServerFaults3749442285/001/node-0/jetstream/$SYS/_js_/C-R3F-7OYeMzZe/msgs/1.blk>, "z\0\0\0\24\0\0\0\0\0\0\0@-\220s\257S\332\30\0\0000m6vARoZ\3\0"..., 122, 2044 <unfinished ...>
661556 1790835814.873879 <... pwrite64 resumed>) = 108 (DELAYED) <0.025295>
661422 1790835814.874992 newfstatat(AT_FDCWD</home/exedev/js-wf/integration>, "/tmp/TestMixedWorkflowsRecoverFromFourServerFaults3749442285/001/node-0/jetstream/$G/streams/WF_RUN/obs/WF_P_12/o.dat", {st_mode=S_IFREG|0600, st_size=22, ...}, AT_SYMLINK_NOFOLLOW) = 0 <0.000042>
661422 1790835814.877159 renameat(AT_FDCWD</home/exedev/js-wf/integration>, "/tmp/TestMixedWorkflowsRecoverFromFourServerFaults3749442285/001/node-0/jetstream/$G/streams/WF_RUN/obs/WF_P_12/o.dat.tmp", AT_FDCWD</home/exedev/js-wf/integration>, "/tmp/TestMixedWorkflowsRecoverFromFourServerFaults3749442285/001/node-0/jetstream/$G/streams/WF_RUN/obs/WF_P_12/o.dat") = 0 <0.000202>
661417 1790835814.881463 <... pwrite64 resumed>) = 122 (DELAYED) <0.025000>
661556 1790835814.885124 pwrite64(51</tmp/TestMixedWorkflowsRecoverFromFourServerFaults3749442285/001/node-0/jetstream/$SYS/_js_/C-R3F-7OYeMzZe/msgs/1.blk>, "l\0\0\0\25\0\0\0\0\0\0\0\342\35Fu\257S\332\30\0\0000m6vARoZ\3\0"..., 108, 2166 <unfinished ...>
661548 1790835814.885291 newfstatat(AT_FDCWD</home/exedev/js-wf/integration>, "/tmp/TestMixedWorkflowsRecoverFromFourServerFaults3749442285/001/node-0/jetstream/$G/streams/WF_RUN/obs/WF_P_63/o.dat", {st_mode=S_IFREG|0600, st_size=8, ...}, AT_SYMLINK_NOFOLLOW) = 0 <0.000011>
661548 1790835814.885333 renameat(AT_FDCWD</home/exedev/js-wf/integration>, "/tmp/TestMixedWorkflowsRecoverFromFourServerFaults3749442285/001/node-0/jetstream/$G/streams/WF_RUN/obs/WF_P_63/o.dat.tmp", AT_FDCWD</home/exedev/js-wf/integration>, "/tmp/TestMixedWorkflowsRecoverFromFourServerFaults3749442285/001/node-0/jetstream/$G/streams/WF_RUN/obs/WF_P_63/o.dat") = 0 <0.000166>
661422 1790835814.906946 pwrite64(48</tmp/TestMixedWorkflowsRecoverFromFourServerFaults3749442285/001/node-0/jetstream/$SYS/_js_/C-R3F-5zk9g5oE/msgs/1.blk>, "l\0\0\0\23\0\0\0\0\0\0\0\325\203\222v\257S\332\30\0\0000m6vARoZ\3\0"..., 108, 1901 <unfinished ...>
661556 1790835814.910177 <... pwrite64 resumed>) = 108 (DELAYED) <0.025015>
661417 1790835814.911014 pwrite64(47</tmp/TestMixedWorkflowsRecoverFromFourServerFaults3749442285/001/node-0/jetstream/$SYS/_js_/C-R3F-JUPhrGJa/msgs/1.blk>, "l\0\0\0\16\0\0\0\0\0\0\0\274\27\321v\257S\332\30\0\0000m6vARoZ\3\0"..., 108, 1474 <unfinished ...>
661553 1790835814.924066 pwrite64(46</tmp/TestMixedWorkflowsRecoverFromFourServerFaults3749442285/001/node-0/jetstream/$SYS/_js_/C-R3F-13UXQlAl/msgs/1.blk>, "\217\0\0\0\20\0\0\0\0\0\0\0\202-\230w\257S\332\30\0\0000m6vARoZ\2\0"..., 143, 1748 <unfinished ...>
661422 1790835814.931987 <... pwrite64 resumed>) = 108 (DELAYED) <0.024983>
661548 1790835814.934592 pwrite64(48</tmp/TestMixedWorkflowsRecoverFromFourServerFaults3749442285/001/node-0/jetstream/$SYS/_js_/C-R3F-5zk9g5oE/msgs/1.blk>, "l\0\0\0\24\0\0\0\0\0\0\0\17q8x\257S\332\30\0\0000m6vARoZ\3\0"..., 108, 2009 <unfinished ...>
661417 1790835814.936042 <... pwrite64 resumed>) = 108 (DELAYED) <0.024996>
661417 1790835814.936126 pwrite64(47</tmp/TestMixedWorkflowsRecoverFromFourServerFaults3749442285/001/node-0/jetstream/$SYS/_js_/C-R3F-JUPhrGJa/msgs/1.blk>, "\241\0\0\0\17\0\0\0\0\0\0\0\v0Px\257S\332\30\0\0000m6vARoZ\3\0"..., 161, 1582 <unfinished ...>
661553 1790835814.949275 <... pwrite64 resumed>) = 143 (DELAYED) <0.025140>
661553 1790835814.950025 pwrite64(46</tmp/TestMixedWorkflowsRecoverFromFourServerFaults3749442285/001/node-0/jetstream/$SYS/_js_/C-R3F-13UXQlAl/msgs/1.blk>, "\327\0\0\0\21\0\0\0\0\0\0\0aU$y\257S\332\30\0\0000m6vARoZ\2\0"..., 215, 1891 <unfinished ...>
661548 1790835814.959646 <... pwrite64 resumed>) = 108 (DELAYED) <0.024992>
661417 1790835814.961300 <... pwrite64 resumed>) = 161 (DELAYED) <0.025155>
661555 1790835814.962899 newfstatat(AT_FDCWD</home/exedev/js-wf/integration>, "/tmp/TestMixedWorkflowsRecoverFromFourServerFaults3749442285/001/node-0/jetstream/$G/streams/WF_RUN/obs/WF_P_28/o.dat", {st_mode=S_IFREG|0600, st_size=18, ...}, AT_SYMLINK_NOFOLLOW) = 0 <0.000022>
661555 1790835814.963170 renameat(AT_FDCWD</home/exedev/js-wf/integration>, "/tmp/TestMixedWorkflowsRecoverFromFourServerFaults3749442285/001/node-0/jetstream/$G/streams/WF_RUN/obs/WF_P_28/o.dat.tmp", AT_FDCWD</home/exedev/js-wf/integration>, "/tmp/TestMixedWorkflowsRecoverFromFourServerFaults3749442285/001/node-0/jetstream/$G/streams/WF_RUN/obs/WF_P_28/o.dat") = 0 <0.000097>
661553 1790835814.975104 <... pwrite64 resumed>) = 215 (DELAYED) <0.025033>
661417 1790835814.978560 newfstatat(AT_FDCWD</home/exedev/js-wf/integration>, "/tmp/TestMixedWorkflowsRecoverFromFourServerFaults3749442285/001/node-0/jetstream/$G/streams/WF_RUN/obs/WF_P_18/o.dat", {st_mode=S_IFREG|0600, st_size=25, ...}, AT_SYMLINK_NOFOLLOW) = 0 <0.000009>
661417 1790835814.978607 renameat(AT_FDCWD</home/exedev/js-wf/integration>, "/tmp/TestMixedWorkflowsRecoverFromFourServerFaults3749442285/001/node-0/jetstream/$G/streams/WF_RUN/obs/WF_P_18/o.dat.tmp", AT_FDCWD</home/exedev/js-wf/integration>, "/tmp/TestMixedWorkflowsRecoverFromFourServerFaults3749442285/001/node-0/jetstream/$G/streams/WF_RUN/obs/WF_P_18/o.dat") = 0 <0.000148>
661555 1790835814.979747 newfstatat(AT_FDCWD</home/exedev/js-wf/integration>, "/tmp/TestMixedWorkflowsRecoverFromFourServerFaults3749442285/001/node-0/jetstream/$G/streams/WF_RUN/obs/WF_P_12/o.dat", {st_mode=S_IFREG|0600, st_size=25, ...}, AT_SYMLINK_NOFOLLOW) = 0 <0.000050>
661555 1790835814.979849 renameat(AT_FDCWD</home/exedev/js-wf/integration>, "/tmp/TestMixedWorkflowsRecoverFromFourServerFaults3749442285/001/node-0/jetstream/$G/streams/WF_RUN/obs/WF_P_12/o.dat.tmp", AT_FDCWD</home/exedev/js-wf/integration>, "/tmp/TestMixedWorkflowsRecoverFromFourServerFaults3749442285/001/node-0/jetstream/$G/streams/WF_RUN/obs/WF_P_12/o.dat") = 0 <0.000194>
661548 1790835815.009511 pwrite64(51</tmp/TestMixedWorkflowsRecoverFromFourServerFaults3749442285/001/node-0/jetstream/$SYS/_js_/C-R3F-7OYeMzZe/msgs/1.blk>, "l\0\0\0\26\0\0\0\0\0\0\0\0\316\257|\257S\332\30\0\0000m6vARoZ\3\0"..., 108, 2274) = 108 (DELAYED) <0.025314>
661556 1790835815.036295 pwrite64(51</tmp/TestMixedWorkflowsRecoverFromFourServerFaults3749442285/001/node-0/jetstream/$SYS/_js_/C-R3F-7OYeMzZe/msgs/1.blk>, "l\0\0\0\27\0\0\0\0\0\0\0U\277H~\257S\332\30\0\0000m6vARoZ\3\0"..., 108, 2382) = 108 (DELAYED) <0.025075>
661556 1790835815.061588 --- SIGURG {si_signo=SIGURG, si_code=SI_TKILL, si_pid=661400, si_uid=1000} ---
661556 1790835815.071172 --- SIGURG {si_signo=SIGURG, si_code=SI_TKILL, si_pid=661400, si_uid=1000} ---
661556 1790835815.073603 --- SIGURG {si_signo=SIGURG, si_code=SI_TKILL, si_pid=661400, si_uid=1000} ---
661548 1790835815.079944 newfstatat(AT_FDCWD</home/exedev/js-wf/integration>, "/tmp/TestMixedWorkflowsRecoverFromFourServerFaults3749442285/001/node-0/jetstream/$G/streams/WF_RUN/obs/WF_P_18/o.dat", {st_mode=S_IFREG|0600, st_size=29, ...}, AT_SYMLINK_NOFOLLOW) = 0 <0.000020>
661548 1790835815.080063 renameat(AT_FDCWD</home/exedev/js-wf/integration>, "/tmp/TestMixedWorkflowsRecoverFromFourServerFaults3749442285/001/node-0/jetstream/$G/streams/WF_RUN/obs/WF_P_18/o.dat.tmp", AT_FDCWD</home/exedev/js-wf/integration>, "/tmp/TestMixedWorkflowsRecoverFromFourServerFaults3749442285/001/node-0/jetstream/$G/streams/WF_RUN/obs/WF_P_18/o.dat") = 0 <0.000086>
661548 1790835815.124820 --- SIGURG {si_signo=SIGURG, si_code=SI_TKILL, si_pid=661400, si_uid=1000} ---
661548 1790835815.456817 pwrite64(49</tmp/TestMixedWorkflowsRecoverFromFourServerFaults3749442285/001/node-0/jetstream/$SYS/_js_/C-R3F-SaO96lab/msgs/1.blk>, "l\0\0\0$\0\0\0\0\0\0\0\27kU\227\257S\332\30\0\0000m6vARoZ\3\0"..., 108, 3779 <unfinished ...>
661417 1790835815.470641 pwrite64(47</tmp/TestMixedWorkflowsRecoverFromFourServerFaults3749442285/001/node-0/jetstream/$SYS/_js_/C-R3F-JUPhrGJa/msgs/1.blk>, "[\0\0\0\20\0\0\0\0\0\0\0\23\353)\230\257S\332\30\0\0000m6vARoZ\3\0"..., 91, 1743 <unfinished ...>
661548 1790835815.481867 <... pwrite64 resumed>) = 108 (DELAYED) <0.025001>
661548 1790835815.482004 pwrite64(49</tmp/TestMixedWorkflowsRecoverFromFourServerFaults3749442285/001/node-0/jetstream/$SYS/_js_/C-R3F-SaO96lab/msgs/1.blk>, "l\0\0\0%\0\0\0\0\0\0\0/\200\331\230\257S\332\30\0\0000m6vARoZ\3\0"..., 108, 3887 <unfinished ...>
661422 1790835815.485432 pwrite64(42</tmp/TestMixedWorkflowsRecoverFromFourServerFaults3749442285/001/node-0/jetstream/$SYS/_js_/C-R3F-GtA4TRr8/msgs/1.blk>, "[\0\0\0%\0\0\0\0\0\0\0\215\277\r\231\257S\332\30\0\0000m6vARoZ\3\0"..., 91, 3913 <unfinished ...>
661417 1790835815.498834 <... pwrite64 resumed>) = 91 (DELAYED) <0.028145>
661417 1790835815.498942 pwrite64(47</tmp/TestMixedWorkflowsRecoverFromFourServerFaults3749442285/001/node-0/jetstream/$SYS/_js_/C-R3F-JUPhrGJa/msgs/1.blk>, "z\0\0\0\21\0\0\0\0\0\0\0\205:\334\231\257S\332\30\0\0000m6vARoZ\3\0"..., 122, 1834 <unfinished ...>
661548 1790835815.509128 <... pwrite64 resumed>) = 108 (DELAYED) <0.027095>
661422 1790835815.510461 <... pwrite64 resumed>) = 91 (DELAYED) <0.024996>
661422 1790835815.510563 pwrite64(42</tmp/TestMixedWorkflowsRecoverFromFourServerFaults3749442285/001/node-0/jetstream/$SYS/_js_/C-R3F-GtA4TRr8/msgs/1.blk>, "\241\0\0\0&\0\0\0\0\0\0\0\253\211\215\232\257S\332\30\0\0000m6vARoZ\3\0"..., 161, 4004 <unfinished ...>
661417 1790835815.524067 <... pwrite64 resumed>) = 122 (DELAYED) <0.025104>
661417 1790835815.527238 newfstatat(AT_FDCWD</home/exedev/js-wf/integration>, "/tmp/TestMixedWorkflowsRecoverFromFourServerFaults3749442285/001/node-0/jetstream/$G/streams/WF_RUN/obs/WF_P_28/o.dat", {st_mode=S_IFREG|0600, st_size=18, ...}, AT_SYMLINK_NOFOLLOW) = 0 <0.000021>
661417 1790835815.527307 renameat(AT_FDCWD</home/exedev/js-wf/integration>, "/tmp/TestMixedWorkflowsRecoverFromFourServerFaults3749442285/001/node-0/jetstream/$G/streams/WF_RUN/obs/WF_P_28/o.dat.tmp", AT_FDCWD</home/exedev/js-wf/integration>, "/tmp/TestMixedWorkflowsRecoverFromFourServerFaults3749442285/001/node-0/jetstream/$G/streams/WF_RUN/obs/WF_P_28/o.dat") = 0 <0.000133>
661422 1790835815.535633 <... pwrite64 resumed>) = 161 (DELAYED) <0.025044>
661422 1790835815.536051 newfstatat(AT_FDCWD</home/exedev/js-wf/integration>, "/tmp/TestMixedWorkflowsRecoverFromFourServerFaults3749442285/001/node-0/jetstream/$G/streams/WF_RUN/obs/WF_P_26/o.dat", {st_mode=S_IFREG|0600, st_size=19, ...}, AT_SYMLINK_NOFOLLOW) = 0 <0.000009>
661422 1790835815.536095 renameat(AT_FDCWD</home/exedev/js-wf/integration>, "/tmp/TestMixedWorkflowsRecoverFromFourServerFaults3749442285/001/node-0/jetstream/$G/streams/WF_RUN/obs/WF_P_26/o.dat.tmp", AT_FDCWD</home/exedev/js-wf/integration>, "/tmp/TestMixedWorkflowsRecoverFromFourServerFaults3749442285/001/node-0/jetstream/$G/streams/WF_RUN/obs/WF_P_26/o.dat") = 0 <0.000094>
661422 1790835815.594201 pwrite64(48</tmp/TestMixedWorkflowsRecoverFromFourServerFaults3749442285/001/node-0/jetstream/$SYS/_js_/C-R3F-5zk9g5oE/msgs/1.blk>, "l\0\0\0\25\0\0\0\0\0\0\0\273\237\211\237\257S\332\30\0\0000m6vARoZ\3\0"..., 108, 2117) = 108 (DELAYED) <0.025290>
661422 1790835815.620463 pwrite64(48</tmp/TestMixedWorkflowsRecoverFromFourServerFaults3749442285/001/node-0/jetstream/$SYS/_js_/C-R3F-5zk9g5oE/msgs/1.blk>, "l\0\0\0\26\0\0\0\0\0\0\0\252\\\31\241\257S\332\30\0\0000m6vARoZ\3\0"..., 108, 2225 <unfinished ...>
661548 1790835815.630189 newfstatat(AT_FDCWD</home/exedev/js-wf/integration>, "/tmp/TestMixedWorkflowsRecoverFromFourServerFaults3749442285/001/node-0/jetstream/$G/streams/WF_RUN/obs/WF_P_28/o.dat", {st_mode=S_IFREG|0600, st_size=18, ...}, AT_SYMLINK_NOFOLLOW) = 0 <0.000123>
661548 1790835815.630443 renameat(AT_FDCWD</home/exedev/js-wf/integration>, "/tmp/TestMixedWorkflowsRecoverFromFourServerFaults3749442285/001/node-0/jetstream/$G/streams/WF_RUN/obs/WF_P_28/o.dat.tmp", AT_FDCWD</home/exedev/js-wf/integration>, "/tmp/TestMixedWorkflowsRecoverFromFourServerFaults3749442285/001/node-0/jetstream/$G/streams/WF_RUN/obs/WF_P_28/o.dat") = 0 <0.000198>
661417 1790835815.641344 newfstatat(AT_FDCWD</home/exedev/js-wf/integration>, "/tmp/TestMixedWorkflowsRecoverFromFourServerFaults3749442285/001/node-0/jetstream/$G/streams/WF_RUN/obs/WF_P_26/o.dat", {st_mode=S_IFREG|0600, st_size=19, ...}, AT_SYMLINK_NOFOLLOW) = 0 <0.000014>
661417 1790835815.641473 renameat(AT_FDCWD</home/exedev/js-wf/integration>, "/tmp/TestMixedWorkflowsRecoverFromFourServerFaults3749442285/001/node-0/jetstream/$G/streams/WF_RUN/obs/WF_P_26/o.dat.tmp", AT_FDCWD</home/exedev/js-wf/integration>, "/tmp/TestMixedWorkflowsRecoverFromFourServerFaults3749442285/001/node-0/jetstream/$G/streams/WF_RUN/obs/WF_P_26/o.dat") = 0 <0.000113>
661422 1790835815.645496 <... pwrite64 resumed>) = 108 (DELAYED) <0.024981>
661422 1790835815.649738 pwrite64(52</tmp/TestMixedWorkflowsRecoverFromFourServerFaults3749442285/001/node-0/jetstream/$SYS/_js_/C-R3F-msGDjRCn/msgs/1.blk>, "l\0\0\0\27\0\0\0\0\0\0\0B\327\330\242\257S\332\30\0\0000m6vARoZ\3\0"..., 108, 2345) = 108 (DELAYED) <0.025802>
661422 1790835815.675611 --- SIGURG {si_signo=SIGURG, si_code=SI_TKILL, si_pid=661400, si_uid=1000} ---
661422 1790835815.675754 pwrite64(52</tmp/TestMixedWorkflowsRecoverFromFourServerFaults3749442285/001/node-0/jetstream/$SYS/_js_/C-R3F-msGDjRCn/msgs/1.blk>, "l\0\0\0\30\0\0\0\0\0\0\0?\20f\244\257S\332\30\0\0000m6vARoZ\3\0"..., 108, 2453 <unfinished ...>
661555 1790835815.685875 newfstatat(AT_FDCWD</home/exedev/js-wf/integration>, "/tmp/TestMixedWorkflowsRecoverFromFourServerFaults3749442285/001/node-0/jetstream/$SYS/_js_/S-R3F-1ekUakaP/tav.idx", {st_mode=S_IFREG|0600, st_size=16, ...}, 0) = 0 <0.000085>
661555 1790835815.697699 newfstatat(AT_FDCWD</home/exedev/js-wf/integration>, "/tmp/TestMixedWorkflowsRecoverFromFourServerFaults3749442285/001/node-0/jetstream/$SYS/_js_/S-R3F-1ekUakaP/tav.idx", {st_mode=S_IFREG|0600, st_size=16, ...}, AT_SYMLINK_NOFOLLOW) = 0 <0.000026>
661555 1790835815.697815 renameat(AT_FDCWD</home/exedev/js-wf/integration>, "/tmp/TestMixedWorkflowsRecoverFromFourServerFaults3749442285/001/node-0/jetstream/$SYS/_js_/S-R3F-1ekUakaP/tav.idx.tmp", AT_FDCWD</home/exedev/js-wf/integration>, "/tmp/TestMixedWorkflowsRecoverFromFourServerFaults3749442285/001/node-0/jetstream/$SYS/_js_/S-R3F-1ekUakaP/tav.idx") = 0 <0.000056>
661555 1790835815.699338 newfstatat(AT_FDCWD</home/exedev/js-wf/integration>, "/tmp/TestMixedWorkflowsRecoverFromFourServerFaults3749442285/001/node-0/jetstream/$SYS/_js_/S-R3F-1ekUakaP/tav.idx", {st_mode=S_IFREG|0600, st_size=8, ...}, 0) = 0 <0.000031>
661422 1790835815.700795 <... pwrite64 resumed>) = 108 (DELAYED) <0.025010>
661422 1790835815.700880 --- SIGURG {si_signo=SIGURG, si_code=SI_TKILL, si_pid=661400, si_uid=1000} ---
661555 1790835815.702283 newfstatat(AT_FDCWD</home/exedev/js-wf/integration>, "/tmp/TestMixedWorkflowsRecoverFromFourServerFaults3749442285/001/node-0/jetstream/$SYS/_js_/S-R3F-1ekUakaP/tav.idx", {st_mode=S_IFREG|0600, st_size=8, ...}, AT_SYMLINK_NOFOLLOW) = 0 <0.000024>
661555 1790835815.702350 renameat(AT_FDCWD</home/exedev/js-wf/integration>, "/tmp/TestMixedWorkflowsRecoverFromFourServerFaults3749442285/001/node-0/jetstream/$SYS/_js_/S-R3F-1ekUakaP/tav.idx.tmp", AT_FDCWD</home/exedev/js-wf/integration>, "/tmp/TestMixedWorkflowsRecoverFromFourServerFaults3749442285/001/node-0/jetstream/$SYS/_js_/S-R3F-1ekUakaP/tav.idx") = 0 <0.000057>
661556 1790835815.713677 fstat(29</tmp/TestMixedWorkflowsRecoverFromFourServerFaults3749442285/001/node-0/jetstream/$SYS/_js_/S-R3F-1ekUakaP/msgs/1.blk>, {st_mode=S_IFREG|0600, st_size=53129, ...}) = 0 <0.000016>
661556 1790835815.713766 lseek(29</tmp/TestMixedWorkflowsRecoverFromFourServerFaults3749442285/001/node-0/jetstream/$SYS/_js_/S-R3F-1ekUakaP/msgs/1.blk>, 0, SEEK_SET) = 0 <0.000007>
661556 1790835815.713791 fstat(29</tmp/TestMixedWorkflowsRecoverFromFourServerFaults3749442285/001/node-0/jetstream/$SYS/_js_/S-R3F-1ekUakaP/msgs/1.blk>, {st_mode=S_IFREG|0600, st_size=53129, ...}) = 0 <0.000006>
661556 1790835815.713821 read(29</tmp/TestMixedWorkflowsRecoverFromFourServerFaults3749442285/001/node-0/jetstream/$SYS/_js_/S-R3F-1ekUakaP/msgs/1.blk>, "p\0\0\0\1\0\0\0\0\0\0\0\205?_\237\253S\332\30\0\0000WED9nmv\1\0"..., 53129) = 53129 <0.000026>
661556 1790835815.713883 pwrite64(29</tmp/TestMixedWorkflowsRecoverFromFourServerFaults3749442285/001/node-0/jetstream/$SYS/_js_/S-R3F-1ekUakaP/msgs/1.blk>, "p\0\0\0\245\0\0\0\0\0\0\0M\311\250\246\257S\332\30\0\0000m6vARoZ\3\0"..., 112, 53129) = 112 (DELAYED) <0.025049>
661555 1790835815.743556 pwrite64(43</tmp/TestMixedWorkflowsRecoverFromFourServerFaults3749442285/001/node-0/jetstream/$SYS/_js_/C-R3F-0ktVzAXS/msgs/1.blk>, "l\0\0\0\25\0\0\0\0\0\0\0\374\261p\250\257S\332\30\0\0000m6vARoZ\3\0"..., 108, 2184 <unfinished ...>
661422 1790835815.750302 close(29</tmp/TestMixedWorkflowsRecoverFromFourServerFaults3749442285/001/node-0/jetstream/$SYS/_js_/S-R3F-1ekUakaP/msgs/1.blk>) = 0 <0.000014>
661406 1790835815.759091 pwrite64(30</tmp/TestMixedWorkflowsRecoverFromFourServerFaults3749442285/001/node-0/jetstream/$G/streams/KV_WF_LEASE/msgs/1.blk>, "\253\0\0\200\315\0\0\0\0\0\0\0=C9\251\257S\332\30(\0$KV.WF_LEA"..., 171, 33570 <unfinished ...>
661555 1790835815.769050 <... pwrite64 resumed>) = 108 (DELAYED) <0.025449>
661555 1790835815.769207 pwrite64(43</tmp/TestMixedWorkflowsRecoverFromFourServerFaults3749442285/001/node-0/jetstream/$SYS/_js_/C-R3F-0ktVzAXS/msgs/1.blk>, "\220\0\0\0\26\0\0\0\0\0\0\0=\307\367\251\257S\332\30\0\0000m6vARoZ\3\0"..., 144, 2292 <unfinished ...>
661406 1790835815.784143 <... pwrite64 resumed>) = 171 (DELAYED) <0.025004>
661556 1790835815.787416 pwrite64(30</tmp/TestMixedWorkflowsRecoverFromFourServerFaults3749442285/001/node-0/jetstream/$G/streams/KV_WF_LEASE/msgs/1.blk>, "\257\0\0\200\316\0\0\0\0\0\0\0\3673M\251\257S\332\30(\0$KV.WF_LEA"..., 2936, 33741 <unfinished ...>
661555 1790835815.794240 <... pwrite64 resumed>) = 144 (DELAYED) <0.025009>
661422 1790835815.795453 newfstatat(AT_FDCWD</home/exedev/js-wf/integration>, "/tmp/TestMixedWorkflowsRecoverFromFourServerFaults3749442285/001/node-0/jetstream/$G/streams/WF_RUN/obs/WF_P_27/o.dat", {st_mode=S_IFREG|0600, st_size=24, ...}, AT_SYMLINK_NOFOLLOW) = 0 <0.000011>
661422 1790835815.795512 renameat(AT_FDCWD</home/exedev/js-wf/integration>, "/tmp/TestMixedWorkflowsRecoverFromFourServerFaults3749442285/001/node-0/jetstream/$G/streams/WF_RUN/obs/WF_P_27/o.dat.tmp", AT_FDCWD</home/exedev/js-wf/integration>, "/tmp/TestMixedWorkflowsRecoverFromFourServerFaults3749442285/001/node-0/jetstream/$G/streams/WF_RUN/obs/WF_P_27/o.dat") = 0 <0.000080>
661556 1790835815.814880 <... pwrite64 resumed>) = 2936 (DELAYED) <0.027425>
661556 1790835815.815067 --- SIGURG {si_signo=SIGURG, si_code=SI_TKILL, si_pid=661400, si_uid=1000} ---
661406 1790835815.818734 pwrite64(30</tmp/TestMixedWorkflowsRecoverFromFourServerFaults3749442285/001/node-0/jetstream/$G/streams/KV_WF_LEASE/msgs/1.blk>, "\257\0\0\200\341\0\0\0\0\0\0\0\277\301\10\253\257S\332\30(\0$KV.WF_LEA"..., 333, 36677 <unfinished ...>
661555 1790835815.821022 lseek(20</tmp/TestMixedWorkflowsRecoverFromFourServerFaults3749442285/001/node-0/jetstream/$G/streams/WF_INV/msgs/1.blk>, 0, SEEK_SET) = 0 <0.000012>
661555 1790835815.821122 fstat(20</tmp/TestMixedWorkflowsRecoverFromFourServerFaults3749442285/001/node-0/jetstream/$G/streams/WF_INV/msgs/1.blk>, {st_mode=S_IFREG|0600, st_size=8206, ...}) = 0 <0.000016>
661555 1790835815.821489 read(20</tmp/TestMixedWorkflowsRecoverFromFourServerFaults3749442285/001/node-0/jetstream/$G/streams/WF_INV/msgs/1.blk>, "\306\0\0\200\1\0\0\0\0\0\0\0\247\327\6\266\253S\332\30\34\0wf.inv.mix"..., 8206) = 8206 <0.000336>
661417 1790835815.822021 pwrite64(22</tmp/TestMixedWorkflowsRecoverFromFourServerFaults3749442285/001/node-0/jetstream/$G/streams/WF_RUN/msgs/1.blk>, "k\0\0\200m\0\0\0\0\0\0\0E\254\375\254\257S\332\30\t\0wf.run.48+"..., 107, 20536 <unfinished ...>
661556 1790835815.826276 lseek(24</tmp/TestMixedWorkflowsRecoverFromFourServerFaults3749442285/001/node-0/jetstream/$G/streams/WF_JRN/msgs/1.blk>, 0, SEEK_SET) = 0 <0.000009>
661556 1790835815.826338 fstat(24</tmp/TestMixedWorkflowsRecoverFromFourServerFaults3749442285/001/node-0/jetstream/$G/streams/WF_JRN/msgs/1.blk>, {st_mode=S_IFREG|0600, st_size=36646, ...}) = 0 <0.000142>
661556 1790835815.826809 read(24</tmp/TestMixedWorkflowsRecoverFromFourServerFaults3749442285/001/node-0/jetstream/$G/streams/WF_JRN/msgs/1.blk>, "\263\0\0\200\1\0\0\0\0\0\0\0j*\32\276\253S\332\30\34\0wf.jrn.mix"..., 36646) = 36646 <0.000050>
661406 1790835815.843813 <... pwrite64 resumed>) = 333 (DELAYED) <0.025041>
661417 1790835815.847056 <... pwrite64 resumed>) = 107 (DELAYED) <0.025016>
661417 1790835815.847167 pwrite64(50</tmp/TestMixedWorkflowsRecoverFromFourServerFaults3749442285/001/node-0/jetstream/$SYS/_js_/C-R3F-tuMA878n/msgs/1.blk>, "\263\0\0\0\25\0\0\0\0\0\0\0\251\261\235\256\257S\332\30\0\0000m6vARoZ\3\0"..., 179, 2267 <unfinished ...>
661406 1790835815.847275 pwrite64(39</tmp/TestMixedWorkflowsRecoverFromFourServerFaults3749442285/001/node-0/jetstream/$SYS/_js_/C-R3F-YfBgRsFE/msgs/1.blk>, "\263\0\0\0\7\0\0\0\0\0\0\0\367f\237\256\257S\332\30\0\0000m6vARoZ\3\0"..., 179, 636 <unfinished ...>
661553 1790835815.848316 pwrite64(22</tmp/TestMixedWorkflowsRecoverFromFourServerFaults3749442285/001/node-0/jetstream/$G/streams/WF_RUN/msgs/1.blk>, "\211\0\0\200n\0\0\0\0\0\0\0\215\222&\255\257S\332\30\t\0wf.run.27,"..., 137, 20643 <unfinished ...>
661556 1790835815.851203 pwrite64(43</tmp/TestMixedWorkflowsRecoverFromFourServerFaults3749442285/001/node-0/jetstream/$SYS/_js_/C-R3F-0ktVzAXS/msgs/1.blk>, "[\0\0\0\27\0\0\0\0\0\0\0WB\333\256\257S\332\30\0\0000m6vARoZ\3\0"..., 91, 2436 <unfinished ...>
661417 1790835815.872381 <... pwrite64 resumed>) = 179 (DELAYED) <0.025188>
661406 1790835815.872411 <... pwrite64 resumed>) = 179 (DELAYED) <0.025124>
661553 1790835815.873548 <... pwrite64 resumed>) = 137 (DELAYED) <0.025210>
661553 1790835815.874618 pwrite64(52</tmp/TestMixedWorkflowsRecoverFromFourServerFaults3749442285/001/node-0/jetstream/$SYS/_js_/C-R3F-msGDjRCn/msgs/1.blk>, "z\0\0\0\31\0\0\0\0\0\0\0F\3054\260\257S\332\30\0\0000m6vARoZ\3\0"..., 122, 2561 <unfinished ...>
661406 1790835815.875201 pwrite64(22</tmp/TestMixedWorkflowsRecoverFromFourServerFaults3749442285/001/node-0/jetstream/$G/streams/WF_RUN/msgs/1.blk>, "\207\0\0\200o\0\0\0\0\0\0\0\277q\260\257\257S\332\30\t\0wf.run.26G"..., 135, 20780 <unfinished ...>
661407 1790835815.875442 pwrite64(30</tmp/TestMixedWorkflowsRecoverFromFourServerFaults3749442285/001/node-0/jetstream/$G/streams/KV_WF_LEASE/msgs/1.blk>, "\235\0\0\200\343\0\0\0\0\0\0\0\177B\341\254\257S\332\30\"\0$KV.WF_LEA"..., 952, 37010 <unfinished ...>
661555 1790835815.875912 newfstatat(AT_FDCWD</home/exedev/js-wf/integration>, "/tmp/TestMixedWorkflowsRecoverFromFourServerFaults3749442285/001/node-0/jetstream/$G/streams/WF_RUN/obs/WF_P_12/o.dat", {st_mode=S_IFREG|0600, st_size=25, ...}, AT_SYMLINK_NOFOLLOW) = 0 <0.000570>
661556 1790835815.876535 <... pwrite64 resumed>) = 91 (DELAYED) <0.025298>
661555 1790835815.876552 renameat(AT_FDCWD</home/exedev/js-wf/integration>, "/tmp/TestMixedWorkflowsRecoverFromFourServerFaults3749442285/001/node-0/jetstream/$G/streams/WF_RUN/obs/WF_P_12/o.dat.tmp", AT_FDCWD</home/exedev/js-wf/integration>, "/tmp/TestMixedWorkflowsRecoverFromFourServerFaults3749442285/001/node-0/jetstream/$G/streams/WF_RUN/obs/WF_P_12/o.dat") = 0 <0.000116>
661556 1790835815.876698 pwrite64(43</tmp/TestMixedWorkflowsRecoverFromFourServerFaults3749442285/001/node-0/jetstream/$SYS/_js_/C-R3F-0ktVzAXS/msgs/1.blk>, "\241\0\0\0\30\0\0\0\0\0\0\09s`\260\257S\332\30\0\0000m6vARoZ\3\0"..., 161, 2527 <unfinished ...>
661422 1790835815.877767 newfstatat(AT_FDCWD</home/exedev/js-wf/integration>, "/tmp/TestMixedWorkflowsRecoverFromFourServerFaults3749442285/001/node-0/jetstream/$G/streams/WF_RUN/obs/WF_P_48/o.dat", {st_mode=S_IFREG|0600, st_size=16, ...}, AT_SYMLINK_NOFOLLOW) = 0 <0.000015>
661422 1790835815.877822 renameat(AT_FDCWD</home/exedev/js-wf/integration>, "/tmp/TestMixedWorkflowsRecoverFromFourServerFaults3749442285/001/node-0/jetstream/$G/streams/WF_RUN/obs/WF_P_48/o.dat.tmp", AT_FDCWD</home/exedev/js-wf/integration>, "/tmp/TestMixedWorkflowsRecoverFromFourServerFaults3749442285/001/node-0/jetstream/$G/streams/WF_RUN/obs/WF_P_48/o.dat") = 0 <0.000104>
661552 1790835815.879262 pwrite64(24</tmp/TestMixedWorkflowsRecoverFromFourServerFaults3749442285/001/node-0/jetstream/$G/streams/WF_JRN/msgs/1.blk>, ">\1\0\200\205\0\0\0\0\0\0\0o\4S\260\257S\332\30\35\0wf.jrn.mix"..., 318, 36646 <unfinished ...>
661555 1790835815.896985 newfstatat(AT_FDCWD</home/exedev/js-wf/integration>, "/tmp/TestMixedWorkflowsRecoverFromFourServerFaults3749442285/001/node-0/jetstream/$G/streams/WF_RUN/obs/WF_P_27/o.dat", {st_mode=S_IFREG|0600, st_size=26, ...}, AT_SYMLINK_NOFOLLOW) = 0 <0.000011>
661555 1790835815.897049 renameat(AT_FDCWD</home/exedev/js-wf/integration>, "/tmp/TestMixedWorkflowsRecoverFromFourServerFaults3749442285/001/node-0/jetstream/$G/streams/WF_RUN/obs/WF_P_27/o.dat.tmp", AT_FDCWD</home/exedev/js-wf/integration>, "/tmp/TestMixedWorkflowsRecoverFromFourServerFaults3749442285/001/node-0/jetstream/$G/streams/WF_RUN/obs/WF_P_27/o.dat") = 0 <0.000111>
661553 1790835815.899738 <... pwrite64 resumed>) = 122 (DELAYED) <0.025093>
661553 1790835815.899858 pwrite64(52</tmp/TestMixedWorkflowsRecoverFromFourServerFaults3749442285/001/node-0/jetstream/$SYS/_js_/C-R3F-msGDjRCn/msgs/1.blk>, "l\0\0\0\32\0\0\0\0\0\0\0\215\275\301\261\257S\332\30\0\0000m6vARoZ\3\0"..., 108, 2683 <unfinished ...>
661406 1790835815.900241 <... pwrite64 resumed>) = 135 (DELAYED) <0.025021>
661406 1790835815.900361 pwrite64(51</tmp/TestMixedWorkflowsRecoverFromFourServerFaults3749442285/001/node-0/jetstream/$SYS/_js_/C-R3F-7OYeMzZe/msgs/1.blk>, "z\0\0\0\30\0\0\0\0\0\0\0\325y\311\261\257S\332\30\0\0000m6vARoZ\3\0"..., 122, 2490 <unfinished ...>
661407 1790835815.900470 <... pwrite64 resumed>) = 952 (DELAYED) <0.025011>
661556 1790835815.901748 <... pwrite64 resumed>) = 161 (DELAYED) <0.025029>
661417 1790835815.903166 pwrite64(22</tmp/TestMixedWorkflowsRecoverFromFourServerFaults3749442285/001/node-0/jetstream/$G/streams/WF_RUN/msgs/1.blk>, "\206\0\0\200p\0\0\0\0\0\0\0\304\261W\260\257S\332\30\10\0wf.run.0G\0"..., 134, 20915 <unfinished ...>
661556 1790835815.905147 pwrite64(50</tmp/TestMixedWorkflowsRecoverFromFourServerFaults3749442285/001/node-0/jetstream/$SYS/_js_/C-R3F-tuMA878n/msgs/1.blk>, "l\0\0\0\26\0\0\0\0\0\0\0!\\\22\262\257S\332\30\0\0000m6vARoZ\3\0"..., 108, 2446 <unfinished ...>
661551 1790835815.905671 pwrite64(30</tmp/TestMixedWorkflowsRecoverFromFourServerFaults3749442285/001/node-0/jetstream/$G/streams/KV_WF_LEASE/msgs/1.blk>, "\237\0\0\200\351\0\0\0\0\0\0\0\203\\\315\261\257S\332\30#\0$KV.WF_LEA"..., 476, 37962 <unfinished ...>
661552 1790835815.906889 <... pwrite64 resumed>) = 318 (DELAYED) <0.027605>
661422 1790835815.913662 pwrite64(24</tmp/TestMixedWorkflowsRecoverFromFourServerFaults3749442285/001/node-0/jetstream/$G/streams/WF_JRN/msgs/1.blk>, "<\1\0\200\206\0\0\0\0\0\0\0\33Is\262\257S\332\30\35\0wf.jrn.mix"..., 316, 36964 <unfinished ...>
661553 1790835815.926825 <... pwrite64 resumed>) = 108 (DELAYED) <0.026950>
661406 1790835815.926852 <... pwrite64 resumed>) = 122 (DELAYED) <0.026483>
661406 1790835815.926935 pwrite64(51</tmp/TestMixedWorkflowsRecoverFromFourServerFaults3749442285/001/node-0/jetstream/$SYS/_js_/C-R3F-7OYeMzZe/msgs/1.blk>, "l\0\0\0\31\0\0\0\0\0\0\0ew^\263\257S\332\30\0\0000m6vARoZ\3\0"..., 108, 2612 <unfinished ...>
661553 1790835815.927321 newfstatat(AT_FDCWD</home/exedev/js-wf/integration>, "/tmp/TestMixedWorkflowsRecoverFromFourServerFaults3749442285/001/node-0/jetstream/$G/streams/WF_RUN/obs/WF_P_33/o.dat", {st_mode=S_IFREG|0600, st_size=8, ...}, AT_SYMLINK_NOFOLLOW) = 0 <0.000030>
661553 1790835815.927406 renameat(AT_FDCWD</home/exedev/js-wf/integration>, "/tmp/TestMixedWorkflowsRecoverFromFourServerFaults3749442285/001/node-0/jetstream/$G/streams/WF_RUN/obs/WF_P_33/o.dat.tmp", AT_FDCWD</home/exedev/js-wf/integration>, "/tmp/TestMixedWorkflowsRecoverFromFourServerFaults3749442285/001/node-0/jetstream/$G/streams/WF_RUN/obs/WF_P_33/o.dat") = 0 <0.000155>
661417 1790835815.928200 <... pwrite64 resumed>) = 134 (DELAYED) <0.025008>
661417 1790835815.929518 --- SIGURG {si_signo=SIGURG, si_code=SI_TKILL, si_pid=661400, si_uid=1000} ---
661556 1790835815.930189 <... pwrite64 resumed>) = 108 (DELAYED) <0.025021>
661556 1790835815.930310 pwrite64(50</tmp/TestMixedWorkflowsRecoverFromFourServerFaults3749442285/001/node-0/jetstream/$SYS/_js_/C-R3F-tuMA878n/msgs/1.blk>, "\220\0\0\0\27\0\0\0\0\0\0\0:w\222\263\257S\332\30\0\0000m6vARoZ\3\0"..., 144, 2554 <unfinished ...>
661551 1790835815.930855 <... pwrite64 resumed>) = 476 (DELAYED) <0.025163>
661548 1790835815.931838 pwrite64(41</tmp/TestMixedWorkflowsRecoverFromFourServerFaults3749442285/001/node-0/jetstream/$SYS/_js_/C-R3F-9oj0nEIt/msgs/1.blk>, "[\0\0\0\f\0\0\0\0\0\0\0?\213\251\263\257S\332\30\0\0000m6vARoZ\3\0"..., 91, 1125 <unfinished ...>
661417 1790835815.932033 pwrite64(44</tmp/TestMixedWorkflowsRecoverFromFourServerFaults3749442285/001/node-0/jetstream/$SYS/_js_/C-R3F-MSuCeJue/msgs/1.blk>, "[\0\0\0\7\0\0\0\0\0\0\0\221\304\254\263\257S\332\30\0\0000m6vARoZ\3\0"..., 91, 636 <unfinished ...>
661555 1790835815.932124 pwrite64(45</tmp/TestMixedWorkflowsRecoverFromFourServerFaults3749442285/001/node-0/jetstream/$SYS/_js_/C-R3F-w2Vf1jql/msgs/1.blk>, "l\0\0\0\7\0\0\0\0\0\0\0\0173\256\263\257S\332\30\0\0000m6vARoZ\3\0"..., 108, 636 <unfinished ...>
661549 1790835815.932595 pwrite64(22</tmp/TestMixedWorkflowsRecoverFromFourServerFaults3749442285/001/node-0/jetstream/$G/streams/WF_RUN/msgs/1.blk>, "\211\0\0\200q\0\0\0\0\0\0\0\17\24\352\261\257S\332\30\t\0wf.run.55,"..., 488, 21049 <unfinished ...>
661407 1790835815.935055 pwrite64(43</tmp/TestMixedWorkflowsRecoverFromFourServerFaults3749442285/001/node-0/jetstream/$SYS/_js_/C-R3F-0ktVzAXS/msgs/1.blk>, "l\0\0\0\31\0\0\0\0\0\0\0Ka\332\263\257S\332\30\0\0000m6vARoZ\3\0"..., 108, 2688 <unfinished ...>
661553 1790835815.935369 pwrite64(30</tmp/TestMixedWorkflowsRecoverFromFourServerFaults3749442285/001/node-0/jetstream/$G/streams/KV_WF_LEASE/msgs/1.blk>, "\237\0\0\200\354\0\0\0\0\0\0\0\10\246\233\263\257S\332\30\"\0$KV.WF_LEA"..., 501, 38438 <unfinished ...>
661422 1790835815.939130 <... pwrite64 resumed>) = 316 (DELAYED) <0.025426>
661436 1790835815.944764 pwrite64(24</tmp/TestMixedWorkflowsRecoverFromFourServerFaults3749442285/001/node-0/jetstream/$G/streams/WF_JRN/msgs/1.blk>, "?\1\0\200\207\0\0\0\0\0\0\0\22\340 \264\257S\332\30\35\0wf.jrn.mix"..., 636, 37280 <unfinished ...>
661406 1790835815.951963 <... pwrite64 resumed>) = 108 (DELAYED) <0.025010>
661406 1790835815.952732 newfstatat(AT_FDCWD</home/exedev/js-wf/integration>, "/tmp/TestMixedWorkflowsRecoverFromFourServerFaults3749442285/001/node-0/jetstream/$G/streams/WF_RUN/obs/WF_P_63/o.dat", {st_mode=S_IFREG|0600, st_size=8, ...}, AT_SYMLINK_NOFOLLOW) = 0 <0.000092>
661406 1790835815.952994 renameat(AT_FDCWD</home/exedev/js-wf/integration>, "/tmp/TestMixedWorkflowsRecoverFromFourServerFaults3749442285/001/node-0/jetstream/$G/streams/WF_RUN/obs/WF_P_63/o.dat.tmp", AT_FDCWD</home/exedev/js-wf/integration>, "/tmp/TestMixedWorkflowsRecoverFromFourServerFaults3749442285/001/node-0/jetstream/$G/streams/WF_RUN/obs/WF_P_63/o.dat") = 0 <0.000165>
661556 1790835815.955351 <... pwrite64 resumed>) = 144 (DELAYED) <0.025028>
661548 1790835815.956903 <... pwrite64 resumed>) = 91 (DELAYED) <0.025047>
661548 1790835815.957024 pwrite64(41</tmp/TestMixedWorkflowsRecoverFromFourServerFaults3749442285/001/node-0/jetstream/$SYS/_js_/C-R3F-9oj0nEIt/msgs/1.blk>, "\241\0\0\0\r\0\0\0\0\0\0\0\305\332)\265\257S\332\30\0\0000m6vARoZ\3\0"..., 161, 1216 <unfinished ...>
661417 1790835815.957149 <... pwrite64 resumed>) = 91 (DELAYED) <0.025108>
661555 1790835815.957254 <... pwrite64 resumed>) = 108 (DELAYED) <0.025122>
661555 1790835815.957320 pwrite64(45</tmp/TestMixedWorkflowsRecoverFromFourServerFaults3749442285/001/node-0/jetstream/$SYS/_js_/C-R3F-w2Vf1jql/msgs/1.blk>, "\220\0\0\0\10\0\0\0\0\0\0\0\266,.\265\257S\332\30\0\0000m6vARoZ\3\0"..., 144, 744 <unfinished ...>
661417 1790835815.957341 pwrite64(44</tmp/TestMixedWorkflowsRecoverFromFourServerFaults3749442285/001/node-0/jetstream/$SYS/_js_/C-R3F-MSuCeJue/msgs/1.blk>, "\241\0\0\0\10\0\0\0\0\0\0\0\1\227.\265\257S\332\30\0\0000m6vARoZ\3\0"..., 161, 727 <unfinished ...>
661549 1790835815.957624 <... pwrite64 resumed>) = 488 (DELAYED) <0.025010>
661552 1790835815.958110 pwrite64(48</tmp/TestMixedWorkflowsRecoverFromFourServerFaults3749442285/001/node-0/jetstream/$SYS/_js_/C-R3F-5zk9g5oE/msgs/1.blk>, "z\0\0\0\27\0\0\0\0\0\0\0\262;6\265\257S\332\30\0\0000m6vARoZ\3\0"..., 122, 2333 <unfinished ...>
661437 1790835815.959104 pwrite64(22</tmp/TestMixedWorkflowsRecoverFromFourServerFaults3749442285/001/node-0/jetstream/$G/streams/WF_RUN/msgs/1.blk>, "\211\0\0\200u\0\0\0\0\0\0\0\31\220\261\263\257S\332\30\t\0wf.run.12H"..., 137, 21537 <unfinished ...>
661407 1790835815.960083 <... pwrite64 resumed>) = 108 (DELAYED) <0.025002>
661407 1790835815.960140 pwrite64(43</tmp/TestMixedWorkflowsRecoverFromFourServerFaults3749442285/001/node-0/jetstream/$SYS/_js_/C-R3F-0ktVzAXS/msgs/1.blk>, "\220\0\0\0\32\0\0\0\0\0\0\0\363\251Y\265\257S\332\30\0\0000m6vARoZ\3\0"..., 144, 2796 <unfinished ...>
661553 1790835815.960403 <... pwrite64 resumed>) = 501 (DELAYED) <0.025015>
661549 1790835815.961934 pwrite64(30</tmp/TestMixedWorkflowsRecoverFromFourServerFaults3749442285/001/node-0/jetstream/$G/streams/KV_WF_LEASE/msgs/1.blk>, "\273\0\0\200\357\0\0\0\0\0\0\0\37s\334\263\257S\332\30?\0$KV.WF_LEA"..., 187, 38939 <unfinished ...>
661436 1790835815.969810 <... pwrite64 resumed>) = 636 (DELAYED) <0.025015>
661556 1790835815.978844 newfstatat(AT_FDCWD</home/exedev/js-wf/integration>, "/tmp/TestMixedWorkflowsRecoverFromFourServerFaults3749442285/001/node-0/jetstream/$G/streams/WF_RUN/obs/WF_P_48/o.dat", {st_mode=S_IFREG|0600, st_size=19, ...}, AT_SYMLINK_NOFOLLOW) = 0 <0.000013>
661556 1790835815.978918 renameat(AT_FDCWD</home/exedev/js-wf/integration>, "/tmp/TestMixedWorkflowsRecoverFromFourServerFaults3749442285/001/node-0/jetstream/$G/streams/WF_RUN/obs/WF_P_48/o.dat.tmp", AT_FDCWD</home/exedev/js-wf/integration>, "/tmp/TestMixedWorkflowsRecoverFromFourServerFaults3749442285/001/node-0/jetstream/$G/streams/WF_RUN/obs/WF_P_48/o.dat") = 0 <0.000068>
661553 1790835815.979665 newfstatat(AT_FDCWD</home/exedev/js-wf/integration>, "/tmp/TestMixedWorkflowsRecoverFromFourServerFaults3749442285/001/node-0/jetstream/$G/streams/WF_RUN/obs/WF_P_12/o.dat", {st_mode=S_IFREG|0600, st_size=27, ...}, AT_SYMLINK_NOFOLLOW) = 0 <0.000057>
661553 1790835815.979769 renameat(AT_FDCWD</home/exedev/js-wf/integration>, "/tmp/TestMixedWorkflowsRecoverFromFourServerFaults3749442285/001/node-0/jetstream/$G/streams/WF_RUN/obs/WF_P_12/o.dat.tmp", AT_FDCWD</home/exedev/js-wf/integration>, "/tmp/TestMixedWorkflowsRecoverFromFourServerFaults3749442285/001/node-0/jetstream/$G/streams/WF_RUN/obs/WF_P_12/o.dat") = 0 <0.000494>
661548 1790835815.982186 <... pwrite64 resumed>) = 161 (DELAYED) <0.025134>
661555 1790835815.982463 <... pwrite64 resumed>) = 144 (DELAYED) <0.025127>
661417 1790835815.982540 <... pwrite64 resumed>) = 161 (DELAYED) <0.025189>
661552 1790835815.983187 <... pwrite64 resumed>) = 122 (DELAYED) <0.025052>
661548 1790835815.983248 newfstatat(AT_FDCWD</home/exedev/js-wf/integration>, "/tmp/TestMixedWorkflowsRecoverFromFourServerFaults3749442285/001/node-0/jetstream/$G/streams/WF_RUN/obs/WF_P_55/o.dat",  <unfinished ...>
661552 1790835815.983278 pwrite64(48</tmp/TestMixedWorkflowsRecoverFromFourServerFaults3749442285/001/node-0/jetstream/$SYS/_js_/C-R3F-5zk9g5oE/msgs/1.blk>, "l\0\0\0\30\0\0\0\0\0\0\0\232u\272\266\257S\332\30\0\0000m6vARoZ\3\0"..., 108, 2455 <unfinished ...>
661548 1790835815.983290 <... newfstatat resumed>{st_mode=S_IFREG|0600, st_size=16, ...}, AT_SYMLINK_NOFOLLOW) = 0 <0.000028>
661548 1790835815.983319 renameat(AT_FDCWD</home/exedev/js-wf/integration>, "/tmp/TestMixedWorkflowsRecoverFromFourServerFaults3749442285/001/node-0/jetstream/$G/streams/WF_RUN/obs/WF_P_55/o.dat.tmp", AT_FDCWD</home/exedev/js-wf/integration>, "/tmp/TestMixedWorkflowsRecoverFromFourServerFaults3749442285/001/node-0/jetstream/$G/streams/WF_RUN/obs/WF_P_55/o.dat") = 0 <0.000065>
661417 1790835815.983586 newfstatat(AT_FDCWD</home/exedev/js-wf/integration>, "/tmp/TestMixedWorkflowsRecoverFromFourServerFaults3749442285/001/node-0/jetstream/$G/streams/WF_RUN/obs/WF_P_43/o.dat", {st_mode=S_IFREG|0600, st_size=16, ...}, AT_SYMLINK_NOFOLLOW) = 0 <0.000095>
661417 1790835815.984226 renameat(AT_FDCWD</home/exedev/js-wf/integration>, "/tmp/TestMixedWorkflowsRecoverFromFourServerFaults3749442285/001/node-0/jetstream/$G/streams/WF_RUN/obs/WF_P_43/o.dat.tmp", AT_FDCWD</home/exedev/js-wf/integration>, "/tmp/TestMixedWorkflowsRecoverFromFourServerFaults3749442285/001/node-0/jetstream/$G/streams/WF_RUN/obs/WF_P_43/o.dat" <unfinished ...>
661437 1790835815.984247 <... pwrite64 resumed>) = 137 (DELAYED) <0.025126>
661417 1790835815.984367 <... renameat resumed>) = 0 <0.000123>
661548 1790835815.984673 pwrite64(47</tmp/TestMixedWorkflowsRecoverFromFourServerFaults3749442285/001/node-0/jetstream/$SYS/_js_/C-R3F-JUPhrGJa/msgs/1.blk>, "~\0\0\0\22\0\0\0\0\0\0\0\200\250\317\266\257S\332\30\0\0000m6vARoZ\3\0"..., 126, 1956 <unfinished ...>
661555 1790835815.985046 newfstatat(AT_FDCWD</home/exedev/js-wf/integration>, "/tmp/TestMixedWorkflowsRecoverFromFourServerFaults3749442285/001/node-0/jetstream/$G/streams/WF_RUN/obs/WF_P_10/o.dat", {st_mode=S_IFREG|0600, st_size=16, ...}, AT_SYMLINK_NOFOLLOW) = 0 <0.000009>
661555 1790835815.985091 renameat(AT_FDCWD</home/exedev/js-wf/integration>, "/tmp/TestMixedWorkflowsRecoverFromFourServerFaults3749442285/001/node-0/jetstream/$G/streams/WF_RUN/obs/WF_P_10/o.dat.tmp", AT_FDCWD</home/exedev/js-wf/integration>, "/tmp/TestMixedWorkflowsRecoverFromFourServerFaults3749442285/001/node-0/jetstream/$G/streams/WF_RUN/obs/WF_P_10/o.dat") = 0 <0.000097>
661417 1790835815.986477 pwrite64(22</tmp/TestMixedWorkflowsRecoverFromFourServerFaults3749442285/001/node-0/jetstream/$G/streams/WF_RUN/msgs/1.blk>, "k\0\0\200v\0\0\0\0\0\0\0C\212v\265\257S\332\30\t\0wf.run.28+"..., 107, 21674 <unfinished ...>
661407 1790835815.986837 <... pwrite64 resumed>) = 144 (DELAYED) <0.026685>
661549 1790835815.987101 <... pwrite64 resumed>) = 187 (DELAYED) <0.025149>
661549 1790835815.991815 fstat(32</tmp/TestMixedWorkflowsRecoverFromFourServerFaults3749442285/001/node-0/jetstream/$G/streams/KV_WF_STATE/msgs/1.blk>, {st_mode=S_IFREG|0600, st_size=0, ...}) = 0 <0.000019>
661549 1790835815.991888 lseek(32</tmp/TestMixedWorkflowsRecoverFromFourServerFaults3749442285/001/node-0/jetstream/$G/streams/KV_WF_STATE/msgs/1.blk>, 0, SEEK_SET) = 0 <0.000010>
661549 1790835815.991948 fstat(32</tmp/TestMixedWorkflowsRecoverFromFourServerFaults3749442285/001/node-0/jetstream/$G/streams/KV_WF_STATE/msgs/1.blk>, {st_mode=S_IFREG|0600, st_size=0, ...}) = 0 <0.000022>
661436 1790835815.993099 pwrite64(24</tmp/TestMixedWorkflowsRecoverFromFourServerFaults3749442285/001/node-0/jetstream/$G/streams/WF_JRN/msgs/1.blk>, "?\1\0\200\211\0\0\0\0\0\0\0\336z\35\267\257S\332\30\35\0wf.jrn.mix"..., 530, 37916 <unfinished ...>
661407 1790835815.993258 pwrite64(32</tmp/TestMixedWorkflowsRecoverFromFourServerFaults3749442285/001/node-0/jetstream/$G/streams/KV_WF_STATE/msgs/1.blk>, "r\0\0\200\1\0\0\0\0\0\0\0\364-\10\267\257S\332\30\33\0$KV.WF_STA"..., 114, 0 <unfinished ...>
661555 1790835815.996493 pwrite64(50</tmp/TestMixedWorkflowsRecoverFromFourServerFaults3749442285/001/node-0/jetstream/$SYS/_js_/C-R3F-tuMA878n/msgs/1.blk>, "[\0\0\0\30\0\0\0\0\0\0\0\7I\204\267\257S\332\30\0\0000m6vARoZ\3\0"..., 91, 2698 <unfinished ...>
661549 1790835815.998145 newfstatat(AT_FDCWD</home/exedev/js-wf/integration>, "/tmp/TestMixedWorkflowsRecoverFromFourServerFaults3749442285/001/node-0/jetstream/$G/streams/WF_RUN/obs/WF_P_27/o.dat", {st_mode=S_IFREG|0600, st_size=26, ...}, AT_SYMLINK_NOFOLLOW) = 0 <0.000014>
661549 1790835815.998211 renameat(AT_FDCWD</home/exedev/js-wf/integration>, "/tmp/TestMixedWorkflowsRecoverFromFourServerFaults3749442285/001/node-0/jetstream/$G/streams/WF_RUN/obs/WF_P_27/o.dat.tmp", AT_FDCWD</home/exedev/js-wf/integration>, "/tmp/TestMixedWorkflowsRecoverFromFourServerFaults3749442285/001/node-0/jetstream/$G/streams/WF_RUN/obs/WF_P_27/o.dat") = 0 <0.000094>
661549 1790835815.999421 pwrite64(46</tmp/TestMixedWorkflowsRecoverFromFourServerFaults3749442285/001/node-0/jetstream/$SYS/_js_/C-R3F-13UXQlAl/msgs/1.blk>, "[\0\0\0\22\0\0\0\0\0\0\0C\300\260\267\257S\332\30\0\0000m6vARoZ\2\0"..., 91, 2106 <unfinished ...>
661437 1790835816.000329 pwrite64(43</tmp/TestMixedWorkflowsRecoverFromFourServerFaults3749442285/001/node-0/jetstream/$SYS/_js_/C-R3F-0ktVzAXS/msgs/1.blk>, "l\0\0\0\33\0\0\0\0\0\0\0\304\317\276\267\257S\332\30\0\0000m6vARoZ\3\0"..., 108, 2940 <unfinished ...>
661406 1790835816.004773 pwrite64(30</tmp/TestMixedWorkflowsRecoverFromFourServerFaults3749442285/001/node-0/jetstream/$G/streams/KV_WF_LEASE/msgs/1.blk>, "\237\0\0\200\360\0\0\0\0\0\0\0R\1`\265\257S\332\30#\0$KV.WF_LEA"..., 3010, 39126 <unfinished ...>
661552 1790835816.008314 <... pwrite64 resumed>) = 108 (DELAYED) <0.025023>
661552 1790835816.008590 --- SIGURG {si_signo=SIGURG, si_code=SI_TKILL, si_pid=661400, si_uid=1000} ---
661556 1790835816.009139 newfstatat(AT_FDCWD</home/exedev/js-wf/integration>, "/tmp/TestMixedWorkflowsRecoverFromFourServerFaults3749442285/001/node-0/jetstream/$G/streams/WF_RUN/obs/WF_P_15/o.dat", {st_mode=S_IFREG|0600, st_size=8, ...}, AT_SYMLINK_NOFOLLOW) = 0 <0.000058>
661556 1790835816.009260 renameat(AT_FDCWD</home/exedev/js-wf/integration>, "/tmp/TestMixedWorkflowsRecoverFromFourServerFaults3749442285/001/node-0/jetstream/$G/streams/WF_RUN/obs/WF_P_15/o.dat.tmp", AT_FDCWD</home/exedev/js-wf/integration>, "/tmp/TestMixedWorkflowsRecoverFromFourServerFaults3749442285/001/node-0/jetstream/$G/streams/WF_RUN/obs/WF_P_15/o.dat") = 0 <0.000094>
661548 1790835816.010823 <... pwrite64 resumed>) = 126 (DELAYED) <0.026124>
661422 1790835816.010900 pwrite64(47</tmp/TestMixedWorkflowsRecoverFromFourServerFaults3749442285/001/node-0/jetstream/$SYS/_js_/C-R3F-JUPhrGJa/msgs/1.blk>, "~\0\0\0\23\0\0\0\0\0\0\0\311\371_\270\257S\332\30\0\0000m6vARoZ\3\0"..., 126, 2082 <unfinished ...>
661417 1790835816.011661 <... pwrite64 resumed>) = 107 (DELAYED) <0.025162>
661436 1790835816.018147 <... pwrite64 resumed>) = 530 (DELAYED) <0.025022>
661407 1790835816.018628 <... pwrite64 resumed>) = 114 (DELAYED) <0.025352>
661555 1790835816.021537 <... pwrite64 resumed>) = 91 (DELAYED) <0.025013>
661407 1790835816.021915 pwrite64(50</tmp/TestMixedWorkflowsRecoverFromFourServerFaults3749442285/001/node-0/jetstream/$SYS/_js_/C-R3F-tuMA878n/msgs/1.blk>, "\241\0\0\0\31\0\0\0\0\0\0\0\n\16\10\271\257S\332\30\0\0000m6vARoZ\3\0"..., 161, 2789 <unfinished ...>
661550 1790835816.023736 pwrite64(24</tmp/TestMixedWorkflowsRecoverFromFourServerFaults3749442285/001/node-0/jetstream/$G/streams/WF_JRN/msgs/1.blk>, "\312\0\0\200\213\0\0\0\0\0\0\0\336A\320\270\257S\332\30\34\0wf.jrn.mix"..., 728, 38446 <unfinished ...>
661549 1790835816.024451 <... pwrite64 resumed>) = 91 (DELAYED) <0.024992>
661549 1790835816.024512 pwrite64(46</tmp/TestMixedWorkflowsRecoverFromFourServerFaults3749442285/001/node-0/jetstream/$SYS/_js_/C-R3F-13UXQlAl/msgs/1.blk>, "\241\0\0\0\23\0\0\0\0\0\0\0\375\272/\271\257S\332\30\0\0000m6vARoZ\2\0"..., 161, 2197 <unfinished ...>
661437 1790835816.025358 <... pwrite64 resumed>) = 108 (DELAYED) <0.024996>
661417 1790835816.025461 pwrite64(43</tmp/TestMixedWorkflowsRecoverFromFourServerFaults3749442285/001/node-0/jetstream/$SYS/_js_/C-R3F-0ktVzAXS/msgs/1.blk>, "\220\0\0\0\34\0\0\0\0\0\0\0\17`>\271\257S\332\30\0\0000m6vARoZ\3\0"..., 144, 3048 <unfinished ...>
661406 1790835816.029826 <... pwrite64 resumed>) = 3010 (DELAYED) <0.025026>
661422 1790835816.035953 <... pwrite64 resumed>) = 126 (DELAYED) <0.025036>
661406 1790835816.036075 pwrite64(30</tmp/TestMixedWorkflowsRecoverFromFourServerFaults3749442285/001/node-0/jetstream/$G/streams/KV_WF_LEASE/msgs/1.blk>, "\273\0\0\200\2\1\0\0\0\0\0\0\320O\202\271\257S\332\30?\0$KV.WF_LEA"..., 692, 42136 <unfinished ...>
661422 1790835816.036466 newfstatat(AT_FDCWD</home/exedev/js-wf/integration>, "/tmp/TestMixedWorkflowsRecoverFromFourServerFaults3749442285/001/node-0/jetstream/$G/streams/WF_RUN/obs/WF_P_28/o.dat", {st_mode=S_IFREG|0600, st_size=18, ...}, AT_SYMLINK_NOFOLLOW) = 0 <0.000066>
661422 1790835816.036843 renameat(AT_FDCWD</home/exedev/js-wf/integration>, "/tmp/TestMixedWorkflowsRecoverFromFourServerFaults3749442285/001/node-0/jetstream/$G/streams/WF_RUN/obs/WF_P_28/o.dat.tmp", AT_FDCWD</home/exedev/js-wf/integration>, "/tmp/TestMixedWorkflowsRecoverFromFourServerFaults3749442285/001/node-0/jetstream/$G/streams/WF_RUN/obs/WF_P_28/o.dat") = 0 <0.000117>
661422 1790835816.037209 pwrite64(51</tmp/TestMixedWorkflowsRecoverFromFourServerFaults3749442285/001/node-0/jetstream/$SYS/_js_/C-R3F-7OYeMzZe/msgs/1.blk>, "z\0\0\0\32\0\0\0\0\0\0\0\377.\361\271\257S\332\30\0\0000m6vARoZ\3\0"..., 122, 2720 <unfinished ...>
661407 1790835816.046970 <... pwrite64 resumed>) = 161 (DELAYED) <0.025021>
661549 1790835816.049563 <... pwrite64 resumed>) = 161 (DELAYED) <0.025033>
661417 1790835816.050557 <... pwrite64 resumed>) = 144 (DELAYED) <0.025078>
661549 1790835816.050598 newfstatat(AT_FDCWD</home/exedev/js-wf/integration>, "/tmp/TestMixedWorkflowsRecoverFromFourServerFaults3749442285/001/node-0/jetstream/$G/streams/WF_RUN/obs/WF_P_18/o.dat",  <unfinished ...>
661550 1790835816.051020 <... pwrite64 resumed>) = 728 (DELAYED) <0.027259>
661549 1790835816.051047 <... newfstatat resumed>{st_mode=S_IFREG|0600, st_size=29, ...}, AT_SYMLINK_NOFOLLOW) = 0 <0.000434>
661549 1790835816.051171 renameat(AT_FDCWD</home/exedev/js-wf/integration>, "/tmp/TestMixedWorkflowsRecoverFromFourServerFaults3749442285/001/node-0/jetstream/$G/streams/WF_RUN/obs/WF_P_18/o.dat.tmp", AT_FDCWD</home/exedev/js-wf/integration>, "/tmp/TestMixedWorkflowsRecoverFromFourServerFaults3749442285/001/node-0/jetstream/$G/streams/WF_RUN/obs/WF_P_18/o.dat") = 0 <0.000144>
661556 1790835816.055195 pwrite64(24</tmp/TestMixedWorkflowsRecoverFromFourServerFaults3749442285/001/node-0/jetstream/$G/streams/WF_JRN/msgs/1.blk>, "\341\0\0\200\216\0\0\0\0\0\0\0\2\301\7\271\257S\332\30\34\0wf.jrn.mix"..., 544, 39174 <unfinished ...>
661437 1790835816.061108 pwrite64(32</tmp/TestMixedWorkflowsRecoverFromFourServerFaults3749442285/001/node-0/jetstream/$G/streams/KV_WF_STATE/msgs/1.blk>, "\225\0\0\200\2\0\0\0\0\0\0\0\335g\365\272\257S\332\30\"\0$KV.WF_STA"..., 149, 114 <unfinished ...>
661406 1790835816.061177 <... pwrite64 resumed>) = 692 (DELAYED) <0.025083>
661422 1790835816.062538 <... pwrite64 resumed>) = 122 (DELAYED) <0.025310>
661422 1790835816.062591 pwrite64(51</tmp/TestMixedWorkflowsRecoverFromFourServerFaults3749442285/001/node-0/jetstream/$SYS/_js_/C-R3F-7OYeMzZe/msgs/1.blk>, "l\0\0\0\33\0\0\0\0\0\0\0\204\333t\273\257S\332\30\0\0000m6vARoZ\3\0"..., 108, 2842 <unfinished ...>
661417 1790835816.067613 pwrite64(50</tmp/TestMixedWorkflowsRecoverFromFourServerFaults3749442285/001/node-0/jetstream/$SYS/_js_/C-R3F-tuMA878n/msgs/1.blk>, "\263\0\0\0\32\0\0\0\0\0\0\0eg\300\273\257S\332\30\0\0000m6vARoZ\3\0"..., 179, 2950 <unfinished ...>
661407 1790835816.068573 pwrite64(46</tmp/TestMixedWorkflowsRecoverFromFourServerFaults3749442285/001/node-0/jetstream/$SYS/_js_/C-R3F-13UXQlAl/msgs/1.blk>, "[\0\0\0\24\0\0\0\0\0\0\0\221\304\314\273\257S\332\30\0\0000m6vARoZ\2\0"..., 91, 2358 <unfinished ...>
661406 1790835816.070320 pwrite64(30</tmp/TestMixedWorkflowsRecoverFromFourServerFaults3749442285/001/node-0/jetstream/$G/streams/KV_WF_LEASE/msgs/1.blk>, "\240\0\0\200\6\1\0\0\0\0\0\0\\\26c\273\257S\332\30#\0$KV.WF_LEA"..., 316, 42828 <unfinished ...>
661556 1790835816.080228 <... pwrite64 resumed>) = 544 (DELAYED) <0.025005>
661550 1790835816.080892 newfstatat(AT_FDCWD</home/exedev/js-wf/integration>, "/tmp/TestMixedWorkflowsRecoverFromFourServerFaults3749442285/001/node-0/jetstream/$G/streams/WF_RUN/obs/WF_P_12/o.dat", {st_mode=S_IFREG|0600, st_size=29, ...}, AT_SYMLINK_NOFOLLOW) = 0 <0.000015>
661550 1790835816.080968 renameat(AT_FDCWD</home/exedev/js-wf/integration>, "/tmp/TestMixedWorkflowsRecoverFromFourServerFaults3749442285/001/node-0/jetstream/$G/streams/WF_RUN/obs/WF_P_12/o.dat.tmp", AT_FDCWD</home/exedev/js-wf/integration>, "/tmp/TestMixedWorkflowsRecoverFromFourServerFaults3749442285/001/node-0/jetstream/$G/streams/WF_RUN/obs/WF_P_12/o.dat") = 0 <0.000072>
661552 1790835816.084092 newfstatat(AT_FDCWD</home/exedev/js-wf/integration>, "/tmp/TestMixedWorkflowsRecoverFromFourServerFaults3749442285/001/node-0/jetstream/$G/streams/WF_RUN/obs/WF_P_55/o.dat", {st_mode=S_IFREG|0600, st_size=16, ...}, AT_SYMLINK_NOFOLLOW) = 0 <0.000221>
661552 1790835816.084383 renameat(AT_FDCWD</home/exedev/js-wf/integration>, "/tmp/TestMixedWorkflowsRecoverFromFourServerFaults3749442285/001/node-0/jetstream/$G/streams/WF_RUN/obs/WF_P_55/o.dat.tmp", AT_FDCWD</home/exedev/js-wf/integration>, "/tmp/TestMixedWorkflowsRecoverFromFourServerFaults3749442285/001/node-0/jetstream/$G/streams/WF_RUN/obs/WF_P_55/o.dat") = 0 <0.000084>
661550 1790835816.085114 newfstatat(AT_FDCWD</home/exedev/js-wf/integration>, "/tmp/TestMixedWorkflowsRecoverFromFourServerFaults3749442285/001/node-0/jetstream/$G/streams/WF_RUN/obs/WF_P_43/o.dat", {st_mode=S_IFREG|0600, st_size=16, ...}, AT_SYMLINK_NOFOLLOW) = 0 <0.000010>
661550 1790835816.085152 renameat(AT_FDCWD</home/exedev/js-wf/integration>, "/tmp/TestMixedWorkflowsRecoverFromFourServerFaults3749442285/001/node-0/jetstream/$G/streams/WF_RUN/obs/WF_P_43/o.dat.tmp", AT_FDCWD</home/exedev/js-wf/integration>, "/tmp/TestMixedWorkflowsRecoverFromFourServerFaults3749442285/001/node-0/jetstream/$G/streams/WF_RUN/obs/WF_P_43/o.dat") = 0 <0.000057>
661550 1790835816.085396 newfstatat(AT_FDCWD</home/exedev/js-wf/integration>, "/tmp/TestMixedWorkflowsRecoverFromFourServerFaults3749442285/001/node-0/jetstream/$G/streams/WF_RUN/obs/WF_P_10/o.dat", {st_mode=S_IFREG|0600, st_size=19, ...}, AT_SYMLINK_NOFOLLOW) = 0 <0.000008>
661550 1790835816.085432 renameat(AT_FDCWD</home/exedev/js-wf/integration>, "/tmp/TestMixedWorkflowsRecoverFromFourServerFaults3749442285/001/node-0/jetstream/$G/streams/WF_RUN/obs/WF_P_10/o.dat.tmp", AT_FDCWD</home/exedev/js-wf/integration>, "/tmp/TestMixedWorkflowsRecoverFromFourServerFaults3749442285/001/node-0/jetstream/$G/streams/WF_RUN/obs/WF_P_10/o.dat") = 0 <0.000051>
661437 1790835816.086835 <... pwrite64 resumed>) = 149 (DELAYED) <0.025692>
661422 1790835816.087766 <... pwrite64 resumed>) = 108 (DELAYED) <0.025160>
661549 1790835816.089281 pwrite64(24</tmp/TestMixedWorkflowsRecoverFromFourServerFaults3749442285/001/node-0/jetstream/$G/streams/WF_JRN/msgs/1.blk>, "\321\0\0\200\220\0\0\0\0\0\0\0\251\25\342\272\257S\332\309\0wf.jrn.mix"..., 1226, 39718 <unfinished ...>
661437 1790835816.089479 newfstatat(AT_FDCWD</home/exedev/js-wf/integration>, "/tmp/TestMixedWorkflowsRecoverFromFourServerFaults3749442285/001/node-0/jetstream/$G/streams/WF_RUN/obs/WF_P_63/o.dat", {st_mode=S_IFREG|0600, st_size=8, ...}, AT_SYMLINK_NOFOLLOW) = 0 <0.000011>
661437 1790835816.089559 renameat(AT_FDCWD</home/exedev/js-wf/integration>, "/tmp/TestMixedWorkflowsRecoverFromFourServerFaults3749442285/001/node-0/jetstream/$G/streams/WF_RUN/obs/WF_P_63/o.dat.tmp", AT_FDCWD</home/exedev/js-wf/integration>, "/tmp/TestMixedWorkflowsRecoverFromFourServerFaults3749442285/001/node-0/jetstream/$G/streams/WF_RUN/obs/WF_P_63/o.dat") = 0 <0.000087>
661550 1790835816.090751 pwrite64(43</tmp/TestMixedWorkflowsRecoverFromFourServerFaults3749442285/001/node-0/jetstream/$SYS/_js_/C-R3F-0ktVzAXS/msgs/1.blk>, "[\0\0\0\35\0\0\0\0\0\0\0\316\21\"\275\257S\332\30\0\0000m6vARoZ\3\0"..., 91, 3192 <unfinished ...>
661417 1790835816.092697 <... pwrite64 resumed>) = 179 (DELAYED) <0.025049>
661407 1790835816.094084 <... pwrite64 resumed>) = 91 (DELAYED) <0.025482>
661407 1790835816.094338 pwrite64(46</tmp/TestMixedWorkflowsRecoverFromFourServerFaults3749442285/001/node-0/jetstream/$SYS/_js_/C-R3F-13UXQlAl/msgs/1.blk>, "\241\0\0\0\25\0\0\0\0\0\0\0 \224W\275\257S\332\30\0\0000m6vARoZ\2\0"..., 161, 2449 <unfinished ...>
661406 1790835816.097594 <... pwrite64 resumed>) = 316 (DELAYED) <0.027248>
661406 1790835816.098921 newfstatat(AT_FDCWD</home/exedev/js-wf/integration>, "/tmp/TestMixedWorkflowsRecoverFromFourServerFaults3749442285/001/node-0/jetstream/$G/streams/WF_RUN/obs/WF_P_27/o.dat", {st_mode=S_IFREG|0600, st_size=32, ...}, AT_SYMLINK_NOFOLLOW) = 0 <0.000012>
661406 1790835816.098986 renameat(AT_FDCWD</home/exedev/js-wf/integration>, "/tmp/TestMixedWorkflowsRecoverFromFourServerFaults3749442285/001/node-0/jetstream/$G/streams/WF_RUN/obs/WF_P_27/o.dat.tmp", AT_FDCWD</home/exedev/js-wf/integration>, "/tmp/TestMixedWorkflowsRecoverFromFourServerFaults3749442285/001/node-0/jetstream/$G/streams/WF_RUN/obs/WF_P_27/o.dat") = 0 <0.000083>
661406 1790835816.099104 pwrite64(30</tmp/TestMixedWorkflowsRecoverFromFourServerFaults3749442285/001/node-0/jetstream/$G/streams/KV_WF_LEASE/msgs/1.blk>, "\236\0\0\200\10\1\0\0\0\0\0\0&\253\352\273\257S\332\30\"\0$KV.WF_LEA"..., 158, 43144 <unfinished ...>
661549 1790835816.114858 <... pwrite64 resumed>) = 1226 (DELAYED) <0.025539>
661550 1790835816.115949 <... pwrite64 resumed>) = 91 (DELAYED) <0.025177>
661550 1790835816.116022 pwrite64(43</tmp/TestMixedWorkflowsRecoverFromFourServerFaults3749442285/001/node-0/jetstream/$SYS/_js_/C-R3F-0ktVzAXS/msgs/1.blk>, "\241\0\0\0\36\0\0\0\0\0\0\0G\37\244\276\257S\332\30\0\0000m6vARoZ\3\0"..., 161, 3283 <unfinished ...>
661552 1790835816.119182 pwrite64(24</tmp/TestMixedWorkflowsRecoverFromFourServerFaults3749442285/001/node-0/jetstream/$G/streams/WF_JRN/msgs/1.blk>, "?\1\0\200\224\0\0\0\0\0\0\0002\311\367\274\257S\332\30\35\0wf.jrn.mix"..., 319, 40944 <unfinished ...>
661407 1790835816.119480 <... pwrite64 resumed>) = 161 (DELAYED) <0.025123>
661406 1790835816.124143 <... pwrite64 resumed>) = 158 (DELAYED) <0.025024>
661422 1790835816.125666 pwrite64(39</tmp/TestMixedWorkflowsRecoverFromFourServerFaults3749442285/001/node-0/jetstream/$SYS/_js_/C-R3F-YfBgRsFE/msgs/1.blk>, "l\0\0\0\10\0\0\0\0\0\0\0\303\0367\277\257S\332\30\0\0000m6vARoZ\3\0"..., 108, 815 <unfinished ...>
661417 1790835816.128141 pwrite64(30</tmp/TestMixedWorkflowsRecoverFromFourServerFaults3749442285/001/node-0/jetstream/$G/streams/KV_WF_LEASE/msgs/1.blk>, "\273\0\0\200\t\1\0\0\0\0\0\0\10y\215\275\257S\332\30?\0$KV.WF_LEA"..., 1339, 43302 <unfinished ...>
661407 1790835816.128304 pwrite64(50</tmp/TestMixedWorkflowsRecoverFromFourServerFaults3749442285/001/node-0/jetstream/$SYS/_js_/C-R3F-tuMA878n/msgs/1.blk>, "[\0\0\0\33\0\0\0\0\0\0\0\245\202_\277\257S\332\30\0\0000m6vARoZ\3\0"..., 91, 3129 <unfinished ...>
661550 1790835816.142815 <... pwrite64 resumed>) = 161 (DELAYED) <0.026773>
661549 1790835816.142874 newfstatat(AT_FDCWD</home/exedev/js-wf/integration>, "/tmp/TestMixedWorkflowsRecoverFromFourServerFaults3749442285/001/node-0/jetstream/$G/streams/WF_RUN/obs/WF_P_28/o.dat", {st_mode=S_IFREG|0600, st_size=21, ...}, AT_SYMLINK_NOFOLLOW) = 0 <0.000013>
661549 1790835816.142923 renameat(AT_FDCWD</home/exedev/js-wf/integration>, "/tmp/TestMixedWorkflowsRecoverFromFourServerFaults3749442285/001/node-0/jetstream/$G/streams/WF_RUN/obs/WF_P_28/o.dat.tmp", AT_FDCWD</home/exedev/js-wf/integration>, "/tmp/TestMixedWorkflowsRecoverFromFourServerFaults3749442285/001/node-0/jetstream/$G/streams/WF_RUN/obs/WF_P_28/o.dat") = 0 <0.000097>
661550 1790835816.143258 --- SIGURG {si_signo=SIGURG, si_code=SI_TKILL, si_pid=661400, si_uid=1000} ---
661552 1790835816.144214 <... pwrite64 resumed>) = 319 (DELAYED) <0.024984>
661550 1790835816.149446 pwrite64(24</tmp/TestMixedWorkflowsRecoverFromFourServerFaults3749442285/001/node-0/jetstream/$G/streams/WF_JRN/msgs/1.blk>, "\324\0\0\200\225\0\0\0\0\0\0\0'Ew\300\257S\332\30\34\0wf.jrn.mix"..., 1805, 41263 <unfinished ...>
661422 1790835816.150715 <... pwrite64 resumed>) = 108 (DELAYED) <0.022925>
661549 1790835816.150819 pwrite64(39</tmp/TestMixedWorkflowsRecoverFromFourServerFaults3749442285/001/node-0/jetstream/$SYS/_js_/C-R3F-YfBgRsFE/msgs/1.blk>, "_\0\0\0\t\0\0\0\0\0\0\0\371\31\267\300\257S\332\30\0\0000m6vARoZ\3\0"..., 95, 923 <unfinished ...>
661406 1790835816.151987 newfstatat(AT_FDCWD</home/exedev/js-wf/integration>, "/tmp/TestMixedWorkflowsRecoverFromFourServerFaults3749442285/001/node-0/jetstream/$G/streams/WF_RUN/obs/WF_P_18/o.dat", {st_mode=S_IFREG|0600, st_size=29, ...}, AT_SYMLINK_NOFOLLOW) = 0 <0.000004>
661406 1790835816.152040 renameat(AT_FDCWD</home/exedev/js-wf/integration>, "/tmp/TestMixedWorkflowsRecoverFromFourServerFaults3749442285/001/node-0/jetstream/$G/streams/WF_RUN/obs/WF_P_18/o.dat.tmp", AT_FDCWD</home/exedev/js-wf/integration>, "/tmp/TestMixedWorkflowsRecoverFromFourServerFaults3749442285/001/node-0/jetstream/$G/streams/WF_RUN/obs/WF_P_18/o.dat") = 0 <0.000147>
661417 1790835816.153168 <... pwrite64 resumed>) = 1339 (DELAYED) <0.025009>
661407 1790835816.153322 <... pwrite64 resumed>) = 91 (DELAYED) <0.025008>
661406 1790835816.153454 pwrite64(50</tmp/TestMixedWorkflowsRecoverFromFourServerFaults3749442285/001/node-0/jetstream/$SYS/_js_/C-R3F-tuMA878n/msgs/1.blk>, "\241\0\0\0\34\0\0\0\0\0\0\0Ku\337\300\257S\332\30\0\0000m6vARoZ\3\0"..., 161, 3220 <unfinished ...>
661422 1790835816.154873 pwrite64(30</tmp/TestMixedWorkflowsRecoverFromFourServerFaults3749442285/001/node-0/jetstream/$G/streams/KV_WF_LEASE/msgs/1.blk>, "\240\0\0\200\21\1\0\0\0\0\0\0\3h#\277\257S\332\30#\0$KV.WF_LEA"..., 160, 44641 <unfinished ...>
661417 1790835816.158864 pwrite64(43</tmp/TestMixedWorkflowsRecoverFromFourServerFaults3749442285/001/node-0/jetstream/$SYS/_js_/C-R3F-0ktVzAXS/msgs/1.blk>, "~\0\0\0\37\0\0\0\0\0\0\0\16\3531\301\257S\332\30\0\0000m6vARoZ\3\0"..., 126, 3444 <unfinished ...>
661550 1790835816.174594 <... pwrite64 resumed>) = 1805 (DELAYED) <0.025112>
661549 1790835816.175862 <... pwrite64 resumed>) = 95 (DELAYED) <0.025027>
661549 1790835816.178235 newfstatat(AT_FDCWD</home/exedev/js-wf/integration>, "/tmp/TestMixedWorkflowsRecoverFromFourServerFaults3749442285/001/node-0/jetstream/$G/streams/WF_RUN/obs/WF_P_48/o.dat", {st_mode=S_IFREG|0600, st_size=19, ...}, AT_SYMLINK_NOFOLLOW) = 0 <0.000024>
661549 1790835816.178414 renameat(AT_FDCWD</home/exedev/js-wf/integration>, "/tmp/TestMixedWorkflowsRecoverFromFourServerFaults3749442285/001/node-0/jetstream/$G/streams/WF_RUN/obs/WF_P_48/o.dat.tmp", AT_FDCWD</home/exedev/js-wf/integration>, "/tmp/TestMixedWorkflowsRecoverFromFourServerFaults3749442285/001/node-0/jetstream/$G/streams/WF_RUN/obs/WF_P_48/o.dat") = 0 <0.000081>
661406 1790835816.178584 <... pwrite64 resumed>) = 161 (DELAYED) <0.024755>
661550 1790835816.179684 pwrite64(24</tmp/TestMixedWorkflowsRecoverFromFourServerFaults3749442285/001/node-0/jetstream/$G/streams/WF_JRN/msgs/1.blk>, "?\1\0\200\234\0\0\0\0\0\0\0\327\364I\302\257S\332\30\35\0wf.jrn.mix"..., 319, 43068 <unfinished ...>
661422 1790835816.180137 <... pwrite64 resumed>) = 160 (DELAYED) <0.025243>
661406 1790835816.180194 pwrite64(22</tmp/TestMixedWorkflowsRecoverFromFourServerFaults3749442285/001/node-0/jetstream/$G/streams/WF_RUN/msgs/1.blk>, "\36\0\0\0m\0\0\0\0\0\0@E\254\375\254\257S\332\30\0\0\214\316_\304\271\347\366\r", 30, 21781 <unfinished ...>
661436 1790835816.181611 newfstatat(AT_FDCWD</home/exedev/js-wf/integration>, "/tmp/TestMixedWorkflowsRecoverFromFourServerFaults3749442285/001/node-0/jetstream/$G/streams/WF_RUN/obs/WF_P_12/o.dat", {st_mode=S_IFREG|0600, st_size=32, ...}, AT_SYMLINK_NOFOLLOW) = 0 <0.000026>
661436 1790835816.181732 renameat(AT_FDCWD</home/exedev/js-wf/integration>, "/tmp/TestMixedWorkflowsRecoverFromFourServerFaults3749442285/001/node-0/jetstream/$G/streams/WF_RUN/obs/WF_P_12/o.dat.tmp", AT_FDCWD</home/exedev/js-wf/integration>, "/tmp/TestMixedWorkflowsRecoverFromFourServerFaults3749442285/001/node-0/jetstream/$G/streams/WF_RUN/obs/WF_P_12/o.dat") = 0 <0.000084>
661417 1790835816.183899 <... pwrite64 resumed>) = 126 (DELAYED) <0.025007>
661417 1790835816.183972 pwrite64(43</tmp/TestMixedWorkflowsRecoverFromFourServerFaults3749442285/001/node-0/jetstream/$SYS/_js_/C-R3F-0ktVzAXS/msgs/1.blk>, "~\0\0\0 \0\0\0\0\0\0\0\342\375\260\302\257S\332\30\0\0000m6vARoZ\3\0"..., 126, 3570 <unfinished ...>
661437 1790835816.187041 pwrite64(50</tmp/TestMixedWorkflowsRecoverFromFourServerFaults3749442285/001/node-0/jetstream/$SYS/_js_/C-R3F-tuMA878n/msgs/1.blk>, "l\0\0\0\35\0\0\0\0\0\0\0\206\262\337\302\257S\332\30\0\0000m6vARoZ\3\0"..., 108, 3381 <unfinished ...>
661407 1790835816.188238 pwrite64(30</tmp/TestMixedWorkflowsRecoverFromFourServerFaults3749442285/001/node-0/jetstream/$G/streams/KV_WF_LEASE/msgs/1.blk>, "\237\0\0\200\22\1\0\0\0\0\0\0\273\267\335\300\257S\332\30\"\0$KV.WF_LEA"..., 1516, 44801 <unfinished ...>
661436 1790835816.202356 --- SIGURG {si_signo=SIGURG, si_code=SI_TKILL, si_pid=661400, si_uid=1000} ---
661436 1790835816.202699 newfstatat(AT_FDCWD</home/exedev/js-wf/integration>, "/tmp/TestMixedWorkflowsRecoverFromFourServerFaults3749442285/001/node-0/jetstream/$G/streams/WF_RUN/obs/WF_P_27/o.dat", {st_mode=S_IFREG|0600, st_size=35, ...}, AT_SYMLINK_NOFOLLOW) = 0 <0.000021>
661436 1790835816.202822 renameat(AT_FDCWD</home/exedev/js-wf/integration>, "/tmp/TestMixedWorkflowsRecoverFromFourServerFaults3749442285/001/node-0/jetstream/$G/streams/WF_RUN/obs/WF_P_27/o.dat.tmp", AT_FDCWD</home/exedev/js-wf/integration>, "/tmp/TestMixedWorkflowsRecoverFromFourServerFaults3749442285/001/node-0/jetstream/$G/streams/WF_RUN/obs/WF_P_27/o.dat") = 0 <0.000089>
661550 1790835816.204762 <... pwrite64 resumed>) = 319 (DELAYED) <0.025046>
661406 1790835816.205227 <... pwrite64 resumed>) = 30 (DELAYED) <0.025024>
661406 1790835816.205426 pwrite64(46</tmp/TestMixedWorkflowsRecoverFromFourServerFaults3749442285/001/node-0/jetstream/$SYS/_js_/C-R3F-13UXQlAl/msgs/1.blk>, "\263\0\0\0\26\0\0\0\0\0\0\0\n@\370\303\257S\332\30\0\0000m6vARoZ\2\0"..., 179, 2610 <unfinished ...>
661417 1790835816.209270 <... pwrite64 resumed>) = 126 (DELAYED) <0.025282>
661436 1790835816.211310 pwrite64(24</tmp/TestMixedWorkflowsRecoverFromFourServerFaults3749442285/001/node-0/jetstream/$G/streams/WF_JRN/msgs/1.blk>, "\377\0\0\200\235\0\0\0\0\0\0\0%\346\375\303\257S\332\309\0wf.jrn.mix"..., 2366, 43387 <unfinished ...>
661437 1790835816.212145 <... pwrite64 resumed>) = 108 (DELAYED) <0.025078>
661549 1790835816.212421 pwrite64(50</tmp/TestMixedWorkflowsRecoverFromFourServerFaults3749442285/001/node-0/jetstream/$SYS/_js_/C-R3F-tuMA878n/msgs/1.blk>, "\220\0\0\0\36\0\0\0\0\0\0\0&\34c\304\257S\332\30\0\0000m6vARoZ\3\0"..., 144, 3489 <unfinished ...>
661407 1790835816.213265 <... pwrite64 resumed>) = 1516 (DELAYED) <0.025011>
661417 1790835816.213844 pwrite64(32</tmp/TestMixedWorkflowsRecoverFromFourServerFaults3749442285/001/node-0/jetstream/$G/streams/KV_WF_STATE/msgs/1.blk>, "\263\0\0\200\3\0\0\0\0\0\0\0.H5\304\257S\332\30?\0$KV.WF_STA"..., 656, 263 <unfinished ...>
661437 1790835816.215888 pwrite64(25</tmp/TestMixedWorkflowsRecoverFromFourServerFaults3749442285/001/node-0/jetstream/$SYS/_js_/S-R3F-jsfg5vMh/msgs/2.blk>, "\356\1\0\0#\0\0\0\0\0\0\0\26\244\227\304\257S\332\30\0\0St9I6EVH\2\0"..., 494, 11462 <unfinished ...>
661422 1790835816.216283 pwrite64(43</tmp/TestMixedWorkflowsRecoverFromFourServerFaults3749442285/001/node-0/jetstream/$SYS/_js_/C-R3F-0ktVzAXS/msgs/1.blk>, "l\0\0\0!\0\0\0\0\0\0\0\366\35\236\304\257S\332\30\0\0000m6vARoZ\3\0"..., 108, 3696 <unfinished ...>
661407 1790835816.217479 pwrite64(30</tmp/TestMixedWorkflowsRecoverFromFourServerFaults3749442285/001/node-0/jetstream/$G/streams/KV_WF_LEASE/msgs/1.blk>, "\237\0\0\200\33\1\0\0\0\0\0\0\205\226p\304\257S\332\30\"\0$KV.WF_LEA"..., 823, 46317 <unfinished ...>
661406 1790835816.230551 <... pwrite64 resumed>) = 179 (DELAYED) <0.025106>
661436 1790835816.236380 <... pwrite64 resumed>) = 2366 (DELAYED) <0.025036>
661549 1790835816.237454 <... pwrite64 resumed>) = 144 (DELAYED) <0.025019>
661417 1790835816.239021 <... pwrite64 resumed>) = 656 (DELAYED) <0.025161>
661437 1790835816.241072 <... pwrite64 resumed>) = 494 (DELAYED) <0.025164>
661422 1790835816.241362 <... pwrite64 resumed>) = 108 (DELAYED) <0.025070>
661422 1790835816.241417 pwrite64(43</tmp/TestMixedWorkflowsRecoverFromFourServerFaults3749442285/001/node-0/jetstream/$SYS/_js_/C-R3F-0ktVzAXS/msgs/1.blk>, "\220\0\0\0\"\0\0\0\0\0\0\0Ev\35\306\257S\332\30\0\0000m6vARoZ\3\0"..., 144, 3804 <unfinished ...>
661437 1790835816.242086 pwrite64(25</tmp/TestMixedWorkflowsRecoverFromFourServerFaults3749442285/001/node-0/jetstream/$SYS/_js_/S-R3F-jsfg5vMh/msgs/2.blk>, "\356\1\0\0$\0\0\0\0\0\0\0\324\247'\306\257S\332\30\0\0St9I6EVH\2\0"..., 494, 11956 <unfinished ...>
661407 1790835816.242779 <... pwrite64 resumed>) = 823 (DELAYED) <0.025279>
661407 1790835816.243408 pwrite64(32</tmp/TestMixedWorkflowsRecoverFromFourServerFaults3749442285/001/node-0/jetstream/$G/streams/KV_WF_STATE/msgs/1.blk>, "\225\0\0\200\7\0\0\0\0\0\0\0\5n \306\257S\332\30\"\0$KV.WF_STA"..., 328, 919 <unfinished ...>
661549 1790835816.244826 pwrite64(52</tmp/TestMixedWorkflowsRecoverFromFourServerFaults3749442285/001/node-0/jetstream/$SYS/_js_/C-R3F-msGDjRCn/msgs/1.blk>, "~\0\0\0\33\0\0\0\0\0\0\0) O\306\257S\332\30\0\0000m6vARoZ\3\0"..., 126, 2791 <unfinished ...>
661550 1790835816.245851 pwrite64(22</tmp/TestMixedWorkflowsRecoverFromFourServerFaults3749442285/001/node-0/jetstream/$G/streams/WF_RUN/msgs/1.blk>, "\203\0\0\200w\0\0\0\0\0\0\0\4\353=\306\257S\332\30\t\0wf.run.33+"..., 131, 21811 <unfinished ...>
661436 1790835816.247021 pwrite64(45</tmp/TestMixedWorkflowsRecoverFromFourServerFaults3749442285/001/node-0/jetstream/$SYS/_js_/C-R3F-w2Vf1jql/msgs/1.blk>, "Q\0\0\0\t\0\0\0\0\0\0\0\2\361r\306\257S\332\30\0\0000m6vARoZ\3\0"..., 81, 888 <unfinished ...>
661552 1790835816.247048 pwrite64(44</tmp/TestMixedWorkflowsRecoverFromFourServerFaults3749442285/001/node-0/jetstream/$SYS/_js_/C-R3F-MSuCeJue/msgs/1.blk>, "l\0\0\0\t\0\0\0\0\0\0\0\363cs\306\257S\332\30\0\0000m6vARoZ\3\0"..., 108, 888 <unfinished ...>
661556 1790835816.247321 pwrite64(24</tmp/TestMixedWorkflowsRecoverFromFourServerFaults3749442285/001/node-0/jetstream/$G/streams/WF_JRN/msgs/1.blk>, "\376\0\0\200\246\0\0\0\0\0\0\0\37\324\360\305\257S\332\309\0wf.jrn.mix"..., 1318, 45753 <unfinished ...>
661406 1790835816.247735 pwrite64(30</tmp/TestMixedWorkflowsRecoverFromFourServerFaults3749442285/001/node-0/jetstream/$G/streams/KV_WF_LEASE/msgs/1.blk>, "\215\0\0\200 \1\0\0\0\0\0\0\7\3304\306\257S\332\30\"\0$KV.WF_LEA"..., 441, 47140 <unfinished ...>
661417 1790835816.248694 pwrite64(46</tmp/TestMixedWorkflowsRecoverFromFourServerFaults3749442285/001/node-0/jetstream/$SYS/_js_/C-R3F-13UXQlAl/msgs/1.blk>, "l\0\0\0\27\0\0\0\0\0\0\0f\215\214\306\257S\332\30\0\0000m6vARoZ\2\0"..., 108, 2789 <unfinished ...>
661555 1790835816.248854 pwrite64(50</tmp/TestMixedWorkflowsRecoverFromFourServerFaults3749442285/001/node-0/jetstream/$SYS/_js_/C-R3F-tuMA878n/msgs/1.blk>, "l\0\0\0\37\0\0\0\0\0\0\0M\23\217\306\257S\332\30\0\0000m6vARoZ\3\0"..., 108, 3633 <unfinished ...>
661553 1790835816.253053 newfstatat(AT_FDCWD</home/exedev/js-wf/integration>, "/tmp/TestMixedWorkflowsRecoverFromFourServerFaults3749442285/001/node-0/jetstream/$G/streams/WF_RUN/obs/WF_P_18/o.dat", {st_mode=S_IFREG|0600, st_size=33, ...}, AT_SYMLINK_NOFOLLOW) = 0 <0.000014>
661553 1790835816.253124 renameat(AT_FDCWD</home/exedev/js-wf/integration>, "/tmp/TestMixedWorkflowsRecoverFromFourServerFaults3749442285/001/node-0/jetstream/$G/streams/WF_RUN/obs/WF_P_18/o.dat.tmp", AT_FDCWD</home/exedev/js-wf/integration>, "/tmp/TestMixedWorkflowsRecoverFromFourServerFaults3749442285/001/node-0/jetstream/$G/streams/WF_RUN/obs/WF_P_18/o.dat") = 0 <0.000091>
661422 1790835816.266509 <... pwrite64 resumed>) = 144 (DELAYED) <0.025055>
661437 1790835816.267152 <... pwrite64 resumed>) = 494 (DELAYED) <0.025047>
661437 1790835816.267278 pwrite64(25</tmp/TestMixedWorkflowsRecoverFromFourServerFaults3749442285/001/node-0/jetstream/$SYS/_js_/S-R3F-jsfg5vMh/msgs/2.blk>, "\356\1\0\0%\0\0\0\0\0\0\0\22\33\250\307\257S\332\30\0\0St9I6EVH\2\0"..., 494, 12450 <unfinished ...>
661407 1790835816.268477 <... pwrite64 resumed>) = 328 (DELAYED) <0.025050>
661551 1790835816.268581 pwrite64(26</tmp/TestMixedWorkflowsRecoverFromFourServerFaults3749442285/001/node-0/jetstream/$G/streams/WF_SIG/msgs/1.blk>, "\200\1\0\200!\0\0\0\0\0\0\0\345\377\221\304\257S\332\30<\0wf.sig.mix"..., 384, 7800 <unfinished ...>
661549 1790835816.269928 <... pwrite64 resumed>) = 126 (DELAYED) <0.025081>
661550 1790835816.271058 <... pwrite64 resumed>) = 131 (DELAYED) <0.025186>
661550 1790835816.271305 pwrite64(49</tmp/TestMixedWorkflowsRecoverFromFourServerFaults3749442285/001/node-0/jetstream/$SYS/_js_/C-R3F-SaO96lab/msgs/1.blk>, "~\0\0\0&\0\0\0\0\0\0\0\377#\345\307\257S\332\30\0\0000m6vARoZ\3\0"..., 126, 3995 <unfinished ...>
661553 1790835816.271823 newfstatat(AT_FDCWD</home/exedev/js-wf/integration>, "/tmp/TestMixedWorkflowsRecoverFromFourServerFaults3749442285/001/node-0/jetstream/$G/streams/WF_RUN/obs/WF_P_33/o.dat", {st_mode=S_IFREG|0600, st_size=8, ...}, AT_SYMLINK_NOFOLLOW) = 0 <0.000039>
661553 1790835816.272068 renameat(AT_FDCWD</home/exedev/js-wf/integration>, "/tmp/TestMixedWorkflowsRecoverFromFourServerFaults3749442285/001/node-0/jetstream/$G/streams/WF_RUN/obs/WF_P_33/o.dat.tmp", AT_FDCWD</home/exedev/js-wf/integration>, "/tmp/TestMixedWorkflowsRecoverFromFourServerFaults3749442285/001/node-0/jetstream/$G/streams/WF_RUN/obs/WF_P_33/o.dat") = 0 <0.000101>
661552 1790835816.272237 <... pwrite64 resumed>) = 108 (DELAYED) <0.025178>
661436 1790835816.272263 <... pwrite64 resumed>) = 81 (DELAYED) <0.025223>
661549 1790835816.272306 pwrite64(22</tmp/TestMixedWorkflowsRecoverFromFourServerFaults3749442285/001/node-0/jetstream/$G/streams/WF_RUN/msgs/1.blk>, "\203\0\0\200x\0\0\0\0\0\0\0J\341\277\307\257S\332\30\t\0wf.run.51+"..., 131, 21942 <unfinished ...>
661436 1790835816.272354 pwrite64(45</tmp/TestMixedWorkflowsRecoverFromFourServerFaults3749442285/001/node-0/jetstream/$SYS/_js_/C-R3F-w2Vf1jql/msgs/1.blk>, "z\0\0\0\n\0\0\0\0\0\0\0\6s\365\307\257S\332\30\0\0000m6vARoZ\3\0"..., 122, 969 <unfinished ...>
661556 1790835816.272382 <... pwrite64 resumed>) = 1318 (DELAYED) <0.025044>
661552 1790835816.272400 pwrite64(44</tmp/TestMixedWorkflowsRecoverFromFourServerFaults3749442285/001/node-0/jetstream/$SYS/_js_/C-R3F-MSuCeJue/msgs/1.blk>, "_\0\0\0\n\0\0\0\0\0\0\0\330\347\365\307\257S\332\30\0\0000m6vARoZ\3\0"..., 95, 996 <unfinished ...>
661406 1790835816.272825 <... pwrite64 resumed>) = 441 (DELAYED) <0.025065>
661417 1790835816.273727 <... pwrite64 resumed>) = 108 (DELAYED) <0.025005>
661417 1790835816.273992 pwrite64(46</tmp/TestMixedWorkflowsRecoverFromFourServerFaults3749442285/001/node-0/jetstream/$SYS/_js_/C-R3F-13UXQlAl/msgs/1.blk>, "\220\0\0\0\30\0\0\0\0\0\0\0\34\227\v\310\257S\332\30\0\0000m6vARoZ\2\0"..., 144, 2897 <unfinished ...>
661555 1790835816.274015 <... pwrite64 resumed>) = 108 (DELAYED) <0.025147>
661556 1790835816.274029 pwrite64(30</tmp/TestMixedWorkflowsRecoverFromFourServerFaults3749442285/001/node-0/jetstream/$G/streams/KV_WF_LEASE/msgs/1.blk>, "\237\0\0\200#\1\0\0\0\0\0\0\253fE\306\257S\332\30#\0$KV.WF_LEA"..., 159, 47581 <unfinished ...>
661555 1790835816.274063 pwrite64(50</tmp/TestMixedWorkflowsRecoverFromFourServerFaults3749442285/001/node-0/jetstream/$SYS/_js_/C-R3F-tuMA878n/msgs/1.blk>, "\220\0\0\0 \0\0\0\0\0\0\0\231\227\17\310\257S\332\30\0\0000m6vARoZ\3\0"..., 144, 3741 <unfinished ...>
661553 1790835816.278118 pwrite64(43</tmp/TestMixedWorkflowsRecoverFromFourServerFaults3749442285/001/node-0/jetstream/$SYS/_js_/C-R3F-0ktVzAXS/msgs/1.blk>, "[\0\0\0#\0\0\0\0\0\0\0\326\215M\310\257S\332\30\0\0000m6vARoZ\3\0"..., 91, 3948 <unfinished ...>
661406 1790835816.279256 pwrite64(24</tmp/TestMixedWorkflowsRecoverFromFourServerFaults3749442285/001/node-0/jetstream/$G/streams/WF_JRN/msgs/1.blk>, "@\1\0\200\253\0\0\0\0\0\0\0003\254\366\307\257S\332\30\34\0wf.jrn.mix"..., 320, 47071 <unfinished ...>
661554 1790835816.279376 newfstatat(AT_FDCWD</home/exedev/js-wf/integration>, "/tmp/TestMixedWorkflowsRecoverFromFourServerFaults3749442285/001/node-0/jetstream/$G/streams/WF_RUN/obs/WF_P_48/o.dat", {st_mode=S_IFREG|0600, st_size=16, ...}, AT_SYMLINK_NOFOLLOW) = 0 <0.000015>
661554 1790835816.279454 renameat(AT_FDCWD</home/exedev/js-wf/integration>, "/tmp/TestMixedWorkflowsRecoverFromFourServerFaults3749442285/001/node-0/jetstream/$G/streams/WF_RUN/obs/WF_P_48/o.dat.tmp", AT_FDCWD</home/exedev/js-wf/integration>, "/tmp/TestMixedWorkflowsRecoverFromFourServerFaults3749442285/001/node-0/jetstream/$G/streams/WF_RUN/obs/WF_P_48/o.dat") = 0 <0.000119>
661422 1790835816.283040 newfstatat(AT_FDCWD</home/exedev/js-wf/integration>, "/tmp/TestMixedWorkflowsRecoverFromFourServerFaults3749442285/001/node-0/jetstream/$G/streams/WF_RUN/obs/WF_P_12/o.dat", {st_mode=S_IFREG|0600, st_size=38, ...}, AT_SYMLINK_NOFOLLOW) = 0 <0.000061>
661422 1790835816.283149 renameat(AT_FDCWD</home/exedev/js-wf/integration>, "/tmp/TestMixedWorkflowsRecoverFromFourServerFaults3749442285/001/node-0/jetstream/$G/streams/WF_RUN/obs/WF_P_12/o.dat.tmp", AT_FDCWD</home/exedev/js-wf/integration>, "/tmp/TestMixedWorkflowsRecoverFromFourServerFaults3749442285/001/node-0/jetstream/$G/streams/WF_RUN/obs/WF_P_12/o.dat") = 0 <0.000084>
661437 1790835816.292322 <... pwrite64 resumed>) = 494 (DELAYED) <0.025020>
661437 1790835816.292430 --- SIGURG {si_signo=SIGURG, si_code=SI_TKILL, si_pid=661400, si_uid=1000} ---
661551 1790835816.293622 <... pwrite64 resumed>) = 384 (DELAYED) <0.025026>
661550 1790835816.296347 <... pwrite64 resumed>) = 126 (DELAYED) <0.025023>
661549 1790835816.297349 <... pwrite64 resumed>) = 131 (DELAYED) <0.025023>
661436 1790835816.297395 <... pwrite64 resumed>) = 122 (DELAYED) <0.025030>
661550 1790835816.297430 pwrite64(26</tmp/TestMixedWorkflowsRecoverFromFourServerFaults3749442285/001/node-0/jetstream/$G/streams/WF_SIG/msgs/1.blk>, "\200\1\0\200\"\0\0\0\0\0\0\0\nD\356\304\257S\332\30<\0wf.sig.mix"..., 768, 8184 <unfinished ...>
661422 1790835816.297450 newfstatat(AT_FDCWD</home/exedev/js-wf/integration>, "/tmp/TestMixedWorkflowsRecoverFromFourServerFaults3749442285/001/node-0/jetstream/$G/streams/WF_RUN/obs/WF_P_51/o.dat",  <unfinished ...>
661552 1790835816.297470 <... pwrite64 resumed>) = 95 (DELAYED) <0.025056>
661422 1790835816.297496 <... newfstatat resumed>{st_mode=S_IFREG|0600, st_size=8, ...}, AT_SYMLINK_NOFOLLOW) = 0 <0.000033>
661422 1790835816.297530 renameat(AT_FDCWD</home/exedev/js-wf/integration>, "/tmp/TestMixedWorkflowsRecoverFromFourServerFaults3749442285/001/node-0/jetstream/$G/streams/WF_RUN/obs/WF_P_51/o.dat.tmp", AT_FDCWD</home/exedev/js-wf/integration>, "/tmp/TestMixedWorkflowsRecoverFromFourServerFaults3749442285/001/node-0/jetstream/$G/streams/WF_RUN/obs/WF_P_51/o.dat") = 0 <0.000211>
661554 1790835816.298043 pwrite64(52</tmp/TestMixedWorkflowsRecoverFromFourServerFaults3749442285/001/node-0/jetstream/$SYS/_js_/C-R3F-msGDjRCn/msgs/1.blk>, "~\0\0\0\34\0\0\0\0\0\0\0\22\204}\311\257S\332\30\0\0000m6vARoZ\3\0"..., 126, 2917 <unfinished ...>
661556 1790835816.299481 <... pwrite64 resumed>) = 159 (DELAYED) <0.025439>
661555 1790835816.299499 <... pwrite64 resumed>) = 144 (DELAYED) <0.025426>
661436 1790835816.299522 pwrite64(22</tmp/TestMixedWorkflowsRecoverFromFourServerFaults3749442285/001/node-0/jetstream/$G/streams/WF_RUN/msgs/1.blk>, "\203\0\0\200y\0\0\0\0\0\0\0\206jC\311\257S\332\30\t\0wf.run.33+"..., 131, 22073 <unfinished ...>
661422 1790835816.299847 newfstatat(AT_FDCWD</home/exedev/js-wf/integration>, "/tmp/TestMixedWorkflowsRecoverFromFourServerFaults3749442285/001/node-0/jetstream/$G/streams/WF_RUN/obs/WF_P_10/o.dat", {st_mode=S_IFREG|0600, st_size=19, ...}, AT_SYMLINK_NOFOLLOW) = 0 <0.000031>
661422 1790835816.300024 renameat(AT_FDCWD</home/exedev/js-wf/integration>, "/tmp/TestMixedWorkflowsRecoverFromFourServerFaults3749442285/001/node-0/jetstream/$G/streams/WF_RUN/obs/WF_P_10/o.dat.tmp", AT_FDCWD</home/exedev/js-wf/integration>, "/tmp/TestMixedWorkflowsRecoverFromFourServerFaults3749442285/001/node-0/jetstream/$G/streams/WF_RUN/obs/WF_P_10/o.dat" <unfinished ...>
661417 1790835816.300109 <... pwrite64 resumed>) = 144 (DELAYED) <0.026100>
661422 1790835816.300139 <... renameat resumed>) = 0 <0.000095>
661422 1790835816.300967 newfstatat(AT_FDCWD</home/exedev/js-wf/integration>, "/tmp/TestMixedWorkflowsRecoverFromFourServerFaults3749442285/001/node-0/jetstream/$G/streams/WF_RUN/obs/WF_P_43/o.dat", {st_mode=S_IFREG|0600, st_size=19, ...}, AT_SYMLINK_NOFOLLOW) = 0 <0.000204>
661422 1790835816.301485 renameat(AT_FDCWD</home/exedev/js-wf/integration>, "/tmp/TestMixedWorkflowsRecoverFromFourServerFaults3749442285/001/node-0/jetstream/$G/streams/WF_RUN/obs/WF_P_43/o.dat.tmp", AT_FDCWD</home/exedev/js-wf/integration>, "/tmp/TestMixedWorkflowsRecoverFromFourServerFaults3749442285/001/node-0/jetstream/$G/streams/WF_RUN/obs/WF_P_43/o.dat") = 0 <0.000088>
661552 1790835816.302334 pwrite64(30</tmp/TestMixedWorkflowsRecoverFromFourServerFaults3749442285/001/node-0/jetstream/$G/streams/KV_WF_LEASE/msgs/1.blk>, "\240\0\0\200$\1\0\0\0\0\0\0\0i\377\307\257S\332\30#\0$KV.WF_LEA"..., 630, 47740 <unfinished ...>
661417 1790835816.303036 pwrite64(41</tmp/TestMixedWorkflowsRecoverFromFourServerFaults3749442285/001/node-0/jetstream/$SYS/_js_/C-R3F-9oj0nEIt/msgs/1.blk>, "Q\0\0\0\16\0\0\0\0\0\0\0H\234\311\311\257S\332\30\0\0000m6vARoZ\3\0"..., 81, 1377 <unfinished ...>
661553 1790835816.303194 <... pwrite64 resumed>) = 91 (DELAYED) <0.025051>
661549 1790835816.303325 pwrite64(43</tmp/TestMixedWorkflowsRecoverFromFourServerFaults3749442285/001/node-0/jetstream/$SYS/_js_/C-R3F-0ktVzAXS/msgs/1.blk>, "\241\0\0\0$\0\0\0\0\0\0\0\202\321\315\311\257S\332\30\0\0000m6vARoZ\3\0"..., 161, 4039 <unfinished ...>
661555 1790835816.303888 newfstatat(AT_FDCWD</home/exedev/js-wf/integration>, "/tmp/TestMixedWorkflowsRecoverFromFourServerFaults3749442285/001/node-0/jetstream/$G/streams/WF_RUN/obs/WF_P_27/o.dat", {st_mode=S_IFREG|0600, st_size=38, ...}, AT_SYMLINK_NOFOLLOW) = 0 <0.000027>
661555 1790835816.303958 renameat(AT_FDCWD</home/exedev/js-wf/integration>, "/tmp/TestMixedWorkflowsRecoverFromFourServerFaults3749442285/001/node-0/jetstream/$G/streams/WF_RUN/obs/WF_P_27/o.dat.tmp", AT_FDCWD</home/exedev/js-wf/integration>, "/tmp/TestMixedWorkflowsRecoverFromFourServerFaults3749442285/001/node-0/jetstream/$G/streams/WF_RUN/obs/WF_P_27/o.dat") = 0 <0.000105>
661406 1790835816.304274 <... pwrite64 resumed>) = 320 (DELAYED) <0.025000>
661422 1790835816.305756 pwrite64(47</tmp/TestMixedWorkflowsRecoverFromFourServerFaults3749442285/001/node-0/jetstream/$SYS/_js_/C-R3F-JUPhrGJa/msgs/1.blk>, "Q\0\0\0\24\0\0\0\0\0\0\0>H\363\311\257S\332\30\0\0000m6vARoZ\3\0"..., 81, 2208 <unfinished ...>
661551 1790835816.306214 pwrite64(24</tmp/TestMixedWorkflowsRecoverFromFourServerFaults3749442285/001/node-0/jetstream/$G/streams/WF_JRN/msgs/1.blk>, ">\1\0\200\254\0\0\0\0\0\0\0\257\214Y\310\257S\332\30\35\0wf.jrn.mix"..., 318, 47391 <unfinished ...>
661550 1790835816.322857 <... pwrite64 resumed>) = 768 (DELAYED) <0.025400>
661554 1790835816.323081 <... pwrite64 resumed>) = 126 (DELAYED) <0.025019>
661554 1790835816.323435 --- SIGURG {si_signo=SIGURG, si_code=SI_TKILL, si_pid=661400, si_uid=1000} ---
661436 1790835816.324561 <... pwrite64 resumed>) = 131 (DELAYED) <0.025024>
661417 1790835816.328071 <... pwrite64 resumed>) = 81 (DELAYED) <0.025010>
661417 1790835816.328161 pwrite64(41</tmp/TestMixedWorkflowsRecoverFromFourServerFaults3749442285/001/node-0/jetstream/$SYS/_js_/C-R3F-9oj0nEIt/msgs/1.blk>, "z\0\0\0\17\0\0\0\0\0\0\0\22\21I\313\257S\332\30\0\0000m6vARoZ\3\0"..., 122, 1458 <unfinished ...>
661554 1790835816.328215 pwrite64(22</tmp/TestMixedWorkflowsRecoverFromFourServerFaults3749442285/001/node-0/jetstream/$G/streams/WF_RUN/msgs/1.blk>, "\36\0\0\0t\0\0\0\0\0\0@\222k\205\263\257S\332\30\0\0w|\21oA\352H3\36\0"..., 60, 22204 <unfinished ...>
661549 1790835816.328373 <... pwrite64 resumed>) = 161 (DELAYED) <0.025032>
661422 1790835816.330797 <... pwrite64 resumed>) = 81 (DELAYED) <0.025014>
661552 1790835816.330848 <... pwrite64 resumed>) = 630 (DELAYED) <0.028497>
661422 1790835816.330904 pwrite64(47</tmp/TestMixedWorkflowsRecoverFromFourServerFaults3749442285/001/node-0/jetstream/$SYS/_js_/C-R3F-JUPhrGJa/msgs/1.blk>, "z\0\0\0\25\0\0\0\0\0\0\0\201\375r\313\257S\332\30\0\0000m6vARoZ\3\0"..., 122, 2289 <unfinished ...>
661551 1790835816.331242 <... pwrite64 resumed>) = 318 (DELAYED) <0.025009>
661549 1790835816.332452 pwrite64(30</tmp/TestMixedWorkflowsRecoverFromFourServerFaults3749442285/001/node-0/jetstream/$G/streams/KV_WF_LEASE/msgs/1.blk>, "\265\0\0\200(\1\0\0\0\0\0\0003\361\226\311\257S\332\30:\0$KV.WF_LEA"..., 510, 48370 <unfinished ...>
661406 1790835816.332954 pwrite64(24</tmp/TestMixedWorkflowsRecoverFromFourServerFaults3749442285/001/node-0/jetstream/$G/streams/WF_JRN/msgs/1.blk>, "\312\0\0\200\255\0\0\0\0\0\0\0\201:\350\311\257S\332\30\34\0wf.jrn.mix"..., 202, 47709 <unfinished ...>
661556 1790835816.336632 pwrite64(50</tmp/TestMixedWorkflowsRecoverFromFourServerFaults3749442285/001/node-0/jetstream/$SYS/_js_/C-R3F-tuMA878n/msgs/1.blk>, "l\0\0\0!\0\0\0\0\0\0\0\231{\312\313\257S\332\30\0\0000m6vARoZ\3\0"..., 108, 3885 <unfinished ...>
661417 1790835816.353218 <... pwrite64 resumed>) = 122 (DELAYED) <0.025021>
661554 1790835816.353284 <... pwrite64 resumed>) = 60 (DELAYED) <0.025057>
661550 1790835816.353943 newfstatat(AT_FDCWD</home/exedev/js-wf/integration>, "/tmp/TestMixedWorkflowsRecoverFromFourServerFaults3749442285/001/node-0/jetstream/$G/streams/WF_RUN/obs/WF_P_55/o.dat", {st_mode=S_IFREG|0600, st_size=19, ...}, AT_SYMLINK_NOFOLLOW) = 0 <0.000005>
661550 1790835816.353983 renameat(AT_FDCWD</home/exedev/js-wf/integration>, "/tmp/TestMixedWorkflowsRecoverFromFourServerFaults3749442285/001/node-0/jetstream/$G/streams/WF_RUN/obs/WF_P_55/o.dat.tmp", AT_FDCWD</home/exedev/js-wf/integration>, "/tmp/TestMixedWorkflowsRecoverFromFourServerFaults3749442285/001/node-0/jetstream/$G/streams/WF_RUN/obs/WF_P_55/o.dat") = 0 <0.000048>
661417 1790835816.354203 --- SIGURG {si_signo=SIGURG, si_code=SI_TKILL, si_pid=661400, si_uid=1000} ---
661550 1790835816.354422 newfstatat(AT_FDCWD</home/exedev/js-wf/integration>, "/tmp/TestMixedWorkflowsRecoverFromFourServerFaults3749442285/001/node-0/jetstream/$G/streams/WF_RUN/obs/WF_P_18/o.dat", {st_mode=S_IFREG|0600, st_size=36, ...}, AT_SYMLINK_NOFOLLOW) = 0 <0.000005>
661550 1790835816.354466 renameat(AT_FDCWD</home/exedev/js-wf/integration>, "/tmp/TestMixedWorkflowsRecoverFromFourServerFaults3749442285/001/node-0/jetstream/$G/streams/WF_RUN/obs/WF_P_18/o.dat.tmp", AT_FDCWD</home/exedev/js-wf/integration>, "/tmp/TestMixedWorkflowsRecoverFromFourServerFaults3749442285/001/node-0/jetstream/$G/streams/WF_RUN/obs/WF_P_18/o.dat") = 0 <0.000070>
661422 1790835816.355934 <... pwrite64 resumed>) = 122 (DELAYED) <0.025013>
661551 1790835816.358468 pwrite64(22</tmp/TestMixedWorkflowsRecoverFromFourServerFaults3749442285/001/node-0/jetstream/$G/streams/WF_RUN/msgs/1.blk>, "\36\0\0\0,\0\0\0\0\0\0@X\250x\333\253S\332\30\0\0\225\223<\333h\24\263\237\36\0"..., 60, 22264 <unfinished ...>
661550 1790835816.360966 newfstatat(AT_FDCWD</home/exedev/js-wf/integration>, "/tmp/TestMixedWorkflowsRecoverFromFourServerFaults3749442285/001/node-0/jetstream/$G/streams/WF_RUN/obs/WF_P_28/o.dat", {st_mode=S_IFREG|0600, st_size=21, ...}, AT_SYMLINK_NOFOLLOW) = 0 <0.000017>
661550 1790835816.361030 renameat(AT_FDCWD</home/exedev/js-wf/integration>, "/tmp/TestMixedWorkflowsRecoverFromFourServerFaults3749442285/001/node-0/jetstream/$G/streams/WF_RUN/obs/WF_P_28/o.dat.tmp", AT_FDCWD</home/exedev/js-wf/integration>, "/tmp/TestMixedWorkflowsRecoverFromFourServerFaults3749442285/001/node-0/jetstream/$G/streams/WF_RUN/obs/WF_P_28/o.dat") = 0 <0.000068>
661556 1790835816.361668 <... pwrite64 resumed>) = 108 (DELAYED) <0.025013>
661556 1790835816.361775 pwrite64(50</tmp/TestMixedWorkflowsRecoverFromFourServerFaults3749442285/001/node-0/jetstream/$SYS/_js_/C-R3F-tuMA878n/msgs/1.blk>, "\220\0\0\0\"\0\0\0\0\0\0\0Y\20J\315\257S\332\30\0\0000m6vARoZ\3\0"..., 144, 3993 <unfinished ...>
661549 1790835816.362108 <... pwrite64 resumed>) = 510 (DELAYED) <0.029624>
661406 1790835816.362263 <... pwrite64 resumed>) = 202 (DELAYED) <0.029290>
661554 1790835816.363562 pwrite64(24</tmp/TestMixedWorkflowsRecoverFromFourServerFaults3749442285/001/node-0/jetstream/$G/streams/WF_JRN/msgs/1.blk>, "@\1\0\200\256\0\0\0\0\0\0\0\202jy\313\257S\332\30\35\0wf.jrn.mix"..., 320, 47911 <unfinished ...>
661550 1790835816.366274 pwrite64(46</tmp/TestMixedWorkflowsRecoverFromFourServerFaults3749442285/001/node-0/jetstream/$SYS/_js_/C-R3F-13UXQlAl/msgs/1.blk>, "~\0\0\0\31\0\0\0\0\0\0\0\255\263\216\315\257S\332\30\0\0000m6vARoZ\2\0"..., 126, 3041 <unfinished ...>
661552 1790835816.366417 pwrite64(43</tmp/TestMixedWorkflowsRecoverFromFourServerFaults3749442285/001/node-0/jetstream/$SYS/_js_/C-R3F-0ktVzAXS/msgs/1.blk>, "[\0\0\0%\0\0\0\0\0\0\0\37b\217\315\257S\332\30\0\0000m6vARoZ\3\0"..., 91, 4200 <unfinished ...>
661406 1790835816.372591 newfstatat(AT_FDCWD</home/exedev/js-wf/integration>, "/tmp/TestMixedWorkflowsRecoverFromFourServerFaults3749442285/001/node-0/jetstream/$G/streams/WF_RUN/obs/WF_P_33/o.dat", {st_mode=S_IFREG|0600, st_size=16, ...}, AT_SYMLINK_NOFOLLOW) = 0 <0.000012>
661406 1790835816.372663 renameat(AT_FDCWD</home/exedev/js-wf/integration>, "/tmp/TestMixedWorkflowsRecoverFromFourServerFaults3749442285/001/node-0/jetstream/$G/streams/WF_RUN/obs/WF_P_33/o.dat.tmp", AT_FDCWD</home/exedev/js-wf/integration>, "/tmp/TestMixedWorkflowsRecoverFromFourServerFaults3749442285/001/node-0/jetstream/$G/streams/WF_RUN/obs/WF_P_33/o.dat") = 0 <0.000084>
661436 1790835816.380362 pwrite64(30</tmp/TestMixedWorkflowsRecoverFromFourServerFaults3749442285/001/node-0/jetstream/$G/streams/KV_WF_LEASE/msgs/1.blk>, "\265\0\0\200+\1\0\0\0\0\0\0\236\32v\313\257S\332\30:\0$KV.WF_LEA"..., 1557, 48880 <unfinished ...>
661551 1790835816.384236 <... pwrite64 resumed>) = 60 (DELAYED) <0.025736>
661549 1790835816.384544 newfstatat(AT_FDCWD</home/exedev/js-wf/integration>, "/tmp/TestMixedWorkflowsRecoverFromFourServerFaults3749442285/001/node-0/jetstream/$G/streams/WF_RUN/obs/WF_P_12/o.dat", {st_mode=S_IFREG|0600, st_size=41, ...}, AT_SYMLINK_NOFOLLOW) = 0 <0.000018>
661549 1790835816.384608 renameat(AT_FDCWD</home/exedev/js-wf/integration>, "/tmp/TestMixedWorkflowsRecoverFromFourServerFaults3749442285/001/node-0/jetstream/$G/streams/WF_RUN/obs/WF_P_12/o.dat.tmp", AT_FDCWD</home/exedev/js-wf/integration>, "/tmp/TestMixedWorkflowsRecoverFromFourServerFaults3749442285/001/node-0/jetstream/$G/streams/WF_RUN/obs/WF_P_12/o.dat") = 0 <0.000078>
661551 1790835816.385807 --- SIGURG {si_signo=SIGURG, si_code=SI_TKILL, si_pid=661400, si_uid=1000} ---
661551 1790835816.385962 --- SIGURG {si_signo=SIGURG, si_code=SI_TKILL, si_pid=661400, si_uid=1000} ---
661556 1790835816.386850 <... pwrite64 resumed>) = 144 (DELAYED) <0.025063>
661551 1790835816.387270 pwrite64(22</tmp/TestMixedWorkflowsRecoverFromFourServerFaults3749442285/001/node-0/jetstream/$G/streams/WF_RUN/msgs/1.blk>, "\36\0\0\0v\0\0\0\0\0\0@C\212v\265\257S\332\30\0\0\262\244\355`\325\337eX\36\0"..., 60, 22324 <unfinished ...>
661554 1790835816.388586 <... pwrite64 resumed>) = 320 (DELAYED) <0.025004>
661422 1790835816.390807 pwrite64(24</tmp/TestMixedWorkflowsRecoverFromFourServerFaults3749442285/001/node-0/jetstream/$G/streams/WF_JRN/msgs/1.blk>, "\313\0\0\200\257\0\0\0\0\0\0\0V\270W\315\257S\332\30\34\0wf.jrn.mix"..., 203, 48231 <unfinished ...>
661550 1790835816.391306 <... pwrite64 resumed>) = 126 (DELAYED) <0.024984>
661550 1790835816.391367 pwrite64(46</tmp/TestMixedWorkflowsRecoverFromFourServerFaults3749442285/001/node-0/jetstream/$SYS/_js_/C-R3F-13UXQlAl/msgs/1.blk>, "~\0\0\0\32\0\0\0\0\0\0\0>W\r\317\257S\332\30\0\0000m6vARoZ\2\0"..., 126, 3167 <unfinished ...>
661552 1790835816.391452 <... pwrite64 resumed>) = 91 (DELAYED) <0.025021>
661552 1790835816.391564 pwrite64(43</tmp/TestMixedWorkflowsRecoverFromFourServerFaults3749442285/001/node-0/jetstream/$SYS/_js_/C-R3F-0ktVzAXS/msgs/1.blk>, "\241\0\0\0&\0\0\0\0\0\0\0?>\20\317\257S\332\30\0\0000m6vARoZ\3\0"..., 161, 4291 <unfinished ...>
661406 1790835816.401312 newfstatat(AT_FDCWD</home/exedev/js-wf/integration>, "/tmp/TestMixedWorkflowsRecoverFromFourServerFaults3749442285/001/node-0/jetstream/$G/streams/WF_RUN/obs/WF_P_10/o.dat", {st_mode=S_IFREG|0600, st_size=16, ...}, AT_SYMLINK_NOFOLLOW) = 0 <0.000010>
661406 1790835816.401382 renameat(AT_FDCWD</home/exedev/js-wf/integration>, "/tmp/TestMixedWorkflowsRecoverFromFourServerFaults3749442285/001/node-0/jetstream/$G/streams/WF_RUN/obs/WF_P_10/o.dat.tmp", AT_FDCWD</home/exedev/js-wf/integration>, "/tmp/TestMixedWorkflowsRecoverFromFourServerFaults3749442285/001/node-0/jetstream/$G/streams/WF_RUN/obs/WF_P_10/o.dat") = 0 <0.000069>
661554 1790835816.404516 newfstatat(AT_FDCWD</home/exedev/js-wf/integration>, "/tmp/TestMixedWorkflowsRecoverFromFourServerFaults3749442285/001/node-0/jetstream/$G/streams/WF_RUN/obs/WF_P_27/o.dat", {st_mode=S_IFREG|0600, st_size=44, ...}, AT_SYMLINK_NOFOLLOW) = 0 <0.000007>
661554 1790835816.404573 renameat(AT_FDCWD</home/exedev/js-wf/integration>, "/tmp/TestMixedWorkflowsRecoverFromFourServerFaults3749442285/001/node-0/jetstream/$G/streams/WF_RUN/obs/WF_P_27/o.dat.tmp", AT_FDCWD</home/exedev/js-wf/integration>, "/tmp/TestMixedWorkflowsRecoverFromFourServerFaults3749442285/001/node-0/jetstream/$G/streams/WF_RUN/obs/WF_P_27/o.dat") = 0 <0.000067>
661436 1790835816.405410 <... pwrite64 resumed>) = 1557 (DELAYED) <0.025015>
661406 1790835816.405661 newfstatat(AT_FDCWD</home/exedev/js-wf/integration>, "/tmp/TestMixedWorkflowsRecoverFromFourServerFaults3749442285/001/node-0/jetstream/$G/streams/WF_RUN/obs/WF_P_43/o.dat", {st_mode=S_IFREG|0600, st_size=16, ...}, AT_SYMLINK_NOFOLLOW) = 0 <0.000011>
661406 1790835816.405703 renameat(AT_FDCWD</home/exedev/js-wf/integration>, "/tmp/TestMixedWorkflowsRecoverFromFourServerFaults3749442285/001/node-0/jetstream/$G/streams/WF_RUN/obs/WF_P_43/o.dat.tmp", AT_FDCWD</home/exedev/js-wf/integration>, "/tmp/TestMixedWorkflowsRecoverFromFourServerFaults3749442285/001/node-0/jetstream/$G/streams/WF_RUN/obs/WF_P_43/o.dat") = 0 <0.000057>
661436 1790835816.406879 --- SIGURG {si_signo=SIGURG, si_code=SI_TKILL, si_pid=661400, si_uid=1000} ---
661406 1790835816.409957 pwrite64(30</tmp/TestMixedWorkflowsRecoverFromFourServerFaults3749442285/001/node-0/jetstream/$G/streams/KV_WF_LEASE/msgs/1.blk>, "\237\0\0\2004\1\0\0\0\0\0\0\203:\374\317\257S\332\30\"\0$KV.WF_LEA"..., 159, 50437 <unfinished ...>
661551 1790835816.412330 <... pwrite64 resumed>) = 60 (DELAYED) <0.025035>
661551 1790835816.412466 pwrite64(50</tmp/TestMixedWorkflowsRecoverFromFourServerFaults3749442285/001/node-0/jetstream/$SYS/_js_/C-R3F-tuMA878n/msgs/1.blk>, "\263\0\0\0#\0\0\0\0\0\0\0vxO\320\257S\332\30\0\0000m6vARoZ\3\0"..., 179, 4137 <unfinished ...>
661422 1790835816.416035 <... pwrite64 resumed>) = 203 (DELAYED) <0.025205>
661552 1790835816.416937 <... pwrite64 resumed>) = 161 (DELAYED) <0.025360>
661550 1790835816.416950 <... pwrite64 resumed>) = 126 (DELAYED) <0.025571>
661550 1790835816.418444 pwrite64(24</tmp/TestMixedWorkflowsRecoverFromFourServerFaults3749442285/001/node-0/jetstream/$G/streams/WF_JRN/msgs/1.blk>, "@\1\0\200\260\0\0\0\0\0\0\0r\371\363\316\257S\332\30\35\0wf.jrn.mix"..., 320, 48434 <unfinished ...>
661406 1790835816.434987 <... pwrite64 resumed>) = 159 (DELAYED) <0.024996>
661551 1790835816.437554 <... pwrite64 resumed>) = 179 (DELAYED) <0.025070>
661552 1790835816.439180 pwrite64(30</tmp/TestMixedWorkflowsRecoverFromFourServerFaults3749442285/001/node-0/jetstream/$G/streams/KV_WF_LEASE/msgs/1.blk>, "\240\0\0\2005\1\0\0\0\0\0\0\200\336\251\321\257S\332\30#\0$KV.WF_LEA"..., 709, 50596 <unfinished ...>
661422 1790835816.440021 pwrite64(46</tmp/TestMixedWorkflowsRecoverFromFourServerFaults3749442285/001/node-0/jetstream/$SYS/_js_/C-R3F-13UXQlAl/msgs/1.blk>, "l\0\0\0\33\0\0\0\0\0\0\0\24\304\362\321\257S\332\30\0\0000m6vARoZ\2\0"..., 108, 3293 <unfinished ...>
661550 1790835816.443469 <... pwrite64 resumed>) = 320 (DELAYED) <0.025006>
661549 1790835816.448685 pwrite64(24</tmp/TestMixedWorkflowsRecoverFromFourServerFaults3749442285/001/node-0/jetstream/$G/streams/WF_JRN/msgs/1.blk>, "@\1\0\200\261\0\0\0\0\0\0\0\16Y\207\320\257S\332\30\34\0wf.jrn.mix"..., 958, 48754 <unfinished ...>
661550 1790835816.455178 newfstatat(AT_FDCWD</home/exedev/js-wf/integration>, "/tmp/TestMixedWorkflowsRecoverFromFourServerFaults3749442285/001/node-0/jetstream/$G/streams/WF_RUN/obs/WF_P_55/o.dat", {st_mode=S_IFREG|0600, st_size=16, ...}, AT_SYMLINK_NOFOLLOW) = 0 <0.000026>
661550 1790835816.455260 renameat(AT_FDCWD</home/exedev/js-wf/integration>, "/tmp/TestMixedWorkflowsRecoverFromFourServerFaults3749442285/001/node-0/jetstream/$G/streams/WF_RUN/obs/WF_P_55/o.dat.tmp", AT_FDCWD</home/exedev/js-wf/integration>, "/tmp/TestMixedWorkflowsRecoverFromFourServerFaults3749442285/001/node-0/jetstream/$G/streams/WF_RUN/obs/WF_P_55/o.dat" <unfinished ...>
661551 1790835816.455350 newfstatat(AT_FDCWD</home/exedev/js-wf/integration>, "/tmp/TestMixedWorkflowsRecoverFromFourServerFaults3749442285/001/node-0/jetstream/$G/streams/WF_RUN/obs/WF_P_18/o.dat", {st_mode=S_IFREG|0600, st_size=39, ...}, AT_SYMLINK_NOFOLLOW) = 0 <0.000008>
661551 1790835816.455397 renameat(AT_FDCWD</home/exedev/js-wf/integration>, "/tmp/TestMixedWorkflowsRecoverFromFourServerFaults3749442285/001/node-0/jetstream/$G/streams/WF_RUN/obs/WF_P_18/o.dat.tmp", AT_FDCWD</home/exedev/js-wf/integration>, "/tmp/TestMixedWorkflowsRecoverFromFourServerFaults3749442285/001/node-0/jetstream/$G/streams/WF_RUN/obs/WF_P_18/o.dat" <unfinished ...>
661550 1790835816.455410 <... renameat resumed>) = 0 <0.000138>
661551 1790835816.455465 <... renameat resumed>) = 0 <0.000056>
661554 1790835816.461606 newfstatat(AT_FDCWD</home/exedev/js-wf/integration>, "/tmp/TestMixedWorkflowsRecoverFromFourServerFaults3749442285/001/node-0/jetstream/$G/streams/WF_RUN/obs/WF_P_28/o.dat", {st_mode=S_IFREG|0600, st_size=18, ...}, AT_SYMLINK_NOFOLLOW) = 0 <0.000012>
661554 1790835816.461665 renameat(AT_FDCWD</home/exedev/js-wf/integration>, "/tmp/TestMixedWorkflowsRecoverFromFourServerFaults3749442285/001/node-0/jetstream/$G/streams/WF_RUN/obs/WF_P_28/o.dat.tmp", AT_FDCWD</home/exedev/js-wf/integration>, "/tmp/TestMixedWorkflowsRecoverFromFourServerFaults3749442285/001/node-0/jetstream/$G/streams/WF_RUN/obs/WF_P_28/o.dat") = 0 <0.000106>
661552 1790835816.464233 <... pwrite64 resumed>) = 709 (DELAYED) <0.025026>
661422 1790835816.465682 <... pwrite64 resumed>) = 108 (DELAYED) <0.025645>
661422 1790835816.466126 pwrite64(46</tmp/TestMixedWorkflowsRecoverFromFourServerFaults3749442285/001/node-0/jetstream/$SYS/_js_/C-R3F-13UXQlAl/msgs/1.blk>, "\220\0\0\0\34\0\0\0\0\0\0\0\212K}\323\257S\332\30\0\0000m6vARoZ\2\0"..., 144, 3401 <unfinished ...>
661550 1790835816.467223 pwrite64(50</tmp/TestMixedWorkflowsRecoverFromFourServerFaults3749442285/001/node-0/jetstream/$SYS/_js_/C-R3F-tuMA878n/msgs/1.blk>, "l\0\0\0$\0\0\0\0\0\0\0\246\361\222\323\257S\332\30\0\0000m6vARoZ\3\0"..., 108, 4316 <unfinished ...>
661552 1790835816.468332 pwrite64(43</tmp/TestMixedWorkflowsRecoverFromFourServerFaults3749442285/001/node-0/jetstream/$SYS/_js_/C-R3F-0ktVzAXS/msgs/1.blk>, "\263\0\0\0'\0\0\0\0\0\0\0\21\27\244\323\257S\332\30\0\0000m6vARoZ\3\0"..., 179, 4452 <unfinished ...>
661406 1790835816.469287 pwrite64(30</tmp/TestMixedWorkflowsRecoverFromFourServerFaults3749442285/001/node-0/jetstream/$G/streams/KV_WF_LEASE/msgs/1.blk>, "\273\0\0\2009\1\0\0\0\0\0\0\247dm\323\257S\332\30?\0$KV.WF_LEA"..., 1086, 51305 <unfinished ...>
661549 1790835816.476610 <... pwrite64 resumed>) = 958 (DELAYED) <0.027868>
661551 1790835816.483102 pwrite64(24</tmp/TestMixedWorkflowsRecoverFromFourServerFaults3749442285/001/node-0/jetstream/$G/streams/WF_JRN/msgs/1.blk>, "@\1\0\200\264\0\0\0\0\0\0\0\277\3600\324\257S\332\30\35\0wf.jrn.mix"..., 639, 49712 <unfinished ...>
661554 1790835816.485550 newfstatat(AT_FDCWD</home/exedev/js-wf/integration>, "/tmp/TestMixedWorkflowsRecoverFromFourServerFaults3749442285/001/node-0/jetstream/$G/streams/WF_RUN/obs/WF_P_12/o.dat", {st_mode=S_IFREG|0600, st_size=44, ...}, AT_SYMLINK_NOFOLLOW) = 0 <0.000018>
661554 1790835816.485602 renameat(AT_FDCWD</home/exedev/js-wf/integration>, "/tmp/TestMixedWorkflowsRecoverFromFourServerFaults3749442285/001/node-0/jetstream/$G/streams/WF_RUN/obs/WF_P_12/o.dat.tmp", AT_FDCWD</home/exedev/js-wf/integration>, "/tmp/TestMixedWorkflowsRecoverFromFourServerFaults3749442285/001/node-0/jetstream/$G/streams/WF_RUN/obs/WF_P_12/o.dat") = 0 <0.000071>
661422 1790835816.491164 <... pwrite64 resumed>) = 144 (DELAYED) <0.025018>
661550 1790835816.492403 <... pwrite64 resumed>) = 108 (DELAYED) <0.025154>
661550 1790835816.492474 pwrite64(50</tmp/TestMixedWorkflowsRecoverFromFourServerFaults3749442285/001/node-0/jetstream/$SYS/_js_/C-R3F-tuMA878n/msgs/1.blk>, "\220\0\0\0%\0\0\0\0\0\0\0\255i\24\325\257S\332\30\0\0000m6vARoZ\3\0"..., 144, 4424 <unfinished ...>
661552 1790835816.493354 <... pwrite64 resumed>) = 179 (DELAYED) <0.025004>
661406 1790835816.494314 <... pwrite64 resumed>) = 1086 (DELAYED) <0.025016>
661554 1790835816.499260 pwrite64(46</tmp/TestMixedWorkflowsRecoverFromFourServerFaults3749442285/001/node-0/jetstream/$SYS/_js_/C-R3F-13UXQlAl/msgs/1.blk>, "[\0\0\0\35\0\0\0\0\0\0\0\33\367{\325\257S\332\30\0\0000m6vARoZ\2\0"..., 91, 3545 <unfinished ...>
661417 1790835816.499509 pwrite64(43</tmp/TestMixedWorkflowsRecoverFromFourServerFaults3749442285/001/node-0/jetstream/$SYS/_js_/C-R3F-0ktVzAXS/msgs/1.blk>, "l\0\0\0(\0\0\0\0\0\0\0\235\266\177\325\257S\332\30\0\0000m6vARoZ\3\0"..., 108, 4631 <unfinished ...>
661555 1790835816.503125 pwrite64(30</tmp/TestMixedWorkflowsRecoverFromFourServerFaults3749442285/001/node-0/jetstream/$G/streams/KV_WF_LEASE/msgs/1.blk>, "\237\0\0\200?\1\0\0\0\0\0\0t\314\210\323\257S\332\30\"\0$KV.WF_LEA"..., 2120, 52391 <unfinished ...>
661406 1790835816.507106 newfstatat(AT_FDCWD</home/exedev/js-wf/integration>, "/tmp/TestMixedWorkflowsRecoverFromFourServerFaults3749442285/001/node-0/jetstream/$G/streams/WF_RUN/obs/WF_P_27/o.dat", {st_mode=S_IFREG|0600, st_size=47, ...}, AT_SYMLINK_NOFOLLOW) = 0 <0.000079>
661406 1790835816.507232 renameat(AT_FDCWD</home/exedev/js-wf/integration>, "/tmp/TestMixedWorkflowsRecoverFromFourServerFaults3749442285/001/node-0/jetstream/$G/streams/WF_RUN/obs/WF_P_27/o.dat.tmp", AT_FDCWD</home/exedev/js-wf/integration>, "/tmp/TestMixedWorkflowsRecoverFromFourServerFaults3749442285/001/node-0/jetstream/$G/streams/WF_RUN/obs/WF_P_27/o.dat") = 0 <0.000100>
661551 1790835816.508138 <... pwrite64 resumed>) = 639 (DELAYED) <0.025003>
661551 1790835816.512257 pwrite64(24</tmp/TestMixedWorkflowsRecoverFromFourServerFaults3749442285/001/node-0/jetstream/$G/streams/WF_JRN/msgs/1.blk>, "\313\0\0\200\266\0\0\0\0\0\0\0\242\342\23\326\257S\332\30\34\0wf.jrn.mix"..., 1492, 50351 <unfinished ...>
661550 1790835816.517520 <... pwrite64 resumed>) = 144 (DELAYED) <0.025032>
661554 1790835816.524288 <... pwrite64 resumed>) = 91 (DELAYED) <0.025005>
661554 1790835816.524363 pwrite64(46</tmp/TestMixedWorkflowsRecoverFromFourServerFaults3749442285/001/node-0/jetstream/$SYS/_js_/C-R3F-13UXQlAl/msgs/1.blk>, "z\0\0\0\36\0\0\0\0\0\0\0 \3\373\326\257S\332\30\0\0000m6vARoZ\2\0"..., 122, 3636 <unfinished ...>
661417 1790835816.524539 <... pwrite64 resumed>) = 108 (DELAYED) <0.025016>
661417 1790835816.524721 pwrite64(43</tmp/TestMixedWorkflowsRecoverFromFourServerFaults3749442285/001/node-0/jetstream/$SYS/_js_/C-R3F-0ktVzAXS/msgs/1.blk>, "\220\0\0\0)\0\0\0\0\0\0\0qZ\0\327\257S\332\30\0\0000m6vARoZ\3\0"..., 144, 4739 <unfinished ...>
661555 1790835816.528166 <... pwrite64 resumed>) = 2120 (DELAYED) <0.025016>
661406 1790835816.532510 pwrite64(30</tmp/TestMixedWorkflowsRecoverFromFourServerFaults3749442285/001/node-0/jetstream/$G/streams/KV_WF_LEASE/msgs/1.blk>, "\237\0\0\200K\1\0\0\0\0\0\0\225/6\327\257S\332\30\"\0$KV.WF_LEA"..., 1218, 54511 <unfinished ...>
661550 1790835816.532535 pwrite64(50</tmp/TestMixedWorkflowsRecoverFromFourServerFaults3749442285/001/node-0/jetstream/$SYS/_js_/C-R3F-tuMA878n/msgs/1.blk>, "l\0\0\0&\0\0\0\0\0\0\0006\214w\327\257S\332\30\0\0000m6vARoZ\3\0"..., 108, 4568 <unfinished ...>
661551 1790835816.537295 <... pwrite64 resumed>) = 1492 (DELAYED) <0.025008>
661554 1790835816.549674 <... pwrite64 resumed>) = 122 (DELAYED) <0.025294>
661417 1790835816.549769 <... pwrite64 resumed>) = 144 (DELAYED) <0.025035>
661555 1790835816.554943 pwrite64(24</tmp/TestMixedWorkflowsRecoverFromFourServerFaults3749442285/001/node-0/jetstream/$G/streams/WF_JRN/msgs/1.blk>, "?\1\0\200\273\0\0\0\0\0\0\0:\363&\326\257S\332\30\35\0wf.jrn.mix"..., 3199, 51843 <unfinished ...>
661551 1790835816.557197 newfstatat(AT_FDCWD</home/exedev/js-wf/integration>, "/tmp/TestMixedWorkflowsRecoverFromFourServerFaults3749442285/001/node-0/jetstream/$G/streams/WF_RUN/obs/WF_P_18/o.dat", {st_mode=S_IFREG|0600, st_size=42, ...}, AT_SYMLINK_NOFOLLOW) = 0 <0.000012>
661551 1790835816.557263 renameat(AT_FDCWD</home/exedev/js-wf/integration>, "/tmp/TestMixedWorkflowsRecoverFromFourServerFaults3749442285/001/node-0/jetstream/$G/streams/WF_RUN/obs/WF_P_18/o.dat.tmp", AT_FDCWD</home/exedev/js-wf/integration>, "/tmp/TestMixedWorkflowsRecoverFromFourServerFaults3749442285/001/node-0/jetstream/$G/streams/WF_RUN/obs/WF_P_18/o.dat") = 0 <0.000085>
661550 1790835816.557570 <... pwrite64 resumed>) = 108 (DELAYED) <0.025026>
661406 1790835816.557641 <... pwrite64 resumed>) = 1218 (DELAYED) <0.025110>
661550 1790835816.557656 pwrite64(50</tmp/TestMixedWorkflowsRecoverFromFourServerFaults3749442285/001/node-0/jetstream/$SYS/_js_/C-R3F-tuMA878n/msgs/1.blk>, "\220\0\0\0'\0\0\0\0\0\0\0\316\t\367\330\257S\332\30\0\0000m6vARoZ\3\0"..., 144, 4676 <unfinished ...>
661417 1790835816.560522 pwrite64(52</tmp/TestMixedWorkflowsRecoverFromFourServerFaults3749442285/001/node-0/jetstream/$SYS/_js_/C-R3F-msGDjRCn/msgs/1.blk>, "l\0\0\0\35\0\0\0\0\0\0\0007a\"\331\257S\332\30\0\0000m6vARoZ\3\0"..., 108, 3043 <unfinished ...>
661551 1790835816.561961 pwrite64(43</tmp/TestMixedWorkflowsRecoverFromFourServerFaults3749442285/001/node-0/jetstream/$SYS/_js_/C-R3F-0ktVzAXS/msgs/1.blk>, "l\0\0\0*\0\0\0\0\0\0\0\264\2418\331\257S\332\30\0\0000m6vARoZ\3\0"..., 108, 4883 <unfinished ...>
661406 1790835816.566668 pwrite64(30</tmp/TestMixedWorkflowsRecoverFromFourServerFaults3749442285/001/node-0/jetstream/$G/streams/KV_WF_LEASE/msgs/1.blk>, "\237\0\0\200R\1\0\0\0\0\0\0\36|\367\330\257S\332\30#\0$KV.WF_LEA"..., 2102, 55729 <unfinished ...>
661555 1790835816.582180 <... pwrite64 resumed>) = 3199 (DELAYED) <0.027183>
661555 1790835816.582432 --- SIGURG {si_signo=SIGURG, si_code=SI_TKILL, si_pid=661400, si_uid=1000} ---
661550 1790835816.582843 <... pwrite64 resumed>) = 144 (DELAYED) <0.025174>
661555 1790835816.582887 --- SIGURG {si_signo=SIGURG, si_code=SI_TKILL, si_pid=661400, si_uid=1000} ---
661417 1790835816.585996 <... pwrite64 resumed>) = 108 (DELAYED) <0.025449>
661556 1790835816.586718 pwrite64(52</tmp/TestMixedWorkflowsRecoverFromFourServerFaults3749442285/001/node-0/jetstream/$SYS/_js_/C-R3F-msGDjRCn/msgs/1.blk>, "Q\0\0\0\36\0\0\0\0\0\0\0\2367\252\332\257S\332\30\0\0000m6vARoZ\3\0"..., 81, 3151 <unfinished ...>
661551 1790835816.587044 <... pwrite64 resumed>) = 108 (DELAYED) <0.025054>
661551 1790835816.587101 pwrite64(43</tmp/TestMixedWorkflowsRecoverFromFourServerFaults3749442285/001/node-0/jetstream/$SYS/_js_/C-R3F-0ktVzAXS/msgs/1.blk>, "\220\0\0\0+\0\0\0\0\0\0\0\f\34\270\332\257S\332\30\0\0000m6vARoZ\3\0"..., 144, 4991 <unfinished ...>
661417 1790835816.587210 newfstatat(AT_FDCWD</home/exedev/js-wf/integration>, "/tmp/TestMixedWorkflowsRecoverFromFourServerFaults3749442285/001/node-0/jetstream/$G/streams/WF_RUN/obs/WF_P_12/o.dat", {st_mode=S_IFREG|0600, st_size=50, ...}, AT_SYMLINK_NOFOLLOW) = 0 <0.000016>
661417 1790835816.587262 renameat(AT_FDCWD</home/exedev/js-wf/integration>, "/tmp/TestMixedWorkflowsRecoverFromFourServerFaults3749442285/001/node-0/jetstream/$G/streams/WF_RUN/obs/WF_P_12/o.dat.tmp", AT_FDCWD</home/exedev/js-wf/integration>, "/tmp/TestMixedWorkflowsRecoverFromFourServerFaults3749442285/001/node-0/jetstream/$G/streams/WF_RUN/obs/WF_P_12/o.dat") = 0 <0.000136>
661406 1790835816.591728 <... pwrite64 resumed>) = 2102 (DELAYED) <0.025023>
661554 1790835816.592427 pwrite64(24</tmp/TestMixedWorkflowsRecoverFromFourServerFaults3749442285/001/node-0/jetstream/$G/streams/WF_JRN/msgs/1.blk>, "3\1\0\200\307\0\0\0\0\0\0\0w\367\202\332\257S\332\0304\0wf.jrn.mix"..., 3502, 55042 <unfinished ...>
661555 1790835816.593759 pwrite64(30</tmp/TestMixedWorkflowsRecoverFromFourServerFaults3749442285/001/node-0/jetstream/$G/streams/KV_WF_LEASE/msgs/1.blk>, "\267\0\0\200^\1\0\0\0\0\0\0000\334\0\333\257S\332\30:\0$KV.WF_LEA"..., 1920, 57831 <unfinished ...>
661406 1790835816.594497 pwrite64(50</tmp/TestMixedWorkflowsRecoverFromFourServerFaults3749442285/001/node-0/jetstream/$SYS/_js_/C-R3F-tuMA878n/msgs/1.blk>, "[\0\0\0(\0\0\0\0\0\0\0\234\v)\333\257S\332\30\0\0000m6vARoZ\3\0"..., 91, 4820 <unfinished ...>
661552 1790835816.597358 pwrite64(48</tmp/TestMixedWorkflowsRecoverFromFourServerFaults3749442285/001/node-0/jetstream/$SYS/_js_/C-R3F-5zk9g5oE/msgs/1.blk>, "z\0\0\0\31\0\0\0\0\0\0\0n\266T\333\257S\332\30\0\0000m6vARoZ\3\0"..., 122, 2563 <unfinished ...>
661422 1790835816.608721 newfstatat(AT_FDCWD</home/exedev/js-wf/integration>, "/tmp/TestMixedWorkflowsRecoverFromFourServerFaults3749442285/001/node-0/jetstream/$G/streams/WF_RUN/obs/WF_P_27/o.dat", {st_mode=S_IFREG|0600, st_size=53, ...}, AT_SYMLINK_NOFOLLOW) = 0 <0.000014>
661422 1790835816.610385 renameat(AT_FDCWD</home/exedev/js-wf/integration>, "/tmp/TestMixedWorkflowsRecoverFromFourServerFaults3749442285/001/node-0/jetstream/$G/streams/WF_RUN/obs/WF_P_27/o.dat.tmp", AT_FDCWD</home/exedev/js-wf/integration>, "/tmp/TestMixedWorkflowsRecoverFromFourServerFaults3749442285/001/node-0/jetstream/$G/streams/WF_RUN/obs/WF_P_27/o.dat") = 0 <0.000157>
661556 1790835816.613493 <... pwrite64 resumed>) = 81 (DELAYED) <0.026749>
661551 1790835816.613514 <... pwrite64 resumed>) = 144 (DELAYED) <0.026401>
661556 1790835816.613660 pwrite64(52</tmp/TestMixedWorkflowsRecoverFromFourServerFaults3749442285/001/node-0/jetstream/$SYS/_js_/C-R3F-msGDjRCn/msgs/1.blk>, "t\0\0\0\37\0\0\0\0\0\0\0\24\1M\334\257S\332\30\0\0000m6vARoZ\3\0"..., 116, 3232 <unfinished ...>
661554 1790835816.617499 <... pwrite64 resumed>) = 3502 (DELAYED) <0.025049>
661554 1790835816.617603 --- SIGURG {si_signo=SIGURG, si_code=SI_TKILL, si_pid=661400, si_uid=1000} ---
661554 1790835816.618002 --- SIGURG {si_signo=SIGURG, si_code=SI_TKILL, si_pid=661400, si_uid=1000} ---
661406 1790835816.619615 <... pwrite64 resumed>) = 91 (DELAYED) <0.025098>
661406 1790835816.619656 pwrite64(50</tmp/TestMixedWorkflowsRecoverFromFourServerFaults3749442285/001/node-0/jetstream/$SYS/_js_/C-R3F-tuMA878n/msgs/1.blk>, "\241\0\0\0)\0\0\0\0\0\0\0=\35\251\334\257S\332\30\0\0000m6vARoZ\3\0"..., 161, 4911 <unfinished ...>
661555 1790835816.620229 <... pwrite64 resumed>) = 1920 (DELAYED) <0.026449>
661552 1790835816.622386 <... pwrite64 resumed>) = 122 (DELAYED) <0.024995>
661552 1790835816.623574 pwrite64(24</tmp/TestMixedWorkflowsRecoverFromFourServerFaults3749442285/001/node-0/jetstream/$G/streams/WF_JRN/msgs/1.blk>, "A\1\0\200\322\0\0\0\0\0\0\0\277\360\232\334\257S\332\30\34\0wf.jrn.mix"..., 893, 58544 <unfinished ...>
661551 1790835816.625176 pwrite64(48</tmp/TestMixedWorkflowsRecoverFromFourServerFaults3749442285/001/node-0/jetstream/$SYS/_js_/C-R3F-5zk9g5oE/msgs/1.blk>, "l\0\0\0\32\0\0\0\0\0\0\0! \375\334\257S\332\30\0\0000m6vARoZ\3\0"..., 108, 2685 <unfinished ...>
661417 1790835816.625258 newfstatat(AT_FDCWD</home/exedev/js-wf/integration>, "/tmp/TestMixedWorkflowsRecoverFromFourServerFaults3749442285/001/node-0/jetstream/$G/streams/WF_RUN/obs/WF_P_15/o.dat", {st_mode=S_IFREG|0600, st_size=8, ...}, AT_SYMLINK_NOFOLLOW) = 0 <0.000012>
661417 1790835816.625339 renameat(AT_FDCWD</home/exedev/js-wf/integration>, "/tmp/TestMixedWorkflowsRecoverFromFourServerFaults3749442285/001/node-0/jetstream/$G/streams/WF_RUN/obs/WF_P_15/o.dat.tmp", AT_FDCWD</home/exedev/js-wf/integration>, "/tmp/TestMixedWorkflowsRecoverFromFourServerFaults3749442285/001/node-0/jetstream/$G/streams/WF_RUN/obs/WF_P_15/o.dat") = 0 <0.000679>
661554 1790835816.627529 pwrite64(43</tmp/TestMixedWorkflowsRecoverFromFourServerFaults3749442285/001/node-0/jetstream/$SYS/_js_/C-R3F-0ktVzAXS/msgs/1.blk>, "l\0\0\0,\0\0\0\0\0\0\0\f%!\335\257S\332\30\0\0000m6vARoZ\3\0"..., 108, 5135 <unfinished ...>
661550 1790835816.629008 pwrite64(49</tmp/TestMixedWorkflowsRecoverFromFourServerFaults3749442285/001/node-0/jetstream/$SYS/_js_/C-R3F-SaO96lab/msgs/1.blk>, "Q\0\0\0'\0\0\0\0\0\0\0\366\2277\335\257S\332\30\0\0000m6vARoZ\3\0"..., 81, 4121 <unfinished ...>
661556 1790835816.638901 <... pwrite64 resumed>) = 116 (DELAYED) <0.025220>
661549 1790835816.640950 pwrite64(30</tmp/TestMixedWorkflowsRecoverFromFourServerFaults3749442285/001/node-0/jetstream/$G/streams/KV_WF_LEASE/msgs/1.blk>, "\237\0\0\200i\1\0\0\0\0\0\0,E\270\334\257S\332\30\"\0$KV.WF_LEA"..., 1041, 59751 <unfinished ...>
661555 1790835816.643030 newfstatat(AT_FDCWD</home/exedev/js-wf/integration>, "/tmp/TestMixedWorkflowsRecoverFromFourServerFaults3749442285/001/node-0/jetstream/$G/streams/WF_RUN/obs/WF_P_33/o.dat", {st_mode=S_IFREG|0600, st_size=19, ...}, AT_SYMLINK_NOFOLLOW) = 0 <0.000020>
661555 1790835816.643111 renameat(AT_FDCWD</home/exedev/js-wf/integration>, "/tmp/TestMixedWorkflowsRecoverFromFourServerFaults3749442285/001/node-0/jetstream/$G/streams/WF_RUN/obs/WF_P_33/o.dat.tmp", AT_FDCWD</home/exedev/js-wf/integration>, "/tmp/TestMixedWorkflowsRecoverFromFourServerFaults3749442285/001/node-0/jetstream/$G/streams/WF_RUN/obs/WF_P_33/o.dat") = 0 <0.000086>
661436 1790835816.643757 pwrite64(22</tmp/TestMixedWorkflowsRecoverFromFourServerFaults3749442285/001/node-0/jetstream/$G/streams/WF_RUN/msgs/1.blk>, "\36\0\0\0w\0\0\0\0\0\0@\4\353=\306\257S\332\30\0\0\223\313\317\370\216\232#\311\36\0"..., 60, 22384 <unfinished ...>
661406 1790835816.644692 <... pwrite64 resumed>) = 161 (DELAYED) <0.025024>
661552 1790835816.648607 <... pwrite64 resumed>) = 893 (DELAYED) <0.025009>
661551 1790835816.650229 <... pwrite64 resumed>) = 108 (DELAYED) <0.025036>
661554 1790835816.654666 <... pwrite64 resumed>) = 108 (DELAYED) <0.027116>
661550 1790835816.654693 <... pwrite64 resumed>) = 81 (DELAYED) <0.025666>
661550 1790835816.654867 pwrite64(49</tmp/TestMixedWorkflowsRecoverFromFourServerFaults3749442285/001/node-0/jetstream/$SYS/_js_/C-R3F-SaO96lab/msgs/1.blk>, "l\0\0\0(\0\0\0\0\0\0\0\223(\302\336\257S\332\30\0\0000m6vARoZ\3\0"..., 108, 4202 <unfinished ...>
661554 1790835816.654931 pwrite64(43</tmp/TestMixedWorkflowsRecoverFromFourServerFaults3749442285/001/node-0/jetstream/$SYS/_js_/C-R3F-0ktVzAXS/msgs/1.blk>, "\220\0\0\0-\0\0\0\0\0\0\0\353)\303\336\257S\332\30\0\0000m6vARoZ\3\0"..., 144, 5243 <unfinished ...>
661551 1790835816.659927 newfstatat(AT_FDCWD</home/exedev/js-wf/integration>, "/tmp/TestMixedWorkflowsRecoverFromFourServerFaults3749442285/001/node-0/jetstream/$G/streams/WF_RUN/obs/WF_P_18/o.dat", {st_mode=S_IFREG|0600, st_size=45, ...}, AT_SYMLINK_NOFOLLOW) = 0 <0.000282>
661551 1790835816.660382 renameat(AT_FDCWD</home/exedev/js-wf/integration>, "/tmp/TestMixedWorkflowsRecoverFromFourServerFaults3749442285/001/node-0/jetstream/$G/streams/WF_RUN/obs/WF_P_18/o.dat.tmp", AT_FDCWD</home/exedev/js-wf/integration>, "/tmp/TestMixedWorkflowsRecoverFromFourServerFaults3749442285/001/node-0/jetstream/$G/streams/WF_RUN/obs/WF_P_18/o.dat") = 0 <0.000196>
661549 1790835816.666845 <... pwrite64 resumed>) = 1041 (DELAYED) <0.025866>
661436 1790835816.668797 <... pwrite64 resumed>) = 60 (DELAYED) <0.025015>
661549 1790835816.670231 pwrite64(30</tmp/TestMixedWorkflowsRecoverFromFourServerFaults3749442285/001/node-0/jetstream/$G/streams/KV_WF_LEASE/msgs/1.blk>, "\237\0\0\200o\1\0\0\0\0\0\0}\231{\337\257S\332\30\"\0$KV.WF_LEA"..., 1759, 60792 <unfinished ...>
661551 1790835816.671574 pwrite64(24</tmp/TestMixedWorkflowsRecoverFromFourServerFaults3749442285/001/node-0/jetstream/$G/streams/WF_JRN/msgs/1.blk>, "@\1\0\200\325\0\0\0\0\0\0\0\270\207\243\334\257S\332\30\34\0wf.jrn.mix"..., 2571, 59437 <unfinished ...>
661555 1790835816.673389 pwrite64(50</tmp/TestMixedWorkflowsRecoverFromFourServerFaults3749442285/001/node-0/jetstream/$SYS/_js_/C-R3F-tuMA878n/msgs/1.blk>, "l\0\0\0*\0\0\0\0\0\0\0\206\360\334\337\257S\332\30\0\0000m6vARoZ\3\0"..., 108, 5072 <unfinished ...>
661550 1790835816.679912 <... pwrite64 resumed>) = 108 (DELAYED) <0.025018>
661554 1790835816.679962 <... pwrite64 resumed>) = 144 (DELAYED) <0.025019>
661554 1790835816.680571 newfstatat(AT_FDCWD</home/exedev/js-wf/integration>, "/tmp/TestMixedWorkflowsRecoverFromFourServerFaults3749442285/001/node-0/jetstream/$G/streams/WF_RUN/obs/WF_P_51/o.dat", {st_mode=S_IFREG|0600, st_size=16, ...}, AT_SYMLINK_NOFOLLOW) = 0 <0.000006>
661554 1790835816.680608 renameat(AT_FDCWD</home/exedev/js-wf/integration>, "/tmp/TestMixedWorkflowsRecoverFromFourServerFaults3749442285/001/node-0/jetstream/$G/streams/WF_RUN/obs/WF_P_51/o.dat.tmp", AT_FDCWD</home/exedev/js-wf/integration>, "/tmp/TestMixedWorkflowsRecoverFromFourServerFaults3749442285/001/node-0/jetstream/$G/streams/WF_RUN/obs/WF_P_51/o.dat") = 0 <0.000063>
661436 1790835816.682594 pwrite64(22</tmp/TestMixedWorkflowsRecoverFromFourServerFaults3749442285/001/node-0/jetstream/$G/streams/WF_RUN/msgs/1.blk>, "\36\0\0\0x\0\0\0\0\0\0@J\341\277\307\257S\332\30\0\0\343o\215\247\321\375\265\340", 30, 22444 <unfinished ...>
661406 1790835816.688852 newfstatat(AT_FDCWD</home/exedev/js-wf/integration>, "/tmp/TestMixedWorkflowsRecoverFromFourServerFaults3749442285/001/node-0/jetstream/$G/streams/WF_RUN/obs/WF_P_12/o.dat", {st_mode=S_IFREG|0600, st_size=56, ...}, AT_SYMLINK_NOFOLLOW) = 0 <0.000016>
661406 1790835816.688912 renameat(AT_FDCWD</home/exedev/js-wf/integration>, "/tmp/TestMixedWorkflowsRecoverFromFourServerFaults3749442285/001/node-0/jetstream/$G/streams/WF_RUN/obs/WF_P_12/o.dat.tmp", AT_FDCWD</home/exedev/js-wf/integration>, "/tmp/TestMixedWorkflowsRecoverFromFourServerFaults3749442285/001/node-0/jetstream/$G/streams/WF_RUN/obs/WF_P_12/o.dat") = 0 <0.000097>
661549 1790835816.695282 <... pwrite64 resumed>) = 1759 (DELAYED) <0.025027>
661551 1790835816.697530 <... pwrite64 resumed>) = 2571 (DELAYED) <0.025923>
661555 1790835816.698560 <... pwrite64 resumed>) = 108 (DELAYED) <0.025149>
661555 1790835816.698604 pwrite64(50</tmp/TestMixedWorkflowsRecoverFromFourServerFaults3749442285/001/node-0/jetstream/$SYS/_js_/C-R3F-tuMA878n/msgs/1.blk>, "\220\0\0\0+\0\0\0\0\0\0\0\22\301]\341\257S\332\30\0\0000m6vARoZ\3\0"..., 144, 5180 <unfinished ...>
661552 1790835816.700429 pwrite64(43</tmp/TestMixedWorkflowsRecoverFromFourServerFaults3749442285/001/node-0/jetstream/$SYS/_js_/C-R3F-0ktVzAXS/msgs/1.blk>, "[\0\0\0.\0\0\0\0\0\0\0\2\234y\341\257S\332\30\0\0000m6vARoZ\3\0"..., 91, 5387 <unfinished ...>
661406 1790835816.706943 pwrite64(24</tmp/TestMixedWorkflowsRecoverFromFourServerFaults3749442285/001/node-0/jetstream/$G/streams/WF_JRN/msgs/1.blk>, "\313\0\0\200\337\0\0\0\0\0\0\0a\365P\341\257S\332\30\34\0wf.jrn.mix"..., 2458, 62008 <unfinished ...>
661436 1790835816.707659 <... pwrite64 resumed>) = 30 (DELAYED) <0.025041>
661551 1790835816.710064 pwrite64(30</tmp/TestMixedWorkflowsRecoverFromFourServerFaults3749442285/001/node-0/jetstream/$G/streams/KV_WF_LEASE/msgs/1.blk>, "\240\0\0\200y\1\0\0\0\0\0\0I\271\237\341\257S\332\30#\0$KV.WF_LEA"..., 665, 62551 <unfinished ...>
661554 1790835816.713093 pwrite64(32</tmp/TestMixedWorkflowsRecoverFromFourServerFaults3749442285/001/node-0/jetstream/$G/streams/KV_WF_STATE/msgs/1.blk>, "\263\0\0\200\t\0\0\0\0\0\0\0\7\351\357\341\257S\332\30?\0$KV.WF_STA"..., 716, 1247 <unfinished ...>
661550 1790835816.713666 newfstatat(AT_FDCWD</home/exedev/js-wf/integration>, "/tmp/TestMixedWorkflowsRecoverFromFourServerFaults3749442285/001/node-0/jetstream/$G/streams/WF_RUN/obs/WF_P_27/o.dat", {st_mode=S_IFREG|0600, st_size=56, ...}, AT_SYMLINK_NOFOLLOW) = 0 <0.000021>
661550 1790835816.713729 renameat(AT_FDCWD</home/exedev/js-wf/integration>, "/tmp/TestMixedWorkflowsRecoverFromFourServerFaults3749442285/001/node-0/jetstream/$G/streams/WF_RUN/obs/WF_P_27/o.dat.tmp", AT_FDCWD</home/exedev/js-wf/integration>, "/tmp/TestMixedWorkflowsRecoverFromFourServerFaults3749442285/001/node-0/jetstream/$G/streams/WF_RUN/obs/WF_P_27/o.dat") = 0 <0.000086>
661555 1790835816.725058 <... pwrite64 resumed>) = 144 (DELAYED) <0.026429>
661552 1790835816.725511 <... pwrite64 resumed>) = 91 (DELAYED) <0.025062>
661552 1790835816.725705 pwrite64(43</tmp/TestMixedWorkflowsRecoverFromFourServerFaults3749442285/001/node-0/jetstream/$SYS/_js_/C-R3F-0ktVzAXS/msgs/1.blk>, "\241\0\0\0/\0\0\0\0\0\0\0O\35\373\342\257S\332\30\0\0000m6vARoZ\3\0"..., 161, 5478 <unfinished ...>
661406 1790835816.731966 <... pwrite64 resumed>) = 2458 (DELAYED) <0.024986>
661406 1790835816.733923 --- SIGURG {si_signo=SIGURG, si_code=SI_TKILL, si_pid=661400, si_uid=1000} ---
661555 1790835816.733964 pwrite64(24</tmp/TestMixedWorkflowsRecoverFromFourServerFaults3749442285/001/node-0/jetstream/$G/streams/WF_JRN/msgs/1.blk>, "\376\0\0\200\350\0\0\0\0\0\0\0\267\17\236\341\257S\332\309\0wf.jrn.mix"..., 254, 64466 <unfinished ...>
661551 1790835816.735158 <... pwrite64 resumed>) = 665 (DELAYED) <0.025072>
661417 1790835816.736386 pwrite64(30</tmp/TestMixedWorkflowsRecoverFromFourServerFaults3749442285/001/node-0/jetstream/$G/streams/KV_WF_LEASE/msgs/1.blk>, "\237\0\0\200}\1\0\0\0\0\0\0%s\371\341\257S\332\30#\0$KV.WF_LEA"..., 159, 63216 <unfinished ...>
661554 1790835816.738309 <... pwrite64 resumed>) = 716 (DELAYED) <0.025193>
661436 1790835816.738483 pwrite64(25</tmp/TestMixedWorkflowsRecoverFromFourServerFaults3749442285/001/node-0/jetstream/$SYS/_js_/S-R3F-jsfg5vMh/msgs/2.blk>, "\223\3\0\0&\0\0\0\0\0\0\0\\\16\276\343\257S\332\30\0\0St9I6EVH\2\0"..., 915, 12944 <unfinished ...>
661554 1790835816.740064 pwrite64(32</tmp/TestMixedWorkflowsRecoverFromFourServerFaults3749442285/001/node-0/jetstream/$G/streams/KV_WF_STATE/msgs/1.blk>, "\263\0\0\200\r\0\0\0\0\0\0\0\0\262~\343\257S\332\30?\0$KV.WF_STA"..., 179, 1963 <unfinished ...>
661550 1790835816.743507 newfstatat(AT_FDCWD</home/exedev/js-wf/integration>, "/tmp/TestMixedWorkflowsRecoverFromFourServerFaults3749442285/001/node-0/jetstream/$G/streams/WF_RUN/obs/WF_P_33/o.dat", {st_mode=S_IFREG|0600, st_size=16, ...}, AT_SYMLINK_NOFOLLOW) = 0 <0.000009>
661550 1790835816.743617 renameat(AT_FDCWD</home/exedev/js-wf/integration>, "/tmp/TestMixedWorkflowsRecoverFromFourServerFaults3749442285/001/node-0/jetstream/$G/streams/WF_RUN/obs/WF_P_33/o.dat.tmp", AT_FDCWD</home/exedev/js-wf/integration>, "/tmp/TestMixedWorkflowsRecoverFromFourServerFaults3749442285/001/node-0/jetstream/$G/streams/WF_RUN/obs/WF_P_33/o.dat") = 0 <0.000125>
661552 1790835816.750767 <... pwrite64 resumed>) = 161 (DELAYED) <0.025019>
661555 1790835816.759025 <... pwrite64 resumed>) = 254 (DELAYED) <0.025044>
661417 1790835816.761431 <... pwrite64 resumed>) = 159 (DELAYED) <0.025018>
661436 1790835816.763571 <... pwrite64 resumed>) = 915 (DELAYED) <0.025037>
661436 1790835816.763637 pwrite64(25</tmp/TestMixedWorkflowsRecoverFromFourServerFaults3749442285/001/node-0/jetstream/$SYS/_js_/S-R3F-jsfg5vMh/msgs/2.blk>, "\356\1\0\0'\0\0\0\0\0\0\0q\377=\345\257S\332\30\0\0St9I6EVH\2\0"..., 494, 13859 <unfinished ...>
661555 1790835816.764128 pwrite64(30</tmp/TestMixedWorkflowsRecoverFromFourServerFaults3749442285/001/node-0/jetstream/$G/streams/KV_WF_LEASE/msgs/1.blk>, "\257\0\0\200~\1\0\0\0\0\0\0\5[\36\345\257S\332\30(\0$KV.WF_LEA"..., 175, 63375 <unfinished ...>
661554 1790835816.765098 <... pwrite64 resumed>) = 179 (DELAYED) <0.025010>
661552 1790835816.765144 pwrite64(24</tmp/TestMixedWorkflowsRecoverFromFourServerFaults3749442285/001/node-0/jetstream/$G/streams/WF_JRN/msgs/1.blk>, "\360\0\0\200\351\0\0\0\0\0\0\0\373\203\371\344\257S\332\309\0wf.jrn.mix"..., 1043, 64720 <unfinished ...>
661554 1790835816.766574 pwrite64(50</tmp/TestMixedWorkflowsRecoverFromFourServerFaults3749442285/001/node-0/jetstream/$SYS/_js_/C-R3F-tuMA878n/msgs/1.blk>, "[\0\0\0,\0\0\0\0\0\0\0\264\243j\345\257S\332\30\0\0000m6vARoZ\3\0"..., 91, 5324 <unfinished ...>
661551 1790835816.770955 pwrite64(48</tmp/TestMixedWorkflowsRecoverFromFourServerFaults3749442285/001/node-0/jetstream/$SYS/_js_/C-R3F-5zk9g5oE/msgs/1.blk>, "\263\0\0\0\33\0\0\0\0\0\0\0\343\246\255\345\257S\332\30\0\0000m6vARoZ\3\0"..., 179, 2793 <unfinished ...>
661417 1790835816.771026 pwrite64(43</tmp/TestMixedWorkflowsRecoverFromFourServerFaults3749442285/001/node-0/jetstream/$SYS/_js_/C-R3F-0ktVzAXS/msgs/1.blk>, "l\0\0\0000\0\0\0\0\0\0\0=\317\256\345\257S\332\30\0\0000m6vARoZ\3\0"..., 108, 5639 <unfinished ...>
661556 1790835816.772307 pwrite64(22</tmp/TestMixedWorkflowsRecoverFromFourServerFaults3749442285/001/node-0/jetstream/$G/streams/WF_RUN/msgs/1.blk>, "\203\0\0\200z\0\0\0\0\0\0\0z\202d\345\257S\332\30\t\0wf.run.15+"..., 262, 22474 <unfinished ...>
661436 1790835816.788703 <... pwrite64 resumed>) = 494 (DELAYED) <0.025040>
661436 1790835816.788816 pwrite64(25</tmp/TestMixedWorkflowsRecoverFromFourServerFaults3749442285/001/node-0/jetstream/$SYS/_js_/S-R3F-jsfg5vMh/msgs/2.blk>, "\356\1\0\0(\0\0\0\0\0\0\0\214(\276\346\257S\332\30\0\0St9I6EVH\2\0"..., 494, 14353 <unfinished ...>
661555 1790835816.789154 <... pwrite64 resumed>) = 175 (DELAYED) <0.025004>
661422 1790835816.790110 newfstatat(AT_FDCWD</home/exedev/js-wf/integration>, "/tmp/TestMixedWorkflowsRecoverFromFourServerFaults3749442285/001/node-0/jetstream/$G/streams/WF_RUN/obs/WF_P_12/o.dat", {st_mode=S_IFREG|0600, st_size=59, ...}, AT_SYMLINK_NOFOLLOW) = 0 <0.000023>
661422 1790835816.790187 renameat(AT_FDCWD</home/exedev/js-wf/integration>, "/tmp/TestMixedWorkflowsRecoverFromFourServerFaults3749442285/001/node-0/jetstream/$G/streams/WF_RUN/obs/WF_P_12/o.dat.tmp", AT_FDCWD</home/exedev/js-wf/integration>, "/tmp/TestMixedWorkflowsRecoverFromFourServerFaults3749442285/001/node-0/jetstream/$G/streams/WF_RUN/obs/WF_P_12/o.dat" <unfinished ...>
661552 1790835816.790293 <... pwrite64 resumed>) = 1043 (DELAYED) <0.024763>
661422 1790835816.790300 <... renameat resumed>) = 0 <0.000106>
661550 1790835816.791591 pwrite64(24</tmp/TestMixedWorkflowsRecoverFromFourServerFaults3749442285/001/node-0/jetstream/$G/streams/WF_JRN/msgs/1.blk>, "?\1\0\200\355\0\0\0\0\0\0\0\22\3055\345\257S\332\30\35\0wf.jrn.mix"..., 319, 65763 <unfinished ...>
661554 1790835816.791682 <... pwrite64 resumed>) = 91 (DELAYED) <0.025090>
661554 1790835816.791747 pwrite64(50</tmp/TestMixedWorkflowsRecoverFromFourServerFaults3749442285/001/node-0/jetstream/$SYS/_js_/C-R3F-tuMA878n/msgs/1.blk>, "\241\0\0\0-\0\0\0\0\0\0\0\315\367\352\346\257S\332\30\0\0000m6vARoZ\3\0"..., 161, 5415 <unfinished ...>
661422 1790835816.792009 pwrite64(30</tmp/TestMixedWorkflowsRecoverFromFourServerFaults3749442285/001/node-0/jetstream/$G/streams/KV_WF_LEASE/msgs/1.blk>, "\240\0\0\200\177\1\0\0\0\0\0\09I\304\346\257S\332\30#\0$KV.WF_LEA"..., 665, 63550 <unfinished ...>
661551 1790835816.795993 <... pwrite64 resumed>) = 179 (DELAYED) <0.025015>
661417 1790835816.796050 <... pwrite64 resumed>) = 108 (DELAYED) <0.025016>
661417 1790835816.796081 pwrite64(43</tmp/TestMixedWorkflowsRecoverFromFourServerFaults3749442285/001/node-0/jetstream/$SYS/_js_/C-R3F-0ktVzAXS/msgs/1.blk>, "\220\0\0\0001\0\0\0\0\0\0\0\240!-\347\257S\332\30\0\0000m6vARoZ\3\0"..., 144, 5747 <unfinished ...>
661552 1790835816.796747 newfstatat(AT_FDCWD</home/exedev/js-wf/integration>, "/tmp/TestMixedWorkflowsRecoverFromFourServerFaults3749442285/001/node-0/jetstream/$G/streams/WF_RUN/obs/WF_P_15/o.dat", {st_mode=S_IFREG|0600, st_size=8, ...}, AT_SYMLINK_NOFOLLOW) = 0 <0.000007>
661552 1790835816.796781 renameat(AT_FDCWD</home/exedev/js-wf/integration>, "/tmp/TestMixedWorkflowsRecoverFromFourServerFaults3749442285/001/node-0/jetstream/$G/streams/WF_RUN/obs/WF_P_15/o.dat.tmp", AT_FDCWD</home/exedev/js-wf/integration>, "/tmp/TestMixedWorkflowsRecoverFromFourServerFaults3749442285/001/node-0/jetstream/$G/streams/WF_RUN/obs/WF_P_15/o.dat") = 0 <0.000050>
661556 1790835816.797324 <... pwrite64 resumed>) = 262 (DELAYED) <0.024998>
661556 1790835816.797494 pwrite64(52</tmp/TestMixedWorkflowsRecoverFromFourServerFaults3749442285/001/node-0/jetstream/$SYS/_js_/C-R3F-msGDjRCn/msgs/1.blk>, "~\0\0\0 \0\0\0\0\0\0\0/\220B\347\257S\332\30\0\0000m6vARoZ\3\0"..., 126, 3348 <unfinished ...>
661551 1790835816.798984 pwrite64(22</tmp/TestMixedWorkflowsRecoverFromFourServerFaults3749442285/001/node-0/jetstream/$G/streams/WF_RUN/msgs/1.blk>, "\203\0\0\200|\0\0\0\0\0\0\0\202\370\325\346\257S\332\30\t\0wf.run.33+"..., 131, 22736 <unfinished ...>
661436 1790835816.813869 <... pwrite64 resumed>) = 494 (DELAYED) <0.025033>
661436 1790835816.813968 pwrite64(25</tmp/TestMixedWorkflowsRecoverFromFourServerFaults3749442285/001/node-0/jetstream/$SYS/_js_/S-R3F-jsfg5vMh/msgs/2.blk>, "\356\1\0\0)\0\0\0\0\0\0\0T\363=\350\257S\332\30\0\0St9I6EVH\2\0"..., 494, 14847 <unfinished ...>
661552 1790835816.814281 newfstatat(AT_FDCWD</home/exedev/js-wf/integration>, "/tmp/TestMixedWorkflowsRecoverFromFourServerFaults3749442285/001/node-0/jetstream/$G/streams/WF_RUN/obs/WF_P_27/o.dat", {st_mode=S_IFREG|0600, st_size=62, ...}, AT_SYMLINK_NOFOLLOW) = 0 <0.000007>
661552 1790835816.814333 renameat(AT_FDCWD</home/exedev/js-wf/integration>, "/tmp/TestMixedWorkflowsRecoverFromFourServerFaults3749442285/001/node-0/jetstream/$G/streams/WF_RUN/obs/WF_P_27/o.dat.tmp", AT_FDCWD</home/exedev/js-wf/integration>, "/tmp/TestMixedWorkflowsRecoverFromFourServerFaults3749442285/001/node-0/jetstream/$G/streams/WF_RUN/obs/WF_P_27/o.dat" <unfinished ...>
661554 1790835816.820263 <... pwrite64 resumed>) = 161 (DELAYED) <0.028502>
661550 1790835816.820299 <... pwrite64 resumed>) = 319 (DELAYED) <0.028686>
661552 1790835816.820400 <... renameat resumed>) = 0 <0.006054>
661422 1790835816.820409 <... pwrite64 resumed>) = 665 (DELAYED) <0.028387>
661417 1790835816.821308 <... pwrite64 resumed>) = 144 (DELAYED) <0.025210>
661422 1790835816.821956 pwrite64(30</tmp/TestMixedWorkflowsRecoverFromFourServerFaults3749442285/001/node-0/jetstream/$G/streams/KV_WF_LEASE/msgs/1.blk>, "\237\0\0\200\203\1\0\0\0\0\0\0\233\352\354\346\257S\332\30#\0$KV.WF_LEA"..., 159, 64215 <unfinished ...>
661556 1790835816.823424 <... pwrite64 resumed>) = 126 (DELAYED) <0.025917>
661551 1790835816.824193 <... pwrite64 resumed>) = 131 (DELAYED) <0.025189>
661417 1790835816.824493 pwrite64(51</tmp/TestMixedWorkflowsRecoverFromFourServerFaults3749442285/001/node-0/jetstream/$SYS/_js_/C-R3F-7OYeMzZe/msgs/1.blk>, "~\0\0\0\34\0\0\0\0\0\0\0003\225\336\350\257S\332\30\0\0000m6vARoZ\3\0"..., 126, 2950 <unfinished ...>
661551 1790835816.824823 pwrite64(39</tmp/TestMixedWorkflowsRecoverFromFourServerFaults3749442285/001/node-0/jetstream/$SYS/_js_/C-R3F-YfBgRsFE/msgs/1.blk>, "~\0\0\0\n\0\0\0\0\0\0\0\231X\343\350\257S\332\30\0\0000m6vARoZ\3\0"..., 126, 1018 <unfinished ...>
661406 1790835816.827514 pwrite64(24</tmp/TestMixedWorkflowsRecoverFromFourServerFaults3749442285/001/node-0/jetstream/$G/streams/WF_JRN/msgs/1.blk>, "\333\0\0\200\356\0\0\0\0\0\0\0\207\342\250\350\257S\332\30\35\0wf.jrn.mix"..., 219, 66082 <unfinished ...>
661554 1790835816.831127 pwrite64(22</tmp/TestMixedWorkflowsRecoverFromFourServerFaults3749442285/001/node-0/jetstream/$G/streams/WF_RUN/msgs/1.blk>, "\203\0\0\200}\0\0\0\0\0\0\0\224\265L\350\257S\332\30\t\0wf.run.63+"..., 131, 22867 <unfinished ...>
661436 1790835816.839017 <... pwrite64 resumed>) = 494 (DELAYED) <0.025028>
661549 1790835816.843097 pwrite64(26</tmp/TestMixedWorkflowsRecoverFromFourServerFaults3749442285/001/node-0/jetstream/$G/streams/WF_SIG/msgs/1.blk>, "\200\1\0\200$\0\0\0\0\0\0\0\210\\\234\343\257S\332\30<\0wf.sig.mix"..., 1920, 8952 <unfinished ...>
661555 1790835816.844301 --- SIGURG {si_signo=SIGURG, si_code=SI_TKILL, si_pid=661400, si_uid=1000} ---
661555 1790835816.846878 newfstatat(AT_FDCWD</home/exedev/js-wf/integration>, "/tmp/TestMixedWorkflowsRecoverFromFourServerFaults3749442285/001/node-0/jetstream/$G/streams/WF_RUN/obs/WF_P_33/o.dat", {st_mode=S_IFREG|0600, st_size=8, ...}, AT_SYMLINK_NOFOLLOW) = 0 <0.000014>
661555 1790835816.846935 renameat(AT_FDCWD</home/exedev/js-wf/integration>, "/tmp/TestMixedWorkflowsRecoverFromFourServerFaults3749442285/001/node-0/jetstream/$G/streams/WF_RUN/obs/WF_P_33/o.dat.tmp", AT_FDCWD</home/exedev/js-wf/integration>, "/tmp/TestMixedWorkflowsRecoverFromFourServerFaults3749442285/001/node-0/jetstream/$G/streams/WF_RUN/obs/WF_P_33/o.dat") = 0 <0.000095>
661422 1790835816.847051 <... pwrite64 resumed>) = 159 (DELAYED) <0.025075>
661551 1790835816.850887 <... pwrite64 resumed>) = 126 (DELAYED) <0.026044>
661417 1790835816.850980 <... pwrite64 resumed>) = 126 (DELAYED) <0.026468>
661406 1790835816.852679 <... pwrite64 resumed>) = 219 (DELAYED) <0.025142>
661436 1790835816.853136 pwrite64(50</tmp/TestMixedWorkflowsRecoverFromFourServerFaults3749442285/001/node-0/jetstream/$SYS/_js_/C-R3F-tuMA878n/msgs/1.blk>, "l\0\0\0.\0\0\0\0\0\0\0\273\f\223\352\257S\332\30\0\0000m6vARoZ\3\0"..., 108, 5576 <unfinished ...>
661554 1790835816.856185 <... pwrite64 resumed>) = 131 (DELAYED) <0.025033>
661556 1790835816.856368 pwrite64(30</tmp/TestMixedWorkflowsRecoverFromFourServerFaults3749442285/001/node-0/jetstream/$G/streams/KV_WF_LEASE/msgs/1.blk>, "\252\0\0\200\204\1\0\0\0\0\0\0\23p\244\350\257S\332\30?\0$KV.WF_LEA"..., 850, 64374 <unfinished ...>
661554 1790835816.856466 pwrite64(52</tmp/TestMixedWorkflowsRecoverFromFourServerFaults3749442285/001/node-0/jetstream/$SYS/_js_/C-R3F-msGDjRCn/msgs/1.blk>, "~\0\0\0!\0\0\0\0\0\0\0\346G\306\352\257S\332\30\0\0000m6vARoZ\3\0"..., 126, 3474 <unfinished ...>
661422 1790835816.856988 newfstatat(AT_FDCWD</home/exedev/js-wf/integration>, "/tmp/TestMixedWorkflowsRecoverFromFourServerFaults3749442285/001/node-0/jetstream/$G/streams/WF_RUN/obs/WF_P_48/o.dat", {st_mode=S_IFREG|0600, st_size=16, ...}, AT_SYMLINK_NOFOLLOW) = 0 <0.000007>
661422 1790835816.857031 renameat(AT_FDCWD</home/exedev/js-wf/integration>, "/tmp/TestMixedWorkflowsRecoverFromFourServerFaults3749442285/001/node-0/jetstream/$G/streams/WF_RUN/obs/WF_P_48/o.dat.tmp", AT_FDCWD</home/exedev/js-wf/integration>, "/tmp/TestMixedWorkflowsRecoverFromFourServerFaults3749442285/001/node-0/jetstream/$G/streams/WF_RUN/obs/WF_P_48/o.dat") = 0 <0.000070>
661422 1790835816.857428 pwrite64(22</tmp/TestMixedWorkflowsRecoverFromFourServerFaults3749442285/001/node-0/jetstream/$G/streams/WF_RUN/msgs/1.blk>, "\203\0\0\200~\0\0\0\0\0\0\0:Y\316\351\257S\332\30\t\0wf.run.33+"..., 131, 22998 <unfinished ...>
661555 1790835816.859524 pwrite64(24</tmp/TestMixedWorkflowsRecoverFromFourServerFaults3749442285/001/node-0/jetstream/$G/streams/WF_JRN/msgs/1.blk>, "\342\0\0\200\357\0\0\0\0\0\0\0\317\260\345\350\257S\332\30\34\0wf.jrn.mix"..., 1002, 66301 <unfinished ...>
661551 1790835816.862565 newfstatat(AT_FDCWD</home/exedev/js-wf/integration>, "/tmp/TestMixedWorkflowsRecoverFromFourServerFaults3749442285/001/node-0/jetstream/$G/streams/WF_RUN/obs/WF_P_63/o.dat", {st_mode=S_IFREG|0600, st_size=8, ...}, AT_SYMLINK_NOFOLLOW) = 0 <0.000010>
661551 1790835816.862625 renameat(AT_FDCWD</home/exedev/js-wf/integration>, "/tmp/TestMixedWorkflowsRecoverFromFourServerFaults3749442285/001/node-0/jetstream/$G/streams/WF_RUN/obs/WF_P_63/o.dat.tmp", AT_FDCWD</home/exedev/js-wf/integration>, "/tmp/TestMixedWorkflowsRecoverFromFourServerFaults3749442285/001/node-0/jetstream/$G/streams/WF_RUN/obs/WF_P_63/o.dat") = 0 <0.000115>
661552 1790835816.864303 pwrite64(43</tmp/TestMixedWorkflowsRecoverFromFourServerFaults3749442285/001/node-0/jetstream/$SYS/_js_/C-R3F-0ktVzAXS/msgs/1.blk>, "l\0\0\0002\0\0\0\0\0\0\0f\2>\353\257S\332\30\0\0000m6vARoZ\3\0"..., 108, 5891 <unfinished ...>
661417 1790835816.865741 pwrite64(32</tmp/TestMixedWorkflowsRecoverFromFourServerFaults3749442285/001/node-0/jetstream/$G/streams/KV_WF_STATE/msgs/1.blk>, "\225\0\0\200\16\0\0\0\0\0\0\0\271\t\325\352\257S\332\30\"\0$KV.WF_STA"..., 328, 2142 <unfinished ...>
661549 1790835816.868137 <... pwrite64 resumed>) = 1920 (DELAYED) <0.025004>
661436 1790835816.878173 <... pwrite64 resumed>) = 108 (DELAYED) <0.025012>
661436 1790835816.878294 pwrite64(50</tmp/TestMixedWorkflowsRecoverFromFourServerFaults3749442285/001/node-0/jetstream/$SYS/_js_/C-R3F-tuMA878n/msgs/1.blk>, "\220\0\0\0/\0\0\0\0\0\0\0\300r\23\354\257S\332\30\0\0000m6vARoZ\3\0"..., 144, 5684 <unfinished ...>
661554 1790835816.881487 <... pwrite64 resumed>) = 126 (DELAYED) <0.025004>
661422 1790835816.882455 <... pwrite64 resumed>) = 131 (DELAYED) <0.025008>
661556 1790835816.882944 <... pwrite64 resumed>) = 850 (DELAYED) <0.026559>
661549 1790835816.883603 pwrite64(22</tmp/TestMixedWorkflowsRecoverFromFourServerFaults3749442285/001/node-0/jetstream/$G/streams/WF_RUN/msgs/1.blk>, "\36\0\0\0+\0\0\0\0\0\0@\346\303\\\333\253S\332\30\0\0\266\304\334\357\277Q\356\213", 30, 23129 <unfinished ...>
661555 1790835816.885087 <... pwrite64 resumed>) = 1002 (DELAYED) <0.025539>
661422 1790835816.886615 pwrite64(30</tmp/TestMixedWorkflowsRecoverFromFourServerFaults3749442285/001/node-0/jetstream/$G/streams/KV_WF_LEASE/msgs/1.blk>, "\266\0\0\200\211\1\0\0\0\0\0\0\24S\253\352\257S\332\30:\0$KV.WF_LEA"..., 182, 65224 <unfinished ...>
661552 1790835816.889341 <... pwrite64 resumed>) = 108 (DELAYED) <0.024930>
661552 1790835816.889432 pwrite64(43</tmp/TestMixedWorkflowsRecoverFromFourServerFaults3749442285/001/node-0/jetstream/$SYS/_js_/C-R3F-0ktVzAXS/msgs/1.blk>, "\220\0\0\0003\0\0\0\0\0\0\0\262\200\275\354\257S\332\30\0\0000m6vARoZ\3\0"..., 144, 5999 <unfinished ...>
661555 1790835816.889495 pwrite64(24</tmp/TestMixedWorkflowsRecoverFromFourServerFaults3749442285/001/node-0/jetstream/$G/streams/WF_JRN/msgs/1.blk>, "\30\1\0\200\363\0\0\0\0\0\0\0~N}\354\257S\332\30\35\0wf.jrn.mix"..., 280, 67303 <unfinished ...>
661417 1790835816.890776 <... pwrite64 resumed>) = 328 (DELAYED) <0.025014>
661556 1790835816.892558 newfstatat(AT_FDCWD</home/exedev/js-wf/integration>, "/tmp/TestMixedWorkflowsRecoverFromFourServerFaults3749442285/001/node-0/jetstream/$G/streams/WF_RUN/obs/WF_P_12/o.dat", {st_mode=S_IFREG|0600, st_size=62, ...}, AT_SYMLINK_NOFOLLOW) = 0 <0.000049>
661556 1790835816.892657 renameat(AT_FDCWD</home/exedev/js-wf/integration>, "/tmp/TestMixedWorkflowsRecoverFromFourServerFaults3749442285/001/node-0/jetstream/$G/streams/WF_RUN/obs/WF_P_12/o.dat.tmp", AT_FDCWD</home/exedev/js-wf/integration>, "/tmp/TestMixedWorkflowsRecoverFromFourServerFaults3749442285/001/node-0/jetstream/$G/streams/WF_RUN/obs/WF_P_12/o.dat") = 0 <0.000252>
661551 1790835816.897987 newfstatat(AT_FDCWD</home/exedev/js-wf/integration>, "/tmp/TestMixedWorkflowsRecoverFromFourServerFaults3749442285/001/node-0/jetstream/$G/streams/WF_RUN/obs/WF_P_15/o.dat", {st_mode=S_IFREG|0600, st_size=19, ...}, AT_SYMLINK_NOFOLLOW) = 0 <0.000013>
661551 1790835816.898042 renameat(AT_FDCWD</home/exedev/js-wf/integration>, "/tmp/TestMixedWorkflowsRecoverFromFourServerFaults3749442285/001/node-0/jetstream/$G/streams/WF_RUN/obs/WF_P_15/o.dat.tmp", AT_FDCWD</home/exedev/js-wf/integration>, "/tmp/TestMixedWorkflowsRecoverFromFourServerFaults3749442285/001/node-0/jetstream/$G/streams/WF_RUN/obs/WF_P_15/o.dat") = 0 <0.000081>
661436 1790835816.903351 <... pwrite64 resumed>) = 144 (DELAYED) <0.025038>
661549 1790835816.908644 <... pwrite64 resumed>) = 30 (DELAYED) <0.025015>
661551 1790835816.910471 pwrite64(48</tmp/TestMixedWorkflowsRecoverFromFourServerFaults3749442285/001/node-0/jetstream/$SYS/_js_/C-R3F-5zk9g5oE/msgs/1.blk>, "\214\0\0\0\34\0\0\0\0\0\0\0\350L\362\355\257S\332\30\0\0000m6vARoZ\3\0"..., 140, 2972 <unfinished ...>
661422 1790835816.911651 <... pwrite64 resumed>) = 182 (DELAYED) <0.025013>
661556 1790835816.912017 pwrite64(45</tmp/TestMixedWorkflowsRecoverFromFourServerFaults3749442285/001/node-0/jetstream/$SYS/_js_/C-R3F-w2Vf1jql/msgs/1.blk>, "l\0\0\0\v\0\0\0\0\0\0\0\250\3\26\356\257S\332\30\0\0000m6vARoZ\3\0"..., 108, 1091 <unfinished ...>
661422 1790835816.912737 pwrite64(22</tmp/TestMixedWorkflowsRecoverFromFourServerFaults3749442285/001/node-0/jetstream/$G/streams/WF_RUN/msgs/1.blk>, "\36\0\0\0003\0\0\0\0\0\0@\255\230\27\340\253S\332\30\0\0x\17\250\373@\3417\17\36\0"..., 60, 23159 <unfinished ...>
661406 1790835816.913629 pwrite64(42</tmp/TestMixedWorkflowsRecoverFromFourServerFaults3749442285/001/node-0/jetstream/$SYS/_js_/C-R3F-GtA4TRr8/msgs/1.blk>, "Q\0\0\0'\0\0\0\0\0\0\0\346*.\356\257S\332\30\0\0000m6vARoZ\3\0"..., 81, 4165 <unfinished ...>
661555 1790835816.915077 <... pwrite64 resumed>) = 280 (DELAYED) <0.025568>
661554 1790835816.915584 pwrite64(30</tmp/TestMixedWorkflowsRecoverFromFourServerFaults3749442285/001/node-0/jetstream/$G/streams/KV_WF_LEASE/msgs/1.blk>, "\265\0\0\200\212\1\0\0\0\0\0\0\245y[\354\257S\332\30:\0$KV.WF_LEA"..., 1477, 65406 <unfinished ...>
661552 1790835816.915820 <... pwrite64 resumed>) = 144 (DELAYED) <0.026371>
661553 1790835816.917424 pwrite64(40</tmp/TestMixedWorkflowsRecoverFromFourServerFaults3749442285/001/node-0/jetstream/$SYS/_js_/C-R3F-tAOw9Q1E/msgs/1.blk>, "l\0\0\0\f\0\0\0\0\0\0\0\316\224h\356\257S\332\30\0\0000m6vARoZ\3\0"..., 108, 1136 <unfinished ...>
661550 1790835816.919086 pwrite64(49</tmp/TestMixedWorkflowsRecoverFromFourServerFaults3749442285/001/node-0/jetstream/$SYS/_js_/C-R3F-SaO96lab/msgs/1.blk>, "l\0\0\0)\0\0\0\0\0\0\0\177\3j\356\257S\332\30\0\0000m6vARoZ\3\0"..., 108, 4310 <unfinished ...>
661436 1790835816.919994 pwrite64(39</tmp/TestMixedWorkflowsRecoverFromFourServerFaults3749442285/001/node-0/jetstream/$SYS/_js_/C-R3F-YfBgRsFE/msgs/1.blk>, "l\0\0\0\v\0\0\0\0\0\0\0+\306\217\356\257S\332\30\0\0000m6vARoZ\3\0"..., 108, 1144 <unfinished ...>
661552 1790835816.921601 pwrite64(25</tmp/TestMixedWorkflowsRecoverFromFourServerFaults3749442285/001/node-0/jetstream/$SYS/_js_/S-R3F-jsfg5vMh/msgs/2.blk>, "\356\1\0\0*\0\0\0\0\0\0\0\241\22\241\356\257S\332\30\0\0St9I6EVH\2\0"..., 494, 15341 <unfinished ...>
661555 1790835816.922506 newfstatat(AT_FDCWD</home/exedev/js-wf/integration>, "/tmp/TestMixedWorkflowsRecoverFromFourServerFaults3749442285/001/node-0/jetstream/$G/streams/WF_RUN/obs/WF_P_27/o.dat", {st_mode=S_IFREG|0600, st_size=65, ...}, AT_SYMLINK_NOFOLLOW) = 0 <0.000017>
661555 1790835816.922575 renameat(AT_FDCWD</home/exedev/js-wf/integration>, "/tmp/TestMixedWorkflowsRecoverFromFourServerFaults3749442285/001/node-0/jetstream/$G/streams/WF_RUN/obs/WF_P_27/o.dat.tmp", AT_FDCWD</home/exedev/js-wf/integration>, "/tmp/TestMixedWorkflowsRecoverFromFourServerFaults3749442285/001/node-0/jetstream/$G/streams/WF_RUN/obs/WF_P_27/o.dat") = 0 <0.000303>
661437 1790835816.924499 pwrite64(24</tmp/TestMixedWorkflowsRecoverFromFourServerFaults3749442285/001/node-0/jetstream/$G/streams/WF_JRN/msgs/1.blk>, "\331\0\0\200\364\0\0\0\0\0\0\0\277\207\213\356\257S\332\30\35\0wf.jrn.mix"..., 757, 67583 <unfinished ...>
661556 1790835816.937057 <... pwrite64 resumed>) = 108 (DELAYED) <0.025014>
661556 1790835816.937173 pwrite64(45</tmp/TestMixedWorkflowsRecoverFromFourServerFaults3749442285/001/node-0/jetstream/$SYS/_js_/C-R3F-w2Vf1jql/msgs/1.blk>, "W\0\0\0\f\0\0\0\0\0\0\0\322\351\225\357\257S\332\30\0\0000m6vARoZ\3\0"..., 87, 1199 <unfinished ...>
661422 1790835816.937758 <... pwrite64 resumed>) = 60 (DELAYED) <0.024991>
661551 1790835816.938230 <... pwrite64 resumed>) = 140 (DELAYED) <0.027735>
661406 1790835816.940165 <... pwrite64 resumed>) = 81 (DELAYED) <0.026516>
661422 1790835816.940539 pwrite64(41</tmp/TestMixedWorkflowsRecoverFromFourServerFaults3749442285/001/node-0/jetstream/$SYS/_js_/C-R3F-9oj0nEIt/msgs/1.blk>, "\241\0\0\0\20\0\0\0\0\0\0\0\270\310\304\357\257S\332\30\0\0000m6vARoZ\3\0"..., 161, 1580 <unfinished ...>
661406 1790835816.940703 pwrite64(42</tmp/TestMixedWorkflowsRecoverFromFourServerFaults3749442285/001/node-0/jetstream/$SYS/_js_/C-R3F-GtA4TRr8/msgs/1.blk>, "\371\0\0\0(\0\0\0\0\0\0\0K\275\304\357\257S\332\30\0\0000m6vARoZ\3\0"..., 249, 4246 <unfinished ...>
661554 1790835816.940787 <... pwrite64 resumed>) = 1477 (DELAYED) <0.025184>
661407 1790835816.941780 pwrite64(44</tmp/TestMixedWorkflowsRecoverFromFourServerFaults3749442285/001/node-0/jetstream/$SYS/_js_/C-R3F-MSuCeJue/msgs/1.blk>, "\257\0\0\0\v\0\0\0\0\0\0\0=\337\330\357\257S\332\30\0\0000m6vARoZ\3\0"..., 175, 1091 <unfinished ...>
661551 1790835816.942893 pwrite64(50</tmp/TestMixedWorkflowsRecoverFromFourServerFaults3749442285/001/node-0/jetstream/$SYS/_js_/C-R3F-tuMA878n/msgs/1.blk>, "l\0\0\0000\0\0\0\0\0\0\0\321\24\355\357\257S\332\30\0\0000m6vARoZ\3\0"..., 108, 5828 <unfinished ...>
661553 1790835816.942921 <... pwrite64 resumed>) = 108 (DELAYED) <0.025478>
661553 1790835816.943150 pwrite64(40</tmp/TestMixedWorkflowsRecoverFromFourServerFaults3749442285/001/node-0/jetstream/$SYS/_js_/C-R3F-tAOw9Q1E/msgs/1.blk>, "~\0\0\0\r\0\0\0\0\0\0\0+M\356\357\257S\332\30\0\0000m6vARoZ\3\0"..., 126, 1244 <unfinished ...>
661550 1790835816.944130 <... pwrite64 resumed>) = 108 (DELAYED) <0.025020>
661550 1790835816.944274 pwrite64(49</tmp/TestMixedWorkflowsRecoverFromFourServerFaults3749442285/001/node-0/jetstream/$SYS/_js_/C-R3F-SaO96lab/msgs/1.blk>, "W\0\0\0*\0\0\0\0\0\0\0b\305\0\360\257S\332\30\0\0000m6vARoZ\3\0"..., 87, 4418 <unfinished ...>
661552 1790835816.946846 <... pwrite64 resumed>) = 494 (DELAYED) <0.025220>
661436 1790835816.946864 <... pwrite64 resumed>) = 108 (DELAYED) <0.026852>
661436 1790835816.946945 pwrite64(39</tmp/TestMixedWorkflowsRecoverFromFourServerFaults3749442285/001/node-0/jetstream/$SYS/_js_/C-R3F-YfBgRsFE/msgs/1.blk>, "W\0\0\0\f\0\0\0\0\0\0\0\236\354*\360\257S\332\30\0\0000m6vARoZ\3\0"..., 87, 1252 <unfinished ...>
661417 1790835816.947075 pwrite64(22</tmp/TestMixedWorkflowsRecoverFromFourServerFaults3749442285/001/node-0/jetstream/$G/streams/WF_RUN/msgs/1.blk>, "\36\0\0\0000\0\0\0\0\0\0@\201v=\335\253S\332\30\0\0\254\212\305G\226\374\355\35\36\0"..., 60, 23219 <unfinished ...>
661548 1790835816.948028 newfstatat(AT_FDCWD</home/exedev/js-wf/integration>, "/tmp/TestMixedWorkflowsRecoverFromFourServerFaults3749442285/001/node-0/jetstream/$G/streams/WF_RUN/obs/WF_P_33/o.dat", {st_mode=S_IFREG|0600, st_size=16, ...}, AT_SYMLINK_NOFOLLOW) = 0 <0.000014>
661548 1790835816.948082 renameat(AT_FDCWD</home/exedev/js-wf/integration>, "/tmp/TestMixedWorkflowsRecoverFromFourServerFaults3749442285/001/node-0/jetstream/$G/streams/WF_RUN/obs/WF_P_33/o.dat.tmp", AT_FDCWD</home/exedev/js-wf/integration>, "/tmp/TestMixedWorkflowsRecoverFromFourServerFaults3749442285/001/node-0/jetstream/$G/streams/WF_RUN/obs/WF_P_33/o.dat") = 0 <0.000069>
661437 1790835816.949547 <... pwrite64 resumed>) = 757 (DELAYED) <0.025027>
661554 1790835816.951652 pwrite64(30</tmp/TestMixedWorkflowsRecoverFromFourServerFaults3749442285/001/node-0/jetstream/$G/streams/KV_WF_LEASE/msgs/1.blk>, "\267\0\0\200\223\1\0\0\0\0\0\0\5\36#\356\257S\332\30:\0$KV.WF_LEA"..., 1182, 66883 <unfinished ...>
661549 1790835816.953551 pwrite64(26</tmp/TestMixedWorkflowsRecoverFromFourServerFaults3749442285/001/node-0/jetstream/$G/streams/WF_SIG/msgs/1.blk>, "\200\1\0\200)\0\0\0\0\0\0\0\307\316e\356\257S\332\30<\0wf.sig.mix"..., 384, 10872 <unfinished ...>
661548 1790835816.957836 pwrite64(24</tmp/TestMixedWorkflowsRecoverFromFourServerFaults3749442285/001/node-0/jetstream/$G/streams/WF_JRN/msgs/1.blk>, "\313\0\0\200\367\0\0\0\0\0\0\0\304\333w\360\257S\332\30\34\0wf.jrn.mix"..., 762, 68340 <unfinished ...>
661556 1790835816.962514 <... pwrite64 resumed>) = 87 (DELAYED) <0.025325>
661556 1790835816.963416 pwrite64(45</tmp/TestMixedWorkflowsRecoverFromFourServerFaults3749442285/001/node-0/jetstream/$SYS/_js_/C-R3F-w2Vf1jql/msgs/1.blk>, "~\0\0\0\r\0\0\0\0\0\0\0\311E&\361\257S\332\30\0\0000m6vARoZ\3\0"..., 126, 1286 <unfinished ...>
661422 1790835816.965569 <... pwrite64 resumed>) = 161 (DELAYED) <0.025006>
661422 1790835816.965758 pwrite64(41</tmp/TestMixedWorkflowsRecoverFromFourServerFaults3749442285/001/node-0/jetstream/$SYS/_js_/C-R3F-9oj0nEIt/msgs/1.blk>, "W\0\0\0\21\0\0\0\0\0\0\0\337\vJ\361\257S\332\30\0\0000m6vARoZ\3\0"..., 87, 1741 <unfinished ...>
661406 1790835816.965900 <... pwrite64 resumed>) = 249 (DELAYED) <0.025063>
661406 1790835816.966562 newfstatat(AT_FDCWD</home/exedev/js-wf/integration>, "/tmp/TestMixedWorkflowsRecoverFromFourServerFaults3749442285/001/node-0/jetstream/$G/streams/WF_RUN/obs/WF_P_26/o.dat", {st_mode=S_IFREG|0600, st_size=21, ...}, AT_SYMLINK_NOFOLLOW) = 0 <0.000012>
661406 1790835816.966614 renameat(AT_FDCWD</home/exedev/js-wf/integration>, "/tmp/TestMixedWorkflowsRecoverFromFourServerFaults3749442285/001/node-0/jetstream/$G/streams/WF_RUN/obs/WF_P_26/o.dat.tmp", AT_FDCWD</home/exedev/js-wf/integration>, "/tmp/TestMixedWorkflowsRecoverFromFourServerFaults3749442285/001/node-0/jetstream/$G/streams/WF_RUN/obs/WF_P_26/o.dat") = 0 <0.000219>
661407 1790835816.966923 <... pwrite64 resumed>) = 175 (DELAYED) <0.025119>
661406 1790835816.967887 newfstatat(AT_FDCWD</home/exedev/js-wf/integration>, "/tmp/TestMixedWorkflowsRecoverFromFourServerFaults3749442285/001/node-0/jetstream/$G/streams/WF_RUN/obs/WF_P_43/o.dat",  <unfinished ...>
661551 1790835816.967931 <... pwrite64 resumed>) = 108 (DELAYED) <0.025015>
661406 1790835816.967939 <... newfstatat resumed>{st_mode=S_IFREG|0600, st_size=16, ...}, AT_SYMLINK_NOFOLLOW) = 0 <0.000027>
661406 1790835816.967961 renameat(AT_FDCWD</home/exedev/js-wf/integration>, "/tmp/TestMixedWorkflowsRecoverFromFourServerFaults3749442285/001/node-0/jetstream/$G/streams/WF_RUN/obs/WF_P_43/o.dat.tmp", AT_FDCWD</home/exedev/js-wf/integration>, "/tmp/TestMixedWorkflowsRecoverFromFourServerFaults3749442285/001/node-0/jetstream/$G/streams/WF_RUN/obs/WF_P_43/o.dat") = 0 <0.000089>
661551 1790835816.968100 pwrite64(50</tmp/TestMixedWorkflowsRecoverFromFourServerFaults3749442285/001/node-0/jetstream/$SYS/_js_/C-R3F-tuMA878n/msgs/1.blk>, "i\0\0\0001\0\0\0\0\0\0\0{\243m\361\257S\332\30\0\0000m6vARoZ\3\0"..., 105, 5936 <unfinished ...>
661553 1790835816.968212 <... pwrite64 resumed>) = 126 (DELAYED) <0.025043>
661550 1790835816.969399 <... pwrite64 resumed>) = 87 (DELAYED) <0.025107>
661553 1790835816.969872 newfstatat(AT_FDCWD</home/exedev/js-wf/integration>, "/tmp/TestMixedWorkflowsRecoverFromFourServerFaults3749442285/001/node-0/jetstream/$G/streams/WF_RUN/obs/WF_P_00/o.dat", {st_mode=S_IFREG|0600, st_size=8, ...}, AT_SYMLINK_NOFOLLOW) = 0 <0.000010>
661553 1790835816.969919 renameat(AT_FDCWD</home/exedev/js-wf/integration>, "/tmp/TestMixedWorkflowsRecoverFromFourServerFaults3749442285/001/node-0/jetstream/$G/streams/WF_RUN/obs/WF_P_00/o.dat.tmp", AT_FDCWD</home/exedev/js-wf/integration>, "/tmp/TestMixedWorkflowsRecoverFromFourServerFaults3749442285/001/node-0/jetstream/$G/streams/WF_RUN/obs/WF_P_00/o.dat") = 0 <0.000140>
661406 1790835816.970179 newfstatat(AT_FDCWD</home/exedev/js-wf/integration>, "/tmp/TestMixedWorkflowsRecoverFromFourServerFaults3749442285/001/node-0/jetstream/$G/streams/WF_RUN/obs/WF_P_51/o.dat", {st_mode=S_IFREG|0600, st_size=8, ...}, AT_SYMLINK_NOFOLLOW) = 0 <0.000006>
661406 1790835816.970212 renameat(AT_FDCWD</home/exedev/js-wf/integration>, "/tmp/TestMixedWorkflowsRecoverFromFourServerFaults3749442285/001/node-0/jetstream/$G/streams/WF_RUN/obs/WF_P_51/o.dat.tmp", AT_FDCWD</home/exedev/js-wf/integration>, "/tmp/TestMixedWorkflowsRecoverFromFourServerFaults3749442285/001/node-0/jetstream/$G/streams/WF_RUN/obs/WF_P_51/o.dat") = 0 <0.000112>
661436 1790835816.971991 <... pwrite64 resumed>) = 87 (DELAYED) <0.025029>
661417 1790835816.972271 <... pwrite64 resumed>) = 60 (DELAYED) <0.025179>
661436 1790835816.973057 pwrite64(49</tmp/TestMixedWorkflowsRecoverFromFourServerFaults3749442285/001/node-0/jetstream/$SYS/_js_/C-R3F-SaO96lab/msgs/1.blk>, "~\0\0\0+\0\0\0\0\0\0\0\327\204\261\361\257S\332\30\0\0000m6vARoZ\3\0"..., 126, 4505 <unfinished ...>
661417 1790835816.973458 pwrite64(22</tmp/TestMixedWorkflowsRecoverFromFourServerFaults3749442285/001/node-0/jetstream/$G/streams/WF_RUN/msgs/1.blk>, "\203\0\0\200\177\0\0\0\0\0\0\0VGw\360\257S\332\30\t\0wf.run.51+"..., 131, 23279 <unfinished ...>
661407 1790835816.974691 newfstatat(AT_FDCWD</home/exedev/js-wf/integration>, "/tmp/TestMixedWorkflowsRecoverFromFourServerFaults3749442285/001/node-0/jetstream/$G/streams/WF_RUN/obs/WF_P_48/o.dat", {st_mode=S_IFREG|0600, st_size=18, ...}, AT_SYMLINK_NOFOLLOW) = 0 <0.000057>
661407 1790835816.974795 renameat(AT_FDCWD</home/exedev/js-wf/integration>, "/tmp/TestMixedWorkflowsRecoverFromFourServerFaults3749442285/001/node-0/jetstream/$G/streams/WF_RUN/obs/WF_P_48/o.dat.tmp", AT_FDCWD</home/exedev/js-wf/integration>, "/tmp/TestMixedWorkflowsRecoverFromFourServerFaults3749442285/001/node-0/jetstream/$G/streams/WF_RUN/obs/WF_P_48/o.dat") = 0 <0.000174>
661554 1790835816.976681 <... pwrite64 resumed>) = 1182 (DELAYED) <0.024997>
661549 1790835816.978596 <... pwrite64 resumed>) = 384 (DELAYED) <0.025026>
661554 1790835816.980245 pwrite64(30</tmp/TestMixedWorkflowsRecoverFromFourServerFaults3749442285/001/node-0/jetstream/$G/streams/KV_WF_LEASE/msgs/1.blk>, "\266\0\0\200\232\1\0\0\0\0\0\0\3\353/\360\257S\332\30:\0$KV.WF_LEA"..., 368, 68065 <unfinished ...>
661548 1790835816.985644 <... pwrite64 resumed>) = 762 (DELAYED) <0.027780>
661556 1790835816.988449 <... pwrite64 resumed>) = 126 (DELAYED) <0.025010>
661556 1790835816.988869 newfstatat(AT_FDCWD</home/exedev/js-wf/integration>, "/tmp/TestMixedWorkflowsRecoverFromFourServerFaults3749442285/001/node-0/jetstream/$G/streams/WF_RUN/obs/WF_P_10/o.dat", {st_mode=S_IFREG|0600, st_size=16, ...}, AT_SYMLINK_NOFOLLOW) = 0 <0.000017>
661556 1790835816.989223 renameat(AT_FDCWD</home/exedev/js-wf/integration>, "/tmp/TestMixedWorkflowsRecoverFromFourServerFaults3749442285/001/node-0/jetstream/$G/streams/WF_RUN/obs/WF_P_10/o.dat.tmp", AT_FDCWD</home/exedev/js-wf/integration>, "/tmp/TestMixedWorkflowsRecoverFromFourServerFaults3749442285/001/node-0/jetstream/$G/streams/WF_RUN/obs/WF_P_10/o.dat") = 0 <0.000460>
661422 1790835816.990813 <... pwrite64 resumed>) = 87 (DELAYED) <0.025032>
661422 1790835816.992674 newfstatat(AT_FDCWD</home/exedev/js-wf/integration>, "/tmp/TestMixedWorkflowsRecoverFromFourServerFaults3749442285/001/node-0/jetstream/$G/streams/WF_RUN/obs/WF_P_55/o.dat", {st_mode=S_IFREG|0600, st_size=16, ...}, AT_SYMLINK_NOFOLLOW) = 0 <0.000055>
661422 1790835816.992790 renameat(AT_FDCWD</home/exedev/js-wf/integration>, "/tmp/TestMixedWorkflowsRecoverFromFourServerFaults3749442285/001/node-0/jetstream/$G/streams/WF_RUN/obs/WF_P_55/o.dat.tmp", AT_FDCWD</home/exedev/js-wf/integration>, "/tmp/TestMixedWorkflowsRecoverFromFourServerFaults3749442285/001/node-0/jetstream/$G/streams/WF_RUN/obs/WF_P_55/o.dat") = 0 <0.000269>
661422 1790835816.993368 newfstatat(AT_FDCWD</home/exedev/js-wf/integration>, "/tmp/TestMixedWorkflowsRecoverFromFourServerFaults3749442285/001/node-0/jetstream/$G/streams/WF_RUN/obs/WF_P_12/o.dat", {st_mode=S_IFREG|0600, st_size=65, ...}, AT_SYMLINK_NOFOLLOW) = 0 <0.000030>
661422 1790835816.993442 renameat(AT_FDCWD</home/exedev/js-wf/integration>, "/tmp/TestMixedWorkflowsRecoverFromFourServerFaults3749442285/001/node-0/jetstream/$G/streams/WF_RUN/obs/WF_P_12/o.dat.tmp", AT_FDCWD</home/exedev/js-wf/integration>, "/tmp/TestMixedWorkflowsRecoverFromFourServerFaults3749442285/001/node-0/jetstream/$G/streams/WF_RUN/obs/WF_P_12/o.dat") = 0 <0.000144>
661551 1790835816.993823 <... pwrite64 resumed>) = 105 (DELAYED) <0.025707>
661436 1790835816.998104 <... pwrite64 resumed>) = 126 (DELAYED) <0.025027>
661417 1790835816.998881 <... pwrite64 resumed>) = 131 (DELAYED) <0.025402>
661417 1790835816.998982 pwrite64(47</tmp/TestMixedWorkflowsRecoverFromFourServerFaults3749442285/001/node-0/jetstream/$SYS/_js_/C-R3F-JUPhrGJa/msgs/1.blk>, "z\0\0\0\26\0\0\0\0\0\0\0,\346D\363\257S\332\30\0\0000m6vARoZ\3\0"..., 122, 2411 <unfinished ...>
661553 1790835816.999135 newfstatat(AT_FDCWD</home/exedev/js-wf/integration>, "/tmp/TestMixedWorkflowsRecoverFromFourServerFaults3749442285/001/node-0/jetstream/$G/streams/WF_RUN/obs/WF_P_15/o.dat", {st_mode=S_IFREG|0600, st_size=19, ...}, AT_SYMLINK_NOFOLLOW) = 0 <0.000018>
661553 1790835816.999192 renameat(AT_FDCWD</home/exedev/js-wf/integration>, "/tmp/TestMixedWorkflowsRecoverFromFourServerFaults3749442285/001/node-0/jetstream/$G/streams/WF_RUN/obs/WF_P_15/o.dat.tmp", AT_FDCWD</home/exedev/js-wf/integration>, "/tmp/TestMixedWorkflowsRecoverFromFourServerFaults3749442285/001/node-0/jetstream/$G/streams/WF_RUN/obs/WF_P_15/o.dat") = 0 <0.000115>
661436 1790835816.999969 pwrite64(22</tmp/TestMixedWorkflowsRecoverFromFourServerFaults3749442285/001/node-0/jetstream/$G/streams/WF_RUN/msgs/1.blk>, "\36\0\0\0006\0\0\0\0\0\0@\241\370\347\344\256S\332\30\0\0_\t\363\34\313n\220^", 30, 23410 <unfinished ...>
661554 1790835817.005396 <... pwrite64 resumed>) = 368 (DELAYED) <0.025126>
661407 1790835817.012917 pwrite64(39</tmp/TestMixedWorkflowsRecoverFromFourServerFaults3749442285/001/node-0/jetstream/$SYS/_js_/C-R3F-YfBgRsFE/msgs/1.blk>, "l\0\0\0\r\0\0\0\0\0\0\0\246l\31\364\257S\332\30\0\0000m6vARoZ\3\0"..., 108, 1339 <unfinished ...>
661436 1790835817.032822 <... pwrite64 resumed>) = 30 (DELAYED) <0.032813>
661417 1790835817.032858 <... pwrite64 resumed>) = 122 (DELAYED) <0.033858>
661549 1790835817.033121 pwrite64(30</tmp/TestMixedWorkflowsRecoverFromFourServerFaults3749442285/001/node-0/jetstream/$G/streams/KV_WF_LEASE/msgs/1.blk>, "\237\0\0\200\234\1\0\0\0\0\0\0\320N\363\361\257S\332\30\"\0$KV.WF_LEA"..., 2648, 68433 <unfinished ...>
661417 1790835817.033660 pwrite64(47</tmp/TestMixedWorkflowsRecoverFromFourServerFaults3749442285/001/node-0/jetstream/$SYS/_js_/C-R3F-JUPhrGJa/msgs/1.blk>, "\241\0\0\0\27\0\0\0\0\0\0\0\2469Q\365\257S\332\30\0\0000m6vARoZ\3\0"..., 161, 2533 <unfinished ...>
661551 1790835817.036091 newfstatat(AT_FDCWD</home/exedev/js-wf/integration>, "/tmp/TestMixedWorkflowsRecoverFromFourServerFaults3749442285/001/node-0/jetstream/$G/streams/WF_RUN/obs/WF_P_27/o.dat", {st_mode=S_IFREG|0600, st_size=67, ...}, AT_SYMLINK_NOFOLLOW) = 0 <0.000337>
661551 1790835817.036538 renameat(AT_FDCWD</home/exedev/js-wf/integration>, "/tmp/TestMixedWorkflowsRecoverFromFourServerFaults3749442285/001/node-0/jetstream/$G/streams/WF_RUN/obs/WF_P_27/o.dat.tmp", AT_FDCWD</home/exedev/js-wf/integration>, "/tmp/TestMixedWorkflowsRecoverFromFourServerFaults3749442285/001/node-0/jetstream/$G/streams/WF_RUN/obs/WF_P_27/o.dat") = 0 <0.000091>
661556 1790835817.037431 pwrite64(24</tmp/TestMixedWorkflowsRecoverFromFourServerFaults3749442285/001/node-0/jetstream/$G/streams/WF_JRN/msgs/1.blk>, "A\1\0\200\372\0\0\0\0\0\0\0x+\26\364\257S\332\30\34\0wf.jrn.mix"..., 1903, 69102 <unfinished ...>
661407 1790835817.037940 <... pwrite64 resumed>) = 108 (DELAYED) <0.024984>
661407 1790835817.038022 pwrite64(39</tmp/TestMixedWorkflowsRecoverFromFourServerFaults3749442285/001/node-0/jetstream/$SYS/_js_/C-R3F-YfBgRsFE/msgs/1.blk>, "Q\0\0\0\16\0\0\0\0\0\0\0\374\241\230\365\257S\332\30\0\0000m6vARoZ\3\0"..., 81, 1447 <unfinished ...>
661553 1790835817.038151 pwrite64(51</tmp/TestMixedWorkflowsRecoverFromFourServerFaults3749442285/001/node-0/jetstream/$SYS/_js_/C-R3F-7OYeMzZe/msgs/1.blk>, "l\0\0\0\35\0\0\0\0\0\0\09\245\232\365\257S\332\30\0\0000m6vARoZ\3\0"..., 108, 3076 <unfinished ...>
661436 1790835817.043131 pwrite64(22</tmp/TestMixedWorkflowsRecoverFromFourServerFaults3749442285/001/node-0/jetstream/$G/streams/WF_RUN/msgs/1.blk>, "\36\0\0\0.\0\0\0\0\0\0@\356Ss\334\253S\332\30\0\0\347XR&\240X\27h", 30, 23440 <unfinished ...>
661549 1790835817.058213 <... pwrite64 resumed>) = 2648 (DELAYED) <0.025054>
661549 1790835817.058334 --- SIGURG {si_signo=SIGURG, si_code=SI_TKILL, si_pid=661400, si_uid=1000} ---
661417 1790835817.058694 <... pwrite64 resumed>) = 161 (DELAYED) <0.025013>
661417 1790835817.059278 --- SIGURG {si_signo=SIGURG, si_code=SI_TKILL, si_pid=661400, si_uid=1000} ---
661417 1790835817.060183 newfstatat(AT_FDCWD</home/exedev/js-wf/integration>, "/tmp/TestMixedWorkflowsRecoverFromFourServerFaults3749442285/001/node-0/jetstream/$G/streams/WF_RUN/obs/WF_P_28/o.dat", {st_mode=S_IFREG|0600, st_size=18, ...}, AT_SYMLINK_NOFOLLOW) = 0 <0.000179>
661417 1790835817.061267 renameat(AT_FDCWD</home/exedev/js-wf/integration>, "/tmp/TestMixedWorkflowsRecoverFromFourServerFaults3749442285/001/node-0/jetstream/$G/streams/WF_RUN/obs/WF_P_28/o.dat.tmp", AT_FDCWD</home/exedev/js-wf/integration>, "/tmp/TestMixedWorkflowsRecoverFromFourServerFaults3749442285/001/node-0/jetstream/$G/streams/WF_RUN/obs/WF_P_28/o.dat" <unfinished ...>
661551 1790835817.061314 pwrite64(30</tmp/TestMixedWorkflowsRecoverFromFourServerFaults3749442285/001/node-0/jetstream/$G/streams/KV_WF_LEASE/msgs/1.blk>, "\237\0\0\200\254\1\0\0\0\0\0\0?\21\320\366\257S\332\30\"\0$KV.WF_LEA"..., 1894, 71081 <unfinished ...>
661417 1790835817.061425 <... renameat resumed>) = 0 <0.000124>
661556 1790835817.062570 <... pwrite64 resumed>) = 1903 (DELAYED) <0.025121>
661553 1790835817.063199 <... pwrite64 resumed>) = 108 (DELAYED) <0.025034>
661407 1790835817.064529 <... pwrite64 resumed>) = 81 (DELAYED) <0.026495>
661556 1790835817.064544 --- SIGURG {si_signo=SIGURG, si_code=SI_TKILL, si_pid=661400, si_uid=1000} ---
661553 1790835817.064963 pwrite64(51</tmp/TestMixedWorkflowsRecoverFromFourServerFaults3749442285/001/node-0/jetstream/$SYS/_js_/C-R3F-7OYeMzZe/msgs/1.blk>, "z\0\0\0\36\0\0\0\0\0\0\0K\3333\367\257S\332\30\0\0000m6vARoZ\3\0"..., 122, 3184 <unfinished ...>
661436 1790835817.069170 <... pwrite64 resumed>) = 30 (DELAYED) <0.026009>
661436 1790835817.071326 newfstatat(AT_FDCWD</home/exedev/js-wf/integration>, "/tmp/TestMixedWorkflowsRecoverFromFourServerFaults3749442285/001/node-0/jetstream/$G/streams/WF_RUN/obs/WF_P_51/o.dat", {st_mode=S_IFREG|0600, st_size=8, ...}, AT_SYMLINK_NOFOLLOW) = 0 <0.000017>
661436 1790835817.071389 renameat(AT_FDCWD</home/exedev/js-wf/integration>, "/tmp/TestMixedWorkflowsRecoverFromFourServerFaults3749442285/001/node-0/jetstream/$G/streams/WF_RUN/obs/WF_P_51/o.dat.tmp", AT_FDCWD</home/exedev/js-wf/integration>, "/tmp/TestMixedWorkflowsRecoverFromFourServerFaults3749442285/001/node-0/jetstream/$G/streams/WF_RUN/obs/WF_P_51/o.dat") = 0 <0.000085>
661436 1790835817.073207 newfstatat(AT_FDCWD</home/exedev/js-wf/integration>, "/tmp/TestMixedWorkflowsRecoverFromFourServerFaults3749442285/001/node-0/jetstream/$G/streams/WF_RUN/obs/WF_P_26/o.dat", {st_mode=S_IFREG|0600, st_size=16, ...}, AT_SYMLINK_NOFOLLOW) = 0 <0.000008>
661436 1790835817.073873 renameat(AT_FDCWD</home/exedev/js-wf/integration>, "/tmp/TestMixedWorkflowsRecoverFromFourServerFaults3749442285/001/node-0/jetstream/$G/streams/WF_RUN/obs/WF_P_26/o.dat.tmp", AT_FDCWD</home/exedev/js-wf/integration>, "/tmp/TestMixedWorkflowsRecoverFromFourServerFaults3749442285/001/node-0/jetstream/$G/streams/WF_RUN/obs/WF_P_26/o.dat") = 0 <0.000113>
661436 1790835817.075340 --- SIGURG {si_signo=SIGURG, si_code=SI_TKILL, si_pid=661400, si_uid=1000} ---
661417 1790835817.075399 newfstatat(AT_FDCWD</home/exedev/js-wf/integration>, "/tmp/TestMixedWorkflowsRecoverFromFourServerFaults3749442285/001/node-0/jetstream/$G/streams/WF_RUN/obs/WF_P_43/o.dat", {st_mode=S_IFREG|0600, st_size=18, ...}, AT_SYMLINK_NOFOLLOW) = 0 <0.000018>
661417 1790835817.075451 renameat(AT_FDCWD</home/exedev/js-wf/integration>, "/tmp/TestMixedWorkflowsRecoverFromFourServerFaults3749442285/001/node-0/jetstream/$G/streams/WF_RUN/obs/WF_P_43/o.dat.tmp", AT_FDCWD</home/exedev/js-wf/integration>, "/tmp/TestMixedWorkflowsRecoverFromFourServerFaults3749442285/001/node-0/jetstream/$G/streams/WF_RUN/obs/WF_P_43/o.dat" <unfinished ...>
661407 1790835817.075505 --- SIGURG {si_signo=SIGURG, si_code=SI_TKILL, si_pid=661400, si_uid=1000} ---
661417 1790835817.075549 <... renameat resumed>) = 0 <0.000087>
661407 1790835817.077055 --- SIGURG {si_signo=SIGURG, si_code=SI_TKILL, si_pid=661400, si_uid=1000} ---
661417 1790835817.077086 --- SIGURG {si_signo=SIGURG, si_code=SI_TKILL, si_pid=661400, si_uid=1000} ---
661407 1790835817.078165 --- SIGURG {si_signo=SIGURG, si_code=SI_TKILL, si_pid=661400, si_uid=1000} ---
661407 1790835817.078472 --- SIGURG {si_signo=SIGURG, si_code=SI_TKILL, si_pid=661400, si_uid=1000} ---
661549 1790835817.079202 pwrite64(24</tmp/TestMixedWorkflowsRecoverFromFourServerFaults3749442285/001/node-0/jetstream/$G/streams/WF_JRN/msgs/1.blk>, "\372\0\0\200\0\1\0\0\0\0\0\0TU\224\367\257S\332\0304\0wf.jrn.mix"..., 2018, 71005 <unfinished ...>
661436 1790835817.079818 newfstatat(AT_FDCWD</home/exedev/js-wf/integration>, "/tmp/TestMixedWorkflowsRecoverFromFourServerFaults3749442285/001/node-0/jetstream/$G/streams/WF_RUN/obs/WF_P_48/o.dat", {st_mode=S_IFREG|0600, st_size=18, ...}, AT_SYMLINK_NOFOLLOW) = 0 <0.000019>
661436 1790835817.079883 renameat(AT_FDCWD</home/exedev/js-wf/integration>, "/tmp/TestMixedWorkflowsRecoverFromFourServerFaults3749442285/001/node-0/jetstream/$G/streams/WF_RUN/obs/WF_P_48/o.dat.tmp", AT_FDCWD</home/exedev/js-wf/integration>, "/tmp/TestMixedWorkflowsRecoverFromFourServerFaults3749442285/001/node-0/jetstream/$G/streams/WF_RUN/obs/WF_P_48/o.dat") = 0 <0.000118>
661436 1790835817.080067 pwrite64(22</tmp/TestMixedWorkflowsRecoverFromFourServerFaults3749442285/001/node-0/jetstream/$G/streams/WF_RUN/msgs/1.blk>, "\36\0\0\0\2\0\0\0\0\0\0@#|\310\266\253S\332\30\0\0\370\206\371\262\\\340+\230", 30, 23470 <unfinished ...>
661551 1790835817.086366 <... pwrite64 resumed>) = 1894 (DELAYED) <0.025035>
661553 1790835817.090722 <... pwrite64 resumed>) = 122 (DELAYED) <0.025738>
661406 1790835817.092019 pwrite64(30</tmp/TestMixedWorkflowsRecoverFromFourServerFaults3749442285/001/node-0/jetstream/$G/streams/KV_WF_LEASE/msgs/1.blk>, "\274\0\0\200\267\1\0\0\0\0\0\0\345f|\370\257S\332\30?\0$KV.WF_LEA"..., 1213, 72975 <unfinished ...>
661553 1790835817.092241 newfstatat(AT_FDCWD</home/exedev/js-wf/integration>, "/tmp/TestMixedWorkflowsRecoverFromFourServerFaults3749442285/001/node-0/jetstream/$G/streams/WF_RUN/obs/WF_P_10/o.dat", {st_mode=S_IFREG|0600, st_size=16, ...}, AT_SYMLINK_NOFOLLOW) = 0 <0.000324>
661553 1790835817.092691 renameat(AT_FDCWD</home/exedev/js-wf/integration>, "/tmp/TestMixedWorkflowsRecoverFromFourServerFaults3749442285/001/node-0/jetstream/$G/streams/WF_RUN/obs/WF_P_10/o.dat.tmp", AT_FDCWD</home/exedev/js-wf/integration>, "/tmp/TestMixedWorkflowsRecoverFromFourServerFaults3749442285/001/node-0/jetstream/$G/streams/WF_RUN/obs/WF_P_10/o.dat") = 0 <0.000376>
661551 1790835817.093856 newfstatat(AT_FDCWD</home/exedev/js-wf/integration>, "/tmp/TestMixedWorkflowsRecoverFromFourServerFaults3749442285/001/node-0/jetstream/$G/streams/WF_RUN/obs/WF_P_63/o.dat", {st_mode=S_IFREG|0600, st_size=16, ...}, AT_SYMLINK_NOFOLLOW) = 0 <0.000014>
661551 1790835817.094010 renameat(AT_FDCWD</home/exedev/js-wf/integration>, "/tmp/TestMixedWorkflowsRecoverFromFourServerFaults3749442285/001/node-0/jetstream/$G/streams/WF_RUN/obs/WF_P_63/o.dat.tmp", AT_FDCWD</home/exedev/js-wf/integration>, "/tmp/TestMixedWorkflowsRecoverFromFourServerFaults3749442285/001/node-0/jetstream/$G/streams/WF_RUN/obs/WF_P_63/o.dat") = 0 <0.000109>
661556 1790835817.094518 newfstatat(AT_FDCWD</home/exedev/js-wf/integration>, "/tmp/TestMixedWorkflowsRecoverFromFourServerFaults3749442285/001/node-0/jetstream/$G/streams/WF_RUN/obs/WF_P_55/o.dat", {st_mode=S_IFREG|0600, st_size=18, ...}, AT_SYMLINK_NOFOLLOW) = 0 <0.000060>
661556 1790835817.094675 renameat(AT_FDCWD</home/exedev/js-wf/integration>, "/tmp/TestMixedWorkflowsRecoverFromFourServerFaults3749442285/001/node-0/jetstream/$G/streams/WF_RUN/obs/WF_P_55/o.dat.tmp", AT_FDCWD</home/exedev/js-wf/integration>, "/tmp/TestMixedWorkflowsRecoverFromFourServerFaults3749442285/001/node-0/jetstream/$G/streams/WF_RUN/obs/WF_P_55/o.dat") = 0 <0.000150>
661551 1790835817.095222 newfstatat(AT_FDCWD</home/exedev/js-wf/integration>, "/tmp/TestMixedWorkflowsRecoverFromFourServerFaults3749442285/001/node-0/jetstream/$G/streams/WF_RUN/obs/WF_P_12/o.dat", {st_mode=S_IFREG|0600, st_size=68, ...}, AT_SYMLINK_NOFOLLOW) = 0 <0.000016>
661551 1790835817.095274 renameat(AT_FDCWD</home/exedev/js-wf/integration>, "/tmp/TestMixedWorkflowsRecoverFromFourServerFaults3749442285/001/node-0/jetstream/$G/streams/WF_RUN/obs/WF_P_12/o.dat.tmp", AT_FDCWD</home/exedev/js-wf/integration>, "/tmp/TestMixedWorkflowsRecoverFromFourServerFaults3749442285/001/node-0/jetstream/$G/streams/WF_RUN/obs/WF_P_12/o.dat") = 0 <0.000062>
661417 1790835817.100439 newfstatat(AT_FDCWD</home/exedev/js-wf/integration>, "/tmp/TestMixedWorkflowsRecoverFromFourServerFaults3749442285/001/node-0/jetstream/$G/streams/WF_RUN/obs/WF_P_15/o.dat", {st_mode=S_IFREG|0600, st_size=19, ...}, AT_SYMLINK_NOFOLLOW) = 0 <0.000054>
661417 1790835817.100541 renameat(AT_FDCWD</home/exedev/js-wf/integration>, "/tmp/TestMixedWorkflowsRecoverFromFourServerFaults3749442285/001/node-0/jetstream/$G/streams/WF_RUN/obs/WF_P_15/o.dat.tmp", AT_FDCWD</home/exedev/js-wf/integration>, "/tmp/TestMixedWorkflowsRecoverFromFourServerFaults3749442285/001/node-0/jetstream/$G/streams/WF_RUN/obs/WF_P_15/o.dat") = 0 <0.000067>
661549 1790835817.104265 <... pwrite64 resumed>) = 2018 (DELAYED) <0.025034>
661549 1790835817.104563 lseek(20</tmp/TestMixedWorkflowsRecoverFromFourServerFaults3749442285/001/node-0/jetstream/$G/streams/WF_INV/msgs/1.blk>, 0, SEEK_SET) = 0 <0.000018>
661554 1790835817.104763 --- SIGURG {si_signo=SIGURG, si_code=SI_TKILL, si_pid=661400, si_uid=1000} ---
661554 1790835817.104932 fstat(20</tmp/TestMixedWorkflowsRecoverFromFourServerFaults3749442285/001/node-0/jetstream/$G/streams/WF_INV/msgs/1.blk>, {st_mode=S_IFREG|0600, st_size=8206, ...}) = 0 <0.000025>
661554 1790835817.104990 read(20</tmp/TestMixedWorkflowsRecoverFromFourServerFaults3749442285/001/node-0/jetstream/$G/streams/WF_INV/msgs/1.blk>, "\306\0\0\200\1\0\0\0\0\0\0\0\247\327\6\266\253S\332\30\34\0wf.inv.mix"..., 8206) = 8206 <0.000012>
661436 1790835817.105095 <... pwrite64 resumed>) = 30 (DELAYED) <0.025011>
661436 1790835817.117299 pwrite64(49</tmp/TestMixedWorkflowsRecoverFromFourServerFaults3749442285/001/node-0/jetstream/$SYS/_js_/C-R3F-SaO96lab/msgs/1.blk>, "\177\0\0\0,\0\0\0\0\0\0\0\246sL\372\257S\332\30\0\0000m6vARoZ\3\0"..., 127, 4631 <unfinished ...>
661406 1790835817.117386 <... pwrite64 resumed>) = 1213 (DELAYED) <0.025339>
661406 1790835817.118014 pwrite64(24</tmp/TestMixedWorkflowsRecoverFromFourServerFaults3749442285/001/node-0/jetstream/$G/streams/WF_JRN/msgs/1.blk>, "A\1\0\200\7\1\0\0\0\0\0\0u\5\23\372\257S\332\30\34\0wf.jrn.mix"..., 1546, 73023 <unfinished ...>
661553 1790835817.118513 pwrite64(22</tmp/TestMixedWorkflowsRecoverFromFourServerFaults3749442285/001/node-0/jetstream/$G/streams/WF_RUN/msgs/1.blk>, "\270\0\0\200\200\0\0\0\0\0\0\0007\208\372\257S\332\30\t\0wf.run.51`"..., 184, 23500 <unfinished ...>
661551 1790835817.119527 pwrite64(30</tmp/TestMixedWorkflowsRecoverFromFourServerFaults3749442285/001/node-0/jetstream/$G/streams/KV_WF_LEASE/msgs/1.blk>, "\234\0\0\200\276\1\0\0\0\0\0\0p\370\217\370\257S\332\30\"\0$KV.WF_LEA"..., 156, 74188 <unfinished ...>
661554 1790835817.138416 --- SIGURG {si_signo=SIGURG, si_code=SI_TKILL, si_pid=661400, si_uid=1000} ---
661436 1790835817.142409 <... pwrite64 resumed>) = 127 (DELAYED) <0.025066>
661436 1790835817.142965 --- SIGURG {si_signo=SIGURG, si_code=SI_TKILL, si_pid=661400, si_uid=1000} ---
661406 1790835817.143060 <... pwrite64 resumed>) = 1546 (DELAYED) <0.025020>
661406 1790835817.143169 --- SIGURG {si_signo=SIGURG, si_code=SI_TKILL, si_pid=661400, si_uid=1000} ---
661406 1790835817.143371 --- SIGURG {si_signo=SIGURG, si_code=SI_TKILL, si_pid=661400, si_uid=1000} ---
661553 1790835817.143546 <... pwrite64 resumed>) = 184 (DELAYED) <0.025012>
661551 1790835817.145787 <... pwrite64 resumed>) = 156 (DELAYED) <0.026234>
661436 1790835817.145811 pwrite64(22</tmp/TestMixedWorkflowsRecoverFromFourServerFaults3749442285/001/node-0/jetstream/$G/streams/WF_RUN/msgs/1.blk>, "\270\0\0\200\201\0\0\0\0\0\0\0~\227\221\372\257S\332\30\t\0wf.run.33`"..., 184, 23684 <unfinished ...>
661406 1790835817.145824 --- SIGURG {si_signo=SIGURG, si_code=SI_TKILL, si_pid=661400, si_uid=1000} ---
661549 1790835817.149545 pwrite64(51</tmp/TestMixedWorkflowsRecoverFromFourServerFaults3749442285/001/node-0/jetstream/$SYS/_js_/C-R3F-7OYeMzZe/msgs/1.blk>, "Q\0\0\0\37\0\0\0\0\0\0\0P\202>\374\257S\332\30\0\0000m6vARoZ\3\0"..., 81, 3306 <unfinished ...>
661556 1790835817.151512 pwrite64(30</tmp/TestMixedWorkflowsRecoverFromFourServerFaults3749442285/001/node-0/jetstream/$G/streams/KV_WF_LEASE/msgs/1.blk>, "\245\0\0\200\277\1\0\0\0\0\0\0\331\25U\372\257S\332\30:\0$KV.WF_LEA"..., 1536, 74344 <unfinished ...>
661406 1790835817.152963 pwrite64(49</tmp/TestMixedWorkflowsRecoverFromFourServerFaults3749442285/001/node-0/jetstream/$SYS/_js_/C-R3F-SaO96lab/msgs/1.blk>, "l\0\0\0-\0\0\0\0\0\0\08\260q\374\257S\332\30\0\0000m6vARoZ\3\0"..., 108, 4758 <unfinished ...>
661407 1790835817.161023 pwrite64(24</tmp/TestMixedWorkflowsRecoverFromFourServerFaults3749442285/001/node-0/jetstream/$G/streams/WF_JRN/msgs/1.blk>, "\27\1\0\200\r\1\0\0\0\0\0\0\20\226]\374\257S\332\30\35\0wf.jrn.mix"..., 1858, 74569 <unfinished ...>
661422 1790835817.162635 newfstatat(AT_FDCWD</home/exedev/js-wf/integration>, "/tmp/TestMixedWorkflowsRecoverFromFourServerFaults3749442285/001/node-0/jetstream/$G/streams/WF_RUN/obs/WF_P_28/o.dat", {st_mode=S_IFREG|0600, st_size=18, ...}, AT_SYMLINK_NOFOLLOW) = 0 <0.000066>
661422 1790835817.162743 renameat(AT_FDCWD</home/exedev/js-wf/integration>, "/tmp/TestMixedWorkflowsRecoverFromFourServerFaults3749442285/001/node-0/jetstream/$G/streams/WF_RUN/obs/WF_P_28/o.dat.tmp", AT_FDCWD</home/exedev/js-wf/integration>, "/tmp/TestMixedWorkflowsRecoverFromFourServerFaults3749442285/001/node-0/jetstream/$G/streams/WF_RUN/obs/WF_P_28/o.dat") = 0 <0.000107>
661436 1790835817.171137 <... pwrite64 resumed>) = 184 (DELAYED) <0.025296>
661436 1790835817.172040 pwrite64(48</tmp/TestMixedWorkflowsRecoverFromFourServerFaults3749442285/001/node-0/jetstream/$SYS/_js_/C-R3F-5zk9g5oE/msgs/1.blk>, "\177\0\0\0\35\0\0\0\0\0\0\0\343\355\224\375\257S\332\30\0\0000m6vARoZ\3\0"..., 127, 3112 <unfinished ...>
661549 1790835817.174864 <... pwrite64 resumed>) = 81 (DELAYED) <0.025290>
661549 1790835817.174953 pwrite64(51</tmp/TestMixedWorkflowsRecoverFromFourServerFaults3749442285/001/node-0/jetstream/$SYS/_js_/C-R3F-7OYeMzZe/msgs/1.blk>, "z\0\0\0 \0\0\0\0\0\0\0q\5\302\375\257S\332\30\0\0000m6vARoZ\3\0"..., 122, 3387 <unfinished ...>
661554 1790835817.175405 newfstatat(AT_FDCWD</home/exedev/js-wf/integration>, "/tmp/TestMixedWorkflowsRecoverFromFourServerFaults3749442285/001/node-0/jetstream/$G/streams/WF_RUN/obs/WF_P_26/o.dat",  <unfinished ...>
661553 1790835817.175608 pwrite64(22</tmp/TestMixedWorkflowsRecoverFromFourServerFaults3749442285/001/node-0/jetstream/$G/streams/WF_RUN/msgs/1.blk>, "\270\0\0\200\202\0\0\0\0\0\0\0\360\\\30\374\257S\332\30\t\0wf.run.15`"..., 184, 23868 <unfinished ...>
661554 1790835817.175702 <... newfstatat resumed>{st_mode=S_IFREG|0600, st_size=21, ...}, AT_SYMLINK_NOFOLLOW) = 0 <0.000272>
661554 1790835817.175966 renameat(AT_FDCWD</home/exedev/js-wf/integration>, "/tmp/TestMixedWorkflowsRecoverFromFourServerFaults3749442285/001/node-0/jetstream/$G/streams/WF_RUN/obs/WF_P_26/o.dat.tmp", AT_FDCWD</home/exedev/js-wf/integration>, "/tmp/TestMixedWorkflowsRecoverFromFourServerFaults3749442285/001/node-0/jetstream/$G/streams/WF_RUN/obs/WF_P_26/o.dat" <unfinished ...>
661422 1790835817.176046 newfstatat(AT_FDCWD</home/exedev/js-wf/integration>, "/tmp/TestMixedWorkflowsRecoverFromFourServerFaults3749442285/001/node-0/jetstream/$G/streams/WF_RUN/obs/WF_P_51/o.dat",  <unfinished ...>
661554 1790835817.176109 <... renameat resumed>) = 0 <0.000122>
661422 1790835817.176116 <... newfstatat resumed>{st_mode=S_IFREG|0600, st_size=16, ...}, AT_SYMLINK_NOFOLLOW) = 0 <0.000063>
661422 1790835817.176146 renameat(AT_FDCWD</home/exedev/js-wf/integration>, "/tmp/TestMixedWorkflowsRecoverFromFourServerFaults3749442285/001/node-0/jetstream/$G/streams/WF_RUN/obs/WF_P_51/o.dat.tmp", AT_FDCWD</home/exedev/js-wf/integration>, "/tmp/TestMixedWorkflowsRecoverFromFourServerFaults3749442285/001/node-0/jetstream/$G/streams/WF_RUN/obs/WF_P_51/o.dat") = 0 <0.000043>
661556 1790835817.176559 <... pwrite64 resumed>) = 1536 (DELAYED) <0.025026>
661406 1790835817.178464 <... pwrite64 resumed>) = 108 (DELAYED) <0.025477>
661422 1790835817.178533 pwrite64(49</tmp/TestMixedWorkflowsRecoverFromFourServerFaults3749442285/001/node-0/jetstream/$SYS/_js_/C-R3F-SaO96lab/msgs/1.blk>, "j\0\0\0.\0\0\0\0\0\0\0\215\305\370\375\257S\332\30\0\0000m6vARoZ\3\0"..., 106, 4866 <unfinished ...>
661556 1790835817.178847 pwrite64(45</tmp/TestMixedWorkflowsRecoverFromFourServerFaults3749442285/001/node-0/jetstream/$SYS/_js_/C-R3F-w2Vf1jql/msgs/1.blk>, "l\0\0\0\16\0\0\0\0\0\0\0\\\177\375\375\257S\332\30\0\0000m6vARoZ\3\0"..., 108, 1412 <unfinished ...>
661417 1790835817.181070 pwrite64(32</tmp/TestMixedWorkflowsRecoverFromFourServerFaults3749442285/001/node-0/jetstream/$G/streams/KV_WF_STATE/msgs/1.blk>, "s\0\0\200\20\0\0\0\0\0\0\0a\276\372\375\257S\332\30\33\0$KV.WF_STA"..., 115, 2470 <unfinished ...>
661406 1790835817.181129 pwrite64(30</tmp/TestMixedWorkflowsRecoverFromFourServerFaults3749442285/001/node-0/jetstream/$G/streams/KV_WF_LEASE/msgs/1.blk>, "\237\0\0\200\310\1\0\0\0\0\0\0n9\334\375\257S\332\30#\0$KV.WF_LEA"..., 1853, 75880 <unfinished ...>
661407 1790835817.186076 <... pwrite64 resumed>) = 1858 (DELAYED) <0.025012>
661551 1790835817.191324 pwrite64(24</tmp/TestMixedWorkflowsRecoverFromFourServerFaults3749442285/001/node-0/jetstream/$G/streams/WF_JRN/msgs/1.blk>, "\377\0\0\200\24\1\0\0\0\0\0\0NV\232\376\257S\332\309\0wf.jrn.mix"..., 1326, 76427 <unfinished ...>
661550 1790835817.195936 newfstatat(AT_FDCWD</home/exedev/js-wf/integration>, "/tmp/TestMixedWorkflowsRecoverFromFourServerFaults3749442285/001/node-0/jetstream/$G/streams/WF_RUN/obs/WF_P_12/o.dat", {st_mode=S_IFREG|0600, st_size=68, ...}, AT_SYMLINK_NOFOLLOW) = 0 <0.000025>
661550 1790835817.196013 renameat(AT_FDCWD</home/exedev/js-wf/integration>, "/tmp/TestMixedWorkflowsRecoverFromFourServerFaults3749442285/001/node-0/jetstream/$G/streams/WF_RUN/obs/WF_P_12/o.dat.tmp", AT_FDCWD</home/exedev/js-wf/integration>, "/tmp/TestMixedWorkflowsRecoverFromFourServerFaults3749442285/001/node-0/jetstream/$G/streams/WF_RUN/obs/WF_P_12/o.dat") = 0 <0.000110>
661436 1790835817.197068 <... pwrite64 resumed>) = 127 (DELAYED) <0.024998>
661549 1790835817.199992 <... pwrite64 resumed>) = 122 (DELAYED) <0.025023>
661549 1790835817.200446 newfstatat(AT_FDCWD</home/exedev/js-wf/integration>, "/tmp/TestMixedWorkflowsRecoverFromFourServerFaults3749442285/001/node-0/jetstream/$G/streams/WF_RUN/obs/WF_P_63/o.dat", {st_mode=S_IFREG|0600, st_size=16, ...}, AT_SYMLINK_NOFOLLOW) = 0 <0.000022>
661549 1790835817.200505 renameat(AT_FDCWD</home/exedev/js-wf/integration>, "/tmp/TestMixedWorkflowsRecoverFromFourServerFaults3749442285/001/node-0/jetstream/$G/streams/WF_RUN/obs/WF_P_63/o.dat.tmp", AT_FDCWD</home/exedev/js-wf/integration>, "/tmp/TestMixedWorkflowsRecoverFromFourServerFaults3749442285/001/node-0/jetstream/$G/streams/WF_RUN/obs/WF_P_63/o.dat") = 0 <0.000090>
661553 1790835817.200631 <... pwrite64 resumed>) = 184 (DELAYED) <0.025005>
661553 1790835817.200738 pwrite64(44</tmp/TestMixedWorkflowsRecoverFromFourServerFaults3749442285/001/node-0/jetstream/$SYS/_js_/C-R3F-MSuCeJue/msgs/1.blk>, "\202\0\0\0\f\0\0\0\0\0\0\0\0TK\377\257S\332\30\0\0000m6vARoZ\3\0"..., 130, 1266 <unfinished ...>
661549 1790835817.202544 newfstatat(AT_FDCWD</home/exedev/js-wf/integration>, "/tmp/TestMixedWorkflowsRecoverFromFourServerFaults3749442285/001/node-0/jetstream/$G/streams/WF_RUN/obs/WF_P_15/o.dat", {st_mode=S_IFREG|0600, st_size=19, ...}, AT_SYMLINK_NOFOLLOW) = 0 <0.000392>
661549 1790835817.203004 renameat(AT_FDCWD</home/exedev/js-wf/integration>, "/tmp/TestMixedWorkflowsRecoverFromFourServerFaults3749442285/001/node-0/jetstream/$G/streams/WF_RUN/obs/WF_P_15/o.dat.tmp", AT_FDCWD</home/exedev/js-wf/integration>, "/tmp/TestMixedWorkflowsRecoverFromFourServerFaults3749442285/001/node-0/jetstream/$G/streams/WF_RUN/obs/WF_P_15/o.dat") = 0 <0.000058>
661556 1790835817.203878 <... pwrite64 resumed>) = 108 (DELAYED) <0.024838>
661556 1790835817.203946 pwrite64(45</tmp/TestMixedWorkflowsRecoverFromFourServerFaults3749442285/001/node-0/jetstream/$SYS/_js_/C-R3F-w2Vf1jql/msgs/1.blk>, "_\0\0\0\17\0\0\0\0\0\0\0\223\244|\377\257S\332\30\0\0000m6vARoZ\3\0"..., 95, 1520 <unfinished ...>
661550 1790835817.205202 pwrite64(22</tmp/TestMixedWorkflowsRecoverFromFourServerFaults3749442285/001/node-0/jetstream/$G/streams/WF_RUN/msgs/1.blk>, "\36\0\0\0}\0\0\0\0\0\0@\224\265L\350\257S\332\30\0\0\374&\375\6\324\202\0\246", 30, 24052 <unfinished ...>
661422 1790835817.206125 <... pwrite64 resumed>) = 106 (DELAYED) <0.027572>
661417 1790835817.206213 <... pwrite64 resumed>) = 115 (DELAYED) <0.025128>
661406 1790835817.206844 <... pwrite64 resumed>) = 1853 (DELAYED) <0.025708>
661406 1790835817.214209 pwrite64(30</tmp/TestMixedWorkflowsRecoverFromFourServerFaults3749442285/001/node-0/jetstream/$G/streams/KV_WF_LEASE/msgs/1.blk>, "\252\0\0\200\323\1\0\0\0\0\0\0\315,\252\377\257S\332\30?\0$KV.WF_LEA"..., 837, 77733 <unfinished ...>
661436 1790835817.214269 pwrite64(32</tmp/TestMixedWorkflowsRecoverFromFourServerFaults3749442285/001/node-0/jetstream/$G/streams/KV_WF_STATE/msgs/1.blk>, "\263\0\0\200\21\0\0\0\0\0\0\0B\245\272\376\257S\332\30?\0$KV.WF_STA"..., 328, 2585 <unfinished ...>
661549 1790835817.216179 pwrite64(47</tmp/TestMixedWorkflowsRecoverFromFourServerFaults3749442285/001/node-0/jetstream/$SYS/_js_/C-R3F-JUPhrGJa/msgs/1.blk>, "l\0\0\0\30\0\0\0\0\0\0\0\21107\0\260S\332\30\0\0000m6vARoZ\3\0"..., 108, 2694 <unfinished ...>
661407 1790835817.216580 pwrite64(41</tmp/TestMixedWorkflowsRecoverFromFourServerFaults3749442285/001/node-0/jetstream/$SYS/_js_/C-R3F-9oj0nEIt/msgs/1.blk>, "l\0\0\0\22\0\0\0\0\0\0\0\364\270<\0\260S\332\30\0\0000m6vARoZ\3\0"..., 108, 1828 <unfinished ...>
661551 1790835817.217962 <... pwrite64 resumed>) = 1326 (DELAYED) <0.026433>
661417 1790835817.225566 pwrite64(48</tmp/TestMixedWorkflowsRecoverFromFourServerFaults3749442285/001/node-0/jetstream/$SYS/_js_/C-R3F-5zk9g5oE/msgs/1.blk>, "\\\0\0\0\36\0\0\0\0\0\0\0\17\277\300\0\260S\332\30\0\0000m6vARoZ\3\0"..., 92, 3239 <unfinished ...>
661553 1790835817.226593 <... pwrite64 resumed>) = 130 (DELAYED) <0.025838>
661553 1790835817.232221 pwrite64(25</tmp/TestMixedWorkflowsRecoverFromFourServerFaults3749442285/001/node-0/jetstream/$SYS/_js_/S-R3F-jsfg5vMh/msgs/2.blk>, "\356\1\0\0+\0\0\0\0\0\0\0<V+\1\260S\332\30\0\0St9I6EVH\2\0"..., 494, 15835 <unfinished ...>
661550 1790835817.232319 <... pwrite64 resumed>) = 30 (DELAYED) <0.027100>
661556 1790835817.232352 <... pwrite64 resumed>) = 95 (DELAYED) <0.028383>
661556 1790835817.233485 newfstatat(AT_FDCWD</home/exedev/js-wf/integration>, "/tmp/TestMixedWorkflowsRecoverFromFourServerFaults3749442285/001/node-0/jetstream/$G/streams/WF_RUN/obs/WF_P_43/o.dat", {st_mode=S_IFREG|0600, st_size=18, ...}, AT_SYMLINK_NOFOLLOW) = 0 <0.000016>
661556 1790835817.233552 renameat(AT_FDCWD</home/exedev/js-wf/integration>, "/tmp/TestMixedWorkflowsRecoverFromFourServerFaults3749442285/001/node-0/jetstream/$G/streams/WF_RUN/obs/WF_P_43/o.dat.tmp", AT_FDCWD</home/exedev/js-wf/integration>, "/tmp/TestMixedWorkflowsRecoverFromFourServerFaults3749442285/001/node-0/jetstream/$G/streams/WF_RUN/obs/WF_P_43/o.dat") = 0 <0.000086>
661552 1790835817.234328 newfstatat(AT_FDCWD</home/exedev/js-wf/integration>, "/tmp/TestMixedWorkflowsRecoverFromFourServerFaults3749442285/001/node-0/jetstream/$G/streams/WF_RUN/obs/WF_P_10/o.dat", {st_mode=S_IFREG|0600, st_size=18, ...}, AT_SYMLINK_NOFOLLOW) = 0 <0.000009>
661552 1790835817.234431 renameat(AT_FDCWD</home/exedev/js-wf/integration>, "/tmp/TestMixedWorkflowsRecoverFromFourServerFaults3749442285/001/node-0/jetstream/$G/streams/WF_RUN/obs/WF_P_10/o.dat.tmp", AT_FDCWD</home/exedev/js-wf/integration>, "/tmp/TestMixedWorkflowsRecoverFromFourServerFaults3749442285/001/node-0/jetstream/$G/streams/WF_RUN/obs/WF_P_10/o.dat") = 0 <0.000097>
661422 1790835817.237501 pwrite64(24</tmp/TestMixedWorkflowsRecoverFromFourServerFaults3749442285/001/node-0/jetstream/$G/streams/WF_JRN/msgs/1.blk>, "\372\0\0\200\31\1\0\0\0\0\0\0n\277\272\376\257S\332\0304\0wf.jrn.mix"..., 1481, 77753 <unfinished ...>
661550 1790835817.238062 pwrite64(22</tmp/TestMixedWorkflowsRecoverFromFourServerFaults3749442285/001/node-0/jetstream/$G/streams/WF_RUN/msgs/1.blk>, "\36\0\0\0\5\0\0\0\0\0\0@.\266\26\267\253S\332\30\0\0O\2552G \" \260\36\0"..., 60, 24082 <unfinished ...>
661406 1790835817.239241 <... pwrite64 resumed>) = 837 (DELAYED) <0.024999>
661436 1790835817.239457 <... pwrite64 resumed>) = 328 (DELAYED) <0.025178>
661554 1790835817.241758 pwrite64(32</tmp/TestMixedWorkflowsRecoverFromFourServerFaults3749442285/001/node-0/jetstream/$G/streams/KV_WF_STATE/msgs/1.blk>, "\256\0\0\200\23\0\0\0\0\0\0\0\375R\205\0\260S\332\30:\0$KV.WF_STA"..., 174, 2913 <unfinished ...>
661549 1790835817.241789 <... pwrite64 resumed>) = 108 (DELAYED) <0.025453>
661407 1790835817.241797 <... pwrite64 resumed>) = 108 (DELAYED) <0.025202>
661407 1790835817.241902 pwrite64(41</tmp/TestMixedWorkflowsRecoverFromFourServerFaults3749442285/001/node-0/jetstream/$SYS/_js_/C-R3F-9oj0nEIt/msgs/1.blk>, "_\0\0\0\23\0\0\0\0\0\0\0\251\223\277\1\260S\332\30\0\0000m6vARoZ\3\0"..., 95, 1936 <unfinished ...>
661436 1790835817.242065 pwrite64(47</tmp/TestMixedWorkflowsRecoverFromFourServerFaults3749442285/001/node-0/jetstream/$SYS/_js_/C-R3F-JUPhrGJa/msgs/1.blk>, "_\0\0\0\31\0\0\0\0\0\0\0L\314\301\1\260S\332\30\0\0000m6vARoZ\3\0"..., 95, 2802 <unfinished ...>
661556 1790835817.243368 pwrite64(46</tmp/TestMixedWorkflowsRecoverFromFourServerFaults3749442285/001/node-0/jetstream/$SYS/_js_/C-R3F-13UXQlAl/msgs/1.blk>, "Q\0\0\0\37\0\0\0\0\0\0\0\326\34\326\1\260S\332\30\0\0000m6vARoZ\2\0"..., 81, 3758 <unfinished ...>
661406 1790835817.243862 pwrite64(30</tmp/TestMixedWorkflowsRecoverFromFourServerFaults3749442285/001/node-0/jetstream/$G/streams/KV_WF_LEASE/msgs/1.blk>, "\215\0\0\200\330\1\0\0\0\0\0\0\v\361\232\1\260S\332\30\"\0$KV.WF_LEA"..., 983, 78570 <unfinished ...>
661417 1790835817.250652 <... pwrite64 resumed>) = 92 (DELAYED) <0.025030>
661417 1790835817.250810 pwrite64(48</tmp/TestMixedWorkflowsRecoverFromFourServerFaults3749442285/001/node-0/jetstream/$SYS/_js_/C-R3F-5zk9g5oE/msgs/1.blk>, "l\0\0\0\37\0\0\0\0\0\0\0\200DG\2\260S\332\30\0\0000m6vARoZ\3\0"..., 108, 3331 <unfinished ...>
661553 1790835817.257260 <... pwrite64 resumed>) = 494 (DELAYED) <0.024993>
661553 1790835817.261051 pwrite64(26</tmp/TestMixedWorkflowsRecoverFromFourServerFaults3749442285/001/node-0/jetstream/$G/streams/WF_SIG/msgs/1.blk>, "\200\1\0\200*\0\0\0\0\0\0\08U\1\1\260S\332\30<\0wf.sig.mix"..., 384, 11256 <unfinished ...>
661422 1790835817.262556 <... pwrite64 resumed>) = 1481 (DELAYED) <0.025015>
661550 1790835817.263266 <... pwrite64 resumed>) = 60 (DELAYED) <0.025184>
661550 1790835817.265686 pwrite64(22</tmp/TestMixedWorkflowsRecoverFromFourServerFaults3749442285/001/node-0/jetstream/$G/streams/WF_RUN/msgs/1.blk>, "\202\0\0\200\203\0\0\0\0\0\0\0\261\273\357\2\260S\332\30\10\0wf.run.0+\0"..., 130, 24142 <unfinished ...>
661554 1790835817.266977 <... pwrite64 resumed>) = 174 (DELAYED) <0.025193>
661436 1790835817.267092 <... pwrite64 resumed>) = 95 (DELAYED) <0.025015>
661407 1790835817.267851 <... pwrite64 resumed>) = 95 (DELAYED) <0.025935>
661407 1790835817.268542 pwrite64(32</tmp/TestMixedWorkflowsRecoverFromFourServerFaults3749442285/001/node-0/jetstream/$G/streams/KV_WF_STATE/msgs/1.blk>, "\256\0\0\200\24\0\0\0\0\0\0\0g\221\233\1\260S\332\30:\0$KV.WF_STA"..., 174, 3087 <unfinished ...>
661556 1790835817.268567 <... pwrite64 resumed>) = 81 (DELAYED) <0.025178>
661556 1790835817.268736 pwrite64(46</tmp/TestMixedWorkflowsRecoverFromFourServerFaults3749442285/001/node-0/jetstream/$SYS/_js_/C-R3F-13UXQlAl/msgs/1.blk>, "z\0\0\0 \0\0\0\0\0\0\0\220\227W\3\260S\332\30\0\0000m6vARoZ\2\0"..., 122, 3839 <unfinished ...>
661406 1790835817.269092 <... pwrite64 resumed>) = 983 (DELAYED) <0.025200>
661554 1790835817.269494 pwrite64(25</tmp/TestMixedWorkflowsRecoverFromFourServerFaults3749442285/001/node-0/jetstream/$SYS/_js_/S-R3F-jsfg5vMh/msgs/2.blk>, "\300\1\0\0,\0\0\0\0\0\0\0\333\215d\3\260S\332\30\0\0St9I6EVH\2\0"..., 448, 16329 <unfinished ...>
661436 1790835817.269820 newfstatat(AT_FDCWD</home/exedev/js-wf/integration>, "/tmp/TestMixedWorkflowsRecoverFromFourServerFaults3749442285/001/node-0/jetstream/$G/streams/WF_RUN/obs/WF_P_55/o.dat", {st_mode=S_IFREG|0600, st_size=18, ...}, AT_SYMLINK_NOFOLLOW) = 0 <0.000015>
661436 1790835817.269937 renameat(AT_FDCWD</home/exedev/js-wf/integration>, "/tmp/TestMixedWorkflowsRecoverFromFourServerFaults3749442285/001/node-0/jetstream/$G/streams/WF_RUN/obs/WF_P_55/o.dat.tmp", AT_FDCWD</home/exedev/js-wf/integration>, "/tmp/TestMixedWorkflowsRecoverFromFourServerFaults3749442285/001/node-0/jetstream/$G/streams/WF_RUN/obs/WF_P_55/o.dat") = 0 <0.000125>
661436 1790835817.271371 pwrite64(24</tmp/TestMixedWorkflowsRecoverFromFourServerFaults3749442285/001/node-0/jetstream/$G/streams/WF_JRN/msgs/1.blk>, "\333\0\0\200\37\1\0\0\0\0\0\0^\3640\3\260S\332\30\35\0wf.jrn.mix"..., 1200, 79234 <unfinished ...>
661551 1790835817.272107 newfstatat(AT_FDCWD</home/exedev/js-wf/integration>, "/tmp/TestMixedWorkflowsRecoverFromFourServerFaults3749442285/001/node-0/jetstream/$G/streams/WF_RUN/obs/WF_P_28/o.dat", {st_mode=S_IFREG|0600, st_size=18, ...}, AT_SYMLINK_NOFOLLOW) = 0 <0.000015>
661551 1790835817.272159 renameat(AT_FDCWD</home/exedev/js-wf/integration>, "/tmp/TestMixedWorkflowsRecoverFromFourServerFaults3749442285/001/node-0/jetstream/$G/streams/WF_RUN/obs/WF_P_28/o.dat.tmp", AT_FDCWD</home/exedev/js-wf/integration>, "/tmp/TestMixedWorkflowsRecoverFromFourServerFaults3749442285/001/node-0/jetstream/$G/streams/WF_RUN/obs/WF_P_28/o.dat") = 0 <0.000399>
661552 1790835817.276506 pwrite64(30</tmp/TestMixedWorkflowsRecoverFromFourServerFaults3749442285/001/node-0/jetstream/$G/streams/KV_WF_LEASE/msgs/1.blk>, "\252\0\0\200\336\1\0\0\0\0\0\0-\240b\3\260S\332\30?\0$KV.WF_LEA"..., 647, 79553 <unfinished ...>
661551 1790835817.276674 newfstatat(AT_FDCWD</home/exedev/js-wf/integration>, "/tmp/TestMixedWorkflowsRecoverFromFourServerFaults3749442285/001/node-0/jetstream/$G/streams/WF_RUN/obs/WF_P_51/o.dat", {st_mode=S_IFREG|0600, st_size=20, ...}, AT_SYMLINK_NOFOLLOW) = 0 <0.000009>
661551 1790835817.276707 renameat(AT_FDCWD</home/exedev/js-wf/integration>, "/tmp/TestMixedWorkflowsRecoverFromFourServerFaults3749442285/001/node-0/jetstream/$G/streams/WF_RUN/obs/WF_P_51/o.dat.tmp", AT_FDCWD</home/exedev/js-wf/integration>, "/tmp/TestMixedWorkflowsRecoverFromFourServerFaults3749442285/001/node-0/jetstream/$G/streams/WF_RUN/obs/WF_P_51/o.dat") = 0 <0.000084>
661417 1790835817.277586 <... pwrite64 resumed>) = 108 (DELAYED) <0.026723>
661553 1790835817.286092 <... pwrite64 resumed>) = 384 (DELAYED) <0.024999>
661550 1790835817.290797 <... pwrite64 resumed>) = 130 (DELAYED) <0.025071>
661550 1790835817.290897 --- SIGURG {si_signo=SIGURG, si_code=SI_TKILL, si_pid=661400, si_uid=1000} ---
661407 1790835817.293571 <... pwrite64 resumed>) = 174 (DELAYED) <0.025008>
661556 1790835817.293773 <... pwrite64 resumed>) = 122 (DELAYED) <0.025019>
661407 1790835817.294668 pwrite64(43</tmp/TestMixedWorkflowsRecoverFromFourServerFaults3749442285/001/node-0/jetstream/$SYS/_js_/C-R3F-0ktVzAXS/msgs/1.blk>, "Q\0\0\0004\0\0\0\0\0\0\0D\253\337\4\260S\332\30\0\0000m6vARoZ\3\0"..., 81, 6143 <unfinished ...>
661554 1790835817.294694 <... pwrite64 resumed>) = 448 (DELAYED) <0.025183>
661422 1790835817.294976 pwrite64(32</tmp/TestMixedWorkflowsRecoverFromFourServerFaults3749442285/001/node-0/jetstream/$G/streams/KV_WF_STATE/msgs/1.blk>, "\256\0\0\200\25\0\0\0\0\0\0\0k\252\221\3\260S\332\30:\0$KV.WF_STA"..., 348, 3261 <unfinished ...>
661417 1790835817.295540 newfstatat(AT_FDCWD</home/exedev/js-wf/integration>, "/tmp/TestMixedWorkflowsRecoverFromFourServerFaults3749442285/001/node-0/jetstream/$G/streams/WF_RUN/obs/WF_P_18/o.dat", {st_mode=S_IFREG|0600, st_size=45, ...}, AT_SYMLINK_NOFOLLOW) = 0 <0.000075>
661417 1790835817.295670 renameat(AT_FDCWD</home/exedev/js-wf/integration>, "/tmp/TestMixedWorkflowsRecoverFromFourServerFaults3749442285/001/node-0/jetstream/$G/streams/WF_RUN/obs/WF_P_18/o.dat.tmp", AT_FDCWD</home/exedev/js-wf/integration>, "/tmp/TestMixedWorkflowsRecoverFromFourServerFaults3749442285/001/node-0/jetstream/$G/streams/WF_RUN/obs/WF_P_18/o.dat") = 0 <0.000084>
661436 1790835817.296404 <... pwrite64 resumed>) = 1200 (DELAYED) <0.025008>
661553 1790835817.296721 pwrite64(41</tmp/TestMixedWorkflowsRecoverFromFourServerFaults3749442285/001/node-0/jetstream/$SYS/_js_/C-R3F-9oj0nEIt/msgs/1.blk>, "\177\0\0\0\24\0\0\0\0\0\0\0\25\226\0\5\260S\332\30\0\0000m6vARoZ\3\0"..., 127, 2031 <unfinished ...>
661554 1790835817.297758 pwrite64(26</tmp/TestMixedWorkflowsRecoverFromFourServerFaults3749442285/001/node-0/jetstream/$G/streams/WF_SIG/msgs/1.blk>, "R\1\0\200+\0\0\0\0\0\0\0}\303Y\3\260S\332\30%\0wf.sig.mix"..., 338, 11640 <unfinished ...>
661417 1790835817.303684 pwrite64(24</tmp/TestMixedWorkflowsRecoverFromFourServerFaults3749442285/001/node-0/jetstream/$G/streams/WF_JRN/msgs/1.blk>, "\30\1\0\200$\1\0\0\0\0\0\0005\230\26\5\260S\332\30\35\0wf.jrn.mix"..., 280, 80434 <unfinished ...>
661552 1790835817.307643 <... pwrite64 resumed>) = 647 (DELAYED) <0.031117>
661552 1790835817.308216 pwrite64(22</tmp/TestMixedWorkflowsRecoverFromFourServerFaults3749442285/001/node-0/jetstream/$G/streams/WF_RUN/msgs/1.blk>, "\36\0\0\0004\0\0\0\0\0\0@\316\300\257\340\253S\332\30\0\0\247v&\2\267+\35c\36\0"..., 198, 24272 <unfinished ...>
661556 1790835817.308458 newfstatat(AT_FDCWD</home/exedev/js-wf/integration>, "/tmp/TestMixedWorkflowsRecoverFromFourServerFaults3749442285/001/node-0/jetstream/$G/streams/WF_RUN/obs/WF_P_63/o.dat", {st_mode=S_IFREG|0600, st_size=8, ...}, AT_SYMLINK_NOFOLLOW) = 0 <0.000013>
661556 1790835817.308584 renameat(AT_FDCWD</home/exedev/js-wf/integration>, "/tmp/TestMixedWorkflowsRecoverFromFourServerFaults3749442285/001/node-0/jetstream/$G/streams/WF_RUN/obs/WF_P_63/o.dat.tmp", AT_FDCWD</home/exedev/js-wf/integration>, "/tmp/TestMixedWorkflowsRecoverFromFourServerFaults3749442285/001/node-0/jetstream/$G/streams/WF_RUN/obs/WF_P_63/o.dat" <unfinished ...>
661551 1790835817.308612 pwrite64(25</tmp/TestMixedWorkflowsRecoverFromFourServerFaults3749442285/001/node-0/jetstream/$SYS/_js_/S-R3F-jsfg5vMh/msgs/2.blk>, "\302\1\0\0-\0\0\0\0\0\0\0\345\330\270\5\260S\332\30\0\0St9I6EVH\2\0"..., 450, 16777 <unfinished ...>
661548 1790835817.308624 newfstatat(AT_FDCWD</home/exedev/js-wf/integration>, "/tmp/TestMixedWorkflowsRecoverFromFourServerFaults3749442285/001/node-0/jetstream/$G/streams/WF_RUN/obs/WF_P_15/o.dat",  <unfinished ...>
661556 1790835817.308701 <... renameat resumed>) = 0 <0.000101>
661548 1790835817.308752 <... newfstatat resumed>{st_mode=S_IFREG|0600, st_size=23, ...}, AT_SYMLINK_NOFOLLOW) = 0 <0.000120>
661548 1790835817.308783 renameat(AT_FDCWD</home/exedev/js-wf/integration>, "/tmp/TestMixedWorkflowsRecoverFromFourServerFaults3749442285/001/node-0/jetstream/$G/streams/WF_RUN/obs/WF_P_15/o.dat.tmp", AT_FDCWD</home/exedev/js-wf/integration>, "/tmp/TestMixedWorkflowsRecoverFromFourServerFaults3749442285/001/node-0/jetstream/$G/streams/WF_RUN/obs/WF_P_15/o.dat") = 0 <0.000059>
661436 1790835817.320326 pwrite64(30</tmp/TestMixedWorkflowsRecoverFromFourServerFaults3749442285/001/node-0/jetstream/$G/streams/KV_WF_LEASE/msgs/1.blk>, "\240\0\0\200\342\1\0\0\0\0\0\0!x\257\5\260S\332\30#\0$KV.WF_LEA"..., 160, 80200 <unfinished ...>
661422 1790835817.322674 <... pwrite64 resumed>) = 348 (DELAYED) <0.027674>
661407 1790835817.322690 <... pwrite64 resumed>) = 81 (DELAYED) <0.028001>
661553 1790835817.322696 <... pwrite64 resumed>) = 127 (DELAYED) <0.025958>
661554 1790835817.322806 <... pwrite64 resumed>) = 338 (DELAYED) <0.025023>
661407 1790835817.322929 pwrite64(43</tmp/TestMixedWorkflowsRecoverFromFourServerFaults3749442285/001/node-0/jetstream/$SYS/_js_/C-R3F-0ktVzAXS/msgs/1.blk>, "\241\0\0\0005\0\0\0\0\0\0\0\221\20\224\6\260S\332\30\0\0000m6vARoZ\3\0"..., 161, 6224 <unfinished ...>
661417 1790835817.331808 <... pwrite64 resumed>) = 280 (DELAYED) <0.024193>
661551 1790835817.333980 <... pwrite64 resumed>) = 450 (DELAYED) <0.025355>
661551 1790835817.334128 pwrite64(25</tmp/TestMixedWorkflowsRecoverFromFourServerFaults3749442285/001/node-0/jetstream/$SYS/_js_/S-R3F-jsfg5vMh/msgs/2.blk>, "\300\1\0\0.\0\0\0\0\0\0\0\265\4?\7\260S\332\30\0\0St9I6EVH\2\0"..., 448, 17227 <unfinished ...>
661417 1790835817.334609 newfstatat(AT_FDCWD</home/exedev/js-wf/integration>, "/tmp/TestMixedWorkflowsRecoverFromFourServerFaults3749442285/001/node-0/jetstream/$G/streams/WF_RUN/obs/WF_P_43/o.dat",  <unfinished ...>
661552 1790835817.335029 <... pwrite64 resumed>) = 198 (DELAYED) <0.026791>
661417 1790835817.336268 <... newfstatat resumed>{st_mode=S_IFREG|0600, st_size=8, ...}, AT_SYMLINK_NOFOLLOW) = 0 <0.001640>
661417 1790835817.336349 renameat(AT_FDCWD</home/exedev/js-wf/integration>, "/tmp/TestMixedWorkflowsRecoverFromFourServerFaults3749442285/001/node-0/jetstream/$G/streams/WF_RUN/obs/WF_P_43/o.dat.tmp", AT_FDCWD</home/exedev/js-wf/integration>, "/tmp/TestMixedWorkflowsRecoverFromFourServerFaults3749442285/001/node-0/jetstream/$G/streams/WF_RUN/obs/WF_P_43/o.dat") = 0 <0.000075>
661417 1790835817.336489 pwrite64(24</tmp/TestMixedWorkflowsRecoverFromFourServerFaults3749442285/001/node-0/jetstream/$G/streams/WF_JRN/msgs/1.blk>, "\331\0\0\200%\1\0\0\0\0\0\0e\2320\5\260S\332\30\35\0wf.jrn.mix"..., 535, 80714 <unfinished ...>
661553 1790835817.337199 newfstatat(AT_FDCWD</home/exedev/js-wf/integration>, "/tmp/TestMixedWorkflowsRecoverFromFourServerFaults3749442285/001/node-0/jetstream/$G/streams/WF_RUN/obs/WF_P_10/o.dat", {st_mode=S_IFREG|0600, st_size=8, ...}, AT_SYMLINK_NOFOLLOW) = 0 <0.000022>
661553 1790835817.337260 renameat(AT_FDCWD</home/exedev/js-wf/integration>, "/tmp/TestMixedWorkflowsRecoverFromFourServerFaults3749442285/001/node-0/jetstream/$G/streams/WF_RUN/obs/WF_P_10/o.dat.tmp", AT_FDCWD</home/exedev/js-wf/integration>, "/tmp/TestMixedWorkflowsRecoverFromFourServerFaults3749442285/001/node-0/jetstream/$G/streams/WF_RUN/obs/WF_P_10/o.dat") = 0 <0.000110>
661548 1790835817.340707 pwrite64(41</tmp/TestMixedWorkflowsRecoverFromFourServerFaults3749442285/001/node-0/jetstream/$SYS/_js_/C-R3F-9oj0nEIt/msgs/1.blk>, "\177\0\0\0\25\0\0\0\0\0\0\0QD\243\7\260S\332\30\0\0000m6vARoZ\3\0"..., 127, 2158 <unfinished ...>
661422 1790835817.342154 pwrite64(22</tmp/TestMixedWorkflowsRecoverFromFourServerFaults3749442285/001/node-0/jetstream/$G/streams/WF_RUN/msgs/1.blk>, "l\0\0\200\205\0\0\0\0\0\0\0-\350r\7\260S\332\30\t\0wf.run.55+"..., 108, 24470 <unfinished ...>
661436 1790835817.345367 <... pwrite64 resumed>) = 160 (DELAYED) <0.022715>
661407 1790835817.348068 <... pwrite64 resumed>) = 161 (DELAYED) <0.025122>
661552 1790835817.348312 pwrite64(30</tmp/TestMixedWorkflowsRecoverFromFourServerFaults3749442285/001/node-0/jetstream/$G/streams/KV_WF_LEASE/msgs/1.blk>, "\237\0\0\200\343\1\0\0\0\0\0\0:m\364\7\260S\332\30#\0$KV.WF_LEA"..., 623, 80360 <unfinished ...>
661550 1790835817.348603 pwrite64(42</tmp/TestMixedWorkflowsRecoverFromFourServerFaults3749442285/001/node-0/jetstream/$SYS/_js_/C-R3F-GtA4TRr8/msgs/1.blk>, "l\0\0\0)\0\0\0\0\0\0\0\320\233\33\10\260S\332\30\0\0000m6vARoZ\3\0"..., 108, 4495 <unfinished ...>
661407 1790835817.348791 newfstatat(AT_FDCWD</home/exedev/js-wf/integration>, "/tmp/TestMixedWorkflowsRecoverFromFourServerFaults3749442285/001/node-0/jetstream/$G/streams/WF_RUN/obs/WF_P_27/o.dat", {st_mode=S_IFREG|0600, st_size=67, ...}, AT_SYMLINK_NOFOLLOW) = 0 <0.000029>
661407 1790835817.348876 renameat(AT_FDCWD</home/exedev/js-wf/integration>, "/tmp/TestMixedWorkflowsRecoverFromFourServerFaults3749442285/001/node-0/jetstream/$G/streams/WF_RUN/obs/WF_P_27/o.dat.tmp", AT_FDCWD</home/exedev/js-wf/integration>, "/tmp/TestMixedWorkflowsRecoverFromFourServerFaults3749442285/001/node-0/jetstream/$G/streams/WF_RUN/obs/WF_P_27/o.dat") = 0 <0.000144>
661556 1790835817.349138 pwrite64(52</tmp/TestMixedWorkflowsRecoverFromFourServerFaults3749442285/001/node-0/jetstream/$SYS/_js_/C-R3F-msGDjRCn/msgs/1.blk>, "t\0\0\0\"\0\0\0\0\0\0\0\261\370#\10\260S\332\30\0\0000m6vARoZ\3\0"..., 116, 3600 <unfinished ...>
661551 1790835817.359166 <... pwrite64 resumed>) = 448 (DELAYED) <0.025013>
661551 1790835817.359253 pwrite64(25</tmp/TestMixedWorkflowsRecoverFromFourServerFaults3749442285/001/node-0/jetstream/$SYS/_js_/S-R3F-jsfg5vMh/msgs/2.blk>, "\300\1\0\0/\0\0\0\0\0\0\0\202\\\276\10\260S\332\30\0\0St9I6EVH\2\0"..., 448, 17675 <unfinished ...>
661417 1790835817.361533 <... pwrite64 resumed>) = 535 (DELAYED) <0.025027>
661417 1790835817.361632 --- SIGURG {si_signo=SIGURG, si_code=SI_TKILL, si_pid=661400, si_uid=1000} ---
661417 1790835817.361704 --- SIGURG {si_signo=SIGURG, si_code=SI_TKILL, si_pid=661400, si_uid=1000} ---
661548 1790835817.365947 <... pwrite64 resumed>) = 127 (DELAYED) <0.025078>
661417 1790835817.367624 pwrite64(24</tmp/TestMixedWorkflowsRecoverFromFourServerFaults3749442285/001/node-0/jetstream/$G/streams/WF_JRN/msgs/1.blk>, "\333\0\0\200'\1\0\0\0\0\0\0\221\340\347\10\260S\332\30\35\0wf.jrn.mix"..., 700, 81249 <unfinished ...>
661422 1790835817.367668 <... pwrite64 resumed>) = 108 (DELAYED) <0.025494>
661548 1790835817.371781 newfstatat(AT_FDCWD</home/exedev/js-wf/integration>, "/tmp/TestMixedWorkflowsRecoverFromFourServerFaults3749442285/001/node-0/jetstream/$G/streams/WF_RUN/obs/WF_P_55/o.dat", {st_mode=S_IFREG|0600, st_size=8, ...}, AT_SYMLINK_NOFOLLOW) = 0 <0.000041>
661548 1790835817.371897 renameat(AT_FDCWD</home/exedev/js-wf/integration>, "/tmp/TestMixedWorkflowsRecoverFromFourServerFaults3749442285/001/node-0/jetstream/$G/streams/WF_RUN/obs/WF_P_55/o.dat.tmp", AT_FDCWD</home/exedev/js-wf/integration>, "/tmp/TestMixedWorkflowsRecoverFromFourServerFaults3749442285/001/node-0/jetstream/$G/streams/WF_RUN/obs/WF_P_55/o.dat") = 0 <0.000071>
661436 1790835817.373037 newfstatat(AT_FDCWD</home/exedev/js-wf/integration>, "/tmp/TestMixedWorkflowsRecoverFromFourServerFaults3749442285/001/node-0/jetstream/$G/streams/WF_RUN/obs/WF_P_28/o.dat", {st_mode=S_IFREG|0600, st_size=8, ...}, AT_SYMLINK_NOFOLLOW) = 0 <0.000011>
661436 1790835817.373077 renameat(AT_FDCWD</home/exedev/js-wf/integration>, "/tmp/TestMixedWorkflowsRecoverFromFourServerFaults3749442285/001/node-0/jetstream/$G/streams/WF_RUN/obs/WF_P_28/o.dat.tmp", AT_FDCWD</home/exedev/js-wf/integration>, "/tmp/TestMixedWorkflowsRecoverFromFourServerFaults3749442285/001/node-0/jetstream/$G/streams/WF_RUN/obs/WF_P_28/o.dat") = 0 <0.000103>
661552 1790835817.373333 <... pwrite64 resumed>) = 623 (DELAYED) <0.025002>
661550 1790835817.373843 <... pwrite64 resumed>) = 108 (DELAYED) <0.025220>
661550 1790835817.373909 pwrite64(42</tmp/TestMixedWorkflowsRecoverFromFourServerFaults3749442285/001/node-0/jetstream/$SYS/_js_/C-R3F-GtA4TRr8/msgs/1.blk>, "\206\0\0\0*\0\0\0\0\0\0\0!\344\235\t\260S\332\30\0\0000m6vARoZ\3\0"..., 134, 4603 <unfinished ...>
661436 1790835817.373947 pwrite64(22</tmp/TestMixedWorkflowsRecoverFromFourServerFaults3749442285/001/node-0/jetstream/$G/streams/WF_RUN/msgs/1.blk>, "\36\0\0\0(\0\0\0\0\0\0@X\200\342\312\253S\332\30\0\0m\376\201\305k\7\336\34l\0"..., 138, 24578 <unfinished ...>
661556 1790835817.374229 <... pwrite64 resumed>) = 116 (DELAYED) <0.025075>
661556 1790835817.374894 pwrite64(52</tmp/TestMixedWorkflowsRecoverFromFourServerFaults3749442285/001/node-0/jetstream/$SYS/_js_/C-R3F-msGDjRCn/msgs/1.blk>, "\177\0\0\0#\0\0\0\0\0\0\0\250\22\254\t\260S\332\30\0\0000m6vARoZ\3\0"..., 127, 3716 <unfinished ...>
661422 1790835817.377639 pwrite64(41</tmp/TestMixedWorkflowsRecoverFromFourServerFaults3749442285/001/node-0/jetstream/$SYS/_js_/C-R3F-9oj0nEIt/msgs/1.blk>, "\\\0\0\0\26\0\0\0\0\0\0\0\210\370\326\t\260S\332\30\0\0000m6vARoZ\3\0"..., 92, 2285 <unfinished ...>
661552 1790835817.377698 pwrite64(43</tmp/TestMixedWorkflowsRecoverFromFourServerFaults3749442285/001/node-0/jetstream/$SYS/_js_/C-R3F-0ktVzAXS/msgs/1.blk>, "l\0\0\0006\0\0\0\0\0\0\0\371\352\327\t\260S\332\30\0\0000m6vARoZ\3\0"..., 108, 6385 <unfinished ...>
661548 1790835817.378063 newfstatat(AT_FDCWD</home/exedev/js-wf/integration>, "/tmp/TestMixedWorkflowsRecoverFromFourServerFaults3749442285/001/node-0/jetstream/$G/streams/WF_RUN/obs/WF_P_51/o.dat", {st_mode=S_IFREG|0600, st_size=20, ...}, AT_SYMLINK_NOFOLLOW) = 0 <0.000012>
661548 1790835817.378099 renameat(AT_FDCWD</home/exedev/js-wf/integration>, "/tmp/TestMixedWorkflowsRecoverFromFourServerFaults3749442285/001/node-0/jetstream/$G/streams/WF_RUN/obs/WF_P_51/o.dat.tmp", AT_FDCWD</home/exedev/js-wf/integration>, "/tmp/TestMixedWorkflowsRecoverFromFourServerFaults3749442285/001/node-0/jetstream/$G/streams/WF_RUN/obs/WF_P_51/o.dat") = 0 <0.000076>
661407 1790835817.382338 pwrite64(30</tmp/TestMixedWorkflowsRecoverFromFourServerFaults3749442285/001/node-0/jetstream/$G/streams/KV_WF_LEASE/msgs/1.blk>, "\235\0\0\200\347\1\0\0\0\0\0\0\3772\226\t\260S\332\30#\0$KV.WF_LEA"..., 958, 80983 <unfinished ...>
661551 1790835817.384300 <... pwrite64 resumed>) = 448 (DELAYED) <0.025030>
661406 1790835817.388137 pwrite64(26</tmp/TestMixedWorkflowsRecoverFromFourServerFaults3749442285/001/node-0/jetstream/$G/streams/WF_SIG/msgs/1.blk>, "T\1\0\200,\0\0\0\0\0\0\0\231\23,\5\260S\332\30&\0wf.sig.mix"..., 1016, 11978 <unfinished ...>
661417 1790835817.392689 <... pwrite64 resumed>) = 700 (DELAYED) <0.025020>
661548 1790835817.396998 newfstatat(AT_FDCWD</home/exedev/js-wf/integration>, "/tmp/TestMixedWorkflowsRecoverFromFourServerFaults3749442285/001/node-0/jetstream/$G/streams/WF_RUN/obs/WF_P_18/o.dat", {st_mode=S_IFREG|0600, st_size=40, ...}, AT_SYMLINK_NOFOLLOW) = 0 <0.000035>
661548 1790835817.397151 renameat(AT_FDCWD</home/exedev/js-wf/integration>, "/tmp/TestMixedWorkflowsRecoverFromFourServerFaults3749442285/001/node-0/jetstream/$G/streams/WF_RUN/obs/WF_P_18/o.dat.tmp", AT_FDCWD</home/exedev/js-wf/integration>, "/tmp/TestMixedWorkflowsRecoverFromFourServerFaults3749442285/001/node-0/jetstream/$G/streams/WF_RUN/obs/WF_P_18/o.dat") = 0 <0.000072>
661550 1790835817.399444 <... pwrite64 resumed>) = 134 (DELAYED) <0.025523>
661548 1790835817.399533 pwrite64(24</tmp/TestMixedWorkflowsRecoverFromFourServerFaults3749442285/001/node-0/jetstream/$G/streams/WF_JRN/msgs/1.blk>, "\331\0\0\200*\1\0\0\0\0\0\0\344d\316\n\260S\332\30\35\0wf.jrn.mix"..., 816, 81949 <unfinished ...>
661556 1790835817.399924 <... pwrite64 resumed>) = 127 (DELAYED) <0.025013>
661556 1790835817.399966 pwrite64(52</tmp/TestMixedWorkflowsRecoverFromFourServerFaults3749442285/001/node-0/jetstream/$SYS/_js_/C-R3F-msGDjRCn/msgs/1.blk>, "t\0\0\0$\0\0\0\0\0\0\0f\242+\v\260S\332\30\0\0000m6vARoZ\3\0"..., 116, 3843 <unfinished ...>
661436 1790835817.400510 <... pwrite64 resumed>) = 138 (DELAYED) <0.026555>
661436 1790835817.401362 newfstatat(AT_FDCWD</home/exedev/js-wf/integration>, "/tmp/TestMixedWorkflowsRecoverFromFourServerFaults3749442285/001/node-0/jetstream/$G/streams/WF_RUN/obs/WF_P_33/o.dat",  <unfinished ...>
661551 1790835817.401389 newfstatat(AT_FDCWD</home/exedev/js-wf/integration>, "/tmp/TestMixedWorkflowsRecoverFromFourServerFaults3749442285/001/node-0/jetstream/$G/streams/WF_RUN/obs/WF_P_26/o.dat",  <unfinished ...>
661436 1790835817.401404 <... newfstatat resumed>{st_mode=S_IFREG|0600, st_size=19, ...}, AT_SYMLINK_NOFOLLOW) = 0 <0.000029>
661551 1790835817.401416 <... newfstatat resumed>{st_mode=S_IFREG|0600, st_size=21, ...}, AT_SYMLINK_NOFOLLOW) = 0 <0.000013>
661551 1790835817.401433 renameat(AT_FDCWD</home/exedev/js-wf/integration>, "/tmp/TestMixedWorkflowsRecoverFromFourServerFaults3749442285/001/node-0/jetstream/$G/streams/WF_RUN/obs/WF_P_26/o.dat.tmp", AT_FDCWD</home/exedev/js-wf/integration>, "/tmp/TestMixedWorkflowsRecoverFromFourServerFaults3749442285/001/node-0/jetstream/$G/streams/WF_RUN/obs/WF_P_26/o.dat" <unfinished ...>
661436 1790835817.401447 renameat(AT_FDCWD</home/exedev/js-wf/integration>, "/tmp/TestMixedWorkflowsRecoverFromFourServerFaults3749442285/001/node-0/jetstream/$G/streams/WF_RUN/obs/WF_P_33/o.dat.tmp", AT_FDCWD</home/exedev/js-wf/integration>, "/tmp/TestMixedWorkflowsRecoverFromFourServerFaults3749442285/001/node-0/jetstream/$G/streams/WF_RUN/obs/WF_P_33/o.dat" <unfinished ...>
661551 1790835817.401495 <... renameat resumed>) = 0 <0.000056>
661436 1790835817.401561 <... renameat resumed>) = 0 <0.000109>
661554 1790835817.401718 pwrite64(22</tmp/TestMixedWorkflowsRecoverFromFourServerFaults3749442285/001/node-0/jetstream/$G/streams/WF_RUN/msgs/1.blk>, "l\0\0\200\207\0\0\0\0\0\0\0\315yI\n\260S\332\30\t\0wf.run.55+"..., 108, 24716 <unfinished ...>
661552 1790835817.402857 <... pwrite64 resumed>) = 108 (DELAYED) <0.025149>
661552 1790835817.402959 pwrite64(43</tmp/TestMixedWorkflowsRecoverFromFourServerFaults3749442285/001/node-0/jetstream/$SYS/_js_/C-R3F-0ktVzAXS/msgs/1.blk>, "\220\0\0\0007\0\0\0\0\0\0\0\32\316X\v\260S\332\30\0\0000m6vARoZ\3\0"..., 144, 6493 <unfinished ...>
661422 1790835817.403068 <... pwrite64 resumed>) = 92 (DELAYED) <0.025413>
661422 1790835817.403151 pwrite64(41</tmp/TestMixedWorkflowsRecoverFromFourServerFaults3749442285/001/node-0/jetstream/$SYS/_js_/C-R3F-9oj0nEIt/msgs/1.blk>, "\242\0\0\0\27\0\0\0\0\0\0\0\364?\\\v\260S\332\30\0\0000m6vARoZ\3\0"..., 162, 2377 <unfinished ...>
661407 1790835817.407371 <... pwrite64 resumed>) = 958 (DELAYED) <0.025012>
661553 1790835817.409803 pwrite64(49</tmp/TestMixedWorkflowsRecoverFromFourServerFaults3749442285/001/node-0/jetstream/$SYS/_js_/C-R3F-SaO96lab/msgs/1.blk>, "Q\0\0\0/\0\0\0\0\0\0\0\302\225\301\v\260S\332\30\0\0000m6vARoZ\3\0"..., 81, 4972 <unfinished ...>
661406 1790835817.413176 <... pwrite64 resumed>) = 1016 (DELAYED) <0.025010>
661554 1790835817.432092 <... pwrite64 resumed>) = 108 (DELAYED) <0.030357>
661552 1790835817.432117 <... pwrite64 resumed>) = 144 (DELAYED) <0.029139>
661422 1790835817.432122 <... pwrite64 resumed>) = 162 (DELAYED) <0.028959>
661548 1790835817.432261 <... pwrite64 resumed>) = 816 (DELAYED) <0.032703>
661406 1790835817.432509 pwrite64(30</tmp/TestMixedWorkflowsRecoverFromFourServerFaults3749442285/001/node-0/jetstream/$G/streams/KV_WF_LEASE/msgs/1.blk>, "\237\0\0\200\355\1\0\0\0\0\0\0\317\300\235\v\260S\332\30#\0$KV.WF_LEA"..., 958, 81941 <unfinished ...>
661556 1790835817.432652 <... pwrite64 resumed>) = 116 (DELAYED) <0.032656>
661556 1790835817.433550 pwrite64(52</tmp/TestMixedWorkflowsRecoverFromFourServerFaults3749442285/001/node-0/jetstream/$SYS/_js_/C-R3F-msGDjRCn/msgs/1.blk>, "W\0\0\0%\0\0\0\0\0\0\0J\322 \r\260S\332\30\0\0000m6vARoZ\3\0"..., 87, 3959 <unfinished ...>
661553 1790835817.434876 <... pwrite64 resumed>) = 81 (DELAYED) <0.025053>
661553 1790835817.434932 pwrite64(49</tmp/TestMixedWorkflowsRecoverFromFourServerFaults3749442285/001/node-0/jetstream/$SYS/_js_/C-R3F-SaO96lab/msgs/1.blk>, "z\0\0\0000\0\0\0\0\0\0\0\273\31A\r\260S\332\30\0\0000m6vARoZ\3\0"..., 122, 5053 <unfinished ...>
661552 1790835817.436137 pwrite64(22</tmp/TestMixedWorkflowsRecoverFromFourServerFaults3749442285/001/node-0/jetstream/$G/streams/WF_RUN/msgs/1.blk>, "\36\0\0\0~\0\0\0\0\0\0@:Y\316\351\257S\332\30\0\0\336L>\345[\202Lo\36\0"..., 60, 24824 <unfinished ...>
661554 1790835817.436342 pwrite64(42</tmp/TestMixedWorkflowsRecoverFromFourServerFaults3749442285/001/node-0/jetstream/$SYS/_js_/C-R3F-GtA4TRr8/msgs/1.blk>, "Q\0\0\0+\0\0\0\0\0\0\0Y5V\r\260S\332\30\0\0000m6vARoZ\3\0"..., 81, 4737 <unfinished ...>
661422 1790835817.440348 pwrite64(24</tmp/TestMixedWorkflowsRecoverFromFourServerFaults3749442285/001/node-0/jetstream/$G/streams/WF_JRN/msgs/1.blk>, "\333\0\0\200-\1\0\0\0\0\0\0\26vC\r\260S\332\30\35\0wf.jrn.mix"..., 700, 82765 <unfinished ...>
661548 1790835817.450319 newfstatat(AT_FDCWD</home/exedev/js-wf/integration>, "/tmp/TestMixedWorkflowsRecoverFromFourServerFaults3749442285/001/node-0/jetstream/$G/streams/WF_RUN/obs/WF_P_27/o.dat", {st_mode=S_IFREG|0600, st_size=62, ...}, AT_SYMLINK_NOFOLLOW) = 0 <0.000015>
661548 1790835817.450373 renameat(AT_FDCWD</home/exedev/js-wf/integration>, "/tmp/TestMixedWorkflowsRecoverFromFourServerFaults3749442285/001/node-0/jetstream/$G/streams/WF_RUN/obs/WF_P_27/o.dat.tmp", AT_FDCWD</home/exedev/js-wf/integration>, "/tmp/TestMixedWorkflowsRecoverFromFourServerFaults3749442285/001/node-0/jetstream/$G/streams/WF_RUN/obs/WF_P_27/o.dat") = 0 <0.000070>
661406 1790835817.457567 <... pwrite64 resumed>) = 958 (DELAYED) <0.024918>
661556 1790835817.458576 <... pwrite64 resumed>) = 87 (DELAYED) <0.025010>
661406 1790835817.458623 --- SIGURG {si_signo=SIGURG, si_code=SI_TKILL, si_pid=661400, si_uid=1000} ---
661553 1790835817.459959 <... pwrite64 resumed>) = 122 (DELAYED) <0.025016>
661552 1790835817.461415 <... pwrite64 resumed>) = 60 (DELAYED) <0.025167>
661554 1790835817.461482 <... pwrite64 resumed>) = 81 (DELAYED) <0.025127>
661554 1790835817.461771 pwrite64(42</tmp/TestMixedWorkflowsRecoverFromFourServerFaults3749442285/001/node-0/jetstream/$SYS/_js_/C-R3F-GtA4TRr8/msgs/1.blk>, "\241\0\0\0,\0\0\0\0\0\0\0\"\372\327\16\260S\332\30\0\0000m6vARoZ\3\0"..., 161, 4818 <unfinished ...>
661548 1790835817.461836 pwrite64(30</tmp/TestMixedWorkflowsRecoverFromFourServerFaults3749442285/001/node-0/jetstream/$G/streams/KV_WF_LEASE/msgs/1.blk>, "\240\0\0\200\363\1\0\0\0\0\0\0l|\254\16\260S\332\30#\0$KV.WF_LEA"..., 642, 82899 <unfinished ...>
661553 1790835817.462354 pwrite64(48</tmp/TestMixedWorkflowsRecoverFromFourServerFaults3749442285/001/node-0/jetstream/$SYS/_js_/C-R3F-5zk9g5oE/msgs/1.blk>, "Q\0\0\0 \0\0\0\0\0\0\0\334\237\343\16\260S\332\30\0\0000m6vARoZ\3\0"..., 81, 3439 <unfinished ...>
661552 1790835817.463852 pwrite64(41</tmp/TestMixedWorkflowsRecoverFromFourServerFaults3749442285/001/node-0/jetstream/$SYS/_js_/C-R3F-9oj0nEIt/msgs/1.blk>, "l\0\0\0\30\0\0\0\0\0\0\0\322P\372\16\260S\332\30\0\0000m6vARoZ\3\0"..., 108, 2539 <unfinished ...>
661417 1790835817.463984 pwrite64(22</tmp/TestMixedWorkflowsRecoverFromFourServerFaults3749442285/001/node-0/jetstream/$G/streams/WF_RUN/msgs/1.blk>, "\36\0\0\0|\0\0\0\0\0\0@\202\370\325\346\257S\332\30\0\0002\264\240\\\177%\354{\36\0"..., 60, 24884 <unfinished ...>
661422 1790835817.465465 <... pwrite64 resumed>) = 700 (DELAYED) <0.025087>
661422 1790835817.470540 pwrite64(24</tmp/TestMixedWorkflowsRecoverFromFourServerFaults3749442285/001/node-0/jetstream/$G/streams/WF_JRN/msgs/1.blk>, "\30\1\0\2000\1\0\0\0\0\0\0\264\2476\17\260S\332\30\35\0wf.jrn.mix"..., 280, 83465 <unfinished ...>
661407 1790835817.472638 newfstatat(AT_FDCWD</home/exedev/js-wf/integration>, "/tmp/TestMixedWorkflowsRecoverFromFourServerFaults3749442285/001/node-0/jetstream/$G/streams/WF_RUN/obs/WF_P_55/o.dat", {st_mode=S_IFREG|0600, st_size=20, ...}, AT_SYMLINK_NOFOLLOW) = 0 <0.000154>
661407 1790835817.472861 renameat(AT_FDCWD</home/exedev/js-wf/integration>, "/tmp/TestMixedWorkflowsRecoverFromFourServerFaults3749442285/001/node-0/jetstream/$G/streams/WF_RUN/obs/WF_P_55/o.dat.tmp", AT_FDCWD</home/exedev/js-wf/integration>, "/tmp/TestMixedWorkflowsRecoverFromFourServerFaults3749442285/001/node-0/jetstream/$G/streams/WF_RUN/obs/WF_P_55/o.dat") = 0 <0.000075>
661556 1790835817.480467 newfstatat(AT_FDCWD</home/exedev/js-wf/integration>, "/tmp/TestMixedWorkflowsRecoverFromFourServerFaults3749442285/001/node-0/jetstream/$G/streams/WF_RUN/obs/WF_P_51/o.dat", {st_mode=S_IFREG|0600, st_size=20, ...}, AT_SYMLINK_NOFOLLOW) = 0 <0.000015>
661556 1790835817.480580 renameat(AT_FDCWD</home/exedev/js-wf/integration>, "/tmp/TestMixedWorkflowsRecoverFromFourServerFaults3749442285/001/node-0/jetstream/$G/streams/WF_RUN/obs/WF_P_51/o.dat.tmp", AT_FDCWD</home/exedev/js-wf/integration>, "/tmp/TestMixedWorkflowsRecoverFromFourServerFaults3749442285/001/node-0/jetstream/$G/streams/WF_RUN/obs/WF_P_51/o.dat") = 0 <0.000083>
661554 1790835817.486867 <... pwrite64 resumed>) = 161 (DELAYED) <0.025072>
661548 1790835817.486890 <... pwrite64 resumed>) = 642 (DELAYED) <0.024968>
661548 1790835817.487232 --- SIGURG {si_signo=SIGURG, si_code=SI_TKILL, si_pid=661400, si_uid=1000} ---
661553 1790835817.487429 <... pwrite64 resumed>) = 81 (DELAYED) <0.025052>
661553 1790835817.487623 pwrite64(48</tmp/TestMixedWorkflowsRecoverFromFourServerFaults3749442285/001/node-0/jetstream/$SYS/_js_/C-R3F-5zk9g5oE/msgs/1.blk>, "z\0\0\0!\0\0\0\0\0\0\0\216\213d\20\260S\332\30\0\0000m6vARoZ\3\0"..., 122, 3520 <unfinished ...>
661552 1790835817.488937 <... pwrite64 resumed>) = 108 (DELAYED) <0.025064>
661552 1790835817.489052 pwrite64(41</tmp/TestMixedWorkflowsRecoverFromFourServerFaults3749442285/001/node-0/jetstream/$SYS/_js_/C-R3F-9oj0nEIt/msgs/1.blk>, "\222\0\0\0\31\0\0\0\0\0\0\0\337\230z\20\260S\332\30\0\0000m6vARoZ\3\0"..., 146, 2647 <unfinished ...>
661417 1790835817.489334 <... pwrite64 resumed>) = 60 (DELAYED) <0.025338>
661554 1790835817.491364 pwrite64(22</tmp/TestMixedWorkflowsRecoverFromFourServerFaults3749442285/001/node-0/jetstream/$G/streams/WF_RUN/msgs/1.blk>, "\36\0\0\09\0\0\0\0\0\0@ \30\350\344\256S\332\30\0\0\225\np(\177\0044\25", 30, 24944 <unfinished ...>
661550 1790835817.495531 pwrite64(30</tmp/TestMixedWorkflowsRecoverFromFourServerFaults3749442285/001/node-0/jetstream/$G/streams/KV_WF_LEASE/msgs/1.blk>, "\272\0\0\200\367\1\0\0\0\0\0\0]\262\306\16\260S\332\30?\0$KV.WF_LEA"..., 896, 83541 <unfinished ...>
661422 1790835817.495599 <... pwrite64 resumed>) = 280 (DELAYED) <0.025020>
661417 1790835817.499903 pwrite64(24</tmp/TestMixedWorkflowsRecoverFromFourServerFaults3749442285/001/node-0/jetstream/$G/streams/WF_JRN/msgs/1.blk>, "\331\0\0\2001\1\0\0\0\0\0\0)bG\17\260S\332\30\35\0wf.jrn.mix"..., 536, 83745 <unfinished ...>
661548 1790835817.501845 newfstatat(AT_FDCWD</home/exedev/js-wf/integration>, "/tmp/TestMixedWorkflowsRecoverFromFourServerFaults3749442285/001/node-0/jetstream/$G/streams/WF_RUN/obs/WF_P_33/o.dat", {st_mode=S_IFREG|0600, st_size=16, ...}, AT_SYMLINK_NOFOLLOW) = 0 <0.000005>
661548 1790835817.501889 renameat(AT_FDCWD</home/exedev/js-wf/integration>, "/tmp/TestMixedWorkflowsRecoverFromFourServerFaults3749442285/001/node-0/jetstream/$G/streams/WF_RUN/obs/WF_P_33/o.dat.tmp", AT_FDCWD</home/exedev/js-wf/integration>, "/tmp/TestMixedWorkflowsRecoverFromFourServerFaults3749442285/001/node-0/jetstream/$G/streams/WF_RUN/obs/WF_P_33/o.dat") = 0 <0.000058>
661548 1790835817.502411 newfstatat(AT_FDCWD</home/exedev/js-wf/integration>, "/tmp/TestMixedWorkflowsRecoverFromFourServerFaults3749442285/001/node-0/jetstream/$G/streams/WF_RUN/obs/WF_P_26/o.dat", {st_mode=S_IFREG|0600, st_size=16, ...}, AT_SYMLINK_NOFOLLOW) = 0 <0.000007>
661548 1790835817.502456 renameat(AT_FDCWD</home/exedev/js-wf/integration>, "/tmp/TestMixedWorkflowsRecoverFromFourServerFaults3749442285/001/node-0/jetstream/$G/streams/WF_RUN/obs/WF_P_26/o.dat.tmp", AT_FDCWD</home/exedev/js-wf/integration>, "/tmp/TestMixedWorkflowsRecoverFromFourServerFaults3749442285/001/node-0/jetstream/$G/streams/WF_RUN/obs/WF_P_26/o.dat") = 0 <0.000066>
661553 1790835817.512704 <... pwrite64 resumed>) = 122 (DELAYED) <0.025054>
661552 1790835817.514908 <... pwrite64 resumed>) = 146 (DELAYED) <0.025838>
661553 1790835817.515792 newfstatat(AT_FDCWD</home/exedev/js-wf/integration>, "/tmp/TestMixedWorkflowsRecoverFromFourServerFaults3749442285/001/node-0/jetstream/$G/streams/WF_RUN/obs/WF_P_15/o.dat", {st_mode=S_IFREG|0600, st_size=23, ...}, AT_SYMLINK_NOFOLLOW) = 0 <0.000023>
661553 1790835817.515880 renameat(AT_FDCWD</home/exedev/js-wf/integration>, "/tmp/TestMixedWorkflowsRecoverFromFourServerFaults3749442285/001/node-0/jetstream/$G/streams/WF_RUN/obs/WF_P_15/o.dat.tmp", AT_FDCWD</home/exedev/js-wf/integration>, "/tmp/TestMixedWorkflowsRecoverFromFourServerFaults3749442285/001/node-0/jetstream/$G/streams/WF_RUN/obs/WF_P_15/o.dat") = 0 <0.000143>
661554 1790835817.516479 <... pwrite64 resumed>) = 30 (DELAYED) <0.025092>
661554 1790835817.516612 pwrite64(46</tmp/TestMixedWorkflowsRecoverFromFourServerFaults3749442285/001/node-0/jetstream/$SYS/_js_/C-R3F-13UXQlAl/msgs/1.blk>, "z\0\0\0!\0\0\0\0\0\0\0\231\202\37\22\260S\332\30\0\0000m6vARoZ\2\0"..., 122, 3961 <unfinished ...>
661407 1790835817.518975 pwrite64(22</tmp/TestMixedWorkflowsRecoverFromFourServerFaults3749442285/001/node-0/jetstream/$G/streams/WF_RUN/msgs/1.blk>, "\36\0\0\0z\0\0\0\0\0\0@z\202d\345\257S\332\30\0\0\r\f\"\330\203J\230\224", 30, 24974 <unfinished ...>
661550 1790835817.520551 <... pwrite64 resumed>) = 896 (DELAYED) <0.024986>
661417 1790835817.531913 <... pwrite64 resumed>) = 536 (DELAYED) <0.031983>
661551 1790835817.533651 pwrite64(24</tmp/TestMixedWorkflowsRecoverFromFourServerFaults3749442285/001/node-0/jetstream/$G/streams/WF_JRN/msgs/1.blk>, "\333\0\0\2003\1\0\0\0\0\0\0\357\352\365\20\260S\332\30\35\0wf.jrn.mix"..., 219, 84281 <unfinished ...>
661550 1790835817.536174 pwrite64(30</tmp/TestMixedWorkflowsRecoverFromFourServerFaults3749442285/001/node-0/jetstream/$G/streams/KV_WF_LEASE/msgs/1.blk>, "\237\0\0\200\374\1\0\0\0\0\0\0E\263\\\22\260S\332\30#\0$KV.WF_LEA"..., 317, 84437 <unfinished ...>
661552 1790835817.538364 pwrite64(41</tmp/TestMixedWorkflowsRecoverFromFourServerFaults3749442285/001/node-0/jetstream/$SYS/_js_/C-R3F-9oj0nEIt/msgs/1.blk>, "l\0\0\0\32\0\0\0\0\0\0\0^_j\23\260S\332\30\0\0000m6vARoZ\3\0"..., 108, 2793 <unfinished ...>
661554 1790835817.541771 <... pwrite64 resumed>) = 122 (DELAYED) <0.025130>
661556 1790835817.541950 pwrite64(46</tmp/TestMixedWorkflowsRecoverFromFourServerFaults3749442285/001/node-0/jetstream/$SYS/_js_/C-R3F-13UXQlAl/msgs/1.blk>, "l\0\0\0\"\0\0\0\0\0\0\0p\f\242\23\260S\332\30\0\0000m6vARoZ\2\0"..., 108, 4083 <unfinished ...>
661407 1790835817.544000 <... pwrite64 resumed>) = 30 (DELAYED) <0.024994>
661407 1790835817.550951 newfstatat(AT_FDCWD</home/exedev/js-wf/integration>, "/tmp/TestMixedWorkflowsRecoverFromFourServerFaults3749442285/001/node-0/jetstream/$G/streams/WF_RUN/obs/WF_P_27/o.dat", {st_mode=S_IFREG|0600, st_size=68, ...}, AT_SYMLINK_NOFOLLOW) = 0 <0.000005>
661407 1790835817.550993 renameat(AT_FDCWD</home/exedev/js-wf/integration>, "/tmp/TestMixedWorkflowsRecoverFromFourServerFaults3749442285/001/node-0/jetstream/$G/streams/WF_RUN/obs/WF_P_27/o.dat.tmp", AT_FDCWD</home/exedev/js-wf/integration>, "/tmp/TestMixedWorkflowsRecoverFromFourServerFaults3749442285/001/node-0/jetstream/$G/streams/WF_RUN/obs/WF_P_27/o.dat") = 0 <0.000048>
661551 1790835817.558744 <... pwrite64 resumed>) = 219 (DELAYED) <0.024940>
661551 1790835817.559532 --- SIGURG {si_signo=SIGURG, si_code=SI_TKILL, si_pid=661400, si_uid=1000} ---
661551 1790835817.559645 --- SIGURG {si_signo=SIGURG, si_code=SI_TKILL, si_pid=661400, si_uid=1000} ---
661550 1790835817.563580 <... pwrite64 resumed>) = 317 (DELAYED) <0.025809>
661552 1790835817.563646 <... pwrite64 resumed>) = 108 (DELAYED) <0.025266>
661554 1790835817.564030 pwrite64(41</tmp/TestMixedWorkflowsRecoverFromFourServerFaults3749442285/001/node-0/jetstream/$SYS/_js_/C-R3F-9oj0nEIt/msgs/1.blk>, "\\\0\0\0\33\0\0\0\0\0\0\0O\7\363\24\260S\332\30\0\0000m6vARoZ\3\0"..., 92, 2901 <unfinished ...>
661553 1790835817.564990 pwrite64(30</tmp/TestMixedWorkflowsRecoverFromFourServerFaults3749442285/001/node-0/jetstream/$G/streams/KV_WF_LEASE/msgs/1.blk>, "\240\0\0\200\376\1\0\0\0\0\0\0k\266C\23\260S\332\30#\0$KV.WF_LEA"..., 160, 84754 <unfinished ...>
661407 1790835817.566860 pwrite64(24</tmp/TestMixedWorkflowsRecoverFromFourServerFaults3749442285/001/node-0/jetstream/$G/streams/WF_JRN/msgs/1.blk>, "\27\1\0\2004\1\0\0\0\0\0\0\364\373\312\24\260S\332\30\35\0wf.jrn.mix"..., 279, 84500 <unfinished ...>
661556 1790835817.567337 <... pwrite64 resumed>) = 108 (DELAYED) <0.025367>
661556 1790835817.569253 newfstatat(AT_FDCWD</home/exedev/js-wf/integration>, "/tmp/TestMixedWorkflowsRecoverFromFourServerFaults3749442285/001/node-0/jetstream/$G/streams/WF_RUN/obs/WF_P_18/o.dat", {st_mode=S_IFREG|0600, st_size=41, ...}, AT_SYMLINK_NOFOLLOW) = 0 <0.000024>
661556 1790835817.569324 renameat(AT_FDCWD</home/exedev/js-wf/integration>, "/tmp/TestMixedWorkflowsRecoverFromFourServerFaults3749442285/001/node-0/jetstream/$G/streams/WF_RUN/obs/WF_P_18/o.dat.tmp", AT_FDCWD</home/exedev/js-wf/integration>, "/tmp/TestMixedWorkflowsRecoverFromFourServerFaults3749442285/001/node-0/jetstream/$G/streams/WF_RUN/obs/WF_P_18/o.dat") = 0 <0.000201>
661552 1790835817.574363 newfstatat(AT_FDCWD</home/exedev/js-wf/integration>, "/tmp/TestMixedWorkflowsRecoverFromFourServerFaults3749442285/001/node-0/jetstream/$G/streams/WF_RUN/obs/WF_P_55/o.dat", {st_mode=S_IFREG|0600, st_size=23, ...}, AT_SYMLINK_NOFOLLOW) = 0 <0.000047>
661552 1790835817.574468 renameat(AT_FDCWD</home/exedev/js-wf/integration>, "/tmp/TestMixedWorkflowsRecoverFromFourServerFaults3749442285/001/node-0/jetstream/$G/streams/WF_RUN/obs/WF_P_55/o.dat.tmp", AT_FDCWD</home/exedev/js-wf/integration>, "/tmp/TestMixedWorkflowsRecoverFromFourServerFaults3749442285/001/node-0/jetstream/$G/streams/WF_RUN/obs/WF_P_55/o.dat") = 0 <0.000074>
661548 1790835817.581156 newfstatat(AT_FDCWD</home/exedev/js-wf/integration>, "/tmp/TestMixedWorkflowsRecoverFromFourServerFaults3749442285/001/node-0/jetstream/$G/streams/WF_RUN/obs/WF_P_51/o.dat", {st_mode=S_IFREG|0600, st_size=17, ...}, AT_SYMLINK_NOFOLLOW) = 0 <0.000011>
661548 1790835817.581220 renameat(AT_FDCWD</home/exedev/js-wf/integration>, "/tmp/TestMixedWorkflowsRecoverFromFourServerFaults3749442285/001/node-0/jetstream/$G/streams/WF_RUN/obs/WF_P_51/o.dat.tmp", AT_FDCWD</home/exedev/js-wf/integration>, "/tmp/TestMixedWorkflowsRecoverFromFourServerFaults3749442285/001/node-0/jetstream/$G/streams/WF_RUN/obs/WF_P_51/o.dat") = 0 <0.000064>
661554 1790835817.589082 <... pwrite64 resumed>) = 92 (DELAYED) <0.025019>
661553 1790835817.590178 <... pwrite64 resumed>) = 160 (DELAYED) <0.025172>
661407 1790835817.591917 <... pwrite64 resumed>) = 279 (DELAYED) <0.025016>
661550 1790835817.595887 pwrite64(24</tmp/TestMixedWorkflowsRecoverFromFourServerFaults3749442285/001/node-0/jetstream/$G/streams/WF_JRN/msgs/1.blk>, "\312\0\0\2005\1\0\0\0\0\0\0x\314\362\24\260S\332\30\34\0wf.jrn.mix"..., 482, 84779 <unfinished ...>
661553 1790835817.597183 pwrite64(43</tmp/TestMixedWorkflowsRecoverFromFourServerFaults3749442285/001/node-0/jetstream/$SYS/_js_/C-R3F-0ktVzAXS/msgs/1.blk>, "l\0\0\08\0\0\0\0\0\0\0\316\300\354\26\260S\332\30\0\0000m6vARoZ\3\0"..., 108, 6637 <unfinished ...>
661407 1790835817.602883 newfstatat(AT_FDCWD</home/exedev/js-wf/integration>, "/tmp/TestMixedWorkflowsRecoverFromFourServerFaults3749442285/001/node-0/jetstream/$G/streams/WF_RUN/obs/WF_P_33/o.dat", {st_mode=S_IFREG|0600, st_size=18, ...}, AT_SYMLINK_NOFOLLOW) = 0 <0.000011>
661407 1790835817.606280 renameat(AT_FDCWD</home/exedev/js-wf/integration>, "/tmp/TestMixedWorkflowsRecoverFromFourServerFaults3749442285/001/node-0/jetstream/$G/streams/WF_RUN/obs/WF_P_33/o.dat.tmp", AT_FDCWD</home/exedev/js-wf/integration>, "/tmp/TestMixedWorkflowsRecoverFromFourServerFaults3749442285/001/node-0/jetstream/$G/streams/WF_RUN/obs/WF_P_33/o.dat" <unfinished ...>
661552 1790835817.606336 pwrite64(30</tmp/TestMixedWorkflowsRecoverFromFourServerFaults3749442285/001/node-0/jetstream/$G/streams/KV_WF_LEASE/msgs/1.blk>, "\267\0\0\200\377\1\0\0\0\0\0\0\265\222\361\24\260S\332\30?\0$KV.WF_LEA"..., 1176, 84914 <unfinished ...>
661407 1790835817.606803 <... renameat resumed>) = 0 <0.000493>
661554 1790835817.608908 newfstatat(AT_FDCWD</home/exedev/js-wf/integration>, "/tmp/TestMixedWorkflowsRecoverFromFourServerFaults3749442285/001/node-0/jetstream/$G/streams/WF_RUN/obs/WF_P_26/o.dat", {st_mode=S_IFREG|0600, st_size=19, ...}, AT_SYMLINK_NOFOLLOW) = 0 <0.000133>
661554 1790835817.609144 renameat(AT_FDCWD</home/exedev/js-wf/integration>, "/tmp/TestMixedWorkflowsRecoverFromFourServerFaults3749442285/001/node-0/jetstream/$G/streams/WF_RUN/obs/WF_P_26/o.dat.tmp", AT_FDCWD</home/exedev/js-wf/integration>, "/tmp/TestMixedWorkflowsRecoverFromFourServerFaults3749442285/001/node-0/jetstream/$G/streams/WF_RUN/obs/WF_P_26/o.dat") = 0 <0.000696>
661407 1790835817.617139 newfstatat(AT_FDCWD</home/exedev/js-wf/integration>, "/tmp/TestMixedWorkflowsRecoverFromFourServerFaults3749442285/001/node-0/jetstream/$G/streams/WF_RUN/obs/WF_P_15/o.dat", {st_mode=S_IFREG|0600, st_size=20, ...}, AT_SYMLINK_NOFOLLOW) = 0 <0.000010>
661407 1790835817.617236 renameat(AT_FDCWD</home/exedev/js-wf/integration>, "/tmp/TestMixedWorkflowsRecoverFromFourServerFaults3749442285/001/node-0/jetstream/$G/streams/WF_RUN/obs/WF_P_15/o.dat.tmp", AT_FDCWD</home/exedev/js-wf/integration>, "/tmp/TestMixedWorkflowsRecoverFromFourServerFaults3749442285/001/node-0/jetstream/$G/streams/WF_RUN/obs/WF_P_15/o.dat") = 0 <0.000057>
661550 1790835817.620943 <... pwrite64 resumed>) = 482 (DELAYED) <0.025026>
661553 1790835817.631946 <... pwrite64 resumed>) = 108 (DELAYED) <0.034740>
661552 1790835817.631971 <... pwrite64 resumed>) = 1176 (DELAYED) <0.025624>
661553 1790835817.632120 pwrite64(43</tmp/TestMixedWorkflowsRecoverFromFourServerFaults3749442285/001/node-0/jetstream/$SYS/_js_/C-R3F-0ktVzAXS/msgs/1.blk>, "\206\0\0\09\0\0\0\0\0\0\0D\261\0\31\260S\332\30\0\0000m6vARoZ\3\0"..., 134, 6745 <unfinished ...>
661550 1790835817.632262 --- SIGURG {si_signo=SIGURG, si_code=SI_TKILL, si_pid=661400, si_uid=1000} ---
661552 1790835817.637274 pwrite64(24</tmp/TestMixedWorkflowsRecoverFromFourServerFaults3749442285/001/node-0/jetstream/$G/streams/WF_JRN/msgs/1.blk>, "\331\0\0\2007\1\0\0\0\0\0\0\365t\31\31\260S\332\30\35\0wf.jrn.mix"..., 1114, 85261 <unfinished ...>
661554 1790835817.647150 pwrite64(30</tmp/TestMixedWorkflowsRecoverFromFourServerFaults3749442285/001/node-0/jetstream/$G/streams/KV_WF_LEASE/msgs/1.blk>, "\240\0\0\200\6\2\0\0\0\0\0\0,\33K\31\260S\332\30#\0$KV.WF_LEA"..., 823, 86090 <unfinished ...>
661553 1790835817.659225 <... pwrite64 resumed>) = 134 (DELAYED) <0.027079>
661553 1790835817.661305 --- SIGURG {si_signo=SIGURG, si_code=SI_TKILL, si_pid=661400, si_uid=1000} ---
661552 1790835817.662336 <... pwrite64 resumed>) = 1114 (DELAYED) <0.025033>
661553 1790835817.665314 newfstatat(AT_FDCWD</home/exedev/js-wf/integration>, "/tmp/TestMixedWorkflowsRecoverFromFourServerFaults3749442285/001/node-0/jetstream/$G/streams/WF_RUN/obs/WF_P_27/o.dat", {st_mode=S_IFREG|0600, st_size=68, ...}, AT_SYMLINK_NOFOLLOW) = 0 <0.000022>
661553 1790835817.665580 renameat(AT_FDCWD</home/exedev/js-wf/integration>, "/tmp/TestMixedWorkflowsRecoverFromFourServerFaults3749442285/001/node-0/jetstream/$G/streams/WF_RUN/obs/WF_P_27/o.dat.tmp", AT_FDCWD</home/exedev/js-wf/integration>, "/tmp/TestMixedWorkflowsRecoverFromFourServerFaults3749442285/001/node-0/jetstream/$G/streams/WF_RUN/obs/WF_P_27/o.dat") = 0 <0.000265>
661556 1790835817.667119 pwrite64(24</tmp/TestMixedWorkflowsRecoverFromFourServerFaults3749442285/001/node-0/jetstream/$G/streams/WF_JRN/msgs/1.blk>, "\30\1\0\200;\1\0\0\0\0\0\0\260\247\353\32\260S\332\30\35\0wf.jrn.mix"..., 280, 86375 <unfinished ...>
661548 1790835817.667356 pwrite64(22</tmp/TestMixedWorkflowsRecoverFromFourServerFaults3749442285/001/node-0/jetstream/$G/streams/WF_RUN/msgs/1.blk>, "\36\0\0\0n\0\0\0\0\0\0@\215\222&\255\257S\332\30\0\0\230\204c\315\225a)?", 30, 25004 <unfinished ...>
661554 1790835817.674895 <... pwrite64 resumed>) = 823 (DELAYED) <0.027702>
661407 1790835817.675115 newfstatat(AT_FDCWD</home/exedev/js-wf/integration>, "/tmp/TestMixedWorkflowsRecoverFromFourServerFaults3749442285/001/node-0/jetstream/$G/streams/WF_RUN/obs/WF_P_55/o.dat", {st_mode=S_IFREG|0600, st_size=26, ...}, AT_SYMLINK_NOFOLLOW) = 0 <0.000008>
661407 1790835817.675151 renameat(AT_FDCWD</home/exedev/js-wf/integration>, "/tmp/TestMixedWorkflowsRecoverFromFourServerFaults3749442285/001/node-0/jetstream/$G/streams/WF_RUN/obs/WF_P_55/o.dat.tmp", AT_FDCWD</home/exedev/js-wf/integration>, "/tmp/TestMixedWorkflowsRecoverFromFourServerFaults3749442285/001/node-0/jetstream/$G/streams/WF_RUN/obs/WF_P_55/o.dat") = 0 <0.000101>
661550 1790835817.678426 pwrite64(30</tmp/TestMixedWorkflowsRecoverFromFourServerFaults3749442285/001/node-0/jetstream/$G/streams/KV_WF_LEASE/msgs/1.blk>, "\240\0\0\200\v\2\0\0\0\0\0\0\313\334\225\33\260S\332\30#\0$KV.WF_LEA"..., 160, 86913 <unfinished ...>
661407 1790835817.680183 pwrite64(43</tmp/TestMixedWorkflowsRecoverFromFourServerFaults3749442285/001/node-0/jetstream/$SYS/_js_/C-R3F-0ktVzAXS/msgs/1.blk>, "l\0\0\0:\0\0\0\0\0\0\0\rZ\337\33\260S\332\30\0\0000m6vARoZ\3\0"..., 108, 6879 <unfinished ...>
661548 1790835817.692385 <... pwrite64 resumed>) = 30 (DELAYED) <0.025010>
661556 1790835817.692414 <... pwrite64 resumed>) = 280 (DELAYED) <0.025269>
661554 1790835817.695177 --- SIGURG {si_signo=SIGURG, si_code=SI_TKILL, si_pid=661400, si_uid=1000} ---
661554 1790835817.695623 --- SIGURG {si_signo=SIGURG, si_code=SI_TKILL, si_pid=661400, si_uid=1000} ---
661556 1790835817.695977 pwrite64(24</tmp/TestMixedWorkflowsRecoverFromFourServerFaults3749442285/001/node-0/jetstream/$G/streams/WF_JRN/msgs/1.blk>, "i\1\0\200<\1\0\0\0\0\0\0\245s\2\33\260S\332\30\35\0wf.jrn.mix"..., 1051, 86655 <unfinished ...>
661554 1790835817.698846 --- SIGURG {si_signo=SIGURG, si_code=SI_TKILL, si_pid=661400, si_uid=1000} ---
661554 1790835817.699100 --- SIGURG {si_signo=SIGURG, si_code=SI_TKILL, si_pid=661400, si_uid=1000} ---
661554 1790835817.700410 --- SIGURG {si_signo=SIGURG, si_code=SI_TKILL, si_pid=661400, si_uid=1000} ---
661554 1790835817.702851 --- SIGURG {si_signo=SIGURG, si_code=SI_TKILL, si_pid=661400, si_uid=1000} ---
661550 1790835817.703468 <... pwrite64 resumed>) = 160 (DELAYED) <0.025014>
661417 1790835817.703703 pwrite64(40</tmp/TestMixedWorkflowsRecoverFromFourServerFaults3749442285/001/node-0/jetstream/$SYS/_js_/C-R3F-tAOw9Q1E/msgs/1.blk>, "l\0\0\0\16\0\0\0\0\0\0\0\342bE\35\260S\332\30\0\0000m6vARoZ\3\0"..., 108, 1370 <unfinished ...>
661407 1790835817.705211 <... pwrite64 resumed>) = 108 (DELAYED) <0.025004>
661407 1790835817.705300 pwrite64(43</tmp/TestMixedWorkflowsRecoverFromFourServerFaults3749442285/001/node-0/jetstream/$SYS/_js_/C-R3F-0ktVzAXS/msgs/1.blk>, "i\0\0\0;\0\0\0\0\0\0\0\"\216^\35\260S\332\30\0\0000m6vARoZ\3\0"..., 105, 6987 <unfinished ...>
661550 1790835817.709358 pwrite64(30</tmp/TestMixedWorkflowsRecoverFromFourServerFaults3749442285/001/node-0/jetstream/$G/streams/KV_WF_LEASE/msgs/1.blk>, "\236\0\0\200\f\2\0\0\0\0\0\0\223PE\35\260S\332\30\"\0$KV.WF_LEA"..., 663, 87073 <unfinished ...>
661556 1790835817.721034 <... pwrite64 resumed>) = 1051 (DELAYED) <0.025017>
661556 1790835817.721177 --- SIGURG {si_signo=SIGURG, si_code=SI_TKILL, si_pid=661400, si_uid=1000} ---
661556 1790835817.721338 --- SIGURG {si_signo=SIGURG, si_code=SI_TKILL, si_pid=661400, si_uid=1000} ---
661556 1790835817.721541 --- SIGURG {si_signo=SIGURG, si_code=SI_TKILL, si_pid=661400, si_uid=1000} ---
661552 1790835817.722958 pwrite64(24</tmp/TestMixedWorkflowsRecoverFromFourServerFaults3749442285/001/node-0/jetstream/$G/streams/WF_JRN/msgs/1.blk>, "\333\0\0\200@\1\0\0\0\0\0\0\236\372\275\34\260S\332\30\35\0wf.jrn.mix"..., 219, 87706 <unfinished ...>
661417 1790835817.729107 <... pwrite64 resumed>) = 108 (DELAYED) <0.025367>
661417 1790835817.729531 pwrite64(40</tmp/TestMixedWorkflowsRecoverFromFourServerFaults3749442285/001/node-0/jetstream/$SYS/_js_/C-R3F-tAOw9Q1E/msgs/1.blk>, "~\0\0\0\17\0\0\0\0\0\0\0\224\35\317\36\260S\332\30\0\0000m6vARoZ\3\0"..., 126, 1478 <unfinished ...>
661407 1790835817.730346 <... pwrite64 resumed>) = 105 (DELAYED) <0.025007>
661550 1790835817.734390 <... pwrite64 resumed>) = 663 (DELAYED) <0.025011>
661407 1790835817.736902 pwrite64(30</tmp/TestMixedWorkflowsRecoverFromFourServerFaults3749442285/001/node-0/jetstream/$G/streams/KV_WF_LEASE/msgs/1.blk>, "\240\0\0\200\20\2\0\0\0\0\0\0]s\33\37\260S\332\30#\0$KV.WF_LEA"..., 160, 87736 <unfinished ...>
661552 1790835817.747998 <... pwrite64 resumed>) = 219 (DELAYED) <0.025002>
661417 1790835817.754823 <... pwrite64 resumed>) = 126 (DELAYED) <0.025272>
661554 1790835817.756505 newfstatat(AT_FDCWD</home/exedev/js-wf/integration>, "/tmp/TestMixedWorkflowsRecoverFromFourServerFaults3749442285/001/node-0/jetstream/$G/streams/WF_RUN/obs/WF_P_00/o.dat", {st_mode=S_IFREG|0600, st_size=16, ...}, AT_SYMLINK_NOFOLLOW) = 0 <0.000012>
661554 1790835817.756582 renameat(AT_FDCWD</home/exedev/js-wf/integration>, "/tmp/TestMixedWorkflowsRecoverFromFourServerFaults3749442285/001/node-0/jetstream/$G/streams/WF_RUN/obs/WF_P_00/o.dat.tmp", AT_FDCWD</home/exedev/js-wf/integration>, "/tmp/TestMixedWorkflowsRecoverFromFourServerFaults3749442285/001/node-0/jetstream/$G/streams/WF_RUN/obs/WF_P_00/o.dat") = 0 <0.000096>
661417 1790835817.759129 pwrite64(24</tmp/TestMixedWorkflowsRecoverFromFourServerFaults3749442285/001/node-0/jetstream/$G/streams/WF_JRN/msgs/1.blk>, "@\1\0\200A\1\0\0\0\0\0\0\257\250\353\37\260S\332\30\34\0wf.jrn.mix"..., 1557, 87925 <unfinished ...>
661407 1790835817.762110 <... pwrite64 resumed>) = 160 (DELAYED) <0.025187>
661551 1790835817.764092 pwrite64(30</tmp/TestMixedWorkflowsRecoverFromFourServerFaults3749442285/001/node-0/jetstream/$G/streams/KV_WF_LEASE/msgs/1.blk>, "\215\0\0\200\21\2\0\0\0\0\0\0e\1\303 \260S\332\30\"\0$KV.WF_LEA"..., 1139, 87896 <unfinished ...>
661554 1790835817.764560 pwrite64(42</tmp/TestMixedWorkflowsRecoverFromFourServerFaults3749442285/001/node-0/jetstream/$SYS/_js_/C-R3F-GtA4TRr8/msgs/1.blk>, "Q\0\0\0-\0\0\0\0\0\0\0\334\315\346 \260S\332\30\0\0000m6vARoZ\3\0"..., 81, 4979 <unfinished ...>
661407 1790835817.766617 newfstatat(AT_FDCWD</home/exedev/js-wf/integration>, "/tmp/TestMixedWorkflowsRecoverFromFourServerFaults3749442285/001/node-0/jetstream/$G/streams/WF_RUN/obs/WF_P_27/o.dat", {st_mode=S_IFREG|0600, st_size=68, ...}, AT_SYMLINK_NOFOLLOW) = 0 <0.000016>
661407 1790835817.766691 renameat(AT_FDCWD</home/exedev/js-wf/integration>, "/tmp/TestMixedWorkflowsRecoverFromFourServerFaults3749442285/001/node-0/jetstream/$G/streams/WF_RUN/obs/WF_P_27/o.dat.tmp", AT_FDCWD</home/exedev/js-wf/integration>, "/tmp/TestMixedWorkflowsRecoverFromFourServerFaults3749442285/001/node-0/jetstream/$G/streams/WF_RUN/obs/WF_P_27/o.dat") = 0 <0.000118>
661407 1790835817.776466 newfstatat(AT_FDCWD</home/exedev/js-wf/integration>, "/tmp/TestMixedWorkflowsRecoverFromFourServerFaults3749442285/001/node-0/jetstream/$G/streams/WF_RUN/obs/WF_P_55/o.dat", {st_mode=S_IFREG|0600, st_size=26, ...}, AT_SYMLINK_NOFOLLOW) = 0 <0.000012>
661407 1790835817.776532 renameat(AT_FDCWD</home/exedev/js-wf/integration>, "/tmp/TestMixedWorkflowsRecoverFromFourServerFaults3749442285/001/node-0/jetstream/$G/streams/WF_RUN/obs/WF_P_55/o.dat.tmp", AT_FDCWD</home/exedev/js-wf/integration>, "/tmp/TestMixedWorkflowsRecoverFromFourServerFaults3749442285/001/node-0/jetstream/$G/streams/WF_RUN/obs/WF_P_55/o.dat") = 0 <0.000083>
661417 1790835817.784202 <... pwrite64 resumed>) = 1557 (DELAYED) <0.025024>
661417 1790835817.784333 --- SIGURG {si_signo=SIGURG, si_code=SI_TKILL, si_pid=661400, si_uid=1000} ---
661551 1790835817.789134 <... pwrite64 resumed>) = 1139 (DELAYED) <0.024996>
661554 1790835817.790374 <... pwrite64 resumed>) = 81 (DELAYED) <0.025791>
661417 1790835817.790495 pwrite64(42</tmp/TestMixedWorkflowsRecoverFromFourServerFaults3749442285/001/node-0/jetstream/$SYS/_js_/C-R3F-GtA4TRr8/msgs/1.blk>, "\241\0\0\0.\0\0\0\0\0\0\0Z]r\"\260S\332\30\0\0000m6vARoZ\3\0"..., 161, 5060 <unfinished ...>
661550 1790835817.792293 pwrite64(24</tmp/TestMixedWorkflowsRecoverFromFourServerFaults3749442285/001/node-0/jetstream/$G/streams/WF_JRN/msgs/1.blk>, "\27\1\0\200F\1\0\0\0\0\0\0s\7F\"\260S\332\30\35\0wf.jrn.mix"..., 1300, 89482 <unfinished ...>
661552 1790835817.793473 pwrite64(40</tmp/TestMixedWorkflowsRecoverFromFourServerFaults3749442285/001/node-0/jetstream/$SYS/_js_/C-R3F-tAOw9Q1E/msgs/1.blk>, "[\0\0\0\20\0\0\0\0\0\0\0\320\343\237\"\260S\332\30\0\0000m6vARoZ\3\0"..., 91, 1604 <unfinished ...>
661556 1790835817.797025 pwrite64(30</tmp/TestMixedWorkflowsRecoverFromFourServerFaults3749442285/001/node-0/jetstream/$G/streams/KV_WF_LEASE/msgs/1.blk>, "\237\0\0\200\30\2\0\0\0\0\0\0\262\205x\"\260S\332\30#\0$KV.WF_LEA"..., 823, 89035 <unfinished ...>
661417 1790835817.815544 <... pwrite64 resumed>) = 161 (DELAYED) <0.025019>
661550 1790835817.818478 <... pwrite64 resumed>) = 1300 (DELAYED) <0.026157>
661552 1790835817.818528 <... pwrite64 resumed>) = 91 (DELAYED) <0.025033>
661550 1790835817.818746 --- SIGURG {si_signo=SIGURG, si_code=SI_TKILL, si_pid=661400, si_uid=1000} ---
661552 1790835817.818792 pwrite64(40</tmp/TestMixedWorkflowsRecoverFromFourServerFaults3749442285/001/node-0/jetstream/$SYS/_js_/C-R3F-tAOw9Q1E/msgs/1.blk>, "\241\0\0\0\21\0\0\0\0\0\0\0i(\"$\260S\332\30\0\0000m6vARoZ\3\0"..., 161, 1695 <unfinished ...>
661550 1790835817.818926 --- SIGURG {si_signo=SIGURG, si_code=SI_TKILL, si_pid=661400, si_uid=1000} ---
661417 1790835817.818956 newfstatat(AT_FDCWD</home/exedev/js-wf/integration>, "/tmp/TestMixedWorkflowsRecoverFromFourServerFaults3749442285/001/node-0/jetstream/$G/streams/WF_RUN/obs/WF_P_26/o.dat", {st_mode=S_IFREG|0600, st_size=19, ...}, AT_SYMLINK_NOFOLLOW) = 0 <0.000013>
661417 1790835817.819001 renameat(AT_FDCWD</home/exedev/js-wf/integration>, "/tmp/TestMixedWorkflowsRecoverFromFourServerFaults3749442285/001/node-0/jetstream/$G/streams/WF_RUN/obs/WF_P_26/o.dat.tmp", AT_FDCWD</home/exedev/js-wf/integration>, "/tmp/TestMixedWorkflowsRecoverFromFourServerFaults3749442285/001/node-0/jetstream/$G/streams/WF_RUN/obs/WF_P_26/o.dat") = 0 <0.000139>
661554 1790835817.822937 pwrite64(22</tmp/TestMixedWorkflowsRecoverFromFourServerFaults3749442285/001/node-0/jetstream/$G/streams/WF_RUN/msgs/1.blk>, "\36\0\0\0;\0\0\0\0\0\0@H(\350\344\256S\332\30\0\0#\232J\350f\3753\177", 30, 25034 <unfinished ...>
661556 1790835817.823668 <... pwrite64 resumed>) = 823 (DELAYED) <0.026615>
661417 1790835817.827035 pwrite64(24</tmp/TestMixedWorkflowsRecoverFromFourServerFaults3749442285/001/node-0/jetstream/$G/streams/WF_JRN/msgs/1.blk>, "\332\0\0\200K\1\0\0\0\0\0\0\3354j$\260S\332\30\35\0wf.jrn.mix"..., 1290, 90782 <unfinished ...>
661556 1790835817.827104 pwrite64(30</tmp/TestMixedWorkflowsRecoverFromFourServerFaults3749442285/001/node-0/jetstream/$G/streams/KV_WF_LEASE/msgs/1.blk>, "\245\0\0\200\35\2\0\0\0\0\0\0\362\237m$\260S\332\30:\0$KV.WF_LEA"..., 165, 89858 <unfinished ...>
661407 1790835817.827950 pwrite64(52</tmp/TestMixedWorkflowsRecoverFromFourServerFaults3749442285/001/node-0/jetstream/$SYS/_js_/C-R3F-msGDjRCn/msgs/1.blk>, "R\0\0\0&\0\0\0\0\0\0\0S\354\255$\260S\332\30\0\0000m6vARoZ\3\0"..., 82, 4046 <unfinished ...>
661550 1790835817.831868 pwrite64(32</tmp/TestMixedWorkflowsRecoverFromFourServerFaults3749442285/001/node-0/jetstream/$G/streams/KV_WF_STATE/msgs/1.blk>, "\263\0\0\200\27\0\0\0\0\0\0\0Q\355\256$\260S\332\30?\0$KV.WF_STA"..., 179, 3609 <unfinished ...>
661552 1790835817.843835 <... pwrite64 resumed>) = 161 (DELAYED) <0.025015>
661552 1790835817.843946 --- SIGURG {si_signo=SIGURG, si_code=SI_TKILL, si_pid=661400, si_uid=1000} ---
661554 1790835817.847980 <... pwrite64 resumed>) = 30 (DELAYED) <0.024863>
661417 1790835817.852078 <... pwrite64 resumed>) = 1290 (DELAYED) <0.025020>
661556 1790835817.852462 <... pwrite64 resumed>) = 165 (DELAYED) <0.025344>
661407 1790835817.853861 <... pwrite64 resumed>) = 82 (DELAYED) <0.025892>
661407 1790835817.854614 pwrite64(52</tmp/TestMixedWorkflowsRecoverFromFourServerFaults3749442285/001/node-0/jetstream/$SYS/_js_/C-R3F-msGDjRCn/msgs/1.blk>, "l\0\0\0'\0\0\0\0\0\0\0\234\374D&\260S\332\30\0\0000m6vARoZ\3\0"..., 108, 4128 <unfinished ...>
661417 1790835817.856989 newfstatat(AT_FDCWD</home/exedev/js-wf/integration>, "/tmp/TestMixedWorkflowsRecoverFromFourServerFaults3749442285/001/node-0/jetstream/$G/streams/WF_RUN/obs/WF_P_00/o.dat", {st_mode=S_IFREG|0600, st_size=19, ...}, AT_SYMLINK_NOFOLLOW) = 0 <0.000007>
661417 1790835817.857040 renameat(AT_FDCWD</home/exedev/js-wf/integration>, "/tmp/TestMixedWorkflowsRecoverFromFourServerFaults3749442285/001/node-0/jetstream/$G/streams/WF_RUN/obs/WF_P_00/o.dat.tmp", AT_FDCWD</home/exedev/js-wf/integration>, "/tmp/TestMixedWorkflowsRecoverFromFourServerFaults3749442285/001/node-0/jetstream/$G/streams/WF_RUN/obs/WF_P_00/o.dat") = 0 <0.000097>
661417 1790835817.857214 pwrite64(30</tmp/TestMixedWorkflowsRecoverFromFourServerFaults3749442285/001/node-0/jetstream/$G/streams/KV_WF_LEASE/msgs/1.blk>, "\240\0\0\200\36\2\0\0\0\0\0\0\226\333$&\260S\332\30#\0$KV.WF_LEA"..., 793, 90023 <unfinished ...>
661550 1790835817.857548 <... pwrite64 resumed>) = 179 (DELAYED) <0.025660>
661552 1790835817.861861 pwrite64(25</tmp/TestMixedWorkflowsRecoverFromFourServerFaults3749442285/001/node-0/jetstream/$SYS/_js_/S-R3F-jsfg5vMh/msgs/2.blk>, "\356\1\0\0000\0\0\0\0\0\0\0\340^\263&\260S\332\30\0\0St9I6EVH\2\0"..., 494, 18123 <unfinished ...>
661556 1790835817.862808 pwrite64(24</tmp/TestMixedWorkflowsRecoverFromFourServerFaults3749442285/001/node-0/jetstream/$G/streams/WF_JRN/msgs/1.blk>, "\34\1\0\200P\1\0\0\0\0\0\09N\234&\260S\332\30\35\0wf.jrn.mix"..., 765, 92072 <unfinished ...>
661550 1790835817.868408 newfstatat(AT_FDCWD</home/exedev/js-wf/integration>, "/tmp/TestMixedWorkflowsRecoverFromFourServerFaults3749442285/001/node-0/jetstream/$G/streams/WF_RUN/obs/WF_P_27/o.dat", {st_mode=S_IFREG|0600, st_size=69, ...}, AT_SYMLINK_NOFOLLOW) = 0 <0.000015>
661550 1790835817.868483 renameat(AT_FDCWD</home/exedev/js-wf/integration>, "/tmp/TestMixedWorkflowsRecoverFromFourServerFaults3749442285/001/node-0/jetstream/$G/streams/WF_RUN/obs/WF_P_27/o.dat.tmp", AT_FDCWD</home/exedev/js-wf/integration>, "/tmp/TestMixedWorkflowsRecoverFromFourServerFaults3749442285/001/node-0/jetstream/$G/streams/WF_RUN/obs/WF_P_27/o.dat") = 0 <0.000091>
661407 1790835817.879647 <... pwrite64 resumed>) = 108 (DELAYED) <0.025006>
661407 1790835817.879745 --- SIGURG {si_signo=SIGURG, si_code=SI_TKILL, si_pid=661400, si_uid=1000} ---
661548 1790835817.880450 newfstatat(AT_FDCWD</home/exedev/js-wf/integration>, "/tmp/TestMixedWorkflowsRecoverFromFourServerFaults3749442285/001/node-0/jetstream/$G/streams/WF_RUN/obs/WF_P_33/o.dat", {st_mode=S_IFREG|0600, st_size=18, ...}, AT_SYMLINK_NOFOLLOW) = 0 <0.000022>
661548 1790835817.880708 renameat(AT_FDCWD</home/exedev/js-wf/integration>, "/tmp/TestMixedWorkflowsRecoverFromFourServerFaults3749442285/001/node-0/jetstream/$G/streams/WF_RUN/obs/WF_P_33/o.dat.tmp", AT_FDCWD</home/exedev/js-wf/integration>, "/tmp/TestMixedWorkflowsRecoverFromFourServerFaults3749442285/001/node-0/jetstream/$G/streams/WF_RUN/obs/WF_P_33/o.dat") = 0 <0.000295>
661417 1790835817.882249 <... pwrite64 resumed>) = 793 (DELAYED) <0.025007>
661417 1790835817.882332 pwrite64(22</tmp/TestMixedWorkflowsRecoverFromFourServerFaults3749442285/001/node-0/jetstream/$G/streams/WF_RUN/msgs/1.blk>, "\36\0\0\0\201\0\0\0\0\0\0@~\227\221\372\257S\332\30\0\0\n~\352\341\23\365\34s", 30, 25064 <unfinished ...>
661550 1790835817.886374 pwrite64(40</tmp/TestMixedWorkflowsRecoverFromFourServerFaults3749442285/001/node-0/jetstream/$SYS/_js_/C-R3F-tAOw9Q1E/msgs/1.blk>, "[\0\0\0\22\0\0\0\0\0\0\0\344_)(\260S\332\30\0\0000m6vARoZ\3\0"..., 91, 1856 <unfinished ...>
661407 1790835817.886826 pwrite64(30</tmp/TestMixedWorkflowsRecoverFromFourServerFaults3749442285/001/node-0/jetstream/$G/streams/KV_WF_LEASE/msgs/1.blk>, "\237\0\0\200#\2\0\0\0\0\0\0a\217^&\260S\332\30\"\0$KV.WF_LEA"..., 635, 90816 <unfinished ...>
661552 1790835817.886892 <... pwrite64 resumed>) = 494 (DELAYED) <0.025002>
661556 1790835817.887834 <... pwrite64 resumed>) = 765 (DELAYED) <0.025002>
661553 1790835817.889086 pwrite64(26</tmp/TestMixedWorkflowsRecoverFromFourServerFaults3749442285/001/node-0/jetstream/$G/streams/WF_SIG/msgs/1.blk>, "\200\1\0\200/\0\0\0\0\0\0\0S\330\244&\260S\332\30<\0wf.sig.mix"..., 384, 12994 <unfinished ...>
661554 1790835817.895094 pwrite64(24</tmp/TestMixedWorkflowsRecoverFromFourServerFaults3749442285/001/node-0/jetstream/$G/streams/WF_JRN/msgs/1.blk>, "\333\0\0\200S\1\0\0\0\0\0\0LKE(\260S\332\30\35\0wf.jrn.mix"..., 985, 92837 <unfinished ...>
661417 1790835817.907374 <... pwrite64 resumed>) = 30 (DELAYED) <0.025020>
661417 1790835817.907453 --- SIGURG {si_signo=SIGURG, si_code=SI_TKILL, si_pid=661400, si_uid=1000} ---
661417 1790835817.907651 pwrite64(51</tmp/TestMixedWorkflowsRecoverFromFourServerFaults3749442285/001/node-0/jetstream/$SYS/_js_/C-R3F-7OYeMzZe/msgs/1.blk>, "\177\0\0\0!\0\0\0\0\0\0\0\0333n)\260S\332\30\0\0000m6vARoZ\3\0"..., 127, 3509 <unfinished ...>
661552 1790835817.909850 pwrite64(22</tmp/TestMixedWorkflowsRecoverFromFourServerFaults3749442285/001/node-0/jetstream/$G/streams/WF_RUN/msgs/1.blk>, "\203\0\0\200\210\0\0\0\0\0\0\0w\221<(\260S\332\30\t\0wf.run.63+"..., 131, 25094 <unfinished ...>
661550 1790835817.911414 <... pwrite64 resumed>) = 91 (DELAYED) <0.025010>
661550 1790835817.911517 pwrite64(40</tmp/TestMixedWorkflowsRecoverFromFourServerFaults3749442285/001/node-0/jetstream/$SYS/_js_/C-R3F-tAOw9Q1E/msgs/1.blk>, "\241\0\0\0\23\0\0\0\0\0\0\0\0<\251)\260S\332\30\0\0000m6vARoZ\3\0"..., 161, 1947 <unfinished ...>
661553 1790835817.914129 <... pwrite64 resumed>) = 384 (DELAYED) <0.025020>
661407 1790835817.914837 <... pwrite64 resumed>) = 635 (DELAYED) <0.027987>
661553 1790835817.916146 pwrite64(41</tmp/TestMixedWorkflowsRecoverFromFourServerFaults3749442285/001/node-0/jetstream/$SYS/_js_/C-R3F-9oj0nEIt/msgs/1.blk>, "R\0\0\0\34\0\0\0\0\0\0\0006\353\357)\260S\332\30\0\0000m6vARoZ\3\0"..., 82, 2993 <unfinished ...>
661551 1790835817.917496 pwrite64(30</tmp/TestMixedWorkflowsRecoverFromFourServerFaults3749442285/001/node-0/jetstream/$G/streams/KV_WF_LEASE/msgs/1.blk>, "\240\0\0\200'\2\0\0\0\0\0\0)-\335)\260S\332\30#\0$KV.WF_LEA"..., 619, 91451 <unfinished ...>
661554 1790835817.920141 <... pwrite64 resumed>) = 985 (DELAYED) <0.025013>
661406 1790835817.924367 newfstatat(AT_FDCWD</home/exedev/js-wf/integration>, "/tmp/TestMixedWorkflowsRecoverFromFourServerFaults3749442285/001/node-0/jetstream/$G/streams/WF_RUN/obs/WF_P_26/o.dat", {st_mode=S_IFREG|0600, st_size=16, ...}, AT_SYMLINK_NOFOLLOW) = 0 <0.000085>
661406 1790835817.924623 renameat(AT_FDCWD</home/exedev/js-wf/integration>, "/tmp/TestMixedWorkflowsRecoverFromFourServerFaults3749442285/001/node-0/jetstream/$G/streams/WF_RUN/obs/WF_P_26/o.dat.tmp", AT_FDCWD</home/exedev/js-wf/integration>, "/tmp/TestMixedWorkflowsRecoverFromFourServerFaults3749442285/001/node-0/jetstream/$G/streams/WF_RUN/obs/WF_P_26/o.dat") = 0 <0.000156>
661422 1790835817.924983 pwrite64(24</tmp/TestMixedWorkflowsRecoverFromFourServerFaults3749442285/001/node-0/jetstream/$G/streams/WF_JRN/msgs/1.blk>, "\312\0\0\200W\1\0\0\0\0\0\0~\265S*\260S\332\30\34\0wf.jrn.mix"..., 761, 93822 <unfinished ...>
661417 1790835817.932689 <... pwrite64 resumed>) = 127 (DELAYED) <0.025009>
661417 1790835817.932721 --- SIGURG {si_signo=SIGURG, si_code=SI_TKILL, si_pid=661400, si_uid=1000} ---
661417 1790835817.933452 newfstatat(AT_FDCWD</home/exedev/js-wf/integration>, "/tmp/TestMixedWorkflowsRecoverFromFourServerFaults3749442285/001/node-0/jetstream/$G/streams/WF_RUN/obs/WF_P_63/o.dat", {st_mode=S_IFREG|0600, st_size=9, ...}, AT_SYMLINK_NOFOLLOW) = 0 <0.000131>
661417 1790835817.933782 renameat(AT_FDCWD</home/exedev/js-wf/integration>, "/tmp/TestMixedWorkflowsRecoverFromFourServerFaults3749442285/001/node-0/jetstream/$G/streams/WF_RUN/obs/WF_P_63/o.dat.tmp", AT_FDCWD</home/exedev/js-wf/integration>, "/tmp/TestMixedWorkflowsRecoverFromFourServerFaults3749442285/001/node-0/jetstream/$G/streams/WF_RUN/obs/WF_P_63/o.dat") = 0 <0.000111>
661552 1790835817.934889 <... pwrite64 resumed>) = 131 (DELAYED) <0.025016>
661552 1790835817.935030 pwrite64(45</tmp/TestMixedWorkflowsRecoverFromFourServerFaults3749442285/001/node-0/jetstream/$SYS/_js_/C-R3F-w2Vf1jql/msgs/1.blk>, "z\0\0\0\20\0\0\0\0\0\0\0D\347\17+\260S\332\30\0\0000m6vARoZ\3\0"..., 122, 1615 <unfinished ...>
661406 1790835817.935136 pwrite64(39</tmp/TestMixedWorkflowsRecoverFromFourServerFaults3749442285/001/node-0/jetstream/$SYS/_js_/C-R3F-YfBgRsFE/msgs/1.blk>, "z\0\0\0\17\0\0\0\0\0\0\0\24\246\21+\260S\332\30\0\0000m6vARoZ\3\0"..., 122, 1528 <unfinished ...>
661550 1790835817.937155 <... pwrite64 resumed>) = 161 (DELAYED) <0.025621>
661407 1790835817.938639 pwrite64(44</tmp/TestMixedWorkflowsRecoverFromFourServerFaults3749442285/001/node-0/jetstream/$SYS/_js_/C-R3F-MSuCeJue/msgs/1.blk>, "z\0\0\0\r\0\0\0\0\0\0\0F\nG+\260S\332\30\0\0000m6vARoZ\3\0"..., 122, 1396 <unfinished ...>
661553 1790835817.941228 <... pwrite64 resumed>) = 82 (DELAYED) <0.025057>
661553 1790835817.941310 pwrite64(41</tmp/TestMixedWorkflowsRecoverFromFourServerFaults3749442285/001/node-0/jetstream/$SYS/_js_/C-R3F-9oj0nEIt/msgs/1.blk>, "l\0\0\0\35\0\0\0\0\0\0\0\373\342o+\260S\332\30\0\0000m6vARoZ\3\0"..., 108, 3075 <unfinished ...>
661551 1790835817.942530 <... pwrite64 resumed>) = 619 (DELAYED) <0.025014>
661548 1790835817.942894 pwrite64(50</tmp/TestMixedWorkflowsRecoverFromFourServerFaults3749442285/001/node-0/jetstream/$SYS/_js_/C-R3F-tuMA878n/msgs/1.blk>, "l\0\0\0002\0\0\0\0\0\0\0\25\v\210+\260S\332\30\0\0000m6vARoZ\3\0"..., 108, 6041 <unfinished ...>
661556 1790835817.948516 pwrite64(30</tmp/TestMixedWorkflowsRecoverFromFourServerFaults3749442285/001/node-0/jetstream/$G/streams/KV_WF_LEASE/msgs/1.blk>, "\252\0\0\200+\2\0\0\0\0\0\0}\222\203+\260S\332\30?\0$KV.WF_LEA"..., 647, 92070 <unfinished ...>
661550 1790835817.949562 pwrite64(40</tmp/TestMixedWorkflowsRecoverFromFourServerFaults3749442285/001/node-0/jetstream/$SYS/_js_/C-R3F-tAOw9Q1E/msgs/1.blk>, "l\0\0\0\24\0\0\0\0\0\0\0\331\324\355+\260S\332\30\0\0000m6vARoZ\3\0"..., 108, 2108 <unfinished ...>
661422 1790835817.950024 <... pwrite64 resumed>) = 761 (DELAYED) <0.025014>
661554 1790835817.952139 pwrite64(42</tmp/TestMixedWorkflowsRecoverFromFourServerFaults3749442285/001/node-0/jetstream/$SYS/_js_/C-R3F-GtA4TRr8/msgs/1.blk>, "t\0\0\0/\0\0\0\0\0\0\0001\274\24,\260S\332\30\0\0000m6vARoZ\3\0"..., 116, 5221 <unfinished ...>
661422 1790835817.953922 pwrite64(22</tmp/TestMixedWorkflowsRecoverFromFourServerFaults3749442285/001/node-0/jetstream/$G/streams/WF_RUN/msgs/1.blk>, "\36\0\0\0/\0\0\0\0\0\0@:\334\215\334\253S\332\30\0\0A\264\16r\2220\347{", 30, 25225 <unfinished ...>
661436 1790835817.954206 pwrite64(24</tmp/TestMixedWorkflowsRecoverFromFourServerFaults3749442285/001/node-0/jetstream/$G/streams/WF_JRN/msgs/1.blk>, "\333\0\0\200Z\1\0\0\0\0\0\0\316\265\16,\260S\332\30\35\0wf.jrn.mix"..., 662, 94583 <unfinished ...>
661551 1790835817.955221 pwrite64(32</tmp/TestMixedWorkflowsRecoverFromFourServerFaults3749442285/001/node-0/jetstream/$G/streams/KV_WF_STATE/msgs/1.blk>, "\225\0\0\200\30\0\0\0\0\0\0\0003D.,\260S\332\30\"\0$KV.WF_STA"..., 149, 3788 <unfinished ...>
661437 1790835817.958211 newfstatat(AT_FDCWD</home/exedev/js-wf/integration>, "/tmp/TestMixedWorkflowsRecoverFromFourServerFaults3749442285/001/node-0/jetstream/$G/streams/WF_RUN/obs/WF_P_00/o.dat", {st_mode=S_IFREG|0600, st_size=22, ...}, AT_SYMLINK_NOFOLLOW) = 0 <0.000013>
661437 1790835817.958264 renameat(AT_FDCWD</home/exedev/js-wf/integration>, "/tmp/TestMixedWorkflowsRecoverFromFourServerFaults3749442285/001/node-0/jetstream/$G/streams/WF_RUN/obs/WF_P_00/o.dat.tmp", AT_FDCWD</home/exedev/js-wf/integration>, "/tmp/TestMixedWorkflowsRecoverFromFourServerFaults3749442285/001/node-0/jetstream/$G/streams/WF_RUN/obs/WF_P_00/o.dat") = 0 <0.000063>
661552 1790835817.960068 <... pwrite64 resumed>) = 122 (DELAYED) <0.025025>
661406 1790835817.961331 <... pwrite64 resumed>) = 122 (DELAYED) <0.026186>
661552 1790835817.961370 pwrite64(45</tmp/TestMixedWorkflowsRecoverFromFourServerFaults3749442285/001/node-0/jetstream/$SYS/_js_/C-R3F-w2Vf1jql/msgs/1.blk>, "l\0\0\0\21\0\0\0\0\0\0\0\310\364\241,\260S\332\30\0\0000m6vARoZ\3\0"..., 108, 1737 <unfinished ...>
661406 1790835817.961386 pwrite64(39</tmp/TestMixedWorkflowsRecoverFromFourServerFaults3749442285/001/node-0/jetstream/$SYS/_js_/C-R3F-YfBgRsFE/msgs/1.blk>, "l\0\0\0\20\0\0\0\0\0\0\0\310F\242,\260S\332\30\0\0000m6vARoZ\3\0"..., 108, 1650 <unfinished ...>
661407 1790835817.963682 <... pwrite64 resumed>) = 122 (DELAYED) <0.025022>
661407 1790835817.963785 pwrite64(44</tmp/TestMixedWorkflowsRecoverFromFourServerFaults3749442285/001/node-0/jetstream/$SYS/_js_/C-R3F-MSuCeJue/msgs/1.blk>, "l\0\0\0\16\0\0\0\0\0\0\0D\306\306,\260S\332\30\0\0000m6vARoZ\3\0"..., 108, 1518 <unfinished ...>
661553 1790835817.966436 <... pwrite64 resumed>) = 108 (DELAYED) <0.025106>
661553 1790835817.968930 newfstatat(AT_FDCWD</home/exedev/js-wf/integration>, "/tmp/TestMixedWorkflowsRecoverFromFourServerFaults3749442285/001/node-0/jetstream/$G/streams/WF_RUN/obs/WF_P_55/o.dat",  <unfinished ...>
661548 1790835817.968976 <... pwrite64 resumed>) = 108 (DELAYED) <0.026059>
661553 1790835817.969011 <... newfstatat resumed>{st_mode=S_IFREG|0600, st_size=26, ...}, AT_SYMLINK_NOFOLLOW) = 0 <0.000051>
661553 1790835817.969043 renameat(AT_FDCWD</home/exedev/js-wf/integration>, "/tmp/TestMixedWorkflowsRecoverFromFourServerFaults3749442285/001/node-0/jetstream/$G/streams/WF_RUN/obs/WF_P_55/o.dat.tmp", AT_FDCWD</home/exedev/js-wf/integration>, "/tmp/TestMixedWorkflowsRecoverFromFourServerFaults3749442285/001/node-0/jetstream/$G/streams/WF_RUN/obs/WF_P_55/o.dat" <unfinished ...>
661548 1790835817.969174 pwrite64(50</tmp/TestMixedWorkflowsRecoverFromFourServerFaults3749442285/001/node-0/jetstream/$SYS/_js_/C-R3F-tuMA878n/msgs/1.blk>, "z\0\0\0003\0\0\0\0\0\0\0~\365\30-\260S\332\30\0\0000m6vARoZ\3\0"..., 122, 6149 <unfinished ...>
661553 1790835817.969199 <... renameat resumed>) = 0 <0.000146>
661556 1790835817.973628 <... pwrite64 resumed>) = 647 (DELAYED) <0.025070>
661556 1790835817.974506 --- SIGURG {si_signo=SIGURG, si_code=SI_TKILL, si_pid=661400, si_uid=1000} ---
661550 1790835817.976693 <... pwrite64 resumed>) = 108 (DELAYED) <0.027108>
661550 1790835817.976792 pwrite64(40</tmp/TestMixedWorkflowsRecoverFromFourServerFaults3749442285/001/node-0/jetstream/$SYS/_js_/C-R3F-tAOw9Q1E/msgs/1.blk>, "\220\0\0\0\25\0\0\0\0\0\0\0\20%\215-\260S\332\30\0\0000m6vARoZ\3\0"..., 144, 2216 <unfinished ...>
661554 1790835817.977335 <... pwrite64 resumed>) = 116 (DELAYED) <0.025171>
661554 1790835817.977418 pwrite64(42</tmp/TestMixedWorkflowsRecoverFromFourServerFaults3749442285/001/node-0/jetstream/$SYS/_js_/C-R3F-GtA4TRr8/msgs/1.blk>, "~\0\0\0000\0\0\0\0\0\0\0\310\333\226-\260S\332\30\0\0000m6vARoZ\3\0"..., 126, 5337 <unfinished ...>
661422 1790835817.978961 <... pwrite64 resumed>) = 30 (DELAYED) <0.025018>
661436 1790835817.979240 <... pwrite64 resumed>) = 662 (DELAYED) <0.025018>
661436 1790835817.981418 pwrite64(30</tmp/TestMixedWorkflowsRecoverFromFourServerFaults3749442285/001/node-0/jetstream/$G/streams/KV_WF_LEASE/msgs/1.blk>, "\265\0\0\200/\2\0\0\0\0\0\0000\352\324+\260S\332\30:\0$KV.WF_LEA"..., 675, 92717 <unfinished ...>
661551 1790835817.982207 <... pwrite64 resumed>) = 149 (DELAYED) <0.026956>
661422 1790835817.982929 pwrite64(22</tmp/TestMixedWorkflowsRecoverFromFourServerFaults3749442285/001/node-0/jetstream/$G/streams/WF_RUN/msgs/1.blk>, "\36\0\0\0\204\0\0\0\0\0\0@a\1\370\4\260S\332\30\0\0\233\300\265\231\256\366:\367", 30, 25255 <unfinished ...>
661552 1790835817.986433 <... pwrite64 resumed>) = 108 (DELAYED) <0.025050>
661406 1790835817.986525 <... pwrite64 resumed>) = 108 (DELAYED) <0.025131>
661551 1790835817.986734 pwrite64(32</tmp/TestMixedWorkflowsRecoverFromFourServerFaults3749442285/001/node-0/jetstream/$G/streams/KV_WF_STATE/msgs/1.blk>, "t\0\0\200\31\0\0\0\0\0\0\0\234\366\367-\260S\332\30\33\0$KV.WF_STA"..., 116, 3937 <unfinished ...>
661552 1790835817.986961 newfstatat(AT_FDCWD</home/exedev/js-wf/integration>, "/tmp/TestMixedWorkflowsRecoverFromFourServerFaults3749442285/001/node-0/jetstream/$G/streams/WF_RUN/obs/WF_P_10/o.dat",  <unfinished ...>
661406 1790835817.986989 newfstatat(AT_FDCWD</home/exedev/js-wf/integration>, "/tmp/TestMixedWorkflowsRecoverFromFourServerFaults3749442285/001/node-0/jetstream/$G/streams/WF_RUN/obs/WF_P_48/o.dat",  <unfinished ...>
661552 1790835817.987002 <... newfstatat resumed>{st_mode=S_IFREG|0600, st_size=9, ...}, AT_SYMLINK_NOFOLLOW) = 0 <0.000023>
661406 1790835817.987029 <... newfstatat resumed>{st_mode=S_IFREG|0600, st_size=8, ...}, AT_SYMLINK_NOFOLLOW) = 0 <0.000032>
661552 1790835817.987045 renameat(AT_FDCWD</home/exedev/js-wf/integration>, "/tmp/TestMixedWorkflowsRecoverFromFourServerFaults3749442285/001/node-0/jetstream/$G/streams/WF_RUN/obs/WF_P_10/o.dat.tmp", AT_FDCWD</home/exedev/js-wf/integration>, "/tmp/TestMixedWorkflowsRecoverFromFourServerFaults3749442285/001/node-0/jetstream/$G/streams/WF_RUN/obs/WF_P_10/o.dat" <unfinished ...>
661406 1790835817.987184 renameat(AT_FDCWD</home/exedev/js-wf/integration>, "/tmp/TestMixedWorkflowsRecoverFromFourServerFaults3749442285/001/node-0/jetstream/$G/streams/WF_RUN/obs/WF_P_48/o.dat.tmp", AT_FDCWD</home/exedev/js-wf/integration>, "/tmp/TestMixedWorkflowsRecoverFromFourServerFaults3749442285/001/node-0/jetstream/$G/streams/WF_RUN/obs/WF_P_48/o.dat" <unfinished ...>
661552 1790835817.987280 <... renameat resumed>) = 0 <0.000223>
661406 1790835817.987320 <... renameat resumed>) = 0 <0.000119>
661407 1790835817.988911 <... pwrite64 resumed>) = 108 (DELAYED) <0.025112>
661549 1790835817.989965 pwrite64(24</tmp/TestMixedWorkflowsRecoverFromFourServerFaults3749442285/001/node-0/jetstream/$G/streams/WF_JRN/msgs/1.blk>, "\27\1\0\200]\1\0\0\0\0\0\0?\234\n.\260S\332\30\35\0wf.jrn.mix"..., 559, 95245 <unfinished ...>
661407 1790835817.990866 newfstatat(AT_FDCWD</home/exedev/js-wf/integration>, "/tmp/TestMixedWorkflowsRecoverFromFourServerFaults3749442285/001/node-0/jetstream/$G/streams/WF_RUN/obs/WF_P_43/o.dat", {st_mode=S_IFREG|0600, st_size=9, ...}, AT_SYMLINK_NOFOLLOW) = 0 <0.000016>
661407 1790835817.990952 renameat(AT_FDCWD</home/exedev/js-wf/integration>, "/tmp/TestMixedWorkflowsRecoverFromFourServerFaults3749442285/001/node-0/jetstream/$G/streams/WF_RUN/obs/WF_P_43/o.dat.tmp", AT_FDCWD</home/exedev/js-wf/integration>, "/tmp/TestMixedWorkflowsRecoverFromFourServerFaults3749442285/001/node-0/jetstream/$G/streams/WF_RUN/obs/WF_P_43/o.dat") = 0 <0.000069>
661548 1790835817.994215 <... pwrite64 resumed>) = 122 (DELAYED) <0.025028>
661406 1790835817.996432 newfstatat(AT_FDCWD</home/exedev/js-wf/integration>, "/tmp/TestMixedWorkflowsRecoverFromFourServerFaults3749442285/001/node-0/jetstream/$G/streams/WF_RUN/obs/WF_P_12/o.dat", {st_mode=S_IFREG|0600, st_size=68, ...}, AT_SYMLINK_NOFOLLOW) = 0 <0.000005>
661406 1790835817.996470 renameat(AT_FDCWD</home/exedev/js-wf/integration>, "/tmp/TestMixedWorkflowsRecoverFromFourServerFaults3749442285/001/node-0/jetstream/$G/streams/WF_RUN/obs/WF_P_12/o.dat.tmp", AT_FDCWD</home/exedev/js-wf/integration>, "/tmp/TestMixedWorkflowsRecoverFromFourServerFaults3749442285/001/node-0/jetstream/$G/streams/WF_RUN/obs/WF_P_12/o.dat") = 0 <0.000109>
661550 1790835818.001823 <... pwrite64 resumed>) = 144 (DELAYED) <0.025008>
661554 1790835818.002517 <... pwrite64 resumed>) = 126 (DELAYED) <0.025084>
661436 1790835818.006464 <... pwrite64 resumed>) = 675 (DELAYED) <0.025017>
661422 1790835818.007954 <... pwrite64 resumed>) = 30 (DELAYED) <0.024999>
661422 1790835818.008060 pwrite64(47</tmp/TestMixedWorkflowsRecoverFromFourServerFaults3749442285/001/node-0/jetstream/$SYS/_js_/C-R3F-JUPhrGJa/msgs/1.blk>, "z\0\0\0\32\0\0\0\0\0\0\0\243kj/\260S\332\30\0\0000m6vARoZ\3\0"..., 122, 2897 <unfinished ...>
661551 1790835818.012110 <... pwrite64 resumed>) = 116 (DELAYED) <0.025359>
661551 1790835818.012275 pwrite64(22</tmp/TestMixedWorkflowsRecoverFromFourServerFaults3749442285/001/node-0/jetstream/$G/streams/WF_RUN/msgs/1.blk>, "\36\0\0\0=\0\0\0\0\0\0@+6\350\344\256S\332\30\0\0\347X\254d\35\240\29", 30, 25285 <unfinished ...>
661554 1790835818.013290 pwrite64(40</tmp/TestMixedWorkflowsRecoverFromFourServerFaults3749442285/001/node-0/jetstream/$SYS/_js_/C-R3F-tAOw9Q1E/msgs/1.blk>, "l\0\0\0\26\0\0\0\0\0\0\0\211\265\271/\260S\332\30\0\0000m6vARoZ\3\0"..., 108, 2360 <unfinished ...>
661436 1790835818.013316 pwrite64(30</tmp/TestMixedWorkflowsRecoverFromFourServerFaults3749442285/001/node-0/jetstream/$G/streams/KV_WF_LEASE/msgs/1.blk>, "\215\0\0\2003\2\0\0\0\0\0\0\354HT/\260S\332\30\"\0$KV.WF_LEA"..., 643, 93392 <unfinished ...>
661406 1790835818.013522 pwrite64(39</tmp/TestMixedWorkflowsRecoverFromFourServerFaults3749442285/001/node-0/jetstream/$SYS/_js_/C-R3F-YfBgRsFE/msgs/1.blk>, "l\0\0\0\21\0\0\0\0\0\0\0\21\235\275/\260S\332\30\0\0000m6vARoZ\3\0"..., 108, 1758 <unfinished ...>
661549 1790835818.015007 <... pwrite64 resumed>) = 559 (DELAYED) <0.025021>
661417 1790835818.025590 newfstatat(AT_FDCWD</home/exedev/js-wf/integration>, "/tmp/TestMixedWorkflowsRecoverFromFourServerFaults3749442285/001/node-0/jetstream/$G/streams/WF_RUN/obs/WF_P_26/o.dat", {st_mode=S_IFREG|0600, st_size=19, ...}, AT_SYMLINK_NOFOLLOW) = 0 <0.000023>
661417 1790835818.025692 renameat(AT_FDCWD</home/exedev/js-wf/integration>, "/tmp/TestMixedWorkflowsRecoverFromFourServerFaults3749442285/001/node-0/jetstream/$G/streams/WF_RUN/obs/WF_P_26/o.dat.tmp", AT_FDCWD</home/exedev/js-wf/integration>, "/tmp/TestMixedWorkflowsRecoverFromFourServerFaults3749442285/001/node-0/jetstream/$G/streams/WF_RUN/obs/WF_P_26/o.dat") = 0 <0.000126>
661552 1790835818.027161 pwrite64(24</tmp/TestMixedWorkflowsRecoverFromFourServerFaults3749442285/001/node-0/jetstream/$G/streams/WF_JRN/msgs/1.blk>, "\332\0\0\200_\1\0\0\0\0\0\0$\331(0\260S\332\30\35\0wf.jrn.mix"..., 437, 95804 <unfinished ...>
661422 1790835818.033476 <... pwrite64 resumed>) = 122 (DELAYED) <0.025396>
661422 1790835818.034940 pwrite64(47</tmp/TestMixedWorkflowsRecoverFromFourServerFaults3749442285/001/node-0/jetstream/$SYS/_js_/C-R3F-JUPhrGJa/msgs/1.blk>, "l\0\0\0\33\0\0\0\0\0\0\0\334N\0041\260S\332\30\0\0000m6vARoZ\3\0"..., 108, 3019 <unfinished ...>
661551 1790835818.037937 <... pwrite64 resumed>) = 30 (DELAYED) <0.025631>
661554 1790835818.038331 <... pwrite64 resumed>) = 108 (DELAYED) <0.025021>
661436 1790835818.038348 <... pwrite64 resumed>) = 643 (DELAYED) <0.025024>
661554 1790835818.038419 pwrite64(40</tmp/TestMixedWorkflowsRecoverFromFourServerFaults3749442285/001/node-0/jetstream/$SYS/_js_/C-R3F-tAOw9Q1E/msgs/1.blk>, "\206\0\0\0\27\0\0\0\0\0\0\0\313\22591\260S\332\30\0\0000m6vARoZ\3\0"..., 134, 2468 <unfinished ...>
661406 1790835818.038860 <... pwrite64 resumed>) = 108 (DELAYED) <0.025330>
661406 1790835818.039362 pwrite64(39</tmp/TestMixedWorkflowsRecoverFromFourServerFaults3749442285/001/node-0/jetstream/$SYS/_js_/C-R3F-YfBgRsFE/msgs/1.blk>, "l\0\0\0\22\0\0\0\0\0\0\0\245\0H1\260S\332\30\0\0000m6vARoZ\3\0"..., 108, 1866 <unfinished ...>
661417 1790835818.044083 pwrite64(30</tmp/TestMixedWorkflowsRecoverFromFourServerFaults3749442285/001/node-0/jetstream/$G/streams/KV_WF_LEASE/msgs/1.blk>, "\237\0\0\2007\2\0\0\0\0\0\0006\342:1\260S\332\30#\0$KV.WF_LEA"..., 319, 94035 <unfinished ...>
661552 1790835818.052220 <... pwrite64 resumed>) = 437 (DELAYED) <0.025025>
661550 1790835818.057381 pwrite64(24</tmp/TestMixedWorkflowsRecoverFromFourServerFaults3749442285/001/node-0/jetstream/$G/streams/WF_JRN/msgs/1.blk>, "\27\1\0\200a\1\0\0\0\0\0\0\222$62\260S\332\30\35\0wf.jrn.mix"..., 279, 96241 <unfinished ...>
661553 1790835818.059072 newfstatat(AT_FDCWD</home/exedev/js-wf/integration>, "/tmp/TestMixedWorkflowsRecoverFromFourServerFaults3749442285/001/node-0/jetstream/$G/streams/WF_RUN/obs/WF_P_00/o.dat", {st_mode=S_IFREG|0600, st_size=25, ...}, AT_SYMLINK_NOFOLLOW) = 0 <0.000017>
661553 1790835818.059147 renameat(AT_FDCWD</home/exedev/js-wf/integration>, "/tmp/TestMixedWorkflowsRecoverFromFourServerFaults3749442285/001/node-0/jetstream/$G/streams/WF_RUN/obs/WF_P_00/o.dat.tmp", AT_FDCWD</home/exedev/js-wf/integration>, "/tmp/TestMixedWorkflowsRecoverFromFourServerFaults3749442285/001/node-0/jetstream/$G/streams/WF_RUN/obs/WF_P_00/o.dat") = 0 <0.000074>
661422 1790835818.059962 <... pwrite64 resumed>) = 108 (DELAYED) <0.024976>
661422 1790835818.060258 newfstatat(AT_FDCWD</home/exedev/js-wf/integration>, "/tmp/TestMixedWorkflowsRecoverFromFourServerFaults3749442285/001/node-0/jetstream/$G/streams/WF_RUN/obs/WF_P_28/o.dat", {st_mode=S_IFREG|0600, st_size=9, ...}, AT_SYMLINK_NOFOLLOW) = 0 <0.000006>
661422 1790835818.060294 renameat(AT_FDCWD</home/exedev/js-wf/integration>, "/tmp/TestMixedWorkflowsRecoverFromFourServerFaults3749442285/001/node-0/jetstream/$G/streams/WF_RUN/obs/WF_P_28/o.dat.tmp", AT_FDCWD</home/exedev/js-wf/integration>, "/tmp/TestMixedWorkflowsRecoverFromFourServerFaults3749442285/001/node-0/jetstream/$G/streams/WF_RUN/obs/WF_P_28/o.dat") = 0 <0.000076>
661554 1790835818.064410 <... pwrite64 resumed>) = 134 (DELAYED) <0.025972>
661406 1790835818.064444 <... pwrite64 resumed>) = 108 (DELAYED) <0.025062>
661553 1790835818.067811 pwrite64(22</tmp/TestMixedWorkflowsRecoverFromFourServerFaults3749442285/001/node-0/jetstream/$G/streams/WF_RUN/msgs/1.blk>, "\36\0\0\0005\0\0\0\0\0\0@\3\336\346\344\256S\332\30\0\0\323\217\303\341\20\362\213\200", 30, 25315 <unfinished ...>
661417 1790835818.069132 <... pwrite64 resumed>) = 319 (DELAYED) <0.025006>
661406 1790835818.072041 pwrite64(30</tmp/TestMixedWorkflowsRecoverFromFourServerFaults3749442285/001/node-0/jetstream/$G/streams/KV_WF_LEASE/msgs/1.blk>, "\235\0\0\2009\2\0\0\0\0\0\0gG\0173\260S\332\30\"\0$KV.WF_LEA"..., 316, 94354 <unfinished ...>
661550 1790835818.082444 <... pwrite64 resumed>) = 279 (DELAYED) <0.025010>
661422 1790835818.086354 pwrite64(24</tmp/TestMixedWorkflowsRecoverFromFourServerFaults3749442285/001/node-0/jetstream/$G/streams/WF_JRN/msgs/1.blk>, "\343\0\0\200b\1\0\0\0\0\0\0004\243H2\260S\332\30\35\0wf.jrn.mix"..., 227, 96520 <unfinished ...>
661553 1790835818.093485 <... pwrite64 resumed>) = 30 (DELAYED) <0.025636>
661553 1790835818.095610 pwrite64(32</tmp/TestMixedWorkflowsRecoverFromFourServerFaults3749442285/001/node-0/jetstream/$G/streams/KV_WF_STATE/msgs/1.blk>, "\226\0\0\200\32\0\0\0\0\0\0\0\254\206\\4\260S\332\30#\0$KV.WF_STA"..., 150, 4053 <unfinished ...>
661406 1790835818.097541 <... pwrite64 resumed>) = 316 (DELAYED) <0.025465>
661417 1790835818.100774 pwrite64(30</tmp/TestMixedWorkflowsRecoverFromFourServerFaults3749442285/001/node-0/jetstream/$G/streams/KV_WF_LEASE/msgs/1.blk>, "\237\0\0\200;\2\0\0\0\0\0\0\257\1\3024\260S\332\30\"\0$KV.WF_LEA"..., 159, 94670 <unfinished ...>
661422 1790835818.112283 <... pwrite64 resumed>) = 227 (DELAYED) <0.025884>
661550 1790835818.117991 pwrite64(24</tmp/TestMixedWorkflowsRecoverFromFourServerFaults3749442285/001/node-0/jetstream/$G/streams/WF_JRN/msgs/1.blk>, "\332\0\0\200c\1\0\0\0\0\0\0P\366\2425\260S\332\30\35\0wf.jrn.mix"..., 218, 96747 <unfinished ...>
661553 1790835818.120655 <... pwrite64 resumed>) = 150 (DELAYED) <0.024928>
661417 1790835818.126945 <... pwrite64 resumed>) = 159 (DELAYED) <0.026138>
661422 1790835818.127737 newfstatat(AT_FDCWD</home/exedev/js-wf/integration>, "/tmp/TestMixedWorkflowsRecoverFromFourServerFaults3749442285/001/node-0/jetstream/$G/streams/WF_RUN/obs/WF_P_26/o.dat", {st_mode=S_IFREG|0600, st_size=19, ...}, AT_SYMLINK_NOFOLLOW) = 0 <0.000084>
661422 1790835818.127905 renameat(AT_FDCWD</home/exedev/js-wf/integration>, "/tmp/TestMixedWorkflowsRecoverFromFourServerFaults3749442285/001/node-0/jetstream/$G/streams/WF_RUN/obs/WF_P_26/o.dat.tmp", AT_FDCWD</home/exedev/js-wf/integration>, "/tmp/TestMixedWorkflowsRecoverFromFourServerFaults3749442285/001/node-0/jetstream/$G/streams/WF_RUN/obs/WF_P_26/o.dat") = 0 <0.000132>
661417 1790835818.128737 pwrite64(50</tmp/TestMixedWorkflowsRecoverFromFourServerFaults3749442285/001/node-0/jetstream/$SYS/_js_/C-R3F-tuMA878n/msgs/1.blk>, "Q\0\0\0004\0\0\0\0\0\0\0da\2336\260S\332\30\0\0000m6vARoZ\3\0"..., 81, 6271 <unfinished ...>
661551 1790835818.129917 pwrite64(30</tmp/TestMixedWorkflowsRecoverFromFourServerFaults3749442285/001/node-0/jetstream/$G/streams/KV_WF_LEASE/msgs/1.blk>, "\237\0\0\200<\2\0\0\0\0\0\0\n6\2036\260S\332\30#\0$KV.WF_LEA"..., 484, 94829 <unfinished ...>
661550 1790835818.146854 <... pwrite64 resumed>) = 218 (DELAYED) <0.028794>
661550 1790835818.146977 --- SIGURG {si_signo=SIGURG, si_code=SI_TKILL, si_pid=661400, si_uid=1000} ---
661554 1790835818.150110 pwrite64(51</tmp/TestMixedWorkflowsRecoverFromFourServerFaults3749442285/001/node-0/jetstream/$SYS/_js_/C-R3F-7OYeMzZe/msgs/1.blk>, "l\0\0\0\"\0\0\0\0\0\0\0\274\270\3417\260S\332\30\0\0000m6vARoZ\3\0"..., 108, 3636 <unfinished ...>
661549 1790835818.153071 pwrite64(49</tmp/TestMixedWorkflowsRecoverFromFourServerFaults3749442285/001/node-0/jetstream/$SYS/_js_/C-R3F-SaO96lab/msgs/1.blk>, "l\0\0\0001\0\0\0\0\0\0\0006\227\168\260S\332\30\0\0000m6vARoZ\3\0"..., 108, 5175 <unfinished ...>
661417 1790835818.154375 <... pwrite64 resumed>) = 81 (DELAYED) <0.025605>
661551 1790835818.155254 <... pwrite64 resumed>) = 484 (DELAYED) <0.025318>
661436 1790835818.155294 pwrite64(50</tmp/TestMixedWorkflowsRecoverFromFourServerFaults3749442285/001/node-0/jetstream/$SYS/_js_/C-R3F-tuMA878n/msgs/1.blk>, "l\0\0\0005\0\0\0\0\0\0\0\35\240/8\260S\332\30\0\0000m6vARoZ\3\0"..., 108, 6352 <unfinished ...>
661551 1790835818.155651 pwrite64(24</tmp/TestMixedWorkflowsRecoverFromFourServerFaults3749442285/001/node-0/jetstream/$G/streams/WF_JRN/msgs/1.blk>, "\27\1\0\200d\1\0\0\0\0\0\0\321\\\3257\260S\332\30\35\0wf.jrn.mix"..., 662, 96965 <unfinished ...>
661422 1790835818.159831 pwrite64(30</tmp/TestMixedWorkflowsRecoverFromFourServerFaults3749442285/001/node-0/jetstream/$G/streams/KV_WF_LEASE/msgs/1.blk>, "\267\0\0\200?\2\0\0\0\0\0\0bL98\260S\332\30:\0$KV.WF_LEA"..., 342, 95313 <unfinished ...>
661553 1790835818.160199 newfstatat(AT_FDCWD</home/exedev/js-wf/integration>, "/tmp/TestMixedWorkflowsRecoverFromFourServerFaults3749442285/001/node-0/jetstream/$G/streams/WF_RUN/obs/WF_P_00/o.dat", {st_mode=S_IFREG|0600, st_size=28, ...}, AT_SYMLINK_NOFOLLOW) = 0 <0.000022>
661553 1790835818.160288 renameat(AT_FDCWD</home/exedev/js-wf/integration>, "/tmp/TestMixedWorkflowsRecoverFromFourServerFaults3749442285/001/node-0/jetstream/$G/streams/WF_RUN/obs/WF_P_00/o.dat.tmp", AT_FDCWD</home/exedev/js-wf/integration>, "/tmp/TestMixedWorkflowsRecoverFromFourServerFaults3749442285/001/node-0/jetstream/$G/streams/WF_RUN/obs/WF_P_00/o.dat") = 0 <0.000095>
661554 1790835818.175177 <... pwrite64 resumed>) = 108 (DELAYED) <0.025028>
661554 1790835818.175321 pwrite64(51</tmp/TestMixedWorkflowsRecoverFromFourServerFaults3749442285/001/node-0/jetstream/$SYS/_js_/C-R3F-7OYeMzZe/msgs/1.blk>, "l\0\0\0#\0\0\0\0\0\0\0\344ob9\260S\332\30\0\0000m6vARoZ\3\0"..., 108, 3744 <unfinished ...>
661549 1790835818.178104 <... pwrite64 resumed>) = 108 (DELAYED) <0.024996>
661549 1790835818.178185 pwrite64(49</tmp/TestMixedWorkflowsRecoverFromFourServerFaults3749442285/001/node-0/jetstream/$SYS/_js_/C-R3F-SaO96lab/msgs/1.blk>, "l\0\0\0002\0\0\0\0\0\0\0VK\2169\260S\332\30\0\0000m6vARoZ\3\0"..., 108, 5283 <unfinished ...>
661553 1790835818.178989 pwrite64(45</tmp/TestMixedWorkflowsRecoverFromFourServerFaults3749442285/001/node-0/jetstream/$SYS/_js_/C-R3F-w2Vf1jql/msgs/1.blk>, "l\0\0\0\22\0\0\0\0\0\0\00026\2329\260S\332\30\0\0000m6vARoZ\3\0"..., 108, 1845 <unfinished ...>
661417 1790835818.180031 pwrite64(44</tmp/TestMixedWorkflowsRecoverFromFourServerFaults3749442285/001/node-0/jetstream/$SYS/_js_/C-R3F-MSuCeJue/msgs/1.blk>, "l\0\0\0\17\0\0\0\0\0\0\0\373f\2529\260S\332\30\0\0000m6vARoZ\3\0"..., 108, 1626 <unfinished ...>
661436 1790835818.180397 <... pwrite64 resumed>) = 108 (DELAYED) <0.024980>
661551 1790835818.180709 <... pwrite64 resumed>) = 662 (DELAYED) <0.025035>
661436 1790835818.183284 newfstatat(AT_FDCWD</home/exedev/js-wf/integration>, "/tmp/TestMixedWorkflowsRecoverFromFourServerFaults3749442285/001/node-0/jetstream/$G/streams/WF_RUN/obs/WF_P_12/o.dat", {st_mode=S_IFREG|0600, st_size=69, ...}, AT_SYMLINK_NOFOLLOW) = 0 <0.000020>
661436 1790835818.183985 renameat(AT_FDCWD</home/exedev/js-wf/integration>, "/tmp/TestMixedWorkflowsRecoverFromFourServerFaults3749442285/001/node-0/jetstream/$G/streams/WF_RUN/obs/WF_P_12/o.dat.tmp", AT_FDCWD</home/exedev/js-wf/integration>, "/tmp/TestMixedWorkflowsRecoverFromFourServerFaults3749442285/001/node-0/jetstream/$G/streams/WF_RUN/obs/WF_P_12/o.dat") = 0 <0.000217>
661406 1790835818.184774 pwrite64(22</tmp/TestMixedWorkflowsRecoverFromFourServerFaults3749442285/001/node-0/jetstream/$G/streams/WF_RUN/msgs/1.blk>, "\36\0\0\0`\0\0\0\0\0\0@/!\2113\257S\332\30\0\0bv\21\311\312\347\252\375", 30, 25345 <unfinished ...>
661422 1790835818.185431 <... pwrite64 resumed>) = 342 (DELAYED) <0.025557>
661422 1790835818.187587 pwrite64(24</tmp/TestMixedWorkflowsRecoverFromFourServerFaults3749442285/001/node-0/jetstream/$G/streams/WF_JRN/msgs/1.blk>, "\332\0\0\200f\1\0\0\0\0\0\0\354\265\3219\260S\332\30\35\0wf.jrn.mix"..., 460, 97627 <unfinished ...>
661551 1790835818.193981 pwrite64(30</tmp/TestMixedWorkflowsRecoverFromFourServerFaults3749442285/001/node-0/jetstream/$G/streams/KV_WF_LEASE/msgs/1.blk>, "\267\0\0\200A\2\0\0\0\0\0\0q\237):\260S\332\30:\0$KV.WF_LEA"..., 342, 95655 <unfinished ...>
661554 1790835818.200412 <... pwrite64 resumed>) = 108 (DELAYED) <0.025067>
661549 1790835818.203275 <... pwrite64 resumed>) = 108 (DELAYED) <0.025077>
661549 1790835818.203923 --- SIGURG {si_signo=SIGURG, si_code=SI_TKILL, si_pid=661400, si_uid=1000} ---
661553 1790835818.204214 <... pwrite64 resumed>) = 108 (DELAYED) <0.025190>
661436 1790835818.204396 pwrite64(45</tmp/TestMixedWorkflowsRecoverFromFourServerFaults3749442285/001/node-0/jetstream/$SYS/_js_/C-R3F-w2Vf1jql/msgs/1.blk>, "l\0\0\0\23\0\0\0\0\0\0\0\222\357\34;\260S\332\30\0\0000m6vARoZ\3\0"..., 108, 1953 <unfinished ...>
661417 1790835818.206103 <... pwrite64 resumed>) = 108 (DELAYED) <0.026021>
661417 1790835818.206177 pwrite64(44</tmp/TestMixedWorkflowsRecoverFromFourServerFaults3749442285/001/node-0/jetstream/$SYS/_js_/C-R3F-MSuCeJue/msgs/1.blk>, "l\0\0\0\20\0\0\0\0\0\0\0\265l9;\260S\332\30\0\0000m6vARoZ\3\0"..., 108, 1734 <unfinished ...>
661406 1790835818.209809 <... pwrite64 resumed>) = 30 (DELAYED) <0.025015>
661422 1790835818.212637 <... pwrite64 resumed>) = 460 (DELAYED) <0.024998>
661552 1790835818.216738 pwrite64(47</tmp/TestMixedWorkflowsRecoverFromFourServerFaults3749442285/001/node-0/jetstream/$SYS/_js_/C-R3F-JUPhrGJa/msgs/1.blk>, "l\0\0\0\34\0\0\0\0\0\0\0\370-\323;\260S\332\30\0\0000m6vARoZ\3\0"..., 108, 3127 <unfinished ...>
661551 1790835818.219186 <... pwrite64 resumed>) = 342 (DELAYED) <0.025175>
661406 1790835818.219536 pwrite64(24</tmp/TestMixedWorkflowsRecoverFromFourServerFaults3749442285/001/node-0/jetstream/$G/streams/WF_JRN/msgs/1.blk>, "4\1\0\200h\1\0\0\0\0\0\0\345\340\262;\260S\332\0304\0wf.jrn.mix"..., 587, 98087 <unfinished ...>
661554 1790835818.221251 pwrite64(42</tmp/TestMixedWorkflowsRecoverFromFourServerFaults3749442285/001/node-0/jetstream/$SYS/_js_/C-R3F-GtA4TRr8/msgs/1.blk>, "l\0\0\0001\0\0\0\0\0\0\0\273v\37<\260S\332\30\0\0000m6vARoZ\3\0"..., 108, 5463 <unfinished ...>
661556 1790835818.223595 pwrite64(30</tmp/TestMixedWorkflowsRecoverFromFourServerFaults3749442285/001/node-0/jetstream/$G/streams/KV_WF_LEASE/msgs/1.blk>, "\215\0\0\200C\2\0\0\0\0\0\0%5\6<\260S\332\30\"\0$KV.WF_LEA"..., 483, 95997 <unfinished ...>
661436 1790835818.231555 <... pwrite64 resumed>) = 108 (DELAYED) <0.027133>
661551 1790835818.232076 pwrite64(48</tmp/TestMixedWorkflowsRecoverFromFourServerFaults3749442285/001/node-0/jetstream/$SYS/_js_/C-R3F-5zk9g5oE/msgs/1.blk>, "l\0\0\0\"\0\0\0\0\0\0\0\227\357\276<\260S\332\30\0\0000m6vARoZ\3\0"..., 108, 3642 <unfinished ...>
661417 1790835818.232118 <... pwrite64 resumed>) = 108 (DELAYED) <0.025929>
661552 1790835818.241811 <... pwrite64 resumed>) = 108 (DELAYED) <0.025031>
661552 1790835818.241952 pwrite64(47</tmp/TestMixedWorkflowsRecoverFromFourServerFaults3749442285/001/node-0/jetstream/$SYS/_js_/C-R3F-JUPhrGJa/msgs/1.blk>, "l\0\0\0\35\0\0\0\0\0\0\0j+[=\260S\332\30\0\0000m6vARoZ\3\0"..., 108, 3235 <unfinished ...>
661549 1790835818.244145 pwrite64(46</tmp/TestMixedWorkflowsRecoverFromFourServerFaults3749442285/001/node-0/jetstream/$SYS/_js_/C-R3F-13UXQlAl/msgs/1.blk>, "l\0\0\0#\0\0\0\0\0\0\0S\225{=\260S\332\30\0\0000m6vARoZ\2\0"..., 108, 4191 <unfinished ...>
661406 1790835818.244665 <... pwrite64 resumed>) = 587 (DELAYED) <0.025110>
661554 1790835818.246295 <... pwrite64 resumed>) = 108 (DELAYED) <0.025023>
661554 1790835818.246396 pwrite64(42</tmp/TestMixedWorkflowsRecoverFromFourServerFaults3749442285/001/node-0/jetstream/$SYS/_js_/C-R3F-GtA4TRr8/msgs/1.blk>, "\206\0\0\0002\0\0\0\0\0\0\0\340\33\237=\260S\332\30\0\0000m6vARoZ\3\0"..., 134, 5571 <unfinished ...>
661556 1790835818.248748 <... pwrite64 resumed>) = 483 (DELAYED) <0.025053>
661556 1790835818.250912 pwrite64(24</tmp/TestMixedWorkflowsRecoverFromFourServerFaults3749442285/001/node-0/jetstream/$G/streams/WF_JRN/msgs/1.blk>, "\362\0\0\200j\1\0\0\0\0\0\0\3\16\246=\260S\332\0304\0wf.jrn.mix"..., 242, 98674 <unfinished ...>
661553 1790835818.254642 pwrite64(30</tmp/TestMixedWorkflowsRecoverFromFourServerFaults3749442285/001/node-0/jetstream/$G/streams/KV_WF_LEASE/msgs/1.blk>, "\267\0\0\200F\2\0\0\0\0\0\0A\360\350=\260S\332\30:\0$KV.WF_LEA"..., 183, 96480 <unfinished ...>
661551 1790835818.257125 <... pwrite64 resumed>) = 108 (DELAYED) <0.025006>
661551 1790835818.257241 pwrite64(48</tmp/TestMixedWorkflowsRecoverFromFourServerFaults3749442285/001/node-0/jetstream/$SYS/_js_/C-R3F-5zk9g5oE/msgs/1.blk>, "l\0\0\0#\0\0\0\0\0\0\0-\225D>\260S\332\30\0\0000m6vARoZ\3\0"..., 108, 3750 <unfinished ...>
661550 1790835818.261622 newfstatat(AT_FDCWD</home/exedev/js-wf/integration>, "/tmp/TestMixedWorkflowsRecoverFromFourServerFaults3749442285/001/node-0/jetstream/$G/streams/WF_RUN/obs/WF_P_00/o.dat", {st_mode=S_IFREG|0600, st_size=28, ...}, AT_SYMLINK_NOFOLLOW) = 0 <0.000015>
661550 1790835818.261690 renameat(AT_FDCWD</home/exedev/js-wf/integration>, "/tmp/TestMixedWorkflowsRecoverFromFourServerFaults3749442285/001/node-0/jetstream/$G/streams/WF_RUN/obs/WF_P_00/o.dat.tmp", AT_FDCWD</home/exedev/js-wf/integration>, "/tmp/TestMixedWorkflowsRecoverFromFourServerFaults3749442285/001/node-0/jetstream/$G/streams/WF_RUN/obs/WF_P_00/o.dat") = 0 <0.000088>
661552 1790835818.266991 <... pwrite64 resumed>) = 108 (DELAYED) <0.025006>
661549 1790835818.270193 <... pwrite64 resumed>) = 108 (DELAYED) <0.026015>
661552 1790835818.270376 pwrite64(46</tmp/TestMixedWorkflowsRecoverFromFourServerFaults3749442285/001/node-0/jetstream/$SYS/_js_/C-R3F-13UXQlAl/msgs/1.blk>, "l\0\0\0$\0\0\0\0\0\0\0\302|\f?\260S\332\30\0\0000m6vARoZ\2\0"..., 108, 4299 <unfinished ...>
661549 1790835818.270431 --- SIGURG {si_signo=SIGURG, si_code=SI_TKILL, si_pid=661400, si_uid=1000} ---
661549 1790835818.270573 --- SIGURG {si_signo=SIGURG, si_code=SI_TKILL, si_pid=661400, si_uid=1000} ---
661554 1790835818.271435 <... pwrite64 resumed>) = 134 (DELAYED) <0.025021>
661406 1790835818.275417 newfstatat(AT_FDCWD</home/exedev/js-wf/integration>, "/tmp/TestMixedWorkflowsRecoverFromFourServerFaults3749442285/001/node-0/jetstream/$G/streams/WF_RUN/obs/WF_P_26/o.dat", {st_mode=S_IFREG|0600, st_size=19, ...}, AT_SYMLINK_NOFOLLOW) = 0 <0.000018>
661406 1790835818.275499 renameat(AT_FDCWD</home/exedev/js-wf/integration>, "/tmp/TestMixedWorkflowsRecoverFromFourServerFaults3749442285/001/node-0/jetstream/$G/streams/WF_RUN/obs/WF_P_26/o.dat.tmp", AT_FDCWD</home/exedev/js-wf/integration>, "/tmp/TestMixedWorkflowsRecoverFromFourServerFaults3749442285/001/node-0/jetstream/$G/streams/WF_RUN/obs/WF_P_26/o.dat") = 0 <0.000141>
661556 1790835818.278813 <... pwrite64 resumed>) = 242 (DELAYED) <0.027866>
661554 1790835818.279085 pwrite64(22</tmp/TestMixedWorkflowsRecoverFromFourServerFaults3749442285/001/node-0/jetstream/$G/streams/WF_RUN/msgs/1.blk>, "\36\0\0\0@\0\0\0\0\0\0@\216H\350\344\256S\332\30\0\0w\204,\275,-_\301", 30, 25375 <unfinished ...>
661553 1790835818.279686 <... pwrite64 resumed>) = 183 (DELAYED) <0.025008>
661417 1790835818.280281 pwrite64(24</tmp/TestMixedWorkflowsRecoverFromFourServerFaults3749442285/001/node-0/jetstream/$G/streams/WF_JRN/msgs/1.blk>, "\332\0\0\200k\1\0\0\0\0\0\0K\245\310=\260S\332\30\35\0wf.jrn.mix"..., 218, 98916 <unfinished ...>
661551 1790835818.282333 <... pwrite64 resumed>) = 108 (DELAYED) <0.025076>
661553 1790835818.290131 pwrite64(30</tmp/TestMixedWorkflowsRecoverFromFourServerFaults3749442285/001/node-0/jetstream/$G/streams/KV_WF_LEASE/msgs/1.blk>, "\235\0\0\200G\2\0\0\0\0\0\0%\343\260?\260S\332\30\"\0$KV.WF_LEA"..., 475, 96663 <unfinished ...>
661552 1790835818.295419 <... pwrite64 resumed>) = 108 (DELAYED) <0.025020>
661554 1790835818.304139 <... pwrite64 resumed>) = 30 (DELAYED) <0.025022>
661417 1790835818.307214 <... pwrite64 resumed>) = 218 (DELAYED) <0.026907>
661551 1790835818.309077 pwrite64(24</tmp/TestMixedWorkflowsRecoverFromFourServerFaults3749442285/001/node-0/jetstream/$G/streams/WF_JRN/msgs/1.blk>, "\373\0\0\200l\1\0\0\0\0\0\0\205\26\237?\260S\332\0304\0wf.jrn.mix"..., 251, 99134 <unfinished ...>
661417 1790835818.313223 pwrite64(32</tmp/TestMixedWorkflowsRecoverFromFourServerFaults3749442285/001/node-0/jetstream/$G/streams/KV_WF_STATE/msgs/1.blk>, "\256\0\0\200\33\0\0\0\0\0\0\0\323DaA\260S\332\30:\0$KV.WF_STA"..., 174, 4203 <unfinished ...>
661553 1790835818.316049 <... pwrite64 resumed>) = 475 (DELAYED) <0.025871>
661551 1790835818.334127 <... pwrite64 resumed>) = 251 (DELAYED) <0.025017>
661551 1790835818.334235 --- SIGURG {si_signo=SIGURG, si_code=SI_TKILL, si_pid=661400, si_uid=1000} ---
661417 1790835818.338571 <... pwrite64 resumed>) = 174 (DELAYED) <0.025291>
661549 1790835818.341520 pwrite64(24</tmp/TestMixedWorkflowsRecoverFromFourServerFaults3749442285/001/node-0/jetstream/$G/streams/WF_JRN/msgs/1.blk>, "\342\0\0\200m\1\0\0\0\0\0\0\242\332\340B\260S\332\30\35\0wf.jrn.mix"..., 226, 99385 <unfinished ...>
661554 1790835818.342502 pwrite64(25</tmp/TestMixedWorkflowsRecoverFromFourServerFaults3749442285/001/node-0/jetstream/$SYS/_js_/S-R3F-jsfg5vMh/msgs/2.blk>, "\300\1\0\0001\0\0\0\0\0\0\0I\235YC\260S\332\30\0\0St9I6EVH\2\0"..., 448, 18617 <unfinished ...>
661553 1790835818.346248 pwrite64(32</tmp/TestMixedWorkflowsRecoverFromFourServerFaults3749442285/001/node-0/jetstream/$G/streams/KV_WF_STATE/msgs/1.blk>, "\226\0\0\200\34\0\0\0\0\0\0\0\311/LC\260S\332\30#\0$KV.WF_STA"..., 150, 4377 <unfinished ...>
661549 1790835818.366633 <... pwrite64 resumed>) = 226 (DELAYED) <0.025062>
661549 1790835818.366796 --- SIGURG {si_signo=SIGURG, si_code=SI_TKILL, si_pid=661400, si_uid=1000} ---
661554 1790835818.367818 <... pwrite64 resumed>) = 448 (DELAYED) <0.025283>
661550 1790835818.369114 --- SIGURG {si_signo=SIGURG, si_code=SI_TKILL, si_pid=661400, si_uid=1000} ---
661417 1790835818.370078 pwrite64(26</tmp/TestMixedWorkflowsRecoverFromFourServerFaults3749442285/001/node-0/jetstream/$G/streams/WF_SIG/msgs/1.blk>, "R\1\0\2000\0\0\0\0\0\0\0\244pVC\260S\332\30%\0wf.sig.mix"..., 338, 13378 <unfinished ...>
661553 1790835818.371322 <... pwrite64 resumed>) = 150 (DELAYED) <0.025046>
661550 1790835818.372722 pwrite64(30</tmp/TestMixedWorkflowsRecoverFromFourServerFaults3749442285/001/node-0/jetstream/$G/streams/KV_WF_LEASE/msgs/1.blk>, "\216\0\0\200J\2\0\0\0\0\0\0w\333\5E\260S\332\30#\0$KV.WF_LEA"..., 142, 97138 <unfinished ...>
661553 1790835818.374921 pwrite64(41</tmp/TestMixedWorkflowsRecoverFromFourServerFaults3749442285/001/node-0/jetstream/$SYS/_js_/C-R3F-9oj0nEIt/msgs/1.blk>, "\177\0\0\0\36\0\0\0\0\0\0\0\345=HE\260S\332\30\0\0000m6vARoZ\3\0"..., 127, 3183 <unfinished ...>
661551 1790835818.374954 pwrite64(43</tmp/TestMixedWorkflowsRecoverFromFourServerFaults3749442285/001/node-0/jetstream/$SYS/_js_/C-R3F-0ktVzAXS/msgs/1.blk>, "l\0\0\0<\0\0\0\0\0\0\0\226tHE\260S\332\30\0\0000m6vARoZ\3\0"..., 108, 7092 <unfinished ...>
661556 1790835818.375886 pwrite64(52</tmp/TestMixedWorkflowsRecoverFromFourServerFaults3749442285/001/node-0/jetstream/$SYS/_js_/C-R3F-msGDjRCn/msgs/1.blk>, "z\0\0\0(\0\0\0\0\0\0\0\305\321RE\260S\332\30\0\0000m6vARoZ\3\0"..., 122, 4236 <unfinished ...>
661406 1790835818.376663 newfstatat(AT_FDCWD</home/exedev/js-wf/integration>, "/tmp/TestMixedWorkflowsRecoverFromFourServerFaults3749442285/001/node-0/jetstream/$G/streams/WF_RUN/obs/WF_P_26/o.dat", {st_mode=S_IFREG|0600, st_size=19, ...}, AT_SYMLINK_NOFOLLOW) = 0 <0.000031>
661406 1790835818.376785 renameat(AT_FDCWD</home/exedev/js-wf/integration>, "/tmp/TestMixedWorkflowsRecoverFromFourServerFaults3749442285/001/node-0/jetstream/$G/streams/WF_RUN/obs/WF_P_26/o.dat.tmp", AT_FDCWD</home/exedev/js-wf/integration>, "/tmp/TestMixedWorkflowsRecoverFromFourServerFaults3749442285/001/node-0/jetstream/$G/streams/WF_RUN/obs/WF_P_26/o.dat") = 0 <0.000164>
661406 1790835818.378112 pwrite64(22</tmp/TestMixedWorkflowsRecoverFromFourServerFaults3749442285/001/node-0/jetstream/$G/streams/WF_RUN/msgs/1.blk>, "l\0\0\200\211\0\0\0\0\0\0\0Zv\36E\260S\332\30\t\0wf.run.55+"..., 108, 25405 <unfinished ...>
661417 1790835818.395114 <... pwrite64 resumed>) = 338 (DELAYED) <0.024996>
661553 1790835818.400545 <... pwrite64 resumed>) = 127 (DELAYED) <0.025592>
661550 1790835818.401664 <... pwrite64 resumed>) = 142 (DELAYED) <0.028924>
661551 1790835818.401701 <... pwrite64 resumed>) = 108 (DELAYED) <0.026732>
661556 1790835818.402072 <... pwrite64 resumed>) = 122 (DELAYED) <0.026166>
661551 1790835818.402115 pwrite64(43</tmp/TestMixedWorkflowsRecoverFromFourServerFaults3749442285/001/node-0/jetstream/$SYS/_js_/C-R3F-0ktVzAXS/msgs/1.blk>, "_\0\0\0=\0\0\0\0\0\0\0\360\301\341F\260S\332\30\0\0000m6vARoZ\3\0"..., 95, 7200 <unfinished ...>
661556 1790835818.402157 pwrite64(52</tmp/TestMixedWorkflowsRecoverFromFourServerFaults3749442285/001/node-0/jetstream/$SYS/_js_/C-R3F-msGDjRCn/msgs/1.blk>, "l\0\0\0)\0\0\0\0\0\0\0\10U\347F\260S\332\30\0\0000m6vARoZ\3\0"..., 108, 4358 <unfinished ...>
661422 1790835818.402987 pwrite64(40</tmp/TestMixedWorkflowsRecoverFromFourServerFaults3749442285/001/node-0/jetstream/$SYS/_js_/C-R3F-tAOw9Q1E/msgs/1.blk>, "Q\0\0\0\30\0\0\0\0\0\0\0\375\225\350F\260S\332\30\0\0000m6vARoZ\3\0"..., 81, 2602 <unfinished ...>
661406 1790835818.403133 <... pwrite64 resumed>) = 108 (DELAYED) <0.025005>
661554 1790835818.403144 pwrite64(42</tmp/TestMixedWorkflowsRecoverFromFourServerFaults3749442285/001/node-0/jetstream/$SYS/_js_/C-R3F-GtA4TRr8/msgs/1.blk>, "l\0\0\0003\0\0\0\0\0\0\0\27\353\366F\260S\332\30\0\0000m6vARoZ\3\0"..., 108, 5705 <unfinished ...>
661406 1790835818.404051 newfstatat(AT_FDCWD</home/exedev/js-wf/integration>, "/tmp/TestMixedWorkflowsRecoverFromFourServerFaults3749442285/001/node-0/jetstream/$G/streams/WF_RUN/obs/WF_P_55/o.dat", {st_mode=S_IFREG|0600, st_size=24, ...}, AT_SYMLINK_NOFOLLOW) = 0 <0.000005>
661406 1790835818.404087 renameat(AT_FDCWD</home/exedev/js-wf/integration>, "/tmp/TestMixedWorkflowsRecoverFromFourServerFaults3749442285/001/node-0/jetstream/$G/streams/WF_RUN/obs/WF_P_55/o.dat.tmp", AT_FDCWD</home/exedev/js-wf/integration>, "/tmp/TestMixedWorkflowsRecoverFromFourServerFaults3749442285/001/node-0/jetstream/$G/streams/WF_RUN/obs/WF_P_55/o.dat") = 0 <0.000071>
661436 1790835818.407392 pwrite64(51</tmp/TestMixedWorkflowsRecoverFromFourServerFaults3749442285/001/node-0/jetstream/$SYS/_js_/C-R3F-7OYeMzZe/msgs/1.blk>, "R\0\0\0$\0\0\0\0\0\0\0`\1777G\260S\332\30\0\0000m6vARoZ\3\0"..., 82, 3852 <unfinished ...>
661552 1790835818.410311 pwrite64(49</tmp/TestMixedWorkflowsRecoverFromFourServerFaults3749442285/001/node-0/jetstream/$SYS/_js_/C-R3F-SaO96lab/msgs/1.blk>, "l\0\0\0003\0\0\0\0\0\0\0r1dG\260S\332\30\0\0000m6vARoZ\3\0"..., 108, 5391 <unfinished ...>
661406 1790835818.415073 pwrite64(30</tmp/TestMixedWorkflowsRecoverFromFourServerFaults3749442285/001/node-0/jetstream/$G/streams/KV_WF_LEASE/msgs/1.blk>, "\245\0\0\200K\2\0\0\0\0\0\0>\244\341F\260S\332\30:\0$KV.WF_LEA"..., 624, 97280 <unfinished ...>
661556 1790835818.427200 <... pwrite64 resumed>) = 108 (DELAYED) <0.025032>
661551 1790835818.427242 <... pwrite64 resumed>) = 95 (DELAYED) <0.025108>
661422 1790835818.428074 <... pwrite64 resumed>) = 81 (DELAYED) <0.025067>
661422 1790835818.428313 pwrite64(40</tmp/TestMixedWorkflowsRecoverFromFourServerFaults3749442285/001/node-0/jetstream/$SYS/_js_/C-R3F-tAOw9Q1E/msgs/1.blk>, "\1\1\0\0\31\0\0\0\0\0\0\0\220LtH\260S\332\30\0\0000m6vARoZ\3\0"..., 257, 2683 <unfinished ...>
661554 1790835818.428366 <... pwrite64 resumed>) = 108 (DELAYED) <0.025214>
661554 1790835818.428402 pwrite64(42</tmp/TestMixedWorkflowsRecoverFromFourServerFaults3749442285/001/node-0/jetstream/$SYS/_js_/C-R3F-GtA4TRr8/msgs/1.blk>, "\206\0\0\0004\0\0\0\0\0\0\0\271[xH\260S\332\30\0\0000m6vARoZ\3\0"..., 134, 5813 <unfinished ...>
661556 1790835818.428414 newfstatat(AT_FDCWD</home/exedev/js-wf/integration>, "/tmp/TestMixedWorkflowsRecoverFromFourServerFaults3749442285/001/node-0/jetstream/$G/streams/WF_RUN/obs/WF_P_33/o.dat", {st_mode=S_IFREG|0600, st_size=10, ...}, AT_SYMLINK_NOFOLLOW) = 0 <0.000013>
661556 1790835818.428466 renameat(AT_FDCWD</home/exedev/js-wf/integration>, "/tmp/TestMixedWorkflowsRecoverFromFourServerFaults3749442285/001/node-0/jetstream/$G/streams/WF_RUN/obs/WF_P_33/o.dat.tmp", AT_FDCWD</home/exedev/js-wf/integration>, "/tmp/TestMixedWorkflowsRecoverFromFourServerFaults3749442285/001/node-0/jetstream/$G/streams/WF_RUN/obs/WF_P_33/o.dat") = 0 <0.000123>
661556 1790835818.429273 newfstatat(AT_FDCWD</home/exedev/js-wf/integration>, "/tmp/TestMixedWorkflowsRecoverFromFourServerFaults3749442285/001/node-0/jetstream/$G/streams/WF_RUN/obs/WF_P_27/o.dat", {st_mode=S_IFREG|0600, st_size=69, ...}, AT_SYMLINK_NOFOLLOW) = 0 <0.000013>
661556 1790835818.429354 renameat(AT_FDCWD</home/exedev/js-wf/integration>, "/tmp/TestMixedWorkflowsRecoverFromFourServerFaults3749442285/001/node-0/jetstream/$G/streams/WF_RUN/obs/WF_P_27/o.dat.tmp", AT_FDCWD</home/exedev/js-wf/integration>, "/tmp/TestMixedWorkflowsRecoverFromFourServerFaults3749442285/001/node-0/jetstream/$G/streams/WF_RUN/obs/WF_P_27/o.dat") = 0 <0.000299>
661417 1790835818.430901 pwrite64(22</tmp/TestMixedWorkflowsRecoverFromFourServerFaults3749442285/001/node-0/jetstream/$G/streams/WF_RUN/msgs/1.blk>, "\36\0\0\0M\0\0\0\0\0\0@m,!\356\256S\332\30\0\0\371\32r\2572\305W\245", 30, 25513 <unfinished ...>
661436 1790835818.432447 <... pwrite64 resumed>) = 82 (DELAYED) <0.025031>
661556 1790835818.432828 pwrite64(51</tmp/TestMixedWorkflowsRecoverFromFourServerFaults3749442285/001/node-0/jetstream/$SYS/_js_/C-R3F-7OYeMzZe/msgs/1.blk>, "l\0\0\0%\0\0\0\0\0\0\0\335\313\273H\260S\332\30\0\0000m6vARoZ\3\0"..., 108, 3934 <unfinished ...>
661552 1790835818.435551 <... pwrite64 resumed>) = 108 (DELAYED) <0.025218>
661552 1790835818.435797 pwrite64(49</tmp/TestMixedWorkflowsRecoverFromFourServerFaults3749442285/001/node-0/jetstream/$SYS/_js_/C-R3F-SaO96lab/msgs/1.blk>, "l\0\0\0004\0\0\0\0\0\0\0,`\346H\260S\332\30\0\0000m6vARoZ\3\0"..., 108, 5499 <unfinished ...>
661406 1790835818.440095 <... pwrite64 resumed>) = 624 (DELAYED) <0.024990>
661550 1790835818.441879 pwrite64(30</tmp/TestMixedWorkflowsRecoverFromFourServerFaults3749442285/001/node-0/jetstream/$G/streams/KV_WF_LEASE/msgs/1.blk>, "\215\0\0\200O\2\0\0\0\0\0\0\33\227+I\260S\332\30\"\0$KV.WF_LEA"..., 141, 97904 <unfinished ...>
661422 1790835818.453421 <... pwrite64 resumed>) = 257 (DELAYED) <0.025084>
661554 1790835818.453447 <... pwrite64 resumed>) = 134 (DELAYED) <0.025038>
661554 1790835818.453555 pwrite64(42</tmp/TestMixedWorkflowsRecoverFromFourServerFaults3749442285/001/node-0/jetstream/$SYS/_js_/C-R3F-GtA4TRr8/msgs/1.blk>, "l\0\0\0005\0\0\0\0\0\0\09(\370I\260S\332\30\0\0000m6vARoZ\3\0"..., 108, 5947 <unfinished ...>
661422 1790835818.455152 newfstatat(AT_FDCWD</home/exedev/js-wf/integration>, "/tmp/TestMixedWorkflowsRecoverFromFourServerFaults3749442285/001/node-0/jetstream/$G/streams/WF_RUN/obs/WF_P_00/o.dat", {st_mode=S_IFREG|0600, st_size=28, ...}, AT_SYMLINK_NOFOLLOW) = 0 <0.000017>
661422 1790835818.455548 renameat(AT_FDCWD</home/exedev/js-wf/integration>, "/tmp/TestMixedWorkflowsRecoverFromFourServerFaults3749442285/001/node-0/jetstream/$G/streams/WF_RUN/obs/WF_P_00/o.dat.tmp", AT_FDCWD</home/exedev/js-wf/integration>, "/tmp/TestMixedWorkflowsRecoverFromFourServerFaults3749442285/001/node-0/jetstream/$G/streams/WF_RUN/obs/WF_P_00/o.dat") = 0 <0.000303>
661417 1790835818.455924 <... pwrite64 resumed>) = 30 (DELAYED) <0.025002>
661556 1790835818.457871 <... pwrite64 resumed>) = 108 (DELAYED) <0.025028>
661417 1790835818.459455 pwrite64(22</tmp/TestMixedWorkflowsRecoverFromFourServerFaults3749442285/001/node-0/jetstream/$G/streams/WF_RUN/msgs/1.blk>, "\36\0\0\0B\0\0\0\0\0\0@\233T\350\344\256S\332\30\0\0\t!\0\367\222\27\n\343\36\0"..., 60, 25543 <unfinished ...>
661556 1790835818.460024 newfstatat(AT_FDCWD</home/exedev/js-wf/integration>, "/tmp/TestMixedWorkflowsRecoverFromFourServerFaults3749442285/001/node-0/jetstream/$G/streams/WF_RUN/obs/WF_P_63/o.dat", {st_mode=S_IFREG|0600, st_size=17, ...}, AT_SYMLINK_NOFOLLOW) = 0 <0.000023>
661556 1790835818.460092 renameat(AT_FDCWD</home/exedev/js-wf/integration>, "/tmp/TestMixedWorkflowsRecoverFromFourServerFaults3749442285/001/node-0/jetstream/$G/streams/WF_RUN/obs/WF_P_63/o.dat.tmp", AT_FDCWD</home/exedev/js-wf/integration>, "/tmp/TestMixedWorkflowsRecoverFromFourServerFaults3749442285/001/node-0/jetstream/$G/streams/WF_RUN/obs/WF_P_63/o.dat") = 0 <0.000066>
661552 1790835818.460824 <... pwrite64 resumed>) = 108 (DELAYED) <0.025012>
661550 1790835818.467153 <... pwrite64 resumed>) = 141 (DELAYED) <0.025246>
661422 1790835818.471059 pwrite64(30</tmp/TestMixedWorkflowsRecoverFromFourServerFaults3749442285/001/node-0/jetstream/$G/streams/KV_WF_LEASE/msgs/1.blk>, "\240\0\0\200P\2\0\0\0\0\0\0n\"\330J\260S\332\30#\0$KV.WF_LEA"..., 160, 98045 <unfinished ...>
661553 1790835818.473647 pwrite64(24</tmp/TestMixedWorkflowsRecoverFromFourServerFaults3749442285/001/node-0/jetstream/$G/streams/WF_JRN/msgs/1.blk>, "i\1\0\200n\1\0\0\0\0\0\0\266\253\5K\260S\332\30\35\0wf.jrn.mix"..., 361, 99611 <unfinished ...>
661554 1790835818.481082 <... pwrite64 resumed>) = 108 (DELAYED) <0.027510>
661554 1790835818.481183 pwrite64(42</tmp/TestMixedWorkflowsRecoverFromFourServerFaults3749442285/001/node-0/jetstream/$SYS/_js_/C-R3F-GtA4TRr8/msgs/1.blk>, "_\0\0\0006\0\0\0\0\0\0\0o\227\235K\260S\332\30\0\0000m6vARoZ\3\0"..., 95, 6055 <unfinished ...>
661417 1790835818.484489 <... pwrite64 resumed>) = 60 (DELAYED) <0.025011>
661417 1790835818.484589 --- SIGURG {si_signo=SIGURG, si_code=SI_TKILL, si_pid=661400, si_uid=1000} ---
661417 1790835818.484724 pwrite64(48</tmp/TestMixedWorkflowsRecoverFromFourServerFaults3749442285/001/node-0/jetstream/$SYS/_js_/C-R3F-5zk9g5oE/msgs/1.blk>, "l\0\0\0$\0\0\0\0\0\0\0\326i\323K\260S\332\30\0\0000m6vARoZ\3\0"..., 108, 3858 <unfinished ...>
661436 1790835818.486176 pwrite64(22</tmp/TestMixedWorkflowsRecoverFromFourServerFaults3749442285/001/node-0/jetstream/$G/streams/WF_RUN/msgs/1.blk>, "\36\0\0\0\210\0\0\0\0\0\0@w\221<(\260S\332\30\0\0\276\v\245\222A-E\210", 30, 25603 <unfinished ...>
661422 1790835818.496095 <... pwrite64 resumed>) = 160 (DELAYED) <0.024993>
661556 1790835818.497524 pwrite64(30</tmp/TestMixedWorkflowsRecoverFromFourServerFaults3749442285/001/node-0/jetstream/$G/streams/KV_WF_LEASE/msgs/1.blk>, "\234\0\0\200Q\2\0\0\0\0\0\0\225p\364J\260S\332\30\"\0$KV.WF_LEA"..., 156, 98205 <unfinished ...>
661553 1790835818.498842 <... pwrite64 resumed>) = 361 (DELAYED) <0.025162>
661554 1790835818.506357 <... pwrite64 resumed>) = 95 (DELAYED) <0.025156>
661554 1790835818.509485 --- SIGURG {si_signo=SIGURG, si_code=SI_TKILL, si_pid=661400, si_uid=1000} ---
661417 1790835818.509854 <... pwrite64 resumed>) = 108 (DELAYED) <0.025113>
661554 1790835818.509934 newfstatat(AT_FDCWD</home/exedev/js-wf/integration>, "/tmp/TestMixedWorkflowsRecoverFromFourServerFaults3749442285/001/node-0/jetstream/$G/streams/WF_RUN/obs/WF_P_26/o.dat", {st_mode=S_IFREG|0600, st_size=19, ...}, AT_SYMLINK_NOFOLLOW) = 0 <0.000014>
661554 1790835818.510022 renameat(AT_FDCWD</home/exedev/js-wf/integration>, "/tmp/TestMixedWorkflowsRecoverFromFourServerFaults3749442285/001/node-0/jetstream/$G/streams/WF_RUN/obs/WF_P_26/o.dat.tmp", AT_FDCWD</home/exedev/js-wf/integration>, "/tmp/TestMixedWorkflowsRecoverFromFourServerFaults3749442285/001/node-0/jetstream/$G/streams/WF_RUN/obs/WF_P_26/o.dat" <unfinished ...>
661417 1790835818.510046 pwrite64(48</tmp/TestMixedWorkflowsRecoverFromFourServerFaults3749442285/001/node-0/jetstream/$SYS/_js_/C-R3F-5zk9g5oE/msgs/1.blk>, "l\0\0\0%\0\0\0\0\0\0\0y\307UM\260S\332\30\0\0000m6vARoZ\3\0"..., 108, 3966 <unfinished ...>
661554 1790835818.510112 <... renameat resumed>) = 0 <0.000075>
661436 1790835818.511301 <... pwrite64 resumed>) = 30 (DELAYED) <0.025109>
661550 1790835818.514966 pwrite64(22</tmp/TestMixedWorkflowsRecoverFromFourServerFaults3749442285/001/node-0/jetstream/$G/streams/WF_RUN/msgs/1.blk>, "\36\0\0\0C\0\0\0\0\0\0@\273Y\350\344\256S\332\30\0\0@\375}\355\376\223F\255\36\0"..., 60, 25633 <unfinished ...>
661556 1790835818.522826 <... pwrite64 resumed>) = 156 (DELAYED) <0.025276>
661554 1790835818.524260 pwrite64(30</tmp/TestMixedWorkflowsRecoverFromFourServerFaults3749442285/001/node-0/jetstream/$G/streams/KV_WF_LEASE/msgs/1.blk>, "\240\0\0\200R\2\0\0\0\0\0\0!\307\210L\260S\332\30#\0$KV.WF_LEA"..., 160, 98361 <unfinished ...>
661406 1790835818.530451 newfstatat(AT_FDCWD</home/exedev/js-wf/integration>, "/tmp/TestMixedWorkflowsRecoverFromFourServerFaults3749442285/001/node-0/jetstream/$G/streams/WF_RUN/obs/WF_P_27/o.dat", {st_mode=S_IFREG|0600, st_size=64, ...}, AT_SYMLINK_NOFOLLOW) = 0 <0.000092>
661406 1790835818.530607 renameat(AT_FDCWD</home/exedev/js-wf/integration>, "/tmp/TestMixedWorkflowsRecoverFromFourServerFaults3749442285/001/node-0/jetstream/$G/streams/WF_RUN/obs/WF_P_27/o.dat.tmp", AT_FDCWD</home/exedev/js-wf/integration>, "/tmp/TestMixedWorkflowsRecoverFromFourServerFaults3749442285/001/node-0/jetstream/$G/streams/WF_RUN/obs/WF_P_27/o.dat") = 0 <0.000120>
661436 1790835818.531104 pwrite64(24</tmp/TestMixedWorkflowsRecoverFromFourServerFaults3749442285/001/node-0/jetstream/$G/streams/WF_JRN/msgs/1.blk>, "\345\0\0\200o\1\0\0\0\0\0\0\264/qN\260S\332\30\35\0wf.jrn.mix"..., 229, 99972 <unfinished ...>
661417 1790835818.535092 <... pwrite64 resumed>) = 108 (DELAYED) <0.025031>
661550 1790835818.540996 <... pwrite64 resumed>) = 60 (DELAYED) <0.025790>
661550 1790835818.541624 pwrite64(46</tmp/TestMixedWorkflowsRecoverFromFourServerFaults3749442285/001/node-0/jetstream/$SYS/_js_/C-R3F-13UXQlAl/msgs/1.blk>, "l\0\0\0%\0\0\0\0\0\0\0P\2747O\260S\332\30\0\0000m6vARoZ\2\0"..., 108, 4407 <unfinished ...>
661554 1790835818.549400 <... pwrite64 resumed>) = 160 (DELAYED) <0.025114>
661556 1790835818.550737 pwrite64(30</tmp/TestMixedWorkflowsRecoverFromFourServerFaults3749442285/001/node-0/jetstream/$G/streams/KV_WF_LEASE/msgs/1.blk>, "\236\0\0\200S\2\0\0\0\0\0\0\344\n\32N\260S\332\30\"\0$KV.WF_LEA"..., 158, 98521 <unfinished ...>
661436 1790835818.556142 <... pwrite64 resumed>) = 229 (DELAYED) <0.025007>
661554 1790835818.557347 newfstatat(AT_FDCWD</home/exedev/js-wf/integration>, "/tmp/TestMixedWorkflowsRecoverFromFourServerFaults3749442285/001/node-0/jetstream/$G/streams/WF_RUN/obs/WF_P_00/o.dat", {st_mode=S_IFREG|0600, st_size=25, ...}, AT_SYMLINK_NOFOLLOW) = 0 <0.000013>
661554 1790835818.557420 renameat(AT_FDCWD</home/exedev/js-wf/integration>, "/tmp/TestMixedWorkflowsRecoverFromFourServerFaults3749442285/001/node-0/jetstream/$G/streams/WF_RUN/obs/WF_P_00/o.dat.tmp", AT_FDCWD</home/exedev/js-wf/integration>, "/tmp/TestMixedWorkflowsRecoverFromFourServerFaults3749442285/001/node-0/jetstream/$G/streams/WF_RUN/obs/WF_P_00/o.dat") = 0 <0.000084>
661550 1790835818.566662 <... pwrite64 resumed>) = 108 (DELAYED) <0.025012>
661550 1790835818.566770 pwrite64(46</tmp/TestMixedWorkflowsRecoverFromFourServerFaults3749442285/001/node-0/jetstream/$SYS/_js_/C-R3F-13UXQlAl/msgs/1.blk>, "l\0\0\0&\0\0\0\0\0\0\0H\231\267P\260S\332\30\0\0000m6vARoZ\2\0"..., 108, 4515 <unfinished ...>
661556 1790835818.575775 <... pwrite64 resumed>) = 158 (DELAYED) <0.024998>
661556 1790835818.576969 pwrite64(41</tmp/TestMixedWorkflowsRecoverFromFourServerFaults3749442285/001/node-0/jetstream/$SYS/_js_/C-R3F-9oj0nEIt/msgs/1.blk>, "R\0\0\0\37\0\0\0\0\0\0\0\251\7RQ\260S\332\30\0\0000m6vARoZ\3\0"..., 82, 3310 <unfinished ...>
661422 1790835818.580626 pwrite64(40</tmp/TestMixedWorkflowsRecoverFromFourServerFaults3749442285/001/node-0/jetstream/$SYS/_js_/C-R3F-tAOw9Q1E/msgs/1.blk>, "l\0\0\0\32\0\0\0\0\0\0\0M\323\212Q\260S\332\30\0\0000m6vARoZ\3\0"..., 108, 2940 <unfinished ...>
661417 1790835818.585378 pwrite64(30</tmp/TestMixedWorkflowsRecoverFromFourServerFaults3749442285/001/node-0/jetstream/$G/streams/KV_WF_LEASE/msgs/1.blk>, "\234\0\0\200T\2\0\0\0\0\0\0\32F\264O\260S\332\30\"\0$KV.WF_LEA"..., 456, 98679 <unfinished ...>
661550 1790835818.591831 <... pwrite64 resumed>) = 108 (DELAYED) <0.025027>
661556 1790835818.602078 <... pwrite64 resumed>) = 82 (DELAYED) <0.025078>
661556 1790835818.602164 pwrite64(41</tmp/TestMixedWorkflowsRecoverFromFourServerFaults3749442285/001/node-0/jetstream/$SYS/_js_/C-R3F-9oj0nEIt/msgs/1.blk>, "l\0\0\0 \0\0\0\0\0\0\0\270\263\323R\260S\332\30\0\0000m6vARoZ\3\0"..., 108, 3392 <unfinished ...>
661422 1790835818.605689 <... pwrite64 resumed>) = 108 (DELAYED) <0.025034>
661422 1790835818.605754 pwrite64(40</tmp/TestMixedWorkflowsRecoverFromFourServerFaults3749442285/001/node-0/jetstream/$SYS/_js_/C-R3F-tAOw9Q1E/msgs/1.blk>, "\206\0\0\0\33\0\0\0\0\0\0\0\25u\nS\260S\332\30\0\0000m6vARoZ\3\0"..., 134, 3048 <unfinished ...>
661417 1790835818.611182 <... pwrite64 resumed>) = 456 (DELAYED) <0.025773>
661553 1790835818.612436 newfstatat(AT_FDCWD</home/exedev/js-wf/integration>, "/tmp/TestMixedWorkflowsRecoverFromFourServerFaults3749442285/001/node-0/jetstream/$G/streams/WF_RUN/obs/WF_P_26/o.dat", {st_mode=S_IFREG|0600, st_size=16, ...}, AT_SYMLINK_NOFOLLOW) = 0 <0.000021>
661553 1790835818.612516 renameat(AT_FDCWD</home/exedev/js-wf/integration>, "/tmp/TestMixedWorkflowsRecoverFromFourServerFaults3749442285/001/node-0/jetstream/$G/streams/WF_RUN/obs/WF_P_26/o.dat.tmp", AT_FDCWD</home/exedev/js-wf/integration>, "/tmp/TestMixedWorkflowsRecoverFromFourServerFaults3749442285/001/node-0/jetstream/$G/streams/WF_RUN/obs/WF_P_26/o.dat") = 0 <0.000184>
661436 1790835818.624428 pwrite64(30</tmp/TestMixedWorkflowsRecoverFromFourServerFaults3749442285/001/node-0/jetstream/$G/streams/KV_WF_LEASE/msgs/1.blk>, "\215\0\0\200W\2\0\0\0\0\0\0\325o\367S\260S\332\30\"\0$KV.WF_LEA"..., 141, 99135 <unfinished ...>
661556 1790835818.629657 <... pwrite64 resumed>) = 108 (DELAYED) <0.027474>
661422 1790835818.630849 <... pwrite64 resumed>) = 134 (DELAYED) <0.025081>
661422 1790835818.630944 pwrite64(40</tmp/TestMixedWorkflowsRecoverFromFourServerFaults3749442285/001/node-0/jetstream/$SYS/_js_/C-R3F-tAOw9Q1E/msgs/1.blk>, "\252\0\0\0\34\0\0\0\0\0\0\0l\265\212T\260S\332\30\0\0000m6vARoZ\3\0"..., 170, 3182 <unfinished ...>
661554 1790835818.631534 newfstatat(AT_FDCWD</home/exedev/js-wf/integration>, "/tmp/TestMixedWorkflowsRecoverFromFourServerFaults3749442285/001/node-0/jetstream/$G/streams/WF_RUN/obs/WF_P_55/o.dat", {st_mode=S_IFREG|0600, st_size=27, ...}, AT_SYMLINK_NOFOLLOW) = 0 <0.000019>
661554 1790835818.631592 renameat(AT_FDCWD</home/exedev/js-wf/integration>, "/tmp/TestMixedWorkflowsRecoverFromFourServerFaults3749442285/001/node-0/jetstream/$G/streams/WF_RUN/obs/WF_P_55/o.dat.tmp", AT_FDCWD</home/exedev/js-wf/integration>, "/tmp/TestMixedWorkflowsRecoverFromFourServerFaults3749442285/001/node-0/jetstream/$G/streams/WF_RUN/obs/WF_P_55/o.dat") = 0 <0.000069>
661554 1790835818.632507 pwrite64(22</tmp/TestMixedWorkflowsRecoverFromFourServerFaults3749442285/001/node-0/jetstream/$G/streams/WF_RUN/msgs/1.blk>, "\36\0\0\0\211\0\0\0\0\0\0@Zv\36E\260S\332\30\0\0\220\231\3\347\362h\352\177", 30, 25693 <unfinished ...>
661436 1790835818.650157 <... pwrite64 resumed>) = 141 (DELAYED) <0.025689>
661436 1790835818.650560 --- SIGURG {si_signo=SIGURG, si_code=SI_TKILL, si_pid=661400, si_uid=1000} ---
661406 1790835818.652487 pwrite64(30</tmp/TestMixedWorkflowsRecoverFromFourServerFaults3749442285/001/node-0/jetstream/$G/streams/KV_WF_LEASE/msgs/1.blk>, "\215\0\0\200X\2\0\0\0\0\0\0zv\264U\260S\332\30\"\0$KV.WF_LEA"..., 141, 99276 <unfinished ...>
661436 1790835818.652535 pwrite64(42</tmp/TestMixedWorkflowsRecoverFromFourServerFaults3749442285/001/node-0/jetstream/$SYS/_js_/C-R3F-GtA4TRr8/msgs/1.blk>, "l\0\0\0007\0\0\0\0\0\0\0\6\365\323U\260S\332\30\0\0000m6vARoZ\3\0"..., 108, 6150 <unfinished ...>
661422 1790835818.655974 <... pwrite64 resumed>) = 170 (DELAYED) <0.025012>
661554 1790835818.657532 <... pwrite64 resumed>) = 30 (DELAYED) <0.025006>
661553 1790835818.658296 newfstatat(AT_FDCWD</home/exedev/js-wf/integration>, "/tmp/TestMixedWorkflowsRecoverFromFourServerFaults3749442285/001/node-0/jetstream/$G/streams/WF_RUN/obs/WF_P_00/o.dat", {st_mode=S_IFREG|0600, st_size=28, ...}, AT_SYMLINK_NOFOLLOW) = 0 <0.000007>
661553 1790835818.658340 renameat(AT_FDCWD</home/exedev/js-wf/integration>, "/tmp/TestMixedWorkflowsRecoverFromFourServerFaults3749442285/001/node-0/jetstream/$G/streams/WF_RUN/obs/WF_P_00/o.dat.tmp", AT_FDCWD</home/exedev/js-wf/integration>, "/tmp/TestMixedWorkflowsRecoverFromFourServerFaults3749442285/001/node-0/jetstream/$G/streams/WF_RUN/obs/WF_P_00/o.dat") = 0 <0.000070>
661422 1790835818.659923 pwrite64(22</tmp/TestMixedWorkflowsRecoverFromFourServerFaults3749442285/001/node-0/jetstream/$G/streams/WF_RUN/msgs/1.blk>, "\36\0\0\0H\0\0\0\0\0\0@\26q\350\344\256S\332\30\0\0\2\301r\212r\0{Y\36\0"..., 60, 25723 <unfinished ...>
661406 1790835818.677540 <... pwrite64 resumed>) = 141 (DELAYED) <0.025001>
661436 1790835818.677791 <... pwrite64 resumed>) = 108 (DELAYED) <0.025247>
661436 1790835818.677865 pwrite64(42</tmp/TestMixedWorkflowsRecoverFromFourServerFaults3749442285/001/node-0/jetstream/$SYS/_js_/C-R3F-GtA4TRr8/msgs/1.blk>, "Q\0\0\08\0\0\0\0\0\0\0\341\252VW\260S\332\30\0\0000m6vARoZ\3\0"..., 81, 6258 <unfinished ...>
661554 1790835818.680304 pwrite64(43</tmp/TestMixedWorkflowsRecoverFromFourServerFaults3749442285/001/node-0/jetstream/$SYS/_js_/C-R3F-0ktVzAXS/msgs/1.blk>, "l\0\0\0>\0\0\0\0\0\0\0\372\324{W\260S\332\30\0\0000m6vARoZ\3\0"..., 108, 7295 <unfinished ...>
661417 1790835818.682681 pwrite64(30</tmp/TestMixedWorkflowsRecoverFromFourServerFaults3749442285/001/node-0/jetstream/$G/streams/KV_WF_LEASE/msgs/1.blk>, "\235\0\0\200Y\2\0\0\0\0\0\0z\200iW\260S\332\30\"\0$KV.WF_LEA"..., 337, 99417 <unfinished ...>
661422 1790835818.684953 <... pwrite64 resumed>) = 60 (DELAYED) <0.025010>
661436 1790835818.702913 <... pwrite64 resumed>) = 81 (DELAYED) <0.025028>
661554 1790835818.705344 <... pwrite64 resumed>) = 108 (DELAYED) <0.025014>
661554 1790835818.705452 pwrite64(43</tmp/TestMixedWorkflowsRecoverFromFourServerFaults3749442285/001/node-0/jetstream/$SYS/_js_/C-R3F-0ktVzAXS/msgs/1.blk>, "l\0\0\0?\0\0\0\0\0\0\0\207\275\373X\260S\332\30\0\0000m6vARoZ\3\0"..., 108, 7403 <unfinished ...>
661422 1790835818.706143 pwrite64(22</tmp/TestMixedWorkflowsRecoverFromFourServerFaults3749442285/001/node-0/jetstream/$G/streams/WF_RUN/msgs/1.blk>, "\36\0\0\0o\0\0\0\0\0\0@\277q\260\257\257S\332\30\0\0\231j7\362\357b\325\260", 30, 25783 <unfinished ...>
661417 1790835818.707709 <... pwrite64 resumed>) = 337 (DELAYED) <0.025004>
661436 1790835818.710907 pwrite64(30</tmp/TestMixedWorkflowsRecoverFromFourServerFaults3749442285/001/node-0/jetstream/$G/streams/KV_WF_LEASE/msgs/1.blk>, "\266\0\0\200[\2\0\0\0\0\0\0\5}}W\260S\332\30:\0$KV.WF_LEA"..., 341, 99754 <unfinished ...>
661553 1790835818.713999 newfstatat(AT_FDCWD</home/exedev/js-wf/integration>, "/tmp/TestMixedWorkflowsRecoverFromFourServerFaults3749442285/001/node-0/jetstream/$G/streams/WF_RUN/obs/WF_P_26/o.dat", {st_mode=S_IFREG|0600, st_size=17, ...}, AT_SYMLINK_NOFOLLOW) = 0 <0.000061>
661553 1790835818.714124 renameat(AT_FDCWD</home/exedev/js-wf/integration>, "/tmp/TestMixedWorkflowsRecoverFromFourServerFaults3749442285/001/node-0/jetstream/$G/streams/WF_RUN/obs/WF_P_26/o.dat.tmp", AT_FDCWD</home/exedev/js-wf/integration>, "/tmp/TestMixedWorkflowsRecoverFromFourServerFaults3749442285/001/node-0/jetstream/$G/streams/WF_RUN/obs/WF_P_26/o.dat") = 0 <0.000111>
661554 1790835818.730497 <... pwrite64 resumed>) = 108 (DELAYED) <0.025010>
661422 1790835818.731176 <... pwrite64 resumed>) = 30 (DELAYED) <0.025014>
661436 1790835818.736071 <... pwrite64 resumed>) = 341 (DELAYED) <0.025138>
661552 1790835818.738148 pwrite64(30</tmp/TestMixedWorkflowsRecoverFromFourServerFaults3749442285/001/node-0/jetstream/$G/streams/KV_WF_LEASE/msgs/1.blk>, "\266\0\0\200]\2\0\0\0\0\0\0\361,\321Z\260S\332\30:\0$KV.WF_LEA"..., 182, 100095 <unfinished ...>
661554 1790835818.744608 pwrite64(24</tmp/TestMixedWorkflowsRecoverFromFourServerFaults3749442285/001/node-0/jetstream/$G/streams/WF_JRN/msgs/1.blk>, "}\1\0\200p\1\0\0\0\0\0\0\24196[\260S\332\0304\0wf.jrn.mix"..., 381, 100201 <unfinished ...>
661550 1790835818.758837 --- SIGURG {si_signo=SIGURG, si_code=SI_TKILL, si_pid=661400, si_uid=1000} ---
661422 1790835818.759045 newfstatat(AT_FDCWD</home/exedev/js-wf/integration>, "/tmp/TestMixedWorkflowsRecoverFromFourServerFaults3749442285/001/node-0/jetstream/$G/streams/WF_RUN/obs/WF_P_00/o.dat", {st_mode=S_IFREG|0600, st_size=29, ...}, AT_SYMLINK_NOFOLLOW) = 0 <0.000015>
661422 1790835818.759108 renameat(AT_FDCWD</home/exedev/js-wf/integration>, "/tmp/TestMixedWorkflowsRecoverFromFourServerFaults3749442285/001/node-0/jetstream/$G/streams/WF_RUN/obs/WF_P_00/o.dat.tmp", AT_FDCWD</home/exedev/js-wf/integration>, "/tmp/TestMixedWorkflowsRecoverFromFourServerFaults3749442285/001/node-0/jetstream/$G/streams/WF_RUN/obs/WF_P_00/o.dat") = 0 <0.000094>
661552 1790835818.763328 <... pwrite64 resumed>) = 182 (DELAYED) <0.025156>
661422 1790835818.765572 pwrite64(30</tmp/TestMixedWorkflowsRecoverFromFourServerFaults3749442285/001/node-0/jetstream/$G/streams/KV_WF_LEASE/msgs/1.blk>, "\266\0\0\200^\2\0\0\0\0\0\0\33\25q\\\260S\332\30:\0$KV.WF_LEA"..., 357, 100277 <unfinished ...>
661554 1790835818.769652 <... pwrite64 resumed>) = 381 (DELAYED) <0.025017>
661554 1790835818.769735 --- SIGURG {si_signo=SIGURG, si_code=SI_TKILL, si_pid=661400, si_uid=1000} ---
661417 1790835818.773795 pwrite64(24</tmp/TestMixedWorkflowsRecoverFromFourServerFaults3749442285/001/node-0/jetstream/$G/streams/WF_JRN/msgs/1.blk>, "\372\0\0\200q\1\0\0\0\0\0\0|\211\357\\\260S\332\0304\0wf.jrn.mix"..., 250, 100582 <unfinished ...>
661550 1790835818.787182 --- SIGURG {si_signo=SIGURG, si_code=SI_TKILL, si_pid=661400, si_uid=1000} ---
661422 1790835818.790622 <... pwrite64 resumed>) = 357 (DELAYED) <0.025023>
661422 1790835818.790958 --- SIGURG {si_signo=SIGURG, si_code=SI_TKILL, si_pid=661400, si_uid=1000} ---
661422 1790835818.793598 pwrite64(40</tmp/TestMixedWorkflowsRecoverFromFourServerFaults3749442285/001/node-0/jetstream/$SYS/_js_/C-R3F-tAOw9Q1E/msgs/1.blk>, "l\0\0\0\35\0\0\0\0\0\0\0W\251<^\260S\332\30\0\0000m6vARoZ\3\0"..., 108, 3352 <unfinished ...>
661554 1790835818.796047 pwrite64(30</tmp/TestMixedWorkflowsRecoverFromFourServerFaults3749442285/001/node-0/jetstream/$G/streams/KV_WF_LEASE/msgs/1.blk>, "\215\0\0\200`\2\0\0\0\0\0\0\266\340\20^\260S\332\30\"\0$KV.WF_LEA"..., 306, 100634 <unfinished ...>
661417 1790835818.798865 <... pwrite64 resumed>) = 250 (DELAYED) <0.025040>
661406 1790835818.815453 newfstatat(AT_FDCWD</home/exedev/js-wf/integration>, "/tmp/TestMixedWorkflowsRecoverFromFourServerFaults3749442285/001/node-0/jetstream/$G/streams/WF_RUN/obs/WF_P_26/o.dat", {st_mode=S_IFREG|0600, st_size=10, ...}, AT_SYMLINK_NOFOLLOW) = 0 <0.000008>
661406 1790835818.815516 renameat(AT_FDCWD</home/exedev/js-wf/integration>, "/tmp/TestMixedWorkflowsRecoverFromFourServerFaults3749442285/001/node-0/jetstream/$G/streams/WF_RUN/obs/WF_P_26/o.dat.tmp", AT_FDCWD</home/exedev/js-wf/integration>, "/tmp/TestMixedWorkflowsRecoverFromFourServerFaults3749442285/001/node-0/jetstream/$G/streams/WF_RUN/obs/WF_P_26/o.dat") = 0 <0.000078>
661422 1790835818.818663 <... pwrite64 resumed>) = 108 (DELAYED) <0.025032>
661422 1790835818.819040 --- SIGURG {si_signo=SIGURG, si_code=SI_TKILL, si_pid=661400, si_uid=1000} ---
661406 1790835818.819127 pwrite64(40</tmp/TestMixedWorkflowsRecoverFromFourServerFaults3749442285/001/node-0/jetstream/$SYS/_js_/C-R3F-tAOw9Q1E/msgs/1.blk>, "\213\0\0\0\36\0\0\0\0\0\0\0\3254\302_\260S\332\30\0\0000m6vARoZ\3\0"..., 139, 3460 <unfinished ...>
661554 1790835818.821073 <... pwrite64 resumed>) = 306 (DELAYED) <0.024999>
661554 1790835818.821161 --- SIGURG {si_signo=SIGURG, si_code=SI_TKILL, si_pid=661400, si_uid=1000} ---
661422 1790835818.826680 pwrite64(30</tmp/TestMixedWorkflowsRecoverFromFourServerFaults3749442285/001/node-0/jetstream/$G/streams/KV_WF_LEASE/msgs/1.blk>, "\257\0\0\200b\2\0\0\0\0\0\0\224(\341_\260S\332\30(\0$KV.WF_LEA"..., 175, 100940 <unfinished ...>
661554 1790835818.828082 pwrite64(32</tmp/TestMixedWorkflowsRecoverFromFourServerFaults3749442285/001/node-0/jetstream/$G/streams/KV_WF_STATE/msgs/1.blk>, "s\0\0\200\35\0\0\0\0\0\0\0\340c\35`\260S\332\30\33\0$KV.WF_STA"..., 115, 4527 <unfinished ...>
661436 1790835818.829295 pwrite64(52</tmp/TestMixedWorkflowsRecoverFromFourServerFaults3749442285/001/node-0/jetstream/$SYS/_js_/C-R3F-msGDjRCn/msgs/1.blk>, "l\0\0\0*\0\0\0\0\0\0\0003T]`\260S\332\30\0\0000m6vARoZ\3\0"..., 108, 4466 <unfinished ...>
661406 1790835818.844195 <... pwrite64 resumed>) = 139 (DELAYED) <0.025036>
661406 1790835818.844909 --- SIGURG {si_signo=SIGURG, si_code=SI_TKILL, si_pid=661400, si_uid=1000} ---
661552 1790835818.848621 pwrite64(22</tmp/TestMixedWorkflowsRecoverFromFourServerFaults3749442285/001/node-0/jetstream/$G/streams/WF_RUN/msgs/1.blk>, "\36\0\0\0p\0\0\0\0\0\0@\304\261W\260\257S\332\30\0\0}\322\"\246\340&\"\35\36\0"..., 60, 25813 <unfinished ...>
661422 1790835818.851708 <... pwrite64 resumed>) = 175 (DELAYED) <0.024997>
661554 1790835818.853226 <... pwrite64 resumed>) = 115 (DELAYED) <0.025121>
661436 1790835818.854360 <... pwrite64 resumed>) = 108 (DELAYED) <0.025052>
661436 1790835818.854466 pwrite64(52</tmp/TestMixedWorkflowsRecoverFromFourServerFaults3749442285/001/node-0/jetstream/$SYS/_js_/C-R3F-msGDjRCn/msgs/1.blk>, "l\0\0\0+\0\0\0\0\0\0\0f\205\335a\260S\332\30\0\0000m6vARoZ\3\0"..., 108, 4574 <unfinished ...>
661422 1790835818.860042 newfstatat(AT_FDCWD</home/exedev/js-wf/integration>, "/tmp/TestMixedWorkflowsRecoverFromFourServerFaults3749442285/001/node-0/jetstream/$G/streams/WF_RUN/obs/WF_P_00/o.dat", {st_mode=S_IFREG|0600, st_size=29, ...}, AT_SYMLINK_NOFOLLOW) = 0 <0.000012>
661422 1790835818.860105 renameat(AT_FDCWD</home/exedev/js-wf/integration>, "/tmp/TestMixedWorkflowsRecoverFromFourServerFaults3749442285/001/node-0/jetstream/$G/streams/WF_RUN/obs/WF_P_00/o.dat.tmp", AT_FDCWD</home/exedev/js-wf/integration>, "/tmp/TestMixedWorkflowsRecoverFromFourServerFaults3749442285/001/node-0/jetstream/$G/streams/WF_RUN/obs/WF_P_00/o.dat") = 0 <0.000076>
661552 1790835818.873671 <... pwrite64 resumed>) = 60 (DELAYED) <0.025012>
661552 1790835818.873804 --- SIGURG {si_signo=SIGURG, si_code=SI_TKILL, si_pid=661400, si_uid=1000} ---
661436 1790835818.879514 <... pwrite64 resumed>) = 108 (DELAYED) <0.025028>
661417 1790835818.917213 pwrite64(41</tmp/TestMixedWorkflowsRecoverFromFourServerFaults3749442285/001/node-0/jetstream/$SYS/_js_/C-R3F-9oj0nEIt/msgs/1.blk>, "l\0\0\0!\0\0\0\0\0\0\0Z\300\232e\260S\332\30\0\0000m6vARoZ\3\0"..., 108, 3500 <unfinished ...>
661406 1790835818.922846 --- SIGURG {si_signo=SIGURG, si_code=SI_TKILL, si_pid=661400, si_uid=1000} ---
661554 1790835818.937354 pwrite64(39</tmp/TestMixedWorkflowsRecoverFromFourServerFaults3749442285/001/node-0/jetstream/$SYS/_js_/C-R3F-YfBgRsFE/msgs/1.blk>, "l\0\0\0\23\0\0\0\0\0\0\0\371#\316f\260S\332\30\0\0000m6vARoZ\3\0"..., 108, 1974 <unfinished ...>
661406 1790835818.937400 pwrite64(45</tmp/TestMixedWorkflowsRecoverFromFourServerFaults3749442285/001/node-0/jetstream/$SYS/_js_/C-R3F-w2Vf1jql/msgs/1.blk>, "l\0\0\0\24\0\0\0\0\0\0\0\25(\316f\260S\332\30\0\0000m6vARoZ\3\0"..., 108, 2061 <unfinished ...>
661417 1790835818.942249 <... pwrite64 resumed>) = 108 (DELAYED) <0.019972>
661422 1790835818.942391 pwrite64(41</tmp/TestMixedWorkflowsRecoverFromFourServerFaults3749442285/001/node-0/jetstream/$SYS/_js_/C-R3F-9oj0nEIt/msgs/1.blk>, "l\0\0\0\"\0\0\0\0\0\0\0E\27\33g\260S\332\30\0\0000m6vARoZ\3\0"..., 108, 3608 <unfinished ...>
661417 1790835818.942577 pwrite64(44</tmp/TestMixedWorkflowsRecoverFromFourServerFaults3749442285/001/node-0/jetstream/$SYS/_js_/C-R3F-MSuCeJue/msgs/1.blk>, "l\0\0\0\21\0\0\0\0\0\0\0\t\216\35g\260S\332\30\0\0000m6vARoZ\3\0"..., 108, 1842 <unfinished ...>
661550 1790835818.947461 pwrite64(50</tmp/TestMixedWorkflowsRecoverFromFourServerFaults3749442285/001/node-0/jetstream/$SYS/_js_/C-R3F-tuMA878n/msgs/1.blk>, "l\0\0\0006\0\0\0\0\0\0\0\36\202hg\260S\332\30\0\0000m6vARoZ\3\0"..., 108, 6460 <unfinished ...>
661554 1790835818.962865 <... pwrite64 resumed>) = 108 (DELAYED) <0.025468>
661554 1790835818.962976 --- SIGURG {si_signo=SIGURG, si_code=SI_TKILL, si_pid=661400, si_uid=1000} ---
661553 1790835818.963358 pwrite64(39</tmp/TestMixedWorkflowsRecoverFromFourServerFaults3749442285/001/node-0/jetstream/$SYS/_js_/C-R3F-YfBgRsFE/msgs/1.blk>, "l\0\0\0\24\0\0\0\0\0\0\08\0Wh\260S\332\30\0\0000m6vARoZ\3\0"..., 108, 2082 <unfinished ...>
661406 1790835818.963444 <... pwrite64 resumed>) = 108 (DELAYED) <0.026036>
661406 1790835818.963531 pwrite64(45</tmp/TestMixedWorkflowsRecoverFromFourServerFaults3749442285/001/node-0/jetstream/$SYS/_js_/C-R3F-w2Vf1jql/msgs/1.blk>, "l\0\0\0\25\0\0\0\0\0\0\0\313\256]h\260S\332\30\0\0000m6vARoZ\3\0"..., 108, 2169 <unfinished ...>
661436 1790835818.963745 newfstatat(AT_FDCWD</home/exedev/js-wf/integration>, "/tmp/TestMixedWorkflowsRecoverFromFourServerFaults3749442285/001/node-0/jetstream/$G/streams/WF_RUN/obs/WF_P_00/o.dat", {st_mode=S_IFREG|0600, st_size=23, ...}, AT_SYMLINK_NOFOLLOW) = 0 <0.000030>
661436 1790835818.963816 renameat(AT_FDCWD</home/exedev/js-wf/integration>, "/tmp/TestMixedWorkflowsRecoverFromFourServerFaults3749442285/001/node-0/jetstream/$G/streams/WF_RUN/obs/WF_P_00/o.dat.tmp", AT_FDCWD</home/exedev/js-wf/integration>, "/tmp/TestMixedWorkflowsRecoverFromFourServerFaults3749442285/001/node-0/jetstream/$G/streams/WF_RUN/obs/WF_P_00/o.dat") = 0 <0.000086>
661422 1790835818.967432 <... pwrite64 resumed>) = 108 (DELAYED) <0.025021>
661417 1790835818.967620 <... pwrite64 resumed>) = 108 (DELAYED) <0.025034>
661417 1790835818.967679 pwrite64(44</tmp/TestMixedWorkflowsRecoverFromFourServerFaults3749442285/001/node-0/jetstream/$SYS/_js_/C-R3F-MSuCeJue/msgs/1.blk>, "l\0\0\0\22\0\0\0\0\0\0\0Q\340\234h\260S\332\30\0\0000m6vARoZ\3\0"..., 108, 1950 <unfinished ...>
661550 1790835818.974840 <... pwrite64 resumed>) = 108 (DELAYED) <0.027350>
661550 1790835818.974946 pwrite64(50</tmp/TestMixedWorkflowsRecoverFromFourServerFaults3749442285/001/node-0/jetstream/$SYS/_js_/C-R3F-tuMA878n/msgs/1.blk>, "l\0\0\0007\0\0\0\0\0\0\0\203\331\vi\260S\332\30\0\0000m6vARoZ\3\0"..., 108, 6568 <unfinished ...>
661553 1790835818.988689 <... pwrite64 resumed>) = 108 (DELAYED) <0.025298>
661406 1790835818.988767 <... pwrite64 resumed>) = 108 (DELAYED) <0.025201>
661553 1790835818.988861 --- SIGURG {si_signo=SIGURG, si_code=SI_TKILL, si_pid=661400, si_uid=1000} ---
661417 1790835818.992747 <... pwrite64 resumed>) = 108 (DELAYED) <0.025052>
661550 1790835819.000080 <... pwrite64 resumed>) = 108 (DELAYED) <0.025113>
661422 1790835819.009514 pwrite64(47</tmp/TestMixedWorkflowsRecoverFromFourServerFaults3749442285/001/node-0/jetstream/$SYS/_js_/C-R3F-JUPhrGJa/msgs/1.blk>, "l\0\0\0\36\0\0\0\0\0\0\0@<\33k\260S\332\30\0\0000m6vARoZ\3\0"..., 108, 3343 <unfinished ...>
661406 1790835819.022738 pwrite64(39</tmp/TestMixedWorkflowsRecoverFromFourServerFaults3749442285/001/node-0/jetstream/$SYS/_js_/C-R3F-YfBgRsFE/msgs/1.blk>, "l\0\0\0\25\0\0\0\0\0\0\0\0\261\344k\260S\332\30\0\0000m6vARoZ\3\0"..., 108, 2190 <unfinished ...>
661422 1790835819.034567 <... pwrite64 resumed>) = 108 (DELAYED) <0.025006>
661436 1790835819.040064 pwrite64(47</tmp/TestMixedWorkflowsRecoverFromFourServerFaults3749442285/001/node-0/jetstream/$SYS/_js_/C-R3F-JUPhrGJa/msgs/1.blk>, "l\0\0\0\37\0\0\0\0\0\0\0004|\355l\260S\332\30\0\0000m6vARoZ\3\0"..., 108, 3451 <unfinished ...>
661406 1790835819.047771 <... pwrite64 resumed>) = 108 (DELAYED) <0.024976>
661406 1790835819.047855 pwrite64(39</tmp/TestMixedWorkflowsRecoverFromFourServerFaults3749442285/001/node-0/jetstream/$SYS/_js_/C-R3F-YfBgRsFE/msgs/1.blk>, "l\0\0\0\26\0\0\0\0\0\0\0\332Tdm\260S\332\30\0\0000m6vARoZ\3\0"..., 108, 2298 <unfinished ...>
661436 1790835819.065160 <... pwrite64 resumed>) = 108 (DELAYED) <0.025047>
661406 1790835819.073472 <... pwrite64 resumed>) = 108 (DELAYED) <0.025590>
661436 1790835819.129413 pwrite64(50</tmp/TestMixedWorkflowsRecoverFromFourServerFaults3749442285/001/node-0/jetstream/$SYS/_js_/C-R3F-tuMA878n/msgs/1.blk>, "l\0\0\08\0\0\0\0\0\0\0f\232@r\260S\332\30\0\0000m6vARoZ\3\0"..., 108, 6676 <unfinished ...>
661550 1790835819.153222 --- SIGURG {si_signo=SIGURG, si_code=SI_TKILL, si_pid=661400, si_uid=1000} ---
661550 1790835819.153338 pwrite64(51</tmp/TestMixedWorkflowsRecoverFromFourServerFaults3749442285/001/node-0/jetstream/$SYS/_js_/C-R3F-7OYeMzZe/msgs/1.blk>, "l\0\0\0&\0\0\0\0\0\0\0~\252\255s\260S\332\30\0\0000m6vARoZ\3\0"..., 108, 4042 <unfinished ...>
661436 1790835819.154453 <... pwrite64 resumed>) = 108 (DELAYED) <0.024968>
661436 1790835819.154563 pwrite64(50</tmp/TestMixedWorkflowsRecoverFromFourServerFaults3749442285/001/node-0/jetstream/$SYS/_js_/C-R3F-tuMA878n/msgs/1.blk>, "l\0\0\09\0\0\0\0\0\0\0\32\225\300s\260S\332\30\0\0000m6vARoZ\3\0"..., 108, 6784 <unfinished ...>
661422 1790835819.157859 pwrite64(49</tmp/TestMixedWorkflowsRecoverFromFourServerFaults3749442285/001/node-0/jetstream/$SYS/_js_/C-R3F-SaO96lab/msgs/1.blk>, "l\0\0\0005\0\0\0\0\0\0\0\341\216\362s\260S\332\30\0\0000m6vARoZ\3\0"..., 108, 5607 <unfinished ...>
661550 1790835819.178420 <... pwrite64 resumed>) = 108 (DELAYED) <0.025053>
661550 1790835819.178650 pwrite64(51</tmp/TestMixedWorkflowsRecoverFromFourServerFaults3749442285/001/node-0/jetstream/$SYS/_js_/C-R3F-7OYeMzZe/msgs/1.blk>, "l\0\0\0'\0\0\0\0\0\0\0A\322/u\260S\332\30\0\0000m6vARoZ\3\0"..., 108, 4150 <unfinished ...>
661436 1790835819.179588 <... pwrite64 resumed>) = 108 (DELAYED) <0.025008>
661553 1790835819.180353 pwrite64(45</tmp/TestMixedWorkflowsRecoverFromFourServerFaults3749442285/001/node-0/jetstream/$SYS/_js_/C-R3F-w2Vf1jql/msgs/1.blk>, "l\0\0\0\26\0\0\0\0\0\0\0U\"Ju\260S\332\30\0\0000m6vARoZ\3\0"..., 108, 2277 <unfinished ...>
661436 1790835819.182888 pwrite64(44</tmp/TestMixedWorkflowsRecoverFromFourServerFaults3749442285/001/node-0/jetstream/$SYS/_js_/C-R3F-MSuCeJue/msgs/1.blk>, "l\0\0\0\23\0\0\0\0\0\0\08\272pu\260S\332\30\0\0000m6vARoZ\3\0"..., 108, 2058 <unfinished ...>
661422 1790835819.182905 <... pwrite64 resumed>) = 108 (DELAYED) <0.025017>
661422 1790835819.182946 pwrite64(49</tmp/TestMixedWorkflowsRecoverFromFourServerFaults3749442285/001/node-0/jetstream/$SYS/_js_/C-R3F-SaO96lab/msgs/1.blk>, "l\0\0\0006\0\0\0\0\0\0\0S\266qu\260S\332\30\0\0000m6vARoZ\3\0"..., 108, 5715 <unfinished ...>
661550 1790835819.203955 <... pwrite64 resumed>) = 108 (DELAYED) <0.025273>
661553 1790835819.206442 <... pwrite64 resumed>) = 108 (DELAYED) <0.026074>
661553 1790835819.206870 pwrite64(45</tmp/TestMixedWorkflowsRecoverFromFourServerFaults3749442285/001/node-0/jetstream/$SYS/_js_/C-R3F-w2Vf1jql/msgs/1.blk>, "l\0\0\0\27\0\0\0\0\0\0\0\275(\335v\260S\332\30\0\0000m6vARoZ\3\0"..., 108, 2385 <unfinished ...>
661422 1790835819.207977 <... pwrite64 resumed>) = 108 (DELAYED) <0.025023>
661436 1790835819.209259 <... pwrite64 resumed>) = 108 (DELAYED) <0.026360>
661436 1790835819.209382 pwrite64(44</tmp/TestMixedWorkflowsRecoverFromFourServerFaults3749442285/001/node-0/jetstream/$SYS/_js_/C-R3F-MSuCeJue/msgs/1.blk>, "l\0\0\0\24\0\0\0\0\0\0\0z\253\4w\260S\332\30\0\0000m6vARoZ\3\0"..., 108, 2166 <unfinished ...>
661422 1790835819.218948 pwrite64(47</tmp/TestMixedWorkflowsRecoverFromFourServerFaults3749442285/001/node-0/jetstream/$SYS/_js_/C-R3F-JUPhrGJa/msgs/1.blk>, "l\0\0\0 \0\0\0\0\0\0\0\f\3\227w\260S\332\30\0\0000m6vARoZ\3\0"..., 108, 3559 <unfinished ...>
661553 1790835819.231969 <... pwrite64 resumed>) = 108 (DELAYED) <0.025063>
661553 1790835819.232113 --- SIGURG {si_signo=SIGURG, si_code=SI_TKILL, si_pid=661400, si_uid=1000} ---
661553 1790835819.232383 --- SIGURG {si_signo=SIGURG, si_code=SI_TKILL, si_pid=661400, si_uid=1000} ---
661554 1790835819.234349 pwrite64(48</tmp/TestMixedWorkflowsRecoverFromFourServerFaults3749442285/001/node-0/jetstream/$SYS/_js_/C-R3F-5zk9g5oE/msgs/1.blk>, "l\0\0\0&\0\0\0\0\0\0\0\310\352\200x\260S\332\30\0\0000m6vARoZ\3\0"..., 108, 4074 <unfinished ...>
661436 1790835819.234433 <... pwrite64 resumed>) = 108 (DELAYED) <0.025039>
661422 1790835819.243978 <... pwrite64 resumed>) = 108 (DELAYED) <0.024981>
661422 1790835819.244063 pwrite64(47</tmp/TestMixedWorkflowsRecoverFromFourServerFaults3749442285/001/node-0/jetstream/$SYS/_js_/C-R3F-JUPhrGJa/msgs/1.blk>, "l\0\0\0!\0\0\0\0\0\0\0\243G\26y\260S\332\30\0\0000m6vARoZ\3\0"..., 108, 3667 <unfinished ...>
661552 1790835819.247192 pwrite64(46</tmp/TestMixedWorkflowsRecoverFromFourServerFaults3749442285/001/node-0/jetstream/$SYS/_js_/C-R3F-13UXQlAl/msgs/1.blk>, "l\0\0\0'\0\0\0\0\0\0\0\311\344Ey\260S\332\30\0\0000m6vARoZ\2\0"..., 108, 4623 <unfinished ...>
661554 1790835819.259415 <... pwrite64 resumed>) = 108 (DELAYED) <0.025010>
661554 1790835819.259538 pwrite64(48</tmp/TestMixedWorkflowsRecoverFromFourServerFaults3749442285/001/node-0/jetstream/$SYS/_js_/C-R3F-5zk9g5oE/msgs/1.blk>, "l\0\0\0'\0\0\0\0\0\0\0\241c\2z\260S\332\30\0\0000m6vARoZ\3\0"..., 108, 4182 <unfinished ...>
661422 1790835819.269123 <... pwrite64 resumed>) = 108 (DELAYED) <0.025040>
661552 1790835819.272428 <... pwrite64 resumed>) = 108 (DELAYED) <0.025206>
661552 1790835819.272565 pwrite64(46</tmp/TestMixedWorkflowsRecoverFromFourServerFaults3749442285/001/node-0/jetstream/$SYS/_js_/C-R3F-13UXQlAl/msgs/1.blk>, "l\0\0\0(\0\0\0\0\0\0\0005q\310z\260S\332\30\0\0000m6vARoZ\2\0"..., 108, 4731 <unfinished ...>
661554 1790835819.284595 <... pwrite64 resumed>) = 108 (DELAYED) <0.025031>
661552 1790835819.297622 <... pwrite64 resumed>) = 108 (DELAYED) <0.025030>
661552 1790835819.297836 --- SIGURG {si_signo=SIGURG, si_code=SI_TKILL, si_pid=661400, si_uid=1000} ---
661550 1790835819.342932 --- SIGURG {si_signo=SIGURG, si_code=SI_TKILL, si_pid=661400, si_uid=1000} ---
661550 1790835819.375069 pwrite64(43</tmp/TestMixedWorkflowsRecoverFromFourServerFaults3749442285/001/node-0/jetstream/$SYS/_js_/C-R3F-0ktVzAXS/msgs/1.blk>, "l\0\0\0@\0\0\0\0\0\0\0X\37\345\200\260S\332\30\0\0000m6vARoZ\3\0"..., 108, 7511 <unfinished ...>
661436 1790835819.378464 pwrite64(52</tmp/TestMixedWorkflowsRecoverFromFourServerFaults3749442285/001/node-0/jetstream/$SYS/_js_/C-R3F-msGDjRCn/msgs/1.blk>, "l\0\0\0,\0\0\0\0\0\0\0\227\f\31\201\260S\332\30\0\0000m6vARoZ\3\0"..., 108, 4682 <unfinished ...>
661550 1790835819.400156 <... pwrite64 resumed>) = 108 (DELAYED) <0.025029>
661550 1790835819.400316 pwrite64(43</tmp/TestMixedWorkflowsRecoverFromFourServerFaults3749442285/001/node-0/jetstream/$SYS/_js_/C-R3F-0ktVzAXS/msgs/1.blk>, "l\0\0\0A\0\0\0\0\0\0\0\217.f\202\260S\332\30\0\0000m6vARoZ\3\0"..., 108, 7619 <unfinished ...>
661436 1790835819.405351 <... pwrite64 resumed>) = 108 (DELAYED) <0.026851>
661436 1790835819.405466 pwrite64(52</tmp/TestMixedWorkflowsRecoverFromFourServerFaults3749442285/001/node-0/jetstream/$SYS/_js_/C-R3F-msGDjRCn/msgs/1.blk>, "l\0\0\0-\0\0\0\0\0\0\0H\376\264\202\260S\332\30\0\0000m6vARoZ\3\0"..., 108, 4790 <unfinished ...>
661554 1790835819.410466 pwrite64(51</tmp/TestMixedWorkflowsRecoverFromFourServerFaults3749442285/001/node-0/jetstream/$SYS/_js_/C-R3F-7OYeMzZe/msgs/1.blk>, "l\0\0\0(\0\0\0\0\0\0\0\361G\1\203\260S\332\30\0\0000m6vARoZ\3\0"..., 108, 4258 <unfinished ...>
661553 1790835819.413507 pwrite64(49</tmp/TestMixedWorkflowsRecoverFromFourServerFaults3749442285/001/node-0/jetstream/$SYS/_js_/C-R3F-SaO96lab/msgs/1.blk>, "l\0\0\0007\0\0\0\0\0\0\0o\270/\203\260S\332\30\0\0000m6vARoZ\3\0"..., 108, 5823 <unfinished ...>
661550 1790835819.425905 <... pwrite64 resumed>) = 108 (DELAYED) <0.025567>
661550 1790835819.426005 --- SIGURG {si_signo=SIGURG, si_code=SI_TKILL, si_pid=661400, si_uid=1000} ---
661436 1790835819.430838 <... pwrite64 resumed>) = 108 (DELAYED) <0.025355>
661554 1790835819.435551 <... pwrite64 resumed>) = 108 (DELAYED) <0.025055>
661554 1790835819.435979 pwrite64(51</tmp/TestMixedWorkflowsRecoverFromFourServerFaults3749442285/001/node-0/jetstream/$SYS/_js_/C-R3F-7OYeMzZe/msgs/1.blk>, "l\0\0\0)\0\0\0\0\0\0\0C\236\206\204\260S\332\30\0\0000m6vARoZ\3\0"..., 108, 4366 <unfinished ...>
661553 1790835819.438867 <... pwrite64 resumed>) = 108 (DELAYED) <0.025325>
661553 1790835819.438958 pwrite64(49</tmp/TestMixedWorkflowsRecoverFromFourServerFaults3749442285/001/node-0/jetstream/$SYS/_js_/C-R3F-SaO96lab/msgs/1.blk>, "l\0\0\08\0\0\0\0\0\0\0\7\33\264\204\260S\332\30\0\0000m6vARoZ\3\0"..., 108, 5931 <unfinished ...>
661552 1790835819.441806 pwrite64(42</tmp/TestMixedWorkflowsRecoverFromFourServerFaults3749442285/001/node-0/jetstream/$SYS/_js_/C-R3F-GtA4TRr8/msgs/1.blk>, "l\0\0\09\0\0\0\0\0\0\0\1k\337\204\260S\332\30\0\0000m6vARoZ\3\0"..., 108, 6339 <unfinished ...>
661554 1790835819.461046 <... pwrite64 resumed>) = 108 (DELAYED) <0.024925>
661554 1790835819.461430 --- SIGURG {si_signo=SIGURG, si_code=SI_TKILL, si_pid=661400, si_uid=1000} ---
661553 1790835819.464892 <... pwrite64 resumed>) = 108 (DELAYED) <0.025912>
661552 1790835819.466837 <... pwrite64 resumed>) = 108 (DELAYED) <0.025008>
661552 1790835819.466914 pwrite64(42</tmp/TestMixedWorkflowsRecoverFromFourServerFaults3749442285/001/node-0/jetstream/$SYS/_js_/C-R3F-GtA4TRr8/msgs/1.blk>, "l\0\0\0:\0\0\0\0\0\0\0\374\257^\206\260S\332\30\0\0000m6vARoZ\3\0"..., 108, 6447 <unfinished ...>
661554 1790835819.485764 pwrite64(48</tmp/TestMixedWorkflowsRecoverFromFourServerFaults3749442285/001/node-0/jetstream/$SYS/_js_/C-R3F-5zk9g5oE/msgs/1.blk>, "l\0\0\0(\0\0\0\0\0\0\0ks}\207\260S\332\30\0\0000m6vARoZ\3\0"..., 108, 4290 <unfinished ...>
661552 1790835819.492167 <... pwrite64 resumed>) = 108 (DELAYED) <0.025225>
661554 1790835819.510838 <... pwrite64 resumed>) = 108 (DELAYED) <0.025029>
661554 1790835819.510964 --- SIGURG {si_signo=SIGURG, si_code=SI_TKILL, si_pid=661400, si_uid=1000} ---
661554 1790835819.511039 pwrite64(48</tmp/TestMixedWorkflowsRecoverFromFourServerFaults3749442285/001/node-0/jetstream/$SYS/_js_/C-R3F-5zk9g5oE/msgs/1.blk>, "l\0\0\0)\0\0\0\0\0\0\0\243\301\377\210\260S\332\30\0\0000m6vARoZ\3\0"..., 108, 4398) = 108 (DELAYED) <0.025050>
661553 1790835819.542694 pwrite64(46</tmp/TestMixedWorkflowsRecoverFromFourServerFaults3749442285/001/node-0/jetstream/$SYS/_js_/C-R3F-13UXQlAl/msgs/1.blk>, "l\0\0\0)\0\0\0\0\0\0\0\322\351\342\212\260S\332\30\0\0000m6vARoZ\2\0"..., 108, 4839) = 108 (DELAYED) <0.027736>
661553 1790835819.570851 --- SIGURG {si_signo=SIGURG, si_code=SI_TKILL, si_pid=661400, si_uid=1000} ---
661553 1790835819.574903 --- SIGURG {si_signo=SIGURG, si_code=SI_TKILL, si_pid=661400, si_uid=1000} ---
661553 1790835819.577361 pwrite64(41</tmp/TestMixedWorkflowsRecoverFromFourServerFaults3749442285/001/node-0/jetstream/$SYS/_js_/C-R3F-9oj0nEIt/msgs/1.blk>, "l\0\0\0#\0\0\0\0\0\0\0\7\347\363\214\260S\332\30\0\0000m6vARoZ\3\0"..., 108, 3716 <unfinished ...>
661436 1790835819.580837 pwrite64(46</tmp/TestMixedWorkflowsRecoverFromFourServerFaults3749442285/001/node-0/jetstream/$SYS/_js_/C-R3F-13UXQlAl/msgs/1.blk>, "l\0\0\0*\0\0\0\0\0\0\0!\326(\215\260S\332\30\0\0000m6vARoZ\2\0"..., 108, 4947 <unfinished ...>
661553 1790835819.602457 <... pwrite64 resumed>) = 108 (DELAYED) <0.025050>
661553 1790835819.602597 pwrite64(41</tmp/TestMixedWorkflowsRecoverFromFourServerFaults3749442285/001/node-0/jetstream/$SYS/_js_/C-R3F-9oj0nEIt/msgs/1.blk>, "l\0\0\0$\0\0\0\0\0\0\0i\311t\216\260S\332\30\0\0000m6vARoZ\3\0"..., 108, 3824 <unfinished ...>
661436 1790835819.605879 <... pwrite64 resumed>) = 108 (DELAYED) <0.025008>
661553 1790835819.627655 <... pwrite64 resumed>) = 108 (DELAYED) <0.025035>
661436 1790835819.653145 pwrite64(42</tmp/TestMixedWorkflowsRecoverFromFourServerFaults3749442285/001/node-0/jetstream/$SYS/_js_/C-R3F-GtA4TRr8/msgs/1.blk>, "l\0\0\0;\0\0\0\0\0\0\0\317&x\221\260S\332\30\0\0000m6vARoZ\3\0"..., 108, 6555) = 108 (DELAYED) <0.025199>
661436 1790835819.678487 pwrite64(42</tmp/TestMixedWorkflowsRecoverFromFourServerFaults3749442285/001/node-0/jetstream/$SYS/_js_/C-R3F-GtA4TRr8/msgs/1.blk>, "l\0\0\0<\0\0\0\0\0\0\0\220\344\372\222\260S\332\30\0\0000m6vARoZ\3\0"..., 108, 6663 <unfinished ...>
661406 1790835819.686899 pwrite64(43</tmp/TestMixedWorkflowsRecoverFromFourServerFaults3749442285/001/node-0/jetstream/$SYS/_js_/C-R3F-0ktVzAXS/msgs/1.blk>, "l\0\0\0B\0\0\0\0\0\0\0x\317N\223\260S\332\30\0\0000m6vARoZ\3\0"..., 108, 7727 <unfinished ...>
661552 1790835819.695061 --- SIGURG {si_signo=SIGURG, si_code=SI_TKILL, si_pid=661400, si_uid=1000} ---
661436 1790835819.703536 <... pwrite64 resumed>) = 108 (DELAYED) <0.025007>
661406 1790835819.712445 <... pwrite64 resumed>) = 108 (DELAYED) <0.025497>
661406 1790835819.712578 pwrite64(43</tmp/TestMixedWorkflowsRecoverFromFourServerFaults3749442285/001/node-0/jetstream/$SYS/_js_/C-R3F-0ktVzAXS/msgs/1.blk>, "l\0\0\0C\0\0\0\0\0\0\0q3\3\225\260S\332\30\0\0000m6vARoZ\3\0"..., 108, 7835) = 108 (DELAYED) <0.025085>
661436 1790835819.761558 pwrite64(30</tmp/TestMixedWorkflowsRecoverFromFourServerFaults3749442285/001/node-0/jetstream/$G/streams/KV_WF_LEASE/msgs/1.blk>, "\257\0\0\200c\2\0\0\0\0\0\0\246j\244\227\260S\332\30(\0$KV.WF_LEA"..., 175, 101115 <unfinished ...>
661550 1790835819.776027 --- SIGURG {si_signo=SIGURG, si_code=SI_TKILL, si_pid=661400, si_uid=1000} ---
661554 1790835819.783787 --- SIGURG {si_signo=SIGURG, si_code=SI_TKILL, si_pid=661400, si_uid=1000} ---
661550 1790835819.784450 --- SIGURG {si_signo=SIGURG, si_code=SI_TKILL, si_pid=661400, si_uid=1000} ---
661436 1790835819.786907 <... pwrite64 resumed>) = 175 (DELAYED) <0.025307>
661552 1790835819.794691 pwrite64(40</tmp/TestMixedWorkflowsRecoverFromFourServerFaults3749442285/001/node-0/jetstream/$SYS/_js_/C-R3F-tAOw9Q1E/msgs/1.blk>, "\217\0\0\0\37\0\0\0\0\0\0\0y\27\350\231\260S\332\30\0\0000m6vARoZ\3\0"..., 143, 3599) = 143 (DELAYED) <0.025016>
661552 1790835819.819860 pwrite64(40</tmp/TestMixedWorkflowsRecoverFromFourServerFaults3749442285/001/node-0/jetstream/$SYS/_js_/C-R3F-tAOw9Q1E/msgs/1.blk>, "\217\0\0\0 \0\0\0\0\0\0\0H\30h\233\260S\332\30\0\0000m6vARoZ\3\0"..., 143, 3742 <unfinished ...>
661422 1790835819.834932 pwrite64(52</tmp/TestMixedWorkflowsRecoverFromFourServerFaults3749442285/001/node-0/jetstream/$SYS/_js_/C-R3F-msGDjRCn/msgs/1.blk>, "l\0\0\0.\0\0\0\0\0\0\0x\354M\234\260S\332\30\0\0000m6vARoZ\3\0"..., 108, 4898 <unfinished ...>
661552 1790835819.844930 <... pwrite64 resumed>) = 143 (DELAYED) <0.025035>
661550 1790835819.855438 pwrite64(30</tmp/TestMixedWorkflowsRecoverFromFourServerFaults3749442285/001/node-0/jetstream/$G/streams/KV_WF_LEASE/msgs/1.blk>, "\257\0\0\200d\2\0\0\0\0\0\0\16\315=\235\260S\332\30(\0$KV.WF_LEA"..., 175, 101290 <unfinished ...>
661422 1790835819.863516 <... pwrite64 resumed>) = 108 (DELAYED) <0.028516>
661422 1790835819.863772 pwrite64(52</tmp/TestMixedWorkflowsRecoverFromFourServerFaults3749442285/001/node-0/jetstream/$SYS/_js_/C-R3F-msGDjRCn/msgs/1.blk>, "l\0\0\0/\0\0\0\0\0\0\0\0030\5\236\260S\332\30\0\0000m6vARoZ\3\0"..., 108, 5006 <unfinished ...>
661552 1790835819.871569 pwrite64(32</tmp/TestMixedWorkflowsRecoverFromFourServerFaults3749442285/001/node-0/jetstream/$G/streams/KV_WF_STATE/msgs/1.blk>, "s\0\0\200\36\0\0\0\0\0\0\0\367\16\207\235\260S\332\30\33\0$KV.WF_STA"..., 115, 4642 <unfinished ...>
661550 1790835819.880521 <... pwrite64 resumed>) = 175 (DELAYED) <0.017218>
661422 1790835819.888836 <... pwrite64 resumed>) = 108 (DELAYED) <0.025035>
661422 1790835819.889047 --- SIGURG {si_signo=SIGURG, si_code=SI_TKILL, si_pid=661400, si_uid=1000} ---
661552 1790835819.896638 <... pwrite64 resumed>) = 115 (DELAYED) <0.025027>
661550 1790835819.927440 pwrite64(41</tmp/TestMixedWorkflowsRecoverFromFourServerFaults3749442285/001/node-0/jetstream/$SYS/_js_/C-R3F-9oj0nEIt/msgs/1.blk>, "l\0\0\0%\0\0\0\0\0\0\0\226\251\321\241\260S\332\30\0\0000m6vARoZ\3\0"..., 108, 3932 <unfinished ...>
661417 1790835819.939096 pwrite64(39</tmp/TestMixedWorkflowsRecoverFromFourServerFaults3749442285/001/node-0/jetstream/$SYS/_js_/C-R3F-YfBgRsFE/msgs/1.blk>, "l\0\0\0\27\0\0\0\0\0\0\0)o\203\242\260S\332\30\0\0000m6vARoZ\3\0"..., 108, 2406 <unfinished ...>
661553 1790835819.941066 pwrite64(45</tmp/TestMixedWorkflowsRecoverFromFourServerFaults3749442285/001/node-0/jetstream/$SYS/_js_/C-R3F-w2Vf1jql/msgs/1.blk>, "l\0\0\0\30\0\0\0\0\0\0\0\237g\241\242\260S\332\30\0\0000m6vARoZ\3\0"..., 108, 2493 <unfinished ...>
661552 1790835819.944511 pwrite64(44</tmp/TestMixedWorkflowsRecoverFromFourServerFaults3749442285/001/node-0/jetstream/$SYS/_js_/C-R3F-MSuCeJue/msgs/1.blk>, "l\0\0\0\25\0\0\0\0\0\0\0\231*\326\242\260S\332\30\0\0000m6vARoZ\3\0"..., 108, 2274 <unfinished ...>
661554 1790835819.949238 pwrite64(50</tmp/TestMixedWorkflowsRecoverFromFourServerFaults3749442285/001/node-0/jetstream/$SYS/_js_/C-R3F-tuMA878n/msgs/1.blk>, "l\0\0\0:\0\0\0\0\0\0\0\vI\36\243\260S\332\30\0\0000m6vARoZ\3\0"..., 108, 6892 <unfinished ...>
661550 1790835819.952469 <... pwrite64 resumed>) = 108 (DELAYED) <0.024979>
661550 1790835819.952598 pwrite64(41</tmp/TestMixedWorkflowsRecoverFromFourServerFaults3749442285/001/node-0/jetstream/$SYS/_js_/C-R3F-9oj0nEIt/msgs/1.blk>, "l\0\0\0&\0\0\0\0\0\0\0$`Q\243\260S\332\30\0\0000m6vARoZ\3\0"..., 108, 4040 <unfinished ...>
661417 1790835819.964165 <... pwrite64 resumed>) = 108 (DELAYED) <0.025021>
661553 1790835819.966097 <... pwrite64 resumed>) = 108 (DELAYED) <0.024999>
661553 1790835819.966862 pwrite64(39</tmp/TestMixedWorkflowsRecoverFromFourServerFaults3749442285/001/node-0/jetstream/$SYS/_js_/C-R3F-YfBgRsFE/msgs/1.blk>, "l\0\0\0\30\0\0\0\0\0\0\0,^+\244\260S\332\30\0\0000m6vARoZ\3\0"..., 108, 2514 <unfinished ...>
661436 1790835819.967624 pwrite64(45</tmp/TestMixedWorkflowsRecoverFromFourServerFaults3749442285/001/node-0/jetstream/$SYS/_js_/C-R3F-w2Vf1jql/msgs/1.blk>, "l\0\0\0\31\0\0\0\0\0\0\0\33\0077\244\260S\332\30\0\0000m6vARoZ\3\0"..., 108, 2601 <unfinished ...>
661552 1790835819.970817 <... pwrite64 resumed>) = 108 (DELAYED) <0.026269>
661552 1790835819.973217 pwrite64(44</tmp/TestMixedWorkflowsRecoverFromFourServerFaults3749442285/001/node-0/jetstream/$SYS/_js_/C-R3F-MSuCeJue/msgs/1.blk>, "l\0\0\0\26\0\0\0\0\0\0\0\240\234\213\244\260S\332\30\0\0000m6vARoZ\3\0"..., 108, 2382 <unfinished ...>
661554 1790835819.974276 <... pwrite64 resumed>) = 108 (DELAYED) <0.024999>
661550 1790835819.977650 <... pwrite64 resumed>) = 108 (DELAYED) <0.025035>
661550 1790835819.980788 pwrite64(50</tmp/TestMixedWorkflowsRecoverFromFourServerFaults3749442285/001/node-0/jetstream/$SYS/_js_/C-R3F-tuMA878n/msgs/1.blk>, "l\0\0\0;\0\0\0\0\0\0\0i\346\377\244\260S\332\30\0\0000m6vARoZ\3\0"..., 108, 7000 <unfinished ...>
661554 1790835819.987462 pwrite64(30</tmp/TestMixedWorkflowsRecoverFromFourServerFaults3749442285/001/node-0/jetstream/$G/streams/KV_WF_LEASE/msgs/1.blk>, "\267\0\0\200e\2\0\0\0\0\0\0\316\334\3\245\260S\332\30?\0$KV.WF_LEA"..., 370, 101465 <unfinished ...>
661553 1790835819.991911 <... pwrite64 resumed>) = 108 (DELAYED) <0.025025>
661436 1790835819.992678 <... pwrite64 resumed>) = 108 (DELAYED) <0.025045>
661422 1790835819.995342 lseek(20</tmp/TestMixedWorkflowsRecoverFromFourServerFaults3749442285/001/node-0/jetstream/$G/streams/WF_INV/msgs/1.blk>, 0, SEEK_SET) = 0 <0.000008>
661422 1790835819.995466 fstat(20</tmp/TestMixedWorkflowsRecoverFromFourServerFaults3749442285/001/node-0/jetstream/$G/streams/WF_INV/msgs/1.blk>, {st_mode=S_IFREG|0600, st_size=8206, ...}) = 0 <0.000019>
661422 1790835819.995562 read(20</tmp/TestMixedWorkflowsRecoverFromFourServerFaults3749442285/001/node-0/jetstream/$G/streams/WF_INV/msgs/1.blk>, "\306\0\0\200\1\0\0\0\0\0\0\0\247\327\6\266\253S\332\30\34\0wf.inv.mix"..., 8206) = 8206 <0.000014>
661552 1790835819.998608 <... pwrite64 resumed>) = 108 (DELAYED) <0.025367>
661550 1790835820.005841 <... pwrite64 resumed>) = 108 (DELAYED) <0.025027>
661554 1790835820.014763 <... pwrite64 resumed>) = 370 (DELAYED) <0.027272>
661422 1790835820.019653 pwrite64(30</tmp/TestMixedWorkflowsRecoverFromFourServerFaults3749442285/001/node-0/jetstream/$G/streams/KV_WF_LEASE/msgs/1.blk>, "\273\0\0\200g\2\0\0\0\0\0\0000o\10\247\260S\332\30?\0$KV.WF_LEA"..., 187, 101835 <unfinished ...>
661552 1790835820.021856 pwrite64(24</tmp/TestMixedWorkflowsRecoverFromFourServerFaults3749442285/001/node-0/jetstream/$G/streams/WF_JRN/msgs/1.blk>, "\321\0\0\200r\1\0\0\0\0\0\0\216\350P\247\260S\332\309\0wf.jrn.mix"..., 209, 100832 <unfinished ...>
661436 1790835820.025092 pwrite64(39</tmp/TestMixedWorkflowsRecoverFromFourServerFaults3749442285/001/node-0/jetstream/$SYS/_js_/C-R3F-YfBgRsFE/msgs/1.blk>, "l\0\0\0\31\0\0\0\0\0\0\0\267\316\243\247\260S\332\30\0\0000m6vARoZ\3\0"..., 108, 2622 <unfinished ...>
661550 1790835820.042188 pwrite64(47</tmp/TestMixedWorkflowsRecoverFromFourServerFaults3749442285/001/node-0/jetstream/$SYS/_js_/C-R3F-JUPhrGJa/msgs/1.blk>, "l\0\0\0\"\0\0\0\0\0\0\0003\216\250\250\260S\332\30\0\0000m6vARoZ\3\0"..., 108, 3775 <unfinished ...>
661422 1790835820.048600 <... pwrite64 resumed>) = 187 (DELAYED) <0.028903>
661552 1790835820.048648 <... pwrite64 resumed>) = 209 (DELAYED) <0.026748>
661436 1790835820.050123 <... pwrite64 resumed>) = 108 (DELAYED) <0.025006>
661436 1790835820.051047 pwrite64(30</tmp/TestMixedWorkflowsRecoverFromFourServerFaults3749442285/001/node-0/jetstream/$G/streams/KV_WF_LEASE/msgs/1.blk>, "\273\0\0\200h\2\0\0\0\0\0\0\306\301\r\251\260S\332\30?\0$KV.WF_LEA"..., 187, 102022 <unfinished ...>
661553 1790835820.051166 pwrite64(39</tmp/TestMixedWorkflowsRecoverFromFourServerFaults3749442285/001/node-0/jetstream/$SYS/_js_/C-R3F-YfBgRsFE/msgs/1.blk>, "l\0\0\0\32\0\0\0\0\0\0\0\277\3161\251\260S\332\30\0\0000m6vARoZ\3\0"..., 108, 2730 <unfinished ...>
661422 1790835820.054847 pwrite64(24</tmp/TestMixedWorkflowsRecoverFromFourServerFaults3749442285/001/node-0/jetstream/$G/streams/WF_JRN/msgs/1.blk>, "|\1\0\200s\1\0\0\0\0\0\0\353!7\251\260S\332\309\0wf.jrn.mix"..., 380, 101041 <unfinished ...>
661550 1790835820.067268 <... pwrite64 resumed>) = 108 (DELAYED) <0.025034>
661550 1790835820.067481 --- SIGURG {si_signo=SIGURG, si_code=SI_TKILL, si_pid=661400, si_uid=1000} ---
661550 1790835820.067572 pwrite64(47</tmp/TestMixedWorkflowsRecoverFromFourServerFaults3749442285/001/node-0/jetstream/$SYS/_js_/C-R3F-JUPhrGJa/msgs/1.blk>, "l\0\0\0#\0\0\0\0\0\0\0w\316+\252\260S\332\30\0\0000m6vARoZ\3\0"..., 108, 3883 <unfinished ...>
661553 1790835820.077639 <... pwrite64 resumed>) = 108 (DELAYED) <0.026453>
661436 1790835820.077666 <... pwrite64 resumed>) = 187 (DELAYED) <0.026596>
661553 1790835820.077929 --- SIGURG {si_signo=SIGURG, si_code=SI_TKILL, si_pid=661400, si_uid=1000} ---
661422 1790835820.079875 <... pwrite64 resumed>) = 380 (DELAYED) <0.024991>
661417 1790835820.080675 pwrite64(30</tmp/TestMixedWorkflowsRecoverFromFourServerFaults3749442285/001/node-0/jetstream/$G/streams/KV_WF_LEASE/msgs/1.blk>, "\273\0\0\200i\2\0\0\0\0\0\0\236y\307\252\260S\332\30?\0$KV.WF_LEA"..., 187, 102209 <unfinished ...>
661554 1790835820.085261 pwrite64(24</tmp/TestMixedWorkflowsRecoverFromFourServerFaults3749442285/001/node-0/jetstream/$G/streams/WF_JRN/msgs/1.blk>, "\360\0\0\200t\1\0\0\0\0\0\0\221\377\26\253\260S\332\309\0wf.jrn.mix"..., 240, 101421 <unfinished ...>
661550 1790835820.092608 <... pwrite64 resumed>) = 108 (DELAYED) <0.025013>
661417 1790835820.106871 <... pwrite64 resumed>) = 187 (DELAYED) <0.026168>
661417 1790835820.107010 --- SIGURG {si_signo=SIGURG, si_code=SI_TKILL, si_pid=661400, si_uid=1000} ---
661417 1790835820.107298 --- SIGURG {si_signo=SIGURG, si_code=SI_TKILL, si_pid=661400, si_uid=1000} ---
661553 1790835820.109819 pwrite64(30</tmp/TestMixedWorkflowsRecoverFromFourServerFaults3749442285/001/node-0/jetstream/$G/streams/KV_WF_LEASE/msgs/1.blk>, "\273\0\0\200j\2\0\0\0\0\0\0\316\325\206\254\260S\332\30?\0$KV.WF_LEA"..., 187, 102396 <unfinished ...>
661554 1790835820.110295 <... pwrite64 resumed>) = 240 (DELAYED) <0.025013>
661436 1790835820.112710 pwrite64(24</tmp/TestMixedWorkflowsRecoverFromFourServerFaults3749442285/001/node-0/jetstream/$G/streams/WF_JRN/msgs/1.blk>, "\376\0\0\200u\1\0\0\0\0\0\0\203\377\303\254\260S\332\309\0wf.jrn.mix"..., 254, 101661 <unfinished ...>
661422 1790835820.115199 pwrite64(32</tmp/TestMixedWorkflowsRecoverFromFourServerFaults3749442285/001/node-0/jetstream/$G/streams/KV_WF_STATE/msgs/1.blk>, "\263\0\0\200\37\0\0\0\0\0\0\0}\316\345\254\260S\332\30?\0$KV.WF_STA"..., 179, 4757 <unfinished ...>
661417 1790835820.124362 pwrite64(25</tmp/TestMixedWorkflowsRecoverFromFourServerFaults3749442285/001/node-0/jetstream/$SYS/_js_/S-R3F-jsfg5vMh/msgs/2.blk>, "\356\1\0\0002\0\0\0\0\0\0\0003\2\216\255\260S\332\30\0\0St9I6EVH\2\0"..., 494, 19065 <unfinished ...>
661550 1790835820.131543 pwrite64(50</tmp/TestMixedWorkflowsRecoverFromFourServerFaults3749442285/001/node-0/jetstream/$SYS/_js_/C-R3F-tuMA878n/msgs/1.blk>, "l\0\0\0<\0\0\0\0\0\0\0\374\34\374\255\260S\332\30\0\0000m6vARoZ\3\0"..., 108, 7108 <unfinished ...>
661553 1790835820.134871 <... pwrite64 resumed>) = 187 (DELAYED) <0.025023>
661436 1790835820.138872 <... pwrite64 resumed>) = 254 (DELAYED) <0.026123>
661436 1790835820.139134 --- SIGURG {si_signo=SIGURG, si_code=SI_TKILL, si_pid=661400, si_uid=1000} ---
661422 1790835820.140237 <... pwrite64 resumed>) = 179 (DELAYED) <0.025015>
661417 1790835820.149443 <... pwrite64 resumed>) = 494 (DELAYED) <0.025019>
661417 1790835820.149700 --- SIGURG {si_signo=SIGURG, si_code=SI_TKILL, si_pid=661400, si_uid=1000} ---
661417 1790835820.155379 pwrite64(51</tmp/TestMixedWorkflowsRecoverFromFourServerFaults3749442285/001/node-0/jetstream/$SYS/_js_/C-R3F-7OYeMzZe/msgs/1.blk>, "l\0\0\0*\0\0\0\0\0\0\0\235\365f\257\260S\332\30\0\0000m6vARoZ\3\0"..., 108, 4474 <unfinished ...>
661552 1790835820.156561 pwrite64(40</tmp/TestMixedWorkflowsRecoverFromFourServerFaults3749442285/001/node-0/jetstream/$SYS/_js_/C-R3F-tAOw9Q1E/msgs/1.blk>, "\177\0\0\0!\0\0\0\0\0\0\0+\224y\257\260S\332\30\0\0000m6vARoZ\3\0"..., 127, 3885 <unfinished ...>
661550 1790835820.157429 <... pwrite64 resumed>) = 108 (DELAYED) <0.025849>
661553 1790835820.157491 pwrite64(50</tmp/TestMixedWorkflowsRecoverFromFourServerFaults3749442285/001/node-0/jetstream/$SYS/_js_/C-R3F-tuMA878n/msgs/1.blk>, "l\0\0\0=\0\0\0\0\0\0\0L\17\210\257\260S\332\30\0\0000m6vARoZ\3\0"..., 108, 7216 <unfinished ...>
661436 1790835820.157646 pwrite64(26</tmp/TestMixedWorkflowsRecoverFromFourServerFaults3749442285/001/node-0/jetstream/$G/streams/WF_SIG/msgs/1.blk>, "\200\1\0\2001\0\0\0\0\0\0\0\347\373\210\255\260S\332\30<\0wf.sig.mix"..., 384, 13716 <unfinished ...>
661554 1790835820.158872 pwrite64(22</tmp/TestMixedWorkflowsRecoverFromFourServerFaults3749442285/001/node-0/jetstream/$G/streams/WF_RUN/msgs/1.blk>, "\202\0\0\200\212\0\0\0\0\0\0\0\254\330q\257\260S\332\30\10\0wf.run.0+\0"..., 130, 25873 <unfinished ...>
661406 1790835820.164797 pwrite64(30</tmp/TestMixedWorkflowsRecoverFromFourServerFaults3749442285/001/node-0/jetstream/$G/streams/KV_WF_LEASE/msgs/1.blk>, "\252\0\0\200k\2\0\0\0\0\0\0qq\311\257\260S\332\30?\0$KV.WF_LEA"..., 170, 102583 <unfinished ...>
661417 1790835820.180418 <... pwrite64 resumed>) = 108 (DELAYED) <0.024992>
661417 1790835820.180578 --- SIGURG {si_signo=SIGURG, si_code=SI_TKILL, si_pid=661400, si_uid=1000} ---
661552 1790835820.181635 <... pwrite64 resumed>) = 127 (DELAYED) <0.025047>
661422 1790835820.181959 pwrite64(51</tmp/TestMixedWorkflowsRecoverFromFourServerFaults3749442285/001/node-0/jetstream/$SYS/_js_/C-R3F-7OYeMzZe/msgs/1.blk>, "l\0\0\0+\0\0\0\0\0\0\0\234P\375\260\260S\332\30\0\0000m6vARoZ\3\0"..., 108, 4582 <unfinished ...>
661550 1790835820.182398 newfstatat(AT_FDCWD</home/exedev/js-wf/integration>, "/tmp/TestMixedWorkflowsRecoverFromFourServerFaults3749442285/001/node-0/jetstream/$G/streams/WF_RUN/obs/WF_P_00/o.dat", {st_mode=S_IFREG|0600, st_size=23, ...}, AT_SYMLINK_NOFOLLOW) = 0 <0.000027>
661550 1790835820.182463 renameat(AT_FDCWD</home/exedev/js-wf/integration>, "/tmp/TestMixedWorkflowsRecoverFromFourServerFaults3749442285/001/node-0/jetstream/$G/streams/WF_RUN/obs/WF_P_00/o.dat.tmp", AT_FDCWD</home/exedev/js-wf/integration>, "/tmp/TestMixedWorkflowsRecoverFromFourServerFaults3749442285/001/node-0/jetstream/$G/streams/WF_RUN/obs/WF_P_00/o.dat" <unfinished ...>
661553 1790835820.182545 <... pwrite64 resumed>) = 108 (DELAYED) <0.025038>
661550 1790835820.182588 <... renameat resumed>) = 0 <0.000113>
661436 1790835820.182731 <... pwrite64 resumed>) = 384 (DELAYED) <0.025060>
661554 1790835820.183901 <... pwrite64 resumed>) = 130 (DELAYED) <0.024997>
661554 1790835820.183997 pwrite64(49</tmp/TestMixedWorkflowsRecoverFromFourServerFaults3749442285/001/node-0/jetstream/$SYS/_js_/C-R3F-SaO96lab/msgs/1.blk>, "l\0\0\09\0\0\0\0\0\0\0\261s\34\261\260S\332\30\0\0000m6vARoZ\3\0"..., 108, 6039 <unfinished ...>
661550 1790835820.184026 pwrite64(44</tmp/TestMixedWorkflowsRecoverFromFourServerFaults3749442285/001/node-0/jetstream/$SYS/_js_/C-R3F-MSuCeJue/msgs/1.blk>, "l\0\0\0\27\0\0\0\0\0\0\0C\7\35\261\260S\332\30\0\0000m6vARoZ\3\0"..., 108, 2490 <unfinished ...>
661417 1790835820.184120 pwrite64(45</tmp/TestMixedWorkflowsRecoverFromFourServerFaults3749442285/001/node-0/jetstream/$SYS/_js_/C-R3F-w2Vf1jql/msgs/1.blk>, "l\0\0\0\32\0\0\0\0\0\0\0\356]\36\261\260S\332\30\0\0000m6vARoZ\3\0"..., 108, 2709 <unfinished ...>
661551 1790835820.186120 pwrite64(22</tmp/TestMixedWorkflowsRecoverFromFourServerFaults3749442285/001/node-0/jetstream/$G/streams/WF_RUN/msgs/1.blk>, "\36\0\0\0&\0\0\0\0\0\0@\324\316O\312\253S\332\30\0\0\206\204\215\321\263\211\307\315", 30, 26003 <unfinished ...>
661406 1790835820.189821 <... pwrite64 resumed>) = 170 (DELAYED) <0.024984>
661406 1790835820.195253 pwrite64(30</tmp/TestMixedWorkflowsRecoverFromFourServerFaults3749442285/001/node-0/jetstream/$G/streams/KV_WF_LEASE/msgs/1.blk>, "\265\0\0\200l\2\0\0\0\0\0\0aD\217\261\260S\332\30:\0$KV.WF_LEA"..., 364, 102753 <unfinished ...>
661422 1790835820.207018 <... pwrite64 resumed>) = 108 (DELAYED) <0.025030>
661550 1790835820.209060 <... pwrite64 resumed>) = 108 (DELAYED) <0.025021>
661417 1790835820.209138 <... pwrite64 resumed>) = 108 (DELAYED) <0.025007>
661552 1790835820.210666 pwrite64(45</tmp/TestMixedWorkflowsRecoverFromFourServerFaults3749442285/001/node-0/jetstream/$SYS/_js_/C-R3F-w2Vf1jql/msgs/1.blk>, "l\0\0\0\33\0\0\0\0\0\0\0\336h\263\262\260S\332\30\0\0000m6vARoZ\3\0"..., 108, 2817 <unfinished ...>
661422 1790835820.210708 pwrite64(44</tmp/TestMixedWorkflowsRecoverFromFourServerFaults3749442285/001/node-0/jetstream/$SYS/_js_/C-R3F-MSuCeJue/msgs/1.blk>, "l\0\0\0\30\0\0\0\0\0\0\0\226J\263\262\260S\332\30\0\0000m6vARoZ\3\0"..., 108, 2598 <unfinished ...>
661554 1790835820.210819 <... pwrite64 resumed>) = 108 (DELAYED) <0.026802>
661551 1790835820.211189 <... pwrite64 resumed>) = 30 (DELAYED) <0.025048>
661417 1790835820.215216 pwrite64(49</tmp/TestMixedWorkflowsRecoverFromFourServerFaults3749442285/001/node-0/jetstream/$SYS/_js_/C-R3F-SaO96lab/msgs/1.blk>, "l\0\0\0:\0\0\0\0\0\0\0e\336\370\262\260S\332\30\0\0000m6vARoZ\3\0"..., 108, 6147 <unfinished ...>
661406 1790835820.220278 <... pwrite64 resumed>) = 364 (DELAYED) <0.024969>
661406 1790835820.222184 pwrite64(30</tmp/TestMixedWorkflowsRecoverFromFourServerFaults3749442285/001/node-0/jetstream/$G/streams/KV_WF_LEASE/msgs/1.blk>, "\267\0\0\200n\2\0\0\0\0\0\0&\322G\263\260S\332\30:\0$KV.WF_LEA"..., 183, 103117 <unfinished ...>
661551 1790835820.223348 pwrite64(47</tmp/TestMixedWorkflowsRecoverFromFourServerFaults3749442285/001/node-0/jetstream/$SYS/_js_/C-R3F-JUPhrGJa/msgs/1.blk>, "l\0\0\0$\0\0\0\0\0\0\0\312\305t\263\260S\332\30\0\0000m6vARoZ\3\0"..., 108, 3991 <unfinished ...>
661436 1790835820.226162 pwrite64(24</tmp/TestMixedWorkflowsRecoverFromFourServerFaults3749442285/001/node-0/jetstream/$G/streams/WF_JRN/msgs/1.blk>, "\177\1\0\200v\1\0\0\0\0\0\0\346\7r\263\260S\332\0304\0wf.jrn.mix"..., 383, 101915 <unfinished ...>
661552 1790835820.235851 <... pwrite64 resumed>) = 108 (DELAYED) <0.025148>
661422 1790835820.235923 <... pwrite64 resumed>) = 108 (DELAYED) <0.025204>
661552 1790835820.236005 --- SIGURG {si_signo=SIGURG, si_code=SI_TKILL, si_pid=661400, si_uid=1000} ---
661422 1790835820.236015 --- SIGURG {si_signo=SIGURG, si_code=SI_TKILL, si_pid=661400, si_uid=1000} ---
661417 1790835820.240301 <... pwrite64 resumed>) = 108 (DELAYED) <0.025048>
661550 1790835820.242768 pwrite64(48</tmp/TestMixedWorkflowsRecoverFromFourServerFaults3749442285/001/node-0/jetstream/$SYS/_js_/C-R3F-5zk9g5oE/msgs/1.blk>, "l\0\0\0*\0\0\0\0\0\0\0\216\227\234\264\260S\332\30\0\0000m6vARoZ\3\0"..., 108, 4506 <unfinished ...>
661406 1790835820.247221 <... pwrite64 resumed>) = 183 (DELAYED) <0.025008>
661551 1790835820.248387 <... pwrite64 resumed>) = 108 (DELAYED) <0.025014>
661552 1790835820.249735 pwrite64(30</tmp/TestMixedWorkflowsRecoverFromFourServerFaults3749442285/001/node-0/jetstream/$G/streams/KV_WF_LEASE/msgs/1.blk>, "\267\0\0\200o\2\0\0\0\0\0\0\261\2\343\264\260S\332\30:\0$KV.WF_LEA"..., 183, 103300 <unfinished ...>
661554 1790835820.251185 pwrite64(47</tmp/TestMixedWorkflowsRecoverFromFourServerFaults3749442285/001/node-0/jetstream/$SYS/_js_/C-R3F-JUPhrGJa/msgs/1.blk>, "l\0\0\0%\0\0\0\0\0\0\0\22{\35\265\260S\332\30\0\0000m6vARoZ\3\0"..., 108, 4099 <unfinished ...>
661406 1790835820.251247 pwrite64(46</tmp/TestMixedWorkflowsRecoverFromFourServerFaults3749442285/001/node-0/jetstream/$SYS/_js_/C-R3F-13UXQlAl/msgs/1.blk>, "l\0\0\0+\0\0\0\0\0\0\0\235\254\36\265\260S\332\30\0\0000m6vARoZ\2\0"..., 108, 5055 <unfinished ...>
661436 1790835820.251286 <... pwrite64 resumed>) = 383 (DELAYED) <0.025094>
661551 1790835820.255721 pwrite64(24</tmp/TestMixedWorkflowsRecoverFromFourServerFaults3749442285/001/node-0/jetstream/$G/streams/WF_JRN/msgs/1.blk>, "\362\0\0\200w\1\0\0\0\0\0\0\4$/\265\260S\332\0304\0wf.jrn.mix"..., 242, 102298 <unfinished ...>
661550 1790835820.267821 <... pwrite64 resumed>) = 108 (DELAYED) <0.024966>
661550 1790835820.267916 --- SIGURG {si_signo=SIGURG, si_code=SI_TKILL, si_pid=661400, si_uid=1000} ---
661552 1790835820.274772 <... pwrite64 resumed>) = 183 (DELAYED) <0.025006>
661554 1790835820.276239 <... pwrite64 resumed>) = 108 (DELAYED) <0.025035>
661406 1790835820.276292 <... pwrite64 resumed>) = 108 (DELAYED) <0.025037>
661552 1790835820.276989 pwrite64(30</tmp/TestMixedWorkflowsRecoverFromFourServerFaults3749442285/001/node-0/jetstream/$G/streams/KV_WF_LEASE/msgs/1.blk>, "\267\0\0\200p\2\0\0\0\0\0\0006\340\207\266\260S\332\30:\0$KV.WF_LEA"..., 183, 103483 <unfinished ...>
661436 1790835820.279074 pwrite64(48</tmp/TestMixedWorkflowsRecoverFromFourServerFaults3749442285/001/node-0/jetstream/$SYS/_js_/C-R3F-5zk9g5oE/msgs/1.blk>, "l\0\0\0+\0\0\0\0\0\0\0\333Z\307\266\260S\332\30\0\0000m6vARoZ\3\0"..., 108, 4614 <unfinished ...>
661551 1790835820.280786 <... pwrite64 resumed>) = 242 (DELAYED) <0.025024>
661553 1790835820.282823 pwrite64(46</tmp/TestMixedWorkflowsRecoverFromFourServerFaults3749442285/001/node-0/jetstream/$SYS/_js_/C-R3F-13UXQlAl/msgs/1.blk>, "l\0\0\0,\0\0\0\0\0\0\0\34*\344\266\260S\332\30\0\0000m6vARoZ\2\0"..., 108, 5163 <unfinished ...>
661554 1790835820.285607 pwrite64(24</tmp/TestMixedWorkflowsRecoverFromFourServerFaults3749442285/001/node-0/jetstream/$G/streams/WF_JRN/msgs/1.blk>, "4\1\0\200x\1\0\0\0\0\0\0\357\357\10\267\260S\332\0304\0wf.jrn.mix"..., 308, 102540 <unfinished ...>
661552 1790835820.302096 <... pwrite64 resumed>) = 183 (DELAYED) <0.025077>
661552 1790835820.302372 --- SIGURG {si_signo=SIGURG, si_code=SI_TKILL, si_pid=661400, si_uid=1000} ---
661436 1790835820.304134 <... pwrite64 resumed>) = 108 (DELAYED) <0.025031>
661551 1790835820.304621 pwrite64(30</tmp/TestMixedWorkflowsRecoverFromFourServerFaults3749442285/001/node-0/jetstream/$G/streams/KV_WF_LEASE/msgs/1.blk>, "\267\0\0\200q\2\0\0\0\0\0\0Re*\270\260S\332\30:\0$KV.WF_LEA"..., 183, 103666 <unfinished ...>
661553 1790835820.308801 <... pwrite64 resumed>) = 108 (DELAYED) <0.025949>
661554 1790835820.312273 <... pwrite64 resumed>) = 308 (DELAYED) <0.026641>
661553 1790835820.320902 pwrite64(24</tmp/TestMixedWorkflowsRecoverFromFourServerFaults3749442285/001/node-0/jetstream/$G/streams/WF_JRN/msgs/1.blk>, "\362\0\0\200y\1\0\0\0\0\0\0.\265\326\270\260S\332\0304\0wf.jrn.mix"..., 242, 102848 <unfinished ...>
661551 1790835820.329681 <... pwrite64 resumed>) = 183 (DELAYED) <0.025031>
661417 1790835820.331586 pwrite64(30</tmp/TestMixedWorkflowsRecoverFromFourServerFaults3749442285/001/node-0/jetstream/$G/streams/KV_WF_LEASE/msgs/1.blk>, "\267\0\0\200r\2\0\0\0\0\0\0>l\315\271\260S\332\30:\0$KV.WF_LEA"..., 183, 103849 <unfinished ...>
661436 1790835820.340451 --- SIGURG {si_signo=SIGURG, si_code=SI_TKILL, si_pid=661400, si_uid=1000} ---
661553 1790835820.345949 <... pwrite64 resumed>) = 242 (DELAYED) <0.025015>
661553 1790835820.346150 --- SIGURG {si_signo=SIGURG, si_code=SI_TKILL, si_pid=661400, si_uid=1000} ---
661551 1790835820.349594 pwrite64(24</tmp/TestMixedWorkflowsRecoverFromFourServerFaults3749442285/001/node-0/jetstream/$G/streams/WF_JRN/msgs/1.blk>, "\373\0\0\200z\1\0\0\0\0\0\0K\5\336\272\260S\332\0304\0wf.jrn.mix"..., 251, 103090 <unfinished ...>
661554 1790835820.350998 pwrite64(32</tmp/TestMixedWorkflowsRecoverFromFourServerFaults3749442285/001/node-0/jetstream/$G/streams/KV_WF_STATE/msgs/1.blk>, "\256\0\0\200 \0\0\0\0\0\0\0\334c\361\272\260S\332\30:\0$KV.WF_STA"..., 174, 4936 <unfinished ...>
661436 1790835820.354851 pwrite64(25</tmp/TestMixedWorkflowsRecoverFromFourServerFaults3749442285/001/node-0/jetstream/$SYS/_js_/S-R3F-jsfg5vMh/msgs/2.blk>, "\300\1\0\0003\0\0\0\0\0\0\0\351\221K\273\260S\332\30\0\0St9I6EVH\2\0"..., 448, 19559 <unfinished ...>
661417 1790835820.357064 <... pwrite64 resumed>) = 183 (DELAYED) <0.025443>
661551 1790835820.374847 <... pwrite64 resumed>) = 251 (DELAYED) <0.025205>
661551 1790835820.374975 --- SIGURG {si_signo=SIGURG, si_code=SI_TKILL, si_pid=661400, si_uid=1000} ---
661554 1790835820.376025 <... pwrite64 resumed>) = 174 (DELAYED) <0.025003>
661554 1790835820.377405 pwrite64(43</tmp/TestMixedWorkflowsRecoverFromFourServerFaults3749442285/001/node-0/jetstream/$SYS/_js_/C-R3F-0ktVzAXS/msgs/1.blk>, "l\0\0\0D\0\0\0\0\0\0\0\227i\243\274\260S\332\30\0\0000m6vARoZ\3\0"..., 108, 7943 <unfinished ...>
661550 1790835820.379202 pwrite64(52</tmp/TestMixedWorkflowsRecoverFromFourServerFaults3749442285/001/node-0/jetstream/$SYS/_js_/C-R3F-msGDjRCn/msgs/1.blk>, "l\0\0\0000\0\0\0\0\0\0\0\223\7\277\274\260S\332\30\0\0000m6vARoZ\3\0"..., 108, 5114 <unfinished ...>
661436 1790835820.379962 <... pwrite64 resumed>) = 448 (DELAYED) <0.025077>
661417 1790835820.381317 pwrite64(41</tmp/TestMixedWorkflowsRecoverFromFourServerFaults3749442285/001/node-0/jetstream/$SYS/_js_/C-R3F-9oj0nEIt/msgs/1.blk>, "\177\0\0\0'\0\0\0\0\0\0\0Mt\337\274\260S\332\30\0\0000m6vARoZ\3\0"..., 127, 4148 <unfinished ...>
661552 1790835820.381553 pwrite64(26</tmp/TestMixedWorkflowsRecoverFromFourServerFaults3749442285/001/node-0/jetstream/$G/streams/WF_SIG/msgs/1.blk>, "R\1\0\2002\0\0\0\0\0\0\0\275\263E\273\260S\332\30%\0wf.sig.mix"..., 338, 14100 <unfinished ...>
661553 1790835820.382552 pwrite64(22</tmp/TestMixedWorkflowsRecoverFromFourServerFaults3749442285/001/node-0/jetstream/$G/streams/WF_RUN/msgs/1.blk>, "l\0\0\200\213\0\0\0\0\0\0\0\354C\330\274\260S\332\30\t\0wf.run.55+"..., 108, 26033 <unfinished ...>
661551 1790835820.387850 pwrite64(40</tmp/TestMixedWorkflowsRecoverFromFourServerFaults3749442285/001/node-0/jetstream/$SYS/_js_/C-R3F-tAOw9Q1E/msgs/1.blk>, "R\0\0\0\"\0\0\0\0\0\0\0?\366B\275\260S\332\30\0\0000m6vARoZ\3\0"..., 82, 4012 <unfinished ...>
661406 1790835820.389858 pwrite64(30</tmp/TestMixedWorkflowsRecoverFromFourServerFaults3749442285/001/node-0/jetstream/$G/streams/KV_WF_LEASE/msgs/1.blk>, "\245\0\0\200s\2\0\0\0\0\0\0\325@\5\275\260S\332\30:\0$KV.WF_LEA"..., 165, 104032 <unfinished ...>
661554 1790835820.402472 <... pwrite64 resumed>) = 108 (DELAYED) <0.025035>
661554 1790835820.402595 --- SIGURG {si_signo=SIGURG, si_code=SI_TKILL, si_pid=661400, si_uid=1000} ---
661422 1790835820.402675 pwrite64(43</tmp/TestMixedWorkflowsRecoverFromFourServerFaults3749442285/001/node-0/jetstream/$SYS/_js_/C-R3F-0ktVzAXS/msgs/1.blk>, "l\0\0\0E\0\0\0\0\0\0\0n?%\276\260S\332\30\0\0000m6vARoZ\3\0"..., 108, 8051 <unfinished ...>
661550 1790835820.404258 <... pwrite64 resumed>) = 108 (DELAYED) <0.025034>
661436 1790835820.406001 pwrite64(52</tmp/TestMixedWorkflowsRecoverFromFourServerFaults3749442285/001/node-0/jetstream/$SYS/_js_/C-R3F-msGDjRCn/msgs/1.blk>, "l\0\0\0001\0\0\0\0\0\0\0f\10X\276\260S\332\30\0\0000m6vARoZ\3\0"..., 108, 5222 <unfinished ...>
661417 1790835820.406387 <... pwrite64 resumed>) = 127 (DELAYED) <0.025053>
661552 1790835820.406574 <... pwrite64 resumed>) = 338 (DELAYED) <0.025012>
661553 1790835820.407935 <... pwrite64 resumed>) = 108 (DELAYED) <0.025360>
661552 1790835820.408040 newfstatat(AT_FDCWD</home/exedev/js-wf/integration>, "/tmp/TestMixedWorkflowsRecoverFromFourServerFaults3749442285/001/node-0/jetstream/$G/streams/WF_RUN/obs/WF_P_55/o.dat", {st_mode=S_IFREG|0600, st_size=24, ...}, AT_SYMLINK_NOFOLLOW) = 0 <0.000024>
661552 1790835820.408098 renameat(AT_FDCWD</home/exedev/js-wf/integration>, "/tmp/TestMixedWorkflowsRecoverFromFourServerFaults3749442285/001/node-0/jetstream/$G/streams/WF_RUN/obs/WF_P_55/o.dat.tmp", AT_FDCWD</home/exedev/js-wf/integration>, "/tmp/TestMixedWorkflowsRecoverFromFourServerFaults3749442285/001/node-0/jetstream/$G/streams/WF_RUN/obs/WF_P_55/o.dat") = 0 <0.000083>
661554 1790835820.412395 pwrite64(51</tmp/TestMixedWorkflowsRecoverFromFourServerFaults3749442285/001/node-0/jetstream/$SYS/_js_/C-R3F-7OYeMzZe/msgs/1.blk>, "l\0\0\0,\0\0\0\0\0\0\0\305\200\271\276\260S\332\30\0\0000m6vARoZ\3\0"..., 108, 4690 <unfinished ...>
661551 1790835820.412972 <... pwrite64 resumed>) = 82 (DELAYED) <0.025086>
661552 1790835820.413294 pwrite64(40</tmp/TestMixedWorkflowsRecoverFromFourServerFaults3749442285/001/node-0/jetstream/$SYS/_js_/C-R3F-tAOw9Q1E/msgs/1.blk>, "l\0\0\0#\0\0\0\0\0\0\0oU\307\276\260S\332\30\0\0000m6vARoZ\3\0"..., 108, 4094 <unfinished ...>
661406 1790835820.414990 <... pwrite64 resumed>) = 165 (DELAYED) <0.025106>
661553 1790835820.415120 pwrite64(49</tmp/TestMixedWorkflowsRecoverFromFourServerFaults3749442285/001/node-0/jetstream/$SYS/_js_/C-R3F-SaO96lab/msgs/1.blk>, "l\0\0\0;\0\0\0\0\0\0\08\5\343\276\260S\332\30\0\0000m6vARoZ\3\0"..., 108, 6255 <unfinished ...>
661550 1790835820.423647 pwrite64(30</tmp/TestMixedWorkflowsRecoverFromFourServerFaults3749442285/001/node-0/jetstream/$G/streams/KV_WF_LEASE/msgs/1.blk>, "\236\0\0\200t\2\0\0\0\0\0\0\353\244=\277\260S\332\30#\0$KV.WF_LEA"..., 158, 104197 <unfinished ...>
661422 1790835820.427695 <... pwrite64 resumed>) = 108 (DELAYED) <0.025002>
661422 1790835820.427922 --- SIGURG {si_signo=SIGURG, si_code=SI_TKILL, si_pid=661400, si_uid=1000} ---
661436 1790835820.431788 <... pwrite64 resumed>) = 108 (DELAYED) <0.025768>
661554 1790835820.439240 <... pwrite64 resumed>) = 108 (DELAYED) <0.026814>
661552 1790835820.439286 <... pwrite64 resumed>) = 108 (DELAYED) <0.025970>
661554 1790835820.440229 pwrite64(51</tmp/TestMixedWorkflowsRecoverFromFourServerFaults3749442285/001/node-0/jetstream/$SYS/_js_/C-R3F-7OYeMzZe/msgs/1.blk>, "l\0\0\0-\0\0\0\0\0\0\0d\nb\300\260S\332\30\0\0000m6vARoZ\3\0"..., 108, 4798 <unfinished ...>
661553 1790835820.441570 <... pwrite64 resumed>) = 108 (DELAYED) <0.026428>
661552 1790835820.442735 newfstatat(AT_FDCWD</home/exedev/js-wf/integration>, "/tmp/TestMixedWorkflowsRecoverFromFourServerFaults3749442285/001/node-0/jetstream/$G/streams/WF_RUN/obs/WF_P_00/o.dat", {st_mode=S_IFREG|0600, st_size=26, ...}, AT_SYMLINK_NOFOLLOW) = 0 <0.000098>
661552 1790835820.446073 renameat(AT_FDCWD</home/exedev/js-wf/integration>, "/tmp/TestMixedWorkflowsRecoverFromFourServerFaults3749442285/001/node-0/jetstream/$G/streams/WF_RUN/obs/WF_P_00/o.dat.tmp", AT_FDCWD</home/exedev/js-wf/integration>, "/tmp/TestMixedWorkflowsRecoverFromFourServerFaults3749442285/001/node-0/jetstream/$G/streams/WF_RUN/obs/WF_P_00/o.dat") = 0 <0.001829>
661552 1790835820.448774 pwrite64(42</tmp/TestMixedWorkflowsRecoverFromFourServerFaults3749442285/001/node-0/jetstream/$SYS/_js_/C-R3F-GtA4TRr8/msgs/1.blk>, "z\0\0\0=\0\0\0\0\0\0\0%\24\344\300\260S\332\30\0\0000m6vARoZ\3\0"..., 122, 6771 <unfinished ...>
661550 1790835820.448799 <... pwrite64 resumed>) = 158 (DELAYED) <0.025120>
661417 1790835820.449701 pwrite64(22</tmp/TestMixedWorkflowsRecoverFromFourServerFaults3749442285/001/node-0/jetstream/$G/streams/WF_RUN/msgs/1.blk>, "\36\0\0\0\212\0\0\0\0\0\0@\254\330q\257\260S\332\30\0\0\254e\341EW3\355}", 30, 26141 <unfinished ...>
661550 1790835820.450577 pwrite64(30</tmp/TestMixedWorkflowsRecoverFromFourServerFaults3749442285/001/node-0/jetstream/$G/streams/KV_WF_LEASE/msgs/1.blk>, "\240\0\0\200u\2\0\0\0\0\0\0h\267^\277\260S\332\30#\0$KV.WF_LEA"..., 160, 104355 <unfinished ...>
661422 1790835820.458838 pwrite64(49</tmp/TestMixedWorkflowsRecoverFromFourServerFaults3749442285/001/node-0/jetstream/$SYS/_js_/C-R3F-SaO96lab/msgs/1.blk>, "l\0\0\0<\0\0\0\0\0\0\0\256\t\\\301\260S\332\30\0\0000m6vARoZ\3\0"..., 108, 6363 <unfinished ...>
661554 1790835820.465385 <... pwrite64 resumed>) = 108 (DELAYED) <0.025122>
661552 1790835820.473812 <... pwrite64 resumed>) = 122 (DELAYED) <0.025010>
661436 1790835820.474135 pwrite64(42</tmp/TestMixedWorkflowsRecoverFromFourServerFaults3749442285/001/node-0/jetstream/$SYS/_js_/C-R3F-GtA4TRr8/msgs/1.blk>, "l\0\0\0>\0\0\0\0\0\0\0\211Rg\302\260S\332\30\0\0000m6vARoZ\3\0"..., 108, 6893 <unfinished ...>
661417 1790835820.474866 <... pwrite64 resumed>) = 30 (DELAYED) <0.025110>
661550 1790835820.475616 <... pwrite64 resumed>) = 160 (DELAYED) <0.025017>
661422 1790835820.487131 <... pwrite64 resumed>) = 108 (DELAYED) <0.028242>
661553 1790835820.494841 pwrite64(48</tmp/TestMixedWorkflowsRecoverFromFourServerFaults3749442285/001/node-0/jetstream/$SYS/_js_/C-R3F-5zk9g5oE/msgs/1.blk>, "l\0\0\0,\0\0\0\0\0\0\0\247~\243\303\260S\332\30\0\0000m6vARoZ\3\0"..., 108, 4722 <unfinished ...>
661436 1790835820.499375 <... pwrite64 resumed>) = 108 (DELAYED) <0.025213>
661436 1790835820.499468 --- SIGURG {si_signo=SIGURG, si_code=SI_TKILL, si_pid=661400, si_uid=1000} ---
661436 1790835820.499744 --- SIGURG {si_signo=SIGURG, si_code=SI_TKILL, si_pid=661400, si_uid=1000} ---
661550 1790835820.500028 newfstatat(AT_FDCWD</home/exedev/js-wf/integration>, "/tmp/TestMixedWorkflowsRecoverFromFourServerFaults3749442285/001/node-0/jetstream/$G/streams/WF_RUN/obs/WF_P_26/o.dat", {st_mode=S_IFREG|0600, st_size=10, ...}, AT_SYMLINK_NOFOLLOW) = 0 <0.000095>
661550 1790835820.500158 renameat(AT_FDCWD</home/exedev/js-wf/integration>, "/tmp/TestMixedWorkflowsRecoverFromFourServerFaults3749442285/001/node-0/jetstream/$G/streams/WF_RUN/obs/WF_P_26/o.dat.tmp", AT_FDCWD</home/exedev/js-wf/integration>, "/tmp/TestMixedWorkflowsRecoverFromFourServerFaults3749442285/001/node-0/jetstream/$G/streams/WF_RUN/obs/WF_P_26/o.dat") = 0 <0.000117>
661436 1790835820.500641 --- SIGURG {si_signo=SIGURG, si_code=SI_TKILL, si_pid=661400, si_uid=1000} ---
661436 1790835820.500876 --- SIGURG {si_signo=SIGURG, si_code=SI_TKILL, si_pid=661400, si_uid=1000} ---
661550 1790835820.509290 pwrite64(30</tmp/TestMixedWorkflowsRecoverFromFourServerFaults3749442285/001/node-0/jetstream/$G/streams/KV_WF_LEASE/msgs/1.blk>, "\240\0\0\200v\2\0\0\0\0\0\0\3519F\304\260S\332\30#\0$KV.WF_LEA"..., 160, 104515 <unfinished ...>
661436 1790835820.517109 pwrite64(24</tmp/TestMixedWorkflowsRecoverFromFourServerFaults3749442285/001/node-0/jetstream/$G/streams/WF_JRN/msgs/1.blk>, "i\1\0\200{\1\0\0\0\0\0\0\364)\230\304\260S\332\30\35\0wf.jrn.mix"..., 361, 103341 <unfinished ...>
661553 1790835820.519874 <... pwrite64 resumed>) = 108 (DELAYED) <0.024988>
661422 1790835820.524852 pwrite64(48</tmp/TestMixedWorkflowsRecoverFromFourServerFaults3749442285/001/node-0/jetstream/$SYS/_js_/C-R3F-5zk9g5oE/msgs/1.blk>, "l\0\0\0-\0\0\0\0\0\0\0007\225m\305\260S\332\30\0\0000m6vARoZ\3\0"..., 108, 4830 <unfinished ...>
661550 1790835820.534364 <... pwrite64 resumed>) = 160 (DELAYED) <0.025022>
661550 1790835820.537108 pwrite64(30</tmp/TestMixedWorkflowsRecoverFromFourServerFaults3749442285/001/node-0/jetstream/$G/streams/KV_WF_LEASE/msgs/1.blk>, "\240\0\0\200w\2\0\0\0\0\0\0\241\207\0\306\260S\332\30#\0$KV.WF_LEA"..., 160, 104675 <unfinished ...>
661436 1790835820.542143 <... pwrite64 resumed>) = 361 (DELAYED) <0.024999>
661551 1790835820.544500 pwrite64(24</tmp/TestMixedWorkflowsRecoverFromFourServerFaults3749442285/001/node-0/jetstream/$G/streams/WF_JRN/msgs/1.blk>, "\333\0\0\200|\1\0\0\0\0\0\0C#\200\306\260S\332\30\35\0wf.jrn.mix"..., 219, 103702 <unfinished ...>
661550 1790835820.565372 <... pwrite64 resumed>) = 160 (DELAYED) <0.028204>
661422 1790835820.565478 <... pwrite64 resumed>) = 108 (DELAYED) <0.040596>
661436 1790835820.567858 pwrite64(30</tmp/TestMixedWorkflowsRecoverFromFourServerFaults3749442285/001/node-0/jetstream/$G/streams/KV_WF_LEASE/msgs/1.blk>, "\240\0\0\200x\2\0\0\0\0\0\0+\27\331\307\260S\332\30#\0$KV.WF_LEA"..., 160, 104835 <unfinished ...>
661551 1790835820.569523 <... pwrite64 resumed>) = 219 (DELAYED) <0.004217>
661550 1790835820.574932 pwrite64(24</tmp/TestMixedWorkflowsRecoverFromFourServerFaults3749442285/001/node-0/jetstream/$G/streams/WF_JRN/msgs/1.blk>, "\35\1\0\200}\1\0\0\0\0\0\0\344\244\"\310\260S\332\30\35\0wf.jrn.mix"..., 285, 103921 <unfinished ...>
661422 1790835820.581376 pwrite64(46</tmp/TestMixedWorkflowsRecoverFromFourServerFaults3749442285/001/node-0/jetstream/$SYS/_js_/C-R3F-13UXQlAl/msgs/1.blk>, "l\0\0\0-\0\0\0\0\0\0\0\342\3\314\310\260S\332\30\0\0000m6vARoZ\2\0"..., 108, 5271 <unfinished ...>
661436 1790835820.592955 <... pwrite64 resumed>) = 160 (DELAYED) <0.025056>
661436 1790835820.593360 --- SIGURG {si_signo=SIGURG, si_code=SI_TKILL, si_pid=661400, si_uid=1000} ---
661551 1790835820.599699 pwrite64(30</tmp/TestMixedWorkflowsRecoverFromFourServerFaults3749442285/001/node-0/jetstream/$G/streams/KV_WF_LEASE/msgs/1.blk>, "\240\0\0\200y\2\0\0\0\0\0\0e\254\200\311\260S\332\30#\0$KV.WF_LEA"..., 160, 104995 <unfinished ...>
661550 1790835820.600610 <... pwrite64 resumed>) = 285 (DELAYED) <0.025625>
661550 1790835820.600833 --- SIGURG {si_signo=SIGURG, si_code=SI_TKILL, si_pid=661400, si_uid=1000} ---
661552 1790835820.603604 pwrite64(24</tmp/TestMixedWorkflowsRecoverFromFourServerFaults3749442285/001/node-0/jetstream/$G/streams/WF_JRN/msgs/1.blk>, "\333\0\0\200~\1\0\0\0\0\0\0\243\214\372\311\260S\332\30\35\0wf.jrn.mix"..., 219, 104206 <unfinished ...>
661422 1790835820.610081 <... pwrite64 resumed>) = 108 (DELAYED) <0.028664>
661422 1790835820.610206 pwrite64(46</tmp/TestMixedWorkflowsRecoverFromFourServerFaults3749442285/001/node-0/jetstream/$SYS/_js_/C-R3F-13UXQlAl/msgs/1.blk>, "l\0\0\0.\0\0\0\0\0\0\0\31\321\203\312\260S\332\30\0\0000m6vARoZ\2\0"..., 108, 5379 <unfinished ...>
661551 1790835820.624751 <... pwrite64 resumed>) = 160 (DELAYED) <0.024991>
661552 1790835820.629668 <... pwrite64 resumed>) = 219 (DELAYED) <0.026036>
661552 1790835820.629791 --- SIGURG {si_signo=SIGURG, si_code=SI_TKILL, si_pid=661400, si_uid=1000} ---
661550 1790835820.631077 pwrite64(30</tmp/TestMixedWorkflowsRecoverFromFourServerFaults3749442285/001/node-0/jetstream/$G/streams/KV_WF_LEASE/msgs/1.blk>, "\240\0\0\200z\2\0\0\0\0\0\0\200\333c\313\260S\332\30#\0$KV.WF_LEA"..., 160, 105155 <unfinished ...>
661554 1790835820.634305 pwrite64(24</tmp/TestMixedWorkflowsRecoverFromFourServerFaults3749442285/001/node-0/jetstream/$G/streams/WF_JRN/msgs/1.blk>, "\35\1\0\200\177\1\0\0\0\0\0\0r\257\317\313\260S\332\30\35\0wf.jrn.mix"..., 285, 104425 <unfinished ...>
661422 1790835820.635239 <... pwrite64 resumed>) = 108 (DELAYED) <0.025009>
661436 1790835820.655102 pwrite64(42</tmp/TestMixedWorkflowsRecoverFromFourServerFaults3749442285/001/node-0/jetstream/$SYS/_js_/C-R3F-GtA4TRr8/msgs/1.blk>, "l\0\0\0?\0\0\0\0\0\0\0000e0\315\260S\332\30\0\0000m6vARoZ\3\0"..., 108, 7001 <unfinished ...>
661550 1790835820.656154 <... pwrite64 resumed>) = 160 (DELAYED) <0.025043>
661552 1790835820.659321 pwrite64(30</tmp/TestMixedWorkflowsRecoverFromFourServerFaults3749442285/001/node-0/jetstream/$G/streams/KV_WF_LEASE/msgs/1.blk>, "\240\0\0\200{\2\0\0\0\0\0\0\217\315B\315\260S\332\30#\0$KV.WF_LEA"..., 160, 105315 <unfinished ...>
661554 1790835820.659439 <... pwrite64 resumed>) = 285 (DELAYED) <0.025109>
661422 1790835820.663702 pwrite64(24</tmp/TestMixedWorkflowsRecoverFromFourServerFaults3749442285/001/node-0/jetstream/$G/streams/WF_JRN/msgs/1.blk>, "\333\0\0\200\200\1\0\0\0\0\0\0\356\331\202\315\260S\332\30\35\0wf.jrn.mix"..., 219, 104710 <unfinished ...>
661436 1790835820.681928 <... pwrite64 resumed>) = 108 (DELAYED) <0.026754>
661436 1790835820.682064 pwrite64(42</tmp/TestMixedWorkflowsRecoverFromFourServerFaults3749442285/001/node-0/jetstream/$SYS/_js_/C-R3F-GtA4TRr8/msgs/1.blk>, "l\0\0\0@\0\0\0\0\0\0\0xL\314\316\260S\332\30\0\0000m6vARoZ\3\0"..., 108, 7109 <unfinished ...>
661552 1790835820.684354 <... pwrite64 resumed>) = 160 (DELAYED) <0.024999>
661552 1790835820.686632 pwrite64(30</tmp/TestMixedWorkflowsRecoverFromFourServerFaults3749442285/001/node-0/jetstream/$G/streams/KV_WF_LEASE/msgs/1.blk>, "\240\0\0\200|\2\0\0\0\0\0\0g\304\360\316\260S\332\30#\0$KV.WF_LEA"..., 160, 105475 <unfinished ...>
661554 1790835820.687848 pwrite64(43</tmp/TestMixedWorkflowsRecoverFromFourServerFaults3749442285/001/node-0/jetstream/$SYS/_js_/C-R3F-0ktVzAXS/msgs/1.blk>, "l\0\0\0F\0\0\0\0\0\0\0\341\234$\317\260S\332\30\0\0000m6vARoZ\3\0"..., 108, 8159 <unfinished ...>
661422 1790835820.690257 <... pwrite64 resumed>) = 219 (DELAYED) <0.026507>
661553 1790835820.693580 pwrite64(24</tmp/TestMixedWorkflowsRecoverFromFourServerFaults3749442285/001/node-0/jetstream/$G/streams/WF_JRN/msgs/1.blk>, "\35\1\0\200\201\1\0\0\0\0\0\0\235S\\\317\260S\332\30\35\0wf.jrn.mix"..., 285, 104929 <unfinished ...>
661436 1790835820.707119 <... pwrite64 resumed>) = 108 (DELAYED) <0.025026>
661436 1790835820.707397 --- SIGURG {si_signo=SIGURG, si_code=SI_TKILL, si_pid=661400, si_uid=1000} ---
661552 1790835820.711670 <... pwrite64 resumed>) = 160 (DELAYED) <0.025003>
661554 1790835820.712884 <... pwrite64 resumed>) = 108 (DELAYED) <0.025009>
661552 1790835820.717498 pwrite64(30</tmp/TestMixedWorkflowsRecoverFromFourServerFaults3749442285/001/node-0/jetstream/$G/streams/KV_WF_LEASE/msgs/1.blk>, "\240\0\0\200}\2\0\0\0\0\0\0*\1\222\320\260S\332\30#\0$KV.WF_LEA"..., 160, 105635 <unfinished ...>
661436 1790835820.718557 pwrite64(43</tmp/TestMixedWorkflowsRecoverFromFourServerFaults3749442285/001/node-0/jetstream/$SYS/_js_/C-R3F-0ktVzAXS/msgs/1.blk>, "l\0\0\0G\0\0\0\0\0\0\0.4\371\320\260S\332\30\0\0000m6vARoZ\3\0"..., 108, 8267 <unfinished ...>
661553 1790835820.718625 <... pwrite64 resumed>) = 285 (DELAYED) <0.024991>
661554 1790835820.721246 pwrite64(24</tmp/TestMixedWorkflowsRecoverFromFourServerFaults3749442285/001/node-0/jetstream/$G/streams/WF_JRN/msgs/1.blk>, "\333\0\0\200\202\1\0\0\0\0\0\0c\317\4\321\260S\332\30\35\0wf.jrn.mix"..., 219, 105214 <unfinished ...>
661552 1790835820.742925 <... pwrite64 resumed>) = 160 (DELAYED) <0.025379>
661552 1790835820.743481 --- SIGURG {si_signo=SIGURG, si_code=SI_TKILL, si_pid=661400, si_uid=1000} ---
661553 1790835820.745116 --- SIGURG {si_signo=SIGURG, si_code=SI_TKILL, si_pid=661400, si_uid=1000} ---
661436 1790835820.745593 <... pwrite64 resumed>) = 108 (DELAYED) <0.027003>
661436 1790835820.745668 --- SIGURG {si_signo=SIGURG, si_code=SI_TKILL, si_pid=661400, si_uid=1000} ---
661554 1790835820.746959 <... pwrite64 resumed>) = 219 (DELAYED) <0.025689>
661436 1790835820.749338 pwrite64(30</tmp/TestMixedWorkflowsRecoverFromFourServerFaults3749442285/001/node-0/jetstream/$G/streams/KV_WF_LEASE/msgs/1.blk>, "\240\0\0\200~\2\0\0\0\0\0\0\356\24x\322\260S\332\30#\0$KV.WF_LEA"..., 160, 105795 <unfinished ...>
661422 1790835820.753295 pwrite64(24</tmp/TestMixedWorkflowsRecoverFromFourServerFaults3749442285/001/node-0/jetstream/$G/streams/WF_JRN/msgs/1.blk>, "\36\1\0\200\203\1\0\0\0\0\0\0\237\267\350\322\260S\332\30\35\0wf.jrn.mix"..., 286, 105433 <unfinished ...>
661436 1790835820.774885 <... pwrite64 resumed>) = 160 (DELAYED) <0.025507>
661436 1790835820.776295 --- SIGURG {si_signo=SIGURG, si_code=SI_TKILL, si_pid=661400, si_uid=1000} ---
661422 1790835820.778538 <... pwrite64 resumed>) = 286 (DELAYED) <0.025210>
661553 1790835820.780230 pwrite64(30</tmp/TestMixedWorkflowsRecoverFromFourServerFaults3749442285/001/node-0/jetstream/$G/streams/KV_WF_LEASE/msgs/1.blk>, "\240\0\0\200\177\2\0\0\0\0\0\0\36\276t\324\260S\332\30#\0$KV.WF_LEA"..., 335, 105955 <unfinished ...>
661551 1790835820.786677 pwrite64(24</tmp/TestMixedWorkflowsRecoverFromFourServerFaults3749442285/001/node-0/jetstream/$G/streams/WF_JRN/msgs/1.blk>, "\333\0\0\200\204\1\0\0\0\0\0\0x\"\324\324\260S\332\30\35\0wf.jrn.mix"..., 219, 105719 <unfinished ...>
661554 1790835820.799997 pwrite64(40</tmp/TestMixedWorkflowsRecoverFromFourServerFaults3749442285/001/node-0/jetstream/$SYS/_js_/C-R3F-tAOw9Q1E/msgs/1.blk>, "l\0\0\0$\0\0\0\0\0\0\0ub\323\325\260S\332\30\0\0000m6vARoZ\3\0"..., 108, 4202 <unfinished ...>
661553 1790835820.805743 <... pwrite64 resumed>) = 335 (DELAYED) <0.025359>
661422 1790835820.808935 pwrite64(30</tmp/TestMixedWorkflowsRecoverFromFourServerFaults3749442285/001/node-0/jetstream/$G/streams/KV_WF_LEASE/msgs/1.blk>, "\240\0\0\200\201\2\0\0\0\0\0\0\357\375-\326\260S\332\30#\0$KV.WF_LEA"..., 160, 106290 <unfinished ...>
661551 1790835820.811841 <... pwrite64 resumed>) = 219 (DELAYED) <0.025117>
661553 1790835820.821036 pwrite64(24</tmp/TestMixedWorkflowsRecoverFromFourServerFaults3749442285/001/node-0/jetstream/$G/streams/WF_JRN/msgs/1.blk>, "\344\0\0\200\205\1\0\0\0\0\0\0\261\227\357\326\260S\332\30\35\0wf.jrn.mix"..., 228, 105938 <unfinished ...>
661550 1790835820.822459 pwrite64(50</tmp/TestMixedWorkflowsRecoverFromFourServerFaults3749442285/001/node-0/jetstream/$SYS/_js_/C-R3F-tuMA878n/msgs/1.blk>, "\214\0\0\0>\0\0\0\0\0\0\0\201\231*\327\260S\332\30\0\0000m6vARoZ\3\0"..., 140, 7324 <unfinished ...>
661554 1790835820.825087 <... pwrite64 resumed>) = 108 (DELAYED) <0.024972>
661554 1790835820.825152 pwrite64(40</tmp/TestMixedWorkflowsRecoverFromFourServerFaults3749442285/001/node-0/jetstream/$SYS/_js_/C-R3F-tAOw9Q1E/msgs/1.blk>, "l\0\0\0%\0\0\0\0\0\0\0\202\321S\327\260S\332\30\0\0000m6vARoZ\3\0"..., 108, 4310 <unfinished ...>
661417 1790835820.825357 pwrite64(32</tmp/TestMixedWorkflowsRecoverFromFourServerFaults3749442285/001/node-0/jetstream/$G/streams/KV_WF_STATE/msgs/1.blk>, "\227\0\0\200!\0\0\0\0\0\0\0\211\207\24\327\260S\332\30#\0$KV.WF_STA"..., 151, 5110 <unfinished ...>
661422 1790835820.833974 <... pwrite64 resumed>) = 160 (DELAYED) <0.024984>
661551 1790835820.840059 pwrite64(52</tmp/TestMixedWorkflowsRecoverFromFourServerFaults3749442285/001/node-0/jetstream/$SYS/_js_/C-R3F-msGDjRCn/msgs/1.blk>, "l\0\0\0002\0\0\0\0\0\0\0U\3736\330\260S\332\30\0\0000m6vARoZ\3\0"..., 108, 5330 <unfinished ...>
661553 1790835820.846081 <... pwrite64 resumed>) = 228 (DELAYED) <0.024990>
661554 1790835820.850652 <... pwrite64 resumed>) = 108 (DELAYED) <0.025482>
661550 1790835820.850686 <... pwrite64 resumed>) = 140 (DELAYED) <0.028197>
661417 1790835820.850693 <... pwrite64 resumed>) = 151 (DELAYED) <0.025319>
661554 1790835820.854856 newfstatat(AT_FDCWD</home/exedev/js-wf/integration>, "/tmp/TestMixedWorkflowsRecoverFromFourServerFaults3749442285/001/node-0/jetstream/$G/streams/WF_RUN/obs/WF_P_12/o.dat", {st_mode=S_IFREG|0600, st_size=66, ...}, AT_SYMLINK_NOFOLLOW) = 0 <0.000025>
661554 1790835820.855306 renameat(AT_FDCWD</home/exedev/js-wf/integration>, "/tmp/TestMixedWorkflowsRecoverFromFourServerFaults3749442285/001/node-0/jetstream/$G/streams/WF_RUN/obs/WF_P_12/o.dat.tmp", AT_FDCWD</home/exedev/js-wf/integration>, "/tmp/TestMixedWorkflowsRecoverFromFourServerFaults3749442285/001/node-0/jetstream/$G/streams/WF_RUN/obs/WF_P_12/o.dat") = 0 <0.000337>
661554 1790835820.855711 pwrite64(30</tmp/TestMixedWorkflowsRecoverFromFourServerFaults3749442285/001/node-0/jetstream/$G/streams/KV_WF_LEASE/msgs/1.blk>, "\216\0\0\200\202\2\0\0\0\0\0\0\320t\340\330\260S\332\30#\0$KV.WF_LEA"..., 142, 106450 <unfinished ...>
661422 1790835820.856794 pwrite64(41</tmp/TestMixedWorkflowsRecoverFromFourServerFaults3749442285/001/node-0/jetstream/$SYS/_js_/C-R3F-9oj0nEIt/msgs/1.blk>, "R\0\0\0(\0\0\0\0\0\0\0R\1776\331\260S\332\30\0\0000m6vARoZ\3\0"..., 82, 4275 <unfinished ...>
661551 1790835820.865237 <... pwrite64 resumed>) = 108 (DELAYED) <0.025132>
661436 1790835820.868587 pwrite64(52</tmp/TestMixedWorkflowsRecoverFromFourServerFaults3749442285/001/node-0/jetstream/$SYS/_js_/C-R3F-msGDjRCn/msgs/1.blk>, "l\0\0\0003\0\0\0\0\0\0\0\202\332\351\331\260S\332\30\0\0000m6vARoZ\3\0"..., 108, 5438 <detached ...>
