mixed	Replay consecutive mixed workflow seeds	﻿2026-10-01T03:24:22.1568821Z ##[group]Run if ! [[ "$MIXED_START_SEED" =~ ^[1-9][0-9]*$ ]]; then
mixed	Replay consecutive mixed workflow seeds	2026-10-01T03:24:22.1569287Z ^[[36;1mif ! [[ "$MIXED_START_SEED" =~ ^[1-9][0-9]*$ ]]; then^[[0m
mixed	Replay consecutive mixed workflow seeds	2026-10-01T03:24:22.1569674Z ^[[36;1m  echo "start_seed must be a positive integer" >&2^[[0m
mixed	Replay consecutive mixed workflow seeds	2026-10-01T03:24:22.1570382Z ^[[36;1m  exit 1^[[0m
mixed	Replay consecutive mixed workflow seeds	2026-10-01T03:24:22.1570725Z ^[[36;1mfi^[[0m
mixed	Replay consecutive mixed workflow seeds	2026-10-01T03:24:22.1571076Z ^[[36;1mlast_seed=$((MIXED_START_SEED + MIXED_SEEDS - 1))^[[0m
mixed	Replay consecutive mixed workflow seeds	2026-10-01T03:24:22.1571469Z ^[[36;1mfor seed in $(seq "$MIXED_START_SEED" "$last_seed"); do^[[0m
mixed	Replay consecutive mixed workflow seeds	2026-10-01T03:24:22.1571920Z ^[[36;1m  echo "Mixed workflow seed $seed ($MIXED_START_SEED..$last_seed)"^[[0m
mixed	Replay consecutive mixed workflow seeds	2026-10-01T03:24:22.1572809Z ^[[36;1m  FAULT_SEED="$seed" FAULT_SCHEDULE_OUT="mixed-four-faults-${seed}.json" go test ./integration -run '^TestMixedWorkflowsRecoverFromFourServerFaults$' -count=1 -timeout=5m -v^[[0m
mixed	Replay consecutive mixed workflow seeds	2026-10-01T03:24:22.1573568Z ^[[36;1mdone^[[0m
mixed	Replay consecutive mixed workflow seeds	2026-10-01T03:24:22.1637625Z shell: /usr/bin/bash -e {0}
mixed	Replay consecutive mixed workflow seeds	2026-10-01T03:24:22.1637892Z env:
mixed	Replay consecutive mixed workflow seeds	2026-10-01T03:24:22.1638087Z   WF_MIXED_CHAOS: 1
mixed	Replay consecutive mixed workflow seeds	2026-10-01T03:24:22.1638343Z   MIXED_SEEDS: 20
mixed	Replay consecutive mixed workflow seeds	2026-10-01T03:24:22.1638551Z   MIXED_START_SEED: 1
mixed	Replay consecutive mixed workflow seeds	2026-10-01T03:24:22.1638767Z ##[endgroup]
mixed	Replay consecutive mixed workflow seeds	2026-10-01T03:24:22.1741107Z Mixed workflow seed 1 (1..20)
mixed	Replay consecutive mixed workflow seeds	2026-10-01T03:24:28.7432704Z === RUN   TestMixedWorkflowsRecoverFromFourServerFaults
mixed	Replay consecutive mixed workflow seeds	2026-10-01T03:24:34.7836778Z     mixed_process_chaos_test.go:478: FAULT_SEED=1 FAULT_SCHEDULE=mixed-four-faults-1.json
mixed	Replay consecutive mixed workflow seeds	2026-10-01T03:24:51.6003160Z     mixed_process_chaos_test.go:628: post-heal signal repair inspected=34 reenqueued=24
mixed	Replay consecutive mixed workflow seeds	2026-10-01T03:24:51.6004055Z     mixed_process_chaos_test.go:640: mixed recovery type=mixedshort id=mixed-05-0 latency=1.864685535s
mixed	Replay consecutive mixed workflow seeds	2026-10-01T03:24:51.6005187Z     mixed_process_chaos_test.go:640: mixed recovery type=mixedshort id=mixed-06-0 latency=1.927673154s
mixed	Replay consecutive mixed workflow seeds	2026-10-01T03:24:51.6005985Z     mixed_process_chaos_test.go:640: mixed recovery type=mixedshort id=mixed-00-0 latency=2.242484321s
mixed	Replay consecutive mixed workflow seeds	2026-10-01T03:24:51.6006775Z     mixed_process_chaos_test.go:640: mixed recovery type=mixedshort id=mixed-03-0 latency=2.242600627s
mixed	Replay consecutive mixed workflow seeds	2026-10-01T03:24:51.6007809Z     mixed_process_chaos_test.go:640: mixed recovery type=mixedtimer id=mixed-04-0 latency=3.230044121s
mixed	Replay consecutive mixed workflow seeds	2026-10-01T03:24:51.6009237Z     mixed_process_chaos_test.go:640: mixed recovery type=mixedtimer id=mixed-07-0 latency=3.230963147s
mixed	Replay consecutive mixed workflow seeds	2026-10-01T03:24:53.0076479Z     mixed_process_chaos_test.go:640: mixed recovery type=mixedsignal id=mixed-01-0 latency=3.140266398s
mixed	Replay consecutive mixed workflow seeds	2026-10-01T03:24:53.8212029Z     mixed_process_chaos_test.go:640: mixed recovery type=mixedsignal id=mixed-08-0 latency=2.971067365s
mixed	Replay consecutive mixed workflow seeds	2026-10-01T03:24:54.4086274Z     mixed_process_chaos_test.go:640: mixed recovery type=mixedtimer id=mixed-02-0 latency=7.231753588s
mixed	Replay consecutive mixed workflow seeds	2026-10-01T03:25:01.5245537Z     mixed_process_chaos_test.go:640: mixed recovery type=mixedfanout id=mixed-09-0 latency=14.347615842s
mixed	Replay consecutive mixed workflow seeds	2026-10-01T03:25:01.5247691Z     mixed_process_chaos_test.go:645: mixed provisional result observation: p99=14.347615842s max=14.347615842s (fan-out parent still measured from quorum)
mixed	Replay consecutive mixed workflow seeds	2026-10-01T03:25:01.5816392Z     mixed_process_chaos_test.go:685: restarted node WF_JRN ready in 1.250039ms after 1 attempts
mixed	Replay consecutive mixed workflow seeds	2026-10-01T03:25:01.5990844Z     mixed_process_chaos_test.go:761: restarted node terminal type=mixedshort id=mixed-00-0 audit=12.668847ms
mixed	Replay consecutive mixed workflow seeds	2026-10-01T03:25:01.5992651Z     mixed_process_chaos_test.go:761: restarted node terminal type=mixedsignal id=mixed-01-0 audit=17.13282ms
mixed	Replay consecutive mixed workflow seeds	2026-10-01T03:25:01.5994353Z     mixed_process_chaos_test.go:761: restarted node terminal type=mixedtimer id=mixed-02-0 audit=14.067318ms
mixed	Replay consecutive mixed workflow seeds	2026-10-01T03:25:01.5996037Z     mixed_process_chaos_test.go:761: restarted node terminal type=mixedshort id=mixed-03-0 audit=14.175361ms
mixed	Replay consecutive mixed workflow seeds	2026-10-01T03:25:01.5997860Z     mixed_process_chaos_test.go:761: restarted node terminal type=mixedtimer id=mixed-04-0 audit=12.994072ms
mixed	Replay consecutive mixed workflow seeds	2026-10-01T03:25:01.5999537Z     mixed_process_chaos_test.go:761: restarted node terminal type=mixedshort id=mixed-05-0 audit=17.013259ms
mixed	Replay consecutive mixed workflow seeds	2026-10-01T03:25:01.6001366Z     mixed_process_chaos_test.go:761: restarted node terminal type=mixedshort id=mixed-06-0 audit=17.357093ms
mixed	Replay consecutive mixed workflow seeds	2026-10-01T03:25:01.6003430Z     mixed_process_chaos_test.go:761: restarted node terminal type=mixedtimer id=mixed-07-0 audit=14.163275ms
mixed	Replay consecutive mixed workflow seeds	2026-10-01T03:25:01.6005145Z     mixed_process_chaos_test.go:761: restarted node terminal type=mixedsignal id=mixed-08-0 audit=16.718011ms
mixed	Replay consecutive mixed workflow seeds	2026-10-01T03:25:01.6006761Z     mixed_process_chaos_test.go:761: restarted node terminal type=mixedfanout id=mixed-09-0 audit=16.696973ms
mixed	Replay consecutive mixed workflow seeds	2026-10-01T03:25:01.6008410Z     mixed_process_chaos_test.go:772: restarted node child id=c-2c0427b405f6e5cf41a7a5dd2529625c audit=17.293812ms
mixed	Replay consecutive mixed workflow seeds	2026-10-01T03:25:01.6010838Z     mixed_process_chaos_test.go:772: restarted node child id=c-61a693bbe622d9d1cff620a5ba2cda7f audit=16.302815ms
mixed	Replay consecutive mixed workflow seeds	2026-10-01T03:25:01.6011929Z     mixed_process_chaos_test.go:772: restarted node child id=c-3e3e4c70156e3fee9852004ca5949da3 audit=16.804646ms
mixed	Replay consecutive mixed workflow seeds	2026-10-01T03:25:01.6013568Z     mixed_process_chaos_test.go:772: restarted node child id=c-2d7fcc22d483fcf51ba57e3b2077e464 audit=13.69604ms
mixed	Replay consecutive mixed workflow seeds	2026-10-01T03:25:01.6015052Z     mixed_process_chaos_test.go:772: restarted node child id=c-1eaf330c748a119ebeda4a23d05429de audit=12.609971ms
mixed	Replay consecutive mixed workflow seeds	2026-10-01T03:25:01.6016243Z     mixed_process_chaos_test.go:772: restarted node child id=c-708e303ec63ebd5c030bc9ab47ec7aac audit=16.752287ms
mixed	Replay consecutive mixed workflow seeds	2026-10-01T03:25:01.6017326Z     mixed_process_chaos_test.go:779: restarted node grandchild id=c-425aa24102bf9165ef736361fbbfbb9e audit=16.702815ms
mixed	Replay consecutive mixed workflow seeds	2026-10-01T03:25:01.6018997Z     mixed_process_chaos_test.go:779: restarted node grandchild id=c-81df727d0b247de4898e89bde451172f audit=12.619218ms
mixed	Replay consecutive mixed workflow seeds	2026-10-01T03:25:01.6021126Z     mixed_process_chaos_test.go:779: restarted node grandchild id=c-8129cf1d1fd8e3a209b19b528165f4df audit=13.779437ms
mixed	Replay consecutive mixed workflow seeds	2026-10-01T03:25:01.6022040Z     mixed_process_chaos_test.go:779: restarted node grandchild id=c-26514356ab5a5acbf20ad5ce3acc8168 audit=17.397849ms
mixed	Replay consecutive mixed workflow seeds	2026-10-01T03:25:01.6022919Z     mixed_process_chaos_test.go:779: restarted node grandchild id=c-a879b3a6c93c88e46e7761b1e78637a2 audit=15.742761ms
mixed	Replay consecutive mixed workflow seeds	2026-10-01T03:25:01.6023823Z     mixed_process_chaos_test.go:779: restarted node grandchild id=c-535b8aa9db45ad629d92ad1b11208e82 audit=16.660646ms
mixed	Replay consecutive mixed workflow seeds	2026-10-01T03:25:01.6024707Z     mixed_process_chaos_test.go:779: restarted node grandchild id=c-ce30b309161f5923793aaf2cbc016d4e audit=16.680122ms
mixed	Replay consecutive mixed workflow seeds	2026-10-01T03:25:01.6025614Z     mixed_process_chaos_test.go:779: restarted node grandchild id=c-e1b3e514a9d31e1c0ae0fcf9d9dcde03 audit=13.185227ms
mixed	Replay consecutive mixed workflow seeds	2026-10-01T03:25:01.6026530Z     mixed_process_chaos_test.go:779: restarted node grandchild id=c-bb5f73df9b542dac375d03b4ea875933 audit=17.332996ms
mixed	Replay consecutive mixed workflow seeds	2026-10-01T03:25:01.6027413Z     mixed_process_chaos_test.go:779: restarted node grandchild id=c-01365f6a38e7c1ac2db485fc10fda086 audit=17.362361ms
mixed	Replay consecutive mixed workflow seeds	2026-10-01T03:25:01.6028284Z     mixed_process_chaos_test.go:779: restarted node grandchild id=c-a44599fc4037c49e5e71abfb8f6d759c audit=17.088508ms
mixed	Replay consecutive mixed workflow seeds	2026-10-01T03:25:01.6029155Z     mixed_process_chaos_test.go:779: restarted node grandchild id=c-e14a2648bb4377e8830f7b0584cfd294 audit=13.992062ms
mixed	Replay consecutive mixed workflow seeds	2026-10-01T03:25:01.6030641Z     mixed_process_chaos_test.go:807: survivor node 0 WF_SIG ready in 729.11µs after 1 attempts
mixed	Replay consecutive mixed workflow seeds	2026-10-01T03:25:01.6031711Z     mixed_process_chaos_test.go:830: mixed terminal type=mixedshort id=mixed-00-0 latency=2.125821073s
mixed	Replay consecutive mixed workflow seeds	2026-10-01T03:25:01.6032797Z     mixed_process_chaos_test.go:830: mixed terminal type=mixedsignal id=mixed-01-0 latency=3.092456337s
mixed	Replay consecutive mixed workflow seeds	2026-10-01T03:25:01.6034179Z     mixed_process_chaos_test.go:830: mixed terminal type=mixedtimer id=mixed-02-0 latency=7.19394218s
mixed	Replay consecutive mixed workflow seeds	2026-10-01T03:25:01.6035729Z     mixed_process_chaos_test.go:830: mixed terminal type=mixedshort id=mixed-03-0 latency=2.125828787s
mixed	Replay consecutive mixed workflow seeds	2026-10-01T03:25:01.6036731Z     mixed_process_chaos_test.go:830: mixed terminal type=mixedtimer id=mixed-04-0 latency=3.224500224s
mixed	Replay consecutive mixed workflow seeds	2026-10-01T03:25:01.6037928Z     mixed_process_chaos_test.go:830: mixed terminal type=mixedshort id=mixed-05-0 latency=1.806746584s
mixed	Replay consecutive mixed workflow seeds	2026-10-01T03:25:01.6039491Z     mixed_process_chaos_test.go:830: mixed terminal type=mixedshort id=mixed-06-0 latency=1.809206733s
mixed	Replay consecutive mixed workflow seeds	2026-10-01T03:25:01.6041081Z     mixed_process_chaos_test.go:830: mixed terminal type=mixedtimer id=mixed-07-0 latency=3.165940666s
mixed	Replay consecutive mixed workflow seeds	2026-10-01T03:25:01.6042090Z     mixed_process_chaos_test.go:830: mixed terminal type=mixedsignal id=mixed-08-0 latency=2.963579578s
mixed	Replay consecutive mixed workflow seeds	2026-10-01T03:25:01.6043283Z     mixed_process_chaos_test.go:830: mixed terminal type=mixedfanout id=mixed-09-0 latency=418.379716ms
mixed	Replay consecutive mixed workflow seeds	2026-10-01T03:25:01.6045033Z     mixed_process_chaos_test.go:845: mixed terminal type=mixedchild id=c-2c0427b405f6e5cf41a7a5dd2529625c latency=537.938213ms
mixed	Replay consecutive mixed workflow seeds	2026-10-01T03:25:01.6046225Z     mixed_process_chaos_test.go:845: mixed terminal type=mixedchild id=c-61a693bbe622d9d1cff620a5ba2cda7f latency=548.648791ms
mixed	Replay consecutive mixed workflow seeds	2026-10-01T03:25:01.6047443Z     mixed_process_chaos_test.go:845: mixed terminal type=mixedchild id=c-3e3e4c70156e3fee9852004ca5949da3 latency=426.149284ms
mixed	Replay consecutive mixed workflow seeds	2026-10-01T03:25:01.6048746Z     mixed_process_chaos_test.go:845: mixed terminal type=mixedchild id=c-2d7fcc22d483fcf51ba57e3b2077e464 latency=3.812788774s
mixed	Replay consecutive mixed workflow seeds	2026-10-01T03:25:01.6050508Z     mixed_process_chaos_test.go:845: mixed terminal type=mixedchild id=c-1eaf330c748a119ebeda4a23d05429de latency=535.504306ms
mixed	Replay consecutive mixed workflow seeds	2026-10-01T03:25:01.6051649Z     mixed_process_chaos_test.go:845: mixed terminal type=mixedchild id=c-708e303ec63ebd5c030bc9ab47ec7aac latency=427.762851ms
mixed	Replay consecutive mixed workflow seeds	2026-10-01T03:25:01.6053327Z     mixed_process_chaos_test.go:853: mixed terminal type=mixedgrandchild id=c-425aa24102bf9165ef736361fbbfbb9e latency=7.189999007s
mixed	Replay consecutive mixed workflow seeds	2026-10-01T03:25:01.6055131Z     mixed_process_chaos_test.go:853: mixed terminal type=mixedgrandchild id=c-81df727d0b247de4898e89bde451172f latency=6.830103448s
mixed	Replay consecutive mixed workflow seeds	2026-10-01T03:25:01.6056842Z     mixed_process_chaos_test.go:853: mixed terminal type=mixedgrandchild id=c-8129cf1d1fd8e3a209b19b528165f4df latency=10.390796838s
mixed	Replay consecutive mixed workflow seeds	2026-10-01T03:25:01.6058768Z     mixed_process_chaos_test.go:853: mixed terminal type=mixedgrandchild id=c-26514356ab5a5acbf20ad5ce3acc8168 latency=6.175207441s
mixed	Replay consecutive mixed workflow seeds	2026-10-01T03:25:01.6060657Z     mixed_process_chaos_test.go:853: mixed terminal type=mixedgrandchild id=c-a879b3a6c93c88e46e7761b1e78637a2 latency=8.444994658s
mixed	Replay consecutive mixed workflow seeds	2026-10-01T03:25:01.6062508Z     mixed_process_chaos_test.go:853: mixed terminal type=mixedgrandchild id=c-535b8aa9db45ad629d92ad1b11208e82 latency=6.830108417s
mixed	Replay consecutive mixed workflow seeds	2026-10-01T03:25:01.6064552Z     mixed_process_chaos_test.go:853: mixed terminal type=mixedgrandchild id=c-ce30b309161f5923793aaf2cbc016d4e latency=1.876728869s
mixed	Replay consecutive mixed workflow seeds	2026-10-01T03:25:01.6066340Z     mixed_process_chaos_test.go:853: mixed terminal type=mixedgrandchild id=c-e1b3e514a9d31e1c0ae0fcf9d9dcde03 latency=2.540043661s
mixed	Replay consecutive mixed workflow seeds	2026-10-01T03:25:01.6068353Z     mixed_process_chaos_test.go:853: mixed terminal type=mixedgrandchild id=c-bb5f73df9b542dac375d03b4ea875933 latency=6.830095192s
mixed	Replay consecutive mixed workflow seeds	2026-10-01T03:25:01.6070494Z     mixed_process_chaos_test.go:853: mixed terminal type=mixedgrandchild id=c-01365f6a38e7c1ac2db485fc10fda086 latency=6.175587415s
mixed	Replay consecutive mixed workflow seeds	2026-10-01T03:25:01.6072168Z     mixed_process_chaos_test.go:853: mixed terminal type=mixedgrandchild id=c-a44599fc4037c49e5e71abfb8f6d759c latency=13.436343645s
mixed	Replay consecutive mixed workflow seeds	2026-10-01T03:25:01.6074108Z     mixed_process_chaos_test.go:853: mixed terminal type=mixedgrandchild id=c-e14a2648bb4377e8830f7b0584cfd294 latency=6.175200328s
mixed	Replay consecutive mixed workflow seeds	2026-10-01T03:25:01.6075672Z     mixed_process_chaos_test.go:857: mixed terminal p99 from last enabling event=13.436343645s across 28 invocations
mixed	Replay consecutive mixed workflow seeds	2026-10-01T03:25:01.6082811Z     mixed_process_chaos_test.go:858: mixed workers before={LeaseAcquisitions:51 LeaseContentions:34 LeaseAcquireFailures:0 FencingEvents:4 HandoffEnqueues:4 Redeliveries:36 EnqueueToLeaseSamples:51 EnqueueToLeaseTotal:3m14.607728721s EnqueueToLeaseMaximum:14.869104477s EnqueueToLeaseBuckets:[11 12 6 12 10 0] TimersScheduled:24 TimersFired:0 TimerLateTotal:0s TimerLateMaximum:0s TimerLateBuckets:[0 0 0 0 0 0] CancelledTimerNoOps:0} after={LeaseAcquisitions:50 LeaseContentions:46 LeaseAcquireFailures:0 FencingEvents:0 HandoffEnqueues:0 Redeliveries:32 EnqueueToLeaseSamples:50 EnqueueToLeaseTotal:7m27.377697707s EnqueueToLeaseMaximum:25.709269562s EnqueueToLeaseBuckets:[0 9 2 17 22 0] TimersScheduled:0 TimersFired:24 TimerLateTotal:1m11.138997143s TimerLateMaximum:3.011774969s TimerLateBuckets:[0 0 0 24 0 0] CancelledTimerNoOps:0}
mixed	Replay consecutive mixed workflow seeds	2026-10-01T03:25:06.7378076Z --- PASS: TestMixedWorkflowsRecoverFromFourServerFaults (37.99s)
mixed	Replay consecutive mixed workflow seeds	2026-10-01T03:25:06.7379152Z PASS
mixed	Replay consecutive mixed workflow seeds	2026-10-01T03:25:06.7391191Z ok  	js-wf/integration	38.000s
mixed	Replay consecutive mixed workflow seeds	2026-10-01T03:25:06.7700456Z Mixed workflow seed 2 (1..20)
mixed	Replay consecutive mixed workflow seeds	2026-10-01T03:25:07.4806622Z === RUN   TestMixedWorkflowsRecoverFromFourServerFaults
mixed	Replay consecutive mixed workflow seeds	2026-10-01T03:25:13.3069588Z     mixed_process_chaos_test.go:478: FAULT_SEED=2 FAULT_SCHEDULE=mixed-four-faults-2.json
mixed	Replay consecutive mixed workflow seeds	2026-10-01T03:25:33.0551108Z     mixed_process_chaos_test.go:628: post-heal signal repair inspected=34 reenqueued=19
mixed	Replay consecutive mixed workflow seeds	2026-10-01T03:25:33.0552117Z     mixed_process_chaos_test.go:640: mixed recovery type=mixedshort id=mixed-05-0 latency=4.261476868s
mixed	Replay consecutive mixed workflow seeds	2026-10-01T03:25:33.0552994Z     mixed_process_chaos_test.go:640: mixed recovery type=mixedshort id=mixed-08-0 latency=4.570638256s
mixed	Replay consecutive mixed workflow seeds	2026-10-01T03:25:33.0553847Z     mixed_process_chaos_test.go:640: mixed recovery type=mixedshort id=mixed-03-0 latency=4.571004197s
mixed	Replay consecutive mixed workflow seeds	2026-10-01T03:25:33.0554664Z     mixed_process_chaos_test.go:640: mixed recovery type=mixedshort id=mixed-07-0 latency=4.572402683s
mixed	Replay consecutive mixed workflow seeds	2026-10-01T03:25:34.1851227Z     mixed_process_chaos_test.go:640: mixed recovery type=mixedtimer id=mixed-02-0 latency=8.632135343s
mixed	Replay consecutive mixed workflow seeds	2026-10-01T03:25:34.3137825Z     mixed_process_chaos_test.go:640: mixed recovery type=mixedtimer id=mixed-00-0 latency=8.76082294s
mixed	Replay consecutive mixed workflow seeds	2026-10-01T03:25:34.8566768Z     mixed_process_chaos_test.go:640: mixed recovery type=mixedtimer id=mixed-04-0 latency=9.303696925s
mixed	Replay consecutive mixed workflow seeds	2026-10-01T03:25:47.6673255Z     mixed_process_chaos_test.go:640: mixed recovery type=mixedsignal id=mixed-01-0 latency=17.245887653s
mixed	Replay consecutive mixed workflow seeds	2026-10-01T03:25:49.2475258Z     mixed_process_chaos_test.go:640: mixed recovery type=mixedsignal id=mixed-06-0 latency=16.36983741s
mixed	Replay consecutive mixed workflow seeds	2026-10-01T03:25:49.5855016Z     mixed_process_chaos_test.go:640: mixed recovery type=mixedfanout id=mixed-09-0 latency=24.032539038s
mixed	Replay consecutive mixed workflow seeds	2026-10-01T03:25:49.5857314Z     mixed_process_chaos_test.go:645: mixed provisional result observation: p99=24.032539038s max=24.032539038s (fan-out parent still measured from quorum)
mixed	Replay consecutive mixed workflow seeds	2026-10-01T03:25:49.6437419Z     mixed_process_chaos_test.go:685: restarted node WF_JRN ready in 1.372978ms after 1 attempts
mixed	Replay consecutive mixed workflow seeds	2026-10-01T03:25:49.6595301Z     mixed_process_chaos_test.go:761: restarted node terminal type=mixedtimer id=mixed-00-0 audit=12.097597ms
mixed	Replay consecutive mixed workflow seeds	2026-10-01T03:25:49.6596673Z     mixed_process_chaos_test.go:761: restarted node terminal type=mixedsignal id=mixed-01-0 audit=10.049206ms
mixed	Replay consecutive mixed workflow seeds	2026-10-01T03:25:49.6598037Z     mixed_process_chaos_test.go:761: restarted node terminal type=mixedtimer id=mixed-02-0 audit=9.704012ms
mixed	Replay consecutive mixed workflow seeds	2026-10-01T03:25:49.6598954Z     mixed_process_chaos_test.go:761: restarted node terminal type=mixedshort id=mixed-03-0 audit=14.563562ms
mixed	Replay consecutive mixed workflow seeds	2026-10-01T03:25:49.6600143Z     mixed_process_chaos_test.go:761: restarted node terminal type=mixedtimer id=mixed-04-0 audit=12.120004ms
mixed	Replay consecutive mixed workflow seeds	2026-10-01T03:25:49.6602117Z     mixed_process_chaos_test.go:761: restarted node terminal type=mixedshort id=mixed-05-0 audit=11.168966ms
mixed	Replay consecutive mixed workflow seeds	2026-10-01T03:25:49.6604232Z     mixed_process_chaos_test.go:761: restarted node terminal type=mixedsignal id=mixed-06-0 audit=12.128219ms
mixed	Replay consecutive mixed workflow seeds	2026-10-01T03:25:49.6606297Z     mixed_process_chaos_test.go:761: restarted node terminal type=mixedshort id=mixed-07-0 audit=14.532362ms
mixed	Replay consecutive mixed workflow seeds	2026-10-01T03:25:49.6607821Z     mixed_process_chaos_test.go:761: restarted node terminal type=mixedshort id=mixed-08-0 audit=13.708306ms
mixed	Replay consecutive mixed workflow seeds	2026-10-01T03:25:49.6609388Z     mixed_process_chaos_test.go:761: restarted node terminal type=mixedfanout id=mixed-09-0 audit=12.076858ms
mixed	Replay consecutive mixed workflow seeds	2026-10-01T03:25:49.6611119Z     mixed_process_chaos_test.go:772: restarted node child id=c-2c0427b405f6e5cf41a7a5dd2529625c audit=15.277256ms
mixed	Replay consecutive mixed workflow seeds	2026-10-01T03:25:49.6612750Z     mixed_process_chaos_test.go:772: restarted node child id=c-61a693bbe622d9d1cff620a5ba2cda7f audit=14.26626ms
mixed	Replay consecutive mixed workflow seeds	2026-10-01T03:25:49.6614792Z     mixed_process_chaos_test.go:772: restarted node child id=c-3e3e4c70156e3fee9852004ca5949da3 audit=14.864772ms
mixed	Replay consecutive mixed workflow seeds	2026-10-01T03:25:49.6616314Z     mixed_process_chaos_test.go:772: restarted node child id=c-2d7fcc22d483fcf51ba57e3b2077e464 audit=15.030382ms
mixed	Replay consecutive mixed workflow seeds	2026-10-01T03:25:49.6618487Z     mixed_process_chaos_test.go:772: restarted node child id=c-1eaf330c748a119ebeda4a23d05429de audit=9.94239ms
mixed	Replay consecutive mixed workflow seeds	2026-10-01T03:25:49.6621052Z     mixed_process_chaos_test.go:772: restarted node child id=c-708e303ec63ebd5c030bc9ab47ec7aac audit=14.99672ms
mixed	Replay consecutive mixed workflow seeds	2026-10-01T03:25:49.6623107Z     mixed_process_chaos_test.go:779: restarted node grandchild id=c-425aa24102bf9165ef736361fbbfbb9e audit=10.893666ms
mixed	Replay consecutive mixed workflow seeds	2026-10-01T03:25:49.6624428Z     mixed_process_chaos_test.go:779: restarted node grandchild id=c-81df727d0b247de4898e89bde451172f audit=12.013589ms
mixed	Replay consecutive mixed workflow seeds	2026-10-01T03:25:49.6625560Z     mixed_process_chaos_test.go:779: restarted node grandchild id=c-8129cf1d1fd8e3a209b19b528165f4df audit=14.950622ms
mixed	Replay consecutive mixed workflow seeds	2026-10-01T03:25:49.6627037Z     mixed_process_chaos_test.go:779: restarted node grandchild id=c-26514356ab5a5acbf20ad5ce3acc8168 audit=13.850148ms
mixed	Replay consecutive mixed workflow seeds	2026-10-01T03:25:49.6628633Z     mixed_process_chaos_test.go:779: restarted node grandchild id=c-a879b3a6c93c88e46e7761b1e78637a2 audit=13.836502ms
mixed	Replay consecutive mixed workflow seeds	2026-10-01T03:25:49.6629741Z     mixed_process_chaos_test.go:779: restarted node grandchild id=c-535b8aa9db45ad629d92ad1b11208e82 audit=12.153994ms
mixed	Replay consecutive mixed workflow seeds	2026-10-01T03:25:49.6631239Z     mixed_process_chaos_test.go:779: restarted node grandchild id=c-db398dcd5ead58d4e929a1b2c6a0b0b7 audit=15.121624ms
mixed	Replay consecutive mixed workflow seeds	2026-10-01T03:25:49.6633001Z     mixed_process_chaos_test.go:779: restarted node grandchild id=c-8d05f5aa341551437a0ce512e614de71 audit=12.111293ms
mixed	Replay consecutive mixed workflow seeds	2026-10-01T03:25:49.6634300Z     mixed_process_chaos_test.go:779: restarted node grandchild id=c-a171f577c1689493ce5c0ebdc9cd5279 audit=14.608772ms
mixed	Replay consecutive mixed workflow seeds	2026-10-01T03:25:49.6635492Z     mixed_process_chaos_test.go:779: restarted node grandchild id=c-8f24c25872c94f103a8da6097216c929 audit=13.79777ms
mixed	Replay consecutive mixed workflow seeds	2026-10-01T03:25:49.6637268Z     mixed_process_chaos_test.go:779: restarted node grandchild id=c-50bd121bb173998995d369546c4b8b25 audit=14.926455ms
mixed	Replay consecutive mixed workflow seeds	2026-10-01T03:25:49.6638916Z     mixed_process_chaos_test.go:779: restarted node grandchild id=c-2e9cc15819018a4eb39cae8c19f668b8 audit=13.970943ms
mixed	Replay consecutive mixed workflow seeds	2026-10-01T03:25:49.6641021Z     mixed_process_chaos_test.go:807: survivor node 0 WF_SIG ready in 984.33µs after 1 attempts
mixed	Replay consecutive mixed workflow seeds	2026-10-01T03:25:49.6642299Z     mixed_process_chaos_test.go:830: mixed terminal type=mixedtimer id=mixed-00-0 latency=8.658524354s
mixed	Replay consecutive mixed workflow seeds	2026-10-01T03:25:49.6643712Z     mixed_process_chaos_test.go:830: mixed terminal type=mixedsignal id=mixed-01-0 latency=17.432982006s
mixed	Replay consecutive mixed workflow seeds	2026-10-01T03:25:49.6644921Z     mixed_process_chaos_test.go:830: mixed terminal type=mixedtimer id=mixed-02-0 latency=8.559550152s
mixed	Replay consecutive mixed workflow seeds	2026-10-01T03:25:49.6645839Z     mixed_process_chaos_test.go:830: mixed terminal type=mixedshort id=mixed-03-0 latency=4.361580849s
mixed	Replay consecutive mixed workflow seeds	2026-10-01T03:25:49.6647065Z     mixed_process_chaos_test.go:830: mixed terminal type=mixedtimer id=mixed-04-0 latency=9.122039801s
mixed	Replay consecutive mixed workflow seeds	2026-10-01T03:25:49.6648488Z     mixed_process_chaos_test.go:830: mixed terminal type=mixedshort id=mixed-05-0 latency=4.159767625s
mixed	Replay consecutive mixed workflow seeds	2026-10-01T03:25:49.6650091Z     mixed_process_chaos_test.go:830: mixed terminal type=mixedsignal id=mixed-06-0 latency=16.366773143s
mixed	Replay consecutive mixed workflow seeds	2026-10-01T03:25:49.6651368Z     mixed_process_chaos_test.go:830: mixed terminal type=mixedshort id=mixed-07-0 latency=4.458387755s
mixed	Replay consecutive mixed workflow seeds	2026-10-01T03:25:49.6652987Z     mixed_process_chaos_test.go:830: mixed terminal type=mixedshort id=mixed-08-0 latency=4.358279833s
mixed	Replay consecutive mixed workflow seeds	2026-10-01T03:25:49.6654465Z     mixed_process_chaos_test.go:830: mixed terminal type=mixedfanout id=mixed-09-0 latency=3.994952608s
mixed	Replay consecutive mixed workflow seeds	2026-10-01T03:25:49.6656095Z     mixed_process_chaos_test.go:845: mixed terminal type=mixedchild id=c-2c0427b405f6e5cf41a7a5dd2529625c latency=2.695236988s
mixed	Replay consecutive mixed workflow seeds	2026-10-01T03:25:49.6658107Z     mixed_process_chaos_test.go:845: mixed terminal type=mixedchild id=c-61a693bbe622d9d1cff620a5ba2cda7f latency=2.664562741s
mixed	Replay consecutive mixed workflow seeds	2026-10-01T03:25:49.6660567Z     mixed_process_chaos_test.go:845: mixed terminal type=mixedchild id=c-3e3e4c70156e3fee9852004ca5949da3 latency=7.028348784s
mixed	Replay consecutive mixed workflow seeds	2026-10-01T03:25:49.6662029Z     mixed_process_chaos_test.go:845: mixed terminal type=mixedchild id=c-2d7fcc22d483fcf51ba57e3b2077e464 latency=3.659102292s
mixed	Replay consecutive mixed workflow seeds	2026-10-01T03:25:49.6663692Z     mixed_process_chaos_test.go:845: mixed terminal type=mixedchild id=c-1eaf330c748a119ebeda4a23d05429de latency=3.368895977s
mixed	Replay consecutive mixed workflow seeds	2026-10-01T03:25:49.6664968Z     mixed_process_chaos_test.go:845: mixed terminal type=mixedchild id=c-708e303ec63ebd5c030bc9ab47ec7aac latency=2.308230291s
mixed	Replay consecutive mixed workflow seeds	2026-10-01T03:25:49.6666804Z     mixed_process_chaos_test.go:853: mixed terminal type=mixedgrandchild id=c-425aa24102bf9165ef736361fbbfbb9e latency=11.221533559s
mixed	Replay consecutive mixed workflow seeds	2026-10-01T03:25:49.6668649Z     mixed_process_chaos_test.go:853: mixed terminal type=mixedgrandchild id=c-81df727d0b247de4898e89bde451172f latency=12.954741195s
mixed	Replay consecutive mixed workflow seeds	2026-10-01T03:25:49.6670434Z     mixed_process_chaos_test.go:853: mixed terminal type=mixedgrandchild id=c-8129cf1d1fd8e3a209b19b528165f4df latency=8.555211925s
mixed	Replay consecutive mixed workflow seeds	2026-10-01T03:25:49.6672047Z     mixed_process_chaos_test.go:853: mixed terminal type=mixedgrandchild id=c-26514356ab5a5acbf20ad5ce3acc8168 latency=4.358269364s
mixed	Replay consecutive mixed workflow seeds	2026-10-01T03:25:49.6673420Z     mixed_process_chaos_test.go:853: mixed terminal type=mixedgrandchild id=c-a879b3a6c93c88e46e7761b1e78637a2 latency=12.954748409s
mixed	Replay consecutive mixed workflow seeds	2026-10-01T03:25:49.6674616Z     mixed_process_chaos_test.go:853: mixed terminal type=mixedgrandchild id=c-535b8aa9db45ad629d92ad1b11208e82 latency=11.221519172s
mixed	Replay consecutive mixed workflow seeds	2026-10-01T03:25:49.6676552Z     mixed_process_chaos_test.go:853: mixed terminal type=mixedgrandchild id=c-db398dcd5ead58d4e929a1b2c6a0b0b7 latency=12.954755272s
mixed	Replay consecutive mixed workflow seeds	2026-10-01T03:25:49.6677835Z     mixed_process_chaos_test.go:853: mixed terminal type=mixedgrandchild id=c-8d05f5aa341551437a0ce512e614de71 latency=11.221524191s
mixed	Replay consecutive mixed workflow seeds	2026-10-01T03:25:49.6679074Z     mixed_process_chaos_test.go:853: mixed terminal type=mixedgrandchild id=c-a171f577c1689493ce5c0ebdc9cd5279 latency=4.944235316s
mixed	Replay consecutive mixed workflow seeds	2026-10-01T03:25:49.6681074Z     mixed_process_chaos_test.go:853: mixed terminal type=mixedgrandchild id=c-8f24c25872c94f103a8da6097216c929 latency=11.22152905s
mixed	Replay consecutive mixed workflow seeds	2026-10-01T03:25:49.6682310Z     mixed_process_chaos_test.go:853: mixed terminal type=mixedgrandchild id=c-50bd121bb173998995d369546c4b8b25 latency=11.22151304s
mixed	Replay consecutive mixed workflow seeds	2026-10-01T03:25:49.6683440Z     mixed_process_chaos_test.go:853: mixed terminal type=mixedgrandchild id=c-2e9cc15819018a4eb39cae8c19f668b8 latency=15.651823068s
mixed	Replay consecutive mixed workflow seeds	2026-10-01T03:25:49.6685006Z     mixed_process_chaos_test.go:857: mixed terminal p99 from last enabling event=17.432982006s across 28 invocations
mixed	Replay consecutive mixed workflow seeds	2026-10-01T03:25:49.6690686Z     mixed_process_chaos_test.go:858: mixed workers before={LeaseAcquisitions:49 LeaseContentions:68 LeaseAcquireFailures:0 FencingEvents:5 HandoffEnqueues:5 Redeliveries:57 EnqueueToLeaseSamples:49 EnqueueToLeaseTotal:4m37.80392692s EnqueueToLeaseMaximum:22.262213068s EnqueueToLeaseBuckets:[12 5 15 4 13 0] TimersScheduled:24 TimersFired:16 TimerLateTotal:43.279672064s TimerLateMaximum:2.746541719s TimerLateBuckets:[0 0 0 16 0 0] CancelledTimerNoOps:0} after={LeaseAcquisitions:34 LeaseContentions:110 LeaseAcquireFailures:0 FencingEvents:0 HandoffEnqueues:0 Redeliveries:92 EnqueueToLeaseSamples:34 EnqueueToLeaseTotal:8m3.176862671s EnqueueToLeaseMaximum:26.604529479s EnqueueToLeaseBuckets:[0 0 6 4 24 0] TimersScheduled:0 TimersFired:8 TimerLateTotal:21.728782419s TimerLateMaximum:2.758676798s TimerLateBuckets:[0 0 0 8 0 0] CancelledTimerNoOps:0}
mixed	Replay consecutive mixed workflow seeds	2026-10-01T03:25:54.8140960Z --- PASS: TestMixedWorkflowsRecoverFromFourServerFaults (47.33s)
mixed	Replay consecutive mixed workflow seeds	2026-10-01T03:25:54.8141812Z PASS
mixed	Replay consecutive mixed workflow seeds	2026-10-01T03:25:54.8152992Z ok  	js-wf/integration	47.339s
mixed	Replay consecutive mixed workflow seeds	2026-10-01T03:25:54.8338886Z Mixed workflow seed 3 (1..20)
mixed	Replay consecutive mixed workflow seeds	2026-10-01T03:25:55.5538931Z === RUN   TestMixedWorkflowsRecoverFromFourServerFaults
mixed	Replay consecutive mixed workflow seeds	2026-10-01T03:26:01.3624177Z     mixed_process_chaos_test.go:478: FAULT_SEED=3 FAULT_SCHEDULE=mixed-four-faults-3.json
mixed	Replay consecutive mixed workflow seeds	2026-10-01T03:26:18.6752670Z     mixed_process_chaos_test.go:628: post-heal signal repair inspected=42 reenqueued=19
mixed	Replay consecutive mixed workflow seeds	2026-10-01T03:26:18.6753838Z     mixed_process_chaos_test.go:640: mixed recovery type=mixedshort id=mixed-01-0 latency=3.35138264s
mixed	Replay consecutive mixed workflow seeds	2026-10-01T03:26:18.6754945Z     mixed_process_chaos_test.go:640: mixed recovery type=mixedshort id=mixed-02-0 latency=3.355383685s
mixed	Replay consecutive mixed workflow seeds	2026-10-01T03:26:18.6755803Z     mixed_process_chaos_test.go:640: mixed recovery type=mixedshort id=mixed-00-0 latency=3.356113598s
mixed	Replay consecutive mixed workflow seeds	2026-10-01T03:26:18.6756822Z     mixed_process_chaos_test.go:640: mixed recovery type=mixedshort id=mixed-04-0 latency=3.465648687s
mixed	Replay consecutive mixed workflow seeds	2026-10-01T03:26:18.6757923Z     mixed_process_chaos_test.go:640: mixed recovery type=mixedtimer id=mixed-03-0 latency=4.679248256s
mixed	Replay consecutive mixed workflow seeds	2026-10-01T03:26:18.6759421Z     mixed_process_chaos_test.go:640: mixed recovery type=mixedtimer id=mixed-08-0 latency=4.758590925s
mixed	Replay consecutive mixed workflow seeds	2026-10-01T03:26:19.3756724Z     mixed_process_chaos_test.go:640: mixed recovery type=mixedtimer id=mixed-05-0 latency=5.859071806s
mixed	Replay consecutive mixed workflow seeds	2026-10-01T03:26:20.1746646Z     mixed_process_chaos_test.go:640: mixed recovery type=mixedsignal id=mixed-07-0 latency=2.166925255s
mixed	Replay consecutive mixed workflow seeds	2026-10-01T03:26:21.6786541Z     mixed_process_chaos_test.go:640: mixed recovery type=mixedsignal id=mixed-06-0 latency=4.28838286s
mixed	Replay consecutive mixed workflow seeds	2026-10-01T03:26:26.3968284Z     mixed_process_chaos_test.go:640: mixed recovery type=mixedfanout id=mixed-09-0 latency=12.8802889s
mixed	Replay consecutive mixed workflow seeds	2026-10-01T03:26:26.3970709Z     mixed_process_chaos_test.go:645: mixed provisional result observation: p99=12.8802889s max=12.8802889s (fan-out parent still measured from quorum)
mixed	Replay consecutive mixed workflow seeds	2026-10-01T03:26:26.4528471Z     mixed_process_chaos_test.go:685: restarted node WF_JRN ready in 1.241112ms after 1 attempts
mixed	Replay consecutive mixed workflow seeds	2026-10-01T03:26:26.4659483Z     mixed_process_chaos_test.go:761: restarted node terminal type=mixedshort id=mixed-00-0 audit=12.105502ms
mixed	Replay consecutive mixed workflow seeds	2026-10-01T03:26:26.4662213Z     mixed_process_chaos_test.go:761: restarted node terminal type=mixedshort id=mixed-01-0 audit=12.747698ms
mixed	Replay consecutive mixed workflow seeds	2026-10-01T03:26:26.4664146Z     mixed_process_chaos_test.go:761: restarted node terminal type=mixedshort id=mixed-02-0 audit=12.061159ms
mixed	Replay consecutive mixed workflow seeds	2026-10-01T03:26:26.4666127Z     mixed_process_chaos_test.go:761: restarted node terminal type=mixedtimer id=mixed-03-0 audit=9.684883ms
mixed	Replay consecutive mixed workflow seeds	2026-10-01T03:26:26.4668171Z     mixed_process_chaos_test.go:761: restarted node terminal type=mixedshort id=mixed-04-0 audit=9.665617ms
mixed	Replay consecutive mixed workflow seeds	2026-10-01T03:26:26.4670676Z     mixed_process_chaos_test.go:761: restarted node terminal type=mixedtimer id=mixed-05-0 audit=11.460771ms
mixed	Replay consecutive mixed workflow seeds	2026-10-01T03:26:26.4672779Z     mixed_process_chaos_test.go:761: restarted node terminal type=mixedsignal id=mixed-06-0 audit=11.467474ms
mixed	Replay consecutive mixed workflow seeds	2026-10-01T03:26:26.4674595Z     mixed_process_chaos_test.go:761: restarted node terminal type=mixedsignal id=mixed-07-0 audit=11.567291ms
mixed	Replay consecutive mixed workflow seeds	2026-10-01T03:26:26.4675884Z     mixed_process_chaos_test.go:761: restarted node terminal type=mixedtimer id=mixed-08-0 audit=12.535659ms
mixed	Replay consecutive mixed workflow seeds	2026-10-01T03:26:26.4677132Z     mixed_process_chaos_test.go:761: restarted node terminal type=mixedfanout id=mixed-09-0 audit=9.571589ms
mixed	Replay consecutive mixed workflow seeds	2026-10-01T03:26:26.4678900Z     mixed_process_chaos_test.go:772: restarted node child id=c-2c0427b405f6e5cf41a7a5dd2529625c audit=11.810276ms
mixed	Replay consecutive mixed workflow seeds	2026-10-01T03:26:26.4680730Z     mixed_process_chaos_test.go:772: restarted node child id=c-61a693bbe622d9d1cff620a5ba2cda7f audit=12.454306ms
mixed	Replay consecutive mixed workflow seeds	2026-10-01T03:26:26.4681992Z     mixed_process_chaos_test.go:772: restarted node child id=c-3e3e4c70156e3fee9852004ca5949da3 audit=12.466079ms
mixed	Replay consecutive mixed workflow seeds	2026-10-01T03:26:26.4683012Z     mixed_process_chaos_test.go:772: restarted node child id=c-2d7fcc22d483fcf51ba57e3b2077e464 audit=12.697383ms
mixed	Replay consecutive mixed workflow seeds	2026-10-01T03:26:26.4684046Z     mixed_process_chaos_test.go:772: restarted node child id=c-1eaf330c748a119ebeda4a23d05429de audit=12.894581ms
mixed	Replay consecutive mixed workflow seeds	2026-10-01T03:26:26.4685179Z     mixed_process_chaos_test.go:772: restarted node child id=c-708e303ec63ebd5c030bc9ab47ec7aac audit=12.111182ms
mixed	Replay consecutive mixed workflow seeds	2026-10-01T03:26:26.4686631Z     mixed_process_chaos_test.go:779: restarted node grandchild id=c-425aa24102bf9165ef736361fbbfbb9e audit=12.415253ms
mixed	Replay consecutive mixed workflow seeds	2026-10-01T03:26:26.4688290Z     mixed_process_chaos_test.go:779: restarted node grandchild id=c-81df727d0b247de4898e89bde451172f audit=12.863901ms
mixed	Replay consecutive mixed workflow seeds	2026-10-01T03:26:26.4689441Z     mixed_process_chaos_test.go:779: restarted node grandchild id=c-8129cf1d1fd8e3a209b19b528165f4df audit=9.711082ms
mixed	Replay consecutive mixed workflow seeds	2026-10-01T03:26:26.4690747Z     mixed_process_chaos_test.go:779: restarted node grandchild id=c-26514356ab5a5acbf20ad5ce3acc8168 audit=11.459377ms
mixed	Replay consecutive mixed workflow seeds	2026-10-01T03:26:26.4691927Z     mixed_process_chaos_test.go:779: restarted node grandchild id=c-a879b3a6c93c88e46e7761b1e78637a2 audit=11.144987ms
mixed	Replay consecutive mixed workflow seeds	2026-10-01T03:26:26.4693168Z     mixed_process_chaos_test.go:779: restarted node grandchild id=c-535b8aa9db45ad629d92ad1b11208e82 audit=12.039476ms
mixed	Replay consecutive mixed workflow seeds	2026-10-01T03:26:26.4694269Z     mixed_process_chaos_test.go:779: restarted node grandchild id=c-ce30b309161f5923793aaf2cbc016d4e audit=9.651029ms
mixed	Replay consecutive mixed workflow seeds	2026-10-01T03:26:26.4695634Z     mixed_process_chaos_test.go:779: restarted node grandchild id=c-e1b3e514a9d31e1c0ae0fcf9d9dcde03 audit=10.880892ms
mixed	Replay consecutive mixed workflow seeds	2026-10-01T03:26:26.4697410Z     mixed_process_chaos_test.go:779: restarted node grandchild id=c-bb5f73df9b542dac375d03b4ea875933 audit=12.381309ms
mixed	Replay consecutive mixed workflow seeds	2026-10-01T03:26:26.4698872Z     mixed_process_chaos_test.go:779: restarted node grandchild id=c-01365f6a38e7c1ac2db485fc10fda086 audit=12.66938ms
mixed	Replay consecutive mixed workflow seeds	2026-10-01T03:26:26.4700184Z     mixed_process_chaos_test.go:779: restarted node grandchild id=c-a44599fc4037c49e5e71abfb8f6d759c audit=11.753139ms
mixed	Replay consecutive mixed workflow seeds	2026-10-01T03:26:26.4701899Z     mixed_process_chaos_test.go:779: restarted node grandchild id=c-e14a2648bb4377e8830f7b0584cfd294 audit=12.495702ms
mixed	Replay consecutive mixed workflow seeds	2026-10-01T03:26:26.4705942Z     mixed_process_chaos_test.go:807: survivor node 1 WF_SIG ready in 752.172µs after 1 attempts
mixed	Replay consecutive mixed workflow seeds	2026-10-01T03:26:26.4707258Z     mixed_process_chaos_test.go:830: mixed terminal type=mixedshort id=mixed-00-0 latency=3.27022721s
mixed	Replay consecutive mixed workflow seeds	2026-10-01T03:26:26.4708252Z     mixed_process_chaos_test.go:830: mixed terminal type=mixedshort id=mixed-01-0 latency=3.270640787s
mixed	Replay consecutive mixed workflow seeds	2026-10-01T03:26:26.4709057Z     mixed_process_chaos_test.go:830: mixed terminal type=mixedshort id=mixed-02-0 latency=3.2702165s
mixed	Replay consecutive mixed workflow seeds	2026-10-01T03:26:26.4710774Z     mixed_process_chaos_test.go:830: mixed terminal type=mixedtimer id=mixed-03-0 latency=4.590740354s
mixed	Replay consecutive mixed workflow seeds	2026-10-01T03:26:26.4711593Z     mixed_process_chaos_test.go:830: mixed terminal type=mixedshort id=mixed-04-0 latency=3.392349046s
mixed	Replay consecutive mixed workflow seeds	2026-10-01T03:26:26.4712356Z     mixed_process_chaos_test.go:830: mixed terminal type=mixedtimer id=mixed-05-0 latency=5.793190133s
mixed	Replay consecutive mixed workflow seeds	2026-10-01T03:26:26.4713767Z     mixed_process_chaos_test.go:830: mixed terminal type=mixedsignal id=mixed-06-0 latency=4.279483964s
mixed	Replay consecutive mixed workflow seeds	2026-10-01T03:26:26.4715119Z     mixed_process_chaos_test.go:830: mixed terminal type=mixedsignal id=mixed-07-0 latency=2.139122609s
mixed	Replay consecutive mixed workflow seeds	2026-10-01T03:26:26.4716568Z     mixed_process_chaos_test.go:830: mixed terminal type=mixedtimer id=mixed-08-0 latency=4.635699375s
mixed	Replay consecutive mixed workflow seeds	2026-10-01T03:26:26.4718025Z     mixed_process_chaos_test.go:830: mixed terminal type=mixedfanout id=mixed-09-0 latency=210.67208ms
mixed	Replay consecutive mixed workflow seeds	2026-10-01T03:26:26.4719479Z     mixed_process_chaos_test.go:845: mixed terminal type=mixedchild id=c-2c0427b405f6e5cf41a7a5dd2529625c latency=329.227244ms
mixed	Replay consecutive mixed workflow seeds	2026-10-01T03:26:26.4721665Z     mixed_process_chaos_test.go:845: mixed terminal type=mixedchild id=c-61a693bbe622d9d1cff620a5ba2cda7f latency=680.724856ms
mixed	Replay consecutive mixed workflow seeds	2026-10-01T03:26:26.4723039Z     mixed_process_chaos_test.go:845: mixed terminal type=mixedchild id=c-3e3e4c70156e3fee9852004ca5949da3 latency=676.197312ms
mixed	Replay consecutive mixed workflow seeds	2026-10-01T03:26:26.4724848Z     mixed_process_chaos_test.go:845: mixed terminal type=mixedchild id=c-2d7fcc22d483fcf51ba57e3b2077e464 latency=611.074267ms
mixed	Replay consecutive mixed workflow seeds	2026-10-01T03:26:26.4726598Z     mixed_process_chaos_test.go:845: mixed terminal type=mixedchild id=c-1eaf330c748a119ebeda4a23d05429de latency=390.490851ms
mixed	Replay consecutive mixed workflow seeds	2026-10-01T03:26:26.4728342Z     mixed_process_chaos_test.go:845: mixed terminal type=mixedchild id=c-708e303ec63ebd5c030bc9ab47ec7aac latency=313.459152ms
mixed	Replay consecutive mixed workflow seeds	2026-10-01T03:26:26.4730283Z     mixed_process_chaos_test.go:853: mixed terminal type=mixedgrandchild id=c-425aa24102bf9165ef736361fbbfbb9e latency=10.278328658s
mixed	Replay consecutive mixed workflow seeds	2026-10-01T03:26:26.4732119Z     mixed_process_chaos_test.go:853: mixed terminal type=mixedgrandchild id=c-81df727d0b247de4898e89bde451172f latency=3.622641295s
mixed	Replay consecutive mixed workflow seeds	2026-10-01T03:26:26.4733486Z     mixed_process_chaos_test.go:853: mixed terminal type=mixedgrandchild id=c-8129cf1d1fd8e3a209b19b528165f4df latency=3.542403597s
mixed	Replay consecutive mixed workflow seeds	2026-10-01T03:26:26.4734986Z     mixed_process_chaos_test.go:853: mixed terminal type=mixedgrandchild id=c-26514356ab5a5acbf20ad5ce3acc8168 latency=3.270233222s
mixed	Replay consecutive mixed workflow seeds	2026-10-01T03:26:26.4737025Z     mixed_process_chaos_test.go:853: mixed terminal type=mixedgrandchild id=c-a879b3a6c93c88e46e7761b1e78637a2 latency=3.794102468s
mixed	Replay consecutive mixed workflow seeds	2026-10-01T03:26:26.4738934Z     mixed_process_chaos_test.go:853: mixed terminal type=mixedgrandchild id=c-535b8aa9db45ad629d92ad1b11208e82 latency=3.711941612s
mixed	Replay consecutive mixed workflow seeds	2026-10-01T03:26:26.4740998Z     mixed_process_chaos_test.go:853: mixed terminal type=mixedgrandchild id=c-ce30b309161f5923793aaf2cbc016d4e latency=3.750946139s
mixed	Replay consecutive mixed workflow seeds	2026-10-01T03:26:26.4742322Z     mixed_process_chaos_test.go:853: mixed terminal type=mixedgrandchild id=c-e1b3e514a9d31e1c0ae0fcf9d9dcde03 latency=4.143912195s
mixed	Replay consecutive mixed workflow seeds	2026-10-01T03:26:26.4744170Z     mixed_process_chaos_test.go:853: mixed terminal type=mixedgrandchild id=c-bb5f73df9b542dac375d03b4ea875933 latency=10.529315142s
mixed	Replay consecutive mixed workflow seeds	2026-10-01T03:26:26.4746216Z     mixed_process_chaos_test.go:853: mixed terminal type=mixedgrandchild id=c-01365f6a38e7c1ac2db485fc10fda086 latency=7.784739097s
mixed	Replay consecutive mixed workflow seeds	2026-10-01T03:26:26.4748256Z     mixed_process_chaos_test.go:853: mixed terminal type=mixedgrandchild id=c-a44599fc4037c49e5e71abfb8f6d759c latency=12.311442365s
mixed	Replay consecutive mixed workflow seeds	2026-10-01T03:26:26.4750804Z     mixed_process_chaos_test.go:853: mixed terminal type=mixedgrandchild id=c-e14a2648bb4377e8830f7b0584cfd294 latency=7.488801325s
mixed	Replay consecutive mixed workflow seeds	2026-10-01T03:26:26.4752320Z     mixed_process_chaos_test.go:857: mixed terminal p99 from last enabling event=12.311442365s across 28 invocations
mixed	Replay consecutive mixed workflow seeds	2026-10-01T03:26:26.4758654Z     mixed_process_chaos_test.go:858: mixed workers before={LeaseAcquisitions:60 LeaseContentions:18 LeaseAcquireFailures:0 FencingEvents:5 HandoffEnqueues:5 Redeliveries:23 EnqueueToLeaseSamples:60 EnqueueToLeaseTotal:3m37.403450094s EnqueueToLeaseMaximum:15.836234328s EnqueueToLeaseBuckets:[17 15 2 20 6 0] TimersScheduled:24 TimersFired:8 TimerLateTotal:35.709839922s TimerLateMaximum:4.503587215s TimerLateBuckets:[0 0 0 8 0 0] CancelledTimerNoOps:0} after={LeaseAcquisitions:42 LeaseContentions:44 LeaseAcquireFailures:0 FencingEvents:0 HandoffEnqueues:0 Redeliveries:29 EnqueueToLeaseSamples:42 EnqueueToLeaseTotal:4m53.498277687s EnqueueToLeaseMaximum:24.336995756s EnqueueToLeaseBuckets:[3 5 9 14 11 0] TimersScheduled:0 TimersFired:16 TimerLateTotal:1m11.634639608s TimerLateMaximum:4.520866161s TimerLateBuckets:[0 0 0 16 0 0] CancelledTimerNoOps:0}
mixed	Replay consecutive mixed workflow seeds	2026-10-01T03:26:30.0556589Z --- PASS: TestMixedWorkflowsRecoverFromFourServerFaults (34.50s)
mixed	Replay consecutive mixed workflow seeds	2026-10-01T03:26:30.0557047Z PASS
mixed	Replay consecutive mixed workflow seeds	2026-10-01T03:26:30.0570626Z ok  	js-wf/integration	34.507s
mixed	Replay consecutive mixed workflow seeds	2026-10-01T03:26:30.0749752Z Mixed workflow seed 4 (1..20)
mixed	Replay consecutive mixed workflow seeds	2026-10-01T03:26:30.7708443Z === RUN   TestMixedWorkflowsRecoverFromFourServerFaults
mixed	Replay consecutive mixed workflow seeds	2026-10-01T03:26:36.5467373Z     mixed_process_chaos_test.go:478: FAULT_SEED=4 FAULT_SCHEDULE=mixed-four-faults-4.json
mixed	Replay consecutive mixed workflow seeds	2026-10-01T03:26:55.5069355Z     mixed_process_chaos_test.go:628: post-heal signal repair inspected=32 reenqueued=25
mixed	Replay consecutive mixed workflow seeds	2026-10-01T03:26:55.5070994Z     mixed_process_chaos_test.go:640: mixed recovery type=mixedshort id=mixed-07-0 latency=4.050460695s
mixed	Replay consecutive mixed workflow seeds	2026-10-01T03:26:55.5072055Z     mixed_process_chaos_test.go:640: mixed recovery type=mixedshort id=mixed-05-0 latency=4.050706319s
mixed	Replay consecutive mixed workflow seeds	2026-10-01T03:26:55.5072848Z     mixed_process_chaos_test.go:640: mixed recovery type=mixedshort id=mixed-08-0 latency=4.050725405s
mixed	Replay consecutive mixed workflow seeds	2026-10-01T03:26:56.5827461Z     mixed_process_chaos_test.go:640: mixed recovery type=mixedshort id=mixed-03-0 latency=4.132220192s
mixed	Replay consecutive mixed workflow seeds	2026-10-01T03:26:56.5829036Z     mixed_process_chaos_test.go:640: mixed recovery type=mixedtimer id=mixed-02-0 latency=7.897086689s
mixed	Replay consecutive mixed workflow seeds	2026-10-01T03:26:58.0219630Z     mixed_process_chaos_test.go:640: mixed recovery type=mixedtimer id=mixed-06-0 latency=9.336401223s
mixed	Replay consecutive mixed workflow seeds	2026-10-01T03:27:00.7248647Z     mixed_process_chaos_test.go:640: mixed recovery type=mixedtimer id=mixed-01-0 latency=12.039060854s
mixed	Replay consecutive mixed workflow seeds	2026-10-01T03:27:04.9253475Z     mixed_process_chaos_test.go:640: mixed recovery type=mixedsignal id=mixed-00-0 latency=11.317224576s
mixed	Replay consecutive mixed workflow seeds	2026-10-01T03:27:05.9251349Z     mixed_process_chaos_test.go:640: mixed recovery type=mixedsignal id=mixed-04-0 latency=10.486345023s
mixed	Replay consecutive mixed workflow seeds	2026-10-01T03:27:12.4361775Z     mixed_process_chaos_test.go:640: mixed recovery type=mixedfanout id=mixed-09-0 latency=23.750596501s
mixed	Replay consecutive mixed workflow seeds	2026-10-01T03:27:12.4364046Z     mixed_process_chaos_test.go:645: mixed provisional result observation: p99=23.750596501s max=23.750596501s (fan-out parent still measured from quorum)
mixed	Replay consecutive mixed workflow seeds	2026-10-01T03:27:15.5926941Z     mixed_process_chaos_test.go:685: restarted node WF_JRN ready in 3.101731s after 2 attempts
mixed	Replay consecutive mixed workflow seeds	2026-10-01T03:27:15.6076619Z     mixed_process_chaos_test.go:761: restarted node terminal type=mixedsignal id=mixed-00-0 audit=13.189224ms
mixed	Replay consecutive mixed workflow seeds	2026-10-01T03:27:15.6082944Z     mixed_process_chaos_test.go:761: restarted node terminal type=mixedtimer id=mixed-01-0 audit=9.609675ms
mixed	Replay consecutive mixed workflow seeds	2026-10-01T03:27:15.6085478Z     mixed_process_chaos_test.go:761: restarted node terminal type=mixedtimer id=mixed-02-0 audit=13.154471ms
mixed	Replay consecutive mixed workflow seeds	2026-10-01T03:27:15.6088087Z     mixed_process_chaos_test.go:761: restarted node terminal type=mixedshort id=mixed-03-0 audit=14.019247ms
mixed	Replay consecutive mixed workflow seeds	2026-10-01T03:27:15.6090498Z     mixed_process_chaos_test.go:761: restarted node terminal type=mixedsignal id=mixed-04-0 audit=12.838676ms
mixed	Replay consecutive mixed workflow seeds	2026-10-01T03:27:15.6093178Z     mixed_process_chaos_test.go:761: restarted node terminal type=mixedshort id=mixed-05-0 audit=14.001934ms
mixed	Replay consecutive mixed workflow seeds	2026-10-01T03:27:15.6095180Z     mixed_process_chaos_test.go:761: restarted node terminal type=mixedtimer id=mixed-06-0 audit=14.022151ms
mixed	Replay consecutive mixed workflow seeds	2026-10-01T03:27:15.6096500Z     mixed_process_chaos_test.go:761: restarted node terminal type=mixedshort id=mixed-07-0 audit=14.555692ms
mixed	Replay consecutive mixed workflow seeds	2026-10-01T03:27:15.6098734Z     mixed_process_chaos_test.go:761: restarted node terminal type=mixedshort id=mixed-08-0 audit=14.144718ms
mixed	Replay consecutive mixed workflow seeds	2026-10-01T03:27:15.6100598Z     mixed_process_chaos_test.go:761: restarted node terminal type=mixedfanout id=mixed-09-0 audit=12.869525ms
mixed	Replay consecutive mixed workflow seeds	2026-10-01T03:27:15.6102248Z     mixed_process_chaos_test.go:772: restarted node child id=c-2c0427b405f6e5cf41a7a5dd2529625c audit=12.294205ms
mixed	Replay consecutive mixed workflow seeds	2026-10-01T03:27:15.6103973Z     mixed_process_chaos_test.go:772: restarted node child id=c-61a693bbe622d9d1cff620a5ba2cda7f audit=14.117469ms
mixed	Replay consecutive mixed workflow seeds	2026-10-01T03:27:15.6105663Z     mixed_process_chaos_test.go:772: restarted node child id=c-3e3e4c70156e3fee9852004ca5949da3 audit=14.275346ms
mixed	Replay consecutive mixed workflow seeds	2026-10-01T03:27:15.6107137Z     mixed_process_chaos_test.go:772: restarted node child id=c-2d7fcc22d483fcf51ba57e3b2077e464 audit=10.583333ms
mixed	Replay consecutive mixed workflow seeds	2026-10-01T03:27:15.6108868Z     mixed_process_chaos_test.go:772: restarted node child id=c-1eaf330c748a119ebeda4a23d05429de audit=13.218629ms
mixed	Replay consecutive mixed workflow seeds	2026-10-01T03:27:15.6110837Z     mixed_process_chaos_test.go:772: restarted node child id=c-708e303ec63ebd5c030bc9ab47ec7aac audit=11.602978ms
mixed	Replay consecutive mixed workflow seeds	2026-10-01T03:27:15.6112601Z     mixed_process_chaos_test.go:779: restarted node grandchild id=c-425aa24102bf9165ef736361fbbfbb9e audit=13.124142ms
mixed	Replay consecutive mixed workflow seeds	2026-10-01T03:27:15.6114400Z     mixed_process_chaos_test.go:779: restarted node grandchild id=c-81df727d0b247de4898e89bde451172f audit=13.173695ms
mixed	Replay consecutive mixed workflow seeds	2026-10-01T03:27:15.6116232Z     mixed_process_chaos_test.go:779: restarted node grandchild id=c-8129cf1d1fd8e3a209b19b528165f4df audit=12.961487ms
mixed	Replay consecutive mixed workflow seeds	2026-10-01T03:27:15.6118064Z     mixed_process_chaos_test.go:779: restarted node grandchild id=c-26514356ab5a5acbf20ad5ce3acc8168 audit=14.13344ms
mixed	Replay consecutive mixed workflow seeds	2026-10-01T03:27:15.6120020Z     mixed_process_chaos_test.go:779: restarted node grandchild id=c-a879b3a6c93c88e46e7761b1e78637a2 audit=13.202782ms
mixed	Replay consecutive mixed workflow seeds	2026-10-01T03:27:15.6121600Z     mixed_process_chaos_test.go:779: restarted node grandchild id=c-535b8aa9db45ad629d92ad1b11208e82 audit=13.157766ms
mixed	Replay consecutive mixed workflow seeds	2026-10-01T03:27:15.6123763Z     mixed_process_chaos_test.go:779: restarted node grandchild id=c-ce30b309161f5923793aaf2cbc016d4e audit=12.994559ms
mixed	Replay consecutive mixed workflow seeds	2026-10-01T03:27:15.6125632Z     mixed_process_chaos_test.go:779: restarted node grandchild id=c-e1b3e514a9d31e1c0ae0fcf9d9dcde03 audit=12.967418ms
mixed	Replay consecutive mixed workflow seeds	2026-10-01T03:27:15.6127395Z     mixed_process_chaos_test.go:779: restarted node grandchild id=c-bb5f73df9b542dac375d03b4ea875933 audit=13.019668ms
mixed	Replay consecutive mixed workflow seeds	2026-10-01T03:27:15.6129194Z     mixed_process_chaos_test.go:779: restarted node grandchild id=c-01365f6a38e7c1ac2db485fc10fda086 audit=14.506297ms
mixed	Replay consecutive mixed workflow seeds	2026-10-01T03:27:15.6131298Z     mixed_process_chaos_test.go:779: restarted node grandchild id=c-a44599fc4037c49e5e71abfb8f6d759c audit=12.868242ms
mixed	Replay consecutive mixed workflow seeds	2026-10-01T03:27:15.6133132Z     mixed_process_chaos_test.go:779: restarted node grandchild id=c-e14a2648bb4377e8830f7b0584cfd294 audit=9.702479ms
mixed	Replay consecutive mixed workflow seeds	2026-10-01T03:27:15.6135138Z     mixed_process_chaos_test.go:807: survivor node 2 WF_SIG ready in 822.162µs after 1 attempts
mixed	Replay consecutive mixed workflow seeds	2026-10-01T03:27:15.6136631Z     mixed_process_chaos_test.go:830: mixed terminal type=mixedsignal id=mixed-00-0 latency=11.249528064s
mixed	Replay consecutive mixed workflow seeds	2026-10-01T03:27:15.6138200Z     mixed_process_chaos_test.go:830: mixed terminal type=mixedtimer id=mixed-01-0 latency=11.888141299s
mixed	Replay consecutive mixed workflow seeds	2026-10-01T03:27:15.6139768Z     mixed_process_chaos_test.go:830: mixed terminal type=mixedtimer id=mixed-02-0 latency=7.750917986s
mixed	Replay consecutive mixed workflow seeds	2026-10-01T03:27:15.6141628Z     mixed_process_chaos_test.go:830: mixed terminal type=mixedshort id=mixed-03-0 latency=3.907195819s
mixed	Replay consecutive mixed workflow seeds	2026-10-01T03:27:15.6143537Z     mixed_process_chaos_test.go:830: mixed terminal type=mixedsignal id=mixed-04-0 latency=10.338953968s
mixed	Replay consecutive mixed workflow seeds	2026-10-01T03:27:15.6145202Z     mixed_process_chaos_test.go:830: mixed terminal type=mixedshort id=mixed-05-0 latency=3.907124075s
mixed	Replay consecutive mixed workflow seeds	2026-10-01T03:27:15.6146736Z     mixed_process_chaos_test.go:830: mixed terminal type=mixedtimer id=mixed-06-0 latency=9.178789303s
mixed	Replay consecutive mixed workflow seeds	2026-10-01T03:27:15.6148301Z     mixed_process_chaos_test.go:830: mixed terminal type=mixedshort id=mixed-07-0 latency=3.833804544s
mixed	Replay consecutive mixed workflow seeds	2026-10-01T03:27:15.6150088Z     mixed_process_chaos_test.go:830: mixed terminal type=mixedshort id=mixed-08-0 latency=3.833442684s
mixed	Replay consecutive mixed workflow seeds	2026-10-01T03:27:15.6151692Z     mixed_process_chaos_test.go:830: mixed terminal type=mixedfanout id=mixed-09-0 latency=2.426994524s
mixed	Replay consecutive mixed workflow seeds	2026-10-01T03:27:15.6153358Z     mixed_process_chaos_test.go:845: mixed terminal type=mixedchild id=c-2c0427b405f6e5cf41a7a5dd2529625c latency=1.425660432s
mixed	Replay consecutive mixed workflow seeds	2026-10-01T03:27:15.6155310Z     mixed_process_chaos_test.go:845: mixed terminal type=mixedchild id=c-61a693bbe622d9d1cff620a5ba2cda7f latency=2.369660229s
mixed	Replay consecutive mixed workflow seeds	2026-10-01T03:27:15.6157295Z     mixed_process_chaos_test.go:845: mixed terminal type=mixedchild id=c-3e3e4c70156e3fee9852004ca5949da3 latency=1.657658117s
mixed	Replay consecutive mixed workflow seeds	2026-10-01T03:27:15.6159262Z     mixed_process_chaos_test.go:845: mixed terminal type=mixedchild id=c-2d7fcc22d483fcf51ba57e3b2077e464 latency=1.919196299s
mixed	Replay consecutive mixed workflow seeds	2026-10-01T03:27:15.6161339Z     mixed_process_chaos_test.go:845: mixed terminal type=mixedchild id=c-1eaf330c748a119ebeda4a23d05429de latency=2.42270486s
mixed	Replay consecutive mixed workflow seeds	2026-10-01T03:27:15.6163335Z     mixed_process_chaos_test.go:845: mixed terminal type=mixedchild id=c-708e303ec63ebd5c030bc9ab47ec7aac latency=4.071477517s
mixed	Replay consecutive mixed workflow seeds	2026-10-01T03:27:15.6165323Z     mixed_process_chaos_test.go:853: mixed terminal type=mixedgrandchild id=c-425aa24102bf9165ef736361fbbfbb9e latency=13.249654366s
mixed	Replay consecutive mixed workflow seeds	2026-10-01T03:27:15.6167391Z     mixed_process_chaos_test.go:853: mixed terminal type=mixedgrandchild id=c-81df727d0b247de4898e89bde451172f latency=17.452290167s
mixed	Replay consecutive mixed workflow seeds	2026-10-01T03:27:15.6169270Z     mixed_process_chaos_test.go:853: mixed terminal type=mixedgrandchild id=c-8129cf1d1fd8e3a209b19b528165f4df latency=11.028984091s
mixed	Replay consecutive mixed workflow seeds	2026-10-01T03:27:15.6171279Z     mixed_process_chaos_test.go:853: mixed terminal type=mixedgrandchild id=c-26514356ab5a5acbf20ad5ce3acc8168 latency=11.029003588s
mixed	Replay consecutive mixed workflow seeds	2026-10-01T03:27:15.6173245Z     mixed_process_chaos_test.go:853: mixed terminal type=mixedgrandchild id=c-a879b3a6c93c88e46e7761b1e78637a2 latency=15.168850384s
mixed	Replay consecutive mixed workflow seeds	2026-10-01T03:27:15.6175398Z     mixed_process_chaos_test.go:853: mixed terminal type=mixedgrandchild id=c-535b8aa9db45ad629d92ad1b11208e82 latency=19.380095912s
mixed	Replay consecutive mixed workflow seeds	2026-10-01T03:27:15.6177302Z     mixed_process_chaos_test.go:853: mixed terminal type=mixedgrandchild id=c-ce30b309161f5923793aaf2cbc016d4e latency=11.177363419s
mixed	Replay consecutive mixed workflow seeds	2026-10-01T03:27:15.6179218Z     mixed_process_chaos_test.go:853: mixed terminal type=mixedgrandchild id=c-e1b3e514a9d31e1c0ae0fcf9d9dcde03 latency=13.249662521s
mixed	Replay consecutive mixed workflow seeds	2026-10-01T03:27:15.6181314Z     mixed_process_chaos_test.go:853: mixed terminal type=mixedgrandchild id=c-bb5f73df9b542dac375d03b4ea875933 latency=11.177084996s
mixed	Replay consecutive mixed workflow seeds	2026-10-01T03:27:15.6183248Z     mixed_process_chaos_test.go:853: mixed terminal type=mixedgrandchild id=c-01365f6a38e7c1ac2db485fc10fda086 latency=11.177354873s
mixed	Replay consecutive mixed workflow seeds	2026-10-01T03:27:15.6185117Z     mixed_process_chaos_test.go:853: mixed terminal type=mixedgrandchild id=c-a44599fc4037c49e5e71abfb8f6d759c latency=14.668562846s
mixed	Replay consecutive mixed workflow seeds	2026-10-01T03:27:15.6186971Z     mixed_process_chaos_test.go:853: mixed terminal type=mixedgrandchild id=c-e14a2648bb4377e8830f7b0584cfd294 latency=11.177080688s
mixed	Replay consecutive mixed workflow seeds	2026-10-01T03:27:15.6188701Z     mixed_process_chaos_test.go:857: mixed terminal p99 from last enabling event=19.380095912s across 28 invocations
mixed	Replay consecutive mixed workflow seeds	2026-10-01T03:27:15.6196797Z     mixed_process_chaos_test.go:858: mixed workers before={LeaseAcquisitions:72 LeaseContentions:37 LeaseAcquireFailures:0 FencingEvents:4 HandoffEnqueues:4 Redeliveries:56 EnqueueToLeaseSamples:72 EnqueueToLeaseTotal:10m57.304771442s EnqueueToLeaseMaximum:28.667208195s EnqueueToLeaseBuckets:[13 9 8 10 32 0] TimersScheduled:24 TimersFired:24 TimerLateTotal:4.76901315s TimerLateMaximum:244.078398ms TimerLateBuckets:[1 23 0 0 0 0] CancelledTimerNoOps:0} after={LeaseAcquisitions:44 LeaseContentions:85 LeaseAcquireFailures:0 FencingEvents:0 HandoffEnqueues:0 Redeliveries:65 EnqueueToLeaseSamples:44 EnqueueToLeaseTotal:12m26.542585394s EnqueueToLeaseMaximum:30.697245744s EnqueueToLeaseBuckets:[0 0 3 6 34 1] TimersScheduled:0 TimersFired:0 TimerLateTotal:0s TimerLateMaximum:0s TimerLateBuckets:[0 0 0 0 0 0] CancelledTimerNoOps:0}
mixed	Replay consecutive mixed workflow seeds	2026-10-01T03:27:16.9981222Z --- PASS: TestMixedWorkflowsRecoverFromFourServerFaults (46.23s)
mixed	Replay consecutive mixed workflow seeds	2026-10-01T03:27:16.9981766Z PASS
mixed	Replay consecutive mixed workflow seeds	2026-10-01T03:27:16.9989360Z ok  	js-wf/integration	46.232s
mixed	Replay consecutive mixed workflow seeds	2026-10-01T03:27:17.0167314Z Mixed workflow seed 5 (1..20)
mixed	Replay consecutive mixed workflow seeds	2026-10-01T03:27:17.6926836Z === RUN   TestMixedWorkflowsRecoverFromFourServerFaults
mixed	Replay consecutive mixed workflow seeds	2026-10-01T03:27:23.5301715Z     mixed_process_chaos_test.go:478: FAULT_SEED=5 FAULT_SCHEDULE=mixed-four-faults-5.json
mixed	Replay consecutive mixed workflow seeds	2026-10-01T03:27:39.9091579Z     mixed_process_chaos_test.go:628: post-heal signal repair inspected=32 reenqueued=19
mixed	Replay consecutive mixed workflow seeds	2026-10-01T03:27:39.9094079Z     mixed_process_chaos_test.go:640: mixed recovery type=mixedshort id=mixed-04-0 latency=3.45582793s
mixed	Replay consecutive mixed workflow seeds	2026-10-01T03:27:39.9096120Z     mixed_process_chaos_test.go:640: mixed recovery type=mixedshort id=mixed-01-0 latency=3.457227017s
mixed	Replay consecutive mixed workflow seeds	2026-10-01T03:27:39.9097638Z     mixed_process_chaos_test.go:640: mixed recovery type=mixedshort id=mixed-05-0 latency=3.553716976s
mixed	Replay consecutive mixed workflow seeds	2026-10-01T03:27:39.9099301Z     mixed_process_chaos_test.go:640: mixed recovery type=mixedshort id=mixed-03-0 latency=3.554236514s
mixed	Replay consecutive mixed workflow seeds	2026-10-01T03:27:39.9102331Z     mixed_process_chaos_test.go:640: mixed recovery type=mixedtimer id=mixed-00-0 latency=4.159040658s
mixed	Replay consecutive mixed workflow seeds	2026-10-01T03:27:40.3548491Z     mixed_process_chaos_test.go:640: mixed recovery type=mixedtimer id=mixed-02-0 latency=4.659237086s
mixed	Replay consecutive mixed workflow seeds	2026-10-01T03:27:40.5613641Z     mixed_process_chaos_test.go:640: mixed recovery type=mixedtimer id=mixed-08-0 latency=4.865881096s
mixed	Replay consecutive mixed workflow seeds	2026-10-01T03:27:42.5536013Z     mixed_process_chaos_test.go:640: mixed recovery type=mixedsignal id=mixed-06-0 latency=3.577753902s
mixed	Replay consecutive mixed workflow seeds	2026-10-01T03:27:43.0536570Z     mixed_process_chaos_test.go:640: mixed recovery type=mixedsignal id=mixed-07-0 latency=3.361362648s
mixed	Replay consecutive mixed workflow seeds	2026-10-01T03:27:50.0544801Z     mixed_process_chaos_test.go:640: mixed recovery type=mixedfanout id=mixed-09-0 latency=14.359027011s
mixed	Replay consecutive mixed workflow seeds	2026-10-01T03:27:50.0547251Z     mixed_process_chaos_test.go:645: mixed provisional result observation: p99=14.359027011s max=14.359027011s (fan-out parent still measured from quorum)
mixed	Replay consecutive mixed workflow seeds	2026-10-01T03:27:50.1107402Z     mixed_process_chaos_test.go:685: restarted node WF_JRN ready in 1.257516ms after 1 attempts
mixed	Replay consecutive mixed workflow seeds	2026-10-01T03:27:50.1272655Z     mixed_process_chaos_test.go:761: restarted node terminal type=mixedtimer id=mixed-00-0 audit=12.608895ms
mixed	Replay consecutive mixed workflow seeds	2026-10-01T03:27:50.1273895Z     mixed_process_chaos_test.go:761: restarted node terminal type=mixedshort id=mixed-01-0 audit=12.672497ms
mixed	Replay consecutive mixed workflow seeds	2026-10-01T03:27:50.1275911Z     mixed_process_chaos_test.go:761: restarted node terminal type=mixedtimer id=mixed-02-0 audit=12.976015ms
mixed	Replay consecutive mixed workflow seeds	2026-10-01T03:27:50.1277309Z     mixed_process_chaos_test.go:761: restarted node terminal type=mixedshort id=mixed-03-0 audit=14.551055ms
mixed	Replay consecutive mixed workflow seeds	2026-10-01T03:27:50.1279081Z     mixed_process_chaos_test.go:761: restarted node terminal type=mixedshort id=mixed-04-0 audit=14.510328ms
mixed	Replay consecutive mixed workflow seeds	2026-10-01T03:27:50.1282375Z     mixed_process_chaos_test.go:761: restarted node terminal type=mixedshort id=mixed-05-0 audit=14.506501ms
mixed	Replay consecutive mixed workflow seeds	2026-10-01T03:27:50.1284970Z     mixed_process_chaos_test.go:761: restarted node terminal type=mixedsignal id=mixed-06-0 audit=12.590454ms
mixed	Replay consecutive mixed workflow seeds	2026-10-01T03:27:50.1286711Z     mixed_process_chaos_test.go:761: restarted node terminal type=mixedsignal id=mixed-07-0 audit=12.902096ms
mixed	Replay consecutive mixed workflow seeds	2026-10-01T03:27:50.1288408Z     mixed_process_chaos_test.go:761: restarted node terminal type=mixedtimer id=mixed-08-0 audit=16.402223ms
mixed	Replay consecutive mixed workflow seeds	2026-10-01T03:27:50.1290333Z     mixed_process_chaos_test.go:761: restarted node terminal type=mixedfanout id=mixed-09-0 audit=15.06543ms
mixed	Replay consecutive mixed workflow seeds	2026-10-01T03:27:50.1292352Z     mixed_process_chaos_test.go:772: restarted node child id=c-2c0427b405f6e5cf41a7a5dd2529625c audit=15.721442ms
mixed	Replay consecutive mixed workflow seeds	2026-10-01T03:27:50.1293933Z     mixed_process_chaos_test.go:772: restarted node child id=c-61a693bbe622d9d1cff620a5ba2cda7f audit=14.359996ms
mixed	Replay consecutive mixed workflow seeds	2026-10-01T03:27:50.1295591Z     mixed_process_chaos_test.go:772: restarted node child id=c-3e3e4c70156e3fee9852004ca5949da3 audit=14.989758ms
mixed	Replay consecutive mixed workflow seeds	2026-10-01T03:27:50.1297334Z     mixed_process_chaos_test.go:772: restarted node child id=c-2d7fcc22d483fcf51ba57e3b2077e464 audit=15.672691ms
mixed	Replay consecutive mixed workflow seeds	2026-10-01T03:27:50.1299064Z     mixed_process_chaos_test.go:772: restarted node child id=c-1eaf330c748a119ebeda4a23d05429de audit=15.171699ms
mixed	Replay consecutive mixed workflow seeds	2026-10-01T03:27:50.1301145Z     mixed_process_chaos_test.go:772: restarted node child id=c-708e303ec63ebd5c030bc9ab47ec7aac audit=14.785384ms
mixed	Replay consecutive mixed workflow seeds	2026-10-01T03:27:50.1303005Z     mixed_process_chaos_test.go:779: restarted node grandchild id=c-425aa24102bf9165ef736361fbbfbb9e audit=14.768054ms
mixed	Replay consecutive mixed workflow seeds	2026-10-01T03:27:50.1305488Z     mixed_process_chaos_test.go:779: restarted node grandchild id=c-81df727d0b247de4898e89bde451172f audit=16.156801ms
mixed	Replay consecutive mixed workflow seeds	2026-10-01T03:27:50.1307586Z     mixed_process_chaos_test.go:779: restarted node grandchild id=c-8129cf1d1fd8e3a209b19b528165f4df audit=15.756899ms
mixed	Replay consecutive mixed workflow seeds	2026-10-01T03:27:50.1309798Z     mixed_process_chaos_test.go:779: restarted node grandchild id=c-26514356ab5a5acbf20ad5ce3acc8168 audit=14.487045ms
mixed	Replay consecutive mixed workflow seeds	2026-10-01T03:27:50.1312284Z     mixed_process_chaos_test.go:779: restarted node grandchild id=c-a879b3a6c93c88e46e7761b1e78637a2 audit=14.686639ms
mixed	Replay consecutive mixed workflow seeds	2026-10-01T03:27:50.1314775Z     mixed_process_chaos_test.go:779: restarted node grandchild id=c-535b8aa9db45ad629d92ad1b11208e82 audit=14.435226ms
mixed	Replay consecutive mixed workflow seeds	2026-10-01T03:27:50.1317131Z     mixed_process_chaos_test.go:779: restarted node grandchild id=c-ce30b309161f5923793aaf2cbc016d4e audit=14.178976ms
mixed	Replay consecutive mixed workflow seeds	2026-10-01T03:27:50.1319852Z     mixed_process_chaos_test.go:779: restarted node grandchild id=c-e1b3e514a9d31e1c0ae0fcf9d9dcde03 audit=14.38373ms
mixed	Replay consecutive mixed workflow seeds	2026-10-01T03:27:50.1322775Z     mixed_process_chaos_test.go:779: restarted node grandchild id=c-bb5f73df9b542dac375d03b4ea875933 audit=15.442519ms
mixed	Replay consecutive mixed workflow seeds	2026-10-01T03:27:50.1325433Z     mixed_process_chaos_test.go:779: restarted node grandchild id=c-01365f6a38e7c1ac2db485fc10fda086 audit=16.039891ms
mixed	Replay consecutive mixed workflow seeds	2026-10-01T03:27:50.1329775Z     mixed_process_chaos_test.go:779: restarted node grandchild id=c-a44599fc4037c49e5e71abfb8f6d759c audit=15.74034ms
mixed	Replay consecutive mixed workflow seeds	2026-10-01T03:27:50.1332664Z     mixed_process_chaos_test.go:779: restarted node grandchild id=c-e14a2648bb4377e8830f7b0584cfd294 audit=13.129232ms
mixed	Replay consecutive mixed workflow seeds	2026-10-01T03:27:50.1335792Z     mixed_process_chaos_test.go:807: survivor node 2 WF_SIG ready in 795.681µs after 1 attempts
mixed	Replay consecutive mixed workflow seeds	2026-10-01T03:27:50.1337667Z     mixed_process_chaos_test.go:830: mixed terminal type=mixedtimer id=mixed-00-0 latency=4.130610182s
mixed	Replay consecutive mixed workflow seeds	2026-10-01T03:27:50.1342046Z     mixed_process_chaos_test.go:830: mixed terminal type=mixedshort id=mixed-01-0 latency=3.363290489s
mixed	Replay consecutive mixed workflow seeds	2026-10-01T03:27:50.1345781Z     mixed_process_chaos_test.go:830: mixed terminal type=mixedtimer id=mixed-02-0 latency=4.54667119s
mixed	Replay consecutive mixed workflow seeds	2026-10-01T03:27:50.1347747Z     mixed_process_chaos_test.go:830: mixed terminal type=mixedshort id=mixed-03-0 latency=3.496841017s
mixed	Replay consecutive mixed workflow seeds	2026-10-01T03:27:50.1354647Z     mixed_process_chaos_test.go:830: mixed terminal type=mixedshort id=mixed-04-0 latency=3.363281983s
mixed	Replay consecutive mixed workflow seeds	2026-10-01T03:27:50.1359510Z     mixed_process_chaos_test.go:830: mixed terminal type=mixedshort id=mixed-05-0 latency=3.495304422s
mixed	Replay consecutive mixed workflow seeds	2026-10-01T03:27:50.1361061Z     mixed_process_chaos_test.go:830: mixed terminal type=mixedsignal id=mixed-06-0 latency=3.565973618s
mixed	Replay consecutive mixed workflow seeds	2026-10-01T03:27:50.1362501Z     mixed_process_chaos_test.go:830: mixed terminal type=mixedsignal id=mixed-07-0 latency=3.354105051s
mixed	Replay consecutive mixed workflow seeds	2026-10-01T03:27:50.1364065Z     mixed_process_chaos_test.go:830: mixed terminal type=mixedtimer id=mixed-08-0 latency=4.835150565s
mixed	Replay consecutive mixed workflow seeds	2026-10-01T03:27:50.1365608Z     mixed_process_chaos_test.go:830: mixed terminal type=mixedfanout id=mixed-09-0 latency=626.837087ms
mixed	Replay consecutive mixed workflow seeds	2026-10-01T03:27:50.1367645Z     mixed_process_chaos_test.go:845: mixed terminal type=mixedchild id=c-2c0427b405f6e5cf41a7a5dd2529625c latency=608.465991ms
mixed	Replay consecutive mixed workflow seeds	2026-10-01T03:27:50.1369529Z     mixed_process_chaos_test.go:845: mixed terminal type=mixedchild id=c-61a693bbe622d9d1cff620a5ba2cda7f latency=583.223769ms
mixed	Replay consecutive mixed workflow seeds	2026-10-01T03:27:50.1371656Z     mixed_process_chaos_test.go:845: mixed terminal type=mixedchild id=c-3e3e4c70156e3fee9852004ca5949da3 latency=443.679041ms
mixed	Replay consecutive mixed workflow seeds	2026-10-01T03:27:50.1373575Z     mixed_process_chaos_test.go:845: mixed terminal type=mixedchild id=c-2d7fcc22d483fcf51ba57e3b2077e464 latency=559.197965ms
mixed	Replay consecutive mixed workflow seeds	2026-10-01T03:27:50.1375552Z     mixed_process_chaos_test.go:845: mixed terminal type=mixedchild id=c-1eaf330c748a119ebeda4a23d05429de latency=302.591226ms
mixed	Replay consecutive mixed workflow seeds	2026-10-01T03:27:50.1377337Z     mixed_process_chaos_test.go:845: mixed terminal type=mixedchild id=c-708e303ec63ebd5c030bc9ab47ec7aac latency=607.3884ms
mixed	Replay consecutive mixed workflow seeds	2026-10-01T03:27:50.1379031Z     mixed_process_chaos_test.go:853: mixed terminal type=mixedgrandchild id=c-425aa24102bf9165ef736361fbbfbb9e latency=11.439487171s
mixed	Replay consecutive mixed workflow seeds	2026-10-01T03:27:50.1380861Z     mixed_process_chaos_test.go:853: mixed terminal type=mixedgrandchild id=c-81df727d0b247de4898e89bde451172f latency=8.713157304s
mixed	Replay consecutive mixed workflow seeds	2026-10-01T03:27:50.1382968Z     mixed_process_chaos_test.go:853: mixed terminal type=mixedgrandchild id=c-8129cf1d1fd8e3a209b19b528165f4df latency=4.887607524s
mixed	Replay consecutive mixed workflow seeds	2026-10-01T03:27:50.1384841Z     mixed_process_chaos_test.go:853: mixed terminal type=mixedgrandchild id=c-26514356ab5a5acbf20ad5ce3acc8168 latency=4.623946513s
mixed	Replay consecutive mixed workflow seeds	2026-10-01T03:27:50.1386737Z     mixed_process_chaos_test.go:853: mixed terminal type=mixedgrandchild id=c-a879b3a6c93c88e46e7761b1e78637a2 latency=4.887613855s
mixed	Replay consecutive mixed workflow seeds	2026-10-01T03:27:50.1388553Z     mixed_process_chaos_test.go:853: mixed terminal type=mixedgrandchild id=c-535b8aa9db45ad629d92ad1b11208e82 latency=11.439383396s
mixed	Replay consecutive mixed workflow seeds	2026-10-01T03:27:50.1390140Z     mixed_process_chaos_test.go:853: mixed terminal type=mixedgrandchild id=c-ce30b309161f5923793aaf2cbc016d4e latency=11.439682017s
mixed	Replay consecutive mixed workflow seeds	2026-10-01T03:27:50.1392312Z     mixed_process_chaos_test.go:853: mixed terminal type=mixedgrandchild id=c-e1b3e514a9d31e1c0ae0fcf9d9dcde03 latency=12.077914854s
mixed	Replay consecutive mixed workflow seeds	2026-10-01T03:27:50.1393990Z     mixed_process_chaos_test.go:853: mixed terminal type=mixedgrandchild id=c-bb5f73df9b542dac375d03b4ea875933 latency=12.048066297s
mixed	Replay consecutive mixed workflow seeds	2026-10-01T03:27:50.1395480Z     mixed_process_chaos_test.go:853: mixed terminal type=mixedgrandchild id=c-01365f6a38e7c1ac2db485fc10fda086 latency=13.392758145s
mixed	Replay consecutive mixed workflow seeds	2026-10-01T03:27:50.1398438Z     mixed_process_chaos_test.go:853: mixed terminal type=mixedgrandchild id=c-a44599fc4037c49e5e71abfb8f6d759c latency=11.439456173s
mixed	Replay consecutive mixed workflow seeds	2026-10-01T03:27:50.1400710Z     mixed_process_chaos_test.go:853: mixed terminal type=mixedgrandchild id=c-e14a2648bb4377e8830f7b0584cfd294 latency=4.650160664s
mixed	Replay consecutive mixed workflow seeds	2026-10-01T03:27:50.1402640Z     mixed_process_chaos_test.go:857: mixed terminal p99 from last enabling event=13.392758145s across 28 invocations
mixed	Replay consecutive mixed workflow seeds	2026-10-01T03:27:50.1411039Z     mixed_process_chaos_test.go:858: mixed workers before={LeaseAcquisitions:57 LeaseContentions:26 LeaseAcquireFailures:0 FencingEvents:6 HandoffEnqueues:6 Redeliveries:38 EnqueueToLeaseSamples:57 EnqueueToLeaseTotal:3m47.628385411s EnqueueToLeaseMaximum:16.677159863s EnqueueToLeaseBuckets:[13 15 4 16 9 0] TimersScheduled:24 TimersFired:24 TimerLateTotal:4.432502183s TimerLateMaximum:235.12531ms TimerLateBuckets:[1 23 0 0 0 0] CancelledTimerNoOps:0} after={LeaseAcquisitions:37 LeaseContentions:60 LeaseAcquireFailures:0 FencingEvents:0 HandoffEnqueues:0 Redeliveries:29 EnqueueToLeaseSamples:37 EnqueueToLeaseTotal:6m25.584733989s EnqueueToLeaseMaximum:25.476213581s EnqueueToLeaseBuckets:[0 11 1 8 17 0] TimersScheduled:0 TimersFired:0 TimerLateTotal:0s TimerLateMaximum:0s TimerLateBuckets:[0 0 0 0 0 0] CancelledTimerNoOps:0}
mixed	Replay consecutive mixed workflow seeds	2026-10-01T03:27:55.2898248Z --- PASS: TestMixedWorkflowsRecoverFromFourServerFaults (37.60s)
mixed	Replay consecutive mixed workflow seeds	2026-10-01T03:27:55.2898971Z PASS
mixed	Replay consecutive mixed workflow seeds	2026-10-01T03:27:55.2911366Z ok  	js-wf/integration	37.602s
mixed	Replay consecutive mixed workflow seeds	2026-10-01T03:27:55.3081829Z Mixed workflow seed 6 (1..20)
mixed	Replay consecutive mixed workflow seeds	2026-10-01T03:27:55.9858993Z === RUN   TestMixedWorkflowsRecoverFromFourServerFaults
mixed	Replay consecutive mixed workflow seeds	2026-10-01T03:28:01.7927870Z     mixed_process_chaos_test.go:478: FAULT_SEED=6 FAULT_SCHEDULE=mixed-four-faults-6.json
mixed	Replay consecutive mixed workflow seeds	2026-10-01T03:28:18.8140630Z     mixed_process_chaos_test.go:628: post-heal signal repair inspected=36 reenqueued=36
mixed	Replay consecutive mixed workflow seeds	2026-10-01T03:28:18.8142097Z     mixed_process_chaos_test.go:640: mixed recovery type=mixedshort id=mixed-03-0 latency=4.559216509s
mixed	Replay consecutive mixed workflow seeds	2026-10-01T03:28:18.8143592Z     mixed_process_chaos_test.go:640: mixed recovery type=mixedshort id=mixed-00-0 latency=4.559933156s
mixed	Replay consecutive mixed workflow seeds	2026-10-01T03:28:19.2856718Z     mixed_process_chaos_test.go:640: mixed recovery type=mixedshort id=mixed-02-0 latency=5.322457281s
mixed	Replay consecutive mixed workflow seeds	2026-10-01T03:28:21.9004278Z     mixed_process_chaos_test.go:640: mixed recovery type=mixedshort id=mixed-06-0 latency=7.937191557s
mixed	Replay consecutive mixed workflow seeds	2026-10-01T03:28:26.8768222Z     mixed_process_chaos_test.go:640: mixed recovery type=mixedtimer id=mixed-07-0 latency=12.916643532s
mixed	Replay consecutive mixed workflow seeds	2026-10-01T03:28:28.7902501Z     mixed_process_chaos_test.go:640: mixed recovery type=mixedtimer id=mixed-01-0 latency=14.830159007s
mixed	Replay consecutive mixed workflow seeds	2026-10-01T03:28:28.7903422Z     mixed_process_chaos_test.go:640: mixed recovery type=mixedtimer id=mixed-04-0 latency=14.830178228s
mixed	Replay consecutive mixed workflow seeds	2026-10-01T03:28:37.6788250Z     mixed_process_chaos_test.go:640: mixed recovery type=mixedsignal id=mixed-08-0 latency=19.318887109s
mixed	Replay consecutive mixed workflow seeds	2026-10-01T03:28:38.0010655Z     mixed_process_chaos_test.go:640: mixed recovery type=mixedsignal id=mixed-05-0 latency=20.737326074s
mixed	Replay consecutive mixed workflow seeds	2026-10-01T03:28:38.0784485Z     mixed_process_chaos_test.go:640: mixed recovery type=mixedfanout id=mixed-09-0 latency=24.11841733s
mixed	Replay consecutive mixed workflow seeds	2026-10-01T03:28:38.0787876Z     mixed_process_chaos_test.go:645: mixed provisional result observation: p99=24.11841733s max=24.11841733s (fan-out parent still measured from quorum)
mixed	Replay consecutive mixed workflow seeds	2026-10-01T03:28:38.1365109Z     mixed_process_chaos_test.go:685: restarted node WF_JRN ready in 1.656984ms after 1 attempts
mixed	Replay consecutive mixed workflow seeds	2026-10-01T03:28:43.2496973Z     mixed_process_chaos_test.go:761: restarted node terminal type=mixedshort id=mixed-00-0 audit=5.11140802s
mixed	Replay consecutive mixed workflow seeds	2026-10-01T03:28:43.2498680Z     mixed_process_chaos_test.go:761: restarted node terminal type=mixedtimer id=mixed-01-0 audit=5.10560692s
mixed	Replay consecutive mixed workflow seeds	2026-10-01T03:28:43.2501138Z     mixed_process_chaos_test.go:761: restarted node terminal type=mixedshort id=mixed-02-0 audit=5.10854161s
mixed	Replay consecutive mixed workflow seeds	2026-10-01T03:28:43.2502858Z     mixed_process_chaos_test.go:761: restarted node terminal type=mixedshort id=mixed-03-0 audit=5.11230598s
mixed	Replay consecutive mixed workflow seeds	2026-10-01T03:28:43.2504652Z     mixed_process_chaos_test.go:761: restarted node terminal type=mixedtimer id=mixed-04-0 audit=5.112359566s
mixed	Replay consecutive mixed workflow seeds	2026-10-01T03:28:43.2506306Z     mixed_process_chaos_test.go:761: restarted node terminal type=mixedsignal id=mixed-05-0 audit=5.112690452s
mixed	Replay consecutive mixed workflow seeds	2026-10-01T03:28:43.2507938Z     mixed_process_chaos_test.go:761: restarted node terminal type=mixedshort id=mixed-06-0 audit=5.111404724s
mixed	Replay consecutive mixed workflow seeds	2026-10-01T03:28:43.2509546Z     mixed_process_chaos_test.go:761: restarted node terminal type=mixedtimer id=mixed-07-0 audit=5.112314461s
mixed	Replay consecutive mixed workflow seeds	2026-10-01T03:28:43.2517732Z     mixed_process_chaos_test.go:761: restarted node terminal type=mixedsignal id=mixed-08-0 audit=5.112295448s
mixed	Replay consecutive mixed workflow seeds	2026-10-01T03:28:43.2519333Z     mixed_process_chaos_test.go:761: restarted node terminal type=mixedfanout id=mixed-09-0 audit=5.112678369s
mixed	Replay consecutive mixed workflow seeds	2026-10-01T03:28:43.2521170Z     mixed_process_chaos_test.go:772: restarted node child id=c-2c0427b405f6e5cf41a7a5dd2529625c audit=5.111569133s
mixed	Replay consecutive mixed workflow seeds	2026-10-01T03:28:43.2522847Z     mixed_process_chaos_test.go:772: restarted node child id=c-61a693bbe622d9d1cff620a5ba2cda7f audit=5.112644655s
mixed	Replay consecutive mixed workflow seeds	2026-10-01T03:28:43.2524599Z     mixed_process_chaos_test.go:772: restarted node child id=c-3e3e4c70156e3fee9852004ca5949da3 audit=5.112910457s
mixed	Replay consecutive mixed workflow seeds	2026-10-01T03:28:43.2526330Z     mixed_process_chaos_test.go:772: restarted node child id=c-2d7fcc22d483fcf51ba57e3b2077e464 audit=5.113049498s
mixed	Replay consecutive mixed workflow seeds	2026-10-01T03:28:43.2527802Z     mixed_process_chaos_test.go:772: restarted node child id=c-1eaf330c748a119ebeda4a23d05429de audit=5.106371627s
mixed	Replay consecutive mixed workflow seeds	2026-10-01T03:28:43.2530129Z     mixed_process_chaos_test.go:772: restarted node child id=c-708e303ec63ebd5c030bc9ab47ec7aac audit=5.112712424s
mixed	Replay consecutive mixed workflow seeds	2026-10-01T03:28:43.2531927Z     mixed_process_chaos_test.go:779: restarted node grandchild id=c-425aa24102bf9165ef736361fbbfbb9e audit=5.112710471s
mixed	Replay consecutive mixed workflow seeds	2026-10-01T03:28:43.2533646Z     mixed_process_chaos_test.go:779: restarted node grandchild id=c-81df727d0b247de4898e89bde451172f audit=5.108515654s
mixed	Replay consecutive mixed workflow seeds	2026-10-01T03:28:43.2535461Z     mixed_process_chaos_test.go:779: restarted node grandchild id=c-8129cf1d1fd8e3a209b19b528165f4df audit=5.112353547s
mixed	Replay consecutive mixed workflow seeds	2026-10-01T03:28:43.2537356Z     mixed_process_chaos_test.go:779: restarted node grandchild id=c-26514356ab5a5acbf20ad5ce3acc8168 audit=5.111480989s
mixed	Replay consecutive mixed workflow seeds	2026-10-01T03:28:43.2538813Z     mixed_process_chaos_test.go:779: restarted node grandchild id=c-a879b3a6c93c88e46e7761b1e78637a2 audit=5.111384397s
mixed	Replay consecutive mixed workflow seeds	2026-10-01T03:28:43.2540534Z     mixed_process_chaos_test.go:779: restarted node grandchild id=c-535b8aa9db45ad629d92ad1b11208e82 audit=5.112670396s
mixed	Replay consecutive mixed workflow seeds	2026-10-01T03:28:43.2542016Z     mixed_process_chaos_test.go:779: restarted node grandchild id=c-ce30b309161f5923793aaf2cbc016d4e audit=5.112263247s
mixed	Replay consecutive mixed workflow seeds	2026-10-01T03:28:43.2543739Z     mixed_process_chaos_test.go:779: restarted node grandchild id=c-e1b3e514a9d31e1c0ae0fcf9d9dcde03 audit=5.11162533s
mixed	Replay consecutive mixed workflow seeds	2026-10-01T03:28:43.2545029Z     mixed_process_chaos_test.go:779: restarted node grandchild id=c-bb5f73df9b542dac375d03b4ea875933 audit=5.112658894s
mixed	Replay consecutive mixed workflow seeds	2026-10-01T03:28:43.2546433Z     mixed_process_chaos_test.go:779: restarted node grandchild id=c-01365f6a38e7c1ac2db485fc10fda086 audit=5.112255443s
mixed	Replay consecutive mixed workflow seeds	2026-10-01T03:28:43.2547999Z     mixed_process_chaos_test.go:779: restarted node grandchild id=c-a44599fc4037c49e5e71abfb8f6d759c audit=5.111045009s
mixed	Replay consecutive mixed workflow seeds	2026-10-01T03:28:43.2549344Z     mixed_process_chaos_test.go:779: restarted node grandchild id=c-e14a2648bb4377e8830f7b0584cfd294 audit=5.11243883s
mixed	Replay consecutive mixed workflow seeds	2026-10-01T03:28:43.2551206Z     mixed_process_chaos_test.go:807: survivor node 1 WF_SIG ready in 1.106048ms after 1 attempts
mixed	Replay consecutive mixed workflow seeds	2026-10-01T03:28:43.2552751Z     mixed_process_chaos_test.go:830: mixed terminal type=mixedshort id=mixed-00-0 latency=4.449580966s
mixed	Replay consecutive mixed workflow seeds	2026-10-01T03:28:43.2554016Z     mixed_process_chaos_test.go:830: mixed terminal type=mixedtimer id=mixed-01-0 latency=14.773093446s
mixed	Replay consecutive mixed workflow seeds	2026-10-01T03:28:43.2555331Z     mixed_process_chaos_test.go:830: mixed terminal type=mixedshort id=mixed-02-0 latency=5.213708267s
mixed	Replay consecutive mixed workflow seeds	2026-10-01T03:28:43.2556994Z     mixed_process_chaos_test.go:830: mixed terminal type=mixedshort id=mixed-03-0 latency=4.503238093s
mixed	Replay consecutive mixed workflow seeds	2026-10-01T03:28:43.2558128Z     mixed_process_chaos_test.go:830: mixed terminal type=mixedtimer id=mixed-04-0 latency=14.719972256s
mixed	Replay consecutive mixed workflow seeds	2026-10-01T03:28:43.2559716Z     mixed_process_chaos_test.go:830: mixed terminal type=mixedsignal id=mixed-05-0 latency=20.745683742s
mixed	Replay consecutive mixed workflow seeds	2026-10-01T03:28:43.2561421Z     mixed_process_chaos_test.go:830: mixed terminal type=mixedshort id=mixed-06-0 latency=7.881164154s
mixed	Replay consecutive mixed workflow seeds	2026-10-01T03:28:43.2563058Z     mixed_process_chaos_test.go:830: mixed terminal type=mixedtimer id=mixed-07-0 latency=12.864589754s
mixed	Replay consecutive mixed workflow seeds	2026-10-01T03:28:43.2564436Z     mixed_process_chaos_test.go:830: mixed terminal type=mixedsignal id=mixed-08-0 latency=19.322709247s
mixed	Replay consecutive mixed workflow seeds	2026-10-01T03:28:43.2565484Z     mixed_process_chaos_test.go:830: mixed terminal type=mixedfanout id=mixed-09-0 latency=5.607214824s
mixed	Replay consecutive mixed workflow seeds	2026-10-01T03:28:43.2567203Z     mixed_process_chaos_test.go:845: mixed terminal type=mixedchild id=c-2c0427b405f6e5cf41a7a5dd2529625c latency=3.071975865s
mixed	Replay consecutive mixed workflow seeds	2026-10-01T03:28:43.2569142Z     mixed_process_chaos_test.go:845: mixed terminal type=mixedchild id=c-61a693bbe622d9d1cff620a5ba2cda7f latency=5.261250447s
mixed	Replay consecutive mixed workflow seeds	2026-10-01T03:28:43.2571120Z     mixed_process_chaos_test.go:845: mixed terminal type=mixedchild id=c-3e3e4c70156e3fee9852004ca5949da3 latency=3.752813567s
mixed	Replay consecutive mixed workflow seeds	2026-10-01T03:28:43.2572513Z     mixed_process_chaos_test.go:845: mixed terminal type=mixedchild id=c-2d7fcc22d483fcf51ba57e3b2077e464 latency=5.085235704s
mixed	Replay consecutive mixed workflow seeds	2026-10-01T03:28:43.2574216Z     mixed_process_chaos_test.go:845: mixed terminal type=mixedchild id=c-1eaf330c748a119ebeda4a23d05429de latency=5.186662092s
mixed	Replay consecutive mixed workflow seeds	2026-10-01T03:28:43.2575912Z     mixed_process_chaos_test.go:845: mixed terminal type=mixedchild id=c-708e303ec63ebd5c030bc9ab47ec7aac latency=7.181511369s
mixed	Replay consecutive mixed workflow seeds	2026-10-01T03:28:43.2577846Z     mixed_process_chaos_test.go:853: mixed terminal type=mixedgrandchild id=c-425aa24102bf9165ef736361fbbfbb9e latency=14.271259738s
mixed	Replay consecutive mixed workflow seeds	2026-10-01T03:28:43.2579250Z     mixed_process_chaos_test.go:853: mixed terminal type=mixedgrandchild id=c-81df727d0b247de4898e89bde451172f latency=14.562970887s
mixed	Replay consecutive mixed workflow seeds	2026-10-01T03:28:43.2581028Z     mixed_process_chaos_test.go:853: mixed terminal type=mixedgrandchild id=c-8129cf1d1fd8e3a209b19b528165f4df latency=4.957510674s
mixed	Replay consecutive mixed workflow seeds	2026-10-01T03:28:43.2582845Z     mixed_process_chaos_test.go:853: mixed terminal type=mixedgrandchild id=c-26514356ab5a5acbf20ad5ce3acc8168 latency=5.267342815s
mixed	Replay consecutive mixed workflow seeds	2026-10-01T03:28:43.2584189Z     mixed_process_chaos_test.go:853: mixed terminal type=mixedgrandchild id=c-a879b3a6c93c88e46e7761b1e78637a2 latency=3.494684937s
mixed	Replay consecutive mixed workflow seeds	2026-10-01T03:28:43.2586194Z     mixed_process_chaos_test.go:853: mixed terminal type=mixedgrandchild id=c-535b8aa9db45ad629d92ad1b11208e82 latency=10.677472172s
mixed	Replay consecutive mixed workflow seeds	2026-10-01T03:28:43.2588243Z     mixed_process_chaos_test.go:853: mixed terminal type=mixedgrandchild id=c-ce30b309161f5923793aaf2cbc016d4e latency=12.35151051s
mixed	Replay consecutive mixed workflow seeds	2026-10-01T03:28:43.2590534Z     mixed_process_chaos_test.go:853: mixed terminal type=mixedgrandchild id=c-e1b3e514a9d31e1c0ae0fcf9d9dcde03 latency=13.355077767s
mixed	Replay consecutive mixed workflow seeds	2026-10-01T03:28:43.2592575Z     mixed_process_chaos_test.go:853: mixed terminal type=mixedgrandchild id=c-bb5f73df9b542dac375d03b4ea875933 latency=9.190702489s
mixed	Replay consecutive mixed workflow seeds	2026-10-01T03:28:43.2594261Z     mixed_process_chaos_test.go:853: mixed terminal type=mixedgrandchild id=c-01365f6a38e7c1ac2db485fc10fda086 latency=4.720143309s
mixed	Replay consecutive mixed workflow seeds	2026-10-01T03:28:43.2595974Z     mixed_process_chaos_test.go:853: mixed terminal type=mixedgrandchild id=c-a44599fc4037c49e5e71abfb8f6d759c latency=4.009384054s
mixed	Replay consecutive mixed workflow seeds	2026-10-01T03:28:43.2597602Z     mixed_process_chaos_test.go:853: mixed terminal type=mixedgrandchild id=c-e14a2648bb4377e8830f7b0584cfd294 latency=4.666098157s
mixed	Replay consecutive mixed workflow seeds	2026-10-01T03:28:43.2599473Z     mixed_process_chaos_test.go:857: mixed terminal p99 from last enabling event=20.745683742s across 28 invocations
mixed	Replay consecutive mixed workflow seeds	2026-10-01T03:28:43.2607024Z     mixed_process_chaos_test.go:858: mixed workers before={LeaseAcquisitions:63 LeaseContentions:86 LeaseAcquireFailures:0 FencingEvents:4 HandoffEnqueues:4 Redeliveries:91 EnqueueToLeaseSamples:63 EnqueueToLeaseTotal:12m28.254453156s EnqueueToLeaseMaximum:27.861074503s EnqueueToLeaseBuckets:[12 5 7 5 34 0] TimersScheduled:24 TimersFired:16 TimerLateTotal:59.549068122s TimerLateMaximum:3.765857815s TimerLateBuckets:[0 0 0 16 0 0] CancelledTimerNoOps:0} after={LeaseAcquisitions:51 LeaseContentions:123 LeaseAcquireFailures:8 FencingEvents:0 HandoffEnqueues:0 Redeliveries:130 EnqueueToLeaseSamples:51 EnqueueToLeaseTotal:14m47.188818125s EnqueueToLeaseMaximum:27.489083603s EnqueueToLeaseBuckets:[0 0 2 6 43 0] TimersScheduled:0 TimersFired:8 TimerLateTotal:29.711190651s TimerLateMaximum:3.751727452s TimerLateBuckets:[0 0 0 8 0 0] CancelledTimerNoOps:0}
mixed	Replay consecutive mixed workflow seeds	2026-10-01T03:28:43.5078589Z --- PASS: TestMixedWorkflowsRecoverFromFourServerFaults (47.52s)
mixed	Replay consecutive mixed workflow seeds	2026-10-01T03:28:43.5079314Z PASS
mixed	Replay consecutive mixed workflow seeds	2026-10-01T03:28:43.5091559Z ok  	js-wf/integration	47.527s
mixed	Replay consecutive mixed workflow seeds	2026-10-01T03:28:43.5267366Z Mixed workflow seed 7 (1..20)
mixed	Replay consecutive mixed workflow seeds	2026-10-01T03:28:44.2052689Z === RUN   TestMixedWorkflowsRecoverFromFourServerFaults
mixed	Replay consecutive mixed workflow seeds	2026-10-01T03:28:50.0120659Z     mixed_process_chaos_test.go:478: FAULT_SEED=7 FAULT_SCHEDULE=mixed-four-faults-7.json
mixed	Replay consecutive mixed workflow seeds	2026-10-01T03:29:15.9187017Z     mixed_process_chaos_test.go:628: post-heal signal repair inspected=50 reenqueued=7
mixed	Replay consecutive mixed workflow seeds	2026-10-01T03:29:15.9189104Z     mixed_process_chaos_test.go:640: mixed recovery type=mixedshort id=mixed-02-0 latency=906.57911ms
mixed	Replay consecutive mixed workflow seeds	2026-10-01T03:29:15.9190650Z     mixed_process_chaos_test.go:640: mixed recovery type=mixedtimer id=mixed-06-0 latency=3.691520601s
mixed	Replay consecutive mixed workflow seeds	2026-10-01T03:29:15.9191485Z     mixed_process_chaos_test.go:640: mixed recovery type=mixedshort id=mixed-08-0 latency=3.969438937s
mixed	Replay consecutive mixed workflow seeds	2026-10-01T03:29:15.9193362Z     mixed_process_chaos_test.go:640: mixed recovery type=mixedshort id=mixed-07-0 latency=4.255843915s
mixed	Replay consecutive mixed workflow seeds	2026-10-01T03:29:15.9194882Z     mixed_process_chaos_test.go:640: mixed recovery type=mixedshort id=mixed-04-0 latency=4.256609046s
mixed	Replay consecutive mixed workflow seeds	2026-10-01T03:29:15.9196104Z     mixed_process_chaos_test.go:640: mixed recovery type=mixedtimer id=mixed-05-0 latency=8.043296687s
mixed	Replay consecutive mixed workflow seeds	2026-10-01T03:29:15.9196899Z     mixed_process_chaos_test.go:640: mixed recovery type=mixedtimer id=mixed-01-0 latency=8.135406922s
mixed	Replay consecutive mixed workflow seeds	2026-10-01T03:29:15.9197671Z     mixed_process_chaos_test.go:640: mixed recovery type=mixedsignal id=mixed-00-0 latency=3.642824951s
mixed	Replay consecutive mixed workflow seeds	2026-10-01T03:29:15.9198455Z     mixed_process_chaos_test.go:640: mixed recovery type=mixedfanout id=mixed-09-0 latency=13.581483285s
mixed	Replay consecutive mixed workflow seeds	2026-10-01T03:29:18.0255593Z     mixed_process_chaos_test.go:640: mixed recovery type=mixedsignal id=mixed-03-0 latency=4.341889699s
mixed	Replay consecutive mixed workflow seeds	2026-10-01T03:29:18.0271110Z     mixed_process_chaos_test.go:645: mixed provisional result observation: p99=13.581483285s max=13.581483285s (fan-out parent still measured from quorum)
mixed	Replay consecutive mixed workflow seeds	2026-10-01T03:29:18.0827653Z     mixed_process_chaos_test.go:685: restarted node WF_JRN ready in 1.196376ms after 1 attempts
mixed	Replay consecutive mixed workflow seeds	2026-10-01T03:29:18.0965590Z     mixed_process_chaos_test.go:761: restarted node terminal type=mixedsignal id=mixed-00-0 audit=12.772168ms
mixed	Replay consecutive mixed workflow seeds	2026-10-01T03:29:18.0967405Z     mixed_process_chaos_test.go:761: restarted node terminal type=mixedtimer id=mixed-01-0 audit=13.675906ms
mixed	Replay consecutive mixed workflow seeds	2026-10-01T03:29:18.0968812Z     mixed_process_chaos_test.go:761: restarted node terminal type=mixedshort id=mixed-02-0 audit=12.720441ms
mixed	Replay consecutive mixed workflow seeds	2026-10-01T03:29:18.0970764Z     mixed_process_chaos_test.go:761: restarted node terminal type=mixedsignal id=mixed-03-0 audit=12.759714ms
mixed	Replay consecutive mixed workflow seeds	2026-10-01T03:29:18.0972502Z     mixed_process_chaos_test.go:761: restarted node terminal type=mixedshort id=mixed-04-0 audit=12.72073ms
mixed	Replay consecutive mixed workflow seeds	2026-10-01T03:29:18.0974423Z     mixed_process_chaos_test.go:761: restarted node terminal type=mixedtimer id=mixed-05-0 audit=13.738704ms
mixed	Replay consecutive mixed workflow seeds	2026-10-01T03:29:18.0976161Z     mixed_process_chaos_test.go:761: restarted node terminal type=mixedtimer id=mixed-06-0 audit=8.373475ms
mixed	Replay consecutive mixed workflow seeds	2026-10-01T03:29:18.0977860Z     mixed_process_chaos_test.go:761: restarted node terminal type=mixedshort id=mixed-07-0 audit=12.719679ms
mixed	Replay consecutive mixed workflow seeds	2026-10-01T03:29:18.0979503Z     mixed_process_chaos_test.go:761: restarted node terminal type=mixedshort id=mixed-08-0 audit=12.713577ms
mixed	Replay consecutive mixed workflow seeds	2026-10-01T03:29:18.0981620Z     mixed_process_chaos_test.go:761: restarted node terminal type=mixedfanout id=mixed-09-0 audit=12.731159ms
mixed	Replay consecutive mixed workflow seeds	2026-10-01T03:29:18.0983210Z     mixed_process_chaos_test.go:772: restarted node child id=c-2c0427b405f6e5cf41a7a5dd2529625c audit=12.672108ms
mixed	Replay consecutive mixed workflow seeds	2026-10-01T03:29:18.0984881Z     mixed_process_chaos_test.go:772: restarted node child id=c-61a693bbe622d9d1cff620a5ba2cda7f audit=13.041854ms
mixed	Replay consecutive mixed workflow seeds	2026-10-01T03:29:18.0986538Z     mixed_process_chaos_test.go:772: restarted node child id=c-3e3e4c70156e3fee9852004ca5949da3 audit=12.703478ms
mixed	Replay consecutive mixed workflow seeds	2026-10-01T03:29:18.0991651Z     mixed_process_chaos_test.go:772: restarted node child id=c-2d7fcc22d483fcf51ba57e3b2077e464 audit=13.026525ms
mixed	Replay consecutive mixed workflow seeds	2026-10-01T03:29:18.0993432Z     mixed_process_chaos_test.go:772: restarted node child id=c-1eaf330c748a119ebeda4a23d05429de audit=12.673702ms
mixed	Replay consecutive mixed workflow seeds	2026-10-01T03:29:18.0995373Z     mixed_process_chaos_test.go:772: restarted node child id=c-708e303ec63ebd5c030bc9ab47ec7aac audit=12.626805ms
mixed	Replay consecutive mixed workflow seeds	2026-10-01T03:29:18.0997164Z     mixed_process_chaos_test.go:779: restarted node grandchild id=c-425aa24102bf9165ef736361fbbfbb9e audit=13.218163ms
mixed	Replay consecutive mixed workflow seeds	2026-10-01T03:29:18.0998968Z     mixed_process_chaos_test.go:779: restarted node grandchild id=c-81df727d0b247de4898e89bde451172f audit=13.358191ms
mixed	Replay consecutive mixed workflow seeds	2026-10-01T03:29:18.1000832Z     mixed_process_chaos_test.go:779: restarted node grandchild id=c-8129cf1d1fd8e3a209b19b528165f4df audit=12.648926ms
mixed	Replay consecutive mixed workflow seeds	2026-10-01T03:29:18.1002375Z     mixed_process_chaos_test.go:779: restarted node grandchild id=c-26514356ab5a5acbf20ad5ce3acc8168 audit=12.73088ms
mixed	Replay consecutive mixed workflow seeds	2026-10-01T03:29:18.1004540Z     mixed_process_chaos_test.go:779: restarted node grandchild id=c-a879b3a6c93c88e46e7761b1e78637a2 audit=12.739588ms
mixed	Replay consecutive mixed workflow seeds	2026-10-01T03:29:18.1006346Z     mixed_process_chaos_test.go:779: restarted node grandchild id=c-535b8aa9db45ad629d92ad1b11208e82 audit=13.676439ms
mixed	Replay consecutive mixed workflow seeds	2026-10-01T03:29:18.1008157Z     mixed_process_chaos_test.go:779: restarted node grandchild id=c-ce30b309161f5923793aaf2cbc016d4e audit=12.697708ms
mixed	Replay consecutive mixed workflow seeds	2026-10-01T03:29:18.1010163Z     mixed_process_chaos_test.go:779: restarted node grandchild id=c-e1b3e514a9d31e1c0ae0fcf9d9dcde03 audit=12.700323ms
mixed	Replay consecutive mixed workflow seeds	2026-10-01T03:29:18.1011898Z     mixed_process_chaos_test.go:779: restarted node grandchild id=c-bb5f73df9b542dac375d03b4ea875933 audit=12.719501ms
mixed	Replay consecutive mixed workflow seeds	2026-10-01T03:29:18.1013726Z     mixed_process_chaos_test.go:779: restarted node grandchild id=c-01365f6a38e7c1ac2db485fc10fda086 audit=12.632218ms
mixed	Replay consecutive mixed workflow seeds	2026-10-01T03:29:18.1015532Z     mixed_process_chaos_test.go:779: restarted node grandchild id=c-a44599fc4037c49e5e71abfb8f6d759c audit=13.576981ms
mixed	Replay consecutive mixed workflow seeds	2026-10-01T03:29:18.1017232Z     mixed_process_chaos_test.go:779: restarted node grandchild id=c-e14a2648bb4377e8830f7b0584cfd294 audit=11.85151ms
mixed	Replay consecutive mixed workflow seeds	2026-10-01T03:29:18.1018933Z     mixed_process_chaos_test.go:807: survivor node 0 WF_SIG ready in 608.123µs after 1 attempts
mixed	Replay consecutive mixed workflow seeds	2026-10-01T03:29:18.1020675Z     mixed_process_chaos_test.go:830: mixed terminal type=mixedsignal id=mixed-00-0 latency=4.064950398s
mixed	Replay consecutive mixed workflow seeds	2026-10-01T03:29:18.1022328Z     mixed_process_chaos_test.go:830: mixed terminal type=mixedtimer id=mixed-01-0 latency=8.044426164s
mixed	Replay consecutive mixed workflow seeds	2026-10-01T03:29:18.1023845Z     mixed_process_chaos_test.go:830: mixed terminal type=mixedshort id=mixed-02-0 latency=727.332237ms
mixed	Replay consecutive mixed workflow seeds	2026-10-01T03:29:18.1025466Z     mixed_process_chaos_test.go:830: mixed terminal type=mixedsignal id=mixed-03-0 latency=4.42148361s
mixed	Replay consecutive mixed workflow seeds	2026-10-01T03:29:18.1027033Z     mixed_process_chaos_test.go:830: mixed terminal type=mixedshort id=mixed-04-0 latency=4.162993909s
mixed	Replay consecutive mixed workflow seeds	2026-10-01T03:29:18.1028252Z     mixed_process_chaos_test.go:830: mixed terminal type=mixedtimer id=mixed-05-0 latency=7.953024129s
mixed	Replay consecutive mixed workflow seeds	2026-10-01T03:29:18.1029582Z     mixed_process_chaos_test.go:830: mixed terminal type=mixedtimer id=mixed-06-0 latency=3.601408694s
mixed	Replay consecutive mixed workflow seeds	2026-10-01T03:29:18.1031172Z     mixed_process_chaos_test.go:830: mixed terminal type=mixedshort id=mixed-07-0 latency=4.163000261s
mixed	Replay consecutive mixed workflow seeds	2026-10-01T03:29:18.1032736Z     mixed_process_chaos_test.go:830: mixed terminal type=mixedshort id=mixed-08-0 latency=3.865694189s
mixed	Replay consecutive mixed workflow seeds	2026-10-01T03:29:18.1034595Z     mixed_process_chaos_test.go:830: mixed terminal type=mixedfanout id=mixed-09-0 latency=2.047189089s
mixed	Replay consecutive mixed workflow seeds	2026-10-01T03:29:18.1036387Z     mixed_process_chaos_test.go:845: mixed terminal type=mixedchild id=c-2c0427b405f6e5cf41a7a5dd2529625c latency=1.626224841s
mixed	Replay consecutive mixed workflow seeds	2026-10-01T03:29:18.1038341Z     mixed_process_chaos_test.go:845: mixed terminal type=mixedchild id=c-61a693bbe622d9d1cff620a5ba2cda7f latency=3.228458526s
mixed	Replay consecutive mixed workflow seeds	2026-10-01T03:29:18.1040532Z     mixed_process_chaos_test.go:845: mixed terminal type=mixedchild id=c-3e3e4c70156e3fee9852004ca5949da3 latency=4.776280247s
mixed	Replay consecutive mixed workflow seeds	2026-10-01T03:29:18.1042239Z     mixed_process_chaos_test.go:845: mixed terminal type=mixedchild id=c-2d7fcc22d483fcf51ba57e3b2077e464 latency=4.117729142s
mixed	Replay consecutive mixed workflow seeds	2026-10-01T03:29:18.1043848Z     mixed_process_chaos_test.go:845: mixed terminal type=mixedchild id=c-1eaf330c748a119ebeda4a23d05429de latency=1.341608574s
mixed	Replay consecutive mixed workflow seeds	2026-10-01T03:29:18.1045503Z     mixed_process_chaos_test.go:845: mixed terminal type=mixedchild id=c-708e303ec63ebd5c030bc9ab47ec7aac latency=3.046911402s
mixed	Replay consecutive mixed workflow seeds	2026-10-01T03:29:18.1047051Z     mixed_process_chaos_test.go:853: mixed terminal type=mixedgrandchild id=c-425aa24102bf9165ef736361fbbfbb9e latency=5.235113644s
mixed	Replay consecutive mixed workflow seeds	2026-10-01T03:29:18.1048880Z     mixed_process_chaos_test.go:853: mixed terminal type=mixedgrandchild id=c-81df727d0b247de4898e89bde451172f latency=815.646208ms
mixed	Replay consecutive mixed workflow seeds	2026-10-01T03:29:18.1050687Z     mixed_process_chaos_test.go:853: mixed terminal type=mixedgrandchild id=c-8129cf1d1fd8e3a209b19b528165f4df latency=4.873376704s
mixed	Replay consecutive mixed workflow seeds	2026-10-01T03:29:18.1052603Z     mixed_process_chaos_test.go:853: mixed terminal type=mixedgrandchild id=c-26514356ab5a5acbf20ad5ce3acc8168 latency=6.129413436s
mixed	Replay consecutive mixed workflow seeds	2026-10-01T03:29:18.1054261Z     mixed_process_chaos_test.go:853: mixed terminal type=mixedgrandchild id=c-a879b3a6c93c88e46e7761b1e78637a2 latency=633.572336ms
mixed	Replay consecutive mixed workflow seeds	2026-10-01T03:29:18.1055860Z     mixed_process_chaos_test.go:853: mixed terminal type=mixedgrandchild id=c-535b8aa9db45ad629d92ad1b11208e82 latency=815.61527ms
mixed	Replay consecutive mixed workflow seeds	2026-10-01T03:29:18.1057658Z     mixed_process_chaos_test.go:853: mixed terminal type=mixedgrandchild id=c-ce30b309161f5923793aaf2cbc016d4e latency=6.039340533s
mixed	Replay consecutive mixed workflow seeds	2026-10-01T03:29:18.1058989Z     mixed_process_chaos_test.go:853: mixed terminal type=mixedgrandchild id=c-e1b3e514a9d31e1c0ae0fcf9d9dcde03 latency=7.322174884s
mixed	Replay consecutive mixed workflow seeds	2026-10-01T03:29:18.1061075Z     mixed_process_chaos_test.go:853: mixed terminal type=mixedgrandchild id=c-bb5f73df9b542dac375d03b4ea875933 latency=6.861354284s
mixed	Replay consecutive mixed workflow seeds	2026-10-01T03:29:18.1063114Z     mixed_process_chaos_test.go:853: mixed terminal type=mixedgrandchild id=c-01365f6a38e7c1ac2db485fc10fda086 latency=7.501057867s
mixed	Replay consecutive mixed workflow seeds	2026-10-01T03:29:18.1064843Z     mixed_process_chaos_test.go:853: mixed terminal type=mixedgrandchild id=c-a44599fc4037c49e5e71abfb8f6d759c latency=4.962081174s
mixed	Replay consecutive mixed workflow seeds	2026-10-01T03:29:18.1066597Z     mixed_process_chaos_test.go:853: mixed terminal type=mixedgrandchild id=c-e14a2648bb4377e8830f7b0584cfd294 latency=7.859803694s
mixed	Replay consecutive mixed workflow seeds	2026-10-01T03:29:18.1067884Z     mixed_process_chaos_test.go:857: mixed terminal p99 from last enabling event=8.044426164s across 28 invocations
mixed	Replay consecutive mixed workflow seeds	2026-10-01T03:29:18.1075531Z     mixed_process_chaos_test.go:858: mixed workers before={LeaseAcquisitions:42 LeaseContentions:42 LeaseAcquireFailures:0 FencingEvents:4 HandoffEnqueues:4 Redeliveries:25 EnqueueToLeaseSamples:42 EnqueueToLeaseTotal:3m19.633841887s EnqueueToLeaseMaximum:17.57181591s EnqueueToLeaseBuckets:[12 7 4 10 9 0] TimersScheduled:24 TimersFired:8 TimerLateTotal:1.491787969s TimerLateMaximum:223.237937ms TimerLateBuckets:[0 8 0 0 0 0] CancelledTimerNoOps:0} after={LeaseAcquisitions:44 LeaseContentions:46 LeaseAcquireFailures:0 FencingEvents:0 HandoffEnqueues:0 Redeliveries:32 EnqueueToLeaseSamples:44 EnqueueToLeaseTotal:6m27.038289458s EnqueueToLeaseMaximum:20.027173033s EnqueueToLeaseBuckets:[0 3 7 15 19 0] TimersScheduled:0 TimersFired:16 TimerLateTotal:2.863818259s TimerLateMaximum:235.454086ms TimerLateBuckets:[1 15 0 0 0 0] CancelledTimerNoOps:0}
mixed	Replay consecutive mixed workflow seeds	2026-10-01T03:29:23.2587290Z --- PASS: TestMixedWorkflowsRecoverFromFourServerFaults (39.05s)
mixed	Replay consecutive mixed workflow seeds	2026-10-01T03:29:23.2591072Z PASS
mixed	Replay consecutive mixed workflow seeds	2026-10-01T03:29:23.2601384Z ok  	js-wf/integration	39.059s
mixed	Replay consecutive mixed workflow seeds	2026-10-01T03:29:23.2771430Z Mixed workflow seed 8 (1..20)
mixed	Replay consecutive mixed workflow seeds	2026-10-01T03:29:23.9601955Z === RUN   TestMixedWorkflowsRecoverFromFourServerFaults
mixed	Replay consecutive mixed workflow seeds	2026-10-01T03:29:29.7635102Z     mixed_process_chaos_test.go:478: FAULT_SEED=8 FAULT_SCHEDULE=mixed-four-faults-8.json
mixed	Replay consecutive mixed workflow seeds	2026-10-01T03:29:48.3858501Z     mixed_process_chaos_test.go:628: post-heal signal repair inspected=41 reenqueued=19
mixed	Replay consecutive mixed workflow seeds	2026-10-01T03:29:48.3859682Z     mixed_process_chaos_test.go:640: mixed recovery type=mixedshort id=mixed-02-0 latency=2.621968673s
mixed	Replay consecutive mixed workflow seeds	2026-10-01T03:29:48.3860869Z     mixed_process_chaos_test.go:640: mixed recovery type=mixedshort id=mixed-04-0 latency=2.621978602s
mixed	Replay consecutive mixed workflow seeds	2026-10-01T03:29:48.3861680Z     mixed_process_chaos_test.go:640: mixed recovery type=mixedshort id=mixed-01-0 latency=2.622113804s
mixed	Replay consecutive mixed workflow seeds	2026-10-01T03:29:48.3862459Z     mixed_process_chaos_test.go:640: mixed recovery type=mixedtimer id=mixed-05-0 latency=3.220427662s
mixed	Replay consecutive mixed workflow seeds	2026-10-01T03:29:48.3863533Z     mixed_process_chaos_test.go:640: mixed recovery type=mixedtimer id=mixed-03-0 latency=3.410429265s
mixed	Replay consecutive mixed workflow seeds	2026-10-01T03:29:48.3864315Z     mixed_process_chaos_test.go:640: mixed recovery type=mixedshort id=mixed-06-0 latency=3.506912077s
mixed	Replay consecutive mixed workflow seeds	2026-10-01T03:29:48.3865064Z     mixed_process_chaos_test.go:640: mixed recovery type=mixedtimer id=mixed-08-0 latency=3.511198497s
mixed	Replay consecutive mixed workflow seeds	2026-10-01T03:29:51.8397668Z     mixed_process_chaos_test.go:640: mixed recovery type=mixedsignal id=mixed-00-0 latency=4.367047357s
mixed	Replay consecutive mixed workflow seeds	2026-10-01T03:29:51.8399376Z     mixed_process_chaos_test.go:640: mixed recovery type=mixedsignal id=mixed-07-0 latency=3.686295221s
mixed	Replay consecutive mixed workflow seeds	2026-10-01T03:29:57.5406021Z     mixed_process_chaos_test.go:640: mixed recovery type=mixedfanout id=mixed-09-0 latency=15.61150251s
mixed	Replay consecutive mixed workflow seeds	2026-10-01T03:29:57.5411712Z     mixed_process_chaos_test.go:645: mixed provisional result observation: p99=15.61150251s max=15.61150251s (fan-out parent still measured from quorum)
mixed	Replay consecutive mixed workflow seeds	2026-10-01T03:29:57.5981222Z     mixed_process_chaos_test.go:685: restarted node WF_JRN ready in 1.45289ms after 1 attempts
mixed	Replay consecutive mixed workflow seeds	2026-10-01T03:29:57.6107916Z     mixed_process_chaos_test.go:761: restarted node terminal type=mixedsignal id=mixed-00-0 audit=10.992095ms
mixed	Replay consecutive mixed workflow seeds	2026-10-01T03:29:57.6109598Z     mixed_process_chaos_test.go:761: restarted node terminal type=mixedshort id=mixed-01-0 audit=10.979571ms
mixed	Replay consecutive mixed workflow seeds	2026-10-01T03:29:57.6111527Z     mixed_process_chaos_test.go:761: restarted node terminal type=mixedshort id=mixed-02-0 audit=11.86211ms
mixed	Replay consecutive mixed workflow seeds	2026-10-01T03:29:57.6113249Z     mixed_process_chaos_test.go:761: restarted node terminal type=mixedtimer id=mixed-03-0 audit=11.802328ms
mixed	Replay consecutive mixed workflow seeds	2026-10-01T03:29:57.6114845Z     mixed_process_chaos_test.go:761: restarted node terminal type=mixedshort id=mixed-04-0 audit=10.353444ms
mixed	Replay consecutive mixed workflow seeds	2026-10-01T03:29:57.6116561Z     mixed_process_chaos_test.go:761: restarted node terminal type=mixedtimer id=mixed-05-0 audit=9.517727ms
mixed	Replay consecutive mixed workflow seeds	2026-10-01T03:29:57.6118268Z     mixed_process_chaos_test.go:761: restarted node terminal type=mixedshort id=mixed-06-0 audit=12.322336ms
mixed	Replay consecutive mixed workflow seeds	2026-10-01T03:29:57.6120107Z     mixed_process_chaos_test.go:761: restarted node terminal type=mixedsignal id=mixed-07-0 audit=12.413503ms
mixed	Replay consecutive mixed workflow seeds	2026-10-01T03:29:57.6121847Z     mixed_process_chaos_test.go:761: restarted node terminal type=mixedtimer id=mixed-08-0 audit=11.972975ms
mixed	Replay consecutive mixed workflow seeds	2026-10-01T03:29:57.6122842Z     mixed_process_chaos_test.go:761: restarted node terminal type=mixedfanout id=mixed-09-0 audit=11.956154ms
mixed	Replay consecutive mixed workflow seeds	2026-10-01T03:29:57.6124530Z     mixed_process_chaos_test.go:772: restarted node child id=c-2c0427b405f6e5cf41a7a5dd2529625c audit=11.967057ms
mixed	Replay consecutive mixed workflow seeds	2026-10-01T03:29:57.6126215Z     mixed_process_chaos_test.go:772: restarted node child id=c-61a693bbe622d9d1cff620a5ba2cda7f audit=11.761961ms
mixed	Replay consecutive mixed workflow seeds	2026-10-01T03:29:57.6127817Z     mixed_process_chaos_test.go:772: restarted node child id=c-3e3e4c70156e3fee9852004ca5949da3 audit=11.978948ms
mixed	Replay consecutive mixed workflow seeds	2026-10-01T03:29:57.6129509Z     mixed_process_chaos_test.go:772: restarted node child id=c-2d7fcc22d483fcf51ba57e3b2077e464 audit=11.80953ms
mixed	Replay consecutive mixed workflow seeds	2026-10-01T03:29:57.6133373Z     mixed_process_chaos_test.go:772: restarted node child id=c-1eaf330c748a119ebeda4a23d05429de audit=12.146766ms
mixed	Replay consecutive mixed workflow seeds	2026-10-01T03:29:57.6135140Z     mixed_process_chaos_test.go:772: restarted node child id=c-708e303ec63ebd5c030bc9ab47ec7aac audit=10.720424ms
mixed	Replay consecutive mixed workflow seeds	2026-10-01T03:29:57.6136125Z     mixed_process_chaos_test.go:779: restarted node grandchild id=c-425aa24102bf9165ef736361fbbfbb9e audit=11.864194ms
mixed	Replay consecutive mixed workflow seeds	2026-10-01T03:29:57.6137488Z     mixed_process_chaos_test.go:779: restarted node grandchild id=c-81df727d0b247de4898e89bde451172f audit=10.900091ms
mixed	Replay consecutive mixed workflow seeds	2026-10-01T03:29:57.6139076Z     mixed_process_chaos_test.go:779: restarted node grandchild id=c-8129cf1d1fd8e3a209b19b528165f4df audit=12.064159ms
mixed	Replay consecutive mixed workflow seeds	2026-10-01T03:29:57.6140968Z     mixed_process_chaos_test.go:779: restarted node grandchild id=c-26514356ab5a5acbf20ad5ce3acc8168 audit=12.073739ms
mixed	Replay consecutive mixed workflow seeds	2026-10-01T03:29:57.6142583Z     mixed_process_chaos_test.go:779: restarted node grandchild id=c-a879b3a6c93c88e46e7761b1e78637a2 audit=12.419118ms
mixed	Replay consecutive mixed workflow seeds	2026-10-01T03:29:57.6144165Z     mixed_process_chaos_test.go:779: restarted node grandchild id=c-535b8aa9db45ad629d92ad1b11208e82 audit=12.364543ms
mixed	Replay consecutive mixed workflow seeds	2026-10-01T03:29:57.6145948Z     mixed_process_chaos_test.go:779: restarted node grandchild id=c-ce30b309161f5923793aaf2cbc016d4e audit=8.763739ms
mixed	Replay consecutive mixed workflow seeds	2026-10-01T03:29:57.6147824Z     mixed_process_chaos_test.go:779: restarted node grandchild id=c-e1b3e514a9d31e1c0ae0fcf9d9dcde03 audit=11.796797ms
mixed	Replay consecutive mixed workflow seeds	2026-10-01T03:29:57.6149098Z     mixed_process_chaos_test.go:779: restarted node grandchild id=c-bb5f73df9b542dac375d03b4ea875933 audit=11.754908ms
mixed	Replay consecutive mixed workflow seeds	2026-10-01T03:29:57.6150971Z     mixed_process_chaos_test.go:779: restarted node grandchild id=c-01365f6a38e7c1ac2db485fc10fda086 audit=10.837384ms
mixed	Replay consecutive mixed workflow seeds	2026-10-01T03:29:57.6152407Z     mixed_process_chaos_test.go:779: restarted node grandchild id=c-a44599fc4037c49e5e71abfb8f6d759c audit=10.819049ms
mixed	Replay consecutive mixed workflow seeds	2026-10-01T03:29:57.6153452Z     mixed_process_chaos_test.go:779: restarted node grandchild id=c-e14a2648bb4377e8830f7b0584cfd294 audit=11.069179ms
mixed	Replay consecutive mixed workflow seeds	2026-10-01T03:29:57.6155078Z     mixed_process_chaos_test.go:807: survivor node 1 WF_SIG ready in 816.205µs after 1 attempts
mixed	Replay consecutive mixed workflow seeds	2026-10-01T03:29:57.6156410Z     mixed_process_chaos_test.go:830: mixed terminal type=mixedsignal id=mixed-00-0 latency=4.321286998s
mixed	Replay consecutive mixed workflow seeds	2026-10-01T03:29:57.6157536Z     mixed_process_chaos_test.go:830: mixed terminal type=mixedshort id=mixed-01-0 latency=2.523350373s
mixed	Replay consecutive mixed workflow seeds	2026-10-01T03:29:57.6158918Z     mixed_process_chaos_test.go:830: mixed terminal type=mixedshort id=mixed-02-0 latency=2.523353068s
mixed	Replay consecutive mixed workflow seeds	2026-10-01T03:29:57.6160551Z     mixed_process_chaos_test.go:830: mixed terminal type=mixedtimer id=mixed-03-0 latency=3.369114914s
mixed	Replay consecutive mixed workflow seeds	2026-10-01T03:29:57.6161659Z     mixed_process_chaos_test.go:830: mixed terminal type=mixedshort id=mixed-04-0 latency=2.523680542s
mixed	Replay consecutive mixed workflow seeds	2026-10-01T03:29:57.6162756Z     mixed_process_chaos_test.go:830: mixed terminal type=mixedtimer id=mixed-05-0 latency=3.184776243s
mixed	Replay consecutive mixed workflow seeds	2026-10-01T03:29:57.6164060Z     mixed_process_chaos_test.go:830: mixed terminal type=mixedshort id=mixed-06-0 latency=3.431746589s
mixed	Replay consecutive mixed workflow seeds	2026-10-01T03:29:57.6165438Z     mixed_process_chaos_test.go:830: mixed terminal type=mixedsignal id=mixed-07-0 latency=3.672729939s
mixed	Replay consecutive mixed workflow seeds	2026-10-01T03:29:57.6166763Z     mixed_process_chaos_test.go:830: mixed terminal type=mixedtimer id=mixed-08-0 latency=3.433087466s
mixed	Replay consecutive mixed workflow seeds	2026-10-01T03:29:57.6168075Z     mixed_process_chaos_test.go:830: mixed terminal type=mixedfanout id=mixed-09-0 latency=3.828932366s
mixed	Replay consecutive mixed workflow seeds	2026-10-01T03:29:57.6169579Z     mixed_process_chaos_test.go:845: mixed terminal type=mixedchild id=c-2c0427b405f6e5cf41a7a5dd2529625c latency=571.12685ms
mixed	Replay consecutive mixed workflow seeds	2026-10-01T03:29:57.6171471Z     mixed_process_chaos_test.go:845: mixed terminal type=mixedchild id=c-61a693bbe622d9d1cff620a5ba2cda7f latency=613.226445ms
mixed	Replay consecutive mixed workflow seeds	2026-10-01T03:29:57.6173288Z     mixed_process_chaos_test.go:845: mixed terminal type=mixedchild id=c-3e3e4c70156e3fee9852004ca5949da3 latency=3.880498376s
mixed	Replay consecutive mixed workflow seeds	2026-10-01T03:29:57.6175236Z     mixed_process_chaos_test.go:845: mixed terminal type=mixedchild id=c-2d7fcc22d483fcf51ba57e3b2077e464 latency=2.827107558s
mixed	Replay consecutive mixed workflow seeds	2026-10-01T03:29:57.6177458Z     mixed_process_chaos_test.go:845: mixed terminal type=mixedchild id=c-1eaf330c748a119ebeda4a23d05429de latency=594.567278ms
mixed	Replay consecutive mixed workflow seeds	2026-10-01T03:29:57.6179261Z     mixed_process_chaos_test.go:845: mixed terminal type=mixedchild id=c-708e303ec63ebd5c030bc9ab47ec7aac latency=521.655673ms
mixed	Replay consecutive mixed workflow seeds	2026-10-01T03:29:57.6180932Z     mixed_process_chaos_test.go:853: mixed terminal type=mixedgrandchild id=c-425aa24102bf9165ef736361fbbfbb9e latency=10.513610733s
mixed	Replay consecutive mixed workflow seeds	2026-10-01T03:29:57.6182416Z     mixed_process_chaos_test.go:853: mixed terminal type=mixedgrandchild id=c-81df727d0b247de4898e89bde451172f latency=7.063230595s
mixed	Replay consecutive mixed workflow seeds	2026-10-01T03:29:57.6184206Z     mixed_process_chaos_test.go:853: mixed terminal type=mixedgrandchild id=c-8129cf1d1fd8e3a209b19b528165f4df latency=8.604795999s
mixed	Replay consecutive mixed workflow seeds	2026-10-01T03:29:57.6186074Z     mixed_process_chaos_test.go:853: mixed terminal type=mixedgrandchild id=c-26514356ab5a5acbf20ad5ce3acc8168 latency=2.459128652s
mixed	Replay consecutive mixed workflow seeds	2026-10-01T03:29:57.6187554Z     mixed_process_chaos_test.go:853: mixed terminal type=mixedgrandchild id=c-a879b3a6c93c88e46e7761b1e78637a2 latency=2.334603757s
mixed	Replay consecutive mixed workflow seeds	2026-10-01T03:29:57.6188849Z     mixed_process_chaos_test.go:853: mixed terminal type=mixedgrandchild id=c-535b8aa9db45ad629d92ad1b11208e82 latency=2.459122671s
mixed	Replay consecutive mixed workflow seeds	2026-10-01T03:29:57.6191116Z     mixed_process_chaos_test.go:853: mixed terminal type=mixedgrandchild id=c-ce30b309161f5923793aaf2cbc016d4e latency=2.586706765s
mixed	Replay consecutive mixed workflow seeds	2026-10-01T03:29:57.6192971Z     mixed_process_chaos_test.go:853: mixed terminal type=mixedgrandchild id=c-e1b3e514a9d31e1c0ae0fcf9d9dcde03 latency=2.45913305s
mixed	Replay consecutive mixed workflow seeds	2026-10-01T03:29:57.6194705Z     mixed_process_chaos_test.go:853: mixed terminal type=mixedgrandchild id=c-bb5f73df9b542dac375d03b4ea875933 latency=11.084752391s
mixed	Replay consecutive mixed workflow seeds	2026-10-01T03:29:57.6196258Z     mixed_process_chaos_test.go:853: mixed terminal type=mixedgrandchild id=c-01365f6a38e7c1ac2db485fc10fda086 latency=4.691305536s
mixed	Replay consecutive mixed workflow seeds	2026-10-01T03:29:57.6197767Z     mixed_process_chaos_test.go:853: mixed terminal type=mixedgrandchild id=c-a44599fc4037c49e5e71abfb8f6d759c latency=4.628869081s
mixed	Replay consecutive mixed workflow seeds	2026-10-01T03:29:57.6199004Z     mixed_process_chaos_test.go:853: mixed terminal type=mixedgrandchild id=c-e14a2648bb4377e8830f7b0584cfd294 latency=7.063242678s
mixed	Replay consecutive mixed workflow seeds	2026-10-01T03:29:57.6200343Z     mixed_process_chaos_test.go:857: mixed terminal p99 from last enabling event=11.084752391s across 28 invocations
mixed	Replay consecutive mixed workflow seeds	2026-10-01T03:29:57.6206523Z     mixed_process_chaos_test.go:858: mixed workers before={LeaseAcquisitions:55 LeaseContentions:33 LeaseAcquireFailures:0 FencingEvents:4 HandoffEnqueues:4 Redeliveries:39 EnqueueToLeaseSamples:55 EnqueueToLeaseTotal:3m24.99808431s EnqueueToLeaseMaximum:20.94779058s EnqueueToLeaseBuckets:[10 17 4 17 7 0] TimersScheduled:24 TimersFired:24 TimerLateTotal:1m28.711609807s TimerLateMaximum:3.759473342s TimerLateBuckets:[0 0 0 24 0 0] CancelledTimerNoOps:0} after={LeaseAcquisitions:40 LeaseContentions:45 LeaseAcquireFailures:7 FencingEvents:0 HandoffEnqueues:0 Redeliveries:33 EnqueueToLeaseSamples:40 EnqueueToLeaseTotal:6m23.349051137s EnqueueToLeaseMaximum:22.933921152s EnqueueToLeaseBuckets:[0 8 4 9 19 0] TimersScheduled:0 TimersFired:0 TimerLateTotal:0s TimerLateMaximum:0s TimerLateBuckets:[0 0 0 0 0 0] CancelledTimerNoOps:0}
mixed	Replay consecutive mixed workflow seeds	2026-10-01T03:30:01.6510930Z --- PASS: TestMixedWorkflowsRecoverFromFourServerFaults (37.69s)
mixed	Replay consecutive mixed workflow seeds	2026-10-01T03:30:01.6511406Z PASS
mixed	Replay consecutive mixed workflow seeds	2026-10-01T03:30:01.6525256Z ok  	js-wf/integration	37.696s
mixed	Replay consecutive mixed workflow seeds	2026-10-01T03:30:01.6697677Z Mixed workflow seed 9 (1..20)
mixed	Replay consecutive mixed workflow seeds	2026-10-01T03:30:02.3394360Z === RUN   TestMixedWorkflowsRecoverFromFourServerFaults
mixed	Replay consecutive mixed workflow seeds	2026-10-01T03:30:08.1326172Z     mixed_process_chaos_test.go:478: FAULT_SEED=9 FAULT_SCHEDULE=mixed-four-faults-9.json
mixed	Replay consecutive mixed workflow seeds	2026-10-01T03:30:26.3868016Z     mixed_process_chaos_test.go:628: post-heal signal repair inspected=33 reenqueued=29
mixed	Replay consecutive mixed workflow seeds	2026-10-01T03:30:26.3868881Z     mixed_process_chaos_test.go:640: mixed recovery type=mixedshort id=mixed-04-0 latency=3.74929646s
mixed	Replay consecutive mixed workflow seeds	2026-10-01T03:30:26.3869700Z     mixed_process_chaos_test.go:640: mixed recovery type=mixedshort id=mixed-08-0 latency=3.749488078s
mixed	Replay consecutive mixed workflow seeds	2026-10-01T03:30:26.3871131Z     mixed_process_chaos_test.go:640: mixed recovery type=mixedshort id=mixed-01-0 latency=3.750426072s
mixed	Replay consecutive mixed workflow seeds	2026-10-01T03:30:26.3871912Z     mixed_process_chaos_test.go:640: mixed recovery type=mixedshort id=mixed-03-0 latency=3.750582274s
mixed	Replay consecutive mixed workflow seeds	2026-10-01T03:30:28.1183670Z     mixed_process_chaos_test.go:640: mixed recovery type=mixedtimer id=mixed-00-0 latency=7.831605593s
mixed	Replay consecutive mixed workflow seeds	2026-10-01T03:30:29.3159537Z     mixed_process_chaos_test.go:640: mixed recovery type=mixedtimer id=mixed-06-0 latency=9.029463171s
mixed	Replay consecutive mixed workflow seeds	2026-10-01T03:30:29.7445421Z     mixed_process_chaos_test.go:640: mixed recovery type=mixedtimer id=mixed-07-0 latency=9.457871988s
mixed	Replay consecutive mixed workflow seeds	2026-10-01T03:30:37.1868287Z     mixed_process_chaos_test.go:640: mixed recovery type=mixedsignal id=mixed-02-0 latency=12.192526342s
mixed	Replay consecutive mixed workflow seeds	2026-10-01T03:30:38.1868460Z     mixed_process_chaos_test.go:640: mixed recovery type=mixedsignal id=mixed-05-0 latency=11.878118045s
mixed	Replay consecutive mixed workflow seeds	2026-10-01T03:30:39.5479461Z     mixed_process_chaos_test.go:640: mixed recovery type=mixedfanout id=mixed-09-0 latency=19.261377943s
mixed	Replay consecutive mixed workflow seeds	2026-10-01T03:30:39.5481790Z     mixed_process_chaos_test.go:645: mixed provisional result observation: p99=19.261377943s max=19.261377943s (fan-out parent still measured from quorum)
mixed	Replay consecutive mixed workflow seeds	2026-10-01T03:30:39.6038390Z     mixed_process_chaos_test.go:685: restarted node WF_JRN ready in 1.689274ms after 1 attempts
mixed	Replay consecutive mixed workflow seeds	2026-10-01T03:30:39.6187967Z     mixed_process_chaos_test.go:761: restarted node terminal type=mixedtimer id=mixed-00-0 audit=14.911298ms
mixed	Replay consecutive mixed workflow seeds	2026-10-01T03:30:39.6189791Z     mixed_process_chaos_test.go:761: restarted node terminal type=mixedshort id=mixed-01-0 audit=13.838242ms
mixed	Replay consecutive mixed workflow seeds	2026-10-01T03:30:39.6191941Z     mixed_process_chaos_test.go:761: restarted node terminal type=mixedsignal id=mixed-02-0 audit=14.893246ms
mixed	Replay consecutive mixed workflow seeds	2026-10-01T03:30:39.6194157Z     mixed_process_chaos_test.go:761: restarted node terminal type=mixedshort id=mixed-03-0 audit=11.300794ms
mixed	Replay consecutive mixed workflow seeds	2026-10-01T03:30:39.6196100Z     mixed_process_chaos_test.go:761: restarted node terminal type=mixedshort id=mixed-04-0 audit=13.856294ms
mixed	Replay consecutive mixed workflow seeds	2026-10-01T03:30:39.6197902Z     mixed_process_chaos_test.go:761: restarted node terminal type=mixedsignal id=mixed-05-0 audit=14.893376ms
mixed	Replay consecutive mixed workflow seeds	2026-10-01T03:30:39.6199650Z     mixed_process_chaos_test.go:761: restarted node terminal type=mixedtimer id=mixed-06-0 audit=13.620724ms
mixed	Replay consecutive mixed workflow seeds	2026-10-01T03:30:39.6201547Z     mixed_process_chaos_test.go:761: restarted node terminal type=mixedtimer id=mixed-07-0 audit=14.846058ms
mixed	Replay consecutive mixed workflow seeds	2026-10-01T03:30:39.6203117Z     mixed_process_chaos_test.go:761: restarted node terminal type=mixedshort id=mixed-08-0 audit=13.757631ms
mixed	Replay consecutive mixed workflow seeds	2026-10-01T03:30:39.6204752Z     mixed_process_chaos_test.go:761: restarted node terminal type=mixedfanout id=mixed-09-0 audit=14.86332ms
mixed	Replay consecutive mixed workflow seeds	2026-10-01T03:30:39.6206366Z     mixed_process_chaos_test.go:772: restarted node child id=c-2c0427b405f6e5cf41a7a5dd2529625c audit=14.865402ms
mixed	Replay consecutive mixed workflow seeds	2026-10-01T03:30:39.6208012Z     mixed_process_chaos_test.go:772: restarted node child id=c-61a693bbe622d9d1cff620a5ba2cda7f audit=14.849161ms
mixed	Replay consecutive mixed workflow seeds	2026-10-01T03:30:39.6209768Z     mixed_process_chaos_test.go:772: restarted node child id=c-3e3e4c70156e3fee9852004ca5949da3 audit=13.794169ms
mixed	Replay consecutive mixed workflow seeds	2026-10-01T03:30:39.6213415Z     mixed_process_chaos_test.go:772: restarted node child id=c-2d7fcc22d483fcf51ba57e3b2077e464 audit=12.532488ms
mixed	Replay consecutive mixed workflow seeds	2026-10-01T03:30:39.6214947Z     mixed_process_chaos_test.go:772: restarted node child id=c-1eaf330c748a119ebeda4a23d05429de audit=13.833933ms
mixed	Replay consecutive mixed workflow seeds	2026-10-01T03:30:39.6216240Z     mixed_process_chaos_test.go:772: restarted node child id=c-708e303ec63ebd5c030bc9ab47ec7aac audit=14.857278ms
mixed	Replay consecutive mixed workflow seeds	2026-10-01T03:30:39.6217772Z     mixed_process_chaos_test.go:779: restarted node grandchild id=c-425aa24102bf9165ef736361fbbfbb9e audit=13.059038ms
mixed	Replay consecutive mixed workflow seeds	2026-10-01T03:30:39.6219342Z     mixed_process_chaos_test.go:779: restarted node grandchild id=c-81df727d0b247de4898e89bde451172f audit=13.800509ms
mixed	Replay consecutive mixed workflow seeds	2026-10-01T03:30:39.6221059Z     mixed_process_chaos_test.go:779: restarted node grandchild id=c-8129cf1d1fd8e3a209b19b528165f4df audit=14.729997ms
mixed	Replay consecutive mixed workflow seeds	2026-10-01T03:30:39.6222672Z     mixed_process_chaos_test.go:779: restarted node grandchild id=c-26514356ab5a5acbf20ad5ce3acc8168 audit=14.736269ms
mixed	Replay consecutive mixed workflow seeds	2026-10-01T03:30:39.6223925Z     mixed_process_chaos_test.go:779: restarted node grandchild id=c-a879b3a6c93c88e46e7761b1e78637a2 audit=14.82107ms
mixed	Replay consecutive mixed workflow seeds	2026-10-01T03:30:39.6225486Z     mixed_process_chaos_test.go:779: restarted node grandchild id=c-535b8aa9db45ad629d92ad1b11208e82 audit=13.477914ms
mixed	Replay consecutive mixed workflow seeds	2026-10-01T03:30:39.6226991Z     mixed_process_chaos_test.go:779: restarted node grandchild id=c-ce30b309161f5923793aaf2cbc016d4e audit=14.839162ms
mixed	Replay consecutive mixed workflow seeds	2026-10-01T03:30:39.6228236Z     mixed_process_chaos_test.go:779: restarted node grandchild id=c-e1b3e514a9d31e1c0ae0fcf9d9dcde03 audit=12.991913ms
mixed	Replay consecutive mixed workflow seeds	2026-10-01T03:30:39.6229466Z     mixed_process_chaos_test.go:779: restarted node grandchild id=c-bb5f73df9b542dac375d03b4ea875933 audit=14.721952ms
mixed	Replay consecutive mixed workflow seeds	2026-10-01T03:30:39.6230827Z     mixed_process_chaos_test.go:779: restarted node grandchild id=c-01365f6a38e7c1ac2db485fc10fda086 audit=13.813164ms
mixed	Replay consecutive mixed workflow seeds	2026-10-01T03:30:39.6232055Z     mixed_process_chaos_test.go:779: restarted node grandchild id=c-a44599fc4037c49e5e71abfb8f6d759c audit=14.805968ms
mixed	Replay consecutive mixed workflow seeds	2026-10-01T03:30:39.6233174Z     mixed_process_chaos_test.go:779: restarted node grandchild id=c-e14a2648bb4377e8830f7b0584cfd294 audit=13.782685ms
mixed	Replay consecutive mixed workflow seeds	2026-10-01T03:30:39.6235001Z     mixed_process_chaos_test.go:807: survivor node 0 WF_SIG ready in 826.695µs after 1 attempts
mixed	Replay consecutive mixed workflow seeds	2026-10-01T03:30:39.6236599Z     mixed_process_chaos_test.go:830: mixed terminal type=mixedtimer id=mixed-00-0 latency=7.758136399s
mixed	Replay consecutive mixed workflow seeds	2026-10-01T03:30:39.6238306Z     mixed_process_chaos_test.go:830: mixed terminal type=mixedshort id=mixed-01-0 latency=3.672528072s
mixed	Replay consecutive mixed workflow seeds	2026-10-01T03:30:39.6239711Z     mixed_process_chaos_test.go:830: mixed terminal type=mixedsignal id=mixed-02-0 latency=12.18890138s
mixed	Replay consecutive mixed workflow seeds	2026-10-01T03:30:39.6241369Z     mixed_process_chaos_test.go:830: mixed terminal type=mixedshort id=mixed-03-0 latency=3.672522992s
mixed	Replay consecutive mixed workflow seeds	2026-10-01T03:30:39.6242515Z     mixed_process_chaos_test.go:830: mixed terminal type=mixedshort id=mixed-04-0 latency=3.672310362s
mixed	Replay consecutive mixed workflow seeds	2026-10-01T03:30:39.6243937Z     mixed_process_chaos_test.go:830: mixed terminal type=mixedsignal id=mixed-05-0 latency=11.87080783s
mixed	Replay consecutive mixed workflow seeds	2026-10-01T03:30:39.6244980Z     mixed_process_chaos_test.go:830: mixed terminal type=mixedtimer id=mixed-06-0 latency=8.957564345s
mixed	Replay consecutive mixed workflow seeds	2026-10-01T03:30:39.6246143Z     mixed_process_chaos_test.go:830: mixed terminal type=mixedtimer id=mixed-07-0 latency=9.381535557s
mixed	Replay consecutive mixed workflow seeds	2026-10-01T03:30:39.6247454Z     mixed_process_chaos_test.go:830: mixed terminal type=mixedshort id=mixed-08-0 latency=3.672514235s
mixed	Replay consecutive mixed workflow seeds	2026-10-01T03:30:39.6249142Z     mixed_process_chaos_test.go:830: mixed terminal type=mixedfanout id=mixed-09-0 latency=2.940756343s
mixed	Replay consecutive mixed workflow seeds	2026-10-01T03:30:39.6250653Z     mixed_process_chaos_test.go:845: mixed terminal type=mixedchild id=c-2c0427b405f6e5cf41a7a5dd2529625c latency=2.144786318s
mixed	Replay consecutive mixed workflow seeds	2026-10-01T03:30:39.6252012Z     mixed_process_chaos_test.go:845: mixed terminal type=mixedchild id=c-61a693bbe622d9d1cff620a5ba2cda7f latency=1.502149394s
mixed	Replay consecutive mixed workflow seeds	2026-10-01T03:30:39.6253909Z     mixed_process_chaos_test.go:845: mixed terminal type=mixedchild id=c-3e3e4c70156e3fee9852004ca5949da3 latency=1.512096714s
mixed	Replay consecutive mixed workflow seeds	2026-10-01T03:30:39.6255640Z     mixed_process_chaos_test.go:845: mixed terminal type=mixedchild id=c-2d7fcc22d483fcf51ba57e3b2077e464 latency=1.353408589s
mixed	Replay consecutive mixed workflow seeds	2026-10-01T03:30:39.6257550Z     mixed_process_chaos_test.go:845: mixed terminal type=mixedchild id=c-1eaf330c748a119ebeda4a23d05429de latency=1.930187817s
mixed	Replay consecutive mixed workflow seeds	2026-10-01T03:30:39.6259385Z     mixed_process_chaos_test.go:845: mixed terminal type=mixedchild id=c-708e303ec63ebd5c030bc9ab47ec7aac latency=1.593223449s
mixed	Replay consecutive mixed workflow seeds	2026-10-01T03:30:39.6260977Z     mixed_process_chaos_test.go:853: mixed terminal type=mixedgrandchild id=c-425aa24102bf9165ef736361fbbfbb9e latency=14.096660758s
mixed	Replay consecutive mixed workflow seeds	2026-10-01T03:30:39.6262530Z     mixed_process_chaos_test.go:853: mixed terminal type=mixedgrandchild id=c-81df727d0b247de4898e89bde451172f latency=10.231618347s
mixed	Replay consecutive mixed workflow seeds	2026-10-01T03:30:39.6264765Z     mixed_process_chaos_test.go:853: mixed terminal type=mixedgrandchild id=c-8129cf1d1fd8e3a209b19b528165f4df latency=6.303796738s
mixed	Replay consecutive mixed workflow seeds	2026-10-01T03:30:39.6266681Z     mixed_process_chaos_test.go:853: mixed terminal type=mixedgrandchild id=c-26514356ab5a5acbf20ad5ce3acc8168 latency=9.736453915s
mixed	Replay consecutive mixed workflow seeds	2026-10-01T03:30:39.6268282Z     mixed_process_chaos_test.go:853: mixed terminal type=mixedgrandchild id=c-a879b3a6c93c88e46e7761b1e78637a2 latency=6.303801718s
mixed	Replay consecutive mixed workflow seeds	2026-10-01T03:30:39.6269845Z     mixed_process_chaos_test.go:853: mixed terminal type=mixedgrandchild id=c-535b8aa9db45ad629d92ad1b11208e82 latency=9.9489398s
mixed	Replay consecutive mixed workflow seeds	2026-10-01T03:30:39.6271923Z     mixed_process_chaos_test.go:853: mixed terminal type=mixedgrandchild id=c-ce30b309161f5923793aaf2cbc016d4e latency=12.457156638s
mixed	Replay consecutive mixed workflow seeds	2026-10-01T03:30:39.6273284Z     mixed_process_chaos_test.go:853: mixed terminal type=mixedgrandchild id=c-e1b3e514a9d31e1c0ae0fcf9d9dcde03 latency=14.316699579s
mixed	Replay consecutive mixed workflow seeds	2026-10-01T03:30:39.6274637Z     mixed_process_chaos_test.go:853: mixed terminal type=mixedgrandchild id=c-bb5f73df9b542dac375d03b4ea875933 latency=12.457149454s
mixed	Replay consecutive mixed workflow seeds	2026-10-01T03:30:39.6276637Z     mixed_process_chaos_test.go:853: mixed terminal type=mixedgrandchild id=c-01365f6a38e7c1ac2db485fc10fda086 latency=12.808549682s
mixed	Replay consecutive mixed workflow seeds	2026-10-01T03:30:39.6278139Z     mixed_process_chaos_test.go:853: mixed terminal type=mixedgrandchild id=c-a44599fc4037c49e5e71abfb8f6d759c latency=6.303771591s
mixed	Replay consecutive mixed workflow seeds	2026-10-01T03:30:39.6279686Z     mixed_process_chaos_test.go:853: mixed terminal type=mixedgrandchild id=c-e14a2648bb4377e8830f7b0584cfd294 latency=5.871347606s
mixed	Replay consecutive mixed workflow seeds	2026-10-01T03:30:39.6282063Z     mixed_process_chaos_test.go:857: mixed terminal p99 from last enabling event=14.316699579s across 28 invocations
mixed	Replay consecutive mixed workflow seeds	2026-10-01T03:30:39.6289223Z     mixed_process_chaos_test.go:858: mixed workers before={LeaseAcquisitions:51 LeaseContentions:89 LeaseAcquireFailures:0 FencingEvents:5 HandoffEnqueues:5 Redeliveries:68 EnqueueToLeaseSamples:51 EnqueueToLeaseTotal:4m17.268545134s EnqueueToLeaseMaximum:17.312716938s EnqueueToLeaseBuckets:[12 7 8 10 14 0] TimersScheduled:24 TimersFired:16 TimerLateTotal:39.351374713s TimerLateMaximum:2.50926466s TimerLateBuckets:[0 0 0 16 0 0] CancelledTimerNoOps:0} after={LeaseAcquisitions:34 LeaseContentions:49 LeaseAcquireFailures:0 FencingEvents:0 HandoffEnqueues:0 Redeliveries:43 EnqueueToLeaseSamples:34 EnqueueToLeaseTotal:6m53.508038419s EnqueueToLeaseMaximum:25.627275472s EnqueueToLeaseBuckets:[0 4 6 3 21 0] TimersScheduled:0 TimersFired:8 TimerLateTotal:19.602600418s TimerLateMaximum:2.486139429s TimerLateBuckets:[0 0 0 8 0 0] CancelledTimerNoOps:0}
mixed	Replay consecutive mixed workflow seeds	2026-10-01T03:30:44.4551920Z --- PASS: TestMixedWorkflowsRecoverFromFourServerFaults (42.12s)
mixed	Replay consecutive mixed workflow seeds	2026-10-01T03:30:44.4552473Z PASS
mixed	Replay consecutive mixed workflow seeds	2026-10-01T03:30:44.4567007Z ok  	js-wf/integration	42.121s
mixed	Replay consecutive mixed workflow seeds	2026-10-01T03:30:44.4742043Z Mixed workflow seed 10 (1..20)
mixed	Replay consecutive mixed workflow seeds	2026-10-01T03:30:45.1792141Z === RUN   TestMixedWorkflowsRecoverFromFourServerFaults
mixed	Replay consecutive mixed workflow seeds	2026-10-01T03:30:51.0149272Z     mixed_process_chaos_test.go:478: FAULT_SEED=10 FAULT_SCHEDULE=mixed-four-faults-10.json
mixed	Replay consecutive mixed workflow seeds	2026-10-01T03:31:05.0457157Z     mixed_process_chaos_test.go:628: post-heal signal repair inspected=32 reenqueued=32
mixed	Replay consecutive mixed workflow seeds	2026-10-01T03:31:05.8069369Z     mixed_process_chaos_test.go:640: mixed recovery type=mixedshort id=mixed-00-0 latency=2.214763181s
mixed	Replay consecutive mixed workflow seeds	2026-10-01T03:31:05.9034009Z     mixed_process_chaos_test.go:640: mixed recovery type=mixedshort id=mixed-08-0 latency=2.311300167s
mixed	Replay consecutive mixed workflow seeds	2026-10-01T03:31:05.9035692Z     mixed_process_chaos_test.go:640: mixed recovery type=mixedshort id=mixed-03-0 latency=2.311560504s
mixed	Replay consecutive mixed workflow seeds	2026-10-01T03:31:06.1027162Z     mixed_process_chaos_test.go:640: mixed recovery type=mixedshort id=mixed-06-0 latency=2.510624206s
mixed	Replay consecutive mixed workflow seeds	2026-10-01T03:31:10.3031633Z     mixed_process_chaos_test.go:640: mixed recovery type=mixedtimer id=mixed-04-0 latency=7.139416272s
mixed	Replay consecutive mixed workflow seeds	2026-10-01T03:31:10.5024118Z     mixed_process_chaos_test.go:640: mixed recovery type=mixedtimer id=mixed-05-0 latency=7.338638172s
mixed	Replay consecutive mixed workflow seeds	2026-10-01T03:31:10.5026280Z     mixed_process_chaos_test.go:640: mixed recovery type=mixedtimer id=mixed-02-0 latency=7.338808721s
mixed	Replay consecutive mixed workflow seeds	2026-10-01T03:31:12.9021051Z     mixed_process_chaos_test.go:640: mixed recovery type=mixedsignal id=mixed-07-0 latency=7.997674318s
mixed	Replay consecutive mixed workflow seeds	2026-10-01T03:31:12.9022178Z     mixed_process_chaos_test.go:640: mixed recovery type=mixedsignal id=mixed-01-0 latency=8.522394262s
mixed	Replay consecutive mixed workflow seeds	2026-10-01T03:31:21.0017238Z     mixed_process_chaos_test.go:640: mixed recovery type=mixedfanout id=mixed-09-0 latency=17.837931235s
mixed	Replay consecutive mixed workflow seeds	2026-10-01T03:31:21.0020713Z     mixed_process_chaos_test.go:645: mixed provisional result observation: p99=17.837931235s max=17.837931235s (fan-out parent still measured from quorum)
mixed	Replay consecutive mixed workflow seeds	2026-10-01T03:31:21.0574468Z     mixed_process_chaos_test.go:685: restarted node WF_JRN ready in 1.376708ms after 1 attempts
mixed	Replay consecutive mixed workflow seeds	2026-10-01T03:31:21.0711850Z     mixed_process_chaos_test.go:761: restarted node terminal type=mixedshort id=mixed-00-0 audit=13.609874ms
mixed	Replay consecutive mixed workflow seeds	2026-10-01T03:31:21.0713595Z     mixed_process_chaos_test.go:761: restarted node terminal type=mixedsignal id=mixed-01-0 audit=13.593406ms
mixed	Replay consecutive mixed workflow seeds	2026-10-01T03:31:21.0715596Z     mixed_process_chaos_test.go:761: restarted node terminal type=mixedtimer id=mixed-02-0 audit=13.279984ms
mixed	Replay consecutive mixed workflow seeds	2026-10-01T03:31:21.0718255Z     mixed_process_chaos_test.go:761: restarted node terminal type=mixedshort id=mixed-03-0 audit=12.084048ms
mixed	Replay consecutive mixed workflow seeds	2026-10-01T03:31:21.0723191Z     mixed_process_chaos_test.go:761: restarted node terminal type=mixedtimer id=mixed-04-0 audit=11.900274ms
mixed	Replay consecutive mixed workflow seeds	2026-10-01T03:31:21.0725252Z     mixed_process_chaos_test.go:761: restarted node terminal type=mixedtimer id=mixed-05-0 audit=12.959966ms
mixed	Replay consecutive mixed workflow seeds	2026-10-01T03:31:21.0728029Z     mixed_process_chaos_test.go:761: restarted node terminal type=mixedshort id=mixed-06-0 audit=13.028003ms
mixed	Replay consecutive mixed workflow seeds	2026-10-01T03:31:21.0730712Z     mixed_process_chaos_test.go:761: restarted node terminal type=mixedsignal id=mixed-07-0 audit=13.259017ms
mixed	Replay consecutive mixed workflow seeds	2026-10-01T03:31:21.0732595Z     mixed_process_chaos_test.go:761: restarted node terminal type=mixedshort id=mixed-08-0 audit=13.258066ms
mixed	Replay consecutive mixed workflow seeds	2026-10-01T03:31:21.0734504Z     mixed_process_chaos_test.go:761: restarted node terminal type=mixedfanout id=mixed-09-0 audit=11.840092ms
mixed	Replay consecutive mixed workflow seeds	2026-10-01T03:31:21.0736583Z     mixed_process_chaos_test.go:772: restarted node child id=c-2c0427b405f6e5cf41a7a5dd2529625c audit=13.220245ms
mixed	Replay consecutive mixed workflow seeds	2026-10-01T03:31:21.0738340Z     mixed_process_chaos_test.go:772: restarted node child id=c-61a693bbe622d9d1cff620a5ba2cda7f audit=11.926947ms
mixed	Replay consecutive mixed workflow seeds	2026-10-01T03:31:21.0740271Z     mixed_process_chaos_test.go:772: restarted node child id=c-3e3e4c70156e3fee9852004ca5949da3 audit=12.911815ms
mixed	Replay consecutive mixed workflow seeds	2026-10-01T03:31:21.0742015Z     mixed_process_chaos_test.go:772: restarted node child id=c-2d7fcc22d483fcf51ba57e3b2077e464 audit=13.488117ms
mixed	Replay consecutive mixed workflow seeds	2026-10-01T03:31:21.0743574Z     mixed_process_chaos_test.go:772: restarted node child id=c-1eaf330c748a119ebeda4a23d05429de audit=12.023954ms
mixed	Replay consecutive mixed workflow seeds	2026-10-01T03:31:21.0745152Z     mixed_process_chaos_test.go:772: restarted node child id=c-708e303ec63ebd5c030bc9ab47ec7aac audit=13.529397ms
mixed	Replay consecutive mixed workflow seeds	2026-10-01T03:31:21.0746847Z     mixed_process_chaos_test.go:779: restarted node grandchild id=c-425aa24102bf9165ef736361fbbfbb9e audit=13.019289ms
mixed	Replay consecutive mixed workflow seeds	2026-10-01T03:31:21.0748690Z     mixed_process_chaos_test.go:779: restarted node grandchild id=c-81df727d0b247de4898e89bde451172f audit=13.039886ms
mixed	Replay consecutive mixed workflow seeds	2026-10-01T03:31:21.0750979Z     mixed_process_chaos_test.go:779: restarted node grandchild id=c-8129cf1d1fd8e3a209b19b528165f4df audit=13.212839ms
mixed	Replay consecutive mixed workflow seeds	2026-10-01T03:31:21.0753494Z     mixed_process_chaos_test.go:779: restarted node grandchild id=c-26514356ab5a5acbf20ad5ce3acc8168 audit=11.925803ms
mixed	Replay consecutive mixed workflow seeds	2026-10-01T03:31:21.0755348Z     mixed_process_chaos_test.go:779: restarted node grandchild id=c-a879b3a6c93c88e46e7761b1e78637a2 audit=11.907949ms
mixed	Replay consecutive mixed workflow seeds	2026-10-01T03:31:21.0757307Z     mixed_process_chaos_test.go:779: restarted node grandchild id=c-535b8aa9db45ad629d92ad1b11208e82 audit=13.572467ms
mixed	Replay consecutive mixed workflow seeds	2026-10-01T03:31:21.0758843Z     mixed_process_chaos_test.go:779: restarted node grandchild id=c-ce30b309161f5923793aaf2cbc016d4e audit=11.999119ms
mixed	Replay consecutive mixed workflow seeds	2026-10-01T03:31:21.0769118Z     mixed_process_chaos_test.go:779: restarted node grandchild id=c-e1b3e514a9d31e1c0ae0fcf9d9dcde03 audit=13.481807ms
mixed	Replay consecutive mixed workflow seeds	2026-10-01T03:31:21.0771406Z     mixed_process_chaos_test.go:779: restarted node grandchild id=c-bb5f73df9b542dac375d03b4ea875933 audit=12.934057ms
mixed	Replay consecutive mixed workflow seeds	2026-10-01T03:31:21.0772896Z     mixed_process_chaos_test.go:779: restarted node grandchild id=c-01365f6a38e7c1ac2db485fc10fda086 audit=13.482748ms
mixed	Replay consecutive mixed workflow seeds	2026-10-01T03:31:21.0773822Z     mixed_process_chaos_test.go:779: restarted node grandchild id=c-a44599fc4037c49e5e71abfb8f6d759c audit=13.494509ms
mixed	Replay consecutive mixed workflow seeds	2026-10-01T03:31:21.0774741Z     mixed_process_chaos_test.go:779: restarted node grandchild id=c-e14a2648bb4377e8830f7b0584cfd294 audit=12.100961ms
mixed	Replay consecutive mixed workflow seeds	2026-10-01T03:31:21.0776093Z     mixed_process_chaos_test.go:807: survivor node 2 WF_SIG ready in 885.652µs after 1 attempts
mixed	Replay consecutive mixed workflow seeds	2026-10-01T03:31:21.0777260Z     mixed_process_chaos_test.go:830: mixed terminal type=mixedshort id=mixed-00-0 latency=1.232517473s
mixed	Replay consecutive mixed workflow seeds	2026-10-01T03:31:21.0778712Z     mixed_process_chaos_test.go:830: mixed terminal type=mixedsignal id=mixed-01-0 latency=8.459494287s
mixed	Replay consecutive mixed workflow seeds	2026-10-01T03:31:21.0780284Z     mixed_process_chaos_test.go:830: mixed terminal type=mixedtimer id=mixed-02-0 latency=7.284756042s
mixed	Replay consecutive mixed workflow seeds	2026-10-01T03:31:21.0781804Z     mixed_process_chaos_test.go:830: mixed terminal type=mixedshort id=mixed-03-0 latency=1.390203516s
mixed	Replay consecutive mixed workflow seeds	2026-10-01T03:31:21.0783346Z     mixed_process_chaos_test.go:830: mixed terminal type=mixedtimer id=mixed-04-0 latency=7.095899175s
mixed	Replay consecutive mixed workflow seeds	2026-10-01T03:31:21.0784799Z     mixed_process_chaos_test.go:830: mixed terminal type=mixedtimer id=mixed-05-0 latency=7.284763095s
mixed	Replay consecutive mixed workflow seeds	2026-10-01T03:31:21.0786478Z     mixed_process_chaos_test.go:830: mixed terminal type=mixedshort id=mixed-06-0 latency=2.493744767s
mixed	Replay consecutive mixed workflow seeds	2026-10-01T03:31:21.0787915Z     mixed_process_chaos_test.go:830: mixed terminal type=mixedsignal id=mixed-07-0 latency=7.967445359s
mixed	Replay consecutive mixed workflow seeds	2026-10-01T03:31:21.0789387Z     mixed_process_chaos_test.go:830: mixed terminal type=mixedshort id=mixed-08-0 latency=1.390736197s
mixed	Replay consecutive mixed workflow seeds	2026-10-01T03:31:21.0791027Z     mixed_process_chaos_test.go:830: mixed terminal type=mixedfanout id=mixed-09-0 latency=1.305059464s
mixed	Replay consecutive mixed workflow seeds	2026-10-01T03:31:21.0792666Z     mixed_process_chaos_test.go:845: mixed terminal type=mixedchild id=c-2c0427b405f6e5cf41a7a5dd2529625c latency=465.743229ms
mixed	Replay consecutive mixed workflow seeds	2026-10-01T03:31:21.0794371Z     mixed_process_chaos_test.go:845: mixed terminal type=mixedchild id=c-61a693bbe622d9d1cff620a5ba2cda7f latency=408.758642ms
mixed	Replay consecutive mixed workflow seeds	2026-10-01T03:31:21.0795955Z     mixed_process_chaos_test.go:845: mixed terminal type=mixedchild id=c-3e3e4c70156e3fee9852004ca5949da3 latency=408.279673ms
mixed	Replay consecutive mixed workflow seeds	2026-10-01T03:31:21.0797460Z     mixed_process_chaos_test.go:845: mixed terminal type=mixedchild id=c-2d7fcc22d483fcf51ba57e3b2077e464 latency=2.980824872s
mixed	Replay consecutive mixed workflow seeds	2026-10-01T03:31:21.0799340Z     mixed_process_chaos_test.go:845: mixed terminal type=mixedchild id=c-1eaf330c748a119ebeda4a23d05429de latency=689.30576ms
mixed	Replay consecutive mixed workflow seeds	2026-10-01T03:31:21.0802244Z     mixed_process_chaos_test.go:845: mixed terminal type=mixedchild id=c-708e303ec63ebd5c030bc9ab47ec7aac latency=465.159794ms
mixed	Replay consecutive mixed workflow seeds	2026-10-01T03:31:21.0803977Z     mixed_process_chaos_test.go:853: mixed terminal type=mixedgrandchild id=c-425aa24102bf9165ef736361fbbfbb9e latency=10.211356042s
mixed	Replay consecutive mixed workflow seeds	2026-10-01T03:31:21.0806042Z     mixed_process_chaos_test.go:853: mixed terminal type=mixedgrandchild id=c-81df727d0b247de4898e89bde451172f latency=15.514157614s
mixed	Replay consecutive mixed workflow seeds	2026-10-01T03:31:21.0807577Z     mixed_process_chaos_test.go:853: mixed terminal type=mixedgrandchild id=c-8129cf1d1fd8e3a209b19b528165f4df latency=5.819317751s
mixed	Replay consecutive mixed workflow seeds	2026-10-01T03:31:21.0809077Z     mixed_process_chaos_test.go:853: mixed terminal type=mixedgrandchild id=c-26514356ab5a5acbf20ad5ce3acc8168 latency=12.062630027s
mixed	Replay consecutive mixed workflow seeds	2026-10-01T03:31:21.0811176Z     mixed_process_chaos_test.go:853: mixed terminal type=mixedgrandchild id=c-a879b3a6c93c88e46e7761b1e78637a2 latency=5.819302872s
mixed	Replay consecutive mixed workflow seeds	2026-10-01T03:31:21.0812522Z     mixed_process_chaos_test.go:853: mixed terminal type=mixedgrandchild id=c-535b8aa9db45ad629d92ad1b11208e82 latency=12.062621281s
mixed	Replay consecutive mixed workflow seeds	2026-10-01T03:31:21.0814054Z     mixed_process_chaos_test.go:853: mixed terminal type=mixedgrandchild id=c-ce30b309161f5923793aaf2cbc016d4e latency=1.517498027s
mixed	Replay consecutive mixed workflow seeds	2026-10-01T03:31:21.0816372Z     mixed_process_chaos_test.go:853: mixed terminal type=mixedgrandchild id=c-e1b3e514a9d31e1c0ae0fcf9d9dcde03 latency=2.997917839s
mixed	Replay consecutive mixed workflow seeds	2026-10-01T03:31:21.0818043Z     mixed_process_chaos_test.go:853: mixed terminal type=mixedgrandchild id=c-bb5f73df9b542dac375d03b4ea875933 latency=10.724019481s
mixed	Replay consecutive mixed workflow seeds	2026-10-01T03:31:21.0820088Z     mixed_process_chaos_test.go:853: mixed terminal type=mixedgrandchild id=c-01365f6a38e7c1ac2db485fc10fda086 latency=9.698043252s
mixed	Replay consecutive mixed workflow seeds	2026-10-01T03:31:21.0821527Z     mixed_process_chaos_test.go:853: mixed terminal type=mixedgrandchild id=c-a44599fc4037c49e5e71abfb8f6d759c latency=5.725764589s
mixed	Replay consecutive mixed workflow seeds	2026-10-01T03:31:21.0822892Z     mixed_process_chaos_test.go:853: mixed terminal type=mixedgrandchild id=c-e14a2648bb4377e8830f7b0584cfd294 latency=15.547831796s
mixed	Replay consecutive mixed workflow seeds	2026-10-01T03:31:21.0824790Z     mixed_process_chaos_test.go:857: mixed terminal p99 from last enabling event=15.547831796s across 28 invocations
mixed	Replay consecutive mixed workflow seeds	2026-10-01T03:31:21.0832518Z     mixed_process_chaos_test.go:858: mixed workers before={LeaseAcquisitions:50 LeaseContentions:81 LeaseAcquireFailures:0 FencingEvents:4 HandoffEnqueues:4 Redeliveries:45 EnqueueToLeaseSamples:50 EnqueueToLeaseTotal:5m6.707594264s EnqueueToLeaseMaximum:17.184356383s EnqueueToLeaseBuckets:[11 13 2 3 21 0] TimersScheduled:24 TimersFired:0 TimerLateTotal:0s TimerLateMaximum:0s TimerLateBuckets:[0 0 0 0 0 0] CancelledTimerNoOps:0} after={LeaseAcquisitions:37 LeaseContentions:37 LeaseAcquireFailures:0 FencingEvents:0 HandoffEnqueues:0 Redeliveries:49 EnqueueToLeaseSamples:37 EnqueueToLeaseTotal:7m5.454920595s EnqueueToLeaseMaximum:27.912109423s EnqueueToLeaseBuckets:[0 8 0 7 22 0] TimersScheduled:0 TimersFired:24 TimerLateTotal:58.699002335s TimerLateMaximum:2.50663072s TimerLateBuckets:[0 0 0 24 0 0] CancelledTimerNoOps:0}
mixed	Replay consecutive mixed workflow seeds	2026-10-01T03:31:25.8626120Z --- PASS: TestMixedWorkflowsRecoverFromFourServerFaults (40.68s)
mixed	Replay consecutive mixed workflow seeds	2026-10-01T03:31:25.8626936Z PASS
mixed	Replay consecutive mixed workflow seeds	2026-10-01T03:31:25.8640217Z ok  	js-wf/integration	40.689s
mixed	Replay consecutive mixed workflow seeds	2026-10-01T03:31:25.8809326Z Mixed workflow seed 11 (1..20)
mixed	Replay consecutive mixed workflow seeds	2026-10-01T03:31:26.5640996Z === RUN   TestMixedWorkflowsRecoverFromFourServerFaults
mixed	Replay consecutive mixed workflow seeds	2026-10-01T03:31:32.3396399Z     mixed_process_chaos_test.go:478: FAULT_SEED=11 FAULT_SCHEDULE=mixed-four-faults-11.json
mixed	Replay consecutive mixed workflow seeds	2026-10-01T03:31:53.0071845Z     mixed_process_chaos_test.go:628: post-heal signal repair inspected=45 reenqueued=15
mixed	Replay consecutive mixed workflow seeds	2026-10-01T03:31:53.0073142Z     mixed_process_chaos_test.go:640: mixed recovery type=mixedshort id=mixed-02-0 latency=3.312799938s
mixed	Replay consecutive mixed workflow seeds	2026-10-01T03:31:53.0074696Z     mixed_process_chaos_test.go:640: mixed recovery type=mixedshort id=mixed-04-0 latency=3.312815987s
mixed	Replay consecutive mixed workflow seeds	2026-10-01T03:31:53.0076181Z     mixed_process_chaos_test.go:640: mixed recovery type=mixedtimer id=mixed-07-0 latency=3.81652713s
mixed	Replay consecutive mixed workflow seeds	2026-10-01T03:31:53.0077673Z     mixed_process_chaos_test.go:640: mixed recovery type=mixedshort id=mixed-06-0 latency=4.641244747s
mixed	Replay consecutive mixed workflow seeds	2026-10-01T03:31:53.0079099Z     mixed_process_chaos_test.go:640: mixed recovery type=mixedshort id=mixed-00-0 latency=6.4485311s
mixed	Replay consecutive mixed workflow seeds	2026-10-01T03:31:53.3191463Z     mixed_process_chaos_test.go:640: mixed recovery type=mixedtimer id=mixed-05-0 latency=8.813936327s
mixed	Replay consecutive mixed workflow seeds	2026-10-01T03:31:54.2381394Z     mixed_process_chaos_test.go:640: mixed recovery type=mixedtimer id=mixed-01-0 latency=9.732875953s
mixed	Replay consecutive mixed workflow seeds	2026-10-01T03:31:56.4203273Z     mixed_process_chaos_test.go:640: mixed recovery type=mixedsignal id=mixed-03-0 latency=7.026044181s
mixed	Replay consecutive mixed workflow seeds	2026-10-01T03:31:57.2279774Z     mixed_process_chaos_test.go:640: mixed recovery type=mixedfanout id=mixed-09-0 latency=12.72275603s
mixed	Replay consecutive mixed workflow seeds	2026-10-01T03:32:00.1397370Z     mixed_process_chaos_test.go:640: mixed recovery type=mixedsignal id=mixed-08-0 latency=7.661120013s
mixed	Replay consecutive mixed workflow seeds	2026-10-01T03:32:00.1399663Z     mixed_process_chaos_test.go:645: mixed provisional result observation: p99=12.72275603s max=12.72275603s (fan-out parent still measured from quorum)
mixed	Replay consecutive mixed workflow seeds	2026-10-01T03:32:00.1955417Z     mixed_process_chaos_test.go:685: restarted node WF_JRN ready in 1.381706ms after 1 attempts
mixed	Replay consecutive mixed workflow seeds	2026-10-01T03:32:05.3092093Z     mixed_process_chaos_test.go:761: restarted node terminal type=mixedshort id=mixed-00-0 audit=5.112782734s
mixed	Replay consecutive mixed workflow seeds	2026-10-01T03:32:05.3093855Z     mixed_process_chaos_test.go:761: restarted node terminal type=mixedtimer id=mixed-01-0 audit=5.111263463s
mixed	Replay consecutive mixed workflow seeds	2026-10-01T03:32:05.3095527Z     mixed_process_chaos_test.go:761: restarted node terminal type=mixedshort id=mixed-02-0 audit=5.112830866s
mixed	Replay consecutive mixed workflow seeds	2026-10-01T03:32:05.3097016Z     mixed_process_chaos_test.go:761: restarted node terminal type=mixedsignal id=mixed-03-0 audit=5.112711791s
mixed	Replay consecutive mixed workflow seeds	2026-10-01T03:32:05.3098466Z     mixed_process_chaos_test.go:761: restarted node terminal type=mixedshort id=mixed-04-0 audit=5.112719376s
mixed	Replay consecutive mixed workflow seeds	2026-10-01T03:32:05.3100356Z     mixed_process_chaos_test.go:761: restarted node terminal type=mixedtimer id=mixed-05-0 audit=5.111261208s
mixed	Replay consecutive mixed workflow seeds	2026-10-01T03:32:05.3101911Z     mixed_process_chaos_test.go:761: restarted node terminal type=mixedshort id=mixed-06-0 audit=5.111241652s
mixed	Replay consecutive mixed workflow seeds	2026-10-01T03:32:05.3103285Z     mixed_process_chaos_test.go:761: restarted node terminal type=mixedtimer id=mixed-07-0 audit=5.11284279s
mixed	Replay consecutive mixed workflow seeds	2026-10-01T03:32:05.3105074Z     mixed_process_chaos_test.go:761: restarted node terminal type=mixedsignal id=mixed-08-0 audit=5.113373254s
mixed	Replay consecutive mixed workflow seeds	2026-10-01T03:32:05.3107121Z     mixed_process_chaos_test.go:761: restarted node terminal type=mixedfanout id=mixed-09-0 audit=5.113355551s
mixed	Replay consecutive mixed workflow seeds	2026-10-01T03:32:05.3108821Z     mixed_process_chaos_test.go:772: restarted node child id=c-2c0427b405f6e5cf41a7a5dd2529625c audit=5.112959619s
mixed	Replay consecutive mixed workflow seeds	2026-10-01T03:32:05.3110520Z     mixed_process_chaos_test.go:772: restarted node child id=c-61a693bbe622d9d1cff620a5ba2cda7f audit=5.112903585s
mixed	Replay consecutive mixed workflow seeds	2026-10-01T03:32:05.3112565Z     mixed_process_chaos_test.go:772: restarted node child id=c-3e3e4c70156e3fee9852004ca5949da3 audit=5.113130245s
mixed	Replay consecutive mixed workflow seeds	2026-10-01T03:32:05.3114098Z     mixed_process_chaos_test.go:772: restarted node child id=c-2d7fcc22d483fcf51ba57e3b2077e464 audit=5.112821477s
mixed	Replay consecutive mixed workflow seeds	2026-10-01T03:32:05.3115653Z     mixed_process_chaos_test.go:772: restarted node child id=c-1eaf330c748a119ebeda4a23d05429de audit=5.113067988s
mixed	Replay consecutive mixed workflow seeds	2026-10-01T03:32:05.3117495Z     mixed_process_chaos_test.go:772: restarted node child id=c-708e303ec63ebd5c030bc9ab47ec7aac audit=5.110987071s
mixed	Replay consecutive mixed workflow seeds	2026-10-01T03:32:05.3119179Z     mixed_process_chaos_test.go:779: restarted node grandchild id=c-425aa24102bf9165ef736361fbbfbb9e audit=5.112761635s
mixed	Replay consecutive mixed workflow seeds	2026-10-01T03:32:05.3121068Z     mixed_process_chaos_test.go:779: restarted node grandchild id=c-81df727d0b247de4898e89bde451172f audit=5.111036284s
mixed	Replay consecutive mixed workflow seeds	2026-10-01T03:32:05.3122857Z     mixed_process_chaos_test.go:779: restarted node grandchild id=c-8129cf1d1fd8e3a209b19b528165f4df audit=5.112928361s
mixed	Replay consecutive mixed workflow seeds	2026-10-01T03:32:05.3124331Z     mixed_process_chaos_test.go:779: restarted node grandchild id=c-26514356ab5a5acbf20ad5ce3acc8168 audit=5.11072405s
mixed	Replay consecutive mixed workflow seeds	2026-10-01T03:32:05.3126229Z     mixed_process_chaos_test.go:779: restarted node grandchild id=c-a879b3a6c93c88e46e7761b1e78637a2 audit=5.113408321s
mixed	Replay consecutive mixed workflow seeds	2026-10-01T03:32:05.3127902Z     mixed_process_chaos_test.go:779: restarted node grandchild id=c-535b8aa9db45ad629d92ad1b11208e82 audit=5.113395628s
mixed	Replay consecutive mixed workflow seeds	2026-10-01T03:32:05.3129813Z     mixed_process_chaos_test.go:779: restarted node grandchild id=c-ce30b309161f5923793aaf2cbc016d4e audit=5.112979113s
mixed	Replay consecutive mixed workflow seeds	2026-10-01T03:32:05.3131588Z     mixed_process_chaos_test.go:779: restarted node grandchild id=c-e1b3e514a9d31e1c0ae0fcf9d9dcde03 audit=5.113294708s
mixed	Replay consecutive mixed workflow seeds	2026-10-01T03:32:05.3133111Z     mixed_process_chaos_test.go:779: restarted node grandchild id=c-bb5f73df9b542dac375d03b4ea875933 audit=5.113379177s
mixed	Replay consecutive mixed workflow seeds	2026-10-01T03:32:05.3134717Z     mixed_process_chaos_test.go:779: restarted node grandchild id=c-01365f6a38e7c1ac2db485fc10fda086 audit=5.110973639s
mixed	Replay consecutive mixed workflow seeds	2026-10-01T03:32:05.3136429Z     mixed_process_chaos_test.go:779: restarted node grandchild id=c-a44599fc4037c49e5e71abfb8f6d759c audit=5.11281195s
mixed	Replay consecutive mixed workflow seeds	2026-10-01T03:32:05.3138123Z     mixed_process_chaos_test.go:779: restarted node grandchild id=c-e14a2648bb4377e8830f7b0584cfd294 audit=5.110923089s
mixed	Replay consecutive mixed workflow seeds	2026-10-01T03:32:05.3139488Z     mixed_process_chaos_test.go:807: survivor node 1 WF_SIG ready in 1.147927ms after 1 attempts
mixed	Replay consecutive mixed workflow seeds	2026-10-01T03:32:05.3141058Z     mixed_process_chaos_test.go:830: mixed terminal type=mixedshort id=mixed-00-0 latency=6.341807283s
mixed	Replay consecutive mixed workflow seeds	2026-10-01T03:32:05.3142655Z     mixed_process_chaos_test.go:830: mixed terminal type=mixedtimer id=mixed-01-0 latency=9.626169129s
mixed	Replay consecutive mixed workflow seeds	2026-10-01T03:32:05.3144183Z     mixed_process_chaos_test.go:830: mixed terminal type=mixedshort id=mixed-02-0 latency=3.246746388s
mixed	Replay consecutive mixed workflow seeds	2026-10-01T03:32:05.3145444Z     mixed_process_chaos_test.go:830: mixed terminal type=mixedsignal id=mixed-03-0 latency=7.091962887s
mixed	Replay consecutive mixed workflow seeds	2026-10-01T03:32:05.3146871Z     mixed_process_chaos_test.go:830: mixed terminal type=mixedshort id=mixed-04-0 latency=3.246855122s
mixed	Replay consecutive mixed workflow seeds	2026-10-01T03:32:05.3148436Z     mixed_process_chaos_test.go:830: mixed terminal type=mixedtimer id=mixed-05-0 latency=8.644822733s
mixed	Replay consecutive mixed workflow seeds	2026-10-01T03:32:05.3149734Z     mixed_process_chaos_test.go:830: mixed terminal type=mixedshort id=mixed-06-0 latency=4.535427326s
mixed	Replay consecutive mixed workflow seeds	2026-10-01T03:32:05.3151185Z     mixed_process_chaos_test.go:830: mixed terminal type=mixedtimer id=mixed-07-0 latency=3.716428833s
mixed	Replay consecutive mixed workflow seeds	2026-10-01T03:32:05.3152695Z     mixed_process_chaos_test.go:830: mixed terminal type=mixedsignal id=mixed-08-0 latency=7.755229543s
mixed	Replay consecutive mixed workflow seeds	2026-10-01T03:32:05.3154328Z     mixed_process_chaos_test.go:830: mixed terminal type=mixedfanout id=mixed-09-0 latency=1.352295888s
mixed	Replay consecutive mixed workflow seeds	2026-10-01T03:32:05.3155926Z     mixed_process_chaos_test.go:845: mixed terminal type=mixedchild id=c-2c0427b405f6e5cf41a7a5dd2529625c latency=1.870357671s
mixed	Replay consecutive mixed workflow seeds	2026-10-01T03:32:05.3157698Z     mixed_process_chaos_test.go:845: mixed terminal type=mixedchild id=c-61a693bbe622d9d1cff620a5ba2cda7f latency=1.602675807s
mixed	Replay consecutive mixed workflow seeds	2026-10-01T03:32:05.3160214Z     mixed_process_chaos_test.go:845: mixed terminal type=mixedchild id=c-3e3e4c70156e3fee9852004ca5949da3 latency=1.459512032s
mixed	Replay consecutive mixed workflow seeds	2026-10-01T03:32:05.3162225Z     mixed_process_chaos_test.go:845: mixed terminal type=mixedchild id=c-2d7fcc22d483fcf51ba57e3b2077e464 latency=3.334422905s
mixed	Replay consecutive mixed workflow seeds	2026-10-01T03:32:05.3164034Z     mixed_process_chaos_test.go:845: mixed terminal type=mixedchild id=c-1eaf330c748a119ebeda4a23d05429de latency=1.129750582s
mixed	Replay consecutive mixed workflow seeds	2026-10-01T03:32:05.3165712Z     mixed_process_chaos_test.go:845: mixed terminal type=mixedchild id=c-708e303ec63ebd5c030bc9ab47ec7aac latency=3.490921199s
mixed	Replay consecutive mixed workflow seeds	2026-10-01T03:32:05.3167766Z     mixed_process_chaos_test.go:853: mixed terminal type=mixedgrandchild id=c-425aa24102bf9165ef736361fbbfbb9e latency=4.989358586s
mixed	Replay consecutive mixed workflow seeds	2026-10-01T03:32:05.3169477Z     mixed_process_chaos_test.go:853: mixed terminal type=mixedgrandchild id=c-81df727d0b247de4898e89bde451172f latency=2.630322982s
mixed	Replay consecutive mixed workflow seeds	2026-10-01T03:32:05.3171689Z     mixed_process_chaos_test.go:853: mixed terminal type=mixedgrandchild id=c-8129cf1d1fd8e3a209b19b528165f4df latency=7.770363062s
mixed	Replay consecutive mixed workflow seeds	2026-10-01T03:32:05.3173604Z     mixed_process_chaos_test.go:853: mixed terminal type=mixedgrandchild id=c-26514356ab5a5acbf20ad5ce3acc8168 latency=2.329351924s
mixed	Replay consecutive mixed workflow seeds	2026-10-01T03:32:05.3175540Z     mixed_process_chaos_test.go:853: mixed terminal type=mixedgrandchild id=c-a879b3a6c93c88e46e7761b1e78637a2 latency=2.476309862s
mixed	Replay consecutive mixed workflow seeds	2026-10-01T03:32:05.3177098Z     mixed_process_chaos_test.go:853: mixed terminal type=mixedgrandchild id=c-535b8aa9db45ad629d92ad1b11208e82 latency=4.989034788s
mixed	Replay consecutive mixed workflow seeds	2026-10-01T03:32:05.3178687Z     mixed_process_chaos_test.go:853: mixed terminal type=mixedgrandchild id=c-ce30b309161f5923793aaf2cbc016d4e latency=3.511559038s
mixed	Replay consecutive mixed workflow seeds	2026-10-01T03:32:05.3181083Z     mixed_process_chaos_test.go:853: mixed terminal type=mixedgrandchild id=c-e1b3e514a9d31e1c0ae0fcf9d9dcde03 latency=6.187046431s
mixed	Replay consecutive mixed workflow seeds	2026-10-01T03:32:05.3182715Z     mixed_process_chaos_test.go:853: mixed terminal type=mixedgrandchild id=c-bb5f73df9b542dac375d03b4ea875933 latency=6.552706977s
mixed	Replay consecutive mixed workflow seeds	2026-10-01T03:32:05.3184716Z     mixed_process_chaos_test.go:853: mixed terminal type=mixedgrandchild id=c-01365f6a38e7c1ac2db485fc10fda086 latency=9.467902619s
mixed	Replay consecutive mixed workflow seeds	2026-10-01T03:32:05.3186014Z     mixed_process_chaos_test.go:853: mixed terminal type=mixedgrandchild id=c-a44599fc4037c49e5e71abfb8f6d759c latency=6.659176672s
mixed	Replay consecutive mixed workflow seeds	2026-10-01T03:32:05.3187961Z     mixed_process_chaos_test.go:853: mixed terminal type=mixedgrandchild id=c-e14a2648bb4377e8830f7b0584cfd294 latency=7.770463651s
mixed	Replay consecutive mixed workflow seeds	2026-10-01T03:32:05.3189637Z     mixed_process_chaos_test.go:857: mixed terminal p99 from last enabling event=9.626169129s across 28 invocations
mixed	Replay consecutive mixed workflow seeds	2026-10-01T03:32:05.3198337Z     mixed_process_chaos_test.go:858: mixed workers before={LeaseAcquisitions:56 LeaseContentions:55 LeaseAcquireFailures:0 FencingEvents:4 HandoffEnqueues:4 Redeliveries:40 EnqueueToLeaseSamples:56 EnqueueToLeaseTotal:7m10.773860312s EnqueueToLeaseMaximum:20.591881268s EnqueueToLeaseBuckets:[12 8 4 6 26 0] TimersScheduled:24 TimersFired:0 TimerLateTotal:0s TimerLateMaximum:0s TimerLateBuckets:[0 0 0 0 0 0] CancelledTimerNoOps:0} after={LeaseAcquisitions:60 LeaseContentions:26 LeaseAcquireFailures:3 FencingEvents:0 HandoffEnqueues:0 Redeliveries:48 EnqueueToLeaseSamples:60 EnqueueToLeaseTotal:10m32.578174342s EnqueueToLeaseMaximum:21.044551604s EnqueueToLeaseBuckets:[0 3 4 19 34 0] TimersScheduled:0 TimersFired:24 TimerLateTotal:4.557810068s TimerLateMaximum:248.361752ms TimerLateBuckets:[1 23 0 0 0 0] CancelledTimerNoOps:0}
mixed	Replay consecutive mixed workflow seeds	2026-10-01T03:32:05.5784108Z --- PASS: TestMixedWorkflowsRecoverFromFourServerFaults (39.01s)
mixed	Replay consecutive mixed workflow seeds	2026-10-01T03:32:05.5792354Z PASS
mixed	Replay consecutive mixed workflow seeds	2026-10-01T03:32:05.5798443Z ok  	js-wf/integration	39.019s
mixed	Replay consecutive mixed workflow seeds	2026-10-01T03:32:05.5974454Z Mixed workflow seed 12 (1..20)
mixed	Replay consecutive mixed workflow seeds	2026-10-01T03:32:06.2981520Z === RUN   TestMixedWorkflowsRecoverFromFourServerFaults
mixed	Replay consecutive mixed workflow seeds	2026-10-01T03:32:12.1197769Z     mixed_process_chaos_test.go:478: FAULT_SEED=12 FAULT_SCHEDULE=mixed-four-faults-12.json
mixed	Replay consecutive mixed workflow seeds	2026-10-01T03:32:29.6324293Z     mixed_process_chaos_test.go:628: post-heal signal repair inspected=33 reenqueued=33
mixed	Replay consecutive mixed workflow seeds	2026-10-01T03:32:29.6326081Z     mixed_process_chaos_test.go:640: mixed recovery type=mixedshort id=mixed-00-0 latency=4.594925401s
mixed	Replay consecutive mixed workflow seeds	2026-10-01T03:32:29.6327604Z     mixed_process_chaos_test.go:640: mixed recovery type=mixedshort id=mixed-07-0 latency=4.762343989s
mixed	Replay consecutive mixed workflow seeds	2026-10-01T03:32:29.6329190Z     mixed_process_chaos_test.go:640: mixed recovery type=mixedshort id=mixed-08-0 latency=5.189297614s
mixed	Replay consecutive mixed workflow seeds	2026-10-01T03:32:29.7173884Z     mixed_process_chaos_test.go:640: mixed recovery type=mixedshort id=mixed-01-0 latency=5.442061871s
mixed	Replay consecutive mixed workflow seeds	2026-10-01T03:32:47.7393159Z     mixed_process_chaos_test.go:640: mixed recovery type=mixedtimer id=mixed-04-0 latency=23.480452394s
mixed	Replay consecutive mixed workflow seeds	2026-10-01T03:32:48.0715298Z     mixed_process_chaos_test.go:640: mixed recovery type=mixedtimer id=mixed-05-0 latency=23.812696058s
mixed	Replay consecutive mixed workflow seeds	2026-10-01T03:32:53.0562325Z     mixed_process_chaos_test.go:640: mixed recovery type=mixedtimer id=mixed-03-0 latency=28.797399882s
mixed	Replay consecutive mixed workflow seeds	2026-10-01T03:33:07.2038521Z     mixed_process_chaos_test.go:640: mixed recovery type=mixedfanout id=mixed-09-0 latency=42.945035574s
mixed	Replay consecutive mixed workflow seeds	2026-10-01T03:33:08.4021869Z     mixed_process_chaos_test.go:640: mixed recovery type=mixedsignal id=mixed-02-0 latency=40.49623433s
mixed	Replay consecutive mixed workflow seeds	2026-10-01T03:33:08.8572016Z     mixed_process_chaos_test.go:640: mixed recovery type=mixedsignal id=mixed-06-0 latency=39.381878683s
mixed	Replay consecutive mixed workflow seeds	2026-10-01T03:33:08.8577626Z     mixed_process_chaos_test.go:645: mixed provisional result observation: p99=42.945035574s max=42.945035574s (fan-out parent still measured from quorum)
mixed	Replay consecutive mixed workflow seeds	2026-10-01T03:33:12.0136336Z     mixed_process_chaos_test.go:685: restarted node WF_JRN ready in 3.101905971s after 2 attempts
mixed	Replay consecutive mixed workflow seeds	2026-10-01T03:33:12.0273010Z     mixed_process_chaos_test.go:761: restarted node terminal type=mixedshort id=mixed-00-0 audit=12.163013ms
mixed	Replay consecutive mixed workflow seeds	2026-10-01T03:33:12.0275309Z     mixed_process_chaos_test.go:761: restarted node terminal type=mixedshort id=mixed-01-0 audit=13.439651ms
mixed	Replay consecutive mixed workflow seeds	2026-10-01T03:33:12.0276928Z     mixed_process_chaos_test.go:761: restarted node terminal type=mixedsignal id=mixed-02-0 audit=12.259365ms
mixed	Replay consecutive mixed workflow seeds	2026-10-01T03:33:12.0278586Z     mixed_process_chaos_test.go:761: restarted node terminal type=mixedtimer id=mixed-03-0 audit=13.14558ms
mixed	Replay consecutive mixed workflow seeds	2026-10-01T03:33:12.0279741Z     mixed_process_chaos_test.go:761: restarted node terminal type=mixedtimer id=mixed-04-0 audit=11.16501ms
mixed	Replay consecutive mixed workflow seeds	2026-10-01T03:33:12.0281537Z     mixed_process_chaos_test.go:761: restarted node terminal type=mixedtimer id=mixed-05-0 audit=12.207999ms
mixed	Replay consecutive mixed workflow seeds	2026-10-01T03:33:12.0283816Z     mixed_process_chaos_test.go:761: restarted node terminal type=mixedsignal id=mixed-06-0 audit=13.593414ms
mixed	Replay consecutive mixed workflow seeds	2026-10-01T03:33:12.0285238Z     mixed_process_chaos_test.go:761: restarted node terminal type=mixedshort id=mixed-07-0 audit=13.586259ms
mixed	Replay consecutive mixed workflow seeds	2026-10-01T03:33:12.0286961Z     mixed_process_chaos_test.go:761: restarted node terminal type=mixedshort id=mixed-08-0 audit=12.169837ms
mixed	Replay consecutive mixed workflow seeds	2026-10-01T03:33:12.0288700Z     mixed_process_chaos_test.go:761: restarted node terminal type=mixedfanout id=mixed-09-0 audit=13.432802ms
mixed	Replay consecutive mixed workflow seeds	2026-10-01T03:33:12.0290688Z     mixed_process_chaos_test.go:772: restarted node child id=c-2c0427b405f6e5cf41a7a5dd2529625c audit=12.199382ms
mixed	Replay consecutive mixed workflow seeds	2026-10-01T03:33:12.0292464Z     mixed_process_chaos_test.go:772: restarted node child id=c-61a693bbe622d9d1cff620a5ba2cda7f audit=12.157102ms
mixed	Replay consecutive mixed workflow seeds	2026-10-01T03:33:12.0294218Z     mixed_process_chaos_test.go:772: restarted node child id=c-3e3e4c70156e3fee9852004ca5949da3 audit=12.160158ms
mixed	Replay consecutive mixed workflow seeds	2026-10-01T03:33:12.0295436Z     mixed_process_chaos_test.go:772: restarted node child id=c-2d7fcc22d483fcf51ba57e3b2077e464 audit=13.086829ms
mixed	Replay consecutive mixed workflow seeds	2026-10-01T03:33:12.0296613Z     mixed_process_chaos_test.go:772: restarted node child id=c-1eaf330c748a119ebeda4a23d05429de audit=12.111618ms
mixed	Replay consecutive mixed workflow seeds	2026-10-01T03:33:12.0297730Z     mixed_process_chaos_test.go:772: restarted node child id=c-708e303ec63ebd5c030bc9ab47ec7aac audit=12.594805ms
mixed	Replay consecutive mixed workflow seeds	2026-10-01T03:33:12.0298793Z     mixed_process_chaos_test.go:779: restarted node grandchild id=c-425aa24102bf9165ef736361fbbfbb9e audit=13.535373ms
mixed	Replay consecutive mixed workflow seeds	2026-10-01T03:33:12.0300454Z     mixed_process_chaos_test.go:779: restarted node grandchild id=c-81df727d0b247de4898e89bde451172f audit=13.10821ms
mixed	Replay consecutive mixed workflow seeds	2026-10-01T03:33:12.0301654Z     mixed_process_chaos_test.go:779: restarted node grandchild id=c-8129cf1d1fd8e3a209b19b528165f4df audit=13.115537ms
mixed	Replay consecutive mixed workflow seeds	2026-10-01T03:33:12.0302775Z     mixed_process_chaos_test.go:779: restarted node grandchild id=c-26514356ab5a5acbf20ad5ce3acc8168 audit=13.098012ms
mixed	Replay consecutive mixed workflow seeds	2026-10-01T03:33:12.0304049Z     mixed_process_chaos_test.go:779: restarted node grandchild id=c-a879b3a6c93c88e46e7761b1e78637a2 audit=13.403839ms
mixed	Replay consecutive mixed workflow seeds	2026-10-01T03:33:12.0305836Z     mixed_process_chaos_test.go:779: restarted node grandchild id=c-535b8aa9db45ad629d92ad1b11208e82 audit=12.542148ms
mixed	Replay consecutive mixed workflow seeds	2026-10-01T03:33:12.0307589Z     mixed_process_chaos_test.go:779: restarted node grandchild id=c-ce30b309161f5923793aaf2cbc016d4e audit=11.410262ms
mixed	Replay consecutive mixed workflow seeds	2026-10-01T03:33:12.0309304Z     mixed_process_chaos_test.go:779: restarted node grandchild id=c-e1b3e514a9d31e1c0ae0fcf9d9dcde03 audit=13.05462ms
mixed	Replay consecutive mixed workflow seeds	2026-10-01T03:33:12.0311240Z     mixed_process_chaos_test.go:779: restarted node grandchild id=c-bb5f73df9b542dac375d03b4ea875933 audit=13.362749ms
mixed	Replay consecutive mixed workflow seeds	2026-10-01T03:33:12.0312992Z     mixed_process_chaos_test.go:779: restarted node grandchild id=c-01365f6a38e7c1ac2db485fc10fda086 audit=13.375133ms
mixed	Replay consecutive mixed workflow seeds	2026-10-01T03:33:12.0314714Z     mixed_process_chaos_test.go:779: restarted node grandchild id=c-a44599fc4037c49e5e71abfb8f6d759c audit=13.375783ms
mixed	Replay consecutive mixed workflow seeds	2026-10-01T03:33:12.0316446Z     mixed_process_chaos_test.go:779: restarted node grandchild id=c-e14a2648bb4377e8830f7b0584cfd294 audit=13.139512ms
mixed	Replay consecutive mixed workflow seeds	2026-10-01T03:33:12.0318067Z     mixed_process_chaos_test.go:807: survivor node 2 WF_SIG ready in 1.062997ms after 1 attempts
mixed	Replay consecutive mixed workflow seeds	2026-10-01T03:33:12.0319531Z     mixed_process_chaos_test.go:830: mixed terminal type=mixedshort id=mixed-00-0 latency=4.505023805s
mixed	Replay consecutive mixed workflow seeds	2026-10-01T03:33:12.0321277Z     mixed_process_chaos_test.go:830: mixed terminal type=mixedshort id=mixed-01-0 latency=5.355963719s
mixed	Replay consecutive mixed workflow seeds	2026-10-01T03:33:12.0322841Z     mixed_process_chaos_test.go:830: mixed terminal type=mixedsignal id=mixed-02-0 latency=40.573740256s
mixed	Replay consecutive mixed workflow seeds	2026-10-01T03:33:12.0324355Z     mixed_process_chaos_test.go:830: mixed terminal type=mixedtimer id=mixed-03-0 latency=28.765929484s
mixed	Replay consecutive mixed workflow seeds	2026-10-01T03:33:12.0325841Z     mixed_process_chaos_test.go:830: mixed terminal type=mixedtimer id=mixed-04-0 latency=23.389384811s
mixed	Replay consecutive mixed workflow seeds	2026-10-01T03:33:12.0327607Z     mixed_process_chaos_test.go:830: mixed terminal type=mixedtimer id=mixed-05-0 latency=23.721797768s
mixed	Replay consecutive mixed workflow seeds	2026-10-01T03:33:12.0329086Z     mixed_process_chaos_test.go:830: mixed terminal type=mixedsignal id=mixed-06-0 latency=39.354883169s
mixed	Replay consecutive mixed workflow seeds	2026-10-01T03:33:12.0330686Z     mixed_process_chaos_test.go:830: mixed terminal type=mixedshort id=mixed-07-0 latency=4.672226591s
mixed	Replay consecutive mixed workflow seeds	2026-10-01T03:33:12.0332118Z     mixed_process_chaos_test.go:830: mixed terminal type=mixedshort id=mixed-08-0 latency=5.10677616s
mixed	Replay consecutive mixed workflow seeds	2026-10-01T03:33:12.0333563Z     mixed_process_chaos_test.go:830: mixed terminal type=mixedfanout id=mixed-09-0 latency=7.598951699s
mixed	Replay consecutive mixed workflow seeds	2026-10-01T03:33:12.0335218Z     mixed_process_chaos_test.go:845: mixed terminal type=mixedchild id=c-2c0427b405f6e5cf41a7a5dd2529625c latency=5.206333358s
mixed	Replay consecutive mixed workflow seeds	2026-10-01T03:33:12.0337084Z     mixed_process_chaos_test.go:845: mixed terminal type=mixedchild id=c-61a693bbe622d9d1cff620a5ba2cda7f latency=12.630913697s
mixed	Replay consecutive mixed workflow seeds	2026-10-01T03:33:12.0338895Z     mixed_process_chaos_test.go:845: mixed terminal type=mixedchild id=c-3e3e4c70156e3fee9852004ca5949da3 latency=9.532621519s
mixed	Replay consecutive mixed workflow seeds	2026-10-01T03:33:12.0340842Z     mixed_process_chaos_test.go:845: mixed terminal type=mixedchild id=c-2d7fcc22d483fcf51ba57e3b2077e464 latency=8.792507029s
mixed	Replay consecutive mixed workflow seeds	2026-10-01T03:33:12.0342613Z     mixed_process_chaos_test.go:845: mixed terminal type=mixedchild id=c-1eaf330c748a119ebeda4a23d05429de latency=9.108338712s
mixed	Replay consecutive mixed workflow seeds	2026-10-01T03:33:12.0344408Z     mixed_process_chaos_test.go:845: mixed terminal type=mixedchild id=c-708e303ec63ebd5c030bc9ab47ec7aac latency=7.057873852s
mixed	Replay consecutive mixed workflow seeds	2026-10-01T03:33:12.0346458Z     mixed_process_chaos_test.go:853: mixed terminal type=mixedgrandchild id=c-425aa24102bf9165ef736361fbbfbb9e latency=28.4044942s
mixed	Replay consecutive mixed workflow seeds	2026-10-01T03:33:12.0348330Z     mixed_process_chaos_test.go:853: mixed terminal type=mixedgrandchild id=c-81df727d0b247de4898e89bde451172f latency=17.581073643s
mixed	Replay consecutive mixed workflow seeds	2026-10-01T03:33:12.0350385Z     mixed_process_chaos_test.go:853: mixed terminal type=mixedgrandchild id=c-8129cf1d1fd8e3a209b19b528165f4df latency=8.386161957s
mixed	Replay consecutive mixed workflow seeds	2026-10-01T03:33:12.0352291Z     mixed_process_chaos_test.go:853: mixed terminal type=mixedgrandchild id=c-26514356ab5a5acbf20ad5ce3acc8168 latency=4.067040878s
mixed	Replay consecutive mixed workflow seeds	2026-10-01T03:33:12.0354195Z     mixed_process_chaos_test.go:853: mixed terminal type=mixedgrandchild id=c-a879b3a6c93c88e46e7761b1e78637a2 latency=19.472407073s
mixed	Replay consecutive mixed workflow seeds	2026-10-01T03:33:12.0356273Z     mixed_process_chaos_test.go:853: mixed terminal type=mixedgrandchild id=c-535b8aa9db45ad629d92ad1b11208e82 latency=19.291260629s
mixed	Replay consecutive mixed workflow seeds	2026-10-01T03:33:12.0358224Z     mixed_process_chaos_test.go:853: mixed terminal type=mixedgrandchild id=c-ce30b309161f5923793aaf2cbc016d4e latency=17.492492528s
mixed	Replay consecutive mixed workflow seeds	2026-10-01T03:33:12.0360431Z     mixed_process_chaos_test.go:853: mixed terminal type=mixedgrandchild id=c-e1b3e514a9d31e1c0ae0fcf9d9dcde03 latency=26.446952873s
mixed	Replay consecutive mixed workflow seeds	2026-10-01T03:33:12.0362509Z     mixed_process_chaos_test.go:853: mixed terminal type=mixedgrandchild id=c-bb5f73df9b542dac375d03b4ea875933 latency=19.384200815s
mixed	Replay consecutive mixed workflow seeds	2026-10-01T03:33:12.0364693Z     mixed_process_chaos_test.go:853: mixed terminal type=mixedgrandchild id=c-01365f6a38e7c1ac2db485fc10fda086 latency=8.563019566s
mixed	Replay consecutive mixed workflow seeds	2026-10-01T03:33:12.0366311Z     mixed_process_chaos_test.go:853: mixed terminal type=mixedgrandchild id=c-a44599fc4037c49e5e71abfb8f6d759c latency=8.18382647s
mixed	Replay consecutive mixed workflow seeds	2026-10-01T03:33:12.0368405Z     mixed_process_chaos_test.go:853: mixed terminal type=mixedgrandchild id=c-e14a2648bb4377e8830f7b0584cfd294 latency=17.669636797s
mixed	Replay consecutive mixed workflow seeds	2026-10-01T03:33:12.0370382Z     mixed_process_chaos_test.go:857: mixed terminal p99 from last enabling event=40.573740256s across 28 invocations
mixed	Replay consecutive mixed workflow seeds	2026-10-01T03:33:12.0377844Z     mixed_process_chaos_test.go:858: mixed workers before={LeaseAcquisitions:58 LeaseContentions:318 LeaseAcquireFailures:0 FencingEvents:5 HandoffEnqueues:5 Redeliveries:290 EnqueueToLeaseSamples:58 EnqueueToLeaseTotal:17m38.127703216s EnqueueToLeaseMaximum:45.886024561s EnqueueToLeaseBuckets:[12 5 7 6 6 22] TimersScheduled:24 TimersFired:0 TimerLateTotal:0s TimerLateMaximum:0s TimerLateBuckets:[0 0 0 0 0 0] CancelledTimerNoOps:0} after={LeaseAcquisitions:53 LeaseContentions:41 LeaseAcquireFailures:0 FencingEvents:0 HandoffEnqueues:0 Redeliveries:67 EnqueueToLeaseSamples:53 EnqueueToLeaseTotal:23m2.577610719s EnqueueToLeaseMaximum:46.06064584s EnqueueToLeaseBuckets:[0 0 1 10 19 23] TimersScheduled:0 TimersFired:24 TimerLateTotal:58.712152167s TimerLateMaximum:2.510288253s TimerLateBuckets:[0 0 0 24 0 0] CancelledTimerNoOps:0}
mixed	Replay consecutive mixed workflow seeds	2026-10-01T03:33:12.0385252Z     mixed_process_chaos_test.go:862: suspended scan since_heal=8.776673875s cursor=1 next=9 inspected=8 reenqueued=1 candidates=[{Type:mixedtimer ID:mixed-03-0 Reason:timer JournalSeq:89}] err=<nil>
mixed	Replay consecutive mixed workflow seeds	2026-10-01T03:33:12.0389044Z     mixed_process_chaos_test.go:862: suspended scan since_heal=11.622679153s cursor=9 next=17 inspected=8 reenqueued=2 candidates=[{Type:mixedchild ID:c-61a693bbe622d9d1cff620a5ba2cda7f Reason:signal JournalSeq:164} {Type:mixedchild ID:c-708e303ec63ebd5c030bc9ab47ec7aac Reason:signal JournalSeq:130}] err=<nil>
mixed	Replay consecutive mixed workflow seeds	2026-10-01T03:33:12.0392815Z     mixed_process_chaos_test.go:862: suspended scan since_heal=14.605059529s cursor=17 next=25 inspected=8 reenqueued=0 candidates=[] err=<nil>
mixed	Replay consecutive mixed workflow seeds	2026-10-01T03:33:12.0394267Z     mixed_process_chaos_test.go:862: suspended scan since_heal=17.171444288s cursor=25 next=1 inspected=4 reenqueued=0 candidates=[] err=<nil>
mixed	Replay consecutive mixed workflow seeds	2026-10-01T03:33:12.0396497Z     mixed_process_chaos_test.go:862: suspended scan since_heal=19.947451659s cursor=1 next=9 inspected=8 reenqueued=0 candidates=[] err=<nil>
mixed	Replay consecutive mixed workflow seeds	2026-10-01T03:33:12.0400197Z     mixed_process_chaos_test.go:862: suspended scan since_heal=22.968444968s cursor=9 next=17 inspected=8 reenqueued=2 candidates=[{Type:mixedchild ID:c-3e3e4c70156e3fee9852004ca5949da3 Reason:signal JournalSeq:121} {Type:mixedchild ID:c-1eaf330c748a119ebeda4a23d05429de Reason:signal JournalSeq:197}] err=<nil>
mixed	Replay consecutive mixed workflow seeds	2026-10-01T03:33:12.0403214Z     mixed_process_chaos_test.go:862: suspended scan since_heal=25.785685981s cursor=17 next=25 inspected=8 reenqueued=0 candidates=[] err=<nil>
mixed	Replay consecutive mixed workflow seeds	2026-10-01T03:33:12.0404880Z     mixed_process_chaos_test.go:862: suspended scan since_heal=28.085719598s cursor=25 next=1 inspected=4 reenqueued=0 candidates=[] err=<nil>
mixed	Replay consecutive mixed workflow seeds	2026-10-01T03:33:12.0406085Z     mixed_process_chaos_test.go:862: suspended scan since_heal=29.890519649s cursor=1 next=9 inspected=8 reenqueued=0 candidates=[] err=<nil>
mixed	Replay consecutive mixed workflow seeds	2026-10-01T03:33:12.0408957Z     mixed_process_chaos_test.go:862: suspended scan since_heal=31.569061791s cursor=9 next=17 inspected=8 reenqueued=1 candidates=[{Type:mixedchild ID:c-2d7fcc22d483fcf51ba57e3b2077e464 Reason:signal JournalSeq:284}] err=<nil>
mixed	Replay consecutive mixed workflow seeds	2026-10-01T03:33:12.0411765Z     mixed_process_chaos_test.go:862: suspended scan since_heal=32.782808866s cursor=17 next=25 inspected=8 reenqueued=0 candidates=[] err=<nil>
mixed	Replay consecutive mixed workflow seeds	2026-10-01T03:33:12.0413240Z     mixed_process_chaos_test.go:862: suspended scan since_heal=34.318479139s cursor=25 next=1 inspected=4 reenqueued=0 candidates=[] err=<nil>
mixed	Replay consecutive mixed workflow seeds	2026-10-01T03:33:12.0415329Z     mixed_process_chaos_test.go:862: suspended scan since_heal=36.14457998s cursor=1 next=9 inspected=8 reenqueued=0 candidates=[] err=<nil>
mixed	Replay consecutive mixed workflow seeds	2026-10-01T03:33:12.0417584Z     mixed_process_chaos_test.go:862: suspended scan since_heal=37.249367771s cursor=9 next=17 inspected=8 reenqueued=0 candidates=[] err=<nil>
mixed	Replay consecutive mixed workflow seeds	2026-10-01T03:33:12.0418849Z     mixed_process_chaos_test.go:862: suspended scan since_heal=37.91526217s cursor=17 next=25 inspected=8 reenqueued=0 candidates=[] err=<nil>
mixed	Replay consecutive mixed workflow seeds	2026-10-01T03:33:12.0420425Z     mixed_process_chaos_test.go:862: suspended scan since_heal=38.597745571s cursor=25 next=1 inspected=4 reenqueued=0 candidates=[] err=<nil>
mixed	Replay consecutive mixed workflow seeds	2026-10-01T03:33:12.0422219Z     mixed_process_chaos_test.go:862: suspended scan since_heal=39.566525863s cursor=1 next=9 inspected=8 reenqueued=0 candidates=[] err=<nil>
mixed	Replay consecutive mixed workflow seeds	2026-10-01T03:33:12.0424003Z     mixed_process_chaos_test.go:862: suspended scan since_heal=40.586620711s cursor=9 next=17 inspected=8 reenqueued=0 candidates=[] err=<nil>
mixed	Replay consecutive mixed workflow seeds	2026-10-01T03:33:12.0426053Z     mixed_process_chaos_test.go:862: suspended scan since_heal=42.011451458s cursor=17 next=25 inspected=8 reenqueued=0 candidates=[] err=<nil>
mixed	Replay consecutive mixed workflow seeds	2026-10-01T03:33:12.0428358Z     mixed_process_chaos_test.go:862: suspended scan since_heal=43.035040432s cursor=25 next=1 inspected=4 reenqueued=0 candidates=[] err=<nil>
mixed	Replay consecutive mixed workflow seeds	2026-10-01T03:33:12.0430666Z     mixed_process_chaos_test.go:862: suspended scan since_heal=43.670930413s cursor=1 next=9 inspected=8 reenqueued=0 candidates=[] err=<nil>
mixed	Replay consecutive mixed workflow seeds	2026-10-01T03:33:12.0432222Z     mixed_process_chaos_test.go:862: suspended scan since_heal=44.419372978s cursor=9 next=17 inspected=8 reenqueued=0 candidates=[] err=<nil>
mixed	Replay consecutive mixed workflow seeds	2026-10-01T03:33:12.0434081Z     mixed_process_chaos_test.go:862: suspended scan since_heal=45.024544073s cursor=17 next=25 inspected=8 reenqueued=0 candidates=[] err=<nil>
mixed	Replay consecutive mixed workflow seeds	2026-10-01T03:33:12.0436487Z     mixed_process_chaos_test.go:862: suspended scan since_heal=46.023059611s cursor=25 next=1 inspected=4 reenqueued=0 candidates=[] err=<nil>
mixed	Replay consecutive mixed workflow seeds	2026-10-01T03:33:12.0438639Z     mixed_process_chaos_test.go:862: suspended scan since_heal=47.044228158s cursor=1 next=9 inspected=8 reenqueued=0 candidates=[] err=<nil>
mixed	Replay consecutive mixed workflow seeds	2026-10-01T03:33:12.0440470Z     mixed_process_chaos_test.go:878: slow mixedsignal/mixed-02-0 dispatch worker=mixed-before stage=fetched run_seq=3 delivery=1 since_enabled=-15.959095412s err=
mixed	Replay consecutive mixed workflow seeds	2026-10-01T03:33:12.0442323Z     mixed_process_chaos_test.go:878: slow mixedsignal/mixed-02-0 dispatch worker=mixed-before stage=lease_acquired run_seq=3 delivery=1 since_enabled=-15.955949405s err=
mixed	Replay consecutive mixed workflow seeds	2026-10-01T03:33:12.0444297Z     mixed_process_chaos_test.go:878: slow mixedsignal/mixed-02-0 dispatch worker=mixed-before stage=released run_seq=3 delivery=1 since_enabled=-15.928706243s err=
mixed	Replay consecutive mixed workflow seeds	2026-10-01T03:33:12.0446378Z     mixed_process_chaos_test.go:878: slow mixedsignal/mixed-02-0 dispatch worker=mixed-before stage=ack run_seq=3 delivery=1 since_enabled=-15.928703819s err=
mixed	Replay consecutive mixed workflow seeds	2026-10-01T03:33:12.0448602Z     mixed_process_chaos_test.go:878: slow mixedsignal/mixed-02-0 dispatch worker=mixed-after stage=fetched run_seq=82 delivery=1 since_enabled=-856.061836ms err=
mixed	Replay consecutive mixed workflow seeds	2026-10-01T03:33:12.0450713Z     mixed_process_chaos_test.go:878: slow mixedsignal/mixed-02-0 dispatch worker=mixed-before stage=fetched run_seq=83 delivery=1 since_enabled=-674.752344ms err=
mixed	Replay consecutive mixed workflow seeds	2026-10-01T03:33:12.0452542Z     mixed_process_chaos_test.go:878: slow mixedsignal/mixed-02-0 dispatch worker=mixed-before stage=lease_held run_seq=83 delivery=1 since_enabled=-666.864189ms err=workflow lease is held
mixed	Replay consecutive mixed workflow seeds	2026-10-01T03:33:12.0454106Z     mixed_process_chaos_test.go:878: slow mixedsignal/mixed-02-0 dispatch worker=mixed-before stage=fetched run_seq=84 delivery=1 since_enabled=-494.135909ms err=
mixed	Replay consecutive mixed workflow seeds	2026-10-01T03:33:12.0456405Z     mixed_process_chaos_test.go:878: slow mixedsignal/mixed-02-0 dispatch worker=mixed-before stage=lease_held run_seq=84 delivery=1 since_enabled=-487.695913ms err=workflow lease is held
mixed	Replay consecutive mixed workflow seeds	2026-10-01T03:33:12.0458003Z     mixed_process_chaos_test.go:878: slow mixedsignal/mixed-02-0 dispatch worker=mixed-before stage=fetched run_seq=85 delivery=1 since_enabled=-315.679126ms err=
mixed	Replay consecutive mixed workflow seeds	2026-10-01T03:33:12.0459567Z     mixed_process_chaos_test.go:878: slow mixedsignal/mixed-02-0 dispatch worker=mixed-before stage=lease_held run_seq=85 delivery=1 since_enabled=-255.775032ms err=workflow lease is held
mixed	Replay consecutive mixed workflow seeds	2026-10-01T03:33:12.0461585Z     mixed_process_chaos_test.go:878: slow mixedsignal/mixed-02-0 dispatch worker=mixed-before stage=fetched run_seq=86 delivery=1 since_enabled=-83.167337ms err=
mixed	Replay consecutive mixed workflow seeds	2026-10-01T03:33:12.0463441Z     mixed_process_chaos_test.go:878: slow mixedsignal/mixed-02-0 dispatch worker=mixed-before stage=lease_held run_seq=86 delivery=1 since_enabled=-76.867977ms err=workflow lease is held
mixed	Replay consecutive mixed workflow seeds	2026-10-01T03:33:12.0465400Z     mixed_process_chaos_test.go:878: slow mixedsignal/mixed-02-0 dispatch worker=mixed-before stage=fetched run_seq=87 delivery=1 since_enabled=170.620043ms err=
mixed	Replay consecutive mixed workflow seeds	2026-10-01T03:33:12.0467660Z     mixed_process_chaos_test.go:878: slow mixedsignal/mixed-02-0 dispatch worker=mixed-before stage=lease_held run_seq=87 delivery=1 since_enabled=260.524972ms err=workflow lease is held
mixed	Replay consecutive mixed workflow seeds	2026-10-01T03:33:12.0470151Z     mixed_process_chaos_test.go:878: slow mixedsignal/mixed-02-0 dispatch worker=mixed-before stage=fetched run_seq=88 delivery=1 since_enabled=519.103963ms err=
mixed	Replay consecutive mixed workflow seeds	2026-10-01T03:33:12.0472484Z     mixed_process_chaos_test.go:878: slow mixedsignal/mixed-02-0 dispatch worker=mixed-before stage=lease_held run_seq=88 delivery=1 since_enabled=525.57128ms err=workflow lease is held
mixed	Replay consecutive mixed workflow seeds	2026-10-01T03:33:12.0474859Z     mixed_process_chaos_test.go:878: slow mixedsignal/mixed-02-0 dispatch worker=mixed-before stage=fetched run_seq=89 delivery=1 since_enabled=697.730043ms err=
mixed	Replay consecutive mixed workflow seeds	2026-10-01T03:33:12.0476842Z     mixed_process_chaos_test.go:878: slow mixedsignal/mixed-02-0 dispatch worker=mixed-before stage=lease_held run_seq=89 delivery=1 since_enabled=702.073471ms err=workflow lease is held
mixed	Replay consecutive mixed workflow seeds	2026-10-01T03:33:12.0479079Z     mixed_process_chaos_test.go:878: slow mixedsignal/mixed-02-0 dispatch worker=mixed-after stage=lease_acquired run_seq=82 delivery=1 since_enabled=773.663662ms err=
mixed	Replay consecutive mixed workflow seeds	2026-10-01T03:33:12.0481637Z     mixed_process_chaos_test.go:878: slow mixedsignal/mixed-02-0 dispatch worker=mixed-before stage=fetched run_seq=90 delivery=1 since_enabled=953.111656ms err=
mixed	Replay consecutive mixed workflow seeds	2026-10-01T03:33:12.0484425Z     mixed_process_chaos_test.go:878: slow mixedsignal/mixed-02-0 dispatch worker=mixed-before stage=lease_held run_seq=90 delivery=1 since_enabled=1.043878024s err=workflow lease is held
mixed	Replay consecutive mixed workflow seeds	2026-10-01T03:33:12.0486541Z     mixed_process_chaos_test.go:878: slow mixedsignal/mixed-02-0 dispatch worker=mixed-before stage=fetched run_seq=91 delivery=1 since_enabled=1.215848182s err=
mixed	Replay consecutive mixed workflow seeds	2026-10-01T03:33:12.0489235Z     mixed_process_chaos_test.go:878: slow mixedsignal/mixed-02-0 dispatch worker=mixed-before stage=lease_held run_seq=91 delivery=1 since_enabled=1.301506308s err=workflow lease is held
mixed	Replay consecutive mixed workflow seeds	2026-10-01T03:33:12.0492125Z     mixed_process_chaos_test.go:878: slow mixedsignal/mixed-02-0 dispatch worker=mixed-before stage=fetched run_seq=92 delivery=1 since_enabled=1.473544934s err=
mixed	Replay consecutive mixed workflow seeds	2026-10-01T03:33:12.0494463Z     mixed_process_chaos_test.go:878: slow mixedsignal/mixed-02-0 dispatch worker=mixed-before stage=lease_held run_seq=92 delivery=1 since_enabled=1.476542386s err=workflow lease is held
mixed	Replay consecutive mixed workflow seeds	2026-10-01T03:33:12.0496005Z     mixed_process_chaos_test.go:878: slow mixedsignal/mixed-02-0 dispatch worker=mixed-before stage=fetched run_seq=93 delivery=1 since_enabled=1.648390836s err=
mixed	Replay consecutive mixed workflow seeds	2026-10-01T03:33:12.0498471Z     mixed_process_chaos_test.go:878: slow mixedsignal/mixed-02-0 dispatch worker=mixed-before stage=lease_held run_seq=93 delivery=1 since_enabled=1.726389385s err=workflow lease is held
mixed	Replay consecutive mixed workflow seeds	2026-10-01T03:33:12.0500609Z     mixed_process_chaos_test.go:878: slow mixedsignal/mixed-02-0 dispatch worker=mixed-before stage=fetched run_seq=94 delivery=1 since_enabled=1.898479165s err=
mixed	Replay consecutive mixed workflow seeds	2026-10-01T03:33:12.0502710Z     mixed_process_chaos_test.go:878: slow mixedsignal/mixed-02-0 dispatch worker=mixed-before stage=lease_held run_seq=94 delivery=1 since_enabled=1.981759516s err=workflow lease is held
mixed	Replay consecutive mixed workflow seeds	2026-10-01T03:33:12.0504836Z     mixed_process_chaos_test.go:878: slow mixedsignal/mixed-02-0 dispatch worker=mixed-before stage=fetched run_seq=95 delivery=1 since_enabled=2.154114026s err=
mixed	Replay consecutive mixed workflow seeds	2026-10-01T03:33:12.0507046Z     mixed_process_chaos_test.go:878: slow mixedsignal/mixed-02-0 dispatch worker=mixed-before stage=lease_held run_seq=95 delivery=1 since_enabled=2.157855183s err=workflow lease is held
mixed	Replay consecutive mixed workflow seeds	2026-10-01T03:33:12.0509422Z     mixed_process_chaos_test.go:878: slow mixedsignal/mixed-02-0 dispatch worker=mixed-before stage=fetched run_seq=96 delivery=1 since_enabled=2.329523111s err=
mixed	Replay consecutive mixed workflow seeds	2026-10-01T03:33:12.0512029Z     mixed_process_chaos_test.go:878: slow mixedsignal/mixed-02-0 dispatch worker=mixed-before stage=lease_held run_seq=96 delivery=1 since_enabled=2.332487088s err=workflow lease is held
mixed	Replay consecutive mixed workflow seeds	2026-10-01T03:33:12.0514607Z     mixed_process_chaos_test.go:878: slow mixedsignal/mixed-02-0 dispatch worker=mixed-before stage=fetched run_seq=97 delivery=1 since_enabled=2.504475861s err=
mixed	Replay consecutive mixed workflow seeds	2026-10-01T03:33:12.0516896Z     mixed_process_chaos_test.go:878: slow mixedsignal/mixed-02-0 dispatch worker=mixed-before stage=lease_held run_seq=97 delivery=1 since_enabled=2.581318739s err=workflow lease is held
mixed	Replay consecutive mixed workflow seeds	2026-10-01T03:33:12.0518988Z     mixed_process_chaos_test.go:878: slow mixedsignal/mixed-02-0 dispatch worker=mixed-before stage=fetched run_seq=83 delivery=2 since_enabled=4.420395796s err=
mixed	Replay consecutive mixed workflow seeds	2026-10-01T03:33:12.0522011Z     mixed_process_chaos_test.go:878: slow mixedsignal/mixed-02-0 dispatch worker=mixed-before stage=lease_held run_seq=83 delivery=2 since_enabled=4.423130955s err=workflow lease is held
mixed	Replay consecutive mixed workflow seeds	2026-10-01T03:33:12.0524529Z     mixed_process_chaos_test.go:878: slow mixedsignal/mixed-02-0 dispatch worker=mixed-before stage=fetched run_seq=84 delivery=2 since_enabled=4.600117117s err=
mixed	Replay consecutive mixed workflow seeds	2026-10-01T03:33:12.0527207Z     mixed_process_chaos_test.go:878: slow mixedsignal/mixed-02-0 dispatch worker=mixed-before stage=lease_held run_seq=84 delivery=2 since_enabled=4.633441148s err=workflow lease is held
mixed	Replay consecutive mixed workflow seeds	2026-10-01T03:33:12.0530185Z     mixed_process_chaos_test.go:878: slow mixedsignal/mixed-02-0 dispatch worker=mixed-before stage=fetched run_seq=85 delivery=2 since_enabled=4.905735391s err=
mixed	Replay consecutive mixed workflow seeds	2026-10-01T03:33:12.0532875Z     mixed_process_chaos_test.go:878: slow mixedsignal/mixed-02-0 dispatch worker=mixed-before stage=lease_held run_seq=85 delivery=2 since_enabled=4.911115264s err=workflow lease is held
mixed	Replay consecutive mixed workflow seeds	2026-10-01T03:33:12.0535538Z     mixed_process_chaos_test.go:878: slow mixedsignal/mixed-02-0 dispatch worker=mixed-before stage=fetched run_seq=86 delivery=2 since_enabled=5.082997811s err=
mixed	Replay consecutive mixed workflow seeds	2026-10-01T03:33:12.0539300Z     mixed_process_chaos_test.go:878: slow mixedsignal/mixed-02-0 dispatch worker=mixed-before stage=lease_held run_seq=86 delivery=2 since_enabled=5.085657296s err=workflow lease is held
mixed	Replay consecutive mixed workflow seeds	2026-10-01T03:33:12.0542386Z     mixed_process_chaos_test.go:878: slow mixedsignal/mixed-02-0 dispatch worker=mixed-before stage=fetched run_seq=87 delivery=2 since_enabled=12.149819164s err=
mixed	Replay consecutive mixed workflow seeds	2026-10-01T03:33:12.0545060Z     mixed_process_chaos_test.go:878: slow mixedsignal/mixed-02-0 dispatch worker=mixed-before stage=lease_held run_seq=87 delivery=2 since_enabled=12.237160745s err=workflow lease is held
mixed	Replay consecutive mixed workflow seeds	2026-10-01T03:33:12.0547672Z     mixed_process_chaos_test.go:878: slow mixedsignal/mixed-02-0 dispatch worker=mixed-before stage=fetched run_seq=88 delivery=2 since_enabled=12.408874936s err=
mixed	Replay consecutive mixed workflow seeds	2026-10-01T03:33:12.0550242Z     mixed_process_chaos_test.go:878: slow mixedsignal/mixed-02-0 dispatch worker=mixed-before stage=lease_held run_seq=88 delivery=2 since_enabled=12.411764293s err=workflow lease is held
mixed	Replay consecutive mixed workflow seeds	2026-10-01T03:33:12.0552796Z     mixed_process_chaos_test.go:878: slow mixedsignal/mixed-02-0 dispatch worker=mixed-before stage=fetched run_seq=89 delivery=2 since_enabled=12.583750457s err=
mixed	Replay consecutive mixed workflow seeds	2026-10-01T03:33:12.0555114Z     mixed_process_chaos_test.go:878: slow mixedsignal/mixed-02-0 dispatch worker=mixed-before stage=lease_held run_seq=89 delivery=2 since_enabled=12.587239221s err=workflow lease is held
mixed	Replay consecutive mixed workflow seeds	2026-10-01T03:33:12.0556843Z     mixed_process_chaos_test.go:878: slow mixedsignal/mixed-02-0 dispatch worker=mixed-before stage=fetched run_seq=90 delivery=2 since_enabled=12.758956993s err=
mixed	Replay consecutive mixed workflow seeds	2026-10-01T03:33:12.0558977Z     mixed_process_chaos_test.go:878: slow mixedsignal/mixed-02-0 dispatch worker=mixed-before stage=lease_held run_seq=90 delivery=2 since_enabled=12.761571512s err=workflow lease is held
mixed	Replay consecutive mixed workflow seeds	2026-10-01T03:33:12.0562101Z     mixed_process_chaos_test.go:878: slow mixedsignal/mixed-02-0 dispatch worker=mixed-before stage=fetched run_seq=91 delivery=2 since_enabled=12.933531452s err=
mixed	Replay consecutive mixed workflow seeds	2026-10-01T03:33:12.0564886Z     mixed_process_chaos_test.go:878: slow mixedsignal/mixed-02-0 dispatch worker=mixed-before stage=lease_held run_seq=91 delivery=2 since_enabled=13.006353532s err=workflow lease is held
mixed	Replay consecutive mixed workflow seeds	2026-10-01T03:33:12.0566547Z     mixed_process_chaos_test.go:878: slow mixedsignal/mixed-02-0 dispatch worker=mixed-before stage=fetched run_seq=92 delivery=2 since_enabled=13.178254701s err=
mixed	Replay consecutive mixed workflow seeds	2026-10-01T03:33:12.0569046Z     mixed_process_chaos_test.go:878: slow mixedsignal/mixed-02-0 dispatch worker=mixed-before stage=lease_held run_seq=92 delivery=2 since_enabled=13.182312895s err=workflow lease is held
mixed	Replay consecutive mixed workflow seeds	2026-10-01T03:33:12.0571420Z     mixed_process_chaos_test.go:878: slow mixedsignal/mixed-02-0 dispatch worker=mixed-before stage=fetched run_seq=93 delivery=2 since_enabled=13.354263976s err=
mixed	Replay consecutive mixed workflow seeds	2026-10-01T03:33:12.0573753Z     mixed_process_chaos_test.go:878: slow mixedsignal/mixed-02-0 dispatch worker=mixed-before stage=lease_held run_seq=93 delivery=2 since_enabled=13.434455188s err=workflow lease is held
mixed	Replay consecutive mixed workflow seeds	2026-10-01T03:33:12.0575810Z     mixed_process_chaos_test.go:878: slow mixedsignal/mixed-02-0 dispatch worker=mixed-before stage=fetched run_seq=94 delivery=2 since_enabled=13.60631516s err=
mixed	Replay consecutive mixed workflow seeds	2026-10-01T03:33:12.0577851Z     mixed_process_chaos_test.go:878: slow mixedsignal/mixed-02-0 dispatch worker=mixed-before stage=lease_held run_seq=94 delivery=2 since_enabled=13.690261158s err=workflow lease is held
mixed	Replay consecutive mixed workflow seeds	2026-10-01T03:33:12.0580453Z     mixed_process_chaos_test.go:878: slow mixedsignal/mixed-02-0 dispatch worker=mixed-before stage=fetched run_seq=95 delivery=2 since_enabled=13.86279297s err=
mixed	Replay consecutive mixed workflow seeds	2026-10-01T03:33:12.0582831Z     mixed_process_chaos_test.go:878: slow mixedsignal/mixed-02-0 dispatch worker=mixed-before stage=lease_held run_seq=95 delivery=2 since_enabled=13.944050055s err=workflow lease is held
mixed	Replay consecutive mixed workflow seeds	2026-10-01T03:33:12.0585501Z     mixed_process_chaos_test.go:878: slow mixedsignal/mixed-02-0 dispatch worker=mixed-before stage=fetched run_seq=96 delivery=2 since_enabled=14.115564927s err=
mixed	Replay consecutive mixed workflow seeds	2026-10-01T03:33:12.0588218Z     mixed_process_chaos_test.go:878: slow mixedsignal/mixed-02-0 dispatch worker=mixed-before stage=lease_held run_seq=96 delivery=2 since_enabled=14.119061156s err=workflow lease is held
mixed	Replay consecutive mixed workflow seeds	2026-10-01T03:33:12.0590882Z     mixed_process_chaos_test.go:878: slow mixedsignal/mixed-02-0 dispatch worker=mixed-before stage=fetched run_seq=97 delivery=2 since_enabled=14.288108731s err=
mixed	Replay consecutive mixed workflow seeds	2026-10-01T03:33:12.0593398Z     mixed_process_chaos_test.go:878: slow mixedsignal/mixed-02-0 dispatch worker=mixed-before stage=lease_held run_seq=97 delivery=2 since_enabled=14.291159933s err=workflow lease is held
mixed	Replay consecutive mixed workflow seeds	2026-10-01T03:33:12.0595129Z     mixed_process_chaos_test.go:878: slow mixedsignal/mixed-02-0 dispatch worker=mixed-before stage=fetched run_seq=83 delivery=3 since_enabled=14.462730108s err=
mixed	Replay consecutive mixed workflow seeds	2026-10-01T03:33:12.0597225Z     mixed_process_chaos_test.go:878: slow mixedsignal/mixed-02-0 dispatch worker=mixed-before stage=lease_held run_seq=83 delivery=3 since_enabled=14.464482069s err=workflow lease is held
mixed	Replay consecutive mixed workflow seeds	2026-10-01T03:33:12.0599857Z     mixed_process_chaos_test.go:878: slow mixedsignal/mixed-02-0 dispatch worker=mixed-before stage=fetched run_seq=84 delivery=3 since_enabled=14.636088595s err=
mixed	Replay consecutive mixed workflow seeds	2026-10-01T03:33:12.0602476Z     mixed_process_chaos_test.go:878: slow mixedsignal/mixed-02-0 dispatch worker=mixed-before stage=lease_held run_seq=84 delivery=3 since_enabled=14.638534848s err=workflow lease is held
mixed	Replay consecutive mixed workflow seeds	2026-10-01T03:33:12.0604596Z     mixed_process_chaos_test.go:878: slow mixedsignal/mixed-02-0 dispatch worker=mixed-before stage=fetched run_seq=85 delivery=3 since_enabled=14.810824437s err=
mixed	Replay consecutive mixed workflow seeds	2026-10-01T03:33:12.0606340Z     mixed_process_chaos_test.go:878: slow mixedsignal/mixed-02-0 dispatch worker=mixed-before stage=lease_held run_seq=85 delivery=3 since_enabled=14.813791701s err=workflow lease is held
mixed	Replay consecutive mixed workflow seeds	2026-10-01T03:33:12.0608856Z     mixed_process_chaos_test.go:878: slow mixedsignal/mixed-02-0 dispatch worker=mixed-before stage=fetched run_seq=86 delivery=3 since_enabled=14.985439362s err=
mixed	Replay consecutive mixed workflow seeds	2026-10-01T03:33:12.0611322Z     mixed_process_chaos_test.go:878: slow mixedsignal/mixed-02-0 dispatch worker=mixed-before stage=lease_held run_seq=86 delivery=3 since_enabled=14.987916395s err=workflow lease is held
mixed	Replay consecutive mixed workflow seeds	2026-10-01T03:33:12.0613950Z     mixed_process_chaos_test.go:878: slow mixedsignal/mixed-02-0 dispatch worker=mixed-before stage=fetched run_seq=87 delivery=3 since_enabled=25.968038263s err=
mixed	Replay consecutive mixed workflow seeds	2026-10-01T03:33:12.0616684Z     mixed_process_chaos_test.go:878: slow mixedsignal/mixed-02-0 dispatch worker=mixed-before stage=lease_held run_seq=87 delivery=3 since_enabled=26.053717704s err=workflow lease is held
mixed	Replay consecutive mixed workflow seeds	2026-10-01T03:33:12.0619333Z     mixed_process_chaos_test.go:878: slow mixedsignal/mixed-02-0 dispatch worker=mixed-before stage=fetched run_seq=88 delivery=3 since_enabled=26.239179384s err=
mixed	Replay consecutive mixed workflow seeds	2026-10-01T03:33:12.0622062Z     mixed_process_chaos_test.go:878: slow mixedsignal/mixed-02-0 dispatch worker=mixed-before stage=lease_held run_seq=88 delivery=3 since_enabled=26.242413548s err=workflow lease is held
mixed	Replay consecutive mixed workflow seeds	2026-10-01T03:33:12.0624338Z     mixed_process_chaos_test.go:878: slow mixedsignal/mixed-02-0 dispatch worker=mixed-before stage=fetched run_seq=89 delivery=3 since_enabled=26.41450076s err=
mixed	Replay consecutive mixed workflow seeds	2026-10-01T03:33:12.0626936Z     mixed_process_chaos_test.go:878: slow mixedsignal/mixed-02-0 dispatch worker=mixed-before stage=lease_held run_seq=89 delivery=3 since_enabled=26.417980358s err=workflow lease is held
mixed	Replay consecutive mixed workflow seeds	2026-10-01T03:33:12.0628573Z     mixed_process_chaos_test.go:878: slow mixedsignal/mixed-02-0 dispatch worker=mixed-before stage=fetched run_seq=90 delivery=3 since_enabled=26.664847063s err=
mixed	Replay consecutive mixed workflow seeds	2026-10-01T03:33:12.0631165Z     mixed_process_chaos_test.go:878: slow mixedsignal/mixed-02-0 dispatch worker=mixed-before stage=lease_held run_seq=90 delivery=3 since_enabled=26.739087025s err=workflow lease is held
mixed	Replay consecutive mixed workflow seeds	2026-10-01T03:33:12.0632686Z     mixed_process_chaos_test.go:878: slow mixedsignal/mixed-02-0 dispatch worker=mixed-before stage=fetched run_seq=91 delivery=3 since_enabled=26.911202727s err=
mixed	Replay consecutive mixed workflow seeds	2026-10-01T03:33:12.0634792Z     mixed_process_chaos_test.go:878: slow mixedsignal/mixed-02-0 dispatch worker=mixed-before stage=lease_held run_seq=91 delivery=3 since_enabled=26.994305468s err=workflow lease is held
mixed	Replay consecutive mixed workflow seeds	2026-10-01T03:33:12.0637532Z     mixed_process_chaos_test.go:878: slow mixedsignal/mixed-02-0 dispatch worker=mixed-before stage=fetched run_seq=92 delivery=3 since_enabled=27.16640211s err=
mixed	Replay consecutive mixed workflow seeds	2026-10-01T03:33:12.0641038Z     mixed_process_chaos_test.go:878: slow mixedsignal/mixed-02-0 dispatch worker=mixed-before stage=lease_held run_seq=92 delivery=3 since_enabled=27.169891766s err=workflow lease is held
mixed	Replay consecutive mixed workflow seeds	2026-10-01T03:33:12.0643207Z     mixed_process_chaos_test.go:878: slow mixedsignal/mixed-02-0 dispatch worker=mixed-before stage=fetched run_seq=93 delivery=3 since_enabled=27.342069637s err=
mixed	Replay consecutive mixed workflow seeds	2026-10-01T03:33:12.0645390Z     mixed_process_chaos_test.go:878: slow mixedsignal/mixed-02-0 dispatch worker=mixed-before stage=lease_held run_seq=93 delivery=3 since_enabled=27.420867532s err=workflow lease is held
mixed	Replay consecutive mixed workflow seeds	2026-10-01T03:33:12.0647810Z     mixed_process_chaos_test.go:878: slow mixedsignal/mixed-02-0 dispatch worker=mixed-before stage=fetched run_seq=94 delivery=3 since_enabled=27.592902874s err=
mixed	Replay consecutive mixed workflow seeds	2026-10-01T03:33:12.0650276Z     mixed_process_chaos_test.go:878: slow mixedsignal/mixed-02-0 dispatch worker=mixed-before stage=lease_held run_seq=94 delivery=3 since_enabled=27.598044835s err=workflow lease is held
mixed	Replay consecutive mixed workflow seeds	2026-10-01T03:33:12.0652694Z     mixed_process_chaos_test.go:878: slow mixedsignal/mixed-02-0 dispatch worker=mixed-before stage=fetched run_seq=95 delivery=3 since_enabled=27.769767294s err=
mixed	Replay consecutive mixed workflow seeds	2026-10-01T03:33:12.0654215Z     mixed_process_chaos_test.go:878: slow mixedsignal/mixed-02-0 dispatch worker=mixed-before stage=lease_held run_seq=95 delivery=3 since_enabled=27.772466564s err=workflow lease is held
mixed	Replay consecutive mixed workflow seeds	2026-10-01T03:33:12.0656344Z     mixed_process_chaos_test.go:878: slow mixedsignal/mixed-02-0 dispatch worker=mixed-before stage=fetched run_seq=96 delivery=3 since_enabled=27.859092452s err=
mixed	Replay consecutive mixed workflow seeds	2026-10-01T03:33:12.0658895Z     mixed_process_chaos_test.go:878: slow mixedsignal/mixed-02-0 dispatch worker=mixed-before stage=lease_held run_seq=96 delivery=3 since_enabled=27.930548181s err=workflow lease is held
mixed	Replay consecutive mixed workflow seeds	2026-10-01T03:33:12.0660953Z     mixed_process_chaos_test.go:878: slow mixedsignal/mixed-02-0 dispatch worker=mixed-before stage=fetched run_seq=97 delivery=3 since_enabled=28.103126308s err=
mixed	Replay consecutive mixed workflow seeds	2026-10-01T03:33:12.0663550Z     mixed_process_chaos_test.go:878: slow mixedsignal/mixed-02-0 dispatch worker=mixed-before stage=lease_held run_seq=97 delivery=3 since_enabled=28.105625902s err=workflow lease is held
mixed	Replay consecutive mixed workflow seeds	2026-10-01T03:33:12.0666167Z     mixed_process_chaos_test.go:878: slow mixedsignal/mixed-02-0 dispatch worker=mixed-before stage=fetched run_seq=83 delivery=4 since_enabled=28.277707763s err=
mixed	Replay consecutive mixed workflow seeds	2026-10-01T03:33:12.0668712Z     mixed_process_chaos_test.go:878: slow mixedsignal/mixed-02-0 dispatch worker=mixed-before stage=lease_held run_seq=83 delivery=4 since_enabled=28.280430461s err=workflow lease is held
mixed	Replay consecutive mixed workflow seeds	2026-10-01T03:33:12.0671072Z     mixed_process_chaos_test.go:878: slow mixedsignal/mixed-02-0 dispatch worker=mixed-before stage=fetched run_seq=84 delivery=4 since_enabled=28.452410061s err=
mixed	Replay consecutive mixed workflow seeds	2026-10-01T03:33:12.0673217Z     mixed_process_chaos_test.go:878: slow mixedsignal/mixed-02-0 dispatch worker=mixed-before stage=lease_held run_seq=84 delivery=4 since_enabled=28.455876389s err=workflow lease is held
mixed	Replay consecutive mixed workflow seeds	2026-10-01T03:33:12.0675688Z     mixed_process_chaos_test.go:878: slow mixedsignal/mixed-02-0 dispatch worker=mixed-before stage=fetched run_seq=85 delivery=4 since_enabled=28.628042614s err=
mixed	Replay consecutive mixed workflow seeds	2026-10-01T03:33:12.0677294Z     mixed_process_chaos_test.go:878: slow mixedsignal/mixed-02-0 dispatch worker=mixed-before stage=lease_held run_seq=85 delivery=4 since_enabled=28.630198854s err=workflow lease is held
mixed	Replay consecutive mixed workflow seeds	2026-10-01T03:33:12.0679821Z     mixed_process_chaos_test.go:878: slow mixedsignal/mixed-02-0 dispatch worker=mixed-before stage=fetched run_seq=86 delivery=4 since_enabled=28.802078029s err=
mixed	Replay consecutive mixed workflow seeds	2026-10-01T03:33:12.0682338Z     mixed_process_chaos_test.go:878: slow mixedsignal/mixed-02-0 dispatch worker=mixed-before stage=lease_held run_seq=86 delivery=4 since_enabled=28.87044123s err=workflow lease is held
mixed	Replay consecutive mixed workflow seeds	2026-10-01T03:33:12.0684460Z     mixed_process_chaos_test.go:878: slow mixedsignal/mixed-02-0 dispatch worker=mixed-before stage=fetched run_seq=87 delivery=4 since_enabled=31.520184259s err=
mixed	Replay consecutive mixed workflow seeds	2026-10-01T03:33:12.0685836Z     mixed_process_chaos_test.go:878: slow mixedsignal/mixed-02-0 dispatch worker=mixed-before stage=lease_held run_seq=87 delivery=4 since_enabled=31.526063904s err=workflow lease is held
mixed	Replay consecutive mixed workflow seeds	2026-10-01T03:33:12.0687169Z     mixed_process_chaos_test.go:878: slow mixedsignal/mixed-02-0 dispatch worker=mixed-before stage=fetched run_seq=88 delivery=4 since_enabled=31.698358858s err=
mixed	Replay consecutive mixed workflow seeds	2026-10-01T03:33:12.0689018Z     mixed_process_chaos_test.go:878: slow mixedsignal/mixed-02-0 dispatch worker=mixed-before stage=lease_held run_seq=88 delivery=4 since_enabled=31.702954699s err=workflow lease is held
mixed	Replay consecutive mixed workflow seeds	2026-10-01T03:33:12.0690770Z     mixed_process_chaos_test.go:878: slow mixedsignal/mixed-02-0 dispatch worker=mixed-before stage=fetched run_seq=89 delivery=4 since_enabled=31.874639528s err=
mixed	Replay consecutive mixed workflow seeds	2026-10-01T03:33:12.0692300Z     mixed_process_chaos_test.go:878: slow mixedsignal/mixed-02-0 dispatch worker=mixed-before stage=lease_held run_seq=89 delivery=4 since_enabled=32.036660435s err=workflow lease is held
mixed	Replay consecutive mixed workflow seeds	2026-10-01T03:33:12.0693890Z     mixed_process_chaos_test.go:878: slow mixedsignal/mixed-02-0 dispatch worker=mixed-before stage=fetched run_seq=90 delivery=4 since_enabled=32.208733802s err=
mixed	Replay consecutive mixed workflow seeds	2026-10-01T03:33:12.0695867Z     mixed_process_chaos_test.go:878: slow mixedsignal/mixed-02-0 dispatch worker=mixed-before stage=lease_held run_seq=90 delivery=4 since_enabled=32.210960844s err=workflow lease is held
mixed	Replay consecutive mixed workflow seeds	2026-10-01T03:33:12.0697332Z     mixed_process_chaos_test.go:878: slow mixedsignal/mixed-02-0 dispatch worker=mixed-before stage=fetched run_seq=91 delivery=4 since_enabled=32.38264877s err=
mixed	Replay consecutive mixed workflow seeds	2026-10-01T03:33:12.0698821Z     mixed_process_chaos_test.go:878: slow mixedsignal/mixed-02-0 dispatch worker=mixed-before stage=lease_held run_seq=91 delivery=4 since_enabled=32.38506172s err=workflow lease is held
mixed	Replay consecutive mixed workflow seeds	2026-10-01T03:33:12.0700824Z     mixed_process_chaos_test.go:878: slow mixedsignal/mixed-02-0 dispatch worker=mixed-before stage=fetched run_seq=92 delivery=4 since_enabled=32.556780204s err=
mixed	Replay consecutive mixed workflow seeds	2026-10-01T03:33:12.0702258Z     mixed_process_chaos_test.go:878: slow mixedsignal/mixed-02-0 dispatch worker=mixed-before stage=lease_held run_seq=92 delivery=4 since_enabled=32.637552027s err=workflow lease is held
mixed	Replay consecutive mixed workflow seeds	2026-10-01T03:33:12.0703935Z     mixed_process_chaos_test.go:878: slow mixedsignal/mixed-02-0 dispatch worker=mixed-before stage=fetched run_seq=93 delivery=4 since_enabled=32.809567436s err=
mixed	Replay consecutive mixed workflow seeds	2026-10-01T03:33:12.0705450Z     mixed_process_chaos_test.go:878: slow mixedsignal/mixed-02-0 dispatch worker=mixed-before stage=lease_held run_seq=93 delivery=4 since_enabled=32.812441647s err=workflow lease is held
mixed	Replay consecutive mixed workflow seeds	2026-10-01T03:33:12.0707489Z     mixed_process_chaos_test.go:878: slow mixedsignal/mixed-02-0 dispatch worker=mixed-before stage=fetched run_seq=94 delivery=4 since_enabled=32.984383438s err=
mixed	Replay consecutive mixed workflow seeds	2026-10-01T03:33:12.0709545Z     mixed_process_chaos_test.go:878: slow mixedsignal/mixed-02-0 dispatch worker=mixed-before stage=lease_held run_seq=94 delivery=4 since_enabled=32.987276449s err=workflow lease is held
mixed	Replay consecutive mixed workflow seeds	2026-10-01T03:33:12.0711635Z     mixed_process_chaos_test.go:878: slow mixedsignal/mixed-02-0 dispatch worker=mixed-before stage=fetched run_seq=95 delivery=4 since_enabled=33.159058009s err=
mixed	Replay consecutive mixed workflow seeds	2026-10-01T03:33:12.0713231Z     mixed_process_chaos_test.go:878: slow mixedsignal/mixed-02-0 dispatch worker=mixed-before stage=lease_held run_seq=95 delivery=4 since_enabled=33.233800482s err=workflow lease is held
mixed	Replay consecutive mixed workflow seeds	2026-10-01T03:33:12.0714902Z     mixed_process_chaos_test.go:878: slow mixedsignal/mixed-02-0 dispatch worker=mixed-before stage=fetched run_seq=96 delivery=4 since_enabled=33.405454651s err=
mixed	Replay consecutive mixed workflow seeds	2026-10-01T03:33:12.0716426Z     mixed_process_chaos_test.go:878: slow mixedsignal/mixed-02-0 dispatch worker=mixed-before stage=lease_held run_seq=96 delivery=4 since_enabled=33.484805116s err=workflow lease is held
mixed	Replay consecutive mixed workflow seeds	2026-10-01T03:33:12.0718488Z     mixed_process_chaos_test.go:878: slow mixedsignal/mixed-02-0 dispatch worker=mixed-before stage=fetched run_seq=97 delivery=4 since_enabled=33.656965769s err=
mixed	Replay consecutive mixed workflow seeds	2026-10-01T03:33:12.0721044Z     mixed_process_chaos_test.go:878: slow mixedsignal/mixed-02-0 dispatch worker=mixed-before stage=lease_held run_seq=97 delivery=4 since_enabled=33.659456599s err=workflow lease is held
mixed	Replay consecutive mixed workflow seeds	2026-10-01T03:33:12.0723260Z     mixed_process_chaos_test.go:878: slow mixedsignal/mixed-02-0 dispatch worker=mixed-before stage=fetched run_seq=83 delivery=5 since_enabled=33.915728649s err=
mixed	Replay consecutive mixed workflow seeds	2026-10-01T03:33:12.0725845Z     mixed_process_chaos_test.go:878: slow mixedsignal/mixed-02-0 dispatch worker=mixed-before stage=lease_held run_seq=83 delivery=5 since_enabled=33.918814665s err=workflow lease is held
mixed	Replay consecutive mixed workflow seeds	2026-10-01T03:33:12.0728337Z     mixed_process_chaos_test.go:878: slow mixedsignal/mixed-02-0 dispatch worker=mixed-before stage=fetched run_seq=84 delivery=5 since_enabled=34.090549554s err=
mixed	Replay consecutive mixed workflow seeds	2026-10-01T03:33:12.0730800Z     mixed_process_chaos_test.go:878: slow mixedsignal/mixed-02-0 dispatch worker=mixed-before stage=lease_held run_seq=84 delivery=5 since_enabled=34.093663476s err=workflow lease is held
mixed	Replay consecutive mixed workflow seeds	2026-10-01T03:33:12.0732813Z     mixed_process_chaos_test.go:878: slow mixedsignal/mixed-02-0 dispatch worker=mixed-before stage=fetched run_seq=85 delivery=5 since_enabled=34.265637484s err=
mixed	Replay consecutive mixed workflow seeds	2026-10-01T03:33:12.0734824Z     mixed_process_chaos_test.go:878: slow mixedsignal/mixed-02-0 dispatch worker=mixed-before stage=lease_held run_seq=85 delivery=5 since_enabled=34.341311027s err=workflow lease is held
mixed	Replay consecutive mixed workflow seeds	2026-10-01T03:33:12.0737195Z     mixed_process_chaos_test.go:878: slow mixedsignal/mixed-02-0 dispatch worker=mixed-before stage=fetched run_seq=86 delivery=5 since_enabled=34.513150816s err=
mixed	Replay consecutive mixed workflow seeds	2026-10-01T03:33:12.0739601Z     mixed_process_chaos_test.go:878: slow mixedsignal/mixed-02-0 dispatch worker=mixed-before stage=lease_held run_seq=86 delivery=5 since_enabled=34.516382887s err=workflow lease is held
mixed	Replay consecutive mixed workflow seeds	2026-10-01T03:33:12.0741628Z     mixed_process_chaos_test.go:878: slow mixedsignal/mixed-02-0 dispatch worker=mixed-before stage=fetched run_seq=87 delivery=5 since_enabled=36.613447357s err=
mixed	Replay consecutive mixed workflow seeds	2026-10-01T03:33:12.0743541Z     mixed_process_chaos_test.go:878: slow mixedsignal/mixed-02-0 dispatch worker=mixed-before stage=lease_held run_seq=87 delivery=5 since_enabled=36.644747741s err=workflow lease is held
mixed	Replay consecutive mixed workflow seeds	2026-10-01T03:33:12.0746190Z     mixed_process_chaos_test.go:878: slow mixedsignal/mixed-02-0 dispatch worker=mixed-before stage=fetched run_seq=88 delivery=5 since_enabled=36.817037691s err=
mixed	Replay consecutive mixed workflow seeds	2026-10-01T03:33:12.0747940Z     mixed_process_chaos_test.go:878: slow mixedsignal/mixed-02-0 dispatch worker=mixed-before stage=lease_held run_seq=88 delivery=5 since_enabled=36.818919365s err=workflow lease is held
mixed	Replay consecutive mixed workflow seeds	2026-10-01T03:33:12.0750559Z     mixed_process_chaos_test.go:878: slow mixedsignal/mixed-02-0 dispatch worker=mixed-before stage=fetched run_seq=89 delivery=5 since_enabled=37.160950772s err=
mixed	Replay consecutive mixed workflow seeds	2026-10-01T03:33:12.0753010Z     mixed_process_chaos_test.go:878: slow mixedsignal/mixed-02-0 dispatch worker=mixed-before stage=lease_held run_seq=89 delivery=5 since_enabled=37.163838098s err=workflow lease is held
mixed	Replay consecutive mixed workflow seeds	2026-10-01T03:33:12.0755666Z     mixed_process_chaos_test.go:878: slow mixedsignal/mixed-02-0 dispatch worker=mixed-before stage=fetched run_seq=90 delivery=5 since_enabled=37.336044272s err=
mixed	Replay consecutive mixed workflow seeds	2026-10-01T03:33:12.0758352Z     mixed_process_chaos_test.go:878: slow mixedsignal/mixed-02-0 dispatch worker=mixed-before stage=lease_held run_seq=90 delivery=5 since_enabled=37.338786853s err=workflow lease is held
mixed	Replay consecutive mixed workflow seeds	2026-10-01T03:33:12.0760887Z     mixed_process_chaos_test.go:878: slow mixedsignal/mixed-02-0 dispatch worker=mixed-before stage=fetched run_seq=91 delivery=5 since_enabled=37.511331413s err=
mixed	Replay consecutive mixed workflow seeds	2026-10-01T03:33:12.0763698Z     mixed_process_chaos_test.go:878: slow mixedsignal/mixed-02-0 dispatch worker=mixed-before stage=lease_held run_seq=91 delivery=5 since_enabled=37.514581625s err=workflow lease is held
mixed	Replay consecutive mixed workflow seeds	2026-10-01T03:33:12.0766239Z     mixed_process_chaos_test.go:878: slow mixedsignal/mixed-02-0 dispatch worker=mixed-before stage=fetched run_seq=92 delivery=5 since_enabled=37.772548446s err=
mixed	Replay consecutive mixed workflow seeds	2026-10-01T03:33:12.0768859Z     mixed_process_chaos_test.go:878: slow mixedsignal/mixed-02-0 dispatch worker=mixed-before stage=lease_held run_seq=92 delivery=5 since_enabled=37.84264598s err=workflow lease is held
mixed	Replay consecutive mixed workflow seeds	2026-10-01T03:33:12.0771560Z     mixed_process_chaos_test.go:878: slow mixedsignal/mixed-02-0 dispatch worker=mixed-before stage=fetched run_seq=93 delivery=5 since_enabled=38.014444046s err=
mixed	Replay consecutive mixed workflow seeds	2026-10-01T03:33:12.0774118Z     mixed_process_chaos_test.go:878: slow mixedsignal/mixed-02-0 dispatch worker=mixed-before stage=lease_held run_seq=93 delivery=5 since_enabled=38.096335652s err=workflow lease is held
mixed	Replay consecutive mixed workflow seeds	2026-10-01T03:33:12.0776028Z     mixed_process_chaos_test.go:878: slow mixedsignal/mixed-02-0 dispatch worker=mixed-before stage=fetched run_seq=94 delivery=5 since_enabled=38.183103811s err=
mixed	Replay consecutive mixed workflow seeds	2026-10-01T03:33:12.0778583Z     mixed_process_chaos_test.go:878: slow mixedsignal/mixed-02-0 dispatch worker=mixed-before stage=lease_held run_seq=94 delivery=5 since_enabled=38.186336511s err=workflow lease is held
mixed	Replay consecutive mixed workflow seeds	2026-10-01T03:33:12.0781319Z     mixed_process_chaos_test.go:878: slow mixedsignal/mixed-02-0 dispatch worker=mixed-before stage=fetched run_seq=95 delivery=5 since_enabled=38.358051073s err=
mixed	Replay consecutive mixed workflow seeds	2026-10-01T03:33:12.0783899Z     mixed_process_chaos_test.go:878: slow mixedsignal/mixed-02-0 dispatch worker=mixed-before stage=lease_held run_seq=95 delivery=5 since_enabled=38.359804156s err=workflow lease is held
mixed	Replay consecutive mixed workflow seeds	2026-10-01T03:33:12.0785896Z     mixed_process_chaos_test.go:878: slow mixedsignal/mixed-02-0 dispatch worker=mixed-before stage=fetched run_seq=96 delivery=5 since_enabled=38.616831911s err=
mixed	Replay consecutive mixed workflow seeds	2026-10-01T03:33:12.0788204Z     mixed_process_chaos_test.go:878: slow mixedsignal/mixed-02-0 dispatch worker=mixed-before stage=lease_held run_seq=96 delivery=5 since_enabled=38.694952154s err=workflow lease is held
mixed	Replay consecutive mixed workflow seeds	2026-10-01T03:33:12.0790828Z     mixed_process_chaos_test.go:878: slow mixedsignal/mixed-02-0 dispatch worker=mixed-before stage=fetched run_seq=97 delivery=5 since_enabled=38.78138466s err=
mixed	Replay consecutive mixed workflow seeds	2026-10-01T03:33:12.0792335Z     mixed_process_chaos_test.go:878: slow mixedsignal/mixed-02-0 dispatch worker=mixed-before stage=lease_held run_seq=97 delivery=5 since_enabled=38.866670262s err=workflow lease is held
mixed	Replay consecutive mixed workflow seeds	2026-10-01T03:33:12.0795165Z     mixed_process_chaos_test.go:878: slow mixedsignal/mixed-02-0 dispatch worker=mixed-before stage=fetched run_seq=83 delivery=6 since_enabled=39.038376246s err=
mixed	Replay consecutive mixed workflow seeds	2026-10-01T03:33:12.0797453Z     mixed_process_chaos_test.go:878: slow mixedsignal/mixed-02-0 dispatch worker=mixed-before stage=lease_held run_seq=83 delivery=6 since_enabled=39.041358018s err=workflow lease is held
mixed	Replay consecutive mixed workflow seeds	2026-10-01T03:33:12.0799133Z     mixed_process_chaos_test.go:878: slow mixedsignal/mixed-02-0 dispatch worker=mixed-before stage=fetched run_seq=84 delivery=6 since_enabled=39.213223598s err=
mixed	Replay consecutive mixed workflow seeds	2026-10-01T03:33:12.0801255Z     mixed_process_chaos_test.go:878: slow mixedsignal/mixed-02-0 dispatch worker=mixed-before stage=lease_held run_seq=84 delivery=6 since_enabled=39.216202002s err=workflow lease is held
mixed	Replay consecutive mixed workflow seeds	2026-10-01T03:33:12.0802572Z     mixed_process_chaos_test.go:878: slow mixedsignal/mixed-02-0 dispatch worker=mixed-before stage=fetched run_seq=85 delivery=6 since_enabled=39.473500757s err=
mixed	Replay consecutive mixed workflow seeds	2026-10-01T03:33:12.0804218Z     mixed_process_chaos_test.go:878: slow mixedsignal/mixed-02-0 dispatch worker=mixed-before stage=lease_held run_seq=85 delivery=6 since_enabled=39.547520087s err=workflow lease is held
mixed	Replay consecutive mixed workflow seeds	2026-10-01T03:33:12.0806214Z     mixed_process_chaos_test.go:878: slow mixedsignal/mixed-02-0 dispatch worker=mixed-before stage=fetched run_seq=86 delivery=6 since_enabled=39.719410369s err=
mixed	Replay consecutive mixed workflow seeds	2026-10-01T03:33:12.0809145Z     mixed_process_chaos_test.go:878: slow mixedsignal/mixed-02-0 dispatch worker=mixed-before stage=lease_held run_seq=86 delivery=6 since_enabled=39.803858276s err=workflow lease is held
mixed	Replay consecutive mixed workflow seeds	2026-10-01T03:33:12.0812035Z     mixed_process_chaos_test.go:878: slow mixedsignal/mixed-02-0 dispatch worker=mixed-after stage=released run_seq=82 delivery=1 since_enabled=40.996119618s err=
mixed	Replay consecutive mixed workflow seeds	2026-10-01T03:33:12.0814506Z     mixed_process_chaos_test.go:878: slow mixedsignal/mixed-02-0 dispatch worker=mixed-after stage=ack run_seq=82 delivery=1 since_enabled=40.996122143s err=
mixed	Replay consecutive mixed workflow seeds	2026-10-01T03:33:12.0816982Z     mixed_process_chaos_test.go:878: slow mixedsignal/mixed-02-0 dispatch worker=mixed-before stage=fetched run_seq=87 delivery=6 since_enabled=41.646567745s err=
mixed	Replay consecutive mixed workflow seeds	2026-10-01T03:33:12.0819270Z     mixed_process_chaos_test.go:878: slow mixedsignal/mixed-02-0 dispatch worker=mixed-before stage=lease_acquired run_seq=87 delivery=6 since_enabled=41.649688819s err=
mixed	Replay consecutive mixed workflow seeds	2026-10-01T03:33:12.0822008Z     mixed_process_chaos_test.go:878: slow mixedsignal/mixed-02-0 dispatch worker=mixed-before stage=released run_seq=87 delivery=6 since_enabled=41.676551312s err=
mixed	Replay consecutive mixed workflow seeds	2026-10-01T03:33:12.0824198Z     mixed_process_chaos_test.go:878: slow mixedsignal/mixed-02-0 dispatch worker=mixed-before stage=ack run_seq=87 delivery=6 since_enabled=41.676554168s err=
mixed	Replay consecutive mixed workflow seeds	2026-10-01T03:33:12.0825937Z     mixed_process_chaos_test.go:878: slow mixedsignal/mixed-02-0 dispatch worker=mixed-after stage=fetched run_seq=88 delivery=6 since_enabled=41.820319083s err=
mixed	Replay consecutive mixed workflow seeds	2026-10-01T03:33:12.0828682Z     mixed_process_chaos_test.go:878: slow mixedsignal/mixed-02-0 dispatch worker=mixed-after stage=lease_acquired run_seq=88 delivery=6 since_enabled=41.822727707s err=
mixed	Replay consecutive mixed workflow seeds	2026-10-01T03:33:12.0831109Z     mixed_process_chaos_test.go:878: slow mixedsignal/mixed-02-0 dispatch worker=mixed-after stage=released run_seq=88 delivery=6 since_enabled=41.859096659s err=
mixed	Replay consecutive mixed workflow seeds	2026-10-01T03:33:12.0833607Z     mixed_process_chaos_test.go:878: slow mixedsignal/mixed-02-0 dispatch worker=mixed-after stage=ack run_seq=88 delivery=6 since_enabled=41.859098854s err=
mixed	Replay consecutive mixed workflow seeds	2026-10-01T03:33:12.0836025Z     mixed_process_chaos_test.go:878: slow mixedsignal/mixed-02-0 dispatch worker=mixed-before stage=fetched run_seq=89 delivery=6 since_enabled=42.165544187s err=
mixed	Replay consecutive mixed workflow seeds	2026-10-01T03:33:12.0838710Z     mixed_process_chaos_test.go:878: slow mixedsignal/mixed-02-0 dispatch worker=mixed-before stage=lease_acquired run_seq=89 delivery=6 since_enabled=42.169063287s err=
mixed	Replay consecutive mixed workflow seeds	2026-10-01T03:33:12.0841851Z     mixed_process_chaos_test.go:878: slow mixedsignal/mixed-02-0 dispatch worker=mixed-before stage=released run_seq=89 delivery=6 since_enabled=42.196482711s err=
mixed	Replay consecutive mixed workflow seeds	2026-10-01T03:33:12.0844394Z     mixed_process_chaos_test.go:878: slow mixedsignal/mixed-02-0 dispatch worker=mixed-before stage=ack run_seq=89 delivery=6 since_enabled=42.196484725s err=
mixed	Replay consecutive mixed workflow seeds	2026-10-01T03:33:12.0846931Z     mixed_process_chaos_test.go:878: slow mixedsignal/mixed-02-0 dispatch worker=mixed-after stage=fetched run_seq=90 delivery=6 since_enabled=42.339887257s err=
mixed	Replay consecutive mixed workflow seeds	2026-10-01T03:33:12.0849450Z     mixed_process_chaos_test.go:878: slow mixedsignal/mixed-02-0 dispatch worker=mixed-after stage=lease_acquired run_seq=90 delivery=6 since_enabled=42.342253121s err=
mixed	Replay consecutive mixed workflow seeds	2026-10-01T03:33:12.0852214Z     mixed_process_chaos_test.go:878: slow mixedsignal/mixed-02-0 dispatch worker=mixed-after stage=released run_seq=90 delivery=6 since_enabled=42.373008567s err=
mixed	Replay consecutive mixed workflow seeds	2026-10-01T03:33:12.0854264Z     mixed_process_chaos_test.go:878: slow mixedsignal/mixed-02-0 dispatch worker=mixed-after stage=ack run_seq=90 delivery=6 since_enabled=42.373010831s err=
mixed	Replay consecutive mixed workflow seeds	2026-10-01T03:33:12.0856266Z     mixed_process_chaos_test.go:878: slow mixedsignal/mixed-02-0 dispatch worker=mixed-before stage=fetched run_seq=91 delivery=6 since_enabled=42.515676319s err=
mixed	Replay consecutive mixed workflow seeds	2026-10-01T03:33:12.0858033Z     mixed_process_chaos_test.go:878: slow mixedsignal/mixed-02-0 dispatch worker=mixed-before stage=lease_acquired run_seq=91 delivery=6 since_enabled=42.518276072s err=
mixed	Replay consecutive mixed workflow seeds	2026-10-01T03:33:12.0860722Z     mixed_process_chaos_test.go:878: slow mixedsignal/mixed-02-0 dispatch worker=mixed-before stage=released run_seq=91 delivery=6 since_enabled=42.538560252s err=
mixed	Replay consecutive mixed workflow seeds	2026-10-01T03:33:12.0863031Z     mixed_process_chaos_test.go:878: slow mixedsignal/mixed-02-0 dispatch worker=mixed-before stage=ack run_seq=91 delivery=6 since_enabled=42.538567205s err=
mixed	Replay consecutive mixed workflow seeds	2026-10-01T03:33:12.0865375Z     mixed_process_chaos_test.go:878: slow mixedsignal/mixed-02-0 dispatch worker=mixed-after stage=fetched run_seq=92 delivery=6 since_enabled=42.843846731s err=
mixed	Replay consecutive mixed workflow seeds	2026-10-01T03:33:12.0867589Z     mixed_process_chaos_test.go:878: slow mixedsignal/mixed-02-0 dispatch worker=mixed-after stage=lease_acquired run_seq=92 delivery=6 since_enabled=42.84575234s err=
mixed	Replay consecutive mixed workflow seeds	2026-10-01T03:33:12.0869446Z     mixed_process_chaos_test.go:878: slow mixedsignal/mixed-02-0 dispatch worker=mixed-after stage=released run_seq=92 delivery=6 since_enabled=42.877325324s err=
mixed	Replay consecutive mixed workflow seeds	2026-10-01T03:33:12.0872186Z     mixed_process_chaos_test.go:878: slow mixedsignal/mixed-02-0 dispatch worker=mixed-after stage=ack run_seq=92 delivery=6 since_enabled=42.877327308s err=
mixed	Replay consecutive mixed workflow seeds	2026-10-01T03:33:12.0874041Z     mixed_process_chaos_test.go:878: slow mixedsignal/mixed-02-0 dispatch worker=mixed-before stage=fetched run_seq=93 delivery=6 since_enabled=43.097777941s err=
mixed	Replay consecutive mixed workflow seeds	2026-10-01T03:33:12.0876623Z     mixed_process_chaos_test.go:878: slow mixedsignal/mixed-02-0 dispatch worker=mixed-before stage=lease_acquired run_seq=93 delivery=6 since_enabled=43.100048095s err=
mixed	Replay consecutive mixed workflow seeds	2026-10-01T03:33:12.0878746Z     mixed_process_chaos_test.go:878: slow mixedsignal/mixed-02-0 dispatch worker=mixed-before stage=released run_seq=93 delivery=6 since_enabled=43.117079375s err=
mixed	Replay consecutive mixed workflow seeds	2026-10-01T03:33:12.0880765Z     mixed_process_chaos_test.go:878: slow mixedsignal/mixed-02-0 dispatch worker=mixed-before stage=ack run_seq=93 delivery=6 since_enabled=43.117081729s err=
mixed	Replay consecutive mixed workflow seeds	2026-10-01T03:33:12.0883250Z     mixed_process_chaos_test.go:878: slow mixedsignal/mixed-02-0 dispatch worker=mixed-after stage=fetched run_seq=94 delivery=6 since_enabled=43.18785847s err=
mixed	Replay consecutive mixed workflow seeds	2026-10-01T03:33:12.0885858Z     mixed_process_chaos_test.go:878: slow mixedsignal/mixed-02-0 dispatch worker=mixed-after stage=lease_acquired run_seq=94 delivery=6 since_enabled=43.190320452s err=
mixed	Replay consecutive mixed workflow seeds	2026-10-01T03:33:12.0888352Z     mixed_process_chaos_test.go:878: slow mixedsignal/mixed-02-0 dispatch worker=mixed-after stage=released run_seq=94 delivery=6 since_enabled=43.222039189s err=
mixed	Replay consecutive mixed workflow seeds	2026-10-01T03:33:12.0891123Z     mixed_process_chaos_test.go:878: slow mixedsignal/mixed-02-0 dispatch worker=mixed-after stage=ack run_seq=94 delivery=6 since_enabled=43.222043858s err=
mixed	Replay consecutive mixed workflow seeds	2026-10-01T03:33:12.0893907Z     mixed_process_chaos_test.go:878: slow mixedsignal/mixed-02-0 dispatch worker=mixed-before stage=fetched run_seq=95 delivery=6 since_enabled=43.361089769s err=
mixed	Replay consecutive mixed workflow seeds	2026-10-01T03:33:12.0896334Z     mixed_process_chaos_test.go:878: slow mixedsignal/mixed-02-0 dispatch worker=mixed-before stage=lease_acquired run_seq=95 delivery=6 since_enabled=43.363386482s err=
mixed	Replay consecutive mixed workflow seeds	2026-10-01T03:33:12.0898776Z     mixed_process_chaos_test.go:878: slow mixedsignal/mixed-02-0 dispatch worker=mixed-before stage=released run_seq=95 delivery=6 since_enabled=43.380956946s err=
mixed	Replay consecutive mixed workflow seeds	2026-10-01T03:33:12.0901496Z     mixed_process_chaos_test.go:878: slow mixedsignal/mixed-02-0 dispatch worker=mixed-before stage=ack run_seq=95 delivery=6 since_enabled=43.380961093s err=
mixed	Replay consecutive mixed workflow seeds	2026-10-01T03:33:12.0903588Z     mixed_process_chaos_test.go:878: slow mixedsignal/mixed-02-0 dispatch worker=mixed-after stage=fetched run_seq=96 delivery=6 since_enabled=43.69687328s err=
mixed	Replay consecutive mixed workflow seeds	2026-10-01T03:33:12.0904894Z     mixed_process_chaos_test.go:878: slow mixedsignal/mixed-02-0 dispatch worker=mixed-after stage=lease_acquired run_seq=96 delivery=6 since_enabled=43.698867977s err=
mixed	Replay consecutive mixed workflow seeds	2026-10-01T03:33:12.0906167Z     mixed_process_chaos_test.go:878: slow mixedsignal/mixed-02-0 dispatch worker=mixed-after stage=released run_seq=96 delivery=6 since_enabled=43.726777229s err=
mixed	Replay consecutive mixed workflow seeds	2026-10-01T03:33:12.0907395Z     mixed_process_chaos_test.go:878: slow mixedsignal/mixed-02-0 dispatch worker=mixed-after stage=ack run_seq=96 delivery=6 since_enabled=43.726779494s err=
mixed	Replay consecutive mixed workflow seeds	2026-10-01T03:33:12.0908806Z     mixed_process_chaos_test.go:878: slow mixedsignal/mixed-02-0 dispatch worker=mixed-before stage=fetched run_seq=97 delivery=6 since_enabled=43.867987282s err=
mixed	Replay consecutive mixed workflow seeds	2026-10-01T03:33:12.0910482Z     mixed_process_chaos_test.go:878: slow mixedsignal/mixed-02-0 dispatch worker=mixed-before stage=lease_acquired run_seq=97 delivery=6 since_enabled=43.870346252s err=
mixed	Replay consecutive mixed workflow seeds	2026-10-01T03:33:12.0911898Z     mixed_process_chaos_test.go:878: slow mixedsignal/mixed-02-0 dispatch worker=mixed-before stage=released run_seq=97 delivery=6 since_enabled=43.886932857s err=
mixed	Replay consecutive mixed workflow seeds	2026-10-01T03:33:12.0914320Z     mixed_process_chaos_test.go:878: slow mixedsignal/mixed-02-0 dispatch worker=mixed-before stage=ack run_seq=97 delivery=6 since_enabled=43.886935412s err=
mixed	Replay consecutive mixed workflow seeds	2026-10-01T03:33:12.0916719Z     mixed_process_chaos_test.go:878: slow mixedsignal/mixed-02-0 dispatch worker=mixed-after stage=fetched run_seq=83 delivery=7 since_enabled=44.043568254s err=
mixed	Replay consecutive mixed workflow seeds	2026-10-01T03:33:12.0919027Z     mixed_process_chaos_test.go:878: slow mixedsignal/mixed-02-0 dispatch worker=mixed-after stage=lease_acquired run_seq=83 delivery=7 since_enabled=44.045304135s err=
mixed	Replay consecutive mixed workflow seeds	2026-10-01T03:33:12.0921505Z     mixed_process_chaos_test.go:878: slow mixedsignal/mixed-02-0 dispatch worker=mixed-after stage=released run_seq=83 delivery=7 since_enabled=44.072920438s err=
mixed	Replay consecutive mixed workflow seeds	2026-10-01T03:33:12.0923461Z     mixed_process_chaos_test.go:878: slow mixedsignal/mixed-02-0 dispatch worker=mixed-after stage=ack run_seq=83 delivery=7 since_enabled=44.072923454s err=
mixed	Replay consecutive mixed workflow seeds	2026-10-01T03:33:12.0925645Z     mixed_process_chaos_test.go:878: slow mixedsignal/mixed-02-0 dispatch worker=mixed-before stage=fetched run_seq=84 delivery=7 since_enabled=44.218257564s err=
mixed	Replay consecutive mixed workflow seeds	2026-10-01T03:33:12.0928071Z     mixed_process_chaos_test.go:878: slow mixedsignal/mixed-02-0 dispatch worker=mixed-before stage=lease_acquired run_seq=84 delivery=7 since_enabled=44.22069364s err=
mixed	Replay consecutive mixed workflow seeds	2026-10-01T03:33:12.0930831Z     mixed_process_chaos_test.go:878: slow mixedsignal/mixed-02-0 dispatch worker=mixed-before stage=released run_seq=84 delivery=7 since_enabled=44.237323447s err=
mixed	Replay consecutive mixed workflow seeds	2026-10-01T03:33:12.0933195Z     mixed_process_chaos_test.go:878: slow mixedsignal/mixed-02-0 dispatch worker=mixed-before stage=ack run_seq=84 delivery=7 since_enabled=44.237326021s err=
mixed	Replay consecutive mixed workflow seeds	2026-10-01T03:33:12.0936694Z     mixed_process_chaos_test.go:889: slow mixedsignal/mixed-02-0 operation worker=mixed-before name=lease_acquire run_seq=87 delivery=1 index=0 kind= since_enabled=260.524621ms duration=89.904228ms lease_gate=0s lease_update=0s lease_update_attempted=false err=workflow lease is held
mixed	Replay consecutive mixed workflow seeds	2026-10-01T03:33:12.0941332Z     mixed_process_chaos_test.go:889: slow mixedsignal/mixed-02-0 operation worker=mixed-before name=lease_acquire run_seq=88 delivery=1 index=0 kind= since_enabled=525.570809ms duration=6.466645ms lease_gate=0s lease_update=0s lease_update_attempted=false err=workflow lease is held
mixed	Replay consecutive mixed workflow seeds	2026-10-01T03:33:12.0945480Z     mixed_process_chaos_test.go:889: slow mixedsignal/mixed-02-0 operation worker=mixed-before name=lease_acquire run_seq=89 delivery=1 index=0 kind= since_enabled=702.07307ms duration=4.342646ms lease_gate=0s lease_update=0s lease_update_attempted=false err=workflow lease is held
mixed	Replay consecutive mixed workflow seeds	2026-10-01T03:33:12.0949451Z     mixed_process_chaos_test.go:889: slow mixedsignal/mixed-02-0 operation worker=mixed-after name=lease_acquire run_seq=82 delivery=1 index=0 kind= since_enabled=773.662891ms duration=1.629724386s lease_gate=0s lease_update=0s lease_update_attempted=false err=
mixed	Replay consecutive mixed workflow seeds	2026-10-01T03:33:12.0953708Z     mixed_process_chaos_test.go:889: slow mixedsignal/mixed-02-0 operation worker=mixed-after name=journal_read run_seq=82 delivery=1 index=0 kind= since_enabled=872.230654ms duration=98.557784ms lease_gate=0s lease_update=0s lease_update_attempted=false err=
mixed	Replay consecutive mixed workflow seeds	2026-10-01T03:33:12.0957715Z     mixed_process_chaos_test.go:889: slow mixedsignal/mixed-02-0 operation worker=mixed-after name=invocation_read run_seq=82 delivery=1 index=0 kind= since_enabled=874.091146ms duration=1.859961ms lease_gate=0s lease_update=0s lease_update_attempted=false err=
mixed	Replay consecutive mixed workflow seeds	2026-10-01T03:33:12.0961693Z     mixed_process_chaos_test.go:889: slow mixedsignal/mixed-02-0 operation worker=mixed-after name=signal_info run_seq=82 delivery=1 index=0 kind= since_enabled=876.460577ms duration=2.358721ms lease_gate=0s lease_update=0s lease_update_attempted=false err=
mixed	Replay consecutive mixed workflow seeds	2026-10-01T03:33:12.0965647Z     mixed_process_chaos_test.go:889: slow mixedsignal/mixed-02-0 operation worker=mixed-after name=signal_read run_seq=82 delivery=1 index=0 kind= since_enabled=955.562988ms duration=79.097452ms lease_gate=0s lease_update=0s lease_update_attempted=false err=
mixed	Replay consecutive mixed workflow seeds	2026-10-01T03:33:12.0970073Z     mixed_process_chaos_test.go:889: slow mixedsignal/mixed-02-0 operation worker=mixed-before name=lease_acquire run_seq=90 delivery=1 index=0 kind= since_enabled=1.043876761s duration=90.764785ms lease_gate=0s lease_update=0s lease_update_attempted=false err=workflow lease is held
mixed	Replay consecutive mixed workflow seeds	2026-10-01T03:33:12.0974562Z     mixed_process_chaos_test.go:889: slow mixedsignal/mixed-02-0 operation worker=mixed-before name=lease_acquire run_seq=91 delivery=1 index=0 kind= since_enabled=1.301505637s duration=85.656964ms lease_gate=0s lease_update=0s lease_update_attempted=false err=workflow lease is held
mixed	Replay consecutive mixed workflow seeds	2026-10-01T03:33:12.0978933Z     mixed_process_chaos_test.go:889: slow mixedsignal/mixed-02-0 operation worker=mixed-before name=lease_acquire run_seq=92 delivery=1 index=0 kind= since_enabled=1.476541885s duration=2.99637ms lease_gate=0s lease_update=0s lease_update_attempted=false err=workflow lease is held
mixed	Replay consecutive mixed workflow seeds	2026-10-01T03:33:12.0983520Z     mixed_process_chaos_test.go:889: slow mixedsignal/mixed-02-0 operation worker=mixed-before name=lease_acquire run_seq=93 delivery=1 index=0 kind= since_enabled=1.726388744s duration=77.997507ms lease_gate=0s lease_update=0s lease_update_attempted=false err=workflow lease is held
mixed	Replay consecutive mixed workflow seeds	2026-10-01T03:33:12.0988589Z     mixed_process_chaos_test.go:889: slow mixedsignal/mixed-02-0 operation worker=mixed-after name=lease_renew_append run_seq=82 delivery=1 index=3 kind=SignalConsumed since_enabled=1.977196173s duration=1.021589953s lease_gate=1.473µs lease_update=1.021578843s lease_update_attempted=true err=
mixed	Replay consecutive mixed workflow seeds	2026-10-01T03:33:12.0993195Z     mixed_process_chaos_test.go:889: slow mixedsignal/mixed-02-0 operation worker=mixed-before name=lease_acquire run_seq=94 delivery=1 index=0 kind= since_enabled=1.981758735s duration=83.27926ms lease_gate=0s lease_update=0s lease_update_attempted=false err=workflow lease is held
mixed	Replay consecutive mixed workflow seeds	2026-10-01T03:33:12.0997882Z     mixed_process_chaos_test.go:889: slow mixedsignal/mixed-02-0 operation worker=mixed-after name=journal_append run_seq=82 delivery=1 index=3 kind=SignalConsumed since_enabled=1.983794909s duration=6.598325ms lease_gate=0s lease_update=0s lease_update_attempted=false err=
mixed	Replay consecutive mixed workflow seeds	2026-10-01T03:33:12.1002246Z     mixed_process_chaos_test.go:889: slow mixedsignal/mixed-02-0 operation worker=mixed-after name=signal_read run_seq=82 delivery=1 index=0 kind= since_enabled=1.984692545s duration=893.789µs lease_gate=0s lease_update=0s lease_update_attempted=false err=
mixed	Replay consecutive mixed workflow seeds	2026-10-01T03:33:12.1006040Z     mixed_process_chaos_test.go:889: slow mixedsignal/mixed-02-0 operation worker=mixed-before name=lease_acquire run_seq=95 delivery=1 index=0 kind= since_enabled=2.157854682s duration=3.740355ms lease_gate=0s lease_update=0s lease_update_attempted=false err=workflow lease is held
mixed	Replay consecutive mixed workflow seeds	2026-10-01T03:33:12.1008319Z     mixed_process_chaos_test.go:889: slow mixedsignal/mixed-02-0 operation worker=mixed-before name=lease_acquire run_seq=96 delivery=1 index=0 kind= since_enabled=2.332486647s duration=2.963235ms lease_gate=0s lease_update=0s lease_update_attempted=false err=workflow lease is held
mixed	Replay consecutive mixed workflow seeds	2026-10-01T03:33:12.1011702Z     mixed_process_chaos_test.go:889: slow mixedsignal/mixed-02-0 operation worker=mixed-before name=lease_acquire run_seq=97 delivery=1 index=0 kind= since_enabled=2.581318088s duration=76.841926ms lease_gate=0s lease_update=0s lease_update_attempted=false err=workflow lease is held
mixed	Replay consecutive mixed workflow seeds	2026-10-01T03:33:12.1015686Z     mixed_process_chaos_test.go:889: slow mixedsignal/mixed-02-0 operation worker=mixed-after name=lease_renew_append run_seq=82 delivery=1 index=4 kind=SignalConsumed since_enabled=3.001579144s duration=1.016874796s lease_gate=1.112µs lease_update=1.016863005s lease_update_attempted=true err=
mixed	Replay consecutive mixed workflow seeds	2026-10-01T03:33:12.1019393Z     mixed_process_chaos_test.go:889: slow mixedsignal/mixed-02-0 operation worker=mixed-after name=journal_append run_seq=82 delivery=1 index=4 kind=SignalConsumed since_enabled=3.004320945s duration=2.741039ms lease_gate=0s lease_update=0s lease_update_attempted=false err=
mixed	Replay consecutive mixed workflow seeds	2026-10-01T03:33:12.1022949Z     mixed_process_chaos_test.go:889: slow mixedsignal/mixed-02-0 operation worker=mixed-after name=signal_read run_seq=82 delivery=1 index=0 kind= since_enabled=3.005363012s duration=1.035485ms lease_gate=0s lease_update=0s lease_update_attempted=false err=
mixed	Replay consecutive mixed workflow seeds	2026-10-01T03:33:12.1026599Z     mixed_process_chaos_test.go:889: slow mixedsignal/mixed-02-0 operation worker=mixed-after name=lease_renew_append run_seq=82 delivery=1 index=5 kind=SignalConsumed since_enabled=3.771157181s duration=765.783679ms lease_gate=872ns lease_update=765.774843ms lease_update_attempted=true err=
mixed	Replay consecutive mixed workflow seeds	2026-10-01T03:33:12.1030245Z     mixed_process_chaos_test.go:889: slow mixedsignal/mixed-02-0 operation worker=mixed-after name=lease_heartbeat_recent run_seq=82 delivery=1 index=0 kind= since_enabled=3.774533174s duration=20.208µs lease_gate=1.323µs lease_update=0s lease_update_attempted=false err=
mixed	Replay consecutive mixed workflow seeds	2026-10-01T03:33:12.1033428Z     mixed_process_chaos_test.go:889: slow mixedsignal/mixed-02-0 operation worker=mixed-after name=journal_append run_seq=82 delivery=1 index=5 kind=SignalConsumed since_enabled=3.779703435s duration=8.545753ms lease_gate=0s lease_update=0s lease_update_attempted=false err=
mixed	Replay consecutive mixed workflow seeds	2026-10-01T03:33:12.1037050Z     mixed_process_chaos_test.go:889: slow mixedsignal/mixed-02-0 operation worker=mixed-after name=signal_read run_seq=82 delivery=1 index=0 kind= since_enabled=3.780618291s duration=910.859µs lease_gate=0s lease_update=0s lease_update_attempted=false err=
mixed	Replay consecutive mixed workflow seeds	2026-10-01T03:33:12.1041462Z     mixed_process_chaos_test.go:889: slow mixedsignal/mixed-02-0 operation worker=mixed-before name=lease_acquire run_seq=83 delivery=2 index=0 kind= since_enabled=4.423130444s duration=2.734347ms lease_gate=0s lease_update=0s lease_update_attempted=false err=workflow lease is held
mixed	Replay consecutive mixed workflow seeds	2026-10-01T03:33:12.1045026Z     mixed_process_chaos_test.go:889: slow mixedsignal/mixed-02-0 operation worker=mixed-after name=lease_renew_append run_seq=82 delivery=1 index=6 kind=SignalConsumed since_enabled=4.625644431s duration=845.01575ms lease_gate=1.182µs lease_update=845.007284ms lease_update_attempted=true err=
mixed	Replay consecutive mixed workflow seeds	2026-10-01T03:33:12.1048123Z     mixed_process_chaos_test.go:889: slow mixedsignal/mixed-02-0 operation worker=mixed-before name=lease_acquire run_seq=84 delivery=2 index=0 kind= since_enabled=4.633440657s duration=33.32321ms lease_gate=0s lease_update=0s lease_update_attempted=false err=workflow lease is held
mixed	Replay consecutive mixed workflow seeds	2026-10-01T03:33:12.1050847Z     mixed_process_chaos_test.go:889: slow mixedsignal/mixed-02-0 operation worker=mixed-after name=journal_append run_seq=82 delivery=1 index=6 kind=SignalConsumed since_enabled=4.63447018s duration=8.825508ms lease_gate=0s lease_update=0s lease_update_attempted=false err=
mixed	Replay consecutive mixed workflow seeds	2026-10-01T03:33:12.1054058Z     mixed_process_chaos_test.go:889: slow mixedsignal/mixed-02-0 operation worker=mixed-after name=signal_read run_seq=82 delivery=1 index=0 kind= since_enabled=4.635264342s duration=790.174µs lease_gate=0s lease_update=0s lease_update_attempted=false err=
mixed	Replay consecutive mixed workflow seeds	2026-10-01T03:33:12.1056215Z     mixed_process_chaos_test.go:889: slow mixedsignal/mixed-02-0 operation worker=mixed-before name=lease_acquire run_seq=85 delivery=2 index=0 kind= since_enabled=4.911114723s duration=5.379021ms lease_gate=0s lease_update=0s lease_update_attempted=false err=workflow lease is held
mixed	Replay consecutive mixed workflow seeds	2026-10-01T03:33:12.1060173Z     mixed_process_chaos_test.go:889: slow mixedsignal/mixed-02-0 operation worker=mixed-before name=lease_acquire run_seq=86 delivery=2 index=0 kind= since_enabled=5.085656805s duration=2.658674ms lease_gate=0s lease_update=0s lease_update_attempted=false err=workflow lease is held
mixed	Replay consecutive mixed workflow seeds	2026-10-01T03:33:12.1064117Z     mixed_process_chaos_test.go:889: slow mixedsignal/mixed-02-0 operation worker=mixed-after name=lease_renew_append run_seq=82 delivery=1 index=7 kind=SignalConsumed since_enabled=5.47950694s duration=844.231438ms lease_gate=811ns lease_update=844.223954ms lease_update_attempted=true err=
mixed	Replay consecutive mixed workflow seeds	2026-10-01T03:33:12.1067689Z     mixed_process_chaos_test.go:889: slow mixedsignal/mixed-02-0 operation worker=mixed-after name=journal_append run_seq=82 delivery=1 index=7 kind=SignalConsumed since_enabled=5.482765753s duration=3.258182ms lease_gate=0s lease_update=0s lease_update_attempted=false err=
mixed	Replay consecutive mixed workflow seeds	2026-10-01T03:33:12.1071218Z     mixed_process_chaos_test.go:889: slow mixedsignal/mixed-02-0 operation worker=mixed-after name=signal_read run_seq=82 delivery=1 index=0 kind= since_enabled=5.483899933s duration=1.125985ms lease_gate=0s lease_update=0s lease_update_attempted=false err=
mixed	Replay consecutive mixed workflow seeds	2026-10-01T03:33:12.1075402Z     mixed_process_chaos_test.go:889: slow mixedsignal/mixed-02-0 operation worker=mixed-after name=lease_renew_append run_seq=82 delivery=1 index=8 kind=SignalConsumed since_enabled=6.845287273s duration=1.361353046s lease_gate=1.664µs lease_update=1.361341965s lease_update_attempted=true err=
mixed	Replay consecutive mixed workflow seeds	2026-10-01T03:33:12.1079424Z     mixed_process_chaos_test.go:889: slow mixedsignal/mixed-02-0 operation worker=mixed-after name=lease_heartbeat_recent run_seq=82 delivery=1 index=0 kind= since_enabled=6.845321648s duration=70.601977ms lease_gate=70.596346ms lease_update=0s lease_update_attempted=false err=
mixed	Replay consecutive mixed workflow seeds	2026-10-01T03:33:12.1083508Z     mixed_process_chaos_test.go:889: slow mixedsignal/mixed-02-0 operation worker=mixed-after name=journal_append run_seq=82 delivery=1 index=8 kind=SignalConsumed since_enabled=6.850651611s duration=5.364117ms lease_gate=0s lease_update=0s lease_update_attempted=false err=
mixed	Replay consecutive mixed workflow seeds	2026-10-01T03:33:12.1087345Z     mixed_process_chaos_test.go:889: slow mixedsignal/mixed-02-0 operation worker=mixed-after name=signal_read run_seq=82 delivery=1 index=0 kind= since_enabled=6.851623485s duration=966.323µs lease_gate=0s lease_update=0s lease_update_attempted=false err=
mixed	Replay consecutive mixed workflow seeds	2026-10-01T03:33:12.1090863Z     mixed_process_chaos_test.go:889: slow mixedsignal/mixed-02-0 operation worker=mixed-after name=lease_renew_append run_seq=82 delivery=1 index=9 kind=SignalConsumed since_enabled=8.211301405s duration=1.359668151s lease_gate=941ns lease_update=1.359659735s lease_update_attempted=true err=
mixed	Replay consecutive mixed workflow seeds	2026-10-01T03:33:12.1094683Z     mixed_process_chaos_test.go:889: slow mixedsignal/mixed-02-0 operation worker=mixed-after name=journal_append run_seq=82 delivery=1 index=9 kind=SignalConsumed since_enabled=8.218037259s duration=6.735083ms lease_gate=0s lease_update=0s lease_update_attempted=false err=
mixed	Replay consecutive mixed workflow seeds	2026-10-01T03:33:12.1098343Z     mixed_process_chaos_test.go:889: slow mixedsignal/mixed-02-0 operation worker=mixed-after name=signal_read run_seq=82 delivery=1 index=0 kind= since_enabled=8.218957867s duration=915.879µs lease_gate=0s lease_update=0s lease_update_attempted=false err=
mixed	Replay consecutive mixed workflow seeds	2026-10-01T03:33:12.1101939Z     mixed_process_chaos_test.go:889: slow mixedsignal/mixed-02-0 operation worker=mixed-after name=lease_renew_append run_seq=82 delivery=1 index=10 kind=SignalConsumed since_enabled=9.83721482s duration=1.618241544s lease_gate=1.402µs lease_update=1.61822345s lease_update_attempted=true err=
mixed	Replay consecutive mixed workflow seeds	2026-10-01T03:33:12.1105287Z     mixed_process_chaos_test.go:889: slow mixedsignal/mixed-02-0 operation worker=mixed-after name=lease_heartbeat_recent run_seq=82 delivery=1 index=0 kind= since_enabled=9.837275185s duration=63.135576ms lease_gate=63.12228ms lease_update=0s lease_update_attempted=false err=
mixed	Replay consecutive mixed workflow seeds	2026-10-01T03:33:12.1109209Z     mixed_process_chaos_test.go:889: slow mixedsignal/mixed-02-0 operation worker=mixed-after name=journal_append run_seq=82 delivery=1 index=10 kind=SignalConsumed since_enabled=9.840550225s duration=3.334633ms lease_gate=0s lease_update=0s lease_update_attempted=false err=
mixed	Replay consecutive mixed workflow seeds	2026-10-01T03:33:12.1112778Z     mixed_process_chaos_test.go:889: slow mixedsignal/mixed-02-0 operation worker=mixed-after name=signal_read run_seq=82 delivery=1 index=0 kind= since_enabled=9.841632416s duration=1.078193ms lease_gate=0s lease_update=0s lease_update_attempted=false err=
mixed	Replay consecutive mixed workflow seeds	2026-10-01T03:33:12.1115423Z     mixed_process_chaos_test.go:889: slow mixedsignal/mixed-02-0 operation worker=mixed-after name=lease_renew_append run_seq=82 delivery=1 index=11 kind=SignalConsumed since_enabled=11.29485141s duration=1.453203314s lease_gate=1.092µs lease_update=1.453192674s lease_update_attempted=true err=
mixed	Replay consecutive mixed workflow seeds	2026-10-01T03:33:12.1118715Z     mixed_process_chaos_test.go:889: slow mixedsignal/mixed-02-0 operation worker=mixed-after name=journal_append run_seq=82 delivery=1 index=11 kind=SignalConsumed since_enabled=11.297856066s duration=3.004055ms lease_gate=0s lease_update=0s lease_update_attempted=false err=
mixed	Replay consecutive mixed workflow seeds	2026-10-01T03:33:12.1121659Z     mixed_process_chaos_test.go:889: slow mixedsignal/mixed-02-0 operation worker=mixed-after name=signal_read run_seq=82 delivery=1 index=0 kind= since_enabled=11.29895031s duration=1.08679ms lease_gate=0s lease_update=0s lease_update_attempted=false err=
mixed	Replay consecutive mixed workflow seeds	2026-10-01T03:33:12.1124123Z     mixed_process_chaos_test.go:889: slow mixedsignal/mixed-02-0 operation worker=mixed-before name=lease_acquire run_seq=87 delivery=2 index=0 kind= since_enabled=12.237160014s duration=87.340399ms lease_gate=0s lease_update=0s lease_update_attempted=false err=workflow lease is held
mixed	Replay consecutive mixed workflow seeds	2026-10-01T03:33:12.1127794Z     mixed_process_chaos_test.go:889: slow mixedsignal/mixed-02-0 operation worker=mixed-before name=lease_acquire run_seq=88 delivery=2 index=0 kind= since_enabled=12.411763471s duration=2.887453ms lease_gate=0s lease_update=0s lease_update_attempted=false err=workflow lease is held
mixed	Replay consecutive mixed workflow seeds	2026-10-01T03:33:12.1132795Z     mixed_process_chaos_test.go:889: slow mixedsignal/mixed-02-0 operation worker=mixed-after name=lease_renew_append run_seq=82 delivery=1 index=12 kind=SignalConsumed since_enabled=12.575417114s duration=1.276451945s lease_gate=1.242µs lease_update=1.276436646s lease_update_attempted=true err=
mixed	Replay consecutive mixed workflow seeds	2026-10-01T03:33:12.1136050Z     mixed_process_chaos_test.go:889: slow mixedsignal/mixed-02-0 operation worker=mixed-after name=journal_append run_seq=82 delivery=1 index=12 kind=SignalConsumed since_enabled=12.580918865s duration=5.501081ms lease_gate=0s lease_update=0s lease_update_attempted=false err=
mixed	Replay consecutive mixed workflow seeds	2026-10-01T03:33:12.1139138Z     mixed_process_chaos_test.go:889: slow mixedsignal/mixed-02-0 operation worker=mixed-after name=signal_read run_seq=82 delivery=1 index=0 kind= since_enabled=12.581824747s duration=900.942µs lease_gate=0s lease_update=0s lease_update_attempted=false err=
mixed	Replay consecutive mixed workflow seeds	2026-10-01T03:33:12.1142524Z     mixed_process_chaos_test.go:889: slow mixedsignal/mixed-02-0 operation worker=mixed-before name=lease_acquire run_seq=89 delivery=2 index=0 kind= since_enabled=12.587238489s duration=3.48726ms lease_gate=0s lease_update=0s lease_update_attempted=false err=workflow lease is held
mixed	Replay consecutive mixed workflow seeds	2026-10-01T03:33:12.1146128Z     mixed_process_chaos_test.go:889: slow mixedsignal/mixed-02-0 operation worker=mixed-before name=lease_acquire run_seq=90 delivery=2 index=0 kind= since_enabled=12.761570981s duration=2.613417ms lease_gate=0s lease_update=0s lease_update_attempted=false err=workflow lease is held
mixed	Replay consecutive mixed workflow seeds	2026-10-01T03:33:12.1149689Z     mixed_process_chaos_test.go:889: slow mixedsignal/mixed-02-0 operation worker=mixed-before name=lease_acquire run_seq=91 delivery=2 index=0 kind= since_enabled=13.00635277s duration=72.820788ms lease_gate=0s lease_update=0s lease_update_attempted=false err=workflow lease is held
mixed	Replay consecutive mixed workflow seeds	2026-10-01T03:33:12.1153265Z     mixed_process_chaos_test.go:889: slow mixedsignal/mixed-02-0 operation worker=mixed-before name=lease_acquire run_seq=92 delivery=2 index=0 kind= since_enabled=13.182312254s duration=4.056671ms lease_gate=0s lease_update=0s lease_update_attempted=false err=workflow lease is held
mixed	Replay consecutive mixed workflow seeds	2026-10-01T03:33:12.1157215Z     mixed_process_chaos_test.go:889: slow mixedsignal/mixed-02-0 operation worker=mixed-before name=lease_acquire run_seq=93 delivery=2 index=0 kind= since_enabled=13.434454286s duration=80.189981ms lease_gate=0s lease_update=0s lease_update_attempted=false err=workflow lease is held
mixed	Replay consecutive mixed workflow seeds	2026-10-01T03:33:12.1161863Z     mixed_process_chaos_test.go:889: slow mixedsignal/mixed-02-0 operation worker=mixed-before name=lease_acquire run_seq=94 delivery=2 index=0 kind= since_enabled=13.690260217s duration=83.944696ms lease_gate=0s lease_update=0s lease_update_attempted=false err=workflow lease is held
mixed	Replay consecutive mixed workflow seeds	2026-10-01T03:33:12.1166843Z     mixed_process_chaos_test.go:889: slow mixedsignal/mixed-02-0 operation worker=mixed-after name=lease_renew_append run_seq=82 delivery=1 index=13 kind=SignalConsumed since_enabled=13.770334019s duration=1.188497269s lease_gate=1.072µs lease_update=1.188488473s lease_update_attempted=true err=
mixed	Replay consecutive mixed workflow seeds	2026-10-01T03:33:12.1171498Z     mixed_process_chaos_test.go:889: slow mixedsignal/mixed-02-0 operation worker=mixed-after name=lease_heartbeat_recent run_seq=82 delivery=1 index=0 kind= since_enabled=13.770386016s duration=995.9875ms lease_gate=995.981368ms lease_update=0s lease_update_attempted=false err=
mixed	Replay consecutive mixed workflow seeds	2026-10-01T03:33:12.1175845Z     mixed_process_chaos_test.go:889: slow mixedsignal/mixed-02-0 operation worker=mixed-after name=journal_append run_seq=82 delivery=1 index=13 kind=SignalConsumed since_enabled=13.78071072s duration=10.3763ms lease_gate=0s lease_update=0s lease_update_attempted=false err=
mixed	Replay consecutive mixed workflow seeds	2026-10-01T03:33:12.1180694Z     mixed_process_chaos_test.go:889: slow mixedsignal/mixed-02-0 operation worker=mixed-after name=signal_read run_seq=82 delivery=1 index=0 kind= since_enabled=13.781620823s duration=906.536µs lease_gate=0s lease_update=0s lease_update_attempted=false err=
mixed	Replay consecutive mixed workflow seeds	2026-10-01T03:33:12.1184944Z     mixed_process_chaos_test.go:889: slow mixedsignal/mixed-02-0 operation worker=mixed-before name=lease_acquire run_seq=95 delivery=2 index=0 kind= since_enabled=13.944049303s duration=81.255933ms lease_gate=0s lease_update=0s lease_update_attempted=false err=workflow lease is held
mixed	Replay consecutive mixed workflow seeds	2026-10-01T03:33:12.1189438Z     mixed_process_chaos_test.go:889: slow mixedsignal/mixed-02-0 operation worker=mixed-before name=lease_acquire run_seq=96 delivery=2 index=0 kind= since_enabled=14.119060565s duration=3.495197ms lease_gate=0s lease_update=0s lease_update_attempted=false err=workflow lease is held
mixed	Replay consecutive mixed workflow seeds	2026-10-01T03:33:12.1193698Z     mixed_process_chaos_test.go:889: slow mixedsignal/mixed-02-0 operation worker=mixed-before name=lease_acquire run_seq=97 delivery=2 index=0 kind= since_enabled=14.291159221s duration=3.049969ms lease_gate=0s lease_update=0s lease_update_attempted=false err=workflow lease is held
mixed	Replay consecutive mixed workflow seeds	2026-10-01T03:33:12.1198270Z     mixed_process_chaos_test.go:889: slow mixedsignal/mixed-02-0 operation worker=mixed-before name=lease_acquire run_seq=83 delivery=3 index=0 kind= since_enabled=14.464481438s duration=1.750739ms lease_gate=0s lease_update=0s lease_update_attempted=false err=workflow lease is held
mixed	Replay consecutive mixed workflow seeds	2026-10-01T03:33:12.1202905Z     mixed_process_chaos_test.go:889: slow mixedsignal/mixed-02-0 operation worker=mixed-before name=lease_acquire run_seq=84 delivery=3 index=0 kind= since_enabled=14.638534347s duration=2.445401ms lease_gate=0s lease_update=0s lease_update_attempted=false err=workflow lease is held
mixed	Replay consecutive mixed workflow seeds	2026-10-01T03:33:12.1206036Z     mixed_process_chaos_test.go:889: slow mixedsignal/mixed-02-0 operation worker=mixed-before name=lease_acquire run_seq=85 delivery=3 index=0 kind= since_enabled=14.81379117s duration=2.966071ms lease_gate=0s lease_update=0s lease_update_attempted=false err=workflow lease is held
mixed	Replay consecutive mixed workflow seeds	2026-10-01T03:33:12.1210084Z     mixed_process_chaos_test.go:889: slow mixedsignal/mixed-02-0 operation worker=mixed-after name=lease_renew_append run_seq=82 delivery=1 index=14 kind=SignalConsumed since_enabled=14.966173028s duration=1.18453887s lease_gate=911ns lease_update=1.184528651s lease_update_attempted=true err=
mixed	Replay consecutive mixed workflow seeds	2026-10-01T03:33:12.1214243Z     mixed_process_chaos_test.go:889: slow mixedsignal/mixed-02-0 operation worker=mixed-after name=journal_append run_seq=82 delivery=1 index=14 kind=SignalConsumed since_enabled=14.969171001s duration=2.997553ms lease_gate=0s lease_update=0s lease_update_attempted=false err=
mixed	Replay consecutive mixed workflow seeds	2026-10-01T03:33:12.1217806Z     mixed_process_chaos_test.go:889: slow mixedsignal/mixed-02-0 operation worker=mixed-after name=signal_read run_seq=82 delivery=1 index=0 kind= since_enabled=14.970295003s duration=1.119553ms lease_gate=0s lease_update=0s lease_update_attempted=false err=
mixed	Replay consecutive mixed workflow seeds	2026-10-01T03:33:12.1222019Z     mixed_process_chaos_test.go:889: slow mixedsignal/mixed-02-0 operation worker=mixed-before name=lease_acquire run_seq=86 delivery=3 index=0 kind= since_enabled=14.987915874s duration=2.476221ms lease_gate=0s lease_update=0s lease_update_attempted=false err=workflow lease is held
mixed	Replay consecutive mixed workflow seeds	2026-10-01T03:33:12.1226447Z     mixed_process_chaos_test.go:889: slow mixedsignal/mixed-02-0 operation worker=mixed-after name=lease_renew_append run_seq=82 delivery=1 index=15 kind=SignalConsumed since_enabled=16.355653746s duration=1.385344556s lease_gate=1.552µs lease_update=1.385334187s lease_update_attempted=true err=
mixed	Replay consecutive mixed workflow seeds	2026-10-01T03:33:12.1230662Z     mixed_process_chaos_test.go:889: slow mixedsignal/mixed-02-0 operation worker=mixed-after name=lease_heartbeat_recent run_seq=82 delivery=1 index=0 kind= since_enabled=16.355690636s duration=581.398077ms lease_gate=581.392566ms lease_update=0s lease_update_attempted=false err=
mixed	Replay consecutive mixed workflow seeds	2026-10-01T03:33:12.1234563Z     mixed_process_chaos_test.go:889: slow mixedsignal/mixed-02-0 operation worker=mixed-after name=journal_append run_seq=82 delivery=1 index=15 kind=SignalConsumed since_enabled=16.359467009s duration=3.813022ms lease_gate=0s lease_update=0s lease_update_attempted=false err=
mixed	Replay consecutive mixed workflow seeds	2026-10-01T03:33:12.1237665Z     mixed_process_chaos_test.go:889: slow mixedsignal/mixed-02-0 operation worker=mixed-after name=signal_read run_seq=82 delivery=1 index=0 kind= since_enabled=16.446179403s duration=86.707805ms lease_gate=0s lease_update=0s lease_update_attempted=false err=
mixed	Replay consecutive mixed workflow seeds	2026-10-01T03:33:12.1241705Z     mixed_process_chaos_test.go:889: slow mixedsignal/mixed-02-0 operation worker=mixed-after name=lease_renew_append run_seq=82 delivery=1 index=16 kind=SignalConsumed since_enabled=17.720795722s duration=1.274603215s lease_gate=961ns lease_update=1.274594428s lease_update_attempted=true err=
mixed	Replay consecutive mixed workflow seeds	2026-10-01T03:33:12.1245400Z     mixed_process_chaos_test.go:889: slow mixedsignal/mixed-02-0 operation worker=mixed-after name=journal_append run_seq=82 delivery=1 index=16 kind=SignalConsumed since_enabled=17.723192725s duration=2.396402ms lease_gate=0s lease_update=0s lease_update_attempted=false err=
mixed	Replay consecutive mixed workflow seeds	2026-10-01T03:33:12.1249065Z     mixed_process_chaos_test.go:889: slow mixedsignal/mixed-02-0 operation worker=mixed-after name=signal_read run_seq=82 delivery=1 index=0 kind= since_enabled=17.725787711s duration=2.590227ms lease_gate=0s lease_update=0s lease_update_attempted=false err=
mixed	Replay consecutive mixed workflow seeds	2026-10-01T03:33:12.1253597Z     mixed_process_chaos_test.go:889: slow mixedsignal/mixed-02-0 operation worker=mixed-after name=lease_renew_append run_seq=82 delivery=1 index=17 kind=SignalConsumed since_enabled=19.21201585s duration=1.486215276s lease_gate=1.393µs lease_update=1.486204815s lease_update_attempted=true err=
mixed	Replay consecutive mixed workflow seeds	2026-10-01T03:33:12.1257503Z     mixed_process_chaos_test.go:889: slow mixedsignal/mixed-02-0 operation worker=mixed-after name=lease_heartbeat_recent run_seq=82 delivery=1 index=0 kind= since_enabled=19.212146556s duration=438.376047ms lease_gate=438.368042ms lease_update=0s lease_update_attempted=false err=
mixed	Replay consecutive mixed workflow seeds	2026-10-01T03:33:12.1260861Z     mixed_process_chaos_test.go:889: slow mixedsignal/mixed-02-0 operation worker=mixed-after name=journal_append run_seq=82 delivery=1 index=17 kind=SignalConsumed since_enabled=19.214774985s duration=2.758173ms lease_gate=0s lease_update=0s lease_update_attempted=false err=
mixed	Replay consecutive mixed workflow seeds	2026-10-01T03:33:12.1265074Z     mixed_process_chaos_test.go:889: slow mixedsignal/mixed-02-0 operation worker=mixed-after name=signal_read run_seq=82 delivery=1 index=0 kind= since_enabled=19.215701766s duration=920.479µs lease_gate=0s lease_update=0s lease_update_attempted=false err=
mixed	Replay consecutive mixed workflow seeds	2026-10-01T03:33:12.1269703Z     mixed_process_chaos_test.go:889: slow mixedsignal/mixed-02-0 operation worker=mixed-after name=lease_renew_append run_seq=82 delivery=1 index=18 kind=SignalConsumed since_enabled=20.492565348s duration=1.276849205s lease_gate=1.082µs lease_update=1.276839828s lease_update_attempted=true err=
mixed	Replay consecutive mixed workflow seeds	2026-10-01T03:33:12.1273144Z     mixed_process_chaos_test.go:889: slow mixedsignal/mixed-02-0 operation worker=mixed-after name=journal_append run_seq=82 delivery=1 index=18 kind=SignalConsumed since_enabled=20.49614763s duration=3.581741ms lease_gate=0s lease_update=0s lease_update_attempted=false err=
mixed	Replay consecutive mixed workflow seeds	2026-10-01T03:33:12.1277771Z     mixed_process_chaos_test.go:889: slow mixedsignal/mixed-02-0 operation worker=mixed-after name=signal_read run_seq=82 delivery=1 index=0 kind= since_enabled=20.497013047s duration=862.301µs lease_gate=0s lease_update=0s lease_update_attempted=false err=nats: API error: code=404 err_code=10037 description=message not found
mixed	Replay consecutive mixed workflow seeds	2026-10-01T03:33:12.1282267Z     mixed_process_chaos_test.go:889: slow mixedsignal/mixed-02-0 operation worker=mixed-after name=lease_renew_append run_seq=82 delivery=1 index=19 kind=StepCompleted since_enabled=22.036216223s duration=1.539156027s lease_gate=1.182µs lease_update=1.539130269s lease_update_attempted=true err=
mixed	Replay consecutive mixed workflow seeds	2026-10-01T03:33:12.1285330Z     mixed_process_chaos_test.go:889: slow mixedsignal/mixed-02-0 operation worker=mixed-after name=lease_heartbeat_recent run_seq=82 delivery=1 index=0 kind= since_enabled=22.03634961s duration=261.953288ms lease_gate=261.942648ms lease_update=0s lease_update_attempted=false err=
mixed	Replay consecutive mixed workflow seeds	2026-10-01T03:33:12.1288868Z     mixed_process_chaos_test.go:889: slow mixedsignal/mixed-02-0 operation worker=mixed-after name=journal_append run_seq=82 delivery=1 index=19 kind=StepCompleted since_enabled=22.039087765s duration=2.870671ms lease_gate=0s lease_update=0s lease_update_attempted=false err=
mixed	Replay consecutive mixed workflow seeds	2026-10-01T03:33:12.1293683Z     mixed_process_chaos_test.go:889: slow mixedsignal/mixed-02-0 operation worker=mixed-after name=lease_renew_append run_seq=82 delivery=1 index=20 kind=StepRequested since_enabled=23.232258929s duration=1.193144774s lease_gate=1.162µs lease_update=1.193135667s lease_update_attempted=true err=
mixed	Replay consecutive mixed workflow seeds	2026-10-01T03:33:12.1297003Z     mixed_process_chaos_test.go:889: slow mixedsignal/mixed-02-0 operation worker=mixed-after name=journal_append run_seq=82 delivery=1 index=20 kind=StepRequested since_enabled=23.235071914s duration=2.812655ms lease_gate=0s lease_update=0s lease_update_attempted=false err=
mixed	Replay consecutive mixed workflow seeds	2026-10-01T03:33:12.1302258Z     mixed_process_chaos_test.go:889: slow mixedsignal/mixed-02-0 operation worker=mixed-after name=lease_renew_append run_seq=82 delivery=1 index=21 kind=StepCompleted since_enabled=24.34272812s duration=1.107635397s lease_gate=1.283µs lease_update=1.107623916s lease_update_attempted=true err=
mixed	Replay consecutive mixed workflow seeds	2026-10-01T03:33:12.1306617Z     mixed_process_chaos_test.go:889: slow mixedsignal/mixed-02-0 operation worker=mixed-after name=journal_append run_seq=82 delivery=1 index=21 kind=StepCompleted since_enabled=24.345051485s duration=2.322633ms lease_gate=0s lease_update=0s lease_update_attempted=false err=
mixed	Replay consecutive mixed workflow seeds	2026-10-01T03:33:12.1311420Z     mixed_process_chaos_test.go:889: slow mixedsignal/mixed-02-0 operation worker=mixed-after name=lease_renew_append run_seq=82 delivery=1 index=22 kind=StepRequested since_enabled=25.197028222s duration=851.96235ms lease_gate=2.024µs lease_update=851.943073ms lease_update_attempted=true err=
mixed	Replay consecutive mixed workflow seeds	2026-10-01T03:33:12.1315480Z     mixed_process_chaos_test.go:889: slow mixedsignal/mixed-02-0 operation worker=mixed-after name=lease_heartbeat_recent run_seq=82 delivery=1 index=0 kind= since_enabled=25.197071105s duration=423.311326ms lease_gate=423.304974ms lease_update=0s lease_update_attempted=false err=
mixed	Replay consecutive mixed workflow seeds	2026-10-01T03:33:12.1318810Z     mixed_process_chaos_test.go:889: slow mixedsignal/mixed-02-0 operation worker=mixed-after name=journal_append run_seq=82 delivery=1 index=22 kind=StepRequested since_enabled=25.19956078s duration=2.531877ms lease_gate=0s lease_update=0s lease_update_attempted=false err=
mixed	Replay consecutive mixed workflow seeds	2026-10-01T03:33:12.1323395Z     mixed_process_chaos_test.go:889: slow mixedsignal/mixed-02-0 operation worker=mixed-after name=lease_renew_append run_seq=82 delivery=1 index=23 kind=StepCompleted since_enabled=25.880527037s duration=680.958664ms lease_gate=1.222µs lease_update=680.944857ms lease_update_attempted=true err=
mixed	Replay consecutive mixed workflow seeds	2026-10-01T03:33:12.1342864Z     mixed_process_chaos_test.go:889: slow mixedsignal/mixed-02-0 operation worker=mixed-after name=journal_append run_seq=82 delivery=1 index=23 kind=StepCompleted since_enabled=25.883041952s duration=2.514363ms lease_gate=0s lease_update=0s lease_update_attempted=false err=
mixed	Replay consecutive mixed workflow seeds	2026-10-01T03:33:12.1346891Z     mixed_process_chaos_test.go:889: slow mixedsignal/mixed-02-0 operation worker=mixed-before name=lease_acquire run_seq=87 delivery=3 index=0 kind= since_enabled=26.053716963s duration=85.67837ms lease_gate=0s lease_update=0s lease_update_attempted=false err=workflow lease is held
mixed	Replay consecutive mixed workflow seeds	2026-10-01T03:33:12.1351303Z     mixed_process_chaos_test.go:889: slow mixedsignal/mixed-02-0 operation worker=mixed-before name=lease_acquire run_seq=88 delivery=3 index=0 kind= since_enabled=26.242413298s duration=3.233764ms lease_gate=0s lease_update=0s lease_update_attempted=false err=workflow lease is held
mixed	Replay consecutive mixed workflow seeds	2026-10-01T03:33:12.1355234Z     mixed_process_chaos_test.go:889: slow mixedsignal/mixed-02-0 operation worker=mixed-before name=lease_acquire run_seq=89 delivery=3 index=0 kind= since_enabled=26.417979857s duration=3.478676ms lease_gate=0s lease_update=0s lease_update_attempted=false err=workflow lease is held
mixed	Replay consecutive mixed workflow seeds	2026-10-01T03:33:12.1360173Z     mixed_process_chaos_test.go:889: slow mixedsignal/mixed-02-0 operation worker=mixed-after name=lease_renew_append run_seq=82 delivery=1 index=24 kind=StepRequested since_enabled=26.649049555s duration=765.997794ms lease_gate=1.242µs lease_update=765.989739ms lease_update_attempted=true err=
mixed	Replay consecutive mixed workflow seeds	2026-10-01T03:33:12.1363603Z     mixed_process_chaos_test.go:889: slow mixedsignal/mixed-02-0 operation worker=mixed-after name=journal_append run_seq=82 delivery=1 index=24 kind=StepRequested since_enabled=26.667201368s duration=18.151533ms lease_gate=0s lease_update=0s lease_update_attempted=false err=
mixed	Replay consecutive mixed workflow seeds	2026-10-01T03:33:12.1367211Z     mixed_process_chaos_test.go:889: slow mixedsignal/mixed-02-0 operation worker=mixed-before name=lease_acquire run_seq=90 delivery=3 index=0 kind= since_enabled=26.739086574s duration=74.23907ms lease_gate=0s lease_update=0s lease_update_attempted=false err=workflow lease is held
mixed	Replay consecutive mixed workflow seeds	2026-10-01T03:33:12.1371303Z     mixed_process_chaos_test.go:889: slow mixedsignal/mixed-02-0 operation worker=mixed-before name=lease_acquire run_seq=91 delivery=3 index=0 kind= since_enabled=26.994304987s duration=83.101839ms lease_gate=0s lease_update=0s lease_update_attempted=false err=workflow lease is held
mixed	Replay consecutive mixed workflow seeds	2026-10-01T03:33:12.1375652Z     mixed_process_chaos_test.go:889: slow mixedsignal/mixed-02-0 operation worker=mixed-before name=lease_acquire run_seq=92 delivery=3 index=0 kind= since_enabled=27.169891205s duration=3.488814ms lease_gate=0s lease_update=0s lease_update_attempted=false err=workflow lease is held
mixed	Replay consecutive mixed workflow seeds	2026-10-01T03:33:12.1379719Z     mixed_process_chaos_test.go:889: slow mixedsignal/mixed-02-0 operation worker=mixed-before name=lease_acquire run_seq=93 delivery=3 index=0 kind= since_enabled=27.42086651s duration=78.790822ms lease_gate=0s lease_update=0s lease_update_attempted=false err=workflow lease is held
mixed	Replay consecutive mixed workflow seeds	2026-10-01T03:33:12.1384363Z     mixed_process_chaos_test.go:889: slow mixedsignal/mixed-02-0 operation worker=mixed-after name=lease_renew_append run_seq=82 delivery=1 index=25 kind=StepCompleted since_enabled=27.502753156s duration=835.545396ms lease_gate=1.082µs lease_update=835.534577ms lease_update_attempted=true err=
mixed	Replay consecutive mixed workflow seeds	2026-10-01T03:33:12.1388103Z     mixed_process_chaos_test.go:889: slow mixedsignal/mixed-02-0 operation worker=mixed-after name=journal_append run_seq=82 delivery=1 index=25 kind=StepCompleted since_enabled=27.508388152s duration=5.634705ms lease_gate=0s lease_update=0s lease_update_attempted=false err=
mixed	Replay consecutive mixed workflow seeds	2026-10-01T03:33:12.1393122Z     mixed_process_chaos_test.go:889: slow mixedsignal/mixed-02-0 operation worker=mixed-before name=lease_acquire run_seq=94 delivery=3 index=0 kind= since_enabled=27.598044324s duration=5.141139ms lease_gate=0s lease_update=0s lease_update_attempted=false err=workflow lease is held
mixed	Replay consecutive mixed workflow seeds	2026-10-01T03:33:12.1397051Z     mixed_process_chaos_test.go:889: slow mixedsignal/mixed-02-0 operation worker=mixed-before name=lease_acquire run_seq=95 delivery=3 index=0 kind= since_enabled=27.772466043s duration=2.698409ms lease_gate=0s lease_update=0s lease_update_attempted=false err=workflow lease is held
mixed	Replay consecutive mixed workflow seeds	2026-10-01T03:33:12.1400343Z     mixed_process_chaos_test.go:889: slow mixedsignal/mixed-02-0 operation worker=mixed-before name=lease_acquire run_seq=96 delivery=3 index=0 kind= since_enabled=27.93054771s duration=71.454898ms lease_gate=0s lease_update=0s lease_update_attempted=false err=workflow lease is held
mixed	Replay consecutive mixed workflow seeds	2026-10-01T03:33:12.1403557Z     mixed_process_chaos_test.go:889: slow mixedsignal/mixed-02-0 operation worker=mixed-before name=lease_acquire run_seq=97 delivery=3 index=0 kind= since_enabled=28.10562533s duration=2.498642ms lease_gate=0s lease_update=0s lease_update_attempted=false err=workflow lease is held
mixed	Replay consecutive mixed workflow seeds	2026-10-01T03:33:12.1407076Z     mixed_process_chaos_test.go:889: slow mixedsignal/mixed-02-0 operation worker=mixed-after name=lease_renew_append run_seq=82 delivery=1 index=26 kind=StepRequested since_enabled=28.184945296s duration=676.547305ms lease_gate=1.142µs lease_update=676.536655ms lease_update_attempted=true err=
mixed	Replay consecutive mixed workflow seeds	2026-10-01T03:33:12.1411669Z     mixed_process_chaos_test.go:889: slow mixedsignal/mixed-02-0 operation worker=mixed-after name=lease_heartbeat_recent run_seq=82 delivery=1 index=0 kind= since_enabled=28.184992394s duration=410.893735ms lease_gate=410.888677ms lease_update=0s lease_update_attempted=false err=
mixed	Replay consecutive mixed workflow seeds	2026-10-01T03:33:12.1415544Z     mixed_process_chaos_test.go:889: slow mixedsignal/mixed-02-0 operation worker=mixed-after name=journal_append run_seq=82 delivery=1 index=26 kind=StepRequested since_enabled=28.190139904s duration=5.193786ms lease_gate=0s lease_update=0s lease_update_attempted=false err=
mixed	Replay consecutive mixed workflow seeds	2026-10-01T03:33:12.1419703Z     mixed_process_chaos_test.go:889: slow mixedsignal/mixed-02-0 operation worker=mixed-before name=lease_acquire run_seq=83 delivery=4 index=0 kind= since_enabled=28.28042985s duration=2.721545ms lease_gate=0s lease_update=0s lease_update_attempted=false err=workflow lease is held
mixed	Replay consecutive mixed workflow seeds	2026-10-01T03:33:12.1424483Z     mixed_process_chaos_test.go:889: slow mixedsignal/mixed-02-0 operation worker=mixed-before name=lease_acquire run_seq=84 delivery=4 index=0 kind= since_enabled=28.455875627s duration=3.465066ms lease_gate=0s lease_update=0s lease_update_attempted=false err=workflow lease is held
mixed	Replay consecutive mixed workflow seeds	2026-10-01T03:33:12.1428406Z     mixed_process_chaos_test.go:889: slow mixedsignal/mixed-02-0 operation worker=mixed-before name=lease_acquire run_seq=85 delivery=4 index=0 kind= since_enabled=28.630197923s duration=2.154536ms lease_gate=0s lease_update=0s lease_update_attempted=false err=workflow lease is held
mixed	Replay consecutive mixed workflow seeds	2026-10-01T03:33:12.1432845Z     mixed_process_chaos_test.go:889: slow mixedsignal/mixed-02-0 operation worker=mixed-after name=lease_renew_append run_seq=82 delivery=1 index=27 kind=StepCompleted since_enabled=28.8679024s duration=677.755802ms lease_gate=1.062µs lease_update=677.746736ms lease_update_attempted=true err=
mixed	Replay consecutive mixed workflow seeds	2026-10-01T03:33:12.1437176Z     mixed_process_chaos_test.go:889: slow mixedsignal/mixed-02-0 operation worker=mixed-before name=lease_acquire run_seq=86 delivery=4 index=0 kind= since_enabled=28.870121609s duration=68.042989ms lease_gate=0s lease_update=0s lease_update_attempted=false err=workflow lease is held
mixed	Replay consecutive mixed workflow seeds	2026-10-01T03:33:12.1441086Z     mixed_process_chaos_test.go:889: slow mixedsignal/mixed-02-0 operation worker=mixed-after name=journal_append run_seq=82 delivery=1 index=27 kind=StepCompleted since_enabled=28.871566324s duration=3.663392ms lease_gate=0s lease_update=0s lease_update_attempted=false err=
mixed	Replay consecutive mixed workflow seeds	2026-10-01T03:33:12.1445751Z     mixed_process_chaos_test.go:889: slow mixedsignal/mixed-02-0 operation worker=mixed-after name=lease_renew_append run_seq=82 delivery=1 index=28 kind=StepRequested since_enabled=29.55070644s duration=679.128545ms lease_gate=1.583µs lease_update=679.117083ms lease_update_attempted=true err=
mixed	Replay consecutive mixed workflow seeds	2026-10-01T03:33:12.1449536Z     mixed_process_chaos_test.go:889: slow mixedsignal/mixed-02-0 operation worker=mixed-after name=journal_append run_seq=82 delivery=1 index=28 kind=StepRequested since_enabled=29.553104033s duration=2.397242ms lease_gate=0s lease_update=0s lease_update_attempted=false err=
mixed	Replay consecutive mixed workflow seeds	2026-10-01T03:33:12.1454075Z     mixed_process_chaos_test.go:889: slow mixedsignal/mixed-02-0 operation worker=mixed-after name=lease_renew_append run_seq=82 delivery=1 index=29 kind=StepCompleted since_enabled=30.403904164s duration=850.793549ms lease_gate=1.103µs lease_update=850.783049ms lease_update_attempted=true err=
mixed	Replay consecutive mixed workflow seeds	2026-10-01T03:33:12.1457769Z     mixed_process_chaos_test.go:889: slow mixedsignal/mixed-02-0 operation worker=mixed-after name=journal_append run_seq=82 delivery=1 index=29 kind=StepCompleted since_enabled=30.410330664s duration=6.425909ms lease_gate=0s lease_update=0s lease_update_attempted=false err=
mixed	Replay consecutive mixed workflow seeds	2026-10-01T03:33:12.1462464Z     mixed_process_chaos_test.go:889: slow mixedsignal/mixed-02-0 operation worker=mixed-after name=lease_renew_append run_seq=82 delivery=1 index=30 kind=StepRequested since_enabled=31.087953217s duration=677.611472ms lease_gate=1.473µs lease_update=677.599799ms lease_update_attempted=true err=
mixed	Replay consecutive mixed workflow seeds	2026-10-01T03:33:12.1466202Z     mixed_process_chaos_test.go:889: slow mixedsignal/mixed-02-0 operation worker=mixed-after name=lease_heartbeat_recent run_seq=82 delivery=1 index=0 kind= since_enabled=31.088025052s duration=313.975802ms lease_gate=313.96896ms lease_update=0s lease_update_attempted=false err=
mixed	Replay consecutive mixed workflow seeds	2026-10-01T03:33:12.1470145Z     mixed_process_chaos_test.go:889: slow mixedsignal/mixed-02-0 operation worker=mixed-after name=journal_append run_seq=82 delivery=1 index=30 kind=StepRequested since_enabled=31.094353385s duration=6.399697ms lease_gate=0s lease_update=0s lease_update_attempted=false err=
mixed	Replay consecutive mixed workflow seeds	2026-10-01T03:33:12.1474378Z     mixed_process_chaos_test.go:889: slow mixedsignal/mixed-02-0 operation worker=mixed-before name=lease_acquire run_seq=87 delivery=4 index=0 kind= since_enabled=31.526063443s duration=5.878733ms lease_gate=0s lease_update=0s lease_update_attempted=false err=workflow lease is held
mixed	Replay consecutive mixed workflow seeds	2026-10-01T03:33:12.1479028Z     mixed_process_chaos_test.go:889: slow mixedsignal/mixed-02-0 operation worker=mixed-before name=lease_acquire run_seq=88 delivery=4 index=0 kind= since_enabled=31.702954249s duration=4.595131ms lease_gate=0s lease_update=0s lease_update_attempted=false err=workflow lease is held
mixed	Replay consecutive mixed workflow seeds	2026-10-01T03:33:12.1483696Z     mixed_process_chaos_test.go:889: slow mixedsignal/mixed-02-0 operation worker=mixed-after name=lease_renew_append run_seq=82 delivery=1 index=31 kind=StepCompleted since_enabled=31.946468786s duration=852.10395ms lease_gate=1.303µs lease_update=852.088831ms lease_update_attempted=true err=
mixed	Replay consecutive mixed workflow seeds	2026-10-01T03:33:12.1487799Z     mixed_process_chaos_test.go:889: slow mixedsignal/mixed-02-0 operation worker=mixed-after name=journal_append run_seq=82 delivery=1 index=31 kind=StepCompleted since_enabled=31.948722681s duration=2.253535ms lease_gate=0s lease_update=0s lease_update_attempted=false err=
mixed	Replay consecutive mixed workflow seeds	2026-10-01T03:33:12.1492194Z     mixed_process_chaos_test.go:889: slow mixedsignal/mixed-02-0 operation worker=mixed-before name=lease_acquire run_seq=89 delivery=4 index=0 kind= since_enabled=32.036659934s duration=162.020095ms lease_gate=0s lease_update=0s lease_update_attempted=false err=workflow lease is held
mixed	Replay consecutive mixed workflow seeds	2026-10-01T03:33:12.1495303Z     mixed_process_chaos_test.go:889: slow mixedsignal/mixed-02-0 operation worker=mixed-before name=lease_acquire run_seq=90 delivery=4 index=0 kind= since_enabled=32.210960353s duration=2.226191ms lease_gate=0s lease_update=0s lease_update_attempted=false err=workflow lease is held
mixed	Replay consecutive mixed workflow seeds	2026-10-01T03:33:12.1500150Z     mixed_process_chaos_test.go:889: slow mixedsignal/mixed-02-0 operation worker=mixed-before name=lease_acquire run_seq=91 delivery=4 index=0 kind= since_enabled=32.385061199s duration=2.411919ms lease_gate=0s lease_update=0s lease_update_attempted=false err=workflow lease is held
mixed	Replay consecutive mixed workflow seeds	2026-10-01T03:33:12.1503806Z     mixed_process_chaos_test.go:889: slow mixedsignal/mixed-02-0 operation worker=mixed-before name=lease_acquire run_seq=92 delivery=4 index=0 kind= since_enabled=32.637551586s duration=80.770992ms lease_gate=0s lease_update=0s lease_update_attempted=false err=workflow lease is held
mixed	Replay consecutive mixed workflow seeds	2026-10-01T03:33:12.1508384Z     mixed_process_chaos_test.go:889: slow mixedsignal/mixed-02-0 operation worker=mixed-after name=lease_renew_append run_seq=82 delivery=1 index=32 kind=StepRequested since_enabled=32.79997537s duration=851.240827ms lease_gate=1.273µs lease_update=851.231139ms lease_update_attempted=true err=
mixed	Replay consecutive mixed workflow seeds	2026-10-01T03:33:12.1512581Z     mixed_process_chaos_test.go:889: slow mixedsignal/mixed-02-0 operation worker=mixed-after name=journal_append run_seq=82 delivery=1 index=32 kind=StepRequested since_enabled=32.802281832s duration=2.306182ms lease_gate=0s lease_update=0s lease_update_attempted=false err=
mixed	Replay consecutive mixed workflow seeds	2026-10-01T03:33:12.1516478Z     mixed_process_chaos_test.go:889: slow mixedsignal/mixed-02-0 operation worker=mixed-before name=lease_acquire run_seq=93 delivery=4 index=0 kind= since_enabled=32.812440936s duration=2.873149ms lease_gate=0s lease_update=0s lease_update_attempted=false err=workflow lease is held
mixed	Replay consecutive mixed workflow seeds	2026-10-01T03:33:12.1520420Z     mixed_process_chaos_test.go:889: slow mixedsignal/mixed-02-0 operation worker=mixed-before name=lease_acquire run_seq=94 delivery=4 index=0 kind= since_enabled=32.987275998s duration=2.892229ms lease_gate=0s lease_update=0s lease_update_attempted=false err=workflow lease is held
mixed	Replay consecutive mixed workflow seeds	2026-10-01T03:33:12.1523979Z     mixed_process_chaos_test.go:889: slow mixedsignal/mixed-02-0 operation worker=mixed-before name=lease_acquire run_seq=95 delivery=4 index=0 kind= since_enabled=33.233799961s duration=74.741561ms lease_gate=0s lease_update=0s lease_update_attempted=false err=workflow lease is held
mixed	Replay consecutive mixed workflow seeds	2026-10-01T03:33:12.1527990Z     mixed_process_chaos_test.go:889: slow mixedsignal/mixed-02-0 operation worker=mixed-after name=lease_renew_append run_seq=82 delivery=1 index=33 kind=StepCompleted since_enabled=33.483076232s duration=680.786474ms lease_gate=1.112µs lease_update=680.775734ms lease_update_attempted=true err=
mixed	Replay consecutive mixed workflow seeds	2026-10-01T03:33:12.1531971Z     mixed_process_chaos_test.go:889: slow mixedsignal/mixed-02-0 operation worker=mixed-before name=lease_acquire run_seq=96 delivery=4 index=0 kind= since_enabled=33.484804205s duration=79.349223ms lease_gate=0s lease_update=0s lease_update_attempted=false err=workflow lease is held
mixed	Replay consecutive mixed workflow seeds	2026-10-01T03:33:12.1535713Z     mixed_process_chaos_test.go:889: slow mixedsignal/mixed-02-0 operation worker=mixed-after name=journal_append run_seq=82 delivery=1 index=33 kind=StepCompleted since_enabled=33.486016133s duration=2.93925ms lease_gate=0s lease_update=0s lease_update_attempted=false err=
mixed	Replay consecutive mixed workflow seeds	2026-10-01T03:33:12.1538196Z     mixed_process_chaos_test.go:889: slow mixedsignal/mixed-02-0 operation worker=mixed-before name=lease_acquire run_seq=97 delivery=4 index=0 kind= since_enabled=33.659456118s duration=2.489748ms lease_gate=0s lease_update=0s lease_update_attempted=false err=workflow lease is held
mixed	Replay consecutive mixed workflow seeds	2026-10-01T03:33:12.1542410Z     mixed_process_chaos_test.go:889: slow mixedsignal/mixed-02-0 operation worker=mixed-after name=lease_renew_append run_seq=82 delivery=1 index=34 kind=StepRequested since_enabled=33.824730894s duration=338.700615ms lease_gate=1.312µs lease_update=338.683453ms lease_update_attempted=true err=
mixed	Replay consecutive mixed workflow seeds	2026-10-01T03:33:12.1546762Z     mixed_process_chaos_test.go:889: slow mixedsignal/mixed-02-0 operation worker=mixed-after name=lease_heartbeat_recent run_seq=82 delivery=1 index=0 kind= since_enabled=33.82478725s duration=50.436987ms lease_gate=50.431537ms lease_update=0s lease_update_attempted=false err=
mixed	Replay consecutive mixed workflow seeds	2026-10-01T03:33:12.1550542Z     mixed_process_chaos_test.go:889: slow mixedsignal/mixed-02-0 operation worker=mixed-after name=journal_append run_seq=82 delivery=1 index=34 kind=StepRequested since_enabled=33.827383077s duration=2.651603ms lease_gate=0s lease_update=0s lease_update_attempted=false err=
mixed	Replay consecutive mixed workflow seeds	2026-10-01T03:33:12.1554082Z     mixed_process_chaos_test.go:889: slow mixedsignal/mixed-02-0 operation worker=mixed-before name=lease_acquire run_seq=83 delivery=5 index=0 kind= since_enabled=33.918814054s duration=3.084784ms lease_gate=0s lease_update=0s lease_update_attempted=false err=workflow lease is held
mixed	Replay consecutive mixed workflow seeds	2026-10-01T03:33:12.1557561Z     mixed_process_chaos_test.go:889: slow mixedsignal/mixed-02-0 operation worker=mixed-before name=lease_acquire run_seq=84 delivery=5 index=0 kind= since_enabled=34.093662985s duration=3.11291ms lease_gate=0s lease_update=0s lease_update_attempted=false err=workflow lease is held
mixed	Replay consecutive mixed workflow seeds	2026-10-01T03:33:12.1561675Z     mixed_process_chaos_test.go:889: slow mixedsignal/mixed-02-0 operation worker=mixed-after name=lease_renew_append run_seq=82 delivery=1 index=35 kind=StepCompleted since_enabled=34.165907052s duration=338.518565ms lease_gate=952ns lease_update=338.5108ms lease_update_attempted=true err=
mixed	Replay consecutive mixed workflow seeds	2026-10-01T03:33:12.1565699Z     mixed_process_chaos_test.go:889: slow mixedsignal/mixed-02-0 operation worker=mixed-after name=journal_append run_seq=82 delivery=1 index=35 kind=StepCompleted since_enabled=34.168277875s duration=2.370522ms lease_gate=0s lease_update=0s lease_update_attempted=false err=
mixed	Replay consecutive mixed workflow seeds	2026-10-01T03:33:12.1568901Z     mixed_process_chaos_test.go:889: slow mixedsignal/mixed-02-0 operation worker=mixed-before name=lease_acquire run_seq=85 delivery=5 index=0 kind= since_enabled=34.341310125s duration=75.67211ms lease_gate=0s lease_update=0s lease_update_attempted=false err=workflow lease is held
mixed	Replay consecutive mixed workflow seeds	2026-10-01T03:33:12.1573485Z     mixed_process_chaos_test.go:889: slow mixedsignal/mixed-02-0 operation worker=mixed-after name=lease_renew_append run_seq=82 delivery=1 index=36 kind=StepRequested since_enabled=34.507544594s duration=339.256008ms lease_gate=1.362µs lease_update=339.243284ms lease_update_attempted=true err=
mixed	Replay consecutive mixed workflow seeds	2026-10-01T03:33:12.1577488Z     mixed_process_chaos_test.go:889: slow mixedsignal/mixed-02-0 operation worker=mixed-after name=journal_append run_seq=82 delivery=1 index=36 kind=StepRequested since_enabled=34.510188021s duration=2.642766ms lease_gate=0s lease_update=0s lease_update_attempted=false err=
mixed	Replay consecutive mixed workflow seeds	2026-10-01T03:33:12.1581497Z     mixed_process_chaos_test.go:889: slow mixedsignal/mixed-02-0 operation worker=mixed-before name=lease_acquire run_seq=86 delivery=5 index=0 kind= since_enabled=34.516382235s duration=3.230748ms lease_gate=0s lease_update=0s lease_update_attempted=false err=workflow lease is held
mixed	Replay consecutive mixed workflow seeds	2026-10-01T03:33:12.1584965Z     mixed_process_chaos_test.go:889: slow mixedsignal/mixed-02-0 operation worker=mixed-after name=lease_renew_append run_seq=82 delivery=1 index=37 kind=StepCompleted since_enabled=34.849323112s duration=339.124651ms lease_gate=1.503µs lease_update=339.11359ms lease_update_attempted=true err=
mixed	Replay consecutive mixed workflow seeds	2026-10-01T03:33:12.1588398Z     mixed_process_chaos_test.go:889: slow mixedsignal/mixed-02-0 operation worker=mixed-after name=journal_append run_seq=82 delivery=1 index=37 kind=StepCompleted since_enabled=34.851720414s duration=2.397032ms lease_gate=0s lease_update=0s lease_update_attempted=false err=
mixed	Replay consecutive mixed workflow seeds	2026-10-01T03:33:12.1592901Z     mixed_process_chaos_test.go:889: slow mixedsignal/mixed-02-0 operation worker=mixed-after name=lease_renew_append run_seq=82 delivery=1 index=38 kind=StepRequested since_enabled=35.190906543s duration=339.177944ms lease_gate=1.232µs lease_update=339.169237ms lease_update_attempted=true err=
mixed	Replay consecutive mixed workflow seeds	2026-10-01T03:33:12.1596485Z     mixed_process_chaos_test.go:889: slow mixedsignal/mixed-02-0 operation worker=mixed-after name=journal_append run_seq=82 delivery=1 index=38 kind=StepRequested since_enabled=35.193712323s duration=2.805229ms lease_gate=0s lease_update=0s lease_update_attempted=false err=
mixed	Replay consecutive mixed workflow seeds	2026-10-01T03:33:12.1601211Z     mixed_process_chaos_test.go:889: slow mixedsignal/mixed-02-0 operation worker=mixed-after name=lease_renew_append run_seq=82 delivery=1 index=39 kind=StepCompleted since_enabled=35.532466871s duration=338.744169ms lease_gate=1.092µs lease_update=338.734581ms lease_update_attempted=true err=
mixed	Replay consecutive mixed workflow seeds	2026-10-01T03:33:12.1604953Z     mixed_process_chaos_test.go:889: slow mixedsignal/mixed-02-0 operation worker=mixed-after name=journal_append run_seq=82 delivery=1 index=39 kind=StepCompleted since_enabled=35.5346971s duration=2.229878ms lease_gate=0s lease_update=0s lease_update_attempted=false err=
mixed	Replay consecutive mixed workflow seeds	2026-10-01T03:33:12.1609066Z     mixed_process_chaos_test.go:889: slow mixedsignal/mixed-02-0 operation worker=mixed-after name=lease_renew_append run_seq=82 delivery=1 index=40 kind=StepRequested since_enabled=35.959168151s duration=424.461543ms lease_gate=1.252µs lease_update=424.452837ms lease_update_attempted=true err=
mixed	Replay consecutive mixed workflow seeds	2026-10-01T03:33:12.1613403Z     mixed_process_chaos_test.go:889: slow mixedsignal/mixed-02-0 operation worker=mixed-after name=journal_append run_seq=82 delivery=1 index=40 kind=StepRequested since_enabled=35.965143627s duration=5.975216ms lease_gate=0s lease_update=0s lease_update_attempted=false err=
mixed	Replay consecutive mixed workflow seeds	2026-10-01T03:33:12.1617760Z     mixed_process_chaos_test.go:889: slow mixedsignal/mixed-02-0 operation worker=mixed-after name=lease_renew_append run_seq=82 delivery=1 index=41 kind=StepCompleted since_enabled=36.385951554s duration=420.801385ms lease_gate=1.112µs lease_update=420.792368ms lease_update_attempted=true err=
mixed	Replay consecutive mixed workflow seeds	2026-10-01T03:33:12.1621366Z     mixed_process_chaos_test.go:889: slow mixedsignal/mixed-02-0 operation worker=mixed-after name=journal_append run_seq=82 delivery=1 index=41 kind=StepCompleted since_enabled=36.391252032s duration=5.299416ms lease_gate=0s lease_update=0s lease_update_attempted=false err=
mixed	Replay consecutive mixed workflow seeds	2026-10-01T03:33:12.1625769Z     mixed_process_chaos_test.go:889: slow mixedsignal/mixed-02-0 operation worker=mixed-before name=lease_acquire run_seq=87 delivery=5 index=0 kind= since_enabled=36.64474722s duration=31.299452ms lease_gate=0s lease_update=0s lease_update_attempted=false err=workflow lease is held
mixed	Replay consecutive mixed workflow seeds	2026-10-01T03:33:12.1629504Z     mixed_process_chaos_test.go:889: slow mixedsignal/mixed-02-0 operation worker=mixed-before name=lease_acquire run_seq=88 delivery=5 index=0 kind= since_enabled=36.818918764s duration=1.880753ms lease_gate=0s lease_update=0s lease_update_attempted=false err=workflow lease is held
mixed	Replay consecutive mixed workflow seeds	2026-10-01T03:33:12.1633973Z     mixed_process_chaos_test.go:889: slow mixedsignal/mixed-02-0 operation worker=mixed-after name=lease_renew_append run_seq=82 delivery=1 index=42 kind=StepRequested since_enabled=36.98366051s duration=592.38309ms lease_gate=1.192µs lease_update=592.37278ms lease_update_attempted=true err=
mixed	Replay consecutive mixed workflow seeds	2026-10-01T03:33:12.1637404Z     mixed_process_chaos_test.go:889: slow mixedsignal/mixed-02-0 operation worker=mixed-after name=lease_heartbeat_recent run_seq=82 delivery=1 index=0 kind= since_enabled=36.983716826s duration=209.411888ms lease_gate=209.406227ms lease_update=0s lease_update_attempted=false err=
mixed	Replay consecutive mixed workflow seeds	2026-10-01T03:33:12.1640941Z     mixed_process_chaos_test.go:889: slow mixedsignal/mixed-02-0 operation worker=mixed-after name=journal_append run_seq=82 delivery=1 index=42 kind=StepRequested since_enabled=36.989745781s duration=6.085031ms lease_gate=0s lease_update=0s lease_update_attempted=false err=
mixed	Replay consecutive mixed workflow seeds	2026-10-01T03:33:12.1644626Z     mixed_process_chaos_test.go:889: slow mixedsignal/mixed-02-0 operation worker=mixed-before name=lease_acquire run_seq=89 delivery=5 index=0 kind= since_enabled=37.163837626s duration=2.886575ms lease_gate=0s lease_update=0s lease_update_attempted=false err=workflow lease is held
mixed	Replay consecutive mixed workflow seeds	2026-10-01T03:33:12.1648116Z     mixed_process_chaos_test.go:889: slow mixedsignal/mixed-02-0 operation worker=mixed-before name=lease_acquire run_seq=90 delivery=5 index=0 kind= since_enabled=37.338786322s duration=2.74163ms lease_gate=0s lease_update=0s lease_update_attempted=false err=workflow lease is held
mixed	Replay consecutive mixed workflow seeds	2026-10-01T03:33:12.1652656Z     mixed_process_chaos_test.go:889: slow mixedsignal/mixed-02-0 operation worker=mixed-before name=lease_acquire run_seq=91 delivery=5 index=0 kind= since_enabled=37.514581114s duration=3.249321ms lease_gate=0s lease_update=0s lease_update_attempted=false err=workflow lease is held
mixed	Replay consecutive mixed workflow seeds	2026-10-01T03:33:12.1656031Z     mixed_process_chaos_test.go:889: slow mixedsignal/mixed-02-0 operation worker=mixed-after name=lease_renew_append run_seq=82 delivery=1 index=43 kind=StepCompleted since_enabled=37.666687476s duration=676.920886ms lease_gate=2.385µs lease_update=676.910376ms lease_update_attempted=true err=
mixed	Replay consecutive mixed workflow seeds	2026-10-01T03:33:12.1659775Z     mixed_process_chaos_test.go:889: slow mixedsignal/mixed-02-0 operation worker=mixed-after name=journal_append run_seq=82 delivery=1 index=43 kind=StepCompleted since_enabled=37.672229085s duration=5.541219ms lease_gate=0s lease_update=0s lease_update_attempted=false err=
mixed	Replay consecutive mixed workflow seeds	2026-10-01T03:33:12.1664039Z     mixed_process_chaos_test.go:889: slow mixedsignal/mixed-02-0 operation worker=mixed-before name=lease_acquire run_seq=92 delivery=5 index=0 kind= since_enabled=37.842645499s duration=70.096662ms lease_gate=0s lease_update=0s lease_update_attempted=false err=workflow lease is held
mixed	Replay consecutive mixed workflow seeds	2026-10-01T03:33:12.1668271Z     mixed_process_chaos_test.go:889: slow mixedsignal/mixed-02-0 operation worker=mixed-before name=lease_acquire run_seq=93 delivery=5 index=0 kind= since_enabled=38.096334891s duration=81.890344ms lease_gate=0s lease_update=0s lease_update_attempted=false err=workflow lease is held
mixed	Replay consecutive mixed workflow seeds	2026-10-01T03:33:12.1672274Z     mixed_process_chaos_test.go:889: slow mixedsignal/mixed-02-0 operation worker=mixed-before name=lease_acquire run_seq=94 delivery=5 index=0 kind= since_enabled=38.18633603s duration=3.231848ms lease_gate=0s lease_update=0s lease_update_attempted=false err=workflow lease is held
mixed	Replay consecutive mixed workflow seeds	2026-10-01T03:33:12.1675469Z     mixed_process_chaos_test.go:889: slow mixedsignal/mixed-02-0 operation worker=mixed-before name=lease_acquire run_seq=95 delivery=5 index=0 kind= since_enabled=38.359803655s duration=1.752091ms lease_gate=0s lease_update=0s lease_update_attempted=false err=workflow lease is held
mixed	Replay consecutive mixed workflow seeds	2026-10-01T03:33:12.1680655Z     mixed_process_chaos_test.go:889: slow mixedsignal/mixed-02-0 operation worker=mixed-after name=lease_renew_append run_seq=82 delivery=1 index=44 kind=StepRequested since_enabled=38.435775593s duration=763.537922ms lease_gate=1.092µs lease_update=763.529126ms lease_update_attempted=true err=
mixed	Replay consecutive mixed workflow seeds	2026-10-01T03:33:12.1685286Z     mixed_process_chaos_test.go:889: slow mixedsignal/mixed-02-0 operation worker=mixed-after name=journal_append run_seq=82 delivery=1 index=44 kind=StepRequested since_enabled=38.44161348s duration=5.837325ms lease_gate=0s lease_update=0s lease_update_attempted=false err=
mixed	Replay consecutive mixed workflow seeds	2026-10-01T03:33:12.1689285Z     mixed_process_chaos_test.go:889: slow mixedsignal/mixed-02-0 operation worker=mixed-before name=lease_acquire run_seq=96 delivery=5 index=0 kind= since_enabled=38.694951472s duration=78.119121ms lease_gate=0s lease_update=0s lease_update_attempted=false err=workflow lease is held
mixed	Replay consecutive mixed workflow seeds	2026-10-01T03:33:12.1693616Z     mixed_process_chaos_test.go:889: slow mixedsignal/mixed-02-0 operation worker=mixed-before name=lease_acquire run_seq=97 delivery=5 index=0 kind= since_enabled=38.86666975s duration=85.284751ms lease_gate=0s lease_update=0s lease_update_attempted=false err=workflow lease is held
mixed	Replay consecutive mixed workflow seeds	2026-10-01T03:33:12.1698129Z     mixed_process_chaos_test.go:889: slow mixedsignal/mixed-02-0 operation worker=mixed-after name=lease_renew_append run_seq=82 delivery=1 index=45 kind=StepCompleted since_enabled=38.948697422s duration=507.074645ms lease_gate=1.152µs lease_update=507.050319ms lease_update_attempted=true err=
mixed	Replay consecutive mixed workflow seeds	2026-10-01T03:33:12.1702421Z     mixed_process_chaos_test.go:889: slow mixedsignal/mixed-02-0 operation worker=mixed-after name=journal_append run_seq=82 delivery=1 index=45 kind=StepCompleted since_enabled=38.95358393s duration=4.885837ms lease_gate=0s lease_update=0s lease_update_attempted=false err=
mixed	Replay consecutive mixed workflow seeds	2026-10-01T03:33:12.1706680Z     mixed_process_chaos_test.go:889: slow mixedsignal/mixed-02-0 operation worker=mixed-before name=lease_acquire run_seq=83 delivery=6 index=0 kind= since_enabled=39.041357256s duration=2.980489ms lease_gate=0s lease_update=0s lease_update_attempted=false err=workflow lease is held
mixed	Replay consecutive mixed workflow seeds	2026-10-01T03:33:12.1710995Z     mixed_process_chaos_test.go:889: slow mixedsignal/mixed-02-0 operation worker=mixed-before name=lease_acquire run_seq=84 delivery=6 index=0 kind= since_enabled=39.216198466s duration=2.974407ms lease_gate=0s lease_update=0s lease_update_attempted=false err=workflow lease is held
mixed	Replay consecutive mixed workflow seeds	2026-10-01T03:33:12.1715908Z     mixed_process_chaos_test.go:889: slow mixedsignal/mixed-02-0 operation worker=mixed-after name=lease_renew_append run_seq=82 delivery=1 index=46 kind=StepRequested since_enabled=39.460144931s duration=506.532076ms lease_gate=1.272µs lease_update=506.519623ms lease_update_attempted=true err=
mixed	Replay consecutive mixed workflow seeds	2026-10-01T03:33:12.1720300Z     mixed_process_chaos_test.go:889: slow mixedsignal/mixed-02-0 operation worker=mixed-after name=journal_append run_seq=82 delivery=1 index=46 kind=StepRequested since_enabled=39.465769846s duration=5.624164ms lease_gate=0s lease_update=0s lease_update_attempted=false err=
mixed	Replay consecutive mixed workflow seeds	2026-10-01T03:33:12.1724242Z     mixed_process_chaos_test.go:889: slow mixedsignal/mixed-02-0 operation worker=mixed-before name=lease_acquire run_seq=85 delivery=6 index=0 kind= since_enabled=39.547519105s duration=74.017848ms lease_gate=0s lease_update=0s lease_update_attempted=false err=workflow lease is held
mixed	Replay consecutive mixed workflow seeds	2026-10-01T03:33:12.1727925Z     mixed_process_chaos_test.go:889: slow mixedsignal/mixed-02-0 operation worker=mixed-after name=lease_renew_append run_seq=82 delivery=1 index=47 kind=StepCompleted since_enabled=39.801626637s duration=335.845931ms lease_gate=1.333µs lease_update=335.815394ms lease_update_attempted=true err=
mixed	Replay consecutive mixed workflow seeds	2026-10-01T03:33:12.1732411Z     mixed_process_chaos_test.go:889: slow mixedsignal/mixed-02-0 operation worker=mixed-after name=lease_heartbeat_recent run_seq=82 delivery=1 index=0 kind= since_enabled=39.801664498s duration=27.018661ms lease_gate=27.013361ms lease_update=0s lease_update_attempted=false err=
mixed	Replay consecutive mixed workflow seeds	2026-10-01T03:33:12.1736198Z     mixed_process_chaos_test.go:889: slow mixedsignal/mixed-02-0 operation worker=mixed-before name=lease_acquire run_seq=86 delivery=6 index=0 kind= since_enabled=39.803857525s duration=84.446575ms lease_gate=0s lease_update=0s lease_update_attempted=false err=workflow lease is held
mixed	Replay consecutive mixed workflow seeds	2026-10-01T03:33:12.1738793Z     mixed_process_chaos_test.go:889: slow mixedsignal/mixed-02-0 operation worker=mixed-after name=journal_append run_seq=82 delivery=1 index=47 kind=StepCompleted since_enabled=39.80457872s duration=2.951622ms lease_gate=0s lease_update=0s lease_update_attempted=false err=
mixed	Replay consecutive mixed workflow seeds	2026-10-01T03:33:12.1743796Z     mixed_process_chaos_test.go:889: slow mixedsignal/mixed-02-0 operation worker=mixed-after name=lease_renew_append run_seq=82 delivery=1 index=48 kind=StepRequested since_enabled=40.057979273s duration=253.384674ms lease_gate=1.293µs lease_update=253.375627ms lease_update_attempted=true err=
mixed	Replay consecutive mixed workflow seeds	2026-10-01T03:33:12.1747949Z     mixed_process_chaos_test.go:889: slow mixedsignal/mixed-02-0 operation worker=mixed-after name=journal_append run_seq=82 delivery=1 index=48 kind=StepRequested since_enabled=40.063863885s duration=5.884211ms lease_gate=0s lease_update=0s lease_update_attempted=false err=
mixed	Replay consecutive mixed workflow seeds	2026-10-01T03:33:12.1752787Z     mixed_process_chaos_test.go:889: slow mixedsignal/mixed-02-0 operation worker=mixed-after name=lease_renew_append run_seq=82 delivery=1 index=49 kind=StepCompleted since_enabled=40.31371388s duration=249.84263ms lease_gate=1.423µs lease_update=249.832792ms lease_update_attempted=true err=
mixed	Replay consecutive mixed workflow seeds	2026-10-01T03:33:12.1756466Z     mixed_process_chaos_test.go:889: slow mixedsignal/mixed-02-0 operation worker=mixed-after name=journal_append run_seq=82 delivery=1 index=49 kind=StepCompleted since_enabled=40.319878979s duration=6.164789ms lease_gate=0s lease_update=0s lease_update_attempted=false err=
mixed	Replay consecutive mixed workflow seeds	2026-10-01T03:33:12.1761157Z     mixed_process_chaos_test.go:889: slow mixedsignal/mixed-02-0 operation worker=mixed-after name=lease_renew_append run_seq=82 delivery=1 index=50 kind=Completed since_enabled=40.569861288s duration=249.961831ms lease_gate=1.282µs lease_update=249.95114ms lease_update_attempted=true err=
mixed	Replay consecutive mixed workflow seeds	2026-10-01T03:33:12.1764331Z     mixed_process_chaos_test.go:889: slow mixedsignal/mixed-02-0 operation worker=mixed-after name=journal_append run_seq=82 delivery=1 index=50 kind=Completed since_enabled=40.574952853s duration=5.091194ms lease_gate=0s lease_update=0s lease_update_attempted=false err=
mixed	Replay consecutive mixed workflow seeds	2026-10-01T03:33:12.1767573Z     mixed_process_chaos_test.go:889: slow mixedsignal/mixed-02-0 operation worker=mixed-after name=lease_release run_seq=82 delivery=1 index=0 kind= since_enabled=40.996119047s duration=334.532662ms lease_gate=0s lease_update=0s lease_update_attempted=false err=
mixed	Replay consecutive mixed workflow seeds	2026-10-01T03:33:12.1770874Z     mixed_process_chaos_test.go:889: slow mixedsignal/mixed-02-0 operation worker=mixed-before name=lease_acquire run_seq=87 delivery=6 index=0 kind= since_enabled=41.649688168s duration=3.119241ms lease_gate=0s lease_update=0s lease_update_attempted=false err=
mixed	Replay consecutive mixed workflow seeds	2026-10-01T03:33:12.1774831Z     mixed_process_chaos_test.go:889: slow mixedsignal/mixed-02-0 operation worker=mixed-before name=journal_read run_seq=87 delivery=6 index=0 kind= since_enabled=41.6713803s duration=21.666063ms lease_gate=0s lease_update=0s lease_update_attempted=false err=
mixed	Replay consecutive mixed workflow seeds	2026-10-01T03:33:12.1778695Z     mixed_process_chaos_test.go:889: slow mixedsignal/mixed-02-0 operation worker=mixed-before name=invocation_read run_seq=87 delivery=6 index=0 kind= since_enabled=41.672600354s duration=1.219082ms lease_gate=0s lease_update=0s lease_update_attempted=false err=
mixed	Replay consecutive mixed workflow seeds	2026-10-01T03:33:12.1782568Z     mixed_process_chaos_test.go:889: slow mixedsignal/mixed-02-0 operation worker=mixed-before name=lease_release run_seq=87 delivery=6 index=0 kind= since_enabled=41.676550801s duration=934.653µs lease_gate=0s lease_update=0s lease_update_attempted=false err=
mixed	Replay consecutive mixed workflow seeds	2026-10-01T03:33:12.1786380Z     mixed_process_chaos_test.go:889: slow mixedsignal/mixed-02-0 operation worker=mixed-after name=lease_acquire run_seq=88 delivery=6 index=0 kind= since_enabled=41.822726945s duration=2.406931ms lease_gate=0s lease_update=0s lease_update_attempted=false err=
mixed	Replay consecutive mixed workflow seeds	2026-10-01T03:33:12.1789123Z     mixed_process_chaos_test.go:889: slow mixedsignal/mixed-02-0 operation worker=mixed-after name=journal_read run_seq=88 delivery=6 index=0 kind= since_enabled=41.855133593s duration=32.402379ms lease_gate=0s lease_update=0s lease_update_attempted=false err=
mixed	Replay consecutive mixed workflow seeds	2026-10-01T03:33:12.1793162Z     mixed_process_chaos_test.go:889: slow mixedsignal/mixed-02-0 operation worker=mixed-after name=invocation_read run_seq=88 delivery=6 index=0 kind= since_enabled=41.856312768s duration=1.178273ms lease_gate=0s lease_update=0s lease_update_attempted=false err=
mixed	Replay consecutive mixed workflow seeds	2026-10-01T03:33:12.1797409Z     mixed_process_chaos_test.go:889: slow mixedsignal/mixed-02-0 operation worker=mixed-after name=lease_release run_seq=88 delivery=6 index=0 kind= since_enabled=41.859096239s duration=585.553µs lease_gate=0s lease_update=0s lease_update_attempted=false err=
mixed	Replay consecutive mixed workflow seeds	2026-10-01T03:33:12.1801406Z     mixed_process_chaos_test.go:889: slow mixedsignal/mixed-02-0 operation worker=mixed-before name=lease_acquire run_seq=89 delivery=6 index=0 kind= since_enabled=42.169062876s duration=3.518228ms lease_gate=0s lease_update=0s lease_update_attempted=false err=
mixed	Replay consecutive mixed workflow seeds	2026-10-01T03:33:12.1804704Z     mixed_process_chaos_test.go:889: slow mixedsignal/mixed-02-0 operation worker=mixed-before name=journal_read run_seq=89 delivery=6 index=0 kind= since_enabled=42.19320384s duration=24.137758ms lease_gate=0s lease_update=0s lease_update_attempted=false err=
mixed	Replay consecutive mixed workflow seeds	2026-10-01T03:33:12.1808629Z     mixed_process_chaos_test.go:889: slow mixedsignal/mixed-02-0 operation worker=mixed-before name=invocation_read run_seq=89 delivery=6 index=0 kind= since_enabled=42.193876916s duration=672.365µs lease_gate=0s lease_update=0s lease_update_attempted=false err=
mixed	Replay consecutive mixed workflow seeds	2026-10-01T03:33:12.1812394Z     mixed_process_chaos_test.go:889: slow mixedsignal/mixed-02-0 operation worker=mixed-before name=lease_release run_seq=89 delivery=6 index=0 kind= since_enabled=42.19648222s duration=864.614µs lease_gate=0s lease_update=0s lease_update_attempted=false err=
mixed	Replay consecutive mixed workflow seeds	2026-10-01T03:33:12.1815722Z     mixed_process_chaos_test.go:889: slow mixedsignal/mixed-02-0 operation worker=mixed-after name=lease_acquire run_seq=90 delivery=6 index=0 kind= since_enabled=42.34225265s duration=2.364682ms lease_gate=0s lease_update=0s lease_update_attempted=false err=
mixed	Replay consecutive mixed workflow seeds	2026-10-01T03:33:12.1818840Z     mixed_process_chaos_test.go:889: slow mixedsignal/mixed-02-0 operation worker=mixed-after name=journal_read run_seq=90 delivery=6 index=0 kind= since_enabled=42.369888316s duration=27.631918ms lease_gate=0s lease_update=0s lease_update_attempted=false err=
mixed	Replay consecutive mixed workflow seeds	2026-10-01T03:33:12.1821747Z     mixed_process_chaos_test.go:889: slow mixedsignal/mixed-02-0 operation worker=mixed-after name=invocation_read run_seq=90 delivery=6 index=0 kind= since_enabled=42.370814726s duration=925.528µs lease_gate=0s lease_update=0s lease_update_attempted=false err=
mixed	Replay consecutive mixed workflow seeds	2026-10-01T03:33:12.1825518Z     mixed_process_chaos_test.go:889: slow mixedsignal/mixed-02-0 operation worker=mixed-after name=lease_release run_seq=90 delivery=6 index=0 kind= since_enabled=42.373008186s duration=539.483µs lease_gate=0s lease_update=0s lease_update_attempted=false err=
mixed	Replay consecutive mixed workflow seeds	2026-10-01T03:33:12.1828932Z     mixed_process_chaos_test.go:889: slow mixedsignal/mixed-02-0 operation worker=mixed-before name=lease_acquire run_seq=91 delivery=6 index=0 kind= since_enabled=42.518275531s duration=2.598771ms lease_gate=0s lease_update=0s lease_update_attempted=false err=
mixed	Replay consecutive mixed workflow seeds	2026-10-01T03:33:12.1832727Z     mixed_process_chaos_test.go:889: slow mixedsignal/mixed-02-0 operation worker=mixed-before name=journal_read run_seq=91 delivery=6 index=0 kind= since_enabled=42.534537997s duration=16.259199ms lease_gate=0s lease_update=0s lease_update_attempted=false err=
mixed	Replay consecutive mixed workflow seeds	2026-10-01T03:33:12.1836149Z     mixed_process_chaos_test.go:889: slow mixedsignal/mixed-02-0 operation worker=mixed-before name=invocation_read run_seq=91 delivery=6 index=0 kind= since_enabled=42.535920415s duration=1.381586ms lease_gate=0s lease_update=0s lease_update_attempted=false err=
mixed	Replay consecutive mixed workflow seeds	2026-10-01T03:33:12.1840582Z     mixed_process_chaos_test.go:889: slow mixedsignal/mixed-02-0 operation worker=mixed-before name=lease_release run_seq=91 delivery=6 index=0 kind= since_enabled=42.538559771s duration=821.842µs lease_gate=0s lease_update=0s lease_update_attempted=false err=
mixed	Replay consecutive mixed workflow seeds	2026-10-01T03:33:12.1843834Z     mixed_process_chaos_test.go:889: slow mixedsignal/mixed-02-0 operation worker=mixed-after name=lease_acquire run_seq=92 delivery=6 index=0 kind= since_enabled=42.845751779s duration=1.904557ms lease_gate=0s lease_update=0s lease_update_attempted=false err=
mixed	Replay consecutive mixed workflow seeds	2026-10-01T03:33:12.1846518Z     mixed_process_chaos_test.go:889: slow mixedsignal/mixed-02-0 operation worker=mixed-after name=journal_read run_seq=92 delivery=6 index=0 kind= since_enabled=42.874379734s duration=28.623947ms lease_gate=0s lease_update=0s lease_update_attempted=false err=
mixed	Replay consecutive mixed workflow seeds	2026-10-01T03:33:12.1849810Z     mixed_process_chaos_test.go:889: slow mixedsignal/mixed-02-0 operation worker=mixed-after name=invocation_read run_seq=92 delivery=6 index=0 kind= since_enabled=42.875302174s duration=921.689µs lease_gate=0s lease_update=0s lease_update_attempted=false err=
mixed	Replay consecutive mixed workflow seeds	2026-10-01T03:33:12.1853655Z     mixed_process_chaos_test.go:889: slow mixedsignal/mixed-02-0 operation worker=mixed-after name=lease_release run_seq=92 delivery=6 index=0 kind= since_enabled=42.877324963s duration=533.299µs lease_gate=0s lease_update=0s lease_update_attempted=false err=
mixed	Replay consecutive mixed workflow seeds	2026-10-01T03:33:12.1856107Z     mixed_process_chaos_test.go:889: slow mixedsignal/mixed-02-0 operation worker=mixed-before name=lease_acquire run_seq=93 delivery=6 index=0 kind= since_enabled=43.100047373s duration=2.268711ms lease_gate=0s lease_update=0s lease_update_attempted=false err=
mixed	Replay consecutive mixed workflow seeds	2026-10-01T03:33:12.1859585Z     mixed_process_chaos_test.go:889: slow mixedsignal/mixed-02-0 operation worker=mixed-before name=journal_read run_seq=93 delivery=6 index=0 kind= since_enabled=43.114458613s duration=14.407442ms lease_gate=0s lease_update=0s lease_update_attempted=false err=
mixed	Replay consecutive mixed workflow seeds	2026-10-01T03:33:12.1863409Z     mixed_process_chaos_test.go:889: slow mixedsignal/mixed-02-0 operation worker=mixed-before name=invocation_read run_seq=93 delivery=6 index=0 kind= since_enabled=43.11501191s duration=552.536µs lease_gate=0s lease_update=0s lease_update_attempted=false err=
mixed	Replay consecutive mixed workflow seeds	2026-10-01T03:33:12.1867051Z     mixed_process_chaos_test.go:889: slow mixedsignal/mixed-02-0 operation worker=mixed-before name=lease_release run_seq=93 delivery=6 index=0 kind= since_enabled=43.117078974s duration=691.35µs lease_gate=0s lease_update=0s lease_update_attempted=false err=
mixed	Replay consecutive mixed workflow seeds	2026-10-01T03:33:12.1869817Z     mixed_process_chaos_test.go:889: slow mixedsignal/mixed-02-0 operation worker=mixed-after name=lease_acquire run_seq=94 delivery=6 index=0 kind= since_enabled=43.19031975s duration=2.460899ms lease_gate=0s lease_update=0s lease_update_attempted=false err=
mixed	Replay consecutive mixed workflow seeds	2026-10-01T03:33:12.1872173Z     mixed_process_chaos_test.go:889: slow mixedsignal/mixed-02-0 operation worker=mixed-after name=journal_read run_seq=94 delivery=6 index=0 kind= since_enabled=43.219024749s duration=28.700881ms lease_gate=0s lease_update=0s lease_update_attempted=false err=
mixed	Replay consecutive mixed workflow seeds	2026-10-01T03:33:12.1875329Z     mixed_process_chaos_test.go:889: slow mixedsignal/mixed-02-0 operation worker=mixed-after name=invocation_read run_seq=94 delivery=6 index=0 kind= since_enabled=43.220023453s duration=998.053µs lease_gate=0s lease_update=0s lease_update_attempted=false err=
mixed	Replay consecutive mixed workflow seeds	2026-10-01T03:33:12.1878109Z     mixed_process_chaos_test.go:889: slow mixedsignal/mixed-02-0 operation worker=mixed-after name=lease_release run_seq=94 delivery=6 index=0 kind= since_enabled=43.222038758s duration=496.47µs lease_gate=0s lease_update=0s lease_update_attempted=false err=
mixed	Replay consecutive mixed workflow seeds	2026-10-01T03:33:12.1882176Z     mixed_process_chaos_test.go:889: slow mixedsignal/mixed-02-0 operation worker=mixed-before name=lease_acquire run_seq=95 delivery=6 index=0 kind= since_enabled=43.363385841s duration=2.29551ms lease_gate=0s lease_update=0s lease_update_attempted=false err=
mixed	Replay consecutive mixed workflow seeds	2026-10-01T03:33:12.1886120Z     mixed_process_chaos_test.go:889: slow mixedsignal/mixed-02-0 operation worker=mixed-before name=journal_read run_seq=95 delivery=6 index=0 kind= since_enabled=43.377464714s duration=14.071749ms lease_gate=0s lease_update=0s lease_update_attempted=false err=
mixed	Replay consecutive mixed workflow seeds	2026-10-01T03:33:12.1890228Z     mixed_process_chaos_test.go:889: slow mixedsignal/mixed-02-0 operation worker=mixed-before name=invocation_read run_seq=95 delivery=6 index=0 kind= since_enabled=43.378191349s duration=725.533µs lease_gate=0s lease_update=0s lease_update_attempted=false err=
mixed	Replay consecutive mixed workflow seeds	2026-10-01T03:33:12.1893795Z     mixed_process_chaos_test.go:889: slow mixedsignal/mixed-02-0 operation worker=mixed-before name=lease_release run_seq=95 delivery=6 index=0 kind= since_enabled=43.380956585s duration=816.726µs lease_gate=0s lease_update=0s lease_update_attempted=false err=
mixed	Replay consecutive mixed workflow seeds	2026-10-01T03:33:12.1897685Z     mixed_process_chaos_test.go:889: slow mixedsignal/mixed-02-0 operation worker=mixed-after name=lease_acquire run_seq=96 delivery=6 index=0 kind= since_enabled=43.698866886s duration=1.992904ms lease_gate=0s lease_update=0s lease_update_attempted=false err=
mixed	Replay consecutive mixed workflow seeds	2026-10-01T03:33:12.1901629Z     mixed_process_chaos_test.go:889: slow mixedsignal/mixed-02-0 operation worker=mixed-after name=journal_read run_seq=96 delivery=6 index=0 kind= since_enabled=43.723567349s duration=24.695776ms lease_gate=0s lease_update=0s lease_update_attempted=false err=
mixed	Replay consecutive mixed workflow seeds	2026-10-01T03:33:12.1906073Z     mixed_process_chaos_test.go:889: slow mixedsignal/mixed-02-0 operation worker=mixed-after name=invocation_read run_seq=96 delivery=6 index=0 kind= since_enabled=43.724512292s duration=943.941µs lease_gate=0s lease_update=0s lease_update_attempted=false err=
mixed	Replay consecutive mixed workflow seeds	2026-10-01T03:33:12.1909864Z     mixed_process_chaos_test.go:889: slow mixedsignal/mixed-02-0 operation worker=mixed-after name=lease_release run_seq=96 delivery=6 index=0 kind= since_enabled=43.726776638s duration=473.659µs lease_gate=0s lease_update=0s lease_update_attempted=false err=
mixed	Replay consecutive mixed workflow seeds	2026-10-01T03:33:12.1914143Z     mixed_process_chaos_test.go:889: slow mixedsignal/mixed-02-0 operation worker=mixed-before name=lease_acquire run_seq=97 delivery=6 index=0 kind= since_enabled=43.870345721s duration=2.357438ms lease_gate=0s lease_update=0s lease_update_attempted=false err=
mixed	Replay consecutive mixed workflow seeds	2026-10-01T03:33:12.1917926Z     mixed_process_chaos_test.go:889: slow mixedsignal/mixed-02-0 operation worker=mixed-before name=journal_read run_seq=97 delivery=6 index=0 kind= since_enabled=43.884303949s duration=13.952417ms lease_gate=0s lease_update=0s lease_update_attempted=false err=
mixed	Replay consecutive mixed workflow seeds	2026-10-01T03:33:12.1921249Z     mixed_process_chaos_test.go:889: slow mixedsignal/mixed-02-0 operation worker=mixed-before name=invocation_read run_seq=97 delivery=6 index=0 kind= since_enabled=43.884846911s duration=542.311µs lease_gate=0s lease_update=0s lease_update_attempted=false err=
mixed	Replay consecutive mixed workflow seeds	2026-10-01T03:33:12.1924464Z     mixed_process_chaos_test.go:889: slow mixedsignal/mixed-02-0 operation worker=mixed-before name=lease_release run_seq=97 delivery=6 index=0 kind= since_enabled=43.886932486s duration=702.447µs lease_gate=0s lease_update=0s lease_update_attempted=false err=
mixed	Replay consecutive mixed workflow seeds	2026-10-01T03:33:12.1927779Z     mixed_process_chaos_test.go:889: slow mixedsignal/mixed-02-0 operation worker=mixed-after name=lease_acquire run_seq=83 delivery=7 index=0 kind= since_enabled=44.045303584s duration=1.734498ms lease_gate=0s lease_update=0s lease_update_attempted=false err=
mixed	Replay consecutive mixed workflow seeds	2026-10-01T03:33:12.1931015Z     mixed_process_chaos_test.go:889: slow mixedsignal/mixed-02-0 operation worker=mixed-after name=journal_read run_seq=83 delivery=7 index=0 kind= since_enabled=44.070029639s duration=24.720374ms lease_gate=0s lease_update=0s lease_update_attempted=false err=
mixed	Replay consecutive mixed workflow seeds	2026-10-01T03:33:12.1934451Z     mixed_process_chaos_test.go:889: slow mixedsignal/mixed-02-0 operation worker=mixed-after name=invocation_read run_seq=83 delivery=7 index=0 kind= since_enabled=44.071026502s duration=995.35µs lease_gate=0s lease_update=0s lease_update_attempted=false err=
mixed	Replay consecutive mixed workflow seeds	2026-10-01T03:33:12.1938480Z     mixed_process_chaos_test.go:889: slow mixedsignal/mixed-02-0 operation worker=mixed-after name=lease_release run_seq=83 delivery=7 index=0 kind= since_enabled=44.072919476s duration=554.393µs lease_gate=0s lease_update=0s lease_update_attempted=false err=
mixed	Replay consecutive mixed workflow seeds	2026-10-01T03:33:12.1942314Z     mixed_process_chaos_test.go:889: slow mixedsignal/mixed-02-0 operation worker=mixed-before name=lease_acquire run_seq=84 delivery=7 index=0 kind= since_enabled=44.220692869s duration=2.434583ms lease_gate=0s lease_update=0s lease_update_attempted=false err=
mixed	Replay consecutive mixed workflow seeds	2026-10-01T03:33:12.1945357Z     mixed_process_chaos_test.go:889: slow mixedsignal/mixed-02-0 operation worker=mixed-before name=journal_read run_seq=84 delivery=7 index=0 kind= since_enabled=44.234508279s duration=13.810792ms lease_gate=0s lease_update=0s lease_update_attempted=false err=
mixed	Replay consecutive mixed workflow seeds	2026-10-01T03:33:12.1949642Z     mixed_process_chaos_test.go:889: slow mixedsignal/mixed-02-0 operation worker=mixed-before name=invocation_read run_seq=84 delivery=7 index=0 kind= since_enabled=44.23506948s duration=560.471µs lease_gate=0s lease_update=0s lease_update_attempted=false err=
mixed	Replay consecutive mixed workflow seeds	2026-10-01T03:33:12.1953441Z     mixed_process_chaos_test.go:889: slow mixedsignal/mixed-02-0 operation worker=mixed-before name=lease_release run_seq=84 delivery=7 index=0 kind= since_enabled=44.237323066s duration=720.264µs lease_gate=0s lease_update=0s lease_update_attempted=false err=
mixed	Replay consecutive mixed workflow seeds	2026-10-01T03:33:12.1955690Z     mixed_process_chaos_test.go:906: slow mixedsignal/mixed-02-0 journal index=0 kind=Started worker=mixed-before since_enabled=-15.948471871s
mixed	Replay consecutive mixed workflow seeds	2026-10-01T03:33:12.1957918Z     mixed_process_chaos_test.go:906: slow mixedsignal/mixed-02-0 journal index=1 kind=StepRequested worker=mixed-before since_enabled=-15.939158618s
mixed	Replay consecutive mixed workflow seeds	2026-10-01T03:33:12.1960138Z     mixed_process_chaos_test.go:906: slow mixedsignal/mixed-02-0 journal index=2 kind=Suspended worker=mixed-before since_enabled=-15.933812146s
mixed	Replay consecutive mixed workflow seeds	2026-10-01T03:33:12.1962434Z     mixed_process_chaos_test.go:906: slow mixedsignal/mixed-02-0 journal index=3 kind=SignalConsumed worker=mixed-after since_enabled=1.982704369s
mixed	Replay consecutive mixed workflow seeds	2026-10-01T03:33:12.1964364Z     mixed_process_chaos_test.go:906: slow mixedsignal/mixed-02-0 journal index=4 kind=SignalConsumed worker=mixed-after since_enabled=3.002846145s
mixed	Replay consecutive mixed workflow seeds	2026-10-01T03:33:12.1966444Z     mixed_process_chaos_test.go:906: slow mixedsignal/mixed-02-0 journal index=5 kind=SignalConsumed worker=mixed-after since_enabled=3.77852557s
mixed	Replay consecutive mixed workflow seeds	2026-10-01T03:33:12.1968372Z     mixed_process_chaos_test.go:906: slow mixedsignal/mixed-02-0 journal index=6 kind=SignalConsumed worker=mixed-after since_enabled=4.63333051s
mixed	Replay consecutive mixed workflow seeds	2026-10-01T03:33:12.1970388Z     mixed_process_chaos_test.go:906: slow mixedsignal/mixed-02-0 journal index=7 kind=SignalConsumed worker=mixed-after since_enabled=5.48174779s
mixed	Replay consecutive mixed workflow seeds	2026-10-01T03:33:12.1972434Z     mixed_process_chaos_test.go:906: slow mixedsignal/mixed-02-0 journal index=8 kind=SignalConsumed worker=mixed-after since_enabled=6.849622275s
mixed	Replay consecutive mixed workflow seeds	2026-10-01T03:33:12.1974339Z     mixed_process_chaos_test.go:906: slow mixedsignal/mixed-02-0 journal index=9 kind=SignalConsumed worker=mixed-after since_enabled=8.216686782s
mixed	Replay consecutive mixed workflow seeds	2026-10-01T03:33:12.1976638Z     mixed_process_chaos_test.go:906: slow mixedsignal/mixed-02-0 journal index=10 kind=SignalConsumed worker=mixed-after since_enabled=9.839411526s
mixed	Replay consecutive mixed workflow seeds	2026-10-01T03:33:12.1978506Z     mixed_process_chaos_test.go:906: slow mixedsignal/mixed-02-0 journal index=11 kind=SignalConsumed worker=mixed-after since_enabled=11.296466927s
mixed	Replay consecutive mixed workflow seeds	2026-10-01T03:33:12.1981038Z     mixed_process_chaos_test.go:906: slow mixedsignal/mixed-02-0 journal index=12 kind=SignalConsumed worker=mixed-after since_enabled=12.579871879s
mixed	Replay consecutive mixed workflow seeds	2026-10-01T03:33:12.1983473Z     mixed_process_chaos_test.go:906: slow mixedsignal/mixed-02-0 journal index=13 kind=SignalConsumed worker=mixed-after since_enabled=13.779513321s
mixed	Replay consecutive mixed workflow seeds	2026-10-01T03:33:12.1985543Z     mixed_process_chaos_test.go:906: slow mixedsignal/mixed-02-0 journal index=14 kind=SignalConsumed worker=mixed-after since_enabled=14.967742777s
mixed	Replay consecutive mixed workflow seeds	2026-10-01T03:33:12.1987684Z     mixed_process_chaos_test.go:906: slow mixedsignal/mixed-02-0 journal index=15 kind=SignalConsumed worker=mixed-after since_enabled=16.357608168s
mixed	Replay consecutive mixed workflow seeds	2026-10-01T03:33:12.1990324Z     mixed_process_chaos_test.go:906: slow mixedsignal/mixed-02-0 journal index=16 kind=SignalConsumed worker=mixed-after since_enabled=17.722128506s
mixed	Replay consecutive mixed workflow seeds	2026-10-01T03:33:12.1993003Z     mixed_process_chaos_test.go:906: slow mixedsignal/mixed-02-0 journal index=17 kind=SignalConsumed worker=mixed-after since_enabled=19.213698274s
mixed	Replay consecutive mixed workflow seeds	2026-10-01T03:33:12.1995028Z     mixed_process_chaos_test.go:906: slow mixedsignal/mixed-02-0 journal index=18 kind=SignalConsumed worker=mixed-after since_enabled=20.494452506s
mixed	Replay consecutive mixed workflow seeds	2026-10-01T03:33:12.1996847Z     mixed_process_chaos_test.go:906: slow mixedsignal/mixed-02-0 journal index=19 kind=StepCompleted worker=mixed-after since_enabled=22.038100751s
mixed	Replay consecutive mixed workflow seeds	2026-10-01T03:33:12.1998869Z     mixed_process_chaos_test.go:906: slow mixedsignal/mixed-02-0 journal index=20 kind=StepRequested worker=mixed-after since_enabled=23.233994359s
mixed	Replay consecutive mixed workflow seeds	2026-10-01T03:33:12.2001062Z     mixed_process_chaos_test.go:906: slow mixedsignal/mixed-02-0 journal index=21 kind=StepCompleted worker=mixed-after since_enabled=24.343965174s
mixed	Replay consecutive mixed workflow seeds	2026-10-01T03:33:12.2002747Z     mixed_process_chaos_test.go:906: slow mixedsignal/mixed-02-0 journal index=22 kind=StepRequested worker=mixed-after since_enabled=25.198555191s
mixed	Replay consecutive mixed workflow seeds	2026-10-01T03:33:12.2004484Z     mixed_process_chaos_test.go:906: slow mixedsignal/mixed-02-0 journal index=23 kind=StepCompleted worker=mixed-after since_enabled=25.88201346s
mixed	Replay consecutive mixed workflow seeds	2026-10-01T03:33:12.2006384Z     mixed_process_chaos_test.go:906: slow mixedsignal/mixed-02-0 journal index=24 kind=StepRequested worker=mixed-after since_enabled=26.665944515s
mixed	Replay consecutive mixed workflow seeds	2026-10-01T03:33:12.2008099Z     mixed_process_chaos_test.go:906: slow mixedsignal/mixed-02-0 journal index=25 kind=StepCompleted worker=mixed-after since_enabled=27.507266934s
mixed	Replay consecutive mixed workflow seeds	2026-10-01T03:33:12.2010823Z     mixed_process_chaos_test.go:906: slow mixedsignal/mixed-02-0 journal index=26 kind=StepRequested worker=mixed-after since_enabled=28.189082307s
mixed	Replay consecutive mixed workflow seeds	2026-10-01T03:33:12.2013145Z     mixed_process_chaos_test.go:906: slow mixedsignal/mixed-02-0 journal index=27 kind=StepCompleted worker=mixed-after since_enabled=28.869355198s
mixed	Replay consecutive mixed workflow seeds	2026-10-01T03:33:12.2015364Z     mixed_process_chaos_test.go:906: slow mixedsignal/mixed-02-0 journal index=28 kind=StepRequested worker=mixed-after since_enabled=29.552032232s
mixed	Replay consecutive mixed workflow seeds	2026-10-01T03:33:12.2016765Z     mixed_process_chaos_test.go:906: slow mixedsignal/mixed-02-0 journal index=29 kind=StepCompleted worker=mixed-after since_enabled=30.409255044s
mixed	Replay consecutive mixed workflow seeds	2026-10-01T03:33:12.2018634Z     mixed_process_chaos_test.go:906: slow mixedsignal/mixed-02-0 journal index=30 kind=StepRequested worker=mixed-after since_enabled=31.093140169s
mixed	Replay consecutive mixed workflow seeds	2026-10-01T03:33:12.2020228Z     mixed_process_chaos_test.go:906: slow mixedsignal/mixed-02-0 journal index=31 kind=StepCompleted worker=mixed-after since_enabled=31.947685701s
mixed	Replay consecutive mixed workflow seeds	2026-10-01T03:33:12.2021819Z     mixed_process_chaos_test.go:906: slow mixedsignal/mixed-02-0 journal index=32 kind=StepRequested worker=mixed-after since_enabled=32.801227412s
mixed	Replay consecutive mixed workflow seeds	2026-10-01T03:33:12.2023904Z     mixed_process_chaos_test.go:906: slow mixedsignal/mixed-02-0 journal index=33 kind=StepCompleted worker=mixed-after since_enabled=33.484736117s
mixed	Replay consecutive mixed workflow seeds	2026-10-01T03:33:12.2025676Z     mixed_process_chaos_test.go:906: slow mixedsignal/mixed-02-0 journal index=34 kind=StepRequested worker=mixed-after since_enabled=33.826291365s
mixed	Replay consecutive mixed workflow seeds	2026-10-01T03:33:12.2027427Z     mixed_process_chaos_test.go:906: slow mixedsignal/mixed-02-0 journal index=35 kind=StepCompleted worker=mixed-after since_enabled=34.167320576s
mixed	Replay consecutive mixed workflow seeds	2026-10-01T03:33:12.2028603Z     mixed_process_chaos_test.go:906: slow mixedsignal/mixed-02-0 journal index=36 kind=StepRequested worker=mixed-after since_enabled=34.509115915s
mixed	Replay consecutive mixed workflow seeds	2026-10-01T03:33:12.2030160Z     mixed_process_chaos_test.go:906: slow mixedsignal/mixed-02-0 journal index=37 kind=StepCompleted worker=mixed-after since_enabled=34.850634134s
mixed	Replay consecutive mixed workflow seeds	2026-10-01T03:33:12.2032491Z     mixed_process_chaos_test.go:906: slow mixedsignal/mixed-02-0 journal index=38 kind=StepRequested worker=mixed-after since_enabled=35.192444964s
mixed	Replay consecutive mixed workflow seeds	2026-10-01T03:33:12.2034782Z     mixed_process_chaos_test.go:906: slow mixedsignal/mixed-02-0 journal index=39 kind=StepCompleted worker=mixed-after since_enabled=35.533725187s
mixed	Replay consecutive mixed workflow seeds	2026-10-01T03:33:12.2037261Z     mixed_process_chaos_test.go:906: slow mixedsignal/mixed-02-0 journal index=40 kind=StepRequested worker=mixed-after since_enabled=35.96399145s
mixed	Replay consecutive mixed workflow seeds	2026-10-01T03:33:12.2038997Z     mixed_process_chaos_test.go:906: slow mixedsignal/mixed-02-0 journal index=41 kind=StepCompleted worker=mixed-after since_enabled=36.390151304s
mixed	Replay consecutive mixed workflow seeds	2026-10-01T03:33:12.2041588Z     mixed_process_chaos_test.go:906: slow mixedsignal/mixed-02-0 journal index=42 kind=StepRequested worker=mixed-after since_enabled=36.988535026s
mixed	Replay consecutive mixed workflow seeds	2026-10-01T03:33:12.2042886Z     mixed_process_chaos_test.go:906: slow mixedsignal/mixed-02-0 journal index=43 kind=StepCompleted worker=mixed-after since_enabled=37.671044111s
mixed	Replay consecutive mixed workflow seeds	2026-10-01T03:33:12.2044655Z     mixed_process_chaos_test.go:906: slow mixedsignal/mixed-02-0 journal index=44 kind=StepRequested worker=mixed-after since_enabled=38.440618972s
mixed	Replay consecutive mixed workflow seeds	2026-10-01T03:33:12.2046543Z     mixed_process_chaos_test.go:906: slow mixedsignal/mixed-02-0 journal index=45 kind=StepCompleted worker=mixed-after since_enabled=38.952532637s
mixed	Replay consecutive mixed workflow seeds	2026-10-01T03:33:12.2047904Z     mixed_process_chaos_test.go:906: slow mixedsignal/mixed-02-0 journal index=46 kind=StepRequested worker=mixed-after since_enabled=39.464816475s
mixed	Replay consecutive mixed workflow seeds	2026-10-01T03:33:12.2049352Z     mixed_process_chaos_test.go:906: slow mixedsignal/mixed-02-0 journal index=47 kind=StepCompleted worker=mixed-after since_enabled=39.803239046s
mixed	Replay consecutive mixed workflow seeds	2026-10-01T03:33:12.2051412Z     mixed_process_chaos_test.go:906: slow mixedsignal/mixed-02-0 journal index=48 kind=StepRequested worker=mixed-after since_enabled=40.062676576s
mixed	Replay consecutive mixed workflow seeds	2026-10-01T03:33:12.2054008Z     mixed_process_chaos_test.go:906: slow mixedsignal/mixed-02-0 journal index=49 kind=StepCompleted worker=mixed-after since_enabled=40.318671208s
mixed	Replay consecutive mixed workflow seeds	2026-10-01T03:33:12.2056318Z     mixed_process_chaos_test.go:906: slow mixedsignal/mixed-02-0 journal index=50 kind=Completed worker=mixed-after since_enabled=40.573740256s
mixed	Replay consecutive mixed workflow seeds	2026-10-01T03:33:12.2058152Z     mixed_process_chaos_test.go:878: slow mixedsignal/mixed-06-0 dispatch worker=mixed-before stage=fetched run_seq=7 delivery=1 since_enabled=-17.671722157s err=
mixed	Replay consecutive mixed workflow seeds	2026-10-01T03:33:12.2060839Z     mixed_process_chaos_test.go:878: slow mixedsignal/mixed-06-0 dispatch worker=mixed-before stage=lease_acquired run_seq=7 delivery=1 since_enabled=-17.665796275s err=
mixed	Replay consecutive mixed workflow seeds	2026-10-01T03:33:12.2063445Z     mixed_process_chaos_test.go:878: slow mixedsignal/mixed-06-0 dispatch worker=mixed-before stage=released run_seq=7 delivery=1 since_enabled=-17.642917042s err=
mixed	Replay consecutive mixed workflow seeds	2026-10-01T03:33:12.2065570Z     mixed_process_chaos_test.go:878: slow mixedsignal/mixed-06-0 dispatch worker=mixed-before stage=ack run_seq=7 delivery=1 since_enabled=-17.642904118s err=
mixed	Replay consecutive mixed workflow seeds	2026-10-01T03:33:12.2067906Z     mixed_process_chaos_test.go:878: slow mixedsignal/mixed-06-0 dispatch worker=mixed-after stage=fetched run_seq=98 delivery=1 since_enabled=-1.382805187s err=
mixed	Replay consecutive mixed workflow seeds	2026-10-01T03:33:12.2070472Z     mixed_process_chaos_test.go:878: slow mixedsignal/mixed-06-0 dispatch worker=mixed-before stage=fetched run_seq=99 delivery=1 since_enabled=167.939246ms err=
mixed	Replay consecutive mixed workflow seeds	2026-10-01T03:33:12.2072563Z     mixed_process_chaos_test.go:878: slow mixedsignal/mixed-06-0 dispatch worker=mixed-before stage=lease_held run_seq=99 delivery=1 since_enabled=253.283243ms err=workflow lease is held
mixed	Replay consecutive mixed workflow seeds	2026-10-01T03:33:12.2075177Z     mixed_process_chaos_test.go:878: slow mixedsignal/mixed-06-0 dispatch worker=mixed-before stage=fetched run_seq=100 delivery=1 since_enabled=426.061599ms err=
mixed	Replay consecutive mixed workflow seeds	2026-10-01T03:33:12.2076732Z     mixed_process_chaos_test.go:878: slow mixedsignal/mixed-06-0 dispatch worker=mixed-before stage=lease_held run_seq=100 delivery=1 since_enabled=430.745054ms err=workflow lease is held
mixed	Replay consecutive mixed workflow seeds	2026-10-01T03:33:12.2078956Z     mixed_process_chaos_test.go:878: slow mixedsignal/mixed-06-0 dispatch worker=mixed-after stage=lease_acquired run_seq=98 delivery=1 since_enabled=590.236244ms err=
mixed	Replay consecutive mixed workflow seeds	2026-10-01T03:33:12.2081183Z     mixed_process_chaos_test.go:878: slow mixedsignal/mixed-06-0 dispatch worker=mixed-before stage=fetched run_seq=101 delivery=1 since_enabled=602.939514ms err=
mixed	Replay consecutive mixed workflow seeds	2026-10-01T03:33:12.2083915Z     mixed_process_chaos_test.go:878: slow mixedsignal/mixed-06-0 dispatch worker=mixed-before stage=lease_held run_seq=101 delivery=1 since_enabled=605.938035ms err=workflow lease is held
mixed	Replay consecutive mixed workflow seeds	2026-10-01T03:33:12.2085753Z     mixed_process_chaos_test.go:878: slow mixedsignal/mixed-06-0 dispatch worker=mixed-before stage=fetched run_seq=102 delivery=1 since_enabled=777.543732ms err=
mixed	Replay consecutive mixed workflow seeds	2026-10-01T03:33:12.2087158Z     mixed_process_chaos_test.go:878: slow mixedsignal/mixed-06-0 dispatch worker=mixed-before stage=lease_held run_seq=102 delivery=1 since_enabled=854.709985ms err=workflow lease is held
mixed	Replay consecutive mixed workflow seeds	2026-10-01T03:33:12.2089079Z     mixed_process_chaos_test.go:878: slow mixedsignal/mixed-06-0 dispatch worker=mixed-before stage=fetched run_seq=104 delivery=1 since_enabled=1.026867097s err=
mixed	Replay consecutive mixed workflow seeds	2026-10-01T03:33:12.2090675Z     mixed_process_chaos_test.go:878: slow mixedsignal/mixed-06-0 dispatch worker=mixed-before stage=lease_held run_seq=104 delivery=1 since_enabled=1.107800184s err=workflow lease is held
mixed	Replay consecutive mixed workflow seeds	2026-10-01T03:33:12.2093102Z     mixed_process_chaos_test.go:878: slow mixedsignal/mixed-06-0 dispatch worker=mixed-before stage=fetched run_seq=105 delivery=1 since_enabled=1.194350786s err=
mixed	Replay consecutive mixed workflow seeds	2026-10-01T03:33:12.2095837Z     mixed_process_chaos_test.go:878: slow mixedsignal/mixed-06-0 dispatch worker=mixed-before stage=lease_held run_seq=105 delivery=1 since_enabled=1.196963323s err=workflow lease is held
mixed	Replay consecutive mixed workflow seeds	2026-10-01T03:33:12.2098653Z     mixed_process_chaos_test.go:878: slow mixedsignal/mixed-06-0 dispatch worker=mixed-before stage=fetched run_seq=106 delivery=1 since_enabled=1.368555301s err=
mixed	Replay consecutive mixed workflow seeds	2026-10-01T03:33:12.2101580Z     mixed_process_chaos_test.go:878: slow mixedsignal/mixed-06-0 dispatch worker=mixed-before stage=lease_held run_seq=106 delivery=1 since_enabled=1.37151941s err=workflow lease is held
mixed	Replay consecutive mixed workflow seeds	2026-10-01T03:33:12.2104252Z     mixed_process_chaos_test.go:878: slow mixedsignal/mixed-06-0 dispatch worker=mixed-before stage=fetched run_seq=107 delivery=1 since_enabled=1.544602256s err=
mixed	Replay consecutive mixed workflow seeds	2026-10-01T03:33:12.2106990Z     mixed_process_chaos_test.go:878: slow mixedsignal/mixed-06-0 dispatch worker=mixed-before stage=lease_held run_seq=107 delivery=1 since_enabled=1.620564711s err=workflow lease is held
mixed	Replay consecutive mixed workflow seeds	2026-10-01T03:33:12.2109259Z     mixed_process_chaos_test.go:878: slow mixedsignal/mixed-06-0 dispatch worker=mixed-before stage=fetched run_seq=108 delivery=1 since_enabled=1.706873548s err=
mixed	Replay consecutive mixed workflow seeds	2026-10-01T03:33:12.2111226Z     mixed_process_chaos_test.go:878: slow mixedsignal/mixed-06-0 dispatch worker=mixed-before stage=lease_held run_seq=108 delivery=1 since_enabled=1.786841849s err=workflow lease is held
mixed	Replay consecutive mixed workflow seeds	2026-10-01T03:33:12.2113213Z     mixed_process_chaos_test.go:878: slow mixedsignal/mixed-06-0 dispatch worker=mixed-before stage=fetched run_seq=109 delivery=1 since_enabled=1.958987194s err=
mixed	Replay consecutive mixed workflow seeds	2026-10-01T03:33:12.2115814Z     mixed_process_chaos_test.go:878: slow mixedsignal/mixed-06-0 dispatch worker=mixed-before stage=lease_held run_seq=109 delivery=1 since_enabled=1.961990457s err=workflow lease is held
mixed	Replay consecutive mixed workflow seeds	2026-10-01T03:33:12.2118337Z     mixed_process_chaos_test.go:878: slow mixedsignal/mixed-06-0 dispatch worker=mixed-before stage=fetched run_seq=110 delivery=1 since_enabled=2.133728086s err=
mixed	Replay consecutive mixed workflow seeds	2026-10-01T03:33:12.2121255Z     mixed_process_chaos_test.go:878: slow mixedsignal/mixed-06-0 dispatch worker=mixed-before stage=lease_held run_seq=110 delivery=1 since_enabled=2.136716692s err=workflow lease is held
mixed	Replay consecutive mixed workflow seeds	2026-10-01T03:33:12.2123652Z     mixed_process_chaos_test.go:878: slow mixedsignal/mixed-06-0 dispatch worker=mixed-before stage=fetched run_seq=111 delivery=1 since_enabled=2.308450465s err=
mixed	Replay consecutive mixed workflow seeds	2026-10-01T03:33:12.2125267Z     mixed_process_chaos_test.go:878: slow mixedsignal/mixed-06-0 dispatch worker=mixed-before stage=lease_held run_seq=111 delivery=1 since_enabled=2.311146086s err=workflow lease is held
mixed	Replay consecutive mixed workflow seeds	2026-10-01T03:33:12.2127706Z     mixed_process_chaos_test.go:878: slow mixedsignal/mixed-06-0 dispatch worker=mixed-before stage=fetched run_seq=112 delivery=1 since_enabled=2.48281441s err=
mixed	Replay consecutive mixed workflow seeds	2026-10-01T03:33:12.2130459Z     mixed_process_chaos_test.go:878: slow mixedsignal/mixed-06-0 dispatch worker=mixed-before stage=lease_held run_seq=112 delivery=1 since_enabled=2.485536821s err=workflow lease is held
mixed	Replay consecutive mixed workflow seeds	2026-10-01T03:33:12.2133097Z     mixed_process_chaos_test.go:878: slow mixedsignal/mixed-06-0 dispatch worker=mixed-before stage=fetched run_seq=113 delivery=1 since_enabled=2.657598341s err=
mixed	Replay consecutive mixed workflow seeds	2026-10-01T03:33:12.2135244Z     mixed_process_chaos_test.go:878: slow mixedsignal/mixed-06-0 dispatch worker=mixed-before stage=lease_held run_seq=113 delivery=1 since_enabled=2.660908679s err=workflow lease is held
mixed	Replay consecutive mixed workflow seeds	2026-10-01T03:33:12.2136839Z     mixed_process_chaos_test.go:878: slow mixedsignal/mixed-06-0 dispatch worker=mixed-before stage=fetched run_seq=114 delivery=1 since_enabled=2.833546325s err=
mixed	Replay consecutive mixed workflow seeds	2026-10-01T03:33:12.2138391Z     mixed_process_chaos_test.go:878: slow mixedsignal/mixed-06-0 dispatch worker=mixed-before stage=lease_held run_seq=114 delivery=1 since_enabled=2.836830572s err=workflow lease is held
mixed	Replay consecutive mixed workflow seeds	2026-10-01T03:33:12.2140732Z     mixed_process_chaos_test.go:878: slow mixedsignal/mixed-06-0 dispatch worker=mixed-before stage=fetched run_seq=99 delivery=2 since_enabled=7.424001296s err=
mixed	Replay consecutive mixed workflow seeds	2026-10-01T03:33:12.2143116Z     mixed_process_chaos_test.go:878: slow mixedsignal/mixed-06-0 dispatch worker=mixed-before stage=lease_held run_seq=99 delivery=2 since_enabled=7.427061156s err=workflow lease is held
mixed	Replay consecutive mixed workflow seeds	2026-10-01T03:33:12.2145612Z     mixed_process_chaos_test.go:878: slow mixedsignal/mixed-06-0 dispatch worker=mixed-before stage=fetched run_seq=100 delivery=2 since_enabled=7.680328832s err=
mixed	Replay consecutive mixed workflow seeds	2026-10-01T03:33:12.2148305Z     mixed_process_chaos_test.go:878: slow mixedsignal/mixed-06-0 dispatch worker=mixed-before stage=lease_held run_seq=100 delivery=2 since_enabled=7.683679043s err=workflow lease is held
mixed	Replay consecutive mixed workflow seeds	2026-10-01T03:33:12.2150947Z     mixed_process_chaos_test.go:878: slow mixedsignal/mixed-06-0 dispatch worker=mixed-before stage=fetched run_seq=101 delivery=2 since_enabled=7.855394125s err=
mixed	Replay consecutive mixed workflow seeds	2026-10-01T03:33:12.2153480Z     mixed_process_chaos_test.go:878: slow mixedsignal/mixed-06-0 dispatch worker=mixed-before stage=lease_held run_seq=101 delivery=2 since_enabled=7.857675182s err=workflow lease is held
mixed	Replay consecutive mixed workflow seeds	2026-10-01T03:33:12.2155977Z     mixed_process_chaos_test.go:878: slow mixedsignal/mixed-06-0 dispatch worker=mixed-before stage=fetched run_seq=102 delivery=2 since_enabled=8.111627423s err=
mixed	Replay consecutive mixed workflow seeds	2026-10-01T03:33:12.2158521Z     mixed_process_chaos_test.go:878: slow mixedsignal/mixed-06-0 dispatch worker=mixed-before stage=lease_held run_seq=102 delivery=2 since_enabled=8.114688742s err=workflow lease is held
mixed	Replay consecutive mixed workflow seeds	2026-10-01T03:33:12.2161198Z     mixed_process_chaos_test.go:878: slow mixedsignal/mixed-06-0 dispatch worker=mixed-before stage=fetched run_seq=104 delivery=2 since_enabled=8.287027897s err=
mixed	Replay consecutive mixed workflow seeds	2026-10-01T03:33:12.2163725Z     mixed_process_chaos_test.go:878: slow mixedsignal/mixed-06-0 dispatch worker=mixed-before stage=lease_held run_seq=104 delivery=2 since_enabled=8.289944094s err=workflow lease is held
mixed	Replay consecutive mixed workflow seeds	2026-10-01T03:33:12.2166217Z     mixed_process_chaos_test.go:878: slow mixedsignal/mixed-06-0 dispatch worker=mixed-before stage=fetched run_seq=105 delivery=2 since_enabled=8.462342221s err=
mixed	Replay consecutive mixed workflow seeds	2026-10-01T03:33:12.2168827Z     mixed_process_chaos_test.go:878: slow mixedsignal/mixed-06-0 dispatch worker=mixed-before stage=lease_held run_seq=105 delivery=2 since_enabled=8.465637578s err=workflow lease is held
mixed	Replay consecutive mixed workflow seeds	2026-10-01T03:33:12.2171532Z     mixed_process_chaos_test.go:878: slow mixedsignal/mixed-06-0 dispatch worker=mixed-before stage=fetched run_seq=106 delivery=2 since_enabled=8.637245699s err=
mixed	Replay consecutive mixed workflow seeds	2026-10-01T03:33:12.2174072Z     mixed_process_chaos_test.go:878: slow mixedsignal/mixed-06-0 dispatch worker=mixed-before stage=lease_held run_seq=106 delivery=2 since_enabled=8.640734173s err=workflow lease is held
mixed	Replay consecutive mixed workflow seeds	2026-10-01T03:33:12.2176446Z     mixed_process_chaos_test.go:878: slow mixedsignal/mixed-06-0 dispatch worker=mixed-before stage=fetched run_seq=107 delivery=2 since_enabled=8.812993197s err=
mixed	Replay consecutive mixed workflow seeds	2026-10-01T03:33:12.2179036Z     mixed_process_chaos_test.go:878: slow mixedsignal/mixed-06-0 dispatch worker=mixed-before stage=lease_held run_seq=107 delivery=2 since_enabled=8.88368259s err=workflow lease is held
mixed	Replay consecutive mixed workflow seeds	2026-10-01T03:33:12.2181610Z     mixed_process_chaos_test.go:878: slow mixedsignal/mixed-06-0 dispatch worker=mixed-before stage=fetched run_seq=108 delivery=2 since_enabled=9.056069704s err=
mixed	Replay consecutive mixed workflow seeds	2026-10-01T03:33:12.2184337Z     mixed_process_chaos_test.go:878: slow mixedsignal/mixed-06-0 dispatch worker=mixed-before stage=lease_held run_seq=108 delivery=2 since_enabled=9.05907183s err=workflow lease is held
mixed	Replay consecutive mixed workflow seeds	2026-10-01T03:33:12.2186990Z     mixed_process_chaos_test.go:878: slow mixedsignal/mixed-06-0 dispatch worker=mixed-before stage=fetched run_seq=109 delivery=2 since_enabled=9.230821367s err=
mixed	Replay consecutive mixed workflow seeds	2026-10-01T03:33:12.2189653Z     mixed_process_chaos_test.go:878: slow mixedsignal/mixed-06-0 dispatch worker=mixed-before stage=lease_held run_seq=109 delivery=2 since_enabled=9.307616409s err=workflow lease is held
mixed	Replay consecutive mixed workflow seeds	2026-10-01T03:33:12.2192570Z     mixed_process_chaos_test.go:878: slow mixedsignal/mixed-06-0 dispatch worker=mixed-before stage=fetched run_seq=110 delivery=2 since_enabled=9.538606053s err=
mixed	Replay consecutive mixed workflow seeds	2026-10-01T03:33:12.2194606Z     mixed_process_chaos_test.go:878: slow mixedsignal/mixed-06-0 dispatch worker=mixed-before stage=lease_held run_seq=110 delivery=2 since_enabled=9.541974059s err=workflow lease is held
mixed	Replay consecutive mixed workflow seeds	2026-10-01T03:33:12.2196418Z     mixed_process_chaos_test.go:878: slow mixedsignal/mixed-06-0 dispatch worker=mixed-before stage=fetched run_seq=111 delivery=2 since_enabled=9.714468192s err=
mixed	Replay consecutive mixed workflow seeds	2026-10-01T03:33:12.2199351Z     mixed_process_chaos_test.go:878: slow mixedsignal/mixed-06-0 dispatch worker=mixed-before stage=lease_held run_seq=111 delivery=2 since_enabled=9.71651697s err=workflow lease is held
mixed	Replay consecutive mixed workflow seeds	2026-10-01T03:33:12.2202171Z     mixed_process_chaos_test.go:878: slow mixedsignal/mixed-06-0 dispatch worker=mixed-before stage=fetched run_seq=112 delivery=2 since_enabled=9.888671369s err=
mixed	Replay consecutive mixed workflow seeds	2026-10-01T03:33:12.2204864Z     mixed_process_chaos_test.go:878: slow mixedsignal/mixed-06-0 dispatch worker=mixed-before stage=lease_held run_seq=112 delivery=2 since_enabled=9.892672335s err=workflow lease is held
mixed	Replay consecutive mixed workflow seeds	2026-10-01T03:33:12.2207513Z     mixed_process_chaos_test.go:878: slow mixedsignal/mixed-06-0 dispatch worker=mixed-before stage=fetched run_seq=113 delivery=2 since_enabled=10.06494968s err=
mixed	Replay consecutive mixed workflow seeds	2026-10-01T03:33:12.2210431Z     mixed_process_chaos_test.go:878: slow mixedsignal/mixed-06-0 dispatch worker=mixed-before stage=lease_held run_seq=113 delivery=2 since_enabled=10.068096122s err=workflow lease is held
mixed	Replay consecutive mixed workflow seeds	2026-10-01T03:33:12.2212845Z     mixed_process_chaos_test.go:878: slow mixedsignal/mixed-06-0 dispatch worker=mixed-before stage=fetched run_seq=114 delivery=2 since_enabled=10.239885822s err=
mixed	Replay consecutive mixed workflow seeds	2026-10-01T03:33:12.2215198Z     mixed_process_chaos_test.go:878: slow mixedsignal/mixed-06-0 dispatch worker=mixed-before stage=lease_held run_seq=114 delivery=2 since_enabled=10.242689971s err=workflow lease is held
mixed	Replay consecutive mixed workflow seeds	2026-10-01T03:33:12.2217867Z     mixed_process_chaos_test.go:878: slow mixedsignal/mixed-06-0 dispatch worker=mixed-before stage=fetched run_seq=99 delivery=3 since_enabled=12.5599624s err=
mixed	Replay consecutive mixed workflow seeds	2026-10-01T03:33:12.2220758Z     mixed_process_chaos_test.go:878: slow mixedsignal/mixed-06-0 dispatch worker=mixed-before stage=lease_held run_seq=99 delivery=3 since_enabled=12.563286282s err=workflow lease is held
mixed	Replay consecutive mixed workflow seeds	2026-10-01T03:33:12.2223475Z     mixed_process_chaos_test.go:878: slow mixedsignal/mixed-06-0 dispatch worker=mixed-before stage=fetched run_seq=100 delivery=3 since_enabled=12.820123049s err=
mixed	Replay consecutive mixed workflow seeds	2026-10-01T03:33:12.2225973Z     mixed_process_chaos_test.go:878: slow mixedsignal/mixed-06-0 dispatch worker=mixed-before stage=lease_held run_seq=100 delivery=3 since_enabled=12.899727681s err=workflow lease is held
mixed	Replay consecutive mixed workflow seeds	2026-10-01T03:33:12.2228640Z     mixed_process_chaos_test.go:878: slow mixedsignal/mixed-06-0 dispatch worker=mixed-before stage=fetched run_seq=101 delivery=3 since_enabled=13.07187946s err=
mixed	Replay consecutive mixed workflow seeds	2026-10-01T03:33:12.2231812Z     mixed_process_chaos_test.go:878: slow mixedsignal/mixed-06-0 dispatch worker=mixed-before stage=lease_held run_seq=101 delivery=3 since_enabled=13.074672927s err=workflow lease is held
mixed	Replay consecutive mixed workflow seeds	2026-10-01T03:33:12.2234499Z     mixed_process_chaos_test.go:878: slow mixedsignal/mixed-06-0 dispatch worker=mixed-before stage=fetched run_seq=102 delivery=3 since_enabled=13.246225098s err=
mixed	Replay consecutive mixed workflow seeds	2026-10-01T03:33:12.2237315Z     mixed_process_chaos_test.go:878: slow mixedsignal/mixed-06-0 dispatch worker=mixed-before stage=lease_held run_seq=102 delivery=3 since_enabled=13.249241402s err=workflow lease is held
mixed	Replay consecutive mixed workflow seeds	2026-10-01T03:33:12.2239832Z     mixed_process_chaos_test.go:878: slow mixedsignal/mixed-06-0 dispatch worker=mixed-before stage=fetched run_seq=104 delivery=3 since_enabled=13.498343878s err=
mixed	Replay consecutive mixed workflow seeds	2026-10-01T03:33:12.2242758Z     mixed_process_chaos_test.go:878: slow mixedsignal/mixed-06-0 dispatch worker=mixed-before stage=lease_held run_seq=104 delivery=3 since_enabled=13.586137065s err=workflow lease is held
mixed	Replay consecutive mixed workflow seeds	2026-10-01T03:33:12.2245228Z     mixed_process_chaos_test.go:878: slow mixedsignal/mixed-06-0 dispatch worker=mixed-before stage=fetched run_seq=105 delivery=3 since_enabled=13.758100437s err=
mixed	Replay consecutive mixed workflow seeds	2026-10-01T03:33:12.2247225Z     mixed_process_chaos_test.go:878: slow mixedsignal/mixed-06-0 dispatch worker=mixed-before stage=lease_held run_seq=105 delivery=3 since_enabled=13.760885849s err=workflow lease is held
mixed	Replay consecutive mixed workflow seeds	2026-10-01T03:33:12.2249708Z     mixed_process_chaos_test.go:878: slow mixedsignal/mixed-06-0 dispatch worker=mixed-before stage=fetched run_seq=106 delivery=3 since_enabled=13.933011752s err=
mixed	Replay consecutive mixed workflow seeds	2026-10-01T03:33:12.2252944Z     mixed_process_chaos_test.go:878: slow mixedsignal/mixed-06-0 dispatch worker=mixed-before stage=lease_held run_seq=106 delivery=3 since_enabled=14.012344695s err=workflow lease is held
mixed	Replay consecutive mixed workflow seeds	2026-10-01T03:33:12.2255629Z     mixed_process_chaos_test.go:878: slow mixedsignal/mixed-06-0 dispatch worker=mixed-before stage=fetched run_seq=107 delivery=3 since_enabled=14.184679667s err=
mixed	Replay consecutive mixed workflow seeds	2026-10-01T03:33:12.2258370Z     mixed_process_chaos_test.go:878: slow mixedsignal/mixed-06-0 dispatch worker=mixed-before stage=lease_held run_seq=107 delivery=3 since_enabled=14.187212303s err=workflow lease is held
mixed	Replay consecutive mixed workflow seeds	2026-10-01T03:33:12.2261302Z     mixed_process_chaos_test.go:878: slow mixedsignal/mixed-06-0 dispatch worker=mixed-before stage=fetched run_seq=108 delivery=3 since_enabled=14.359224417s err=
mixed	Replay consecutive mixed workflow seeds	2026-10-01T03:33:12.2264035Z     mixed_process_chaos_test.go:878: slow mixedsignal/mixed-06-0 dispatch worker=mixed-before stage=lease_held run_seq=108 delivery=3 since_enabled=14.36127566s err=workflow lease is held
mixed	Replay consecutive mixed workflow seeds	2026-10-01T03:33:12.2266718Z     mixed_process_chaos_test.go:878: slow mixedsignal/mixed-06-0 dispatch worker=mixed-before stage=fetched run_seq=109 delivery=3 since_enabled=14.628700015s err=
mixed	Replay consecutive mixed workflow seeds	2026-10-01T03:33:12.2269435Z     mixed_process_chaos_test.go:878: slow mixedsignal/mixed-06-0 dispatch worker=mixed-before stage=lease_held run_seq=109 delivery=3 since_enabled=14.713082752s err=workflow lease is held
mixed	Replay consecutive mixed workflow seeds	2026-10-01T03:33:12.2272322Z     mixed_process_chaos_test.go:878: slow mixedsignal/mixed-06-0 dispatch worker=mixed-before stage=fetched run_seq=110 delivery=3 since_enabled=14.88505789s err=
mixed	Replay consecutive mixed workflow seeds	2026-10-01T03:33:12.2274340Z     mixed_process_chaos_test.go:878: slow mixedsignal/mixed-06-0 dispatch worker=mixed-before stage=lease_held run_seq=110 delivery=3 since_enabled=14.972079292s err=workflow lease is held
mixed	Replay consecutive mixed workflow seeds	2026-10-01T03:33:12.2276718Z     mixed_process_chaos_test.go:878: slow mixedsignal/mixed-06-0 dispatch worker=mixed-before stage=fetched run_seq=111 delivery=3 since_enabled=15.145090936s err=
mixed	Replay consecutive mixed workflow seeds	2026-10-01T03:33:12.2279311Z     mixed_process_chaos_test.go:878: slow mixedsignal/mixed-06-0 dispatch worker=mixed-before stage=lease_held run_seq=111 delivery=3 since_enabled=15.147750743s err=workflow lease is held
mixed	Replay consecutive mixed workflow seeds	2026-10-01T03:33:12.2281942Z     mixed_process_chaos_test.go:878: slow mixedsignal/mixed-06-0 dispatch worker=mixed-before stage=fetched run_seq=112 delivery=3 since_enabled=15.319377085s err=
mixed	Replay consecutive mixed workflow seeds	2026-10-01T03:33:12.2284719Z     mixed_process_chaos_test.go:878: slow mixedsignal/mixed-06-0 dispatch worker=mixed-before stage=lease_held run_seq=112 delivery=3 since_enabled=15.400511681s err=workflow lease is held
mixed	Replay consecutive mixed workflow seeds	2026-10-01T03:33:12.2287374Z     mixed_process_chaos_test.go:878: slow mixedsignal/mixed-06-0 dispatch worker=mixed-before stage=fetched run_seq=113 delivery=3 since_enabled=15.572370891s err=
mixed	Replay consecutive mixed workflow seeds	2026-10-01T03:33:12.2289662Z     mixed_process_chaos_test.go:878: slow mixedsignal/mixed-06-0 dispatch worker=mixed-before stage=lease_held run_seq=113 delivery=3 since_enabled=15.656971318s err=workflow lease is held
mixed	Replay consecutive mixed workflow seeds	2026-10-01T03:33:12.2292585Z     mixed_process_chaos_test.go:878: slow mixedsignal/mixed-06-0 dispatch worker=mixed-before stage=fetched run_seq=114 delivery=3 since_enabled=15.828561902s err=
mixed	Replay consecutive mixed workflow seeds	2026-10-01T03:33:12.2295344Z     mixed_process_chaos_test.go:878: slow mixedsignal/mixed-06-0 dispatch worker=mixed-before stage=lease_held run_seq=114 delivery=3 since_enabled=15.909541367s err=workflow lease is held
mixed	Replay consecutive mixed workflow seeds	2026-10-01T03:33:12.2298042Z     mixed_process_chaos_test.go:878: slow mixedsignal/mixed-06-0 dispatch worker=mixed-before stage=fetched run_seq=99 delivery=4 since_enabled=17.650960449s err=
mixed	Replay consecutive mixed workflow seeds	2026-10-01T03:33:12.2300979Z     mixed_process_chaos_test.go:878: slow mixedsignal/mixed-06-0 dispatch worker=mixed-before stage=lease_held run_seq=99 delivery=4 since_enabled=17.656147516s err=workflow lease is held
mixed	Replay consecutive mixed workflow seeds	2026-10-01T03:33:12.2303659Z     mixed_process_chaos_test.go:878: slow mixedsignal/mixed-06-0 dispatch worker=mixed-before stage=fetched run_seq=100 delivery=4 since_enabled=17.986361131s err=
mixed	Replay consecutive mixed workflow seeds	2026-10-01T03:33:12.2306741Z     mixed_process_chaos_test.go:878: slow mixedsignal/mixed-06-0 dispatch worker=mixed-before stage=lease_held run_seq=100 delivery=4 since_enabled=17.999878135s err=workflow lease is held
mixed	Replay consecutive mixed workflow seeds	2026-10-01T03:33:12.2309261Z     mixed_process_chaos_test.go:878: slow mixedsignal/mixed-06-0 dispatch worker=mixed-before stage=fetched run_seq=101 delivery=4 since_enabled=18.171683863s err=
mixed	Replay consecutive mixed workflow seeds	2026-10-01T03:33:12.2312214Z     mixed_process_chaos_test.go:878: slow mixedsignal/mixed-06-0 dispatch worker=mixed-before stage=lease_held run_seq=101 delivery=4 since_enabled=18.175541237s err=workflow lease is held
mixed	Replay consecutive mixed workflow seeds	2026-10-01T03:33:12.2314568Z     mixed_process_chaos_test.go:878: slow mixedsignal/mixed-06-0 dispatch worker=mixed-before stage=fetched run_seq=102 delivery=4 since_enabled=18.347376832s err=
mixed	Replay consecutive mixed workflow seeds	2026-10-01T03:33:12.2316938Z     mixed_process_chaos_test.go:878: slow mixedsignal/mixed-06-0 dispatch worker=mixed-before stage=lease_held run_seq=102 delivery=4 since_enabled=18.350909997s err=workflow lease is held
mixed	Replay consecutive mixed workflow seeds	2026-10-01T03:33:12.2318993Z     mixed_process_chaos_test.go:878: slow mixedsignal/mixed-06-0 dispatch worker=mixed-before stage=fetched run_seq=104 delivery=4 since_enabled=18.673229016s err=
mixed	Replay consecutive mixed workflow seeds	2026-10-01T03:33:12.2320840Z     mixed_process_chaos_test.go:878: slow mixedsignal/mixed-06-0 dispatch worker=mixed-before stage=lease_held run_seq=104 delivery=4 since_enabled=18.676750573s err=workflow lease is held
mixed	Replay consecutive mixed workflow seeds	2026-10-01T03:33:12.2322169Z     mixed_process_chaos_test.go:878: slow mixedsignal/mixed-06-0 dispatch worker=mixed-before stage=fetched run_seq=105 delivery=4 since_enabled=18.8484923s err=
mixed	Replay consecutive mixed workflow seeds	2026-10-01T03:33:12.2324336Z     mixed_process_chaos_test.go:878: slow mixedsignal/mixed-06-0 dispatch worker=mixed-before stage=lease_held run_seq=105 delivery=4 since_enabled=18.938251507s err=workflow lease is held
mixed	Replay consecutive mixed workflow seeds	2026-10-01T03:33:12.2327084Z     mixed_process_chaos_test.go:878: slow mixedsignal/mixed-06-0 dispatch worker=mixed-before stage=fetched run_seq=106 delivery=4 since_enabled=19.109883846s err=
mixed	Replay consecutive mixed workflow seeds	2026-10-01T03:33:12.2328999Z     mixed_process_chaos_test.go:878: slow mixedsignal/mixed-06-0 dispatch worker=mixed-before stage=lease_held run_seq=106 delivery=4 since_enabled=19.113168976s err=workflow lease is held
mixed	Replay consecutive mixed workflow seeds	2026-10-01T03:33:12.2330469Z     mixed_process_chaos_test.go:878: slow mixedsignal/mixed-06-0 dispatch worker=mixed-before stage=fetched run_seq=107 delivery=4 since_enabled=19.284986985s err=
mixed	Replay consecutive mixed workflow seeds	2026-10-01T03:33:12.2332377Z     mixed_process_chaos_test.go:878: slow mixedsignal/mixed-06-0 dispatch worker=mixed-before stage=lease_held run_seq=107 delivery=4 since_enabled=19.287928058s err=workflow lease is held
mixed	Replay consecutive mixed workflow seeds	2026-10-01T03:33:12.2334968Z     mixed_process_chaos_test.go:878: slow mixedsignal/mixed-06-0 dispatch worker=mixed-before stage=fetched run_seq=108 delivery=4 since_enabled=19.543999937s err=
mixed	Replay consecutive mixed workflow seeds	2026-10-01T03:33:12.2337563Z     mixed_process_chaos_test.go:878: slow mixedsignal/mixed-06-0 dispatch worker=mixed-before stage=lease_held run_seq=108 delivery=4 since_enabled=19.621600834s err=workflow lease is held
mixed	Replay consecutive mixed workflow seeds	2026-10-01T03:33:12.2339578Z     mixed_process_chaos_test.go:878: slow mixedsignal/mixed-06-0 dispatch worker=mixed-before stage=fetched run_seq=109 delivery=4 since_enabled=19.87952318s err=
mixed	Replay consecutive mixed workflow seeds	2026-10-01T03:33:12.2342298Z     mixed_process_chaos_test.go:878: slow mixedsignal/mixed-06-0 dispatch worker=mixed-before stage=lease_held run_seq=109 delivery=4 since_enabled=19.883195317s err=workflow lease is held
mixed	Replay consecutive mixed workflow seeds	2026-10-01T03:33:12.2344469Z     mixed_process_chaos_test.go:878: slow mixedsignal/mixed-06-0 dispatch worker=mixed-before stage=fetched run_seq=110 delivery=4 since_enabled=20.140728935s err=
mixed	Replay consecutive mixed workflow seeds	2026-10-01T03:33:12.2347041Z     mixed_process_chaos_test.go:878: slow mixedsignal/mixed-06-0 dispatch worker=mixed-before stage=lease_held run_seq=110 delivery=4 since_enabled=20.224084098s err=workflow lease is held
mixed	Replay consecutive mixed workflow seeds	2026-10-01T03:33:12.2349749Z     mixed_process_chaos_test.go:878: slow mixedsignal/mixed-06-0 dispatch worker=mixed-before stage=fetched run_seq=111 delivery=4 since_enabled=20.480304376s err=
mixed	Replay consecutive mixed workflow seeds	2026-10-01T03:33:12.2352592Z     mixed_process_chaos_test.go:878: slow mixedsignal/mixed-06-0 dispatch worker=mixed-before stage=lease_held run_seq=111 delivery=4 since_enabled=20.483748867s err=workflow lease is held
mixed	Replay consecutive mixed workflow seeds	2026-10-01T03:33:12.2355539Z     mixed_process_chaos_test.go:878: slow mixedsignal/mixed-06-0 dispatch worker=mixed-before stage=fetched run_seq=112 delivery=4 since_enabled=20.655613291s err=
mixed	Replay consecutive mixed workflow seeds	2026-10-01T03:33:12.2357702Z     mixed_process_chaos_test.go:878: slow mixedsignal/mixed-06-0 dispatch worker=mixed-before stage=lease_held run_seq=112 delivery=4 since_enabled=20.740251309s err=workflow lease is held
mixed	Replay consecutive mixed workflow seeds	2026-10-01T03:33:12.2359757Z     mixed_process_chaos_test.go:878: slow mixedsignal/mixed-06-0 dispatch worker=mixed-before stage=fetched run_seq=113 delivery=4 since_enabled=20.911836304s err=
mixed	Replay consecutive mixed workflow seeds	2026-10-01T03:33:12.2361914Z     mixed_process_chaos_test.go:878: slow mixedsignal/mixed-06-0 dispatch worker=mixed-before stage=lease_held run_seq=113 delivery=4 since_enabled=20.915861266s err=workflow lease is held
mixed	Replay consecutive mixed workflow seeds	2026-10-01T03:33:12.2363837Z     mixed_process_chaos_test.go:878: slow mixedsignal/mixed-06-0 dispatch worker=mixed-before stage=fetched run_seq=114 delivery=4 since_enabled=21.087576602s err=
mixed	Replay consecutive mixed workflow seeds	2026-10-01T03:33:12.2366397Z     mixed_process_chaos_test.go:878: slow mixedsignal/mixed-06-0 dispatch worker=mixed-before stage=lease_held run_seq=114 delivery=4 since_enabled=21.165659001s err=workflow lease is held
mixed	Replay consecutive mixed workflow seeds	2026-10-01T03:33:12.2369124Z     mixed_process_chaos_test.go:878: slow mixedsignal/mixed-06-0 dispatch worker=mixed-before stage=fetched run_seq=99 delivery=5 since_enabled=22.743648977s err=
mixed	Replay consecutive mixed workflow seeds	2026-10-01T03:33:12.2372041Z     mixed_process_chaos_test.go:878: slow mixedsignal/mixed-06-0 dispatch worker=mixed-before stage=lease_held run_seq=99 delivery=5 since_enabled=22.746617903s err=workflow lease is held
mixed	Replay consecutive mixed workflow seeds	2026-10-01T03:33:12.2374727Z     mixed_process_chaos_test.go:878: slow mixedsignal/mixed-06-0 dispatch worker=mixed-before stage=fetched run_seq=100 delivery=5 since_enabled=23.086716189s err=
mixed	Replay consecutive mixed workflow seeds	2026-10-01T03:33:12.2377450Z     mixed_process_chaos_test.go:878: slow mixedsignal/mixed-06-0 dispatch worker=mixed-before stage=lease_held run_seq=100 delivery=5 since_enabled=23.13437995s err=workflow lease is held
mixed	Replay consecutive mixed workflow seeds	2026-10-01T03:33:12.2380338Z     mixed_process_chaos_test.go:878: slow mixedsignal/mixed-06-0 dispatch worker=mixed-before stage=fetched run_seq=101 delivery=5 since_enabled=23.307044456s err=
mixed	Replay consecutive mixed workflow seeds	2026-10-01T03:33:12.2383356Z     mixed_process_chaos_test.go:878: slow mixedsignal/mixed-06-0 dispatch worker=mixed-before stage=lease_held run_seq=101 delivery=5 since_enabled=23.387237589s err=workflow lease is held
mixed	Replay consecutive mixed workflow seeds	2026-10-01T03:33:12.2385997Z     mixed_process_chaos_test.go:878: slow mixedsignal/mixed-06-0 dispatch worker=mixed-before stage=fetched run_seq=102 delivery=5 since_enabled=23.55893598s err=
mixed	Replay consecutive mixed workflow seeds	2026-10-01T03:33:12.2388519Z     mixed_process_chaos_test.go:878: slow mixedsignal/mixed-06-0 dispatch worker=mixed-before stage=lease_held run_seq=102 delivery=5 since_enabled=23.561940177s err=workflow lease is held
mixed	Replay consecutive mixed workflow seeds	2026-10-01T03:33:12.2390981Z     mixed_process_chaos_test.go:878: slow mixedsignal/mixed-06-0 dispatch worker=mixed-before stage=fetched run_seq=104 delivery=5 since_enabled=23.819553903s err=
mixed	Replay consecutive mixed workflow seeds	2026-10-01T03:33:12.2393737Z     mixed_process_chaos_test.go:878: slow mixedsignal/mixed-06-0 dispatch worker=mixed-before stage=lease_held run_seq=104 delivery=5 since_enabled=23.82305468s err=workflow lease is held
mixed	Replay consecutive mixed workflow seeds	2026-10-01T03:33:12.2396398Z     mixed_process_chaos_test.go:878: slow mixedsignal/mixed-06-0 dispatch worker=mixed-before stage=fetched run_seq=105 delivery=5 since_enabled=24.083448808s err=
mixed	Replay consecutive mixed workflow seeds	2026-10-01T03:33:12.2398810Z     mixed_process_chaos_test.go:878: slow mixedsignal/mixed-06-0 dispatch worker=mixed-before stage=lease_held run_seq=105 delivery=5 since_enabled=24.155483535s err=workflow lease is held
mixed	Replay consecutive mixed workflow seeds	2026-10-01T03:33:12.2400898Z     mixed_process_chaos_test.go:878: slow mixedsignal/mixed-06-0 dispatch worker=mixed-before stage=fetched run_seq=106 delivery=5 since_enabled=24.327843639s err=
mixed	Replay consecutive mixed workflow seeds	2026-10-01T03:33:12.2402786Z     mixed_process_chaos_test.go:878: slow mixedsignal/mixed-06-0 dispatch worker=mixed-before stage=lease_held run_seq=106 delivery=5 since_enabled=24.331026629s err=workflow lease is held
mixed	Replay consecutive mixed workflow seeds	2026-10-01T03:33:12.2404618Z     mixed_process_chaos_test.go:878: slow mixedsignal/mixed-06-0 dispatch worker=mixed-before stage=fetched run_seq=107 delivery=5 since_enabled=24.510634202s err=
mixed	Replay consecutive mixed workflow seeds	2026-10-01T03:33:12.2406935Z     mixed_process_chaos_test.go:878: slow mixedsignal/mixed-06-0 dispatch worker=mixed-before stage=lease_held run_seq=107 delivery=5 since_enabled=24.513803995s err=workflow lease is held
mixed	Replay consecutive mixed workflow seeds	2026-10-01T03:33:12.2408949Z     mixed_process_chaos_test.go:878: slow mixedsignal/mixed-06-0 dispatch worker=mixed-before stage=fetched run_seq=108 delivery=5 since_enabled=24.770961655s err=
mixed	Replay consecutive mixed workflow seeds	2026-10-01T03:33:12.2410976Z     mixed_process_chaos_test.go:878: slow mixedsignal/mixed-06-0 dispatch worker=mixed-before stage=lease_held run_seq=108 delivery=5 since_enabled=24.773977693s err=workflow lease is held
mixed	Replay consecutive mixed workflow seeds	2026-10-01T03:33:12.2412621Z     mixed_process_chaos_test.go:878: slow mixedsignal/mixed-06-0 dispatch worker=mixed-before stage=fetched run_seq=109 delivery=5 since_enabled=25.030730121s err=
mixed	Replay consecutive mixed workflow seeds	2026-10-01T03:33:12.2414244Z     mixed_process_chaos_test.go:878: slow mixedsignal/mixed-06-0 dispatch worker=mixed-before stage=lease_held run_seq=109 delivery=5 since_enabled=25.033709277s err=workflow lease is held
mixed	Replay consecutive mixed workflow seeds	2026-10-01T03:33:12.2415784Z     mixed_process_chaos_test.go:878: slow mixedsignal/mixed-06-0 dispatch worker=mixed-before stage=fetched run_seq=110 delivery=5 since_enabled=25.434585162s err=
mixed	Replay consecutive mixed workflow seeds	2026-10-01T03:33:12.2417666Z     mixed_process_chaos_test.go:878: slow mixedsignal/mixed-06-0 dispatch worker=mixed-before stage=lease_held run_seq=110 delivery=5 since_enabled=25.438587128s err=workflow lease is held
mixed	Replay consecutive mixed workflow seeds	2026-10-01T03:33:12.2420544Z     mixed_process_chaos_test.go:878: slow mixedsignal/mixed-06-0 dispatch worker=mixed-before stage=fetched run_seq=111 delivery=5 since_enabled=25.611014702s err=
mixed	Replay consecutive mixed workflow seeds	2026-10-01T03:33:12.2422993Z     mixed_process_chaos_test.go:878: slow mixedsignal/mixed-06-0 dispatch worker=mixed-before stage=lease_held run_seq=111 delivery=5 since_enabled=25.69007709s err=workflow lease is held
mixed	Replay consecutive mixed workflow seeds	2026-10-01T03:33:12.2425682Z     mixed_process_chaos_test.go:878: slow mixedsignal/mixed-06-0 dispatch worker=mixed-before stage=fetched run_seq=112 delivery=5 since_enabled=25.862629736s err=
mixed	Replay consecutive mixed workflow seeds	2026-10-01T03:33:12.2428319Z     mixed_process_chaos_test.go:878: slow mixedsignal/mixed-06-0 dispatch worker=mixed-before stage=lease_held run_seq=112 delivery=5 since_enabled=25.865354978s err=workflow lease is held
mixed	Replay consecutive mixed workflow seeds	2026-10-01T03:33:12.2430309Z     mixed_process_chaos_test.go:878: slow mixedsignal/mixed-06-0 dispatch worker=mixed-before stage=fetched run_seq=113 delivery=5 since_enabled=26.037219681s err=
mixed	Replay consecutive mixed workflow seeds	2026-10-01T03:33:12.2432215Z     mixed_process_chaos_test.go:878: slow mixedsignal/mixed-06-0 dispatch worker=mixed-before stage=lease_held run_seq=113 delivery=5 since_enabled=26.039851164s err=workflow lease is held
mixed	Replay consecutive mixed workflow seeds	2026-10-01T03:33:12.2434138Z     mixed_process_chaos_test.go:878: slow mixedsignal/mixed-06-0 dispatch worker=mixed-before stage=fetched run_seq=114 delivery=5 since_enabled=26.298038127s err=
mixed	Replay consecutive mixed workflow seeds	2026-10-01T03:33:12.2436092Z     mixed_process_chaos_test.go:878: slow mixedsignal/mixed-06-0 dispatch worker=mixed-before stage=lease_held run_seq=114 delivery=5 since_enabled=26.30267593s err=workflow lease is held
mixed	Replay consecutive mixed workflow seeds	2026-10-01T03:33:12.2438655Z     mixed_process_chaos_test.go:878: slow mixedsignal/mixed-06-0 dispatch worker=mixed-before stage=fetched run_seq=99 delivery=6 since_enabled=27.833529121s err=
mixed	Replay consecutive mixed workflow seeds	2026-10-01T03:33:12.2440452Z     mixed_process_chaos_test.go:878: slow mixedsignal/mixed-06-0 dispatch worker=mixed-before stage=lease_held run_seq=99 delivery=6 since_enabled=27.908391577s err=workflow lease is held
mixed	Replay consecutive mixed workflow seeds	2026-10-01T03:33:12.2442577Z     mixed_process_chaos_test.go:878: slow mixedsignal/mixed-06-0 dispatch worker=mixed-before stage=fetched run_seq=100 delivery=6 since_enabled=28.306744072s err=
mixed	Replay consecutive mixed workflow seeds	2026-10-01T03:33:12.2444658Z     mixed_process_chaos_test.go:878: slow mixedsignal/mixed-06-0 dispatch worker=mixed-before stage=lease_held run_seq=100 delivery=6 since_enabled=28.337043318s err=workflow lease is held
mixed	Replay consecutive mixed workflow seeds	2026-10-01T03:33:12.2446217Z     mixed_process_chaos_test.go:878: slow mixedsignal/mixed-06-0 dispatch worker=mixed-before stage=fetched run_seq=101 delivery=6 since_enabled=28.508803139s err=
mixed	Replay consecutive mixed workflow seeds	2026-10-01T03:33:12.2447956Z     mixed_process_chaos_test.go:878: slow mixedsignal/mixed-06-0 dispatch worker=mixed-before stage=lease_held run_seq=101 delivery=6 since_enabled=28.592200375s err=workflow lease is held
mixed	Replay consecutive mixed workflow seeds	2026-10-01T03:33:12.2449822Z     mixed_process_chaos_test.go:878: slow mixedsignal/mixed-06-0 dispatch worker=mixed-before stage=fetched run_seq=102 delivery=6 since_enabled=28.764389489s err=
mixed	Replay consecutive mixed workflow seeds	2026-10-01T03:33:12.2452755Z     mixed_process_chaos_test.go:878: slow mixedsignal/mixed-06-0 dispatch worker=mixed-before stage=lease_held run_seq=102 delivery=6 since_enabled=28.850022968s err=workflow lease is held
mixed	Replay consecutive mixed workflow seeds	2026-10-01T03:33:12.2455398Z     mixed_process_chaos_test.go:878: slow mixedsignal/mixed-06-0 dispatch worker=mixed-before stage=fetched run_seq=104 delivery=6 since_enabled=29.021825134s err=
mixed	Replay consecutive mixed workflow seeds	2026-10-01T03:33:12.2458024Z     mixed_process_chaos_test.go:878: slow mixedsignal/mixed-06-0 dispatch worker=mixed-before stage=lease_held run_seq=104 delivery=6 since_enabled=29.105058666s err=workflow lease is held
mixed	Replay consecutive mixed workflow seeds	2026-10-01T03:33:12.2459725Z     mixed_process_chaos_test.go:878: slow mixedsignal/mixed-06-0 dispatch worker=mixed-before stage=fetched run_seq=105 delivery=6 since_enabled=29.277483243s err=
mixed	Replay consecutive mixed workflow seeds	2026-10-01T03:33:12.2461703Z     mixed_process_chaos_test.go:878: slow mixedsignal/mixed-06-0 dispatch worker=mixed-before stage=lease_held run_seq=105 delivery=6 since_enabled=29.280069148s err=workflow lease is held
mixed	Replay consecutive mixed workflow seeds	2026-10-01T03:33:12.2463977Z     mixed_process_chaos_test.go:878: slow mixedsignal/mixed-06-0 dispatch worker=mixed-before stage=fetched run_seq=106 delivery=6 since_enabled=29.537114692s err=
mixed	Replay consecutive mixed workflow seeds	2026-10-01T03:33:12.2466191Z     mixed_process_chaos_test.go:878: slow mixedsignal/mixed-06-0 dispatch worker=mixed-before stage=lease_held run_seq=106 delivery=6 since_enabled=29.622079452s err=workflow lease is held
mixed	Replay consecutive mixed workflow seeds	2026-10-01T03:33:12.2468019Z     mixed_process_chaos_test.go:878: slow mixedsignal/mixed-06-0 dispatch worker=mixed-before stage=fetched run_seq=107 delivery=6 since_enabled=29.795137481s err=
mixed	Replay consecutive mixed workflow seeds	2026-10-01T03:33:12.2470662Z     mixed_process_chaos_test.go:878: slow mixedsignal/mixed-06-0 dispatch worker=mixed-before stage=lease_held run_seq=107 delivery=6 since_enabled=29.799886137s err=workflow lease is held
mixed	Replay consecutive mixed workflow seeds	2026-10-01T03:33:12.2472657Z     mixed_process_chaos_test.go:878: slow mixedsignal/mixed-06-0 dispatch worker=mixed-before stage=fetched run_seq=108 delivery=6 since_enabled=29.972037994s err=
mixed	Replay consecutive mixed workflow seeds	2026-10-01T03:33:12.2474830Z     mixed_process_chaos_test.go:878: slow mixedsignal/mixed-06-0 dispatch worker=mixed-before stage=lease_held run_seq=108 delivery=6 since_enabled=29.976086739s err=workflow lease is held
mixed	Replay consecutive mixed workflow seeds	2026-10-01T03:33:12.2477147Z     mixed_process_chaos_test.go:878: slow mixedsignal/mixed-06-0 dispatch worker=mixed-before stage=fetched run_seq=109 delivery=6 since_enabled=30.147678931s err=
mixed	Replay consecutive mixed workflow seeds	2026-10-01T03:33:12.2479740Z     mixed_process_chaos_test.go:878: slow mixedsignal/mixed-06-0 dispatch worker=mixed-before stage=lease_held run_seq=109 delivery=6 since_enabled=30.308259383s err=workflow lease is held
mixed	Replay consecutive mixed workflow seeds	2026-10-01T03:33:12.2482059Z     mixed_process_chaos_test.go:878: slow mixedsignal/mixed-06-0 dispatch worker=mixed-before stage=fetched run_seq=110 delivery=6 since_enabled=30.565650845s err=
mixed	Replay consecutive mixed workflow seeds	2026-10-01T03:33:12.2484798Z     mixed_process_chaos_test.go:878: slow mixedsignal/mixed-06-0 dispatch worker=mixed-before stage=lease_held run_seq=110 delivery=6 since_enabled=30.64856263s err=workflow lease is held
mixed	Replay consecutive mixed workflow seeds	2026-10-01T03:33:12.2487447Z     mixed_process_chaos_test.go:878: slow mixedsignal/mixed-06-0 dispatch worker=mixed-before stage=fetched run_seq=111 delivery=6 since_enabled=30.821184798s err=
mixed	Replay consecutive mixed workflow seeds	2026-10-01T03:33:12.2489491Z     mixed_process_chaos_test.go:878: slow mixedsignal/mixed-06-0 dispatch worker=mixed-before stage=lease_held run_seq=111 delivery=6 since_enabled=30.90724044s err=workflow lease is held
mixed	Replay consecutive mixed workflow seeds	2026-10-01T03:33:12.2492328Z     mixed_process_chaos_test.go:878: slow mixedsignal/mixed-06-0 dispatch worker=mixed-before stage=fetched run_seq=112 delivery=6 since_enabled=31.079393276s err=
mixed	Replay consecutive mixed workflow seeds	2026-10-01T03:33:12.2495001Z     mixed_process_chaos_test.go:878: slow mixedsignal/mixed-06-0 dispatch worker=mixed-before stage=lease_held run_seq=112 delivery=6 since_enabled=31.082255783s err=workflow lease is held
mixed	Replay consecutive mixed workflow seeds	2026-10-01T03:33:12.2497585Z     mixed_process_chaos_test.go:878: slow mixedsignal/mixed-06-0 dispatch worker=mixed-before stage=fetched run_seq=113 delivery=6 since_enabled=31.254098516s err=
mixed	Replay consecutive mixed workflow seeds	2026-10-01T03:33:12.2500317Z     mixed_process_chaos_test.go:878: slow mixedsignal/mixed-06-0 dispatch worker=mixed-before stage=lease_held run_seq=113 delivery=6 since_enabled=31.256973916s err=workflow lease is held
mixed	Replay consecutive mixed workflow seeds	2026-10-01T03:33:12.2502842Z     mixed_process_chaos_test.go:878: slow mixedsignal/mixed-06-0 dispatch worker=mixed-before stage=fetched run_seq=114 delivery=6 since_enabled=31.594632218s err=
mixed	Replay consecutive mixed workflow seeds	2026-10-01T03:33:12.2505591Z     mixed_process_chaos_test.go:878: slow mixedsignal/mixed-06-0 dispatch worker=mixed-before stage=lease_held run_seq=114 delivery=6 since_enabled=31.59775437s err=workflow lease is held
mixed	Replay consecutive mixed workflow seeds	2026-10-01T03:33:12.2508238Z     mixed_process_chaos_test.go:878: slow mixedsignal/mixed-06-0 dispatch worker=mixed-before stage=fetched run_seq=99 delivery=7 since_enabled=32.996447182s err=
mixed	Replay consecutive mixed workflow seeds	2026-10-01T03:33:12.2511155Z     mixed_process_chaos_test.go:878: slow mixedsignal/mixed-06-0 dispatch worker=mixed-before stage=lease_held run_seq=99 delivery=7 since_enabled=33.039887694s err=workflow lease is held
mixed	Replay consecutive mixed workflow seeds	2026-10-01T03:33:12.2513686Z     mixed_process_chaos_test.go:878: slow mixedsignal/mixed-06-0 dispatch worker=mixed-before stage=fetched run_seq=100 delivery=7 since_enabled=33.425384344s err=
mixed	Replay consecutive mixed workflow seeds	2026-10-01T03:33:12.2516204Z     mixed_process_chaos_test.go:878: slow mixedsignal/mixed-06-0 dispatch worker=mixed-before stage=lease_held run_seq=100 delivery=7 since_enabled=33.466095375s err=workflow lease is held
mixed	Replay consecutive mixed workflow seeds	2026-10-01T03:33:12.2518688Z     mixed_process_chaos_test.go:878: slow mixedsignal/mixed-06-0 dispatch worker=mixed-before stage=fetched run_seq=101 delivery=7 since_enabled=33.723574762s err=
mixed	Replay consecutive mixed workflow seeds	2026-10-01T03:33:12.2521677Z     mixed_process_chaos_test.go:878: slow mixedsignal/mixed-06-0 dispatch worker=mixed-before stage=lease_held run_seq=101 delivery=7 since_enabled=33.807846212s err=workflow lease is held
mixed	Replay consecutive mixed workflow seeds	2026-10-01T03:33:12.2524265Z     mixed_process_chaos_test.go:878: slow mixedsignal/mixed-06-0 dispatch worker=mixed-before stage=fetched run_seq=102 delivery=7 since_enabled=33.980275449s err=
mixed	Replay consecutive mixed workflow seeds	2026-10-01T03:33:12.2526986Z     mixed_process_chaos_test.go:878: slow mixedsignal/mixed-06-0 dispatch worker=mixed-before stage=lease_held run_seq=102 delivery=7 since_enabled=33.982239586s err=workflow lease is held
mixed	Replay consecutive mixed workflow seeds	2026-10-01T03:33:12.2529612Z     mixed_process_chaos_test.go:878: slow mixedsignal/mixed-06-0 dispatch worker=mixed-before stage=fetched run_seq=104 delivery=7 since_enabled=34.192344335s err=
mixed	Replay consecutive mixed workflow seeds	2026-10-01T03:33:12.2532105Z     mixed_process_chaos_test.go:878: slow mixedsignal/mixed-06-0 dispatch worker=mixed-before stage=lease_held run_seq=104 delivery=7 since_enabled=34.195447855s err=workflow lease is held
mixed	Replay consecutive mixed workflow seeds	2026-10-01T03:33:12.2534299Z     mixed_process_chaos_test.go:878: slow mixedsignal/mixed-06-0 dispatch worker=mixed-before stage=fetched run_seq=105 delivery=7 since_enabled=34.453011388s err=
mixed	Replay consecutive mixed workflow seeds	2026-10-01T03:33:12.2535990Z     mixed_process_chaos_test.go:878: slow mixedsignal/mixed-06-0 dispatch worker=mixed-before stage=lease_held run_seq=105 delivery=7 since_enabled=34.455598057s err=workflow lease is held
mixed	Replay consecutive mixed workflow seeds	2026-10-01T03:33:12.2538658Z     mixed_process_chaos_test.go:878: slow mixedsignal/mixed-06-0 dispatch worker=mixed-before stage=fetched run_seq=106 delivery=7 since_enabled=34.713130667s err=
mixed	Replay consecutive mixed workflow seeds	2026-10-01T03:33:12.2541268Z     mixed_process_chaos_test.go:878: slow mixedsignal/mixed-06-0 dispatch worker=mixed-before stage=lease_held run_seq=106 delivery=7 since_enabled=34.74983839s err=workflow lease is held
mixed	Replay consecutive mixed workflow seeds	2026-10-01T03:33:12.2543542Z     mixed_process_chaos_test.go:878: slow mixedsignal/mixed-06-0 dispatch worker=mixed-before stage=fetched run_seq=107 delivery=7 since_enabled=34.921991863s err=
mixed	Replay consecutive mixed workflow seeds	2026-10-01T03:33:12.2545973Z     mixed_process_chaos_test.go:878: slow mixedsignal/mixed-06-0 dispatch worker=mixed-before stage=lease_held run_seq=107 delivery=7 since_enabled=34.925193345s err=workflow lease is held
mixed	Replay consecutive mixed workflow seeds	2026-10-01T03:33:12.2548004Z     mixed_process_chaos_test.go:878: slow mixedsignal/mixed-06-0 dispatch worker=mixed-before stage=fetched run_seq=108 delivery=7 since_enabled=35.097036409s err=
mixed	Replay consecutive mixed workflow seeds	2026-10-01T03:33:12.2550280Z     mixed_process_chaos_test.go:878: slow mixedsignal/mixed-06-0 dispatch worker=mixed-before stage=lease_held run_seq=108 delivery=7 since_enabled=35.099754585s err=workflow lease is held
mixed	Replay consecutive mixed workflow seeds	2026-10-01T03:33:12.2552404Z     mixed_process_chaos_test.go:878: slow mixedsignal/mixed-06-0 dispatch worker=mixed-before stage=fetched run_seq=109 delivery=7 since_enabled=35.395731756s err=
mixed	Replay consecutive mixed workflow seeds	2026-10-01T03:33:12.2554882Z     mixed_process_chaos_test.go:878: slow mixedsignal/mixed-06-0 dispatch worker=mixed-before stage=lease_held run_seq=109 delivery=7 since_enabled=35.429819745s err=workflow lease is held
mixed	Replay consecutive mixed workflow seeds	2026-10-01T03:33:12.2557239Z     mixed_process_chaos_test.go:878: slow mixedsignal/mixed-06-0 dispatch worker=mixed-before stage=fetched run_seq=110 delivery=7 since_enabled=35.736519636s err=
mixed	Replay consecutive mixed workflow seeds	2026-10-01T03:33:12.2560221Z     mixed_process_chaos_test.go:878: slow mixedsignal/mixed-06-0 dispatch worker=mixed-before stage=lease_held run_seq=110 delivery=7 since_enabled=35.770005674s err=workflow lease is held
mixed	Replay consecutive mixed workflow seeds	2026-10-01T03:33:12.2562954Z     mixed_process_chaos_test.go:878: slow mixedsignal/mixed-06-0 dispatch worker=mixed-before stage=fetched run_seq=111 delivery=7 since_enabled=36.027010447s err=
mixed	Replay consecutive mixed workflow seeds	2026-10-01T03:33:12.2564603Z     mixed_process_chaos_test.go:878: slow mixedsignal/mixed-06-0 dispatch worker=mixed-before stage=lease_held run_seq=111 delivery=7 since_enabled=36.112613683s err=workflow lease is held
mixed	Replay consecutive mixed workflow seeds	2026-10-01T03:33:12.2566845Z     mixed_process_chaos_test.go:878: slow mixedsignal/mixed-06-0 dispatch worker=mixed-before stage=fetched run_seq=112 delivery=7 since_enabled=36.199048957s err=
mixed	Replay consecutive mixed workflow seeds	2026-10-01T03:33:12.2569415Z     mixed_process_chaos_test.go:878: slow mixedsignal/mixed-06-0 dispatch worker=mixed-before stage=lease_held run_seq=112 delivery=7 since_enabled=36.203269064s err=workflow lease is held
mixed	Replay consecutive mixed workflow seeds	2026-10-01T03:33:12.2571796Z     mixed_process_chaos_test.go:878: slow mixedsignal/mixed-06-0 dispatch worker=mixed-before stage=fetched run_seq=113 delivery=7 since_enabled=36.374637974s err=
mixed	Replay consecutive mixed workflow seeds	2026-10-01T03:33:12.2574408Z     mixed_process_chaos_test.go:878: slow mixedsignal/mixed-06-0 dispatch worker=mixed-before stage=lease_held run_seq=113 delivery=7 since_enabled=36.454691267s err=workflow lease is held
mixed	Replay consecutive mixed workflow seeds	2026-10-01T03:33:12.2576154Z     mixed_process_chaos_test.go:878: slow mixedsignal/mixed-06-0 dispatch worker=mixed-before stage=fetched run_seq=114 delivery=7 since_enabled=36.711901634s err=
mixed	Replay consecutive mixed workflow seeds	2026-10-01T03:33:12.2577980Z     mixed_process_chaos_test.go:878: slow mixedsignal/mixed-06-0 dispatch worker=mixed-before stage=lease_held run_seq=114 delivery=7 since_enabled=36.715300077s err=workflow lease is held
mixed	Replay consecutive mixed workflow seeds	2026-10-01T03:33:12.2579840Z     mixed_process_chaos_test.go:878: slow mixedsignal/mixed-06-0 dispatch worker=mixed-before stage=fetched run_seq=99 delivery=8 since_enabled=38.127461046s err=
mixed	Replay consecutive mixed workflow seeds	2026-10-01T03:33:12.2582213Z     mixed_process_chaos_test.go:878: slow mixedsignal/mixed-06-0 dispatch worker=mixed-before stage=lease_held run_seq=99 delivery=8 since_enabled=38.161699624s err=workflow lease is held
mixed	Replay consecutive mixed workflow seeds	2026-10-01T03:33:12.2584259Z     mixed_process_chaos_test.go:878: slow mixedsignal/mixed-06-0 dispatch worker=mixed-before stage=fetched run_seq=100 delivery=8 since_enabled=38.553441682s err=
mixed	Replay consecutive mixed workflow seeds	2026-10-01T03:33:12.2586012Z     mixed_process_chaos_test.go:878: slow mixedsignal/mixed-06-0 dispatch worker=mixed-before stage=lease_held run_seq=100 delivery=8 since_enabled=38.55668833s err=workflow lease is held
mixed	Replay consecutive mixed workflow seeds	2026-10-01T03:33:12.2587779Z     mixed_process_chaos_test.go:878: slow mixedsignal/mixed-06-0 dispatch worker=mixed-before stage=fetched run_seq=101 delivery=8 since_enabled=38.895184688s err=
mixed	Replay consecutive mixed workflow seeds	2026-10-01T03:33:12.2590791Z     mixed_process_chaos_test.go:878: slow mixedsignal/mixed-06-0 dispatch worker=mixed-before stage=lease_held run_seq=101 delivery=8 since_enabled=38.937383843s err=workflow lease is held
mixed	Replay consecutive mixed workflow seeds	2026-10-01T03:33:12.2593514Z     mixed_process_chaos_test.go:878: slow mixedsignal/mixed-06-0 dispatch worker=mixed-before stage=fetched run_seq=102 delivery=8 since_enabled=39.109620264s err=
mixed	Replay consecutive mixed workflow seeds	2026-10-01T03:33:12.2596278Z     mixed_process_chaos_test.go:878: slow mixedsignal/mixed-06-0 dispatch worker=mixed-before stage=lease_held run_seq=102 delivery=8 since_enabled=39.112388222s err=workflow lease is held
mixed	Replay consecutive mixed workflow seeds	2026-10-01T03:33:12.2598977Z     mixed_process_chaos_test.go:878: slow mixedsignal/mixed-06-0 dispatch worker=mixed-before stage=fetched run_seq=104 delivery=8 since_enabled=39.284500459s err=
mixed	Replay consecutive mixed workflow seeds	2026-10-01T03:33:12.2601035Z     mixed_process_chaos_test.go:878: slow mixedsignal/mixed-06-0 dispatch worker=mixed-before stage=lease_held run_seq=104 delivery=8 since_enabled=39.287779741s err=workflow lease is held
mixed	Replay consecutive mixed workflow seeds	2026-10-01T03:33:12.2602795Z     mixed_process_chaos_test.go:878: slow mixedsignal/mixed-06-0 dispatch worker=mixed-after stage=released run_seq=98 delivery=1 since_enabled=39.395134943s err=
mixed	Replay consecutive mixed workflow seeds	2026-10-01T03:33:12.2604897Z     mixed_process_chaos_test.go:878: slow mixedsignal/mixed-06-0 dispatch worker=mixed-after stage=ack run_seq=98 delivery=1 since_enabled=39.395137748s err=
mixed	Replay consecutive mixed workflow seeds	2026-10-01T03:33:12.2606568Z     mixed_process_chaos_test.go:878: slow mixedsignal/mixed-06-0 dispatch worker=mixed-before stage=fetched run_seq=105 delivery=8 since_enabled=39.457293818s err=
mixed	Replay consecutive mixed workflow seeds	2026-10-01T03:33:12.2608331Z     mixed_process_chaos_test.go:878: slow mixedsignal/mixed-06-0 dispatch worker=mixed-before stage=lease_acquired run_seq=105 delivery=8 since_enabled=39.459373794s err=
mixed	Replay consecutive mixed workflow seeds	2026-10-01T03:33:12.2610366Z     mixed_process_chaos_test.go:878: slow mixedsignal/mixed-06-0 dispatch worker=mixed-before stage=released run_seq=105 delivery=8 since_enabled=39.475672347s err=
mixed	Replay consecutive mixed workflow seeds	2026-10-01T03:33:12.2612320Z     mixed_process_chaos_test.go:878: slow mixedsignal/mixed-06-0 dispatch worker=mixed-before stage=ack run_seq=105 delivery=8 since_enabled=39.475679471s err=
mixed	Replay consecutive mixed workflow seeds	2026-10-01T03:33:12.2614593Z     mixed_process_chaos_test.go:878: slow mixedsignal/mixed-06-0 dispatch worker=mixed-after stage=fetched run_seq=106 delivery=8 since_enabled=39.75236983s err=
mixed	Replay consecutive mixed workflow seeds	2026-10-01T03:33:12.2616695Z     mixed_process_chaos_test.go:878: slow mixedsignal/mixed-06-0 dispatch worker=mixed-after stage=lease_acquired run_seq=106 delivery=8 since_enabled=39.757197646s err=
mixed	Replay consecutive mixed workflow seeds	2026-10-01T03:33:12.2618939Z     mixed_process_chaos_test.go:878: slow mixedsignal/mixed-06-0 dispatch worker=mixed-after stage=released run_seq=106 delivery=8 since_enabled=39.799248332s err=
mixed	Replay consecutive mixed workflow seeds	2026-10-01T03:33:12.2621099Z     mixed_process_chaos_test.go:878: slow mixedsignal/mixed-06-0 dispatch worker=mixed-after stage=ack run_seq=106 delivery=8 since_enabled=39.799250396s err=
mixed	Replay consecutive mixed workflow seeds	2026-10-01T03:33:12.2623189Z     mixed_process_chaos_test.go:878: slow mixedsignal/mixed-06-0 dispatch worker=mixed-before stage=fetched run_seq=107 delivery=8 since_enabled=39.927053586s err=
mixed	Replay consecutive mixed workflow seeds	2026-10-01T03:33:12.2625386Z     mixed_process_chaos_test.go:878: slow mixedsignal/mixed-06-0 dispatch worker=mixed-before stage=lease_acquired run_seq=107 delivery=8 since_enabled=39.930839489s err=
mixed	Replay consecutive mixed workflow seeds	2026-10-01T03:33:12.2627749Z     mixed_process_chaos_test.go:878: slow mixedsignal/mixed-06-0 dispatch worker=mixed-before stage=released run_seq=107 delivery=8 since_enabled=39.960265778s err=
mixed	Replay consecutive mixed workflow seeds	2026-10-01T03:33:12.2630574Z     mixed_process_chaos_test.go:878: slow mixedsignal/mixed-06-0 dispatch worker=mixed-before stage=ack run_seq=107 delivery=8 since_enabled=39.960267932s err=
mixed	Replay consecutive mixed workflow seeds	2026-10-01T03:33:12.2632387Z     mixed_process_chaos_test.go:878: slow mixedsignal/mixed-06-0 dispatch worker=mixed-after stage=fetched run_seq=108 delivery=8 since_enabled=40.101417766s err=
mixed	Replay consecutive mixed workflow seeds	2026-10-01T03:33:12.2634903Z     mixed_process_chaos_test.go:878: slow mixedsignal/mixed-06-0 dispatch worker=mixed-after stage=lease_acquired run_seq=108 delivery=8 since_enabled=40.103999656s err=
mixed	Replay consecutive mixed workflow seeds	2026-10-01T03:33:12.2637368Z     mixed_process_chaos_test.go:878: slow mixedsignal/mixed-06-0 dispatch worker=mixed-after stage=released run_seq=108 delivery=8 since_enabled=40.137653587s err=
mixed	Replay consecutive mixed workflow seeds	2026-10-01T03:33:12.2639814Z     mixed_process_chaos_test.go:878: slow mixedsignal/mixed-06-0 dispatch worker=mixed-after stage=ack run_seq=108 delivery=8 since_enabled=40.137655691s err=
mixed	Replay consecutive mixed workflow seeds	2026-10-01T03:33:12.2641970Z     mixed_process_chaos_test.go:878: slow mixedsignal/mixed-06-0 dispatch worker=mixed-before stage=fetched run_seq=109 delivery=8 since_enabled=40.431843431s err=
mixed	Replay consecutive mixed workflow seeds	2026-10-01T03:33:12.2643464Z     mixed_process_chaos_test.go:878: slow mixedsignal/mixed-06-0 dispatch worker=mixed-before stage=lease_acquired run_seq=109 delivery=8 since_enabled=40.434497068s err=
mixed	Replay consecutive mixed workflow seeds	2026-10-01T03:33:12.2644942Z     mixed_process_chaos_test.go:878: slow mixedsignal/mixed-06-0 dispatch worker=mixed-before stage=released run_seq=109 delivery=8 since_enabled=40.46359895s err=
mixed	Replay consecutive mixed workflow seeds	2026-10-01T03:33:12.2646368Z     mixed_process_chaos_test.go:878: slow mixedsignal/mixed-06-0 dispatch worker=mixed-before stage=ack run_seq=109 delivery=8 since_enabled=40.463600743s err=
mixed	Replay consecutive mixed workflow seeds	2026-10-01T03:33:12.2647927Z     mixed_process_chaos_test.go:878: slow mixedsignal/mixed-06-0 dispatch worker=mixed-after stage=fetched run_seq=110 delivery=8 since_enabled=40.772189302s err=
mixed	Replay consecutive mixed workflow seeds	2026-10-01T03:33:12.2649659Z     mixed_process_chaos_test.go:878: slow mixedsignal/mixed-06-0 dispatch worker=mixed-after stage=lease_acquired run_seq=110 delivery=8 since_enabled=40.773784879s err=
mixed	Replay consecutive mixed workflow seeds	2026-10-01T03:33:12.2652286Z     mixed_process_chaos_test.go:878: slow mixedsignal/mixed-06-0 dispatch worker=mixed-after stage=released run_seq=110 delivery=8 since_enabled=40.809106323s err=
mixed	Replay consecutive mixed workflow seeds	2026-10-01T03:33:12.2654735Z     mixed_process_chaos_test.go:878: slow mixedsignal/mixed-06-0 dispatch worker=mixed-after stage=ack run_seq=110 delivery=8 since_enabled=40.809113006s err=
mixed	Replay consecutive mixed workflow seeds	2026-10-01T03:33:12.2657514Z     mixed_process_chaos_test.go:878: slow mixedsignal/mixed-06-0 dispatch worker=mixed-before stage=fetched run_seq=111 delivery=8 since_enabled=41.114324997s err=
mixed	Replay consecutive mixed workflow seeds	2026-10-01T03:33:12.2659482Z     mixed_process_chaos_test.go:878: slow mixedsignal/mixed-06-0 dispatch worker=mixed-before stage=lease_acquired run_seq=111 delivery=8 since_enabled=41.11779891s err=
mixed	Replay consecutive mixed workflow seeds	2026-10-01T03:33:12.2661206Z     mixed_process_chaos_test.go:878: slow mixedsignal/mixed-06-0 dispatch worker=mixed-before stage=released run_seq=111 delivery=8 since_enabled=41.136775716s err=
mixed	Replay consecutive mixed workflow seeds	2026-10-01T03:33:12.2662448Z     mixed_process_chaos_test.go:878: slow mixedsignal/mixed-06-0 dispatch worker=mixed-before stage=ack run_seq=111 delivery=8 since_enabled=41.136780936s err=
mixed	Replay consecutive mixed workflow seeds	2026-10-01T03:33:12.2663663Z     mixed_process_chaos_test.go:878: slow mixedsignal/mixed-06-0 dispatch worker=mixed-after stage=fetched run_seq=112 delivery=8 since_enabled=41.205239549s err=
mixed	Replay consecutive mixed workflow seeds	2026-10-01T03:33:12.2664909Z     mixed_process_chaos_test.go:878: slow mixedsignal/mixed-06-0 dispatch worker=mixed-after stage=lease_acquired run_seq=112 delivery=8 since_enabled=41.206824849s err=
mixed	Replay consecutive mixed workflow seeds	2026-10-01T03:33:12.2666161Z     mixed_process_chaos_test.go:878: slow mixedsignal/mixed-06-0 dispatch worker=mixed-after stage=released run_seq=112 delivery=8 since_enabled=41.233370808s err=
mixed	Replay consecutive mixed workflow seeds	2026-10-01T03:33:12.2667371Z     mixed_process_chaos_test.go:878: slow mixedsignal/mixed-06-0 dispatch worker=mixed-after stage=ack run_seq=112 delivery=8 since_enabled=41.233372782s err=
mixed	Replay consecutive mixed workflow seeds	2026-10-01T03:33:12.2668756Z     mixed_process_chaos_test.go:878: slow mixedsignal/mixed-06-0 dispatch worker=mixed-before stage=fetched run_seq=113 delivery=8 since_enabled=41.455882902s err=
mixed	Replay consecutive mixed workflow seeds	2026-10-01T03:33:12.2670149Z     mixed_process_chaos_test.go:878: slow mixedsignal/mixed-06-0 dispatch worker=mixed-before stage=lease_acquired run_seq=113 delivery=8 since_enabled=41.45813389s err=
mixed	Replay consecutive mixed workflow seeds	2026-10-01T03:33:12.2671416Z     mixed_process_chaos_test.go:878: slow mixedsignal/mixed-06-0 dispatch worker=mixed-before stage=released run_seq=113 delivery=8 since_enabled=41.47841672s err=
mixed	Replay consecutive mixed workflow seeds	2026-10-01T03:33:12.2672625Z     mixed_process_chaos_test.go:878: slow mixedsignal/mixed-06-0 dispatch worker=mixed-before stage=ack run_seq=113 delivery=8 since_enabled=41.478425236s err=
mixed	Replay consecutive mixed workflow seeds	2026-10-01T03:33:12.2673831Z     mixed_process_chaos_test.go:878: slow mixedsignal/mixed-06-0 dispatch worker=mixed-after stage=fetched run_seq=114 delivery=8 since_enabled=41.717215802s err=
mixed	Replay consecutive mixed workflow seeds	2026-10-01T03:33:12.2675072Z     mixed_process_chaos_test.go:878: slow mixedsignal/mixed-06-0 dispatch worker=mixed-after stage=lease_acquired run_seq=114 delivery=8 since_enabled=41.718706093s err=
mixed	Replay consecutive mixed workflow seeds	2026-10-01T03:33:12.2676311Z     mixed_process_chaos_test.go:878: slow mixedsignal/mixed-06-0 dispatch worker=mixed-after stage=released run_seq=114 delivery=8 since_enabled=41.744199248s err=
mixed	Replay consecutive mixed workflow seeds	2026-10-01T03:33:12.2677512Z     mixed_process_chaos_test.go:878: slow mixedsignal/mixed-06-0 dispatch worker=mixed-after stage=ack run_seq=114 delivery=8 since_enabled=41.744208525s err=
mixed	Replay consecutive mixed workflow seeds	2026-10-01T03:33:12.2679236Z     mixed_process_chaos_test.go:889: slow mixedsignal/mixed-06-0 operation worker=mixed-before name=lease_acquire run_seq=99 delivery=1 index=0 kind= since_enabled=253.282793ms duration=85.343176ms lease_gate=0s lease_update=0s lease_update_attempted=false err=workflow lease is held
mixed	Replay consecutive mixed workflow seeds	2026-10-01T03:33:12.2681488Z     mixed_process_chaos_test.go:889: slow mixedsignal/mixed-06-0 operation worker=mixed-before name=lease_acquire run_seq=100 delivery=1 index=0 kind= since_enabled=430.744644ms duration=4.682744ms lease_gate=0s lease_update=0s lease_update_attempted=false err=workflow lease is held
mixed	Replay consecutive mixed workflow seeds	2026-10-01T03:33:12.2683523Z     mixed_process_chaos_test.go:889: slow mixedsignal/mixed-06-0 operation worker=mixed-after name=lease_acquire run_seq=98 delivery=1 index=0 kind= since_enabled=590.235323ms duration=1.973039969s lease_gate=0s lease_update=0s lease_update_attempted=false err=
mixed	Replay consecutive mixed workflow seeds	2026-10-01T03:33:12.2685592Z     mixed_process_chaos_test.go:889: slow mixedsignal/mixed-06-0 operation worker=mixed-after name=journal_read run_seq=98 delivery=1 index=0 kind= since_enabled=594.308663ms duration=4.06768ms lease_gate=0s lease_update=0s lease_update_attempted=false err=
mixed	Replay consecutive mixed workflow seeds	2026-10-01T03:33:12.2687537Z     mixed_process_chaos_test.go:889: slow mixedsignal/mixed-06-0 operation worker=mixed-after name=invocation_read run_seq=98 delivery=1 index=0 kind= since_enabled=595.679691ms duration=1.370226ms lease_gate=0s lease_update=0s lease_update_attempted=false err=
mixed	Replay consecutive mixed workflow seeds	2026-10-01T03:33:12.2689989Z     mixed_process_chaos_test.go:889: slow mixedsignal/mixed-06-0 operation worker=mixed-after name=signal_info run_seq=98 delivery=1 index=0 kind= since_enabled=597.192541ms duration=1.499235ms lease_gate=0s lease_update=0s lease_update_attempted=false err=
mixed	Replay consecutive mixed workflow seeds	2026-10-01T03:33:12.2692446Z     mixed_process_chaos_test.go:889: slow mixedsignal/mixed-06-0 operation worker=mixed-after name=signal_read run_seq=98 delivery=1 index=0 kind= since_enabled=597.995979ms duration=797.877µs lease_gate=0s lease_update=0s lease_update_attempted=false err=
mixed	Replay consecutive mixed workflow seeds	2026-10-01T03:33:12.2694553Z     mixed_process_chaos_test.go:889: slow mixedsignal/mixed-06-0 operation worker=mixed-before name=lease_acquire run_seq=101 delivery=1 index=0 kind= since_enabled=605.937104ms duration=2.99731ms lease_gate=0s lease_update=0s lease_update_attempted=false err=workflow lease is held
mixed	Replay consecutive mixed workflow seeds	2026-10-01T03:33:12.2697028Z     mixed_process_chaos_test.go:889: slow mixedsignal/mixed-06-0 operation worker=mixed-before name=lease_acquire run_seq=102 delivery=1 index=0 kind= since_enabled=854.709494ms duration=77.165431ms lease_gate=0s lease_update=0s lease_update_attempted=false err=workflow lease is held
mixed	Replay consecutive mixed workflow seeds	2026-10-01T03:33:12.2699807Z     mixed_process_chaos_test.go:889: slow mixedsignal/mixed-06-0 operation worker=mixed-before name=lease_acquire run_seq=104 delivery=1 index=0 kind= since_enabled=1.107799042s duration=80.931535ms lease_gate=0s lease_update=0s lease_update_attempted=false err=workflow lease is held
mixed	Replay consecutive mixed workflow seeds	2026-10-01T03:33:12.2702407Z     mixed_process_chaos_test.go:889: slow mixedsignal/mixed-06-0 operation worker=mixed-before name=lease_acquire run_seq=105 delivery=1 index=0 kind= since_enabled=1.196962832s duration=2.611705ms lease_gate=0s lease_update=0s lease_update_attempted=false err=workflow lease is held
mixed	Replay consecutive mixed workflow seeds	2026-10-01T03:33:12.2704571Z     mixed_process_chaos_test.go:889: slow mixedsignal/mixed-06-0 operation worker=mixed-before name=lease_acquire run_seq=106 delivery=1 index=0 kind= since_enabled=1.371518668s duration=2.963027ms lease_gate=0s lease_update=0s lease_update_attempted=false err=workflow lease is held
mixed	Replay consecutive mixed workflow seeds	2026-10-01T03:33:12.2707005Z     mixed_process_chaos_test.go:889: slow mixedsignal/mixed-06-0 operation worker=mixed-after name=lease_renew_append run_seq=98 delivery=1 index=3 kind=SignalConsumed since_enabled=1.529723501s duration=931.716021ms lease_gate=1.142µs lease_update=931.703428ms lease_update_attempted=true err=
mixed	Replay consecutive mixed workflow seeds	2026-10-01T03:33:12.2709168Z     mixed_process_chaos_test.go:889: slow mixedsignal/mixed-06-0 operation worker=mixed-after name=journal_append run_seq=98 delivery=1 index=3 kind=SignalConsumed since_enabled=1.541086804s duration=11.362982ms lease_gate=0s lease_update=0s lease_update_attempted=false err=
mixed	Replay consecutive mixed workflow seeds	2026-10-01T03:33:12.2711591Z     mixed_process_chaos_test.go:889: slow mixedsignal/mixed-06-0 operation worker=mixed-after name=signal_read run_seq=98 delivery=1 index=0 kind= since_enabled=1.541943245s duration=851.943µs lease_gate=0s lease_update=0s lease_update_attempted=false err=
mixed	Replay consecutive mixed workflow seeds	2026-10-01T03:33:12.2713659Z     mixed_process_chaos_test.go:889: slow mixedsignal/mixed-06-0 operation worker=mixed-before name=lease_acquire run_seq=107 delivery=1 index=0 kind= since_enabled=1.620563669s duration=75.961092ms lease_gate=0s lease_update=0s lease_update_attempted=false err=workflow lease is held
mixed	Replay consecutive mixed workflow seeds	2026-10-01T03:33:12.2715799Z     mixed_process_chaos_test.go:889: slow mixedsignal/mixed-06-0 operation worker=mixed-before name=lease_acquire run_seq=108 delivery=1 index=0 kind= since_enabled=1.786841368s duration=79.966978ms lease_gate=0s lease_update=0s lease_update_attempted=false err=workflow lease is held
mixed	Replay consecutive mixed workflow seeds	2026-10-01T03:33:12.2718095Z     mixed_process_chaos_test.go:889: slow mixedsignal/mixed-06-0 operation worker=mixed-before name=lease_acquire run_seq=109 delivery=1 index=0 kind= since_enabled=1.961989976s duration=3.002442ms lease_gate=0s lease_update=0s lease_update_attempted=false err=workflow lease is held
mixed	Replay consecutive mixed workflow seeds	2026-10-01T03:33:12.2720971Z     mixed_process_chaos_test.go:889: slow mixedsignal/mixed-06-0 operation worker=mixed-before name=lease_acquire run_seq=110 delivery=1 index=0 kind= since_enabled=2.136716141s duration=2.987784ms lease_gate=0s lease_update=0s lease_update_attempted=false err=workflow lease is held
mixed	Replay consecutive mixed workflow seeds	2026-10-01T03:33:12.2723162Z     mixed_process_chaos_test.go:889: slow mixedsignal/mixed-06-0 operation worker=mixed-before name=lease_acquire run_seq=111 delivery=1 index=0 kind= since_enabled=2.311145616s duration=2.69483ms lease_gate=0s lease_update=0s lease_update_attempted=false err=workflow lease is held
mixed	Replay consecutive mixed workflow seeds	2026-10-01T03:33:12.2725571Z     mixed_process_chaos_test.go:889: slow mixedsignal/mixed-06-0 operation worker=mixed-after name=lease_renew_append run_seq=98 delivery=1 index=4 kind=SignalConsumed since_enabled=2.384416415s duration=842.45738ms lease_gate=1.203µs lease_update=842.447671ms lease_update_attempted=true err=
mixed	Replay consecutive mixed workflow seeds	2026-10-01T03:33:12.2727714Z     mixed_process_chaos_test.go:889: slow mixedsignal/mixed-06-0 operation worker=mixed-after name=journal_append run_seq=98 delivery=1 index=4 kind=SignalConsumed since_enabled=2.39005752s duration=5.640854ms lease_gate=0s lease_update=0s lease_update_attempted=false err=
mixed	Replay consecutive mixed workflow seeds	2026-10-01T03:33:12.2730385Z     mixed_process_chaos_test.go:889: slow mixedsignal/mixed-06-0 operation worker=mixed-after name=signal_read run_seq=98 delivery=1 index=0 kind= since_enabled=2.390843128s duration=781.37µs lease_gate=0s lease_update=0s lease_update_attempted=false err=
mixed	Replay consecutive mixed workflow seeds	2026-10-01T03:33:12.2732483Z     mixed_process_chaos_test.go:889: slow mixedsignal/mixed-06-0 operation worker=mixed-before name=lease_acquire run_seq=112 delivery=1 index=0 kind= since_enabled=2.48553637s duration=2.721629ms lease_gate=0s lease_update=0s lease_update_attempted=false err=workflow lease is held
mixed	Replay consecutive mixed workflow seeds	2026-10-01T03:33:12.2734622Z     mixed_process_chaos_test.go:889: slow mixedsignal/mixed-06-0 operation worker=mixed-before name=lease_acquire run_seq=113 delivery=1 index=0 kind= since_enabled=2.660908048s duration=3.309235ms lease_gate=0s lease_update=0s lease_update_attempted=false err=workflow lease is held
mixed	Replay consecutive mixed workflow seeds	2026-10-01T03:33:12.2737167Z     mixed_process_chaos_test.go:889: slow mixedsignal/mixed-06-0 operation worker=mixed-before name=lease_acquire run_seq=114 delivery=1 index=0 kind= since_enabled=2.836830021s duration=3.283296ms lease_gate=0s lease_update=0s lease_update_attempted=false err=workflow lease is held
mixed	Replay consecutive mixed workflow seeds	2026-10-01T03:33:12.2739760Z     mixed_process_chaos_test.go:889: slow mixedsignal/mixed-06-0 operation worker=mixed-after name=lease_renew_append run_seq=98 delivery=1 index=5 kind=SignalConsumed since_enabled=3.239288523s duration=848.436338ms lease_gate=871ns lease_update=848.429776ms lease_update_attempted=true err=
mixed	Replay consecutive mixed workflow seeds	2026-10-01T03:33:12.2743223Z     mixed_process_chaos_test.go:889: slow mixedsignal/mixed-06-0 operation worker=mixed-after name=journal_append run_seq=98 delivery=1 index=5 kind=SignalConsumed since_enabled=3.284837788s duration=45.549024ms lease_gate=0s lease_update=0s lease_update_attempted=false err=
mixed	Replay consecutive mixed workflow seeds	2026-10-01T03:33:12.2746923Z     mixed_process_chaos_test.go:889: slow mixedsignal/mixed-06-0 operation worker=mixed-after name=signal_read run_seq=98 delivery=1 index=0 kind= since_enabled=3.288937235s duration=4.096191ms lease_gate=0s lease_update=0s lease_update_attempted=false err=
mixed	Replay consecutive mixed workflow seeds	2026-10-01T03:33:12.2751923Z     mixed_process_chaos_test.go:889: slow mixedsignal/mixed-06-0 operation worker=mixed-after name=lease_renew_append run_seq=98 delivery=1 index=6 kind=SignalConsumed since_enabled=4.519568035s duration=1.230621081s lease_gate=1.172µs lease_update=1.230605352s lease_update_attempted=true err=
mixed	Replay consecutive mixed workflow seeds	2026-10-01T03:33:12.2756466Z     mixed_process_chaos_test.go:889: slow mixedsignal/mixed-06-0 operation worker=mixed-after name=lease_heartbeat_recent run_seq=98 delivery=1 index=0 kind= since_enabled=4.519602409s duration=929.260373ms lease_gate=929.245917ms lease_update=0s lease_update_attempted=false err=
mixed	Replay consecutive mixed workflow seeds	2026-10-01T03:33:12.2760594Z     mixed_process_chaos_test.go:889: slow mixedsignal/mixed-06-0 operation worker=mixed-after name=journal_append run_seq=98 delivery=1 index=6 kind=SignalConsumed since_enabled=4.5220616s duration=2.493265ms lease_gate=0s lease_update=0s lease_update_attempted=false err=
mixed	Replay consecutive mixed workflow seeds	2026-10-01T03:33:12.2764122Z     mixed_process_chaos_test.go:889: slow mixedsignal/mixed-06-0 operation worker=mixed-after name=signal_read run_seq=98 delivery=1 index=0 kind= since_enabled=4.522709707s duration=643.939µs lease_gate=0s lease_update=0s lease_update_attempted=false err=
mixed	Replay consecutive mixed workflow seeds	2026-10-01T03:33:12.2767537Z     mixed_process_chaos_test.go:889: slow mixedsignal/mixed-06-0 operation worker=mixed-after name=lease_renew_append run_seq=98 delivery=1 index=7 kind=SignalConsumed since_enabled=5.969965069s duration=1.447242638s lease_gate=1.262µs lease_update=1.447226027s lease_update_attempted=true err=
mixed	Replay consecutive mixed workflow seeds	2026-10-01T03:33:12.2772159Z     mixed_process_chaos_test.go:889: slow mixedsignal/mixed-06-0 operation worker=mixed-after name=journal_append run_seq=98 delivery=1 index=7 kind=SignalConsumed since_enabled=5.973169881s duration=3.20405ms lease_gate=0s lease_update=0s lease_update_attempted=false err=
mixed	Replay consecutive mixed workflow seeds	2026-10-01T03:33:12.2776757Z     mixed_process_chaos_test.go:889: slow mixedsignal/mixed-06-0 operation worker=mixed-after name=signal_read run_seq=98 delivery=1 index=0 kind= since_enabled=5.97388284s duration=705.365µs lease_gate=0s lease_update=0s lease_update_attempted=false err=
mixed	Replay consecutive mixed workflow seeds	2026-10-01T03:33:12.2781619Z     mixed_process_chaos_test.go:889: slow mixedsignal/mixed-06-0 operation worker=mixed-after name=lease_renew_append run_seq=98 delivery=1 index=8 kind=SignalConsumed since_enabled=7.337721251s duration=1.3638266s lease_gate=2.014µs lease_update=1.363804989s lease_update_attempted=true err=
mixed	Replay consecutive mixed workflow seeds	2026-10-01T03:33:12.2786029Z     mixed_process_chaos_test.go:889: slow mixedsignal/mixed-06-0 operation worker=mixed-after name=lease_heartbeat_recent run_seq=98 delivery=1 index=0 kind= since_enabled=7.337788087s duration=747.095875ms lease_gate=747.089012ms lease_update=0s lease_update_attempted=false err=
mixed	Replay consecutive mixed workflow seeds	2026-10-01T03:33:12.2790149Z     mixed_process_chaos_test.go:889: slow mixedsignal/mixed-06-0 operation worker=mixed-after name=journal_append run_seq=98 delivery=1 index=8 kind=SignalConsumed since_enabled=7.340924591s duration=3.202758ms lease_gate=0s lease_update=0s lease_update_attempted=false err=
mixed	Replay consecutive mixed workflow seeds	2026-10-01T03:33:12.2794191Z     mixed_process_chaos_test.go:889: slow mixedsignal/mixed-06-0 operation worker=mixed-after name=signal_read run_seq=98 delivery=1 index=0 kind= since_enabled=7.341698131s duration=768.32µs lease_gate=0s lease_update=0s lease_update_attempted=false err=
mixed	Replay consecutive mixed workflow seeds	2026-10-01T03:33:12.2798189Z     mixed_process_chaos_test.go:889: slow mixedsignal/mixed-06-0 operation worker=mixed-before name=lease_acquire run_seq=99 delivery=2 index=0 kind= since_enabled=7.427060505s duration=3.058437ms lease_gate=0s lease_update=0s lease_update_attempted=false err=workflow lease is held
mixed	Replay consecutive mixed workflow seeds	2026-10-01T03:33:12.2802758Z     mixed_process_chaos_test.go:889: slow mixedsignal/mixed-06-0 operation worker=mixed-before name=lease_acquire run_seq=100 delivery=2 index=0 kind= since_enabled=7.683678302s duration=3.348558ms lease_gate=0s lease_update=0s lease_update_attempted=false err=workflow lease is held
mixed	Replay consecutive mixed workflow seeds	2026-10-01T03:33:12.2806712Z     mixed_process_chaos_test.go:889: slow mixedsignal/mixed-06-0 operation worker=mixed-before name=lease_acquire run_seq=101 delivery=2 index=0 kind= since_enabled=7.857674511s duration=2.279955ms lease_gate=0s lease_update=0s lease_update_attempted=false err=workflow lease is held
mixed	Replay consecutive mixed workflow seeds	2026-10-01T03:33:12.2810934Z     mixed_process_chaos_test.go:889: slow mixedsignal/mixed-06-0 operation worker=mixed-before name=lease_acquire run_seq=102 delivery=2 index=0 kind= since_enabled=8.114688101s duration=3.060359ms lease_gate=0s lease_update=0s lease_update_attempted=false err=workflow lease is held
mixed	Replay consecutive mixed workflow seeds	2026-10-01T03:33:12.2814896Z     mixed_process_chaos_test.go:889: slow mixedsignal/mixed-06-0 operation worker=mixed-before name=lease_acquire run_seq=104 delivery=2 index=0 kind= since_enabled=8.289943463s duration=2.915256ms lease_gate=0s lease_update=0s lease_update_attempted=false err=workflow lease is held
mixed	Replay consecutive mixed workflow seeds	2026-10-01T03:33:12.2819207Z     mixed_process_chaos_test.go:889: slow mixedsignal/mixed-06-0 operation worker=mixed-before name=lease_acquire run_seq=105 delivery=2 index=0 kind= since_enabled=8.465637118s duration=3.294615ms lease_gate=0s lease_update=0s lease_update_attempted=false err=workflow lease is held
mixed	Replay consecutive mixed workflow seeds	2026-10-01T03:33:12.2823655Z     mixed_process_chaos_test.go:889: slow mixedsignal/mixed-06-0 operation worker=mixed-before name=lease_acquire run_seq=106 delivery=2 index=0 kind= since_enabled=8.640733602s duration=3.487532ms lease_gate=0s lease_update=0s lease_update_attempted=false err=workflow lease is held
mixed	Replay consecutive mixed workflow seeds	2026-10-01T03:33:12.2828324Z     mixed_process_chaos_test.go:889: slow mixedsignal/mixed-06-0 operation worker=mixed-after name=lease_renew_append run_seq=98 delivery=1 index=9 kind=SignalConsumed since_enabled=8.791497724s duration=1.449765108s lease_gate=1.202µs lease_update=1.449754287s lease_update_attempted=true err=
mixed	Replay consecutive mixed workflow seeds	2026-10-01T03:33:12.2832981Z     mixed_process_chaos_test.go:889: slow mixedsignal/mixed-06-0 operation worker=mixed-after name=journal_append run_seq=98 delivery=1 index=9 kind=SignalConsumed since_enabled=8.797306121s duration=5.786537ms lease_gate=0s lease_update=0s lease_update_attempted=false err=
mixed	Replay consecutive mixed workflow seeds	2026-10-01T03:33:12.2837939Z     mixed_process_chaos_test.go:889: slow mixedsignal/mixed-06-0 operation worker=mixed-after name=signal_read run_seq=98 delivery=1 index=0 kind= since_enabled=8.798300209s duration=986.373µs lease_gate=0s lease_update=0s lease_update_attempted=false err=
mixed	Replay consecutive mixed workflow seeds	2026-10-01T03:33:12.2842061Z     mixed_process_chaos_test.go:889: slow mixedsignal/mixed-06-0 operation worker=mixed-before name=lease_acquire run_seq=107 delivery=2 index=0 kind= since_enabled=8.883682099s duration=70.688501ms lease_gate=0s lease_update=0s lease_update_attempted=false err=workflow lease is held
mixed	Replay consecutive mixed workflow seeds	2026-10-01T03:33:12.2846234Z     mixed_process_chaos_test.go:889: slow mixedsignal/mixed-06-0 operation worker=mixed-before name=lease_acquire run_seq=108 delivery=2 index=0 kind= since_enabled=9.059071389s duration=3.001354ms lease_gate=0s lease_update=0s lease_update_attempted=false err=workflow lease is held
mixed	Replay consecutive mixed workflow seeds	2026-10-01T03:33:12.2850353Z     mixed_process_chaos_test.go:889: slow mixedsignal/mixed-06-0 operation worker=mixed-before name=lease_acquire run_seq=109 delivery=2 index=0 kind= since_enabled=9.307615768s duration=76.79401ms lease_gate=0s lease_update=0s lease_update_attempted=false err=workflow lease is held
mixed	Replay consecutive mixed workflow seeds	2026-10-01T03:33:12.2854757Z     mixed_process_chaos_test.go:889: slow mixedsignal/mixed-06-0 operation worker=mixed-before name=lease_acquire run_seq=110 delivery=2 index=0 kind= since_enabled=9.541972957s duration=3.365772ms lease_gate=0s lease_update=0s lease_update_attempted=false err=workflow lease is held
mixed	Replay consecutive mixed workflow seeds	2026-10-01T03:33:12.2859235Z     mixed_process_chaos_test.go:889: slow mixedsignal/mixed-06-0 operation worker=mixed-before name=lease_acquire run_seq=111 delivery=2 index=0 kind= since_enabled=9.716516008s duration=2.047475ms lease_gate=0s lease_update=0s lease_update_attempted=false err=workflow lease is held
mixed	Replay consecutive mixed workflow seeds	2026-10-01T03:33:12.2863942Z     mixed_process_chaos_test.go:889: slow mixedsignal/mixed-06-0 operation worker=mixed-before name=lease_acquire run_seq=112 delivery=2 index=0 kind= since_enabled=9.892671373s duration=3.999253ms lease_gate=0s lease_update=0s lease_update_attempted=false err=workflow lease is held
mixed	Replay consecutive mixed workflow seeds	2026-10-01T03:33:12.2868707Z     mixed_process_chaos_test.go:889: slow mixedsignal/mixed-06-0 operation worker=mixed-before name=lease_acquire run_seq=113 delivery=2 index=0 kind= since_enabled=10.068092014s duration=3.141272ms lease_gate=0s lease_update=0s lease_update_attempted=false err=workflow lease is held
mixed	Replay consecutive mixed workflow seeds	2026-10-01T03:33:12.2874149Z     mixed_process_chaos_test.go:889: slow mixedsignal/mixed-06-0 operation worker=mixed-after name=lease_renew_append run_seq=98 delivery=1 index=10 kind=SignalConsumed since_enabled=10.078096713s duration=1.279784021s lease_gate=1.412µs lease_update=1.279769885s lease_update_attempted=true err=
mixed	Replay consecutive mixed workflow seeds	2026-10-01T03:33:12.2878617Z     mixed_process_chaos_test.go:889: slow mixedsignal/mixed-06-0 operation worker=mixed-after name=lease_heartbeat_recent run_seq=98 delivery=1 index=0 kind= since_enabled=10.078145846s duration=487.127131ms lease_gate=487.12094ms lease_update=0s lease_update_attempted=false err=
mixed	Replay consecutive mixed workflow seeds	2026-10-01T03:33:12.2883169Z     mixed_process_chaos_test.go:889: slow mixedsignal/mixed-06-0 operation worker=mixed-after name=journal_append run_seq=98 delivery=1 index=10 kind=SignalConsumed since_enabled=10.102630436s duration=24.533462ms lease_gate=0s lease_update=0s lease_update_attempted=false err=
mixed	Replay consecutive mixed workflow seeds	2026-10-01T03:33:12.2887713Z     mixed_process_chaos_test.go:889: slow mixedsignal/mixed-06-0 operation worker=mixed-after name=signal_read run_seq=98 delivery=1 index=0 kind= since_enabled=10.103496913s duration=861.357µs lease_gate=0s lease_update=0s lease_update_attempted=false err=
mixed	Replay consecutive mixed workflow seeds	2026-10-01T03:33:12.2892249Z     mixed_process_chaos_test.go:889: slow mixedsignal/mixed-06-0 operation worker=mixed-before name=lease_acquire run_seq=114 delivery=2 index=0 kind= since_enabled=10.242689129s duration=2.802185ms lease_gate=0s lease_update=0s lease_update_attempted=false err=workflow lease is held
mixed	Replay consecutive mixed workflow seeds	2026-10-01T03:33:12.2897479Z     mixed_process_chaos_test.go:889: slow mixedsignal/mixed-06-0 operation worker=mixed-after name=lease_renew_append run_seq=98 delivery=1 index=11 kind=SignalConsumed since_enabled=11.358794177s duration=1.255287295s lease_gate=1.473µs lease_update=1.255277488s lease_update_attempted=true err=
mixed	Replay consecutive mixed workflow seeds	2026-10-01T03:33:12.2901862Z     mixed_process_chaos_test.go:889: slow mixedsignal/mixed-06-0 operation worker=mixed-after name=journal_append run_seq=98 delivery=1 index=11 kind=SignalConsumed since_enabled=11.385188999s duration=26.394281ms lease_gate=0s lease_update=0s lease_update_attempted=false err=
mixed	Replay consecutive mixed workflow seeds	2026-10-01T03:33:12.2906031Z     mixed_process_chaos_test.go:889: slow mixedsignal/mixed-06-0 operation worker=mixed-after name=signal_read run_seq=98 delivery=1 index=0 kind= since_enabled=11.386248369s duration=1.053529ms lease_gate=0s lease_update=0s lease_update_attempted=false err=
mixed	Replay consecutive mixed workflow seeds	2026-10-01T03:33:12.2911052Z     mixed_process_chaos_test.go:889: slow mixedsignal/mixed-06-0 operation worker=mixed-after name=lease_renew_append run_seq=98 delivery=1 index=12 kind=SignalConsumed since_enabled=12.553957951s duration=1.167695145s lease_gate=1.503µs lease_update=1.167683443s lease_update_attempted=true err=
mixed	Replay consecutive mixed workflow seeds	2026-10-01T03:33:12.2915517Z     mixed_process_chaos_test.go:889: slow mixedsignal/mixed-06-0 operation worker=mixed-before name=lease_acquire run_seq=99 delivery=3 index=0 kind= since_enabled=12.563285561s duration=3.32287ms lease_gate=0s lease_update=0s lease_update_attempted=false err=workflow lease is held
mixed	Replay consecutive mixed workflow seeds	2026-10-01T03:33:12.2919822Z     mixed_process_chaos_test.go:889: slow mixedsignal/mixed-06-0 operation worker=mixed-after name=journal_append run_seq=98 delivery=1 index=12 kind=SignalConsumed since_enabled=12.568444291s duration=14.486019ms lease_gate=0s lease_update=0s lease_update_attempted=false err=
mixed	Replay consecutive mixed workflow seeds	2026-10-01T03:33:12.2924147Z     mixed_process_chaos_test.go:889: slow mixedsignal/mixed-06-0 operation worker=mixed-after name=signal_read run_seq=98 delivery=1 index=0 kind= since_enabled=12.572365868s duration=3.916938ms lease_gate=0s lease_update=0s lease_update_attempted=false err=
mixed	Replay consecutive mixed workflow seeds	2026-10-01T03:33:12.2927852Z     mixed_process_chaos_test.go:889: slow mixedsignal/mixed-06-0 operation worker=mixed-before name=lease_acquire run_seq=100 delivery=3 index=0 kind= since_enabled=12.89972687s duration=79.60328ms lease_gate=0s lease_update=0s lease_update_attempted=false err=workflow lease is held
mixed	Replay consecutive mixed workflow seeds	2026-10-01T03:33:12.2931914Z     mixed_process_chaos_test.go:889: slow mixedsignal/mixed-06-0 operation worker=mixed-before name=lease_acquire run_seq=101 delivery=3 index=0 kind= since_enabled=13.074672276s duration=2.792095ms lease_gate=0s lease_update=0s lease_update_attempted=false err=workflow lease is held
mixed	Replay consecutive mixed workflow seeds	2026-10-01T03:33:12.2936317Z     mixed_process_chaos_test.go:889: slow mixedsignal/mixed-06-0 operation worker=mixed-before name=lease_acquire run_seq=102 delivery=3 index=0 kind= since_enabled=13.249240951s duration=3.015502ms lease_gate=0s lease_update=0s lease_update_attempted=false err=workflow lease is held
mixed	Replay consecutive mixed workflow seeds	2026-10-01T03:33:12.2941079Z     mixed_process_chaos_test.go:889: slow mixedsignal/mixed-06-0 operation worker=mixed-before name=lease_acquire run_seq=104 delivery=3 index=0 kind= since_enabled=13.586136354s duration=87.791975ms lease_gate=0s lease_update=0s lease_update_attempted=false err=workflow lease is held
mixed	Replay consecutive mixed workflow seeds	2026-10-01T03:33:12.2945445Z     mixed_process_chaos_test.go:889: slow mixedsignal/mixed-06-0 operation worker=mixed-before name=lease_acquire run_seq=105 delivery=3 index=0 kind= since_enabled=13.760885408s duration=2.784571ms lease_gate=0s lease_update=0s lease_update_attempted=false err=workflow lease is held
mixed	Replay consecutive mixed workflow seeds	2026-10-01T03:33:12.2950577Z     mixed_process_chaos_test.go:889: slow mixedsignal/mixed-06-0 operation worker=mixed-after name=lease_renew_append run_seq=98 delivery=1 index=13 kind=SignalConsumed since_enabled=13.839583641s duration=1.267204017s lease_gate=1.002µs lease_update=1.267195342s lease_update_attempted=true err=
mixed	Replay consecutive mixed workflow seeds	2026-10-01T03:33:12.2955203Z     mixed_process_chaos_test.go:889: slow mixedsignal/mixed-06-0 operation worker=mixed-after name=lease_heartbeat_recent run_seq=98 delivery=1 index=0 kind= since_enabled=13.839623556s duration=1.248657168s lease_gate=1.248652409s lease_update=0s lease_update_attempted=false err=
mixed	Replay consecutive mixed workflow seeds	2026-10-01T03:33:12.2959589Z     mixed_process_chaos_test.go:889: slow mixedsignal/mixed-06-0 operation worker=mixed-after name=journal_append run_seq=98 delivery=1 index=13 kind=SignalConsumed since_enabled=13.8438428s duration=4.258618ms lease_gate=0s lease_update=0s lease_update_attempted=false err=
mixed	Replay consecutive mixed workflow seeds	2026-10-01T03:33:12.2963193Z     mixed_process_chaos_test.go:889: slow mixedsignal/mixed-06-0 operation worker=mixed-after name=signal_read run_seq=98 delivery=1 index=0 kind= since_enabled=13.845664442s duration=1.817594ms lease_gate=0s lease_update=0s lease_update_attempted=false err=
mixed	Replay consecutive mixed workflow seeds	2026-10-01T03:33:12.2967028Z     mixed_process_chaos_test.go:889: slow mixedsignal/mixed-06-0 operation worker=mixed-before name=lease_acquire run_seq=106 delivery=3 index=0 kind= since_enabled=14.012343833s duration=79.33129ms lease_gate=0s lease_update=0s lease_update_attempted=false err=workflow lease is held
mixed	Replay consecutive mixed workflow seeds	2026-10-01T03:33:12.2970944Z     mixed_process_chaos_test.go:889: slow mixedsignal/mixed-06-0 operation worker=mixed-before name=lease_acquire run_seq=107 delivery=3 index=0 kind= since_enabled=14.187211803s duration=2.531735ms lease_gate=0s lease_update=0s lease_update_attempted=false err=workflow lease is held
mixed	Replay consecutive mixed workflow seeds	2026-10-01T03:33:12.2974376Z     mixed_process_chaos_test.go:889: slow mixedsignal/mixed-06-0 operation worker=mixed-before name=lease_acquire run_seq=108 delivery=3 index=0 kind= since_enabled=14.36127515s duration=2.050371ms lease_gate=0s lease_update=0s lease_update_attempted=false err=workflow lease is held
mixed	Replay consecutive mixed workflow seeds	2026-10-01T03:33:12.2977979Z     mixed_process_chaos_test.go:889: slow mixedsignal/mixed-06-0 operation worker=mixed-before name=lease_acquire run_seq=109 delivery=3 index=0 kind= since_enabled=14.713082501s duration=84.382155ms lease_gate=0s lease_update=0s lease_update_attempted=false err=workflow lease is held
mixed	Replay consecutive mixed workflow seeds	2026-10-01T03:33:12.2982409Z     mixed_process_chaos_test.go:889: slow mixedsignal/mixed-06-0 operation worker=mixed-before name=lease_acquire run_seq=110 delivery=3 index=0 kind= since_enabled=14.972078861s duration=87.02059ms lease_gate=0s lease_update=0s lease_update_attempted=false err=workflow lease is held
mixed	Replay consecutive mixed workflow seeds	2026-10-01T03:33:12.2987352Z     mixed_process_chaos_test.go:889: slow mixedsignal/mixed-06-0 operation worker=mixed-after name=lease_renew_append run_seq=98 delivery=1 index=14 kind=SignalConsumed since_enabled=15.053184354s duration=1.207506277s lease_gate=1.113µs lease_update=1.207496789s lease_update_attempted=true err=
mixed	Replay consecutive mixed workflow seeds	2026-10-01T03:33:12.2990718Z     mixed_process_chaos_test.go:889: slow mixedsignal/mixed-06-0 operation worker=mixed-after name=journal_append run_seq=98 delivery=1 index=14 kind=SignalConsumed since_enabled=15.055584785s duration=2.399619ms lease_gate=0s lease_update=0s lease_update_attempted=false err=
mixed	Replay consecutive mixed workflow seeds	2026-10-01T03:33:12.2994206Z     mixed_process_chaos_test.go:889: slow mixedsignal/mixed-06-0 operation worker=mixed-after name=signal_read run_seq=98 delivery=1 index=0 kind= since_enabled=15.056472671s duration=883.819µs lease_gate=0s lease_update=0s lease_update_attempted=false err=
mixed	Replay consecutive mixed workflow seeds	2026-10-01T03:33:12.2998161Z     mixed_process_chaos_test.go:889: slow mixedsignal/mixed-06-0 operation worker=mixed-before name=lease_acquire run_seq=111 delivery=3 index=0 kind= since_enabled=15.147750271s duration=2.659076ms lease_gate=0s lease_update=0s lease_update_attempted=false err=workflow lease is held
mixed	Replay consecutive mixed workflow seeds	2026-10-01T03:33:12.3002625Z     mixed_process_chaos_test.go:889: slow mixedsignal/mixed-06-0 operation worker=mixed-before name=lease_acquire run_seq=112 delivery=3 index=0 kind= since_enabled=15.40051119s duration=81.133734ms lease_gate=0s lease_update=0s lease_update_attempted=false err=workflow lease is held
mixed	Replay consecutive mixed workflow seeds	2026-10-01T03:33:12.3007641Z     mixed_process_chaos_test.go:889: slow mixedsignal/mixed-06-0 operation worker=mixed-before name=lease_acquire run_seq=113 delivery=3 index=0 kind= since_enabled=15.656970537s duration=84.598874ms lease_gate=0s lease_update=0s lease_update_attempted=false err=workflow lease is held
mixed	Replay consecutive mixed workflow seeds	2026-10-01T03:33:12.3012287Z     mixed_process_chaos_test.go:889: slow mixedsignal/mixed-06-0 operation worker=mixed-before name=lease_acquire run_seq=114 delivery=3 index=0 kind= since_enabled=15.909540585s duration=80.978222ms lease_gate=0s lease_update=0s lease_update_attempted=false err=workflow lease is held
mixed	Replay consecutive mixed workflow seeds	2026-10-01T03:33:12.3017192Z     mixed_process_chaos_test.go:889: slow mixedsignal/mixed-06-0 operation worker=mixed-after name=lease_renew_append run_seq=98 delivery=1 index=15 kind=SignalConsumed since_enabled=16.459325378s duration=1.402844371s lease_gate=902ns lease_update=1.402835364s lease_update_attempted=true err=
mixed	Replay consecutive mixed workflow seeds	2026-10-01T03:33:12.3022112Z     mixed_process_chaos_test.go:889: slow mixedsignal/mixed-06-0 operation worker=mixed-after name=lease_heartbeat_recent run_seq=98 delivery=1 index=0 kind= since_enabled=16.459362105s duration=868.433474ms lease_gate=868.426912ms lease_update=0s lease_update_attempted=false err=
mixed	Replay consecutive mixed workflow seeds	2026-10-01T03:33:12.3026682Z     mixed_process_chaos_test.go:889: slow mixedsignal/mixed-06-0 operation worker=mixed-after name=journal_append run_seq=98 delivery=1 index=15 kind=SignalConsumed since_enabled=16.462280559s duration=2.954419ms lease_gate=0s lease_update=0s lease_update_attempted=false err=
mixed	Replay consecutive mixed workflow seeds	2026-10-01T03:33:12.3031817Z     mixed_process_chaos_test.go:889: slow mixedsignal/mixed-06-0 operation worker=mixed-after name=signal_read run_seq=98 delivery=1 index=0 kind= since_enabled=16.46325087s duration=965.812µs lease_gate=0s lease_update=0s lease_update_attempted=false err=
mixed	Replay consecutive mixed workflow seeds	2026-10-01T03:33:12.3036242Z     mixed_process_chaos_test.go:889: slow mixedsignal/mixed-06-0 operation worker=mixed-before name=lease_acquire run_seq=99 delivery=4 index=0 kind= since_enabled=17.656146403s duration=5.184872ms lease_gate=0s lease_update=0s lease_update_attempted=false err=workflow lease is held
mixed	Replay consecutive mixed workflow seeds	2026-10-01T03:33:12.3041273Z     mixed_process_chaos_test.go:889: slow mixedsignal/mixed-06-0 operation worker=mixed-after name=lease_renew_append run_seq=98 delivery=1 index=16 kind=SignalConsumed since_enabled=17.995760169s duration=1.532498559s lease_gate=882ns lease_update=1.532489933s lease_update_attempted=true err=
mixed	Replay consecutive mixed workflow seeds	2026-10-01T03:33:12.3044346Z     mixed_process_chaos_test.go:889: slow mixedsignal/mixed-06-0 operation worker=mixed-before name=lease_acquire run_seq=100 delivery=4 index=0 kind= since_enabled=17.999877223s duration=13.515101ms lease_gate=0s lease_update=0s lease_update_attempted=false err=workflow lease is held
mixed	Replay consecutive mixed workflow seeds	2026-10-01T03:33:12.3048501Z     mixed_process_chaos_test.go:889: slow mixedsignal/mixed-06-0 operation worker=mixed-after name=journal_append run_seq=98 delivery=1 index=16 kind=SignalConsumed since_enabled=18.006548936s duration=10.787976ms lease_gate=0s lease_update=0s lease_update_attempted=false err=
mixed	Replay consecutive mixed workflow seeds	2026-10-01T03:33:12.3053156Z     mixed_process_chaos_test.go:889: slow mixedsignal/mixed-06-0 operation worker=mixed-after name=signal_read run_seq=98 delivery=1 index=0 kind= since_enabled=18.007476769s duration=923.094µs lease_gate=0s lease_update=0s lease_update_attempted=false err=
mixed	Replay consecutive mixed workflow seeds	2026-10-01T03:33:12.3057240Z     mixed_process_chaos_test.go:889: slow mixedsignal/mixed-06-0 operation worker=mixed-before name=lease_acquire run_seq=101 delivery=4 index=0 kind= since_enabled=18.175539944s duration=3.85557ms lease_gate=0s lease_update=0s lease_update_attempted=false err=workflow lease is held
mixed	Replay consecutive mixed workflow seeds	2026-10-01T03:33:12.3062238Z     mixed_process_chaos_test.go:889: slow mixedsignal/mixed-06-0 operation worker=mixed-before name=lease_acquire run_seq=102 delivery=4 index=0 kind= since_enabled=18.350909557s duration=3.531932ms lease_gate=0s lease_update=0s lease_update_attempted=false err=workflow lease is held
mixed	Replay consecutive mixed workflow seeds	2026-10-01T03:33:12.3079761Z     mixed_process_chaos_test.go:889: slow mixedsignal/mixed-06-0 operation worker=mixed-before name=lease_acquire run_seq=104 delivery=4 index=0 kind= since_enabled=18.676749782s duration=3.520064ms lease_gate=0s lease_update=0s lease_update_attempted=false err=workflow lease is held
mixed	Replay consecutive mixed workflow seeds	2026-10-01T03:33:12.3083935Z     mixed_process_chaos_test.go:889: slow mixedsignal/mixed-06-0 operation worker=mixed-before name=lease_acquire run_seq=105 delivery=4 index=0 kind= since_enabled=18.938250846s duration=89.758155ms lease_gate=0s lease_update=0s lease_update_attempted=false err=workflow lease is held
mixed	Replay consecutive mixed workflow seeds	2026-10-01T03:33:12.3087724Z     mixed_process_chaos_test.go:889: slow mixedsignal/mixed-06-0 operation worker=mixed-before name=lease_acquire run_seq=106 delivery=4 index=0 kind= since_enabled=19.113168285s duration=3.284118ms lease_gate=0s lease_update=0s lease_update_attempted=false err=workflow lease is held
mixed	Replay consecutive mixed workflow seeds	2026-10-01T03:33:12.3091121Z     mixed_process_chaos_test.go:889: slow mixedsignal/mixed-06-0 operation worker=mixed-before name=lease_acquire run_seq=107 delivery=4 index=0 kind= since_enabled=19.287927587s duration=2.93979ms lease_gate=0s lease_update=0s lease_update_attempted=false err=workflow lease is held
mixed	Replay consecutive mixed workflow seeds	2026-10-01T03:33:12.3095667Z     mixed_process_chaos_test.go:889: slow mixedsignal/mixed-06-0 operation worker=mixed-after name=lease_renew_append run_seq=98 delivery=1 index=17 kind=SignalConsumed since_enabled=19.446909198s duration=1.439418414s lease_gate=1.052µs lease_update=1.439407773s lease_update_attempted=true err=
mixed	Replay consecutive mixed workflow seeds	2026-10-01T03:33:12.3099235Z     mixed_process_chaos_test.go:889: slow mixedsignal/mixed-06-0 operation worker=mixed-after name=lease_heartbeat_recent run_seq=98 delivery=1 index=0 kind= since_enabled=19.446945958s duration=856.378296ms lease_gate=856.372304ms lease_update=0s lease_update_attempted=false err=
mixed	Replay consecutive mixed workflow seeds	2026-10-01T03:33:12.3102832Z     mixed_process_chaos_test.go:889: slow mixedsignal/mixed-06-0 operation worker=mixed-after name=journal_append run_seq=98 delivery=1 index=17 kind=SignalConsumed since_enabled=19.450032395s duration=3.122694ms lease_gate=0s lease_update=0s lease_update_attempted=false err=
mixed	Replay consecutive mixed workflow seeds	2026-10-01T03:33:12.3106545Z     mixed_process_chaos_test.go:889: slow mixedsignal/mixed-06-0 operation worker=mixed-after name=signal_read run_seq=98 delivery=1 index=0 kind= since_enabled=19.451098738s duration=1.05942ms lease_gate=0s lease_update=0s lease_update_attempted=false err=
mixed	Replay consecutive mixed workflow seeds	2026-10-01T03:33:12.3110859Z     mixed_process_chaos_test.go:889: slow mixedsignal/mixed-06-0 operation worker=mixed-before name=lease_acquire run_seq=108 delivery=4 index=0 kind= since_enabled=19.621599441s duration=77.599094ms lease_gate=0s lease_update=0s lease_update_attempted=false err=workflow lease is held
mixed	Replay consecutive mixed workflow seeds	2026-10-01T03:33:12.3114466Z     mixed_process_chaos_test.go:889: slow mixedsignal/mixed-06-0 operation worker=mixed-before name=lease_acquire run_seq=109 delivery=4 index=0 kind= since_enabled=19.883194836s duration=3.671276ms lease_gate=0s lease_update=0s lease_update_attempted=false err=workflow lease is held
mixed	Replay consecutive mixed workflow seeds	2026-10-01T03:33:12.3118088Z     mixed_process_chaos_test.go:889: slow mixedsignal/mixed-06-0 operation worker=mixed-before name=lease_acquire run_seq=110 delivery=4 index=0 kind= since_enabled=20.224083186s duration=83.35377ms lease_gate=0s lease_update=0s lease_update_attempted=false err=workflow lease is held
mixed	Replay consecutive mixed workflow seeds	2026-10-01T03:33:12.3121781Z     mixed_process_chaos_test.go:889: slow mixedsignal/mixed-06-0 operation worker=mixed-before name=lease_acquire run_seq=111 delivery=4 index=0 kind= since_enabled=20.483748206s duration=3.443299ms lease_gate=0s lease_update=0s lease_update_attempted=false err=workflow lease is held
mixed	Replay consecutive mixed workflow seeds	2026-10-01T03:33:12.3126274Z     mixed_process_chaos_test.go:889: slow mixedsignal/mixed-06-0 operation worker=mixed-after name=lease_renew_append run_seq=98 delivery=1 index=18 kind=SignalConsumed since_enabled=20.734712011s duration=1.283599116s lease_gate=1.203µs lease_update=1.283588777s lease_update_attempted=true err=
mixed	Replay consecutive mixed workflow seeds	2026-10-01T03:33:12.3130647Z     mixed_process_chaos_test.go:889: slow mixedsignal/mixed-06-0 operation worker=mixed-before name=lease_acquire run_seq=112 delivery=4 index=0 kind= since_enabled=20.740250858s duration=84.636836ms lease_gate=0s lease_update=0s lease_update_attempted=false err=workflow lease is held
mixed	Replay consecutive mixed workflow seeds	2026-10-01T03:33:12.3134144Z     mixed_process_chaos_test.go:889: slow mixedsignal/mixed-06-0 operation worker=mixed-after name=journal_append run_seq=98 delivery=1 index=18 kind=SignalConsumed since_enabled=20.741040611s duration=6.327949ms lease_gate=0s lease_update=0s lease_update_attempted=false err=
mixed	Replay consecutive mixed workflow seeds	2026-10-01T03:33:12.3137892Z     mixed_process_chaos_test.go:889: slow mixedsignal/mixed-06-0 operation worker=mixed-before name=lease_acquire run_seq=113 delivery=4 index=0 kind= since_enabled=20.915860785s duration=4.024061ms lease_gate=0s lease_update=0s lease_update_attempted=false err=workflow lease is held
mixed	Replay consecutive mixed workflow seeds	2026-10-01T03:33:12.3141282Z     mixed_process_chaos_test.go:889: slow mixedsignal/mixed-06-0 operation worker=mixed-before name=lease_acquire run_seq=114 delivery=4 index=0 kind= since_enabled=21.16565829s duration=78.081238ms lease_gate=0s lease_update=0s lease_update_attempted=false err=workflow lease is held
mixed	Replay consecutive mixed workflow seeds	2026-10-01T03:33:12.3144925Z     mixed_process_chaos_test.go:889: slow mixedsignal/mixed-06-0 operation worker=mixed-after name=lease_renew_append run_seq=98 delivery=1 index=19 kind=StepCompleted since_enabled=21.930904158s duration=1.189836617s lease_gate=862ns lease_update=1.189828581s lease_update_attempted=true err=
mixed	Replay consecutive mixed workflow seeds	2026-10-01T03:33:12.3148766Z     mixed_process_chaos_test.go:889: slow mixedsignal/mixed-06-0 operation worker=mixed-after name=lease_heartbeat_recent run_seq=98 delivery=1 index=0 kind= since_enabled=21.930960093s duration=340.049245ms lease_gate=340.043774ms lease_update=0s lease_update_attempted=false err=
mixed	Replay consecutive mixed workflow seeds	2026-10-01T03:33:12.3152660Z     mixed_process_chaos_test.go:889: slow mixedsignal/mixed-06-0 operation worker=mixed-after name=journal_append run_seq=98 delivery=1 index=19 kind=StepCompleted since_enabled=21.933889375s duration=2.984696ms lease_gate=0s lease_update=0s lease_update_attempted=false err=
mixed	Replay consecutive mixed workflow seeds	2026-10-01T03:33:12.3156268Z     mixed_process_chaos_test.go:889: slow mixedsignal/mixed-06-0 operation worker=mixed-before name=lease_acquire run_seq=99 delivery=5 index=0 kind= since_enabled=22.746617222s duration=2.967664ms lease_gate=0s lease_update=0s lease_update_attempted=false err=workflow lease is held
mixed	Replay consecutive mixed workflow seeds	2026-10-01T03:33:12.3160807Z     mixed_process_chaos_test.go:889: slow mixedsignal/mixed-06-0 operation worker=mixed-after name=lease_renew_append run_seq=98 delivery=1 index=20 kind=StepRequested since_enabled=22.9556568s duration=1.0217536s lease_gate=1.152µs lease_update=1.021743561s lease_update_attempted=true err=
mixed	Replay consecutive mixed workflow seeds	2026-10-01T03:33:12.3164416Z     mixed_process_chaos_test.go:889: slow mixedsignal/mixed-06-0 operation worker=mixed-after name=journal_append run_seq=98 delivery=1 index=20 kind=StepRequested since_enabled=22.958598567s duration=2.941006ms lease_gate=0s lease_update=0s lease_update_attempted=false err=
mixed	Replay consecutive mixed workflow seeds	2026-10-01T03:33:12.3168421Z     mixed_process_chaos_test.go:889: slow mixedsignal/mixed-06-0 operation worker=mixed-before name=lease_acquire run_seq=100 delivery=5 index=0 kind= since_enabled=23.134379389s duration=47.662779ms lease_gate=0s lease_update=0s lease_update_attempted=false err=workflow lease is held
mixed	Replay consecutive mixed workflow seeds	2026-10-01T03:33:12.3172285Z     mixed_process_chaos_test.go:889: slow mixedsignal/mixed-06-0 operation worker=mixed-before name=lease_acquire run_seq=101 delivery=5 index=0 kind= since_enabled=23.387237048s duration=80.19199ms lease_gate=0s lease_update=0s lease_update_attempted=false err=workflow lease is held
mixed	Replay consecutive mixed workflow seeds	2026-10-01T03:33:12.3176563Z     mixed_process_chaos_test.go:889: slow mixedsignal/mixed-06-0 operation worker=mixed-before name=lease_acquire run_seq=102 delivery=5 index=0 kind= since_enabled=23.561939686s duration=3.002994ms lease_gate=0s lease_update=0s lease_update_attempted=false err=workflow lease is held
mixed	Replay consecutive mixed workflow seeds	2026-10-01T03:33:12.3180900Z     mixed_process_chaos_test.go:889: slow mixedsignal/mixed-06-0 operation worker=mixed-after name=lease_renew_append run_seq=98 delivery=1 index=21 kind=StepCompleted since_enabled=23.725309878s duration=766.704107ms lease_gate=1.233µs lease_update=766.691563ms lease_update_attempted=true err=
mixed	Replay consecutive mixed workflow seeds	2026-10-01T03:33:12.3185701Z     mixed_process_chaos_test.go:889: slow mixedsignal/mixed-06-0 operation worker=mixed-after name=journal_append run_seq=98 delivery=1 index=21 kind=StepCompleted since_enabled=23.727776836s duration=2.466336ms lease_gate=0s lease_update=0s lease_update_attempted=false err=
mixed	Replay consecutive mixed workflow seeds	2026-10-01T03:33:12.3189455Z     mixed_process_chaos_test.go:889: slow mixedsignal/mixed-06-0 operation worker=mixed-before name=lease_acquire run_seq=104 delivery=5 index=0 kind= since_enabled=23.823054149s duration=3.499915ms lease_gate=0s lease_update=0s lease_update_attempted=false err=workflow lease is held
mixed	Replay consecutive mixed workflow seeds	2026-10-01T03:33:12.3193501Z     mixed_process_chaos_test.go:889: slow mixedsignal/mixed-06-0 operation worker=mixed-before name=lease_acquire run_seq=105 delivery=5 index=0 kind= since_enabled=24.155483024s duration=72.033715ms lease_gate=0s lease_update=0s lease_update_attempted=false err=workflow lease is held
mixed	Replay consecutive mixed workflow seeds	2026-10-01T03:33:12.3197099Z     mixed_process_chaos_test.go:889: slow mixedsignal/mixed-06-0 operation worker=mixed-before name=lease_acquire run_seq=106 delivery=5 index=0 kind= since_enabled=24.331026068s duration=3.181998ms lease_gate=0s lease_update=0s lease_update_attempted=false err=workflow lease is held
mixed	Replay consecutive mixed workflow seeds	2026-10-01T03:33:12.3202037Z     mixed_process_chaos_test.go:889: slow mixedsignal/mixed-06-0 operation worker=mixed-after name=lease_renew_append run_seq=98 delivery=1 index=22 kind=StepRequested since_enabled=24.493526499s duration=765.735647ms lease_gate=1.262µs lease_update=765.725608ms lease_update_attempted=true err=
mixed	Replay consecutive mixed workflow seeds	2026-10-01T03:33:12.3205394Z     mixed_process_chaos_test.go:889: slow mixedsignal/mixed-06-0 operation worker=mixed-after name=journal_append run_seq=98 delivery=1 index=22 kind=StepRequested since_enabled=24.513166277s duration=19.639448ms lease_gate=0s lease_update=0s lease_update_attempted=false err=
mixed	Replay consecutive mixed workflow seeds	2026-10-01T03:33:12.3207679Z     mixed_process_chaos_test.go:889: slow mixedsignal/mixed-06-0 operation worker=mixed-before name=lease_acquire run_seq=107 delivery=5 index=0 kind= since_enabled=24.513803524s duration=3.168901ms lease_gate=0s lease_update=0s lease_update_attempted=false err=workflow lease is held
mixed	Replay consecutive mixed workflow seeds	2026-10-01T03:33:12.3209853Z     mixed_process_chaos_test.go:889: slow mixedsignal/mixed-06-0 operation worker=mixed-before name=lease_acquire run_seq=108 delivery=5 index=0 kind= since_enabled=24.773977242s duration=3.015256ms lease_gate=0s lease_update=0s lease_update_attempted=false err=workflow lease is held
mixed	Replay consecutive mixed workflow seeds	2026-10-01T03:33:12.3213668Z     mixed_process_chaos_test.go:889: slow mixedsignal/mixed-06-0 operation worker=mixed-before name=lease_acquire run_seq=109 delivery=5 index=0 kind= since_enabled=25.033708636s duration=2.978294ms lease_gate=0s lease_update=0s lease_update_attempted=false err=workflow lease is held
mixed	Replay consecutive mixed workflow seeds	2026-10-01T03:33:12.3217192Z     mixed_process_chaos_test.go:889: slow mixedsignal/mixed-06-0 operation worker=mixed-after name=lease_renew_append run_seq=98 delivery=1 index=23 kind=StepCompleted since_enabled=25.261879127s duration=748.708592ms lease_gate=842ns lease_update=748.697631ms lease_update_attempted=true err=
mixed	Replay consecutive mixed workflow seeds	2026-10-01T03:33:12.3221073Z     mixed_process_chaos_test.go:889: slow mixedsignal/mixed-06-0 operation worker=mixed-after name=lease_heartbeat_recent run_seq=98 delivery=1 index=0 kind= since_enabled=25.261901276s duration=671.368114ms lease_gate=671.362693ms lease_update=0s lease_update_attempted=false err=
mixed	Replay consecutive mixed workflow seeds	2026-10-01T03:33:12.3225285Z     mixed_process_chaos_test.go:889: slow mixedsignal/mixed-06-0 operation worker=mixed-after name=journal_append run_seq=98 delivery=1 index=23 kind=StepCompleted since_enabled=25.264375374s duration=2.495686ms lease_gate=0s lease_update=0s lease_update_attempted=false err=
mixed	Replay consecutive mixed workflow seeds	2026-10-01T03:33:12.3229092Z     mixed_process_chaos_test.go:889: slow mixedsignal/mixed-06-0 operation worker=mixed-before name=lease_acquire run_seq=110 delivery=5 index=0 kind= since_enabled=25.438586487s duration=4.001015ms lease_gate=0s lease_update=0s lease_update_attempted=false err=workflow lease is held
mixed	Replay consecutive mixed workflow seeds	2026-10-01T03:33:12.3233825Z     mixed_process_chaos_test.go:889: slow mixedsignal/mixed-06-0 operation worker=mixed-before name=lease_acquire run_seq=111 delivery=5 index=0 kind= since_enabled=25.690076408s duration=79.061205ms lease_gate=0s lease_update=0s lease_update_attempted=false err=workflow lease is held
mixed	Replay consecutive mixed workflow seeds	2026-10-01T03:33:12.3238115Z     mixed_process_chaos_test.go:889: slow mixedsignal/mixed-06-0 operation worker=mixed-before name=lease_acquire run_seq=112 delivery=5 index=0 kind= since_enabled=25.865354236s duration=2.723648ms lease_gate=0s lease_update=0s lease_update_attempted=false err=workflow lease is held
mixed	Replay consecutive mixed workflow seeds	2026-10-01T03:33:12.3243188Z     mixed_process_chaos_test.go:889: slow mixedsignal/mixed-06-0 operation worker=mixed-after name=lease_renew_append run_seq=98 delivery=1 index=24 kind=StepRequested since_enabled=26.030218366s duration=765.818987ms lease_gate=1.142µs lease_update=765.809919ms lease_update_attempted=true err=
mixed	Replay consecutive mixed workflow seeds	2026-10-01T03:33:12.3247351Z     mixed_process_chaos_test.go:889: slow mixedsignal/mixed-06-0 operation worker=mixed-after name=journal_append run_seq=98 delivery=1 index=24 kind=StepRequested since_enabled=26.032550317s duration=2.331641ms lease_gate=0s lease_update=0s lease_update_attempted=false err=
mixed	Replay consecutive mixed workflow seeds	2026-10-01T03:33:12.3249702Z     mixed_process_chaos_test.go:889: slow mixedsignal/mixed-06-0 operation worker=mixed-before name=lease_acquire run_seq=113 delivery=5 index=0 kind= since_enabled=26.039850673s duration=2.630551ms lease_gate=0s lease_update=0s lease_update_attempted=false err=workflow lease is held
mixed	Replay consecutive mixed workflow seeds	2026-10-01T03:33:12.3252099Z     mixed_process_chaos_test.go:889: slow mixedsignal/mixed-06-0 operation worker=mixed-before name=lease_acquire run_seq=114 delivery=5 index=0 kind= since_enabled=26.302675059s duration=4.636281ms lease_gate=0s lease_update=0s lease_update_attempted=false err=workflow lease is held
mixed	Replay consecutive mixed workflow seeds	2026-10-01T03:33:12.3254562Z     mixed_process_chaos_test.go:889: slow mixedsignal/mixed-06-0 operation worker=mixed-after name=lease_renew_append run_seq=98 delivery=1 index=25 kind=StepCompleted since_enabled=26.712649193s duration=680.092394ms lease_gate=1.102µs lease_update=680.081803ms lease_update_attempted=true err=
mixed	Replay consecutive mixed workflow seeds	2026-10-01T03:33:12.3257516Z     mixed_process_chaos_test.go:889: slow mixedsignal/mixed-06-0 operation worker=mixed-after name=journal_append run_seq=98 delivery=1 index=25 kind=StepCompleted since_enabled=26.715388275s duration=2.738311ms lease_gate=0s lease_update=0s lease_update_attempted=false err=
mixed	Replay consecutive mixed workflow seeds	2026-10-01T03:33:12.3260744Z     mixed_process_chaos_test.go:889: slow mixedsignal/mixed-06-0 operation worker=mixed-after name=lease_renew_append run_seq=98 delivery=1 index=26 kind=StepRequested since_enabled=27.395387903s duration=679.920068ms lease_gate=1.142µs lease_update=679.906274ms lease_update_attempted=true err=
mixed	Replay consecutive mixed workflow seeds	2026-10-01T03:33:12.3262962Z     mixed_process_chaos_test.go:889: slow mixedsignal/mixed-06-0 operation worker=mixed-after name=journal_append run_seq=98 delivery=1 index=26 kind=StepRequested since_enabled=27.400909223s duration=5.520819ms lease_gate=0s lease_update=0s lease_update_attempted=false err=
mixed	Replay consecutive mixed workflow seeds	2026-10-01T03:33:12.3265100Z     mixed_process_chaos_test.go:889: slow mixedsignal/mixed-06-0 operation worker=mixed-before name=lease_acquire run_seq=99 delivery=6 index=0 kind= since_enabled=27.908391006s duration=74.861484ms lease_gate=0s lease_update=0s lease_update_attempted=false err=workflow lease is held
mixed	Replay consecutive mixed workflow seeds	2026-10-01T03:33:12.3267534Z     mixed_process_chaos_test.go:889: slow mixedsignal/mixed-06-0 operation worker=mixed-after name=lease_renew_append run_seq=98 delivery=1 index=27 kind=StepCompleted since_enabled=28.162932647s duration=762.003476ms lease_gate=1.072µs lease_update=761.992826ms lease_update_attempted=true err=
mixed	Replay consecutive mixed workflow seeds	2026-10-01T03:33:12.3269738Z     mixed_process_chaos_test.go:889: slow mixedsignal/mixed-06-0 operation worker=mixed-after name=lease_heartbeat_recent run_seq=98 delivery=1 index=0 kind= since_enabled=28.163014911s duration=571.902737ms lease_gate=571.895924ms lease_update=0s lease_update_attempted=false err=
mixed	Replay consecutive mixed workflow seeds	2026-10-01T03:33:12.3272199Z     mixed_process_chaos_test.go:889: slow mixedsignal/mixed-06-0 operation worker=mixed-after name=journal_append run_seq=98 delivery=1 index=27 kind=StepCompleted since_enabled=28.165529782s duration=2.596374ms lease_gate=0s lease_update=0s lease_update_attempted=false err=
mixed	Replay consecutive mixed workflow seeds	2026-10-01T03:33:12.3274364Z     mixed_process_chaos_test.go:889: slow mixedsignal/mixed-06-0 operation worker=mixed-before name=lease_acquire run_seq=100 delivery=6 index=0 kind= since_enabled=28.337042577s duration=30.297934ms lease_gate=0s lease_update=0s lease_update_attempted=false err=workflow lease is held
mixed	Replay consecutive mixed workflow seeds	2026-10-01T03:33:12.3276519Z     mixed_process_chaos_test.go:889: slow mixedsignal/mixed-06-0 operation worker=mixed-before name=lease_acquire run_seq=101 delivery=6 index=0 kind= since_enabled=28.592199784s duration=83.396294ms lease_gate=0s lease_update=0s lease_update_attempted=false err=workflow lease is held
mixed	Replay consecutive mixed workflow seeds	2026-10-01T03:33:12.3278678Z     mixed_process_chaos_test.go:889: slow mixedsignal/mixed-06-0 operation worker=mixed-before name=lease_acquire run_seq=102 delivery=6 index=0 kind= since_enabled=28.850021926s duration=85.632036ms lease_gate=0s lease_update=0s lease_update_attempted=false err=workflow lease is held
mixed	Replay consecutive mixed workflow seeds	2026-10-01T03:33:12.3281752Z     mixed_process_chaos_test.go:889: slow mixedsignal/mixed-06-0 operation worker=mixed-after name=lease_renew_append run_seq=98 delivery=1 index=28 kind=StepRequested since_enabled=28.932327182s duration=766.773044ms lease_gate=1.442µs lease_update=766.761793ms lease_update_attempted=true err=
mixed	Replay consecutive mixed workflow seeds	2026-10-01T03:33:12.3284771Z     mixed_process_chaos_test.go:889: slow mixedsignal/mixed-06-0 operation worker=mixed-after name=journal_append run_seq=98 delivery=1 index=28 kind=StepRequested since_enabled=28.935120248s duration=2.792124ms lease_gate=0s lease_update=0s lease_update_attempted=false err=
mixed	Replay consecutive mixed workflow seeds	2026-10-01T03:33:12.3287408Z     mixed_process_chaos_test.go:889: slow mixedsignal/mixed-06-0 operation worker=mixed-before name=lease_acquire run_seq=104 delivery=6 index=0 kind= since_enabled=29.105057333s duration=83.231798ms lease_gate=0s lease_update=0s lease_update_attempted=false err=workflow lease is held
mixed	Replay consecutive mixed workflow seeds	2026-10-01T03:33:12.3289597Z     mixed_process_chaos_test.go:889: slow mixedsignal/mixed-06-0 operation worker=mixed-before name=lease_acquire run_seq=105 delivery=6 index=0 kind= since_enabled=29.280068667s duration=2.584852ms lease_gate=0s lease_update=0s lease_update_attempted=false err=workflow lease is held
mixed	Replay consecutive mixed workflow seeds	2026-10-01T03:33:12.3292074Z     mixed_process_chaos_test.go:889: slow mixedsignal/mixed-06-0 operation worker=mixed-before name=lease_acquire run_seq=106 delivery=6 index=0 kind= since_enabled=29.622078921s duration=84.963929ms lease_gate=0s lease_update=0s lease_update_attempted=false err=workflow lease is held
mixed	Replay consecutive mixed workflow seeds	2026-10-01T03:33:12.3294510Z     mixed_process_chaos_test.go:889: slow mixedsignal/mixed-06-0 operation worker=mixed-after name=lease_renew_append run_seq=98 delivery=1 index=29 kind=StepCompleted since_enabled=29.706478051s duration=771.34018ms lease_gate=1.403µs lease_update=771.328287ms lease_update_attempted=true err=
mixed	Replay consecutive mixed workflow seeds	2026-10-01T03:33:12.3296678Z     mixed_process_chaos_test.go:889: slow mixedsignal/mixed-06-0 operation worker=mixed-after name=journal_append run_seq=98 delivery=1 index=29 kind=StepCompleted since_enabled=29.709294651s duration=2.815989ms lease_gate=0s lease_update=0s lease_update_attempted=false err=
mixed	Replay consecutive mixed workflow seeds	2026-10-01T03:33:12.3298818Z     mixed_process_chaos_test.go:889: slow mixedsignal/mixed-06-0 operation worker=mixed-before name=lease_acquire run_seq=107 delivery=6 index=0 kind= since_enabled=29.799885646s duration=4.747815ms lease_gate=0s lease_update=0s lease_update_attempted=false err=workflow lease is held
mixed	Replay consecutive mixed workflow seeds	2026-10-01T03:33:12.3301113Z     mixed_process_chaos_test.go:889: slow mixedsignal/mixed-06-0 operation worker=mixed-before name=lease_acquire run_seq=108 delivery=6 index=0 kind= since_enabled=29.976086228s duration=4.047894ms lease_gate=0s lease_update=0s lease_update_attempted=false err=workflow lease is held
mixed	Replay consecutive mixed workflow seeds	2026-10-01T03:33:12.3303399Z     mixed_process_chaos_test.go:889: slow mixedsignal/mixed-06-0 operation worker=mixed-before name=lease_acquire run_seq=109 delivery=6 index=0 kind= since_enabled=30.308259002s duration=160.579751ms lease_gate=0s lease_update=0s lease_update_attempted=false err=workflow lease is held
mixed	Replay consecutive mixed workflow seeds	2026-10-01T03:33:12.3305821Z     mixed_process_chaos_test.go:889: slow mixedsignal/mixed-06-0 operation worker=mixed-after name=lease_renew_append run_seq=98 delivery=1 index=30 kind=StepRequested since_enabled=30.473930848s duration=764.623774ms lease_gate=1.493µs lease_update=764.612623ms lease_update_attempted=true err=
mixed	Replay consecutive mixed workflow seeds	2026-10-01T03:33:12.3307993Z     mixed_process_chaos_test.go:889: slow mixedsignal/mixed-06-0 operation worker=mixed-after name=journal_append run_seq=98 delivery=1 index=30 kind=StepRequested since_enabled=30.476374275s duration=2.443137ms lease_gate=0s lease_update=0s lease_update_attempted=false err=
mixed	Replay consecutive mixed workflow seeds	2026-10-01T03:33:12.3310259Z     mixed_process_chaos_test.go:889: slow mixedsignal/mixed-06-0 operation worker=mixed-before name=lease_acquire run_seq=110 delivery=6 index=0 kind= since_enabled=30.648562049s duration=82.907437ms lease_gate=0s lease_update=0s lease_update_attempted=false err=workflow lease is held
mixed	Replay consecutive mixed workflow seeds	2026-10-01T03:33:12.3312433Z     mixed_process_chaos_test.go:889: slow mixedsignal/mixed-06-0 operation worker=mixed-before name=lease_acquire run_seq=111 delivery=6 index=0 kind= since_enabled=30.907239899s duration=86.05472ms lease_gate=0s lease_update=0s lease_update_attempted=false err=workflow lease is held
mixed	Replay consecutive mixed workflow seeds	2026-10-01T03:33:12.3314583Z     mixed_process_chaos_test.go:889: slow mixedsignal/mixed-06-0 operation worker=mixed-before name=lease_acquire run_seq=112 delivery=6 index=0 kind= since_enabled=31.082255312s duration=2.861535ms lease_gate=0s lease_update=0s lease_update_attempted=false err=workflow lease is held
mixed	Replay consecutive mixed workflow seeds	2026-10-01T03:33:12.3316737Z     mixed_process_chaos_test.go:889: slow mixedsignal/mixed-06-0 operation worker=mixed-before name=lease_acquire run_seq=113 delivery=6 index=0 kind= since_enabled=31.256973435s duration=2.874469ms lease_gate=0s lease_update=0s lease_update_attempted=false err=workflow lease is held
mixed	Replay consecutive mixed workflow seeds	2026-10-01T03:33:12.3319243Z     mixed_process_chaos_test.go:889: slow mixedsignal/mixed-06-0 operation worker=mixed-after name=lease_renew_append run_seq=98 delivery=1 index=31 kind=StepCompleted since_enabled=31.412901772s duration=936.520303ms lease_gate=1.152µs lease_update=936.510174ms lease_update_attempted=true err=
mixed	Replay consecutive mixed workflow seeds	2026-10-01T03:33:12.3321826Z     mixed_process_chaos_test.go:889: slow mixedsignal/mixed-06-0 operation worker=mixed-after name=lease_heartbeat_recent run_seq=98 delivery=1 index=0 kind= since_enabled=31.412944884s duration=822.246953ms lease_gate=822.241392ms lease_update=0s lease_update_attempted=false err=
mixed	Replay consecutive mixed workflow seeds	2026-10-01T03:33:12.3323977Z     mixed_process_chaos_test.go:889: slow mixedsignal/mixed-06-0 operation worker=mixed-after name=journal_append run_seq=98 delivery=1 index=31 kind=StepCompleted since_enabled=31.415269309s duration=2.367136ms lease_gate=0s lease_update=0s lease_update_attempted=false err=
mixed	Replay consecutive mixed workflow seeds	2026-10-01T03:33:12.3326111Z     mixed_process_chaos_test.go:889: slow mixedsignal/mixed-06-0 operation worker=mixed-before name=lease_acquire run_seq=114 delivery=6 index=0 kind= since_enabled=31.597753699s duration=3.120869ms lease_gate=0s lease_update=0s lease_update_attempted=false err=workflow lease is held
mixed	Replay consecutive mixed workflow seeds	2026-10-01T03:33:12.3328601Z     mixed_process_chaos_test.go:889: slow mixedsignal/mixed-06-0 operation worker=mixed-after name=lease_renew_append run_seq=98 delivery=1 index=32 kind=StepRequested since_enabled=31.839881716s duration=424.598921ms lease_gate=1.182µs lease_update=424.589172ms lease_update_attempted=true err=
mixed	Replay consecutive mixed workflow seeds	2026-10-01T03:33:12.3331010Z     mixed_process_chaos_test.go:889: slow mixedsignal/mixed-06-0 operation worker=mixed-after name=journal_append run_seq=98 delivery=1 index=32 kind=StepRequested since_enabled=31.846477475s duration=6.595318ms lease_gate=0s lease_update=0s lease_update_attempted=false err=
mixed	Replay consecutive mixed workflow seeds	2026-10-01T03:33:12.3333600Z     mixed_process_chaos_test.go:889: slow mixedsignal/mixed-06-0 operation worker=mixed-after name=lease_renew_append run_seq=98 delivery=1 index=33 kind=StepCompleted since_enabled=32.181570295s duration=335.085046ms lease_gate=1.453µs lease_update=335.074345ms lease_update_attempted=true err=
mixed	Replay consecutive mixed workflow seeds	2026-10-01T03:33:12.3335766Z     mixed_process_chaos_test.go:889: slow mixedsignal/mixed-06-0 operation worker=mixed-after name=journal_append run_seq=98 delivery=1 index=33 kind=StepCompleted since_enabled=32.188320131s duration=6.749365ms lease_gate=0s lease_update=0s lease_update_attempted=false err=
mixed	Replay consecutive mixed workflow seeds	2026-10-01T03:33:12.3338412Z     mixed_process_chaos_test.go:889: slow mixedsignal/mixed-06-0 operation worker=mixed-after name=lease_renew_append run_seq=98 delivery=1 index=34 kind=StepRequested since_enabled=32.522924454s duration=334.58099ms lease_gate=1.163µs lease_update=334.571512ms lease_update_attempted=true err=
mixed	Replay consecutive mixed workflow seeds	2026-10-01T03:33:12.3340743Z     mixed_process_chaos_test.go:889: slow mixedsignal/mixed-06-0 operation worker=mixed-after name=journal_append run_seq=98 delivery=1 index=34 kind=StepRequested since_enabled=32.528035943s duration=5.111088ms lease_gate=0s lease_update=0s lease_update_attempted=false err=
mixed	Replay consecutive mixed workflow seeds	2026-10-01T03:33:12.3343149Z     mixed_process_chaos_test.go:889: slow mixedsignal/mixed-06-0 operation worker=mixed-after name=lease_renew_append run_seq=98 delivery=1 index=35 kind=StepCompleted since_enabled=32.864581602s duration=336.529168ms lease_gate=1.132µs lease_update=336.519499ms lease_update_attempted=true err=
mixed	Replay consecutive mixed workflow seeds	2026-10-01T03:33:12.3345320Z     mixed_process_chaos_test.go:889: slow mixedsignal/mixed-06-0 operation worker=mixed-after name=journal_append run_seq=98 delivery=1 index=35 kind=StepCompleted since_enabled=32.870516159s duration=5.934196ms lease_gate=0s lease_update=0s lease_update_attempted=false err=
mixed	Replay consecutive mixed workflow seeds	2026-10-01T03:33:12.3347455Z     mixed_process_chaos_test.go:889: slow mixedsignal/mixed-06-0 operation worker=mixed-before name=lease_acquire run_seq=99 delivery=7 index=0 kind= since_enabled=33.039886902s duration=43.439299ms lease_gate=0s lease_update=0s lease_update_attempted=false err=workflow lease is held
mixed	Replay consecutive mixed workflow seeds	2026-10-01T03:33:12.3350595Z     mixed_process_chaos_test.go:889: slow mixedsignal/mixed-06-0 operation worker=mixed-after name=lease_renew_append run_seq=98 delivery=1 index=36 kind=StepRequested since_enabled=33.206205402s duration=335.677511ms lease_gate=1.091µs lease_update=335.667051ms lease_update_attempted=true err=
mixed	Replay consecutive mixed workflow seeds	2026-10-01T03:33:12.3352986Z     mixed_process_chaos_test.go:889: slow mixedsignal/mixed-06-0 operation worker=mixed-after name=journal_append run_seq=98 delivery=1 index=36 kind=StepRequested since_enabled=33.212498329s duration=6.292396ms lease_gate=0s lease_update=0s lease_update_attempted=false err=
mixed	Replay consecutive mixed workflow seeds	2026-10-01T03:33:12.3355136Z     mixed_process_chaos_test.go:889: slow mixedsignal/mixed-06-0 operation worker=mixed-before name=lease_acquire run_seq=100 delivery=7 index=0 kind= since_enabled=33.466094513s duration=40.709558ms lease_gate=0s lease_update=0s lease_update_attempted=false err=workflow lease is held
mixed	Replay consecutive mixed workflow seeds	2026-10-01T03:33:12.3357552Z     mixed_process_chaos_test.go:889: slow mixedsignal/mixed-06-0 operation worker=mixed-after name=lease_renew_append run_seq=98 delivery=1 index=37 kind=StepCompleted since_enabled=33.547591241s duration=335.083524ms lease_gate=1.283µs lease_update=335.070289ms lease_update_attempted=true err=
mixed	Replay consecutive mixed workflow seeds	2026-10-01T03:33:12.3359717Z     mixed_process_chaos_test.go:889: slow mixedsignal/mixed-06-0 operation worker=mixed-after name=journal_append run_seq=98 delivery=1 index=37 kind=StepCompleted since_enabled=33.552913517s duration=5.321966ms lease_gate=0s lease_update=0s lease_update_attempted=false err=
mixed	Replay consecutive mixed workflow seeds	2026-10-01T03:33:12.3361999Z     mixed_process_chaos_test.go:889: slow mixedsignal/mixed-06-0 operation worker=mixed-before name=lease_acquire run_seq=101 delivery=7 index=0 kind= since_enabled=33.807845561s duration=84.270438ms lease_gate=0s lease_update=0s lease_update_attempted=false err=workflow lease is held
mixed	Replay consecutive mixed workflow seeds	2026-10-01T03:33:12.3364550Z     mixed_process_chaos_test.go:889: slow mixedsignal/mixed-06-0 operation worker=mixed-after name=lease_renew_append run_seq=98 delivery=1 index=38 kind=StepRequested since_enabled=33.88936583s duration=336.439559ms lease_gate=1.162µs lease_update=336.429931ms lease_update_attempted=true err=
mixed	Replay consecutive mixed workflow seeds	2026-10-01T03:33:12.3366733Z     mixed_process_chaos_test.go:889: slow mixedsignal/mixed-06-0 operation worker=mixed-after name=lease_heartbeat_recent run_seq=98 delivery=1 index=0 kind= since_enabled=33.889396588s duration=298.167485ms lease_gate=298.162024ms lease_update=0s lease_update_attempted=false err=
mixed	Replay consecutive mixed workflow seeds	2026-10-01T03:33:12.3368853Z     mixed_process_chaos_test.go:889: slow mixedsignal/mixed-06-0 operation worker=mixed-after name=journal_append run_seq=98 delivery=1 index=38 kind=StepRequested since_enabled=33.894240446s duration=4.874385ms lease_gate=0s lease_update=0s lease_update_attempted=false err=
mixed	Replay consecutive mixed workflow seeds	2026-10-01T03:33:12.3371108Z     mixed_process_chaos_test.go:889: slow mixedsignal/mixed-06-0 operation worker=mixed-before name=lease_acquire run_seq=102 delivery=7 index=0 kind= since_enabled=33.982239055s duration=1.963245ms lease_gate=0s lease_update=0s lease_update_attempted=false err=workflow lease is held
mixed	Replay consecutive mixed workflow seeds	2026-10-01T03:33:12.3373280Z     mixed_process_chaos_test.go:889: slow mixedsignal/mixed-06-0 operation worker=mixed-before name=lease_acquire run_seq=104 delivery=7 index=0 kind= since_enabled=34.195447384s duration=3.10262ms lease_gate=0s lease_update=0s lease_update_attempted=false err=workflow lease is held
mixed	Replay consecutive mixed workflow seeds	2026-10-01T03:33:12.3375471Z     mixed_process_chaos_test.go:889: slow mixedsignal/mixed-06-0 operation worker=mixed-after name=lease_renew_append run_seq=98 delivery=1 index=39 kind=StepCompleted since_enabled=34.401674087s duration=507.422139ms lease_gate=962ns lease_update=507.414114ms lease_update_attempted=true err=
mixed	Replay consecutive mixed workflow seeds	2026-10-01T03:33:12.3377653Z     mixed_process_chaos_test.go:889: slow mixedsignal/mixed-06-0 operation worker=mixed-after name=journal_append run_seq=98 delivery=1 index=39 kind=StepCompleted since_enabled=34.404518541s duration=2.844134ms lease_gate=0s lease_update=0s lease_update_attempted=false err=
mixed	Replay consecutive mixed workflow seeds	2026-10-01T03:33:12.3379784Z     mixed_process_chaos_test.go:889: slow mixedsignal/mixed-06-0 operation worker=mixed-before name=lease_acquire run_seq=105 delivery=7 index=0 kind= since_enabled=34.455597496s duration=2.585627ms lease_gate=0s lease_update=0s lease_update_attempted=false err=workflow lease is held
mixed	Replay consecutive mixed workflow seeds	2026-10-01T03:33:12.3382216Z     mixed_process_chaos_test.go:889: slow mixedsignal/mixed-06-0 operation worker=mixed-before name=lease_acquire run_seq=106 delivery=7 index=0 kind= since_enabled=34.749837629s duration=36.706692ms lease_gate=0s lease_update=0s lease_update_attempted=false err=workflow lease is held
mixed	Replay consecutive mixed workflow seeds	2026-10-01T03:33:12.3384625Z     mixed_process_chaos_test.go:889: slow mixedsignal/mixed-06-0 operation worker=mixed-after name=lease_renew_append run_seq=98 delivery=1 index=40 kind=StepRequested since_enabled=34.914113205s duration=509.585306ms lease_gate=1.333µs lease_update=509.575989ms lease_update_attempted=true err=
mixed	Replay consecutive mixed workflow seeds	2026-10-01T03:33:12.3386794Z     mixed_process_chaos_test.go:889: slow mixedsignal/mixed-06-0 operation worker=mixed-after name=journal_append run_seq=98 delivery=1 index=40 kind=StepRequested since_enabled=34.91683766s duration=2.724074ms lease_gate=0s lease_update=0s lease_update_attempted=false err=
mixed	Replay consecutive mixed workflow seeds	2026-10-01T03:33:12.3388929Z     mixed_process_chaos_test.go:889: slow mixedsignal/mixed-06-0 operation worker=mixed-before name=lease_acquire run_seq=107 delivery=7 index=0 kind= since_enabled=34.925192894s duration=3.20059ms lease_gate=0s lease_update=0s lease_update_attempted=false err=workflow lease is held
mixed	Replay consecutive mixed workflow seeds	2026-10-01T03:33:12.3391196Z     mixed_process_chaos_test.go:889: slow mixedsignal/mixed-06-0 operation worker=mixed-before name=lease_acquire run_seq=108 delivery=7 index=0 kind= since_enabled=35.099754125s duration=2.7039ms lease_gate=0s lease_update=0s lease_update_attempted=false err=workflow lease is held
mixed	Replay consecutive mixed workflow seeds	2026-10-01T03:33:12.3393470Z     mixed_process_chaos_test.go:889: slow mixedsignal/mixed-06-0 operation worker=mixed-before name=lease_acquire run_seq=109 delivery=7 index=0 kind= since_enabled=35.429819234s duration=34.086707ms lease_gate=0s lease_update=0s lease_update_attempted=false err=workflow lease is held
mixed	Replay consecutive mixed workflow seeds	2026-10-01T03:33:12.3395871Z     mixed_process_chaos_test.go:889: slow mixedsignal/mixed-06-0 operation worker=mixed-after name=lease_renew_append run_seq=98 delivery=1 index=41 kind=StepCompleted since_enabled=35.596814068s duration=679.968383ms lease_gate=1.333µs lease_update=679.958313ms lease_update_attempted=true err=
mixed	Replay consecutive mixed workflow seeds	2026-10-01T03:33:12.3398031Z     mixed_process_chaos_test.go:889: slow mixedsignal/mixed-06-0 operation worker=mixed-after name=journal_append run_seq=98 delivery=1 index=41 kind=StepCompleted since_enabled=35.599516023s duration=2.701454ms lease_gate=0s lease_update=0s lease_update_attempted=false err=
mixed	Replay consecutive mixed workflow seeds	2026-10-01T03:33:12.3400286Z     mixed_process_chaos_test.go:889: slow mixedsignal/mixed-06-0 operation worker=mixed-before name=lease_acquire run_seq=110 delivery=7 index=0 kind= since_enabled=35.770005224s duration=33.485277ms lease_gate=0s lease_update=0s lease_update_attempted=false err=workflow lease is held
mixed	Replay consecutive mixed workflow seeds	2026-10-01T03:33:12.3402456Z     mixed_process_chaos_test.go:889: slow mixedsignal/mixed-06-0 operation worker=mixed-before name=lease_acquire run_seq=111 delivery=7 index=0 kind= since_enabled=36.112613202s duration=85.602384ms lease_gate=0s lease_update=0s lease_update_attempted=false err=workflow lease is held
mixed	Replay consecutive mixed workflow seeds	2026-10-01T03:33:12.3404607Z     mixed_process_chaos_test.go:889: slow mixedsignal/mixed-06-0 operation worker=mixed-before name=lease_acquire run_seq=112 delivery=7 index=0 kind= since_enabled=36.203268633s duration=4.219305ms lease_gate=0s lease_update=0s lease_update_attempted=false err=workflow lease is held
mixed	Replay consecutive mixed workflow seeds	2026-10-01T03:33:12.3407024Z     mixed_process_chaos_test.go:889: slow mixedsignal/mixed-06-0 operation worker=mixed-after name=lease_renew_append run_seq=98 delivery=1 index=42 kind=StepRequested since_enabled=36.365655531s duration=766.127456ms lease_gate=1.612µs lease_update=766.115784ms lease_update_attempted=true err=
mixed	Replay consecutive mixed workflow seeds	2026-10-01T03:33:12.3409180Z     mixed_process_chaos_test.go:889: slow mixedsignal/mixed-06-0 operation worker=mixed-after name=journal_append run_seq=98 delivery=1 index=42 kind=StepRequested since_enabled=36.368615522s duration=2.95966ms lease_gate=0s lease_update=0s lease_update_attempted=false err=
mixed	Replay consecutive mixed workflow seeds	2026-10-01T03:33:12.3411552Z     mixed_process_chaos_test.go:889: slow mixedsignal/mixed-06-0 operation worker=mixed-before name=lease_acquire run_seq=113 delivery=7 index=0 kind= since_enabled=36.454690715s duration=80.052131ms lease_gate=0s lease_update=0s lease_update_attempted=false err=workflow lease is held
mixed	Replay consecutive mixed workflow seeds	2026-10-01T03:33:12.3413715Z     mixed_process_chaos_test.go:889: slow mixedsignal/mixed-06-0 operation worker=mixed-before name=lease_acquire run_seq=114 delivery=7 index=0 kind= since_enabled=36.715299406s duration=3.397372ms lease_gate=0s lease_update=0s lease_update_attempted=false err=workflow lease is held
mixed	Replay consecutive mixed workflow seeds	2026-10-01T03:33:12.3415903Z     mixed_process_chaos_test.go:889: slow mixedsignal/mixed-06-0 operation worker=mixed-after name=lease_renew_append run_seq=98 delivery=1 index=43 kind=StepCompleted since_enabled=36.963112382s duration=594.489035ms lease_gate=972ns lease_update=594.48095ms lease_update_attempted=true err=
mixed	Replay consecutive mixed workflow seeds	2026-10-01T03:33:12.3418090Z     mixed_process_chaos_test.go:889: slow mixedsignal/mixed-06-0 operation worker=mixed-after name=lease_heartbeat_recent run_seq=98 delivery=1 index=0 kind= since_enabled=36.963144091s duration=372.116784ms lease_gate=372.112054ms lease_update=0s lease_update_attempted=false err=
mixed	Replay consecutive mixed workflow seeds	2026-10-01T03:33:12.3420300Z     mixed_process_chaos_test.go:889: slow mixedsignal/mixed-06-0 operation worker=mixed-after name=journal_append run_seq=98 delivery=1 index=43 kind=StepCompleted since_enabled=36.966155027s duration=3.042334ms lease_gate=0s lease_update=0s lease_update_attempted=false err=
mixed	Replay consecutive mixed workflow seeds	2026-10-01T03:33:12.3422858Z     mixed_process_chaos_test.go:889: slow mixedsignal/mixed-06-0 operation worker=mixed-after name=lease_renew_append run_seq=98 delivery=1 index=44 kind=StepRequested since_enabled=37.47564007s duration=509.47325ms lease_gate=1.102µs lease_update=509.463863ms lease_update_attempted=true err=
mixed	Replay consecutive mixed workflow seeds	2026-10-01T03:33:12.3425017Z     mixed_process_chaos_test.go:889: slow mixedsignal/mixed-06-0 operation worker=mixed-after name=journal_append run_seq=98 delivery=1 index=44 kind=StepRequested since_enabled=37.478099842s duration=2.459412ms lease_gate=0s lease_update=0s lease_update_attempted=false err=
mixed	Replay consecutive mixed workflow seeds	2026-10-01T03:33:12.3427384Z     mixed_process_chaos_test.go:889: slow mixedsignal/mixed-06-0 operation worker=mixed-after name=lease_renew_append run_seq=98 delivery=1 index=45 kind=StepCompleted since_enabled=37.902307118s duration=424.200173ms lease_gate=1.172µs lease_update=424.190124ms lease_update_attempted=true err=
mixed	Replay consecutive mixed workflow seeds	2026-10-01T03:33:12.3429549Z     mixed_process_chaos_test.go:889: slow mixedsignal/mixed-06-0 operation worker=mixed-after name=journal_append run_seq=98 delivery=1 index=45 kind=StepCompleted since_enabled=37.904818064s duration=2.510245ms lease_gate=0s lease_update=0s lease_update_attempted=false err=
mixed	Replay consecutive mixed workflow seeds	2026-10-01T03:33:12.3431941Z     mixed_process_chaos_test.go:889: slow mixedsignal/mixed-06-0 operation worker=mixed-before name=lease_acquire run_seq=99 delivery=8 index=0 kind= since_enabled=38.161699153s duration=34.237676ms lease_gate=0s lease_update=0s lease_update_attempted=false err=workflow lease is held
mixed	Replay consecutive mixed workflow seeds	2026-10-01T03:33:12.3434353Z     mixed_process_chaos_test.go:889: slow mixedsignal/mixed-06-0 operation worker=mixed-after name=lease_renew_append run_seq=98 delivery=1 index=46 kind=StepRequested since_enabled=38.244061434s duration=339.229694ms lease_gate=1.212µs lease_update=339.219415ms lease_update_attempted=true err=
mixed	Replay consecutive mixed workflow seeds	2026-10-01T03:33:12.3436521Z     mixed_process_chaos_test.go:889: slow mixedsignal/mixed-06-0 operation worker=mixed-after name=journal_append run_seq=98 delivery=1 index=46 kind=StepRequested since_enabled=38.246888063s duration=2.826288ms lease_gate=0s lease_update=0s lease_update_attempted=false err=
mixed	Replay consecutive mixed workflow seeds	2026-10-01T03:33:12.3438947Z     mixed_process_chaos_test.go:889: slow mixedsignal/mixed-06-0 operation worker=mixed-after name=lease_renew_append run_seq=98 delivery=1 index=47 kind=StepCompleted since_enabled=38.499808333s duration=252.912645ms lease_gate=19.487µs lease_update=252.884482ms lease_update_attempted=true err=
mixed	Replay consecutive mixed workflow seeds	2026-10-01T03:33:12.3441392Z     mixed_process_chaos_test.go:889: slow mixedsignal/mixed-06-0 operation worker=mixed-after name=journal_append run_seq=98 delivery=1 index=47 kind=StepCompleted since_enabled=38.502395835s duration=2.586771ms lease_gate=0s lease_update=0s lease_update_attempted=false err=
mixed	Replay consecutive mixed workflow seeds	2026-10-01T03:33:12.3443527Z     mixed_process_chaos_test.go:889: slow mixedsignal/mixed-06-0 operation worker=mixed-before name=lease_acquire run_seq=100 delivery=8 index=0 kind= since_enabled=38.556687649s duration=3.245436ms lease_gate=0s lease_update=0s lease_update_attempted=false err=workflow lease is held
mixed	Replay consecutive mixed workflow seeds	2026-10-01T03:33:12.3445959Z     mixed_process_chaos_test.go:889: slow mixedsignal/mixed-06-0 operation worker=mixed-after name=lease_renew_append run_seq=98 delivery=1 index=48 kind=StepRequested since_enabled=38.755606238s duration=253.196025ms lease_gate=1.082µs lease_update=253.186968ms lease_update_attempted=true err=
mixed	Replay consecutive mixed workflow seeds	2026-10-01T03:33:12.3448141Z     mixed_process_chaos_test.go:889: slow mixedsignal/mixed-06-0 operation worker=mixed-after name=journal_append run_seq=98 delivery=1 index=48 kind=StepRequested since_enabled=38.758204379s duration=2.597682ms lease_gate=0s lease_update=0s lease_update_attempted=false err=
mixed	Replay consecutive mixed workflow seeds	2026-10-01T03:33:12.3450686Z     mixed_process_chaos_test.go:889: slow mixedsignal/mixed-06-0 operation worker=mixed-before name=lease_acquire run_seq=101 delivery=8 index=0 kind= since_enabled=38.937382931s duration=42.197492ms lease_gate=0s lease_update=0s lease_update_attempted=false err=workflow lease is held
mixed	Replay consecutive mixed workflow seeds	2026-10-01T03:33:12.3453267Z     mixed_process_chaos_test.go:889: slow mixedsignal/mixed-06-0 operation worker=mixed-after name=lease_renew_append run_seq=98 delivery=1 index=49 kind=StepCompleted since_enabled=39.011947934s duration=253.73641ms lease_gate=1.242µs lease_update=253.726993ms lease_update_attempted=true err=
mixed	Replay consecutive mixed workflow seeds	2026-10-01T03:33:12.3455442Z     mixed_process_chaos_test.go:889: slow mixedsignal/mixed-06-0 operation worker=mixed-after name=journal_append run_seq=98 delivery=1 index=49 kind=StepCompleted since_enabled=39.014359954s duration=2.4116ms lease_gate=0s lease_update=0s lease_update_attempted=false err=
mixed	Replay consecutive mixed workflow seeds	2026-10-01T03:33:12.3457572Z     mixed_process_chaos_test.go:889: slow mixedsignal/mixed-06-0 operation worker=mixed-before name=lease_acquire run_seq=102 delivery=8 index=0 kind= since_enabled=39.112387601s duration=2.766896ms lease_gate=0s lease_update=0s lease_update_attempted=false err=workflow lease is held
mixed	Replay consecutive mixed workflow seeds	2026-10-01T03:33:12.3460393Z     mixed_process_chaos_test.go:889: slow mixedsignal/mixed-06-0 operation worker=mixed-before name=lease_acquire run_seq=104 delivery=8 index=0 kind= since_enabled=39.28777922s duration=3.27806ms lease_gate=0s lease_update=0s lease_update_attempted=false err=workflow lease is held
mixed	Replay consecutive mixed workflow seeds	2026-10-01T03:33:12.3462910Z     mixed_process_chaos_test.go:889: slow mixedsignal/mixed-06-0 operation worker=mixed-after name=lease_renew_append run_seq=98 delivery=1 index=50 kind=Completed since_enabled=39.353033735s duration=338.656749ms lease_gate=1.272µs lease_update=338.643524ms lease_update_attempted=true err=
mixed	Replay consecutive mixed workflow seeds	2026-10-01T03:33:12.3465072Z     mixed_process_chaos_test.go:889: slow mixedsignal/mixed-06-0 operation worker=mixed-after name=journal_append run_seq=98 delivery=1 index=50 kind=Completed since_enabled=39.356043127s duration=3.008651ms lease_gate=0s lease_update=0s lease_update_attempted=false err=
mixed	Replay consecutive mixed workflow seeds	2026-10-01T03:33:12.3467265Z     mixed_process_chaos_test.go:889: slow mixedsignal/mixed-06-0 operation worker=mixed-after name=lease_release run_seq=98 delivery=1 index=0 kind= since_enabled=39.395134493s duration=672.033µs lease_gate=0s lease_update=0s lease_update_attempted=false err=
mixed	Replay consecutive mixed workflow seeds	2026-10-01T03:33:12.3469252Z     mixed_process_chaos_test.go:889: slow mixedsignal/mixed-06-0 operation worker=mixed-before name=lease_acquire run_seq=105 delivery=8 index=0 kind= since_enabled=39.459372922s duration=2.077911ms lease_gate=0s lease_update=0s lease_update_attempted=false err=
mixed	Replay consecutive mixed workflow seeds	2026-10-01T03:33:12.3471538Z     mixed_process_chaos_test.go:889: slow mixedsignal/mixed-06-0 operation worker=mixed-before name=journal_read run_seq=105 delivery=8 index=0 kind= since_enabled=39.473216617s duration=13.83043ms lease_gate=0s lease_update=0s lease_update_attempted=false err=
mixed	Replay consecutive mixed workflow seeds	2026-10-01T03:33:12.3473697Z     mixed_process_chaos_test.go:889: slow mixedsignal/mixed-06-0 operation worker=mixed-before name=invocation_read run_seq=105 delivery=8 index=0 kind= since_enabled=39.473822945s duration=605.095µs lease_gate=0s lease_update=0s lease_update_attempted=false err=
mixed	Replay consecutive mixed workflow seeds	2026-10-01T03:33:12.3475847Z     mixed_process_chaos_test.go:889: slow mixedsignal/mixed-06-0 operation worker=mixed-before name=lease_release run_seq=105 delivery=8 index=0 kind= since_enabled=39.475671736s duration=677.573µs lease_gate=0s lease_update=0s lease_update_attempted=false err=
mixed	Replay consecutive mixed workflow seeds	2026-10-01T03:33:12.3477830Z     mixed_process_chaos_test.go:889: slow mixedsignal/mixed-06-0 operation worker=mixed-after name=lease_acquire run_seq=106 delivery=8 index=0 kind= since_enabled=39.757197125s duration=4.826384ms lease_gate=0s lease_update=0s lease_update_attempted=false err=
mixed	Replay consecutive mixed workflow seeds	2026-10-01T03:33:12.3480162Z     mixed_process_chaos_test.go:889: slow mixedsignal/mixed-06-0 operation worker=mixed-after name=journal_read run_seq=106 delivery=8 index=0 kind= since_enabled=39.795535476s duration=38.334564ms lease_gate=0s lease_update=0s lease_update_attempted=false err=
mixed	Replay consecutive mixed workflow seeds	2026-10-01T03:33:12.3482316Z     mixed_process_chaos_test.go:889: slow mixedsignal/mixed-06-0 operation worker=mixed-after name=invocation_read run_seq=106 delivery=8 index=0 kind= since_enabled=39.796695795s duration=1.159508ms lease_gate=0s lease_update=0s lease_update_attempted=false err=
mixed	Replay consecutive mixed workflow seeds	2026-10-01T03:33:12.3484482Z     mixed_process_chaos_test.go:889: slow mixedsignal/mixed-06-0 operation worker=mixed-after name=lease_release run_seq=106 delivery=8 index=0 kind= since_enabled=39.799247661s duration=735.772µs lease_gate=0s lease_update=0s lease_update_attempted=false err=
mixed	Replay consecutive mixed workflow seeds	2026-10-01T03:33:12.3486458Z     mixed_process_chaos_test.go:889: slow mixedsignal/mixed-06-0 operation worker=mixed-before name=lease_acquire run_seq=107 delivery=8 index=0 kind= since_enabled=39.930838787s duration=3.78473ms lease_gate=0s lease_update=0s lease_update_attempted=false err=
mixed	Replay consecutive mixed workflow seeds	2026-10-01T03:33:12.3488450Z     mixed_process_chaos_test.go:889: slow mixedsignal/mixed-06-0 operation worker=mixed-before name=journal_read run_seq=107 delivery=8 index=0 kind= since_enabled=39.955623749s duration=24.781385ms lease_gate=0s lease_update=0s lease_update_attempted=false err=
mixed	Replay consecutive mixed workflow seeds	2026-10-01T03:33:12.3490769Z     mixed_process_chaos_test.go:889: slow mixedsignal/mixed-06-0 operation worker=mixed-before name=invocation_read run_seq=107 delivery=8 index=0 kind= since_enabled=39.95686372s duration=1.238899ms lease_gate=0s lease_update=0s lease_update_attempted=false err=
mixed	Replay consecutive mixed workflow seeds	2026-10-01T03:33:12.3492803Z     mixed_process_chaos_test.go:889: slow mixedsignal/mixed-06-0 operation worker=mixed-before name=lease_release run_seq=107 delivery=8 index=0 kind= since_enabled=39.960265458s duration=1.145221ms lease_gate=0s lease_update=0s lease_update_attempted=false err=
mixed	Replay consecutive mixed workflow seeds	2026-10-01T03:33:12.3494794Z     mixed_process_chaos_test.go:889: slow mixedsignal/mixed-06-0 operation worker=mixed-after name=lease_acquire run_seq=108 delivery=8 index=0 kind= since_enabled=40.103999245s duration=2.581098ms lease_gate=0s lease_update=0s lease_update_attempted=false err=
mixed	Replay consecutive mixed workflow seeds	2026-10-01T03:33:12.3496776Z     mixed_process_chaos_test.go:889: slow mixedsignal/mixed-06-0 operation worker=mixed-after name=journal_read run_seq=108 delivery=8 index=0 kind= since_enabled=40.13467474s duration=30.67266ms lease_gate=0s lease_update=0s lease_update_attempted=false err=
mixed	Replay consecutive mixed workflow seeds	2026-10-01T03:33:12.3498938Z     mixed_process_chaos_test.go:889: slow mixedsignal/mixed-06-0 operation worker=mixed-after name=invocation_read run_seq=108 delivery=8 index=0 kind= since_enabled=40.135583898s duration=908.657µs lease_gate=0s lease_update=0s lease_update_attempted=false err=
mixed	Replay consecutive mixed workflow seeds	2026-10-01T03:33:12.3501346Z     mixed_process_chaos_test.go:889: slow mixedsignal/mixed-06-0 operation worker=mixed-after name=lease_release run_seq=108 delivery=8 index=0 kind= since_enabled=40.137652745s duration=552.619µs lease_gate=0s lease_update=0s lease_update_attempted=false err=
mixed	Replay consecutive mixed workflow seeds	2026-10-01T03:33:12.3503334Z     mixed_process_chaos_test.go:889: slow mixedsignal/mixed-06-0 operation worker=mixed-before name=lease_acquire run_seq=109 delivery=8 index=0 kind= since_enabled=40.434496487s duration=2.651763ms lease_gate=0s lease_update=0s lease_update_attempted=false err=
mixed	Replay consecutive mixed workflow seeds	2026-10-01T03:33:12.3505340Z     mixed_process_chaos_test.go:889: slow mixedsignal/mixed-06-0 operation worker=mixed-before name=journal_read run_seq=109 delivery=8 index=0 kind= since_enabled=40.459357223s duration=24.855376ms lease_gate=0s lease_update=0s lease_update_attempted=false err=
mixed	Replay consecutive mixed workflow seeds	2026-10-01T03:33:12.3507356Z     mixed_process_chaos_test.go:889: slow mixedsignal/mixed-06-0 operation worker=mixed-before name=invocation_read run_seq=109 delivery=8 index=0 kind= since_enabled=40.460535664s duration=1.17776ms lease_gate=0s lease_update=0s lease_update_attempted=false err=
mixed	Replay consecutive mixed workflow seeds	2026-10-01T03:33:12.3509343Z     mixed_process_chaos_test.go:889: slow mixedsignal/mixed-06-0 operation worker=mixed-before name=lease_release run_seq=109 delivery=8 index=0 kind= since_enabled=40.46359861s duration=1.13788ms lease_gate=0s lease_update=0s lease_update_attempted=false err=
mixed	Replay consecutive mixed workflow seeds	2026-10-01T03:33:12.3511793Z     mixed_process_chaos_test.go:889: slow mixedsignal/mixed-06-0 operation worker=mixed-after name=lease_acquire run_seq=110 delivery=8 index=0 kind= since_enabled=40.773784278s duration=1.594495ms lease_gate=0s lease_update=0s lease_update_attempted=false err=
mixed	Replay consecutive mixed workflow seeds	2026-10-01T03:33:12.3513810Z     mixed_process_chaos_test.go:889: slow mixedsignal/mixed-06-0 operation worker=mixed-after name=journal_read run_seq=110 delivery=8 index=0 kind= since_enabled=40.803574463s duration=29.786698ms lease_gate=0s lease_update=0s lease_update_attempted=false err=
mixed	Replay consecutive mixed workflow seeds	2026-10-01T03:33:12.3515810Z     mixed_process_chaos_test.go:889: slow mixedsignal/mixed-06-0 operation worker=mixed-after name=invocation_read run_seq=110 delivery=8 index=0 kind= since_enabled=40.804987717s duration=1.412423ms lease_gate=0s lease_update=0s lease_update_attempted=false err=
mixed	Replay consecutive mixed workflow seeds	2026-10-01T03:33:12.3517992Z     mixed_process_chaos_test.go:889: slow mixedsignal/mixed-06-0 operation worker=mixed-after name=lease_release run_seq=110 delivery=8 index=0 kind= since_enabled=40.809105842s duration=846.809µs lease_gate=0s lease_update=0s lease_update_attempted=false err=
mixed	Replay consecutive mixed workflow seeds	2026-10-01T03:33:12.3520094Z     mixed_process_chaos_test.go:889: slow mixedsignal/mixed-06-0 operation worker=mixed-before name=lease_acquire run_seq=111 delivery=8 index=0 kind= since_enabled=41.117798369s duration=3.4723ms lease_gate=0s lease_update=0s lease_update_attempted=false err=
mixed	Replay consecutive mixed workflow seeds	2026-10-01T03:33:12.3522463Z     mixed_process_chaos_test.go:889: slow mixedsignal/mixed-06-0 operation worker=mixed-before name=journal_read run_seq=111 delivery=8 index=0 kind= since_enabled=41.134054413s duration=16.249071ms lease_gate=0s lease_update=0s lease_update_attempted=false err=
mixed	Replay consecutive mixed workflow seeds	2026-10-01T03:33:12.3526138Z     mixed_process_chaos_test.go:889: slow mixedsignal/mixed-06-0 operation worker=mixed-before name=invocation_read run_seq=111 delivery=8 index=0 kind= since_enabled=41.134615977s duration=560.573µs lease_gate=0s lease_update=0s lease_update_attempted=false err=
mixed	Replay consecutive mixed workflow seeds	2026-10-01T03:33:12.3530491Z     mixed_process_chaos_test.go:889: slow mixedsignal/mixed-06-0 operation worker=mixed-before name=lease_release run_seq=111 delivery=8 index=0 kind= since_enabled=41.136775235s duration=752.244µs lease_gate=0s lease_update=0s lease_update_attempted=false err=
mixed	Replay consecutive mixed workflow seeds	2026-10-01T03:33:12.3533895Z     mixed_process_chaos_test.go:889: slow mixedsignal/mixed-06-0 operation worker=mixed-after name=lease_acquire run_seq=112 delivery=8 index=0 kind= since_enabled=41.206824409s duration=1.584389ms lease_gate=0s lease_update=0s lease_update_attempted=false err=
mixed	Replay consecutive mixed workflow seeds	2026-10-01T03:33:12.3537333Z     mixed_process_chaos_test.go:889: slow mixedsignal/mixed-06-0 operation worker=mixed-after name=journal_read run_seq=112 delivery=8 index=0 kind= since_enabled=41.230167601s duration=23.340338ms lease_gate=0s lease_update=0s lease_update_attempted=false err=
mixed	Replay consecutive mixed workflow seeds	2026-10-01T03:33:12.3541305Z     mixed_process_chaos_test.go:889: slow mixedsignal/mixed-06-0 operation worker=mixed-after name=invocation_read run_seq=112 delivery=8 index=0 kind= since_enabled=41.231182029s duration=1.013587ms lease_gate=0s lease_update=0s lease_update_attempted=false err=
mixed	Replay consecutive mixed workflow seeds	2026-10-01T03:33:12.3544455Z     mixed_process_chaos_test.go:889: slow mixedsignal/mixed-06-0 operation worker=mixed-after name=lease_release run_seq=112 delivery=8 index=0 kind= since_enabled=41.233370437s duration=555.562µs lease_gate=0s lease_update=0s lease_update_attempted=false err=
mixed	Replay consecutive mixed workflow seeds	2026-10-01T03:33:12.3546486Z     mixed_process_chaos_test.go:889: slow mixedsignal/mixed-06-0 operation worker=mixed-before name=lease_acquire run_seq=113 delivery=8 index=0 kind= since_enabled=41.458132859s duration=2.249415ms lease_gate=0s lease_update=0s lease_update_attempted=false err=
mixed	Replay consecutive mixed workflow seeds	2026-10-01T03:33:12.3548487Z     mixed_process_chaos_test.go:889: slow mixedsignal/mixed-06-0 operation worker=mixed-before name=journal_read run_seq=113 delivery=8 index=0 kind= since_enabled=41.475304484s duration=17.164522ms lease_gate=0s lease_update=0s lease_update_attempted=false err=
mixed	Replay consecutive mixed workflow seeds	2026-10-01T03:33:12.3551127Z     mixed_process_chaos_test.go:889: slow mixedsignal/mixed-06-0 operation worker=mixed-before name=invocation_read run_seq=113 delivery=8 index=0 kind= since_enabled=41.475840118s duration=534.913µs lease_gate=0s lease_update=0s lease_update_attempted=false err=
mixed	Replay consecutive mixed workflow seeds	2026-10-01T03:33:12.3553132Z     mixed_process_chaos_test.go:889: slow mixedsignal/mixed-06-0 operation worker=mixed-before name=lease_release run_seq=113 delivery=8 index=0 kind= since_enabled=41.47841636s duration=1.035727ms lease_gate=0s lease_update=0s lease_update_attempted=false err=
mixed	Replay consecutive mixed workflow seeds	2026-10-01T03:33:12.3555125Z     mixed_process_chaos_test.go:889: slow mixedsignal/mixed-06-0 operation worker=mixed-after name=lease_acquire run_seq=114 delivery=8 index=0 kind= since_enabled=41.718705713s duration=1.48938ms lease_gate=0s lease_update=0s lease_update_attempted=false err=
mixed	Replay consecutive mixed workflow seeds	2026-10-01T03:33:12.3557092Z     mixed_process_chaos_test.go:889: slow mixedsignal/mixed-06-0 operation worker=mixed-after name=journal_read run_seq=114 delivery=8 index=0 kind= since_enabled=41.741455833s duration=22.747115ms lease_gate=0s lease_update=0s lease_update_attempted=false err=
mixed	Replay consecutive mixed workflow seeds	2026-10-01T03:33:12.3559241Z     mixed_process_chaos_test.go:889: slow mixedsignal/mixed-06-0 operation worker=mixed-after name=invocation_read run_seq=114 delivery=8 index=0 kind= since_enabled=41.742328134s duration=871.76µs lease_gate=0s lease_update=0s lease_update_attempted=false err=
mixed	Replay consecutive mixed workflow seeds	2026-10-01T03:33:12.3561502Z     mixed_process_chaos_test.go:889: slow mixedsignal/mixed-06-0 operation worker=mixed-after name=lease_release run_seq=114 delivery=8 index=0 kind= since_enabled=41.744198797s duration=524.455µs lease_gate=0s lease_update=0s lease_update_attempted=false err=
mixed	Replay consecutive mixed workflow seeds	2026-10-01T03:33:12.3562962Z     mixed_process_chaos_test.go:906: slow mixedsignal/mixed-06-0 journal index=0 kind=Started worker=mixed-before since_enabled=-17.657368295s
mixed	Replay consecutive mixed workflow seeds	2026-10-01T03:33:12.3564084Z     mixed_process_chaos_test.go:906: slow mixedsignal/mixed-06-0 journal index=1 kind=StepRequested worker=mixed-before since_enabled=-17.651712332s
mixed	Replay consecutive mixed workflow seeds	2026-10-01T03:33:12.3565210Z     mixed_process_chaos_test.go:906: slow mixedsignal/mixed-06-0 journal index=2 kind=Suspended worker=mixed-before since_enabled=-17.647054644s
mixed	Replay consecutive mixed workflow seeds	2026-10-01T03:33:12.3566317Z     mixed_process_chaos_test.go:906: slow mixedsignal/mixed-06-0 journal index=3 kind=SignalConsumed worker=mixed-after since_enabled=1.540065799s
mixed	Replay consecutive mixed workflow seeds	2026-10-01T03:33:12.3567439Z     mixed_process_chaos_test.go:906: slow mixedsignal/mixed-06-0 journal index=4 kind=SignalConsumed worker=mixed-after since_enabled=2.388816511s
mixed	Replay consecutive mixed workflow seeds	2026-10-01T03:33:12.3568696Z     mixed_process_chaos_test.go:906: slow mixedsignal/mixed-06-0 journal index=5 kind=SignalConsumed worker=mixed-after since_enabled=3.283639745s
mixed	Replay consecutive mixed workflow seeds	2026-10-01T03:33:12.3569796Z     mixed_process_chaos_test.go:906: slow mixedsignal/mixed-06-0 journal index=6 kind=SignalConsumed worker=mixed-after since_enabled=4.521080866s
mixed	Replay consecutive mixed workflow seeds	2026-10-01T03:33:12.3571022Z     mixed_process_chaos_test.go:906: slow mixedsignal/mixed-06-0 journal index=7 kind=SignalConsumed worker=mixed-after since_enabled=5.971901197s
mixed	Replay consecutive mixed workflow seeds	2026-10-01T03:33:12.3572133Z     mixed_process_chaos_test.go:906: slow mixedsignal/mixed-06-0 journal index=8 kind=SignalConsumed worker=mixed-after since_enabled=7.339769428s
mixed	Replay consecutive mixed workflow seeds	2026-10-01T03:33:12.3573231Z     mixed_process_chaos_test.go:906: slow mixedsignal/mixed-06-0 journal index=9 kind=SignalConsumed worker=mixed-after since_enabled=8.796160142s
mixed	Replay consecutive mixed workflow seeds	2026-10-01T03:33:12.3574351Z     mixed_process_chaos_test.go:906: slow mixedsignal/mixed-06-0 journal index=10 kind=SignalConsumed worker=mixed-after since_enabled=10.101273547s
mixed	Replay consecutive mixed workflow seeds	2026-10-01T03:33:12.3575484Z     mixed_process_chaos_test.go:906: slow mixedsignal/mixed-06-0 journal index=11 kind=SignalConsumed worker=mixed-after since_enabled=11.384018721s
mixed	Replay consecutive mixed workflow seeds	2026-10-01T03:33:12.3576599Z     mixed_process_chaos_test.go:906: slow mixedsignal/mixed-06-0 journal index=12 kind=SignalConsumed worker=mixed-after since_enabled=12.567341252s
mixed	Replay consecutive mixed workflow seeds	2026-10-01T03:33:12.3577713Z     mixed_process_chaos_test.go:906: slow mixedsignal/mixed-06-0 journal index=13 kind=SignalConsumed worker=mixed-after since_enabled=13.841788571s
mixed	Replay consecutive mixed workflow seeds	2026-10-01T03:33:12.3578982Z     mixed_process_chaos_test.go:906: slow mixedsignal/mixed-06-0 journal index=14 kind=SignalConsumed worker=mixed-after since_enabled=15.05452864s
mixed	Replay consecutive mixed workflow seeds	2026-10-01T03:33:12.3580213Z     mixed_process_chaos_test.go:906: slow mixedsignal/mixed-06-0 journal index=15 kind=SignalConsumed worker=mixed-after since_enabled=16.461274357s
mixed	Replay consecutive mixed workflow seeds	2026-10-01T03:33:12.3581341Z     mixed_process_chaos_test.go:906: slow mixedsignal/mixed-06-0 journal index=16 kind=SignalConsumed worker=mixed-after since_enabled=18.00547603s
mixed	Replay consecutive mixed workflow seeds	2026-10-01T03:33:12.3582451Z     mixed_process_chaos_test.go:906: slow mixedsignal/mixed-06-0 journal index=17 kind=SignalConsumed worker=mixed-after since_enabled=19.448581569s
mixed	Replay consecutive mixed workflow seeds	2026-10-01T03:33:12.3583561Z     mixed_process_chaos_test.go:906: slow mixedsignal/mixed-06-0 journal index=18 kind=SignalConsumed worker=mixed-after since_enabled=20.739890761s
mixed	Replay consecutive mixed workflow seeds	2026-10-01T03:33:12.3584684Z     mixed_process_chaos_test.go:906: slow mixedsignal/mixed-06-0 journal index=19 kind=StepCompleted worker=mixed-after since_enabled=21.932871442s
mixed	Replay consecutive mixed workflow seeds	2026-10-01T03:33:12.3585797Z     mixed_process_chaos_test.go:906: slow mixedsignal/mixed-06-0 journal index=20 kind=StepRequested worker=mixed-after since_enabled=22.957112196s
mixed	Replay consecutive mixed workflow seeds	2026-10-01T03:33:12.3586898Z     mixed_process_chaos_test.go:906: slow mixedsignal/mixed-06-0 journal index=21 kind=StepCompleted worker=mixed-after since_enabled=23.726744927s
mixed	Replay consecutive mixed workflow seeds	2026-10-01T03:33:12.3587999Z     mixed_process_chaos_test.go:906: slow mixedsignal/mixed-06-0 journal index=22 kind=StepRequested worker=mixed-after since_enabled=24.511651261s
mixed	Replay consecutive mixed workflow seeds	2026-10-01T03:33:12.3589104Z     mixed_process_chaos_test.go:906: slow mixedsignal/mixed-06-0 journal index=23 kind=StepCompleted worker=mixed-after since_enabled=25.263339932s
mixed	Replay consecutive mixed workflow seeds	2026-10-01T03:33:12.3590330Z     mixed_process_chaos_test.go:906: slow mixedsignal/mixed-06-0 journal index=24 kind=StepRequested worker=mixed-after since_enabled=26.031538348s
mixed	Replay consecutive mixed workflow seeds	2026-10-01T03:33:12.3591454Z     mixed_process_chaos_test.go:906: slow mixedsignal/mixed-06-0 journal index=25 kind=StepCompleted worker=mixed-after since_enabled=26.714195076s
mixed	Replay consecutive mixed workflow seeds	2026-10-01T03:33:12.3592566Z     mixed_process_chaos_test.go:906: slow mixedsignal/mixed-06-0 journal index=26 kind=StepRequested worker=mixed-after since_enabled=27.399867659s
mixed	Replay consecutive mixed workflow seeds	2026-10-01T03:33:12.3593671Z     mixed_process_chaos_test.go:906: slow mixedsignal/mixed-06-0 journal index=27 kind=StepCompleted worker=mixed-after since_enabled=28.164434946s
mixed	Replay consecutive mixed workflow seeds	2026-10-01T03:33:12.3594911Z     mixed_process_chaos_test.go:906: slow mixedsignal/mixed-06-0 journal index=28 kind=StepRequested worker=mixed-after since_enabled=28.933828742s
mixed	Replay consecutive mixed workflow seeds	2026-10-01T03:33:12.3596018Z     mixed_process_chaos_test.go:906: slow mixedsignal/mixed-06-0 journal index=29 kind=StepCompleted worker=mixed-after since_enabled=29.707948301s
mixed	Replay consecutive mixed workflow seeds	2026-10-01T03:33:12.3597122Z     mixed_process_chaos_test.go:906: slow mixedsignal/mixed-06-0 journal index=30 kind=StepRequested worker=mixed-after since_enabled=30.475241791s
mixed	Replay consecutive mixed workflow seeds	2026-10-01T03:33:12.3598228Z     mixed_process_chaos_test.go:906: slow mixedsignal/mixed-06-0 journal index=31 kind=StepCompleted worker=mixed-after since_enabled=31.414335944s
mixed	Replay consecutive mixed workflow seeds	2026-10-01T03:33:12.3599338Z     mixed_process_chaos_test.go:906: slow mixedsignal/mixed-06-0 journal index=32 kind=StepRequested worker=mixed-after since_enabled=31.845469178s
mixed	Replay consecutive mixed workflow seeds	2026-10-01T03:33:12.3600640Z     mixed_process_chaos_test.go:906: slow mixedsignal/mixed-06-0 journal index=33 kind=StepCompleted worker=mixed-after since_enabled=32.186647237s
mixed	Replay consecutive mixed workflow seeds	2026-10-01T03:33:12.3601753Z     mixed_process_chaos_test.go:906: slow mixedsignal/mixed-06-0 journal index=34 kind=StepRequested worker=mixed-after since_enabled=32.526924896s
mixed	Replay consecutive mixed workflow seeds	2026-10-01T03:33:12.3602863Z     mixed_process_chaos_test.go:906: slow mixedsignal/mixed-06-0 journal index=35 kind=StepCompleted worker=mixed-after since_enabled=32.869374454s
mixed	Replay consecutive mixed workflow seeds	2026-10-01T03:33:12.3603969Z     mixed_process_chaos_test.go:906: slow mixedsignal/mixed-06-0 journal index=36 kind=StepRequested worker=mixed-after since_enabled=33.211157693s
mixed	Replay consecutive mixed workflow seeds	2026-10-01T03:33:12.3605199Z     mixed_process_chaos_test.go:906: slow mixedsignal/mixed-06-0 journal index=37 kind=StepCompleted worker=mixed-after since_enabled=33.551940559s
mixed	Replay consecutive mixed workflow seeds	2026-10-01T03:33:12.3606304Z     mixed_process_chaos_test.go:906: slow mixedsignal/mixed-06-0 journal index=38 kind=StepRequested worker=mixed-after since_enabled=33.893149517s
mixed	Replay consecutive mixed workflow seeds	2026-10-01T03:33:12.3607416Z     mixed_process_chaos_test.go:906: slow mixedsignal/mixed-06-0 journal index=39 kind=StepCompleted worker=mixed-after since_enabled=34.403258555s
mixed	Replay consecutive mixed workflow seeds	2026-10-01T03:33:12.3608515Z     mixed_process_chaos_test.go:906: slow mixedsignal/mixed-06-0 journal index=40 kind=StepRequested worker=mixed-after since_enabled=34.91554887s
mixed	Replay consecutive mixed workflow seeds	2026-10-01T03:33:12.3609621Z     mixed_process_chaos_test.go:906: slow mixedsignal/mixed-06-0 journal index=41 kind=StepCompleted worker=mixed-after since_enabled=35.598297786s
mixed	Replay consecutive mixed workflow seeds	2026-10-01T03:33:12.3610848Z     mixed_process_chaos_test.go:906: slow mixedsignal/mixed-06-0 journal index=42 kind=StepRequested worker=mixed-after since_enabled=36.366958698s
mixed	Replay consecutive mixed workflow seeds	2026-10-01T03:33:12.3611960Z     mixed_process_chaos_test.go:906: slow mixedsignal/mixed-06-0 journal index=43 kind=StepCompleted worker=mixed-after since_enabled=36.965006011s
mixed	Replay consecutive mixed workflow seeds	2026-10-01T03:33:12.3613071Z     mixed_process_chaos_test.go:906: slow mixedsignal/mixed-06-0 journal index=44 kind=StepRequested worker=mixed-after since_enabled=37.47697688s
mixed	Replay consecutive mixed workflow seeds	2026-10-01T03:33:12.3614181Z     mixed_process_chaos_test.go:906: slow mixedsignal/mixed-06-0 journal index=45 kind=StepCompleted worker=mixed-after since_enabled=37.90370289s
mixed	Replay consecutive mixed workflow seeds	2026-10-01T03:33:12.3615281Z     mixed_process_chaos_test.go:906: slow mixedsignal/mixed-06-0 journal index=46 kind=StepRequested worker=mixed-after since_enabled=38.245449281s
mixed	Replay consecutive mixed workflow seeds	2026-10-01T03:33:12.3616389Z     mixed_process_chaos_test.go:906: slow mixedsignal/mixed-06-0 journal index=47 kind=StepCompleted worker=mixed-after since_enabled=38.501317688s
mixed	Replay consecutive mixed workflow seeds	2026-10-01T03:33:12.3617499Z     mixed_process_chaos_test.go:906: slow mixedsignal/mixed-06-0 journal index=48 kind=StepRequested worker=mixed-after since_enabled=38.757079307s
mixed	Replay consecutive mixed workflow seeds	2026-10-01T03:33:12.3618602Z     mixed_process_chaos_test.go:906: slow mixedsignal/mixed-06-0 journal index=49 kind=StepCompleted worker=mixed-after since_enabled=39.013299653s
mixed	Replay consecutive mixed workflow seeds	2026-10-01T03:33:12.3619692Z     mixed_process_chaos_test.go:906: slow mixedsignal/mixed-06-0 journal index=50 kind=Completed worker=mixed-after since_enabled=39.354883169s
mixed	Replay consecutive mixed workflow seeds	2026-10-01T03:33:12.3620843Z     mixed_process_chaos_test.go:924: mixed terminal p99=40.573740256s, want <30s
mixed	Replay consecutive mixed workflow seeds	2026-10-01T03:33:13.9546903Z --- FAIL: TestMixedWorkflowsRecoverFromFourServerFaults (67.66s)
mixed	Replay consecutive mixed workflow seeds	2026-10-01T03:33:13.9547890Z FAIL
mixed	Replay consecutive mixed workflow seeds	2026-10-01T03:33:13.9563459Z FAIL	js-wf/integration	67.662s
mixed	Replay consecutive mixed workflow seeds	2026-10-01T03:33:13.9601551Z FAIL
mixed	Replay consecutive mixed workflow seeds	2026-10-01T03:33:13.9753858Z ##[error]Process completed with exit code 1.
